{"type": "FeatureCollection", "name": "agrest-ov-reductielocaties", "crs": {"type": "name", "properties": {"name": "EPSG:28992"}}, "features": [{"type": "Feature", "id": "53229", "properties": {"OBJECTID": "53229", "LOCATIEGROEP_ID": "nl.imow-pv26.gebiedengroep.003000000000000000000484", "SYMBOOL_CODE": "vsg028", "GROEP": "bedrijventerrein", "9e750651-8e97-4bc6-b09e-fc30b5f3e83c_id": "3924", "LOCATIE_ID": "nl.imow-pv26.gebied.003000000000000000000484e61334", "DOCUMENT_URL": "https://omgevingsbeleid.provincie-utrecht.nl/home?d=/akn/nl/act/pv26/2022/omgevingsverordening/nld@1089&o=", "NAAM": "Reductielocaties", "TYPE": "ruimtelijk gebruik", "LOCATIEGROEP_NAAM": "Reductielocaties", "LOCATIE_NAAM": null}, "geometry": {"type": "Polygon", "coordinates": [[[167535.90700000152, 450790.0540000014], [167535.92799999937, 450790.36499999836], [167535.53200000152, 450791.0309999995], [167537.75, 450833.5], [167554.9690000005, 450901.186999999], [167562.67700000107, 450923.20699999854], [167522.5249999985, 450935.118999999], [167500.5610000007, 450941.53500000015], [167466.07299999893, 450951.5859999992], [167436.21799999848, 450960.23099999875], [167407.75299999863, 450968.52899999917], [167373.44000000134, 450978.6499999985], [167342.87700000033, 450987.47100000083], [167312.75299999863, 450996.2589999996], [167287.3830000013, 451003.7490000017], [167234.87799999863, 451019.0780000016], [167208.3990000002, 451027.02800000086], [167180.95899999887, 451035.05999999866], [167148.87999999896, 451044.3299999982], [167081.0159999989, 451064.3280000016], [167045.47399999946, 451074.8289999999], [167000.563000001, 451087.9470000006], [166980.37200000137, 451093.868999999], [166930.78500000015, 451108.3579999991], [166902.07600000128, 451116.88800000027], [166864.9140000008, 451127.7890000008], [166836.14200000092, 451136.2589999996], [166798.5709999986, 451147.19999999925], [166767.22199999914, 451156.40900000185], [166756.63500000164, 451159.5009999983], [166748.42300000042, 451152.51900000125], [166742.15399999917, 451146.96499999985], [166739.7509999983, 451144.7829999998], [166738.62999999896, 451143.69299999997], [166738.22300000116, 451143.2969999984], [166735.85300000012, 451140.80700000003], [166732.69999999925, 451137.1339999996], [166730.19900000095, 451133.84899999946], [166728.3599999994, 451131.1810000017], [166726.61199999973, 451128.3779999986], [166726.49500000104, 451128.2329999991], [166725.6649999991, 451126.5549999997], [166725.12799999863, 451125.4620000012], [166723.4149999991, 451121.51199999824], [166722.23200000077, 451118.35500000045], [166721.05000000075, 451115.1979999989], [166720.4389999993, 451112.9679999985], [166718.79199999943, 451106.94900000095], [166717.9600000009, 451102.1479999982], [166717.57200000063, 451099.3599999994], [166717.1169999987, 451094.99599999934], [166715.8900000006, 451077.1490000002], [166715.80099999905, 451076.16699999943], [166715.688000001, 451075.0379999988], [166715.5150000006, 451073.51199999824], [166715.27199999988, 451071.5390000008], [166714.93499999866, 451069.37000000104], [166714.6259999983, 451067.54300000146], [166713.84200000018, 451063.5560000017], [166713.30700000003, 451061.2030000016], [166712.561999999, 451058.2950000018], [166711.60200000182, 451054.9690000005], [166710.92399999872, 451052.8370000012], [166709.70199999958, 451049.313000001], [166708.51300000027, 451046.19200000167], [166707.23600000143, 451043.13800000027], [166705.76300000027, 451039.8929999992], [166703.22800000012, 451034.8539999984], [166702.04199999943, 451032.6959999986], [166699.46499999985, 451028.67500000075], [166697.7740000002, 451026.1719999984], [166696.9219999984, 451024.9479999989], [166694.2100000009, 451021.1400000006], [166691.03799999878, 451016.98099999875], [166688.0009999983, 451013.2729999982], [166679.04800000042, 451002.3819999993], [166670.99399999902, 450994.03599999845], [166663.4759999998, 450985.88899999857], [166658.0789999999, 450979.868999999], [166651.86199999973, 450972.20699999854], [166646.311999999, 450963.6730000004], [166642.29800000042, 450954.87099999934], [166638.20899999887, 450940.6959999986], [166631.9059999995, 450903.7349999994], [166629.4600000009, 450887.74599999934], [166625.10200000182, 450862.5949999988], [166617.92799999937, 450824.13699999824], [166615.5469999984, 450811.4820000008], [166610.23699999973, 450784.3139999993], [166602.60599999875, 450750.375], [166531.7740000002, 450467.4770000018], [166572.3500000015, 450466.13899999857], [166604.86300000176, 450464.58900000155], [166632.0080000013, 450463.4840000011], [166662.23299999908, 450462.1860000007], [166694.6649999991, 450460.65300000086], [166717.58999999985, 450459.2829999998], [166736.53400000185, 450458.01399999857], [166754.7899999991, 450456.47399999946], [166769.28700000048, 450455.27800000086], [166791.58999999985, 450453.30099999905], [166815.71200000122, 450450.756000001], [166836.2659999989, 450448.3520000018], [166855.90900000185, 450445.84899999946], [166867.86800000072, 450444.3680000007], [166897.07600000128, 450440.02699999884], [166920.7740000002, 450436.1779999994], [166926.18200000003, 450435.10500000045], [166928.4290000014, 450434.90100000054], [167009.58999999985, 450419.23099999875], [167036.85700000077, 450412.90100000054], [167067.94000000134, 450405.28500000015], [167098.1330000013, 450397.66800000146], [167125.14699999988, 450390.8029999994], [167145.7490000017, 450384.9829999991], [167173.50699999928, 450376.95699999854], [167193.5799999982, 450370.8370000012], [167217.49599999934, 450363.0229999982], [167237.62099999934, 450356.2419999987], [167256.52600000054, 450349.68499999866], [167274.76999999955, 450343.02600000054], [167295.66099999845, 450335.25499999896], [167317.8759999983, 450326.8269999996], [167342.91699999943, 450316.8819999993], [167378.62099999934, 450302.6229999997], [167396.73200000077, 450340.1719999984], [167396.86199999973, 450340.44200000167], [167413.2419999987, 450374.4539999999], [167413.5460000001, 450375.08399999887], [167413.74500000104, 450375.4979999997], [167418.2199999988, 450384.7800000012], [167427.20199999958, 450403.41099999845], [167427.96599999815, 450404.99500000104], [167428.12700000033, 450405.3289999999], [167446.688000001, 450434.8759999983], [167446.76300000027, 450435.9549999982], [167449.01900000125, 450468.2250000015], [167452.76900000125, 450473.8979999982], [167496.38800000027, 450539.8979999982], [167514.84200000018, 450567.8350000009], [167521.6099999994, 450581.7190000005], [167523.90900000185, 450581.5610000007], [167524.01000000164, 450581.71499999985], [167543.95199999958, 450580.1970000006], [167544.05600000173, 450581.7740000002], [167544.5450000018, 450589.2129999995], [167544.80000000075, 450593.3110000007], [167545.09800000116, 450598.16699999943], [167545.57200000063, 450606.3839999996], [167546.96299999952, 450630.5159999989], [167548.13100000098, 450648.04199999943], [167548.31500000134, 450650.80999999866], [167548.46299999952, 450653.0320000015], [167549.94000000134, 450677.68400000036], [167550.85200000182, 450692.8979999982], [167551.01799999923, 450695.8139999993], [167556.54800000042, 450702.3220000006], [167556.561999999, 450702.49500000104], [167541.52899999917, 450703.5709999986], [167541.9389999993, 450723.04300000146], [167542.72300000116, 450760.27600000054], [167538.0799999982, 450777.80999999866], [167543.49399999902, 450777.1790000014], [167535.90700000152, 450790.0540000014]]]}}, {"type": "Feature", "id": "53230", "properties": {"OBJECTID": "53230", "LOCATIEGROEP_ID": "nl.imow-pv26.gebiedengroep.003000000000000000000484", "SYMBOOL_CODE": "vsg028", "GROEP": "bedrijventerrein", "9e750651-8e97-4bc6-b09e-fc30b5f3e83c_id": "3925", "LOCATIE_ID": "nl.imow-pv26.gebied.003000000000000000000484e61339", "DOCUMENT_URL": "https://omgevingsbeleid.provincie-utrecht.nl/home?d=/akn/nl/act/pv26/2022/omgevingsverordening/nld@1089&o=", "NAAM": "Reductielocaties", "TYPE": "ruimtelijk gebruik", "LOCATIEGROEP_NAAM": "Reductielocaties", "LOCATIE_NAAM": null}, "geometry": {"type": "Polygon", "coordinates": [[[135976.79300000146, 456417.25], [135968.06599999964, 456422.45600000024], [135964.87700000033, 456424.3590000011], [135961.98000000045, 456426.0870000012], [135956.4059999995, 456429.4129999988], [135931.94399999827, 456444.0089999996], [135926.67500000075, 456445.7950000018], [135921.73000000045, 456447.47199999914], [135904.68299999833, 456456.26399999857], [135903.5700000003, 456454.08399999887], [135901.61199999973, 456450.2520000003], [135898.30200000107, 456445.5379999988], [135897.12799999863, 456443.8660000004], [135893.98099999875, 456426.5069999993], [135902.48099999875, 456416.11400000006], [135910.98099999875, 456406.4290000014], [135921.33999999985, 456386.20600000024], [135921.0540000014, 456384.43499999866], [135919.95800000057, 456380.38599999994], [135917.65199999884, 456375.6420000009], [135915.49500000104, 456372.0020000003], [135912.79899999872, 456368.6319999993], [135880.17700000107, 456335.60599999875], [135872.77199999988, 456329.44999999925], [135869.36800000072, 456326.2820000015], [135866.11499999836, 456323.256000001], [135841.48299999908, 456295.9230000004], [135825.02800000086, 456280.13899999857], [135816.34699999914, 456272.27899999917], [135812.95100000128, 456269.69900000095], [135811.1719999984, 456268.3500000015], [135790.78500000015, 456249.9990000017], [135788.33900000155, 456247.7010000013], [135785.56799999997, 456245.0949999988], [135781.1550000012, 456241.3110000007], [135777.8350000009, 456238.55099999905], [135772.07600000128, 456233.7650000006], [135765.29300000146, 456228.125], [135759.23600000143, 456223.0879999995], [135755.30200000107, 456219.81799999997], [135748.54100000113, 456214.1959999986], [135735.0940000005, 456203.0170000009], [135726.62200000137, 456195.97399999946], [135719.85500000045, 456190.34899999946], [135716.7190000005, 456187.7419999987], [135698.69099999964, 456172.75400000066], [135643.94900000095, 456132.2809999995], [135620.8590000011, 456116.71400000155], [135617.49599999934, 456115.95800000057], [135615.76300000027, 456116.5769999996], [135612.98800000176, 456118.6770000011], [135610.1959999986, 456120.7879999988], [135603.88599999994, 456112.44099999964], [135552.68100000173, 456117.0689999983], [135551.24399999902, 456118.41600000113], [135551.61300000176, 456116.1070000008], [135551.5709999986, 456113.80900000036], [135551.47700000182, 456108.7490000017], [135552.22700000182, 456103.5639999993], [135552.97199999914, 456098.40300000086], [135551.23200000077, 456093.4840000011], [135550.80200000107, 456092.2679999992], [135549.60399999842, 456088.881000001], [135548.46299999952, 456085.65399999917], [135544.59200000018, 456082.4120000005], [135543.49500000104, 456080.4059999995], [135542.92399999872, 456078.83300000057], [135549.52800000086, 456078.1550000012], [135571.311999999, 456075.91800000146], [135589.2509999983, 456071.9140000008], [135592.23200000077, 456071.56500000134], [135616.13800000027, 456066.67599999905], [135618.56899999827, 456066.0549999997], [135622.77299999818, 456063.61199999973], [135625.06700000167, 456061.9600000009], [135625.89699999988, 456061.36199999973], [135629.5, 456055.51399999857], [135633.38199999928, 456040.13599999994], [135633.96200000122, 456037.8359999992], [135635.94099999964, 456030.0], [135636.1959999986, 456028.98800000176], [135640.98099999875, 456010.03500000015], [135643.50600000098, 456000.40300000086], [135644.59800000116, 455996.23800000176], [135646.1009999998, 455990.5069999993], [135641.31799999997, 455989.1739999987], [135636.78400000185, 455987.91000000015], [135637.35799999908, 455985.3509999998], [135638.0850000009, 455982.11400000006], [135638.8280000016, 455978.8049999997], [135639.92799999937, 455973.9079999998], [135640.6490000002, 455971.5399999991], [135641.37000000104, 455969.1710000001], [135647.4459999986, 455949.21400000155], [135648.66099999845, 455945.22199999914], [135658.60200000182, 455911.76000000164], [135660.61300000176, 455902.12900000066], [135661.14200000092, 455893.4510000013], [135660.46700000018, 455885.78400000185], [135659.83100000024, 455880.73000000045], [135660.4290000014, 455877.67599999905], [135661.08399999887, 455874.563000001], [135657.43200000003, 455866.94299999997], [135650.74599999934, 455854.54399999976], [135644.52100000158, 455845.8299999982], [135639.0700000003, 455838.47399999946], [135632.82600000128, 455833.7120000012], [135628.16899999976, 455831.96499999985], [135623.7800000012, 455830.2329999991], [135614.42599999905, 455826.1469999999], [135607.51099999994, 455820.2569999993], [135602.28700000048, 455817.6479999982], [135546.41200000048, 455790.0549999997], [135547.73699999973, 455789.05099999905], [135544.06700000167, 455783.01300000027], [135542.2749999985, 455780.06500000134], [135547.2809999995, 455779.7650000006], [135549.68400000036, 455777.55099999905], [135565.6959999986, 455760.9239999987], [135567.67700000107, 455757.69299999997], [135569.76199999824, 455754.118999999], [135572.65799999982, 455751.7580000013], [135576.38699999824, 455748.7179999985], [135578.05299999937, 455750.813000001], [135583.2250000015, 455745.3209999986], [135590.53799999878, 455737.55700000003], [135591.8359999992, 455736.1779999994], [135596.7190000005, 455730.9930000007], [135595.44799999893, 455730.10500000045], [135593.9140000008, 455729.0309999995], [135589.7199999988, 455725.8429999985], [135586.8500000015, 455723.6620000005], [135585.08199999854, 455722.3189999983], [135571.07400000095, 455711.6730000004], [135566.59200000018, 455708.6790000014], [135556.87299999967, 455702.1860000007], [135553.19099999964, 455699.7259999998], [135556.86899999902, 455693.9600000009], [135560.66000000015, 455688.0159999989], [135562.98000000045, 455684.37999999896], [135547.311999999, 455672.4759999998], [135508.05099999905, 455650.84699999914], [135436.20600000024, 455614.1400000006], [135426.55900000036, 455607.7890000008], [135412.82699999958, 455596.0009999983], [135402.48000000045, 455585.3189999983], [135393.23200000077, 455568.7659999989], [135388.35200000182, 455558.7199999988], [135374.24300000072, 455513.86199999973], [135373.74300000072, 455511.7109999992], [135372.4600000009, 455508.02800000086], [135369.1719999984, 455497.7670000009], [135367.91600000113, 455493.61199999973], [135365.21599999815, 455485.70600000024], [135361.58999999985, 455476.87900000066], [135340.3299999982, 455414.66800000146], [135334.57200000063, 455403.1339999996], [135330.72199999914, 455395.42599999905], [135313.6550000012, 455365.5210000016], [135308.18200000003, 455358.19900000095], [135299.78400000185, 455346.9629999995], [135254.61499999836, 455291.3900000006], [135245.7659999989, 455280.74599999934], [135238.20600000024, 455271.65199999884], [135233.43400000036, 455265.9129999988], [135232.26700000092, 455264.5089999996], [135229.67799999937, 455261.39499999955], [135228.0009999983, 455259.3779999986], [135225.90700000152, 455256.8590000011], [135200.6649999991, 455226.49599999934], [135205.50400000066, 455222.63899999857], [135240.65399999917, 455200.3929999992], [135278.80200000107, 455168.0379999988], [135282.6559999995, 455152.52699999884], [135281.19900000095, 455148.2989999987], [135280.42700000107, 455146.05900000036], [135279.40100000054, 455143.08100000024], [135227.1000000015, 455078.1220000014], [135225.1330000013, 455074.6779999994], [135222.15399999917, 455073.06599999964], [135219.07499999925, 455071.40100000054], [135219.51099999994, 455070.46599999815], [135224.03599999845, 455064.58100000024], [135237.39200000092, 455051.9279999994], [135247.58399999887, 455038.5729999989], [135253.8449999988, 455028.2809999995], [135254.18299999833, 455027.7250000015], [135255.4360000007, 455025.6640000008], [135257.8999999985, 455021.61400000006], [135260.41299999878, 455017.4840000011], [135277.35700000077, 454990.55000000075], [135279.25200000033, 454985.3779999986], [135281.01799999923, 454982.0379999988], [135317.9549999982, 454915.69299999997], [135384.41299999878, 454809.0480000004], [135385.9849999994, 454806.5249999985], [135387.04300000146, 454804.8280000016], [135392.73200000077, 454797.7809999995], [135401.57299999893, 454787.48900000006], [135402.53400000185, 454785.5639999993], [135402.80000000075, 454785.0309999995], [135405.02299999818, 454780.5760000013], [135443.09099999815, 454717.0929999985], [135445.67700000107, 454712.7800000012], [135446.30200000107, 454711.73699999973], [135447.45699999854, 454709.8110000007], [135451.82400000095, 454702.5300000012], [135468.99599999934, 454673.89400000125], [135473.71599999815, 454669.7329999991], [135477.78200000152, 454666.4789999984], [135486.72899999842, 454664.4450000003], [135493.66299999878, 454664.83100000024], [135500.8599999994, 454666.78400000185], [135503.22399999946, 454667.9670000002], [135508.1790000014, 454670.4450000003], [135515.9050000012, 454678.1739999987], [135624.07200000063, 454840.881000001], [135629.79899999872, 454855.1070000008], [135632.06599999964, 454858.2509999983], [135633.8049999997, 454860.8370000012], [135635.6959999986, 454863.3960000016], [135639.37700000033, 454868.41099999845], [135650.10599999875, 454877.1020000018], [135659.8669999987, 454888.5540000014], [135662.23000000045, 454891.3269999996], [135667.3509999998, 454897.82499999925], [135670.78200000152, 454902.9539999999], [135671.33700000122, 454903.52899999917], [135674.96599999815, 454907.29399999976], [135708.07699999958, 454946.8720000014], [135738.69700000063, 454987.813000001], [135746.85300000012, 454998.05900000036], [135753.6799999997, 455006.63699999824], [135760.8909999989, 455015.6970000006], [135770.92399999872, 455031.5159999989], [135774.55299999937, 455037.23699999973], [135798.12000000104, 455074.3969999999], [135817.98900000006, 455101.4629999995], [135828.3669999987, 455117.8260000013], [135833.62200000137, 455126.11100000143], [135857.2969999984, 455165.4910000004], [135863.8830000013, 455174.9059999995], [135867.36400000006, 455179.8900000006], [135866.0080000013, 455184.54199999943], [135861.0549999997, 455201.4759999998], [135859.9459999986, 455204.12099999934], [135889.65100000054, 455221.48900000006], [135890.6799999997, 455225.47199999914], [135896.79899999872, 455222.5489999987], [135916.20899999887, 455233.7580000013], [135918.70800000057, 455235.8139999993], [135927.02100000158, 455240.1009999998], [135930.81700000167, 455242.05900000036], [135950.9759999998, 455251.4530000016], [135957.51000000164, 455255.45800000057], [135964.6710000001, 455259.45600000024], [135987.56599999964, 455272.23699999973], [136018.7960000001, 455289.6719999984], [136024.5469999984, 455292.8819999993], [136028.22100000083, 455294.65900000185], [136114.25499999896, 455349.9149999991], [136120.34200000018, 455346.5179999992], [136126.10799999908, 455343.30000000075], [136130.6499999985, 455345.3720000014], [136134.30900000036, 455347.04100000113], [136316.24500000104, 455401.63899999857], [136321.35200000182, 455404.381000001], [136325.2109999992, 455406.4510000013], [136411.66000000015, 455454.0249999985], [136416.05200000107, 455456.44200000167], [136420.04199999943, 455458.63800000027], [136445.311999999, 455472.5450000018], [136447.23999999836, 455470.08300000057], [136449.75600000098, 455466.868999999], [136453.38500000164, 455460.33999999985], [136474.311999999, 455422.686999999], [136476.4459999986, 455418.84699999914], [136478.28500000015, 455414.88699999824], [136480.7250000015, 455409.63699999824], [136482.16699999943, 455410.3440000005], [136483.51799999923, 455410.27600000054], [136486.4609999992, 455410.12900000066], [136494.74700000137, 455414.96499999985], [136499.4840000011, 455417.9279999994], [136501.6649999991, 455419.2010000013], [136517.43100000173, 455426.5229999982], [136533.2800000012, 455431.5529999994], [136536.60399999842, 455433.48900000006], [136540.70199999958, 455435.8740000017], [136539.50400000066, 455442.5540000014], [136538.71799999848, 455446.9389999993], [136534.26000000164, 455449.3539999984], [136531.6889999993, 455451.46599999815], [136529.05900000036, 455453.6270000003], [136524.6009999998, 455457.8999999985], [136522.27800000086, 455461.243999999], [136485.74500000104, 455532.7980000004], [136482.1559999995, 455539.8269999996], [136478.9549999982, 455544.80900000036], [136476.69299999997, 455548.3299999982], [136445.95100000128, 455600.9210000001], [136427.54100000113, 455631.86100000143], [136424.22100000083, 455637.44099999964], [136420.82699999958, 455643.14400000125], [136405.33700000122, 455672.04399999976], [136402.83100000024, 455676.25499999896], [136374.2740000002, 455725.1240000017], [136371.8999999985, 455729.3999999985], [136370.16000000015, 455733.04399999976], [136367.00400000066, 455737.9310000017], [136364.938000001, 455736.688000001], [136364.6889999993, 455736.5379999988], [136362.19399999827, 455734.9829999991], [136324.2800000012, 455796.81700000167], [136332.7809999995, 455801.2589999996], [136363.0080000013, 455819.36199999973], [136349.84800000116, 455843.01999999955], [136373.2890000008, 455852.89400000125], [136398.875, 455863.5309999995], [136407.4210000001, 455863.2829999998], [136402.50299999863, 455870.06599999964], [136370.3590000011, 455907.0689999983], [136366.17399999872, 455914.4360000007], [136342.3990000002, 455957.8209999986], [136364.66699999943, 455971.36300000176], [136368.2659999989, 455986.9310000017], [136363.9140000008, 456000.1579999998], [136359.14200000092, 456005.5150000006], [136341.22899999842, 456046.5370000005], [136340.05799999833, 456054.0709999986], [136339.38800000027, 456080.5249999985], [136338.6339999996, 456085.8819999993], [136338.6339999996, 456106.30900000036], [136339.13599999994, 456110.8299999982], [136340.31799999997, 456116.83199999854], [136339.12000000104, 456123.54300000146], [136338.76300000027, 456125.54300000146], [136337.04399999976, 456133.9470000006], [136335.91200000048, 456139.22300000116], [136327.97100000083, 456138.7740000002], [136320.02899999917, 456138.32499999925], [136200.37700000033, 456126.15199999884], [136183.55900000036, 456121.6240000017], [136170.561999999, 456117.1339999996], [136167.73099999875, 456116.10599999875], [136165.0780000016, 456115.14400000125], [136149.61899999902, 456107.6490000002], [136126.5709999986, 456153.6739999987], [136125.73299999908, 456155.15900000185], [136124.39699999988, 456157.5249999985], [136120.99700000137, 456164.2039999999], [136114.74300000072, 456175.7710000016], [136114.00200000033, 456177.1409999989], [136112.49399999902, 456179.9310000017], [136111.37700000033, 456181.9979999997], [136107.3139999993, 456189.51199999824], [136104.5639999993, 456194.59800000116], [136086.46799999848, 456228.06799999997], [136084.53500000015, 456232.5159999989], [136080.2740000002, 456242.3220000006], [136079.60599999875, 456243.8590000011], [136076.39799999818, 456250.0], [136069.20699999854, 456263.7659999989], [136064.00499999896, 456283.9620000012], [136061.2650000006, 456294.82499999925], [136060.49399999902, 456310.16800000146], [136060.67300000042, 456316.3420000002], [136065.68200000003, 456322.78500000015], [136068.72899999842, 456324.19099999964], [136070.33399999887, 456324.93200000003], [136076.09099999815, 456325.7589999996], [136075.75499999896, 456328.1550000012], [136075.25699999928, 456331.7120000012], [136074.1959999986, 456337.506000001], [136069.4840000011, 456363.2410000004], [136068.7809999995, 456373.5560000017], [136068.7809999995, 456377.30700000003], [136064.23200000077, 456404.9690000005], [136063.63699999824, 456408.5859999992], [136062.62000000104, 456414.76900000125], [136061.7509999983, 456414.3350000009], [136058.3999999985, 456411.7569999993], [136054.9990000017, 456409.13899999857], [136046.3359999992, 456402.26000000164], [136046.75499999896, 456409.5520000011], [136041.14799999818, 456409.5520000011], [136038.7969999984, 456410.9990000017], [136034.9990000017, 456414.6160000004], [136034.9990000017, 456417.51000000164], [136035.98900000006, 456421.71599999815], [136032.2659999989, 456426.21599999815], [136028.9140000008, 456431.5709999986], [136026.60799999908, 456435.2589999996], [136014.6330000013, 456429.30799999833], [135982.07600000128, 456413.12900000066], [135976.79300000146, 456417.25]]]}}, {"type": "Feature", "id": "53231", "properties": {"OBJECTID": "53231", "LOCATIEGROEP_ID": "nl.imow-pv26.gebiedengroep.003000000000000000000484", "SYMBOOL_CODE": "vsg028", "GROEP": "bedrijventerrein", "9e750651-8e97-4bc6-b09e-fc30b5f3e83c_id": "3926", "LOCATIE_ID": "nl.imow-pv26.gebied.003000000000000000000484e61352", "DOCUMENT_URL": "https://omgevingsbeleid.provincie-utrecht.nl/home?d=/akn/nl/act/pv26/2022/omgevingsverordening/nld@1089&o=", "NAAM": "Reductielocaties", "TYPE": "ruimtelijk gebruik", "LOCATIEGROEP_NAAM": "Reductielocaties", "LOCATIE_NAAM": null}, "geometry": {"type": "Polygon", "coordinates": [[[154569.1099999994, 470752.6000000015], [154569.91000000015, 470756.33999999985], [154575.5859999992, 470795.38500000164], [154575.6640000008, 470796.37999999896], [154411.0080000013, 470824.30000000075], [154382.22300000116, 470828.94999999925], [154232.3999999985, 470853.73000000045], [154212.8359999992, 470856.936999999], [154185.81599999964, 470860.9459999986], [154109.04399999976, 470873.53599999845], [154079.77800000086, 470878.34699999914], [154017.9219999984, 470888.5300000012], [154000.0, 470891.3669999987], [153982.96400000155, 470894.063000001], [153913.14299999923, 470905.87900000066], [153890.8209999986, 470909.7729999982], [153883.50600000098, 470911.1030000001], [153880.15300000086, 470911.51199999824], [153862.06899999827, 470914.7870000005], [153851.60399999842, 470916.73000000045], [153843.375, 470918.3660000004], [153845.21400000155, 470926.49599999934], [153847.5639999993, 470937.3680000007], [153849.75699999928, 470946.9299999997], [153851.9549999982, 470956.67500000075], [153854.40799999982, 470968.66600000113], [153856.04399999976, 470977.3029999994], [153857.78500000015, 470988.7870000005], [153858.37099999934, 470992.78599999845], [153861.56899999827, 470993.5320000015], [153868.23600000143, 470994.5850000009], [153876.48299999908, 470995.90100000054], [153878.33100000024, 470996.5159999989], [153877.39600000158, 471000.0], [153871.82600000128, 471020.76099999994], [153862.69200000167, 471022.37000000104], [153862.81799999997, 471023.23600000143], [153855.88699999824, 471024.5549999997], [153856.20699999854, 471027.7419999987], [153830.563000001, 471038.59099999815], [153823.34600000083, 471039.6889999993], [153775.16099999845, 471047.0729999989], [153720.73900000006, 471055.09600000083], [153720.6550000012, 471054.6079999991], [153715.47899999842, 471024.75400000066], [153702.37000000104, 470948.69000000134], [153700.4699999988, 470944.8999999985], [153682.62999999896, 470835.5219999999], [153676.2199999988, 470825.1499999985], [153669.4200000018, 470793.19000000134], [153705.48999999836, 470786.73999999836], [153692.8599999994, 470725.62999999896], [153691.52800000086, 470716.7879999988], [153687.12900000066, 470690.4679999985], [153684.87900000066, 470678.4780000001], [153684.1649999991, 470675.4290000014], [153682.64699999988, 470661.4389999993], [153680.5159999989, 470650.41699999943], [153676.17799999937, 470624.38500000164], [153671.03200000152, 470593.9129999988], [153666.3289999999, 470566.7670000009], [153666.1160000004, 470564.92500000075], [153720.0, 470558.80000000075], [153753.20899999887, 470555.0249999985], [153753.23699999973, 470555.1479999982], [153753.2650000006, 470555.26999999955], [153753.29399999976, 470555.3929999992], [153753.32299999893, 470555.5150000006], [153753.35200000182, 470555.63800000027], [153753.38199999928, 470555.76000000164], [153753.41200000048, 470555.8819999993], [153753.44299999997, 470556.00400000066], [153753.47399999946, 470556.1259999983], [153753.50499999896, 470556.2479999997], [153753.53700000048, 470556.37000000104], [153753.56899999827, 470556.4910000004], [153753.6009999998, 470556.61300000176], [153753.6339999996, 470556.7340000011], [153753.66699999943, 470556.85599999875], [153753.70100000128, 470556.9770000018], [153753.7349999994, 470557.09800000116], [153753.76900000125, 470557.2190000005], [153753.8040000014, 470557.33999999985], [153753.83900000155, 470557.4609999992], [153753.8740000017, 470557.58199999854], [153753.91000000015, 470557.7019999996], [153753.9459999986, 470557.8229999989], [153753.98299999908, 470557.94299999997], [153754.01999999955, 470558.063000001], [153754.05700000003, 470558.18400000036], [153754.0949999988, 470558.3040000014], [153754.1330000013, 470558.4239999987], [153754.1710000001, 470558.54300000146], [153754.2100000009, 470558.6629999988], [153754.2490000017, 470558.7829999998], [153754.28799999878, 470558.90199999884], [153754.3280000016, 470559.0210000016], [153754.36899999902, 470559.1409999989], [153754.40900000185, 470559.26000000164], [153754.44999999925, 470559.37900000066], [153754.4910000004, 470559.4979999997], [153754.53299999982, 470559.6160000004], [153754.57499999925, 470559.7349999994], [153754.61800000072, 470559.8530000001], [153754.66099999845, 470559.97199999914], [153754.7039999999, 470560.08999999985], [153754.74700000137, 470560.20800000057], [153754.79100000113, 470560.3260000013], [153754.8350000009, 470560.44299999997], [153754.87999999896, 470560.5610000007], [153754.92500000075, 470560.6790000014], [153754.9699999988, 470560.7960000001], [153755.0159999989, 470560.9129999988], [153755.061999999, 470561.0300000012], [153755.1090000011, 470561.1469999999], [153755.1559999995, 470561.26399999857], [153755.2030000016, 470561.381000001], [153755.25, 470561.4970000014], [153755.29800000042, 470561.61300000176], [153755.34600000083, 470561.73000000045], [153755.39499999955, 470561.84600000083], [153755.44399999827, 470561.9620000012], [153755.49300000072, 470562.0769999996], [153755.54300000146, 470562.19299999997], [153755.59299999848, 470562.30799999833], [153755.64299999923, 470562.4239999987], [153755.69399999827, 470562.5390000008], [153755.74500000104, 470562.65399999917], [153755.7969999984, 470562.76900000125], [153755.84800000116, 470562.8830000013], [153755.90100000054, 470562.9979999997], [153755.9530000016, 470563.11199999973], [153756.00600000098, 470563.2259999998], [153756.05900000036, 470563.33999999985], [153756.11300000176, 470563.4539999999], [153756.16699999943, 470563.56799999997], [153756.22100000083, 470563.6810000017], [153756.27600000054, 470563.7950000018], [153756.33100000024, 470563.9079999998], [153756.38599999994, 470564.0210000016], [153756.44200000167, 470564.1339999996], [153756.49799999967, 470564.24599999934], [153756.5540000014, 470564.3590000011], [153756.61100000143, 470564.47100000083], [153756.66800000146, 470564.58300000057], [153756.7250000015, 470564.6950000003], [153756.78299999982, 470564.80700000003], [153756.84099999815, 470564.91899999976], [153756.8999999985, 470565.0300000012], [153756.95800000057, 470565.1409999989], [153757.01799999923, 470565.2520000003], [153757.07699999958, 470565.36300000176], [153757.13699999824, 470565.47399999946], [153757.19700000063, 470565.58399999887], [153757.25699999928, 470565.6950000003], [153757.31799999997, 470565.8049999997], [153757.37999999896, 470565.9149999991], [153757.44099999964, 470566.0240000002], [153757.50299999863, 470566.1339999996], [153757.56500000134, 470566.2430000007], [153757.62799999863, 470566.3530000001], [153757.69099999964, 470566.4620000012], [153757.75400000066, 470566.5700000003], [153757.81700000167, 470566.6790000014], [153757.88100000098, 470566.7870000005], [153757.9450000003, 470566.8960000016], [153758.01000000164, 470567.00400000066], [153758.07499999925, 470567.11100000143], [153758.1400000006, 470567.2190000005], [153758.20600000024, 470567.3260000013], [153758.27100000158, 470567.43400000036], [153758.33799999952, 470567.5399999991], [153758.40399999917, 470567.6469999999], [153758.47100000083, 470567.75400000066], [153758.53799999878, 470567.8599999994], [153758.60599999875, 470567.96599999815], [153758.67399999872, 470568.0720000006], [153758.7419999987, 470568.1779999994], [153758.80999999866, 470568.28400000185], [153758.87900000066, 470568.38899999857], [153758.94799999893, 470568.493999999], [153759.01799999923, 470568.59899999946], [153759.08799999952, 470568.7039999999], [153759.15799999982, 470568.80799999833], [153759.22800000012, 470568.9120000005], [153759.29899999872, 470569.0159999989], [153759.37000000104, 470569.12000000104], [153759.44200000167, 470569.22399999946], [153759.51300000027, 470569.3269999996], [153759.5850000009, 470569.4299999997], [153759.65799999982, 470569.5329999998], [153759.73000000045, 470569.63599999994], [153759.80299999937, 470569.73800000176], [153759.87700000033, 470569.84099999815], [153759.94999999925, 470569.94299999997], [153760.0240000002, 470570.04399999976], [153760.09899999946, 470570.1460000016], [153760.17300000042, 470570.2470000014], [153760.24799999967, 470570.34800000116], [153760.32299999893, 470570.44900000095], [153760.3990000002, 470570.55000000075], [153760.4750000015, 470570.6499999985], [153760.55099999905, 470570.75], [153760.62700000033, 470570.8500000015], [153760.7039999999, 470570.94999999925], [153760.7809999995, 470571.05000000075], [153760.85799999908, 470571.1490000002], [153760.9360000007, 470571.2479999997], [153761.01399999857, 470571.34600000083], [153761.09200000018, 470571.4450000003], [153761.1710000001, 470571.54300000146], [153761.25, 470571.6409999989], [153761.3289999999, 470571.73900000006], [153794.7800000012, 470566.0480000004], [153892.2109999992, 470549.0469999984], [153936.60700000077, 470541.49599999934], [153961.76300000027, 470537.1400000006], [154000.0, 470530.5179999992], [154085.38899999857, 470515.73099999875], [154181.28799999878, 470499.11100000143], [154244.7259999998, 470488.1169999987], [154256.40900000185, 470486.3440000005], [154271.6409999989, 470485.1279999986], [154274.72800000012, 470484.2250000015], [154278.98099999875, 470517.88899999857], [154285.4200000018, 470557.6079999991], [154287.1009999998, 470567.9780000001], [154289.2800000012, 470580.5850000009], [154293.22899999842, 470601.4219999984], [154297.22199999914, 470621.7650000006], [154301.4910000004, 470643.8289999999], [154302.98200000077, 470651.2520000003], [154304.6790000014, 470660.91899999976], [154316.14600000158, 470720.39400000125], [154559.00400000066, 470680.6950000003], [154569.1099999994, 470752.6000000015]]]}}, {"type": "Feature", "id": "53232", "properties": {"OBJECTID": "53232", "LOCATIEGROEP_ID": "nl.imow-pv26.gebiedengroep.003000000000000000000484", "SYMBOOL_CODE": "vsg028", "GROEP": "bedrijventerrein", "9e750651-8e97-4bc6-b09e-fc30b5f3e83c_id": "3927", "LOCATIE_ID": "nl.imow-pv26.gebied.003000000000000000000484e61345", "DOCUMENT_URL": "https://omgevingsbeleid.provincie-utrecht.nl/home?d=/akn/nl/act/pv26/2022/omgevingsverordening/nld@1089&o=", "NAAM": "Reductielocaties", "TYPE": "ruimtelijk gebruik", "LOCATIEGROEP_NAAM": "Reductielocaties", "LOCATIE_NAAM": null}, "geometry": {"type": "Polygon", "coordinates": [[[156923.2509999983, 461637.9829999991], [156921.84699999914, 461638.17500000075], [156912.87299999967, 461639.41699999943], [156908.15100000054, 461640.0069999993], [156897.01900000125, 461641.82400000095], [156893.13899999857, 461642.45699999854], [156885.7960000001, 461643.66899999976], [156879.9759999998, 461644.62900000066], [156878.31599999964, 461644.90300000086], [156875.01799999923, 461645.44999999925], [156871.9990000017, 461645.94999999925], [156870.0610000007, 461646.2679999992], [156868.98099999875, 461646.4510000013], [156859.05200000107, 461648.0720000006], [156851.34899999946, 461649.311999999], [156849.74700000137, 461649.5309999995], [156848.12999999896, 461649.53400000185], [156846.52699999884, 461649.3220000006], [156844.96599999815, 461648.8969999999], [156843.47700000182, 461648.2670000009], [156842.0850000009, 461647.4439999983], [156840.81500000134, 461646.44200000167], [156839.69099999964, 461645.2800000012], [156838.73200000077, 461643.9780000001], [156837.9549999982, 461642.55999999866], [156837.375, 461641.05000000075], [156835.2100000009, 461627.8660000004], [156833.9299999997, 461620.06799999997], [156831.78200000152, 461607.2259999998], [156830.45199999958, 461599.8229999989], [156830.4459999986, 461599.6970000006], [156830.09899999946, 461592.1039999984], [156830.05799999833, 461591.20800000057], [156830.6700000018, 461588.3289999999], [156829.9290000014, 461588.375], [156802.78700000048, 461590.06500000134], [156800.3110000007, 461590.2199999988], [156789.2650000006, 461590.9679999985], [156784.0610000007, 461559.71499999985], [156773.7809999995, 461498.1950000003], [156772.78599999845, 461492.2410000004], [156772.2039999999, 461492.27800000086], [156765.25, 461447.9970000014], [156788.80799999833, 461446.38899999857], [156848.9389999993, 461442.3729999997], [156883.46799999848, 461440.49599999934], [156944.91600000113, 461437.1550000012], [156982.52100000158, 461434.19000000134], [156985.85599999875, 461434.9310000017], [156990.6719999984, 461436.4140000008], [156996.0709999986, 461435.7430000007], [157000.76999999955, 461435.1579999998], [157000.10399999842, 461420.1979999989], [156999.96299999952, 461417.02800000086], [156999.79800000042, 461413.0870000012], [156999.688000001, 461410.46599999815], [156998.3660000004, 461373.37099999934], [156997.34099999815, 461316.5170000009], [156996.93499999866, 461303.66699999943], [156995.0, 461238.625], [156994.0249999985, 461177.0379999988], [156993.06500000134, 461120.98699999973], [156992.86300000176, 461111.5210000016], [157005.09699999914, 461110.30700000003], [157011.66800000146, 461110.77600000054], [157045.04800000042, 461107.8740000017], [157052.21599999815, 461107.2509999983], [157181.35799999908, 461102.7719999999], [157187.5940000005, 461132.31599999964], [157193.7250000015, 461163.5370000005], [157194.41699999943, 461167.061999999], [157195.74500000104, 461173.8260000013], [157201.08700000122, 461191.91800000146], [157204.7809999995, 461212.5879999995], [157206.5789999999, 461222.65100000054], [157207.6860000007, 461238.8929999992], [157214.7109999992, 461342.0020000003], [157213.66000000015, 461354.74599999934], [157213.62099999934, 461355.22100000083], [157212.82499999925, 461367.50499999896], [157213.53700000048, 461374.2580000013], [157213.57400000095, 461376.3660000004], [157213.62200000137, 461379.10500000045], [157213.92300000042, 461381.0], [157214.76999999955, 461400.47399999946], [157217.09800000116, 461440.0549999997], [157219.3200000003, 461477.65900000185], [157225.97100000083, 461606.52899999917], [157211.51099999994, 461610.19999999925], [157208.0700000003, 461611.0729999989], [157204.95899999887, 461611.86300000176], [157019.3900000006, 461625.811999999], [157019.39799999818, 461625.8500000015], [157020.02299999818, 461628.94200000167], [157015.26000000164, 461629.29100000113], [157007.29300000146, 461629.9219999984], [156999.32600000128, 461630.5520000011], [156991.67399999872, 461631.1620000005], [156984.02199999988, 461631.7719999999], [156975.88199999928, 461632.4270000011], [156967.7410000004, 461633.08199999854], [156961.14200000092, 461633.7199999988], [156953.9389999993, 461634.45899999887], [156938.6259999983, 461637.0390000008], [156924.85700000077, 461639.8779999986], [156924.65399999917, 461637.79199999943], [156923.2509999983, 461637.9829999991]]]}}, {"type": "Feature", "id": "53233", "properties": {"OBJECTID": "53233", "LOCATIEGROEP_ID": "nl.imow-pv26.gebiedengroep.003000000000000000000484", "SYMBOOL_CODE": "vsg028", "GROEP": "bedrijventerrein", "9e750651-8e97-4bc6-b09e-fc30b5f3e83c_id": "3928", "LOCATIE_ID": "nl.imow-pv26.gebied.003000000000000000000484e61351", "DOCUMENT_URL": "https://omgevingsbeleid.provincie-utrecht.nl/home?d=/akn/nl/act/pv26/2022/omgevingsverordening/nld@1089&o=", "NAAM": "Reductielocaties", "TYPE": "ruimtelijk gebruik", "LOCATIEGROEP_NAAM": "Reductielocaties", "LOCATIE_NAAM": null}, "geometry": {"type": "Polygon", "coordinates": [[[120987.98299999908, 469864.2470000014], [120979.86199999973, 469864.37900000066], [120877.89400000125, 469863.12999999896], [120877.90500000119, 469861.4919999987], [120829.99300000072, 469858.5529999994], [120809.5, 469857.3229999989], [120775.57899999991, 469856.7470000014], [120759.55000000075, 469857.1400000006], [120750.58199999854, 469858.11499999836], [120715.28400000185, 469856.9970000014], [120691.13500000164, 469856.04300000146], [120660.75499999896, 469852.6730000004], [120609.83300000057, 469848.188000001], [120503.3350000009, 469842.9910000004], [120459.41699999943, 469826.64400000125], [120414.18899999931, 469831.24500000104], [120379.74799999967, 469843.05000000075], [120361.33100000024, 469844.3900000006], [120337.32499999925, 469845.55099999905], [120312.6090000011, 469849.8040000014], [120307.88500000164, 469850.27899999917], [120253.91200000048, 469855.90300000086], [120187.10799999908, 469862.5949999988], [120153.09200000018, 469862.3979999982], [120100.44200000167, 469862.25], [120000.0, 469861.5219999999], [119871.06399999931, 469860.41000000015], [119836.75499999896, 469787.9510000013], [119808.10799999908, 469726.13800000027], [119783.04100000113, 469671.4310000017], [119775.72399999946, 469654.8579999991], [119750.00400000066, 469596.7199999988], [119746.30999999866, 469588.3350000009], [119737.48999999836, 469564.6860000007], [119724.80999999866, 469529.76000000164], [119713.38699999824, 469483.81500000134], [119701.44900000095, 469422.3929999992], [119697.83999999985, 469403.6939999983], [119692.2490000017, 469373.42599999905], [119691.58999999985, 469369.8029999994], [119689.97599999979, 469361.14400000125], [119675.76700000092, 469283.57499999925], [119666.03799999878, 469230.25], [119658.72800000012, 469189.8440000005], [119654.89900000021, 469169.83100000024], [119651.8350000009, 469153.9750000015], [119645.96499999985, 469123.43299999833], [119639.96499999985, 469103.4200000018], [119613.29300000146, 469014.9609999992], [119599.37299999967, 468967.80700000003], [119584.54199999943, 468907.4140000008], [119582.8759999983, 468862.125], [119582.91299999878, 468861.44200000167], [119582.4450000003, 468848.9600000009], [119582.16299999878, 468839.9219999984], [119610.92700000107, 468840.6220000014], [119612.2100000009, 468799.90300000086], [119613.41099999845, 468776.80099999905], [119614.87200000137, 468742.98000000045], [119638.90500000119, 468743.64499999955], [119639.02600000054, 468735.19999999925], [119662.35599999875, 468735.19999999925], [119662.32600000128, 468730.7329999991], [119662.61899999902, 468680.0729999989], [119662.95699999854, 468647.5689999983], [119663.01000000164, 468620.36400000006], [119663.30700000003, 468595.59899999946], [119663.5850000009, 468562.8570000008], [119663.42000000179, 468543.8680000007], [119671.18899999931, 468532.1229999997], [119682.75400000066, 468514.83300000057], [119692.7100000009, 468500.0], [119701.5859999992, 468487.2470000014], [119711.45899999887, 468472.97399999946], [119717.8040000014, 468463.5729999989], [119722.4059999995, 468458.94900000095], [119731.19000000134, 468449.4070000015], [119743.39900000021, 468436.62099999934], [119747.75600000098, 468431.8819999993], [119753.71499999985, 468425.2800000012], [119760.93800000101, 468417.2589999996], [119758.95899999887, 468415.69099999964], [119755.99399999902, 468413.8269999996], [119759.80799999833, 468409.4459999986], [119759.75, 468409.21499999985], [119760.69900000095, 468408.4699999988], [119760.97399999946, 468408.8209999986], [119765.01099999994, 468405.71499999985], [119770.42599999905, 468402.1950000003], [119777.17599999905, 468397.73699999973], [119785.60300000012, 468392.3370000012], [119799.96200000122, 468382.7989999987], [119812.54300000146, 468374.5799999982], [119816.99500000104, 468372.1770000011], [119820.5, 468370.6710000001], [119825.84899999946, 468368.73999999836], [119828.8209999986, 468367.9510000013], [119831.01900000125, 468366.9279999994], [119841.76799999923, 468361.6959999986], [119843.67000000179, 468361.09099999815], [119845.86899999902, 468360.3660000004], [119853.17399999872, 468356.9360000007], [119856.26300000027, 468355.5520000011], [119860.42300000042, 468354.1030000001], [119865.77199999988, 468352.2899999991], [119877.01000000164, 468349.6160000004], [119886.5859999992, 468348.0210000016], [119907.10500000045, 468344.2899999991], [119916.62000000104, 468342.27899999917], [119931.44000000134, 468341.73099999875], [119936.1640000008, 468341.5879999995], [119937.0150000006, 468341.8909999989], [119937.44900000095, 468342.68299999833], [119937.41699999943, 468342.8260000013], [119979.24599999934, 468341.97199999914], [119983.12799999863, 468341.90399999917], [119983.7650000006, 468341.4780000001], [119986.21499999985, 468340.7820000015], [119988.76199999824, 468340.73900000006], [120000.0, 468340.40199999884], [120030.74599999934, 468339.9690000005], [120068.31500000134, 468339.3779999986], [120106.71799999848, 468338.73099999875], [120140.83399999887, 468338.18200000003], [120162.38699999824, 468337.80999999866], [120166.07400000095, 468337.41099999845], [120166.61100000143, 468336.7670000009], [120168.70199999958, 468336.67599999905], [120169.47599999979, 468336.9510000013], [120199.30099999905, 468337.1559999995], [120230.25800000131, 468337.4849999994], [120265.80000000075, 468337.4200000018], [120307.47399999946, 468337.4439999983], [120337.23999999836, 468337.7670000009], [120372.06700000167, 468337.81700000167], [120403.44200000167, 468337.91000000015], [120438.68499999866, 468338.08100000024], [120475.95199999958, 468338.44099999964], [120478.15500000119, 468338.48699999973], [120480.67700000107, 468338.4979999997], [120493.39699999988, 468338.2280000001], [120502.98200000077, 468338.1229999997], [120505.70499999821, 468338.12099999934], [120515.66200000048, 468338.27699999884], [120536.61800000072, 468338.438000001], [120563.46599999815, 468338.80700000003], [120594.60099999979, 468339.13699999824], [120627.8209999986, 468339.1790000014], [120655.56500000134, 468338.8969999999], [120676.10500000045, 468338.8779999986], [120722.48099999875, 468339.1039999984], [120739.86400000006, 468339.2479999997], [120769.1099999994, 468338.94999999925], [120769.0009999983, 468342.6330000013], [120773.10099999979, 468342.6429999992], [120782.49599999934, 468342.6950000003], [120781.18800000101, 468345.05900000036], [120781.18800000101, 468646.3370000012], [120779.2349999994, 468664.2010000013], [120779.2349999994, 468712.83999999985], [120780.2109999992, 468723.21599999815], [120794.14299999923, 468750.33999999985], [120797.33700000122, 468763.35599999875], [120797.33700000122, 468777.0760000013], [120796.56399999931, 468810.29399999976], [120795.8200000003, 468830.0760000013], [120807.28500000015, 468830.7980000004], [120809.32800000161, 468831.43200000003], [120814.9600000009, 468835.7340000011], [120819.59899999946, 468842.42500000075], [120820.14699999988, 468847.01000000164], [120819.42000000179, 468871.6550000012], [120884.24599999934, 468872.2120000012], [120883.14900000021, 469000.0], [120882.26999999955, 469187.04199999943], [120881.46200000122, 469302.9690000005], [120880.93800000101, 469358.57499999925], [120990.64799999818, 469357.4050000012], [120987.98299999908, 469864.2470000014]]]}}, {"type": "Feature", "id": "53234", "properties": {"OBJECTID": "53234", "LOCATIEGROEP_ID": "nl.imow-pv26.gebiedengroep.003000000000000000000484", "SYMBOOL_CODE": "vsg028", "GROEP": "bedrijventerrein", "9e750651-8e97-4bc6-b09e-fc30b5f3e83c_id": "3929", "LOCATIE_ID": "nl.imow-pv26.gebied.003000000000000000000484e61336", "DOCUMENT_URL": "https://omgevingsbeleid.provincie-utrecht.nl/home?d=/akn/nl/act/pv26/2022/omgevingsverordening/nld@1089&o=", "NAAM": "Reductielocaties", "TYPE": "ruimtelijk gebruik", "LOCATIEGROEP_NAAM": "Reductielocaties", "LOCATIE_NAAM": null}, "geometry": {"type": "Polygon", "coordinates": [[[132989.63599999994, 454891.58199999854], [132971.84099999815, 454896.36300000176], [132955.29800000042, 454900.80700000003], [132954.45600000024, 454901.05099999905], [132953.24599999934, 454896.5940000005], [132951.18200000003, 454889.05900000036], [132942.59099999815, 454891.436999999], [132932.94000000134, 454894.09099999815], [132931.7259999998, 454890.30900000036], [132930.65900000185, 454887.0780000016], [132928.48999999836, 454880.50499999896], [132926.83399999887, 454875.48800000176], [132922.84099999815, 454863.38800000027], [132922.12700000033, 454861.1319999993], [132921.0540000014, 454857.7410000004], [132920.36499999836, 454855.5639999993], [132913.6490000002, 454834.33300000057], [132911.72300000116, 454828.2349999994], [132899.811999999, 454790.5229999982], [132799.6790000014, 454823.29199999943], [132799.19099999964, 454821.7289999984], [132793.67599999905, 454804.5610000007], [132792.06799999997, 454799.48900000006], [132785.30000000075, 454778.1469999999], [132782.22800000012, 454768.5610000007], [132779.3759999983, 454759.6579999998], [132772.63599999994, 454738.83199999854], [132768.96299999952, 454727.28400000185], [132756.8040000014, 454689.0529999994], [132751.1860000007, 454670.9690000005], [132748.46799999848, 454662.2749999985], [132745.05700000003, 454651.36199999973], [132741.5700000003, 454640.08199999854], [132736.5789999999, 454623.93299999833], [132727.38699999824, 454595.58900000155], [132723.61899999902, 454583.6810000017], [132722.3599999994, 454579.69999999925], [132718.19399999827, 454566.53400000185], [132707.98000000045, 454534.43200000003], [132699.60599999875, 454508.52600000054], [132696.74700000137, 454500.0949999988], [132696.71700000018, 454500.0], [132695.11300000176, 454494.94099999964], [132690.23600000143, 454479.563000001], [132686.9059999995, 454469.4780000001], [132685.72199999914, 454465.8920000009], [132685.65799999982, 454465.92500000075], [132684.95199999958, 454466.29100000113], [132684.24599999934, 454466.6559999995], [132683.76300000027, 454466.9050000012], [132683.5390000008, 454467.01999999955], [132683.44299999997, 454467.0689999983], [132682.83300000057, 454467.38500000164], [132682.1259999983, 454467.7490000017], [132681.41899999976, 454468.11400000006], [132680.71299999952, 454468.4770000018], [132680.00600000098, 454468.84099999815], [132679.29800000042, 454469.2049999982], [132678.59099999815, 454469.56799999997], [132677.8839999996, 454469.9310000017], [132677.17599999905, 454470.29399999976], [132676.4690000005, 454470.6559999995], [132675.76099999994, 454471.01900000125], [132675.05299999937, 454471.381000001], [132674.3449999988, 454471.7430000007], [132673.63699999824, 454472.1039999984], [132672.9290000014, 454472.46599999815], [132672.22100000083, 454472.8269999996], [132671.51300000027, 454473.188000001], [132670.8040000014, 454473.5480000004], [132670.0949999988, 454473.90900000185], [132669.38699999824, 454474.26900000125], [132668.67799999937, 454474.62900000066], [132667.9690000005, 454474.98900000006], [132667.26000000164, 454475.34899999946], [132666.55099999905, 454475.70800000057], [132665.84099999815, 454476.06700000167], [132665.13199999928, 454476.42599999905], [132664.4219999984, 454476.78500000015], [132663.71299999952, 454477.14400000125], [132663.00299999863, 454477.5020000003], [132662.29300000146, 454477.8599999994], [132661.58300000057, 454478.2179999985], [132660.87299999967, 454478.57499999925], [132660.16299999878, 454478.93299999833], [132659.45199999958, 454479.2899999991], [132658.7419999987, 454479.6469999999], [132658.0309999995, 454480.0029999986], [132657.3209999986, 454480.3599999994], [132656.6099999994, 454480.71599999815], [132655.8990000002, 454481.0720000006], [132655.188000001, 454481.4279999994], [132654.47700000182, 454481.7829999998], [132653.7659999989, 454482.13800000027], [132653.0540000014, 454482.4930000007], [132652.34299999848, 454482.84800000116], [132651.63100000098, 454483.2030000016], [132650.91899999976, 454483.55700000003], [132650.20800000057, 454483.9120000005], [132649.49599999934, 454484.2650000006], [132648.78400000185, 454484.618999999], [132648.0709999986, 454484.97300000116], [132647.3590000011, 454485.3260000013], [132646.64699999988, 454485.6790000014], [132645.93400000036, 454486.0320000015], [132645.22199999914, 454486.3839999996], [132644.5089999996, 454486.73699999973], [132643.7960000001, 454487.08900000155], [132643.08300000057, 454487.44099999964], [132642.37000000104, 454487.79199999943], [132641.65700000152, 454488.14400000125], [132640.94399999827, 454488.49500000104], [132640.23000000045, 454488.84600000083], [132639.51700000092, 454489.1970000006], [132638.80299999937, 454489.5469999984], [132638.08900000155, 454489.8979999982], [132637.3759999983, 454490.2479999997], [132636.66200000048, 454490.59699999914], [132635.94799999893, 454490.9470000006], [132635.23299999908, 454491.2960000001], [132634.51900000125, 454491.6460000016], [132633.8049999997, 454491.993999999], [132633.08999999985, 454492.3429999985], [132632.3759999983, 454492.69200000167], [132631.66099999845, 454493.0399999991], [132630.9459999986, 454493.38800000027], [132630.23099999875, 454493.73600000143], [132629.5159999989, 454494.08300000057], [132628.80099999905, 454494.4310000017], [132628.0859999992, 454494.77800000086], [132627.37000000104, 454495.125], [132626.6550000012, 454495.47100000083], [132625.9389999993, 454495.81799999997], [132625.22300000116, 454496.1640000008], [132624.50699999928, 454496.51000000164], [132623.79100000113, 454496.85500000045], [132623.07499999925, 454497.2010000013], [132622.3590000011, 454497.5460000001], [132621.64299999923, 454497.8909999989], [132620.92700000107, 454498.23600000143], [132620.2100000009, 454498.58100000024], [132619.49300000072, 454498.92500000075], [132618.77699999884, 454499.26900000125], [132618.05999999866, 454499.61300000176], [132617.34299999848, 454499.95699999854], [132616.6259999983, 454500.30000000075], [132615.90900000185, 454500.6429999992], [132615.19099999964, 454500.98600000143], [132614.47399999946, 454501.3289999999], [132613.75699999928, 454501.6719999984], [132613.0390000008, 454502.01399999857], [132612.3209999986, 454502.35599999875], [132611.60300000012, 454502.6979999989], [132610.88599999994, 454503.0390000008], [132610.16699999943, 454503.381000001], [132609.44900000095, 454503.72199999914], [132608.73099999875, 454504.063000001], [132608.01300000027, 454504.40399999917], [132607.29399999976, 454504.743999999], [132606.57600000128, 454505.08399999887], [132605.85700000077, 454505.4239999987], [132605.13800000027, 454505.76399999857], [132604.41899999976, 454506.1030000001], [132603.69999999925, 454506.44299999997], [132602.98099999875, 454506.7820000015], [132602.26199999824, 454507.12099999934], [132601.54300000146, 454507.45899999887], [132600.82299999893, 454507.7980000004], [132600.10399999842, 454508.13599999994], [132599.3839999996, 454508.47399999946], [132598.6640000008, 454508.811999999], [132597.94399999827, 454509.1490000002], [132597.22399999946, 454509.48600000143], [132596.50400000066, 454509.8229999989], [132595.78400000185, 454510.16000000015], [132595.0639999993, 454510.4970000014], [132594.34299999848, 454510.83300000057], [132593.62299999967, 454511.16899999976], [132592.90199999884, 454511.50499999896], [132592.18100000173, 454511.83999999985], [132591.4600000009, 454512.17599999905], [132590.73900000006, 454512.51099999994], [132590.01799999923, 454512.84600000083], [132589.2969999984, 454513.1810000017], [132588.57600000128, 454513.5150000006], [132587.85500000045, 454513.84899999946], [132587.1330000013, 454514.18299999833], [132586.41099999845, 454514.5170000009], [132585.69000000134, 454514.8509999998], [132584.96799999848, 454515.18400000036], [132584.24599999934, 454515.5170000009], [132583.5240000002, 454515.8500000015], [132574.25, 454520.1240000017], [132570.5940000005, 454521.80799999833], [132566.4149999991, 454509.33900000155], [132487.49799999967, 454535.02800000086], [132467.11400000006, 454541.6629999988], [132459.78799999878, 454544.0469999984], [132459.73900000006, 454543.9439999983], [132459.44299999997, 454543.31599999964], [132459.09699999914, 454542.5850000009], [132458.4549999982, 454541.2270000018], [132457.60399999842, 454539.4270000011], [132456.75400000066, 454537.6279999986], [132455.05299999937, 454534.0300000012], [132455.04300000146, 454534.006000001], [132455.03200000152, 454533.98099999875], [132455.02199999988, 454533.95699999854], [132453.40100000054, 454530.0370000005], [132452.05900000036, 454530.6030000001], [132422.86800000072, 454439.6240000017], [132327.58799999952, 454142.6739999987], [132272.5799999982, 453971.2340000011], [132263.85799999908, 453944.05099999905], [132237.98800000176, 453863.4239999987], [132183.5309999995, 453693.7019999996], [132179.11199999973, 453679.9290000014], [132170.2580000013, 453682.48999999836], [132168.66200000048, 453677.60500000045], [132150.0, 453620.5], [132127.4200000018, 453626.51999999955], [132126.53400000185, 453626.5009999983], [132123.0089999996, 453615.1700000018], [132113.54100000113, 453584.73699999973], [132113.04899999872, 453533.98999999836], [132113.02899999917, 453532.02800000086], [132113.02600000054, 453531.7129999995], [132141.26099999994, 453524.0309999995], [132140.8759999983, 453522.6240000017], [132141.23900000006, 453522.52899999917], [132160.76099999994, 453518.15100000054], [132174.23099999875, 453515.03599999845], [132187.70199999958, 453511.9219999984], [132196.6649999991, 453509.7670000009], [132202.9600000009, 453508.2170000002], [132208.09099999815, 453506.86400000006], [132210.82600000128, 453506.0799999982], [132243.67300000042, 453496.1799999997], [132295.68100000173, 453480.48099999875], [132314.84099999815, 453474.6810000017], [132331.70100000128, 453469.6009999998], [132348.5610000007, 453464.5210000016], [132351.34099999815, 453463.7109999992], [132353.47100000083, 453463.15100000054], [132363.3110000007, 453460.77600000054], [132373.15100000054, 453458.40100000054], [132375.8209999986, 453456.0210000016], [132377.3110000007, 453455.11100000143], [132393.3509999998, 453449.9910000004], [132452.54800000042, 453430.9789999984], [132480.3500000015, 453421.7010000013], [132500.0, 453414.95899999887], [132534.30799999833, 453403.0159999989], [132554.9910000004, 453395.6000000015], [132574.9360000007, 453388.2030000016], [132576.41200000048, 453387.56799999997], [132577.88899999857, 453386.93400000036], [132587.54399999976, 453383.47199999914], [132597.19999999925, 453380.01000000164], [132606.89200000092, 453376.7259999998], [132618.24399999902, 453372.9459999986], [132629.62099999934, 453369.2430000007], [132641.02299999818, 453365.61499999836], [132653.19999999925, 453361.87999999896], [132657.37000000104, 453360.6000000015], [132666.83399999887, 453357.71599999815], [132675.0949999988, 453355.2019999996], [132683.3669999987, 453352.7259999998], [132691.6400000006, 453350.25], [132696.08999999985, 453349.0], [132701.40799999982, 453347.45899999887], [132708.6799999997, 453345.37999999896], [132715.9530000016, 453343.30099999905], [132723.23600000143, 453341.26000000164], [132730.51999999955, 453339.2199999988], [132735.01000000164, 453338.01000000164], [132743.1099999994, 453335.8429999985], [132750.96700000018, 453333.81700000167], [132758.84299999848, 453331.8680000007], [132766.73800000176, 453329.99599999934], [132770.69000000134, 453329.0799999982], [132775.55000000075, 453328.0700000003], [132782.27699999884, 453326.743999999], [132787.40700000152, 453325.8280000016], [132792.55099999905, 453324.98999999836], [132795.12900000066, 453324.6099999994], [132797.70699999854, 453324.23099999875], [132800.2899999991, 453323.8909999989], [132802.8740000017, 453323.5520000011], [132805.46200000122, 453323.2520000003], [132808.05099999905, 453322.9519999996], [132810.64400000125, 453322.69099999964], [132813.23699999973, 453322.4310000017], [132815.83300000057, 453322.2100000009], [132818.4299999997, 453321.98999999836], [132823.0300000012, 453321.6499999985], [132826.64200000092, 453321.4389999993], [132829.2340000011, 453321.2950000018], [132831.82699999958, 453321.19000000134], [132834.4210000001, 453321.0859999992], [132837.0159999989, 453321.0210000016], [132839.61100000143, 453320.95600000024], [132842.20600000024, 453320.9310000017], [132844.80200000107, 453320.9070000015], [132847.39699999988, 453320.9219999984], [132849.99300000072, 453320.938000001], [132852.58700000122, 453320.9930000007], [132855.18200000003, 453321.0489999987], [132857.77600000054, 453321.14400000125], [132860.37000000104, 453321.23999999836], [132865.16000000015, 453321.44999999925], [132868.97300000116, 453321.7190000005], [132871.69799999893, 453321.91899999976], [132874.41899999976, 453322.1579999998], [132877.1409999989, 453322.3969999999], [132879.8590000011, 453322.67599999905], [132882.57699999958, 453322.9549999982], [132885.2899999991, 453323.2729999982], [132888.00400000066, 453323.5920000002], [132890.71200000122, 453323.94999999925], [132893.4210000001, 453324.30900000036], [132896.12299999967, 453324.70699999854], [132898.82600000128, 453325.10500000045], [132901.50499999896, 453325.5390000008], [132904.18400000036, 453325.97399999946], [132908.98000000045, 453326.8299999982], [132911.17599999905, 453327.26099999994], [132913.37299999967, 453327.69299999997], [132915.9690000005, 453328.23999999836], [132918.56599999964, 453328.7879999988], [132921.15399999917, 453329.3740000017], [132923.7419999987, 453329.9609999992], [132926.3200000003, 453330.5859999992], [132928.8990000002, 453331.2120000012], [132931.46799999848, 453331.8759999983], [132934.03700000048, 453332.54100000113], [132936.5949999988, 453333.243999999], [132939.15399999917, 453333.9470000006], [132941.70199999958, 453334.688000001], [132944.25, 453335.4299999997], [132948.37000000104, 453336.6400000006], [132953.16800000146, 453338.16099999845], [132956.45699999854, 453339.23999999836], [132959.74700000137, 453340.3200000003], [132963.02299999818, 453341.436999999], [132966.30000000075, 453342.5540000014], [132969.5639999993, 453343.70899999887], [132972.8280000016, 453344.86400000006], [132976.0780000016, 453346.05700000003], [132979.3280000016, 453347.25], [132982.5639999993, 453348.48000000045], [132985.80000000075, 453349.7100000009], [132990.12999999896, 453351.3599999994], [132995.99300000072, 453353.65399999917], [133000.0, 453355.23099999875], [133003.6240000017, 453356.6939999983], [133007.24799999967, 453358.1570000015], [133011.2259999998, 453359.8040000014], [133015.2039999999, 453361.4519999996], [133019.16699999943, 453363.13599999994], [133023.12999999896, 453364.8200000003], [133027.4600000009, 453366.6799999997], [133035.04399999976, 453369.9479999989], [133050.6000000015, 453376.91000000015], [133054.8299999982, 453378.8999999985], [133065.2800000012, 453383.83100000024], [133077.5799999982, 453389.9600000009], [133081.7100000009, 453392.1400000006], [133096.7650000006, 453400.0], [133170.1400000006, 453453.2829999998], [133216.4849999994, 453510.43400000036], [133223.80099999905, 453525.2349999994], [133227.30200000107, 453535.47300000116], [133228.80200000107, 453548.4780000001], [133230.30200000107, 453561.4829999991], [133233.2659999989, 453578.56700000167], [133236.23099999875, 453595.65100000054], [133237.03299999982, 453599.5689999983], [133238.78400000185, 453607.5720000006], [133240.17700000107, 453613.50400000066], [133242.4210000001, 453622.36300000176], [133245.6719999984, 453634.1079999991], [133248.30299999937, 453642.86100000143], [133249.23099999875, 453645.76199999824], [133253.0940000005, 453657.3189999983], [133257.08799999952, 453668.34800000116], [133265.22199999914, 453684.5170000009], [133273.35700000077, 453700.6860000007], [133283.60500000045, 453721.5639999993], [133293.85399999842, 453742.44200000167], [133305.2340000011, 453762.4270000011], [133313.46200000122, 453775.24599999934], [133314.61400000006, 453777.0399999991], [133317.2969999984, 453781.2250000015], [133319.95800000057, 453785.38800000027], [133322.59200000018, 453789.5309999995], [133325.1950000003, 453793.6570000015], [133327.76199999824, 453797.76999999955], [133330.29100000113, 453801.87000000104], [133332.77600000054, 453805.9600000009], [133335.21400000155, 453810.04199999943], [133337.60200000182, 453814.118999999], [133339.93400000036, 453818.19200000167], [133342.21499999985, 453822.27699999884], [133343.8669999987, 453825.3060000017], [133344.3990000002, 453826.2960000001], [133346.57699999958, 453830.4279999994], [133348.68200000003, 453834.5450000018], [133350.73600000143, 453838.6889999993], [133352.73699999973, 453842.8570000008], [133354.686999999, 453847.05099999905], [133356.58300000057, 453851.2679999992], [133358.42700000107, 453855.5089999996], [133360.21799999848, 453859.7729999982], [133361.9549999982, 453864.05799999833], [133363.63899999857, 453868.36499999836], [133365.26900000125, 453872.69299999997], [133366.85200000182, 453877.063000001], [133367.78700000048, 453879.7259999998], [133368.35599999875, 453881.37999999896], [133369.85300000012, 453885.8449999988], [133371.30799999833, 453890.3379999995], [133372.7419999987, 453894.8929999992], [133374.16099999845, 453899.5069999993], [133375.57200000063, 453904.1770000011], [133376.9840000011, 453908.90300000086], [133378.13500000164, 453912.77600000054], [133378.40700000152, 453913.6889999993], [133379.7419999987, 453918.1559999995], [133381.19299999997, 453923.0159999989], [133382.65300000086, 453927.8740000017], [133384.1000000015, 453932.686999999], [133385.5240000002, 453937.4759999998], [133386.93299999833, 453942.2659999989], [133388.3280000016, 453947.0610000007], [133389.70800000057, 453951.8579999991], [133391.07400000095, 453956.66000000015], [133392.42500000075, 453961.46499999985], [133393.76199999824, 453966.2729999982], [133395.0850000009, 453971.0859999992], [133396.39299999923, 453975.90199999884], [133397.686999999, 453980.72300000116], [133398.96700000018, 453985.5469999984], [133400.23299999908, 453990.3759999983], [133401.4840000011, 453995.2100000009], [133402.72199999914, 454000.0469999984], [133403.9450000003, 454004.8900000006], [133405.15399999917, 454009.73600000143], [133406.34899999946, 454014.5879999995], [133407.52899999917, 454019.4439999983], [133408.6959999986, 454024.3049999997], [133409.84600000083, 454029.16099999845], [133410.98800000176, 454034.0729999989], [133411.6950000003, 454037.0859999992], [133412.83700000122, 454041.9530000016], [133413.98000000045, 454046.8209999986], [133415.12200000137, 454051.6889999993], [133416.2650000006, 454056.55700000003], [133417.40700000152, 454061.4239999987], [133418.55000000075, 454066.29199999943], [133419.69200000167, 454071.16000000015], [133420.8350000009, 454076.02699999884], [133421.97700000182, 454080.89499999955], [133423.11899999902, 454085.76300000027], [133424.26199999824, 454090.631000001], [133425.40399999917, 454095.4979999997], [133426.5469999984, 454100.3660000004], [133427.6889999993, 454105.2340000011], [133428.12799999863, 454107.1020000018], [133428.23600000143, 454107.5639999993], [133428.83700000122, 454110.118999999], [133429.98800000176, 454115.006000001], [133431.14799999818, 454119.91000000015], [133432.30900000036, 454124.8040000014], [133433.4750000015, 454129.6979999989], [133434.64499999955, 454134.59099999815], [133435.81899999827, 454139.4829999991], [133436.99799999967, 454144.3740000017], [133438.1799999997, 454149.26399999857], [133439.3660000004, 454154.15300000086], [133440.55700000003, 454159.04100000113], [133441.7509999983, 454163.9279999994], [133442.94999999925, 454168.8139999993], [133444.15199999884, 454173.69900000095], [133445.3590000011, 454178.58300000057], [133446.5700000003, 454183.46599999815], [133447.78400000185, 454188.34800000116], [133449.00299999863, 454193.2289999984], [133450.2259999998, 454198.1090000011], [133451.4530000016, 454202.98800000176], [133452.68400000036, 454207.86499999836], [133453.91899999976, 454212.7419999987], [133455.15900000185, 454217.6180000007], [133456.40199999884, 454222.4930000007], [133457.6490000002, 454227.3669999987], [133458.8999999985, 454232.23699999973], [133459.54800000042, 454234.7529999986], [133460.15199999884, 454237.09699999914], [133461.3999999985, 454241.938000001], [133462.64699999988, 454246.7800000012], [133463.89499999955, 454251.6220000014], [133465.14299999923, 454256.46400000155], [133466.3909999989, 454261.3060000017], [133467.63899999857, 454266.1469999999], [133468.88699999824, 454270.98900000006], [133470.1339999996, 454275.83100000024], [133471.38199999928, 454280.6730000004], [133472.62999999896, 454285.5150000006], [133473.3350000009, 454288.19999999925], [133474.1009999998, 454291.22300000116], [133475.1090000011, 454295.2019999996], [133476.33700000122, 454300.0489999987], [133478.79199999943, 454309.7430000007], [133492.2340000011, 454362.81500000134], [133493.4530000016, 454367.62999999896], [133493.98800000176, 454369.7410000004], [133494.64299999923, 454372.4519999996], [133495.80200000107, 454377.2829999998], [133496.9530000016, 454382.11499999836], [133498.0949999988, 454386.94999999925], [133499.23000000045, 454391.78599999845], [133500.35700000077, 454396.625], [133501.4750000015, 454401.46499999985], [133502.58999999985, 454406.3260000013], [133503.6700000018, 454411.0309999995], [133504.6959999986, 454415.89499999955], [133505.54100000113, 454419.63599999994], [133505.82299999893, 454420.88500000164], [133506.90399999917, 454425.7019999996], [133507.97399999946, 454430.5150000006], [133509.03500000015, 454435.3299999982], [133510.08700000122, 454440.1460000016], [133511.12999999896, 454444.96400000155], [133512.1640000008, 454449.7829999998], [133513.1889999993, 454454.6039999984], [133514.2049999982, 454459.4270000011], [133515.21200000122, 454464.2509999983], [133516.2100000009, 454469.0769999996], [133517.19900000095, 454473.90399999917], [133518.1790000014, 454478.7329999991], [133519.1499999985, 454483.5639999993], [133520.11199999973, 454488.3960000016], [133521.06500000134, 454493.23000000045], [133522.0089999996, 454498.06500000134], [133522.94399999827, 454502.90100000054], [133523.87000000104, 454507.73900000006], [133524.78299999982, 454512.5560000017], [133525.24799999967, 454515.06700000167], [133526.188000001, 454520.0219999999], [133527.11899999902, 454524.93400000036], [133528.05099999905, 454529.84600000083], [133528.98299999908, 454534.7589999996], [133529.5450000018, 454537.72199999914], [133529.9140000008, 454539.66600000113], [133530.83799999952, 454544.55099999905], [133531.75, 454549.4079999998], [133532.64400000125, 454554.23600000143], [133533.5159999989, 454559.0370000005], [133534.3599999994, 454563.811999999], [133534.98299999908, 454567.4510000013], [133504.43200000003, 454575.313000001], [133504.3209999986, 454575.1259999983], [133503.67700000107, 454573.88699999824], [133503.10500000045, 454572.61300000176], [133502.60700000077, 454571.30799999833], [133502.18400000036, 454569.9770000018], [133500.0, 454562.47100000083], [133492.75600000098, 454537.53400000185], [133487.0159999989, 454517.8359999992], [133481.09299999848, 454497.1400000006], [133476.04100000113, 454479.29100000113], [133471.20600000024, 454463.42599999905], [133463.16699999943, 454442.4620000012], [133460.57499999925, 454435.65199999884], [133457.40100000054, 454423.80099999905], [133452.42799999937, 454404.94200000167], [133447.4299999997, 454386.0700000003], [133444.80600000173, 454376.1490000002], [133440.69399999827, 454348.15399999917], [133438.01300000027, 454337.9389999993], [133435.27299999818, 454327.58199999854], [133430.83900000155, 454310.75], [133430.50699999928, 454309.48999999836], [132912.34899999946, 454459.08300000057], [132928.7899999991, 454506.3509999998], [132937.7650000006, 454528.77800000086], [133025.7800000012, 454684.70699999854], [133014.51399999857, 454783.45699999854], [133021.12200000137, 454803.94200000167], [133025.05000000075, 454816.1429999992], [133028.91800000146, 454848.1499999985], [133031.81599999964, 454856.7580000013], [133015.86300000176, 454862.29100000113], [133008.79100000113, 454841.02600000054], [133000.0, 454844.07499999925], [132993.69000000134, 454846.26300000027], [132976.12299999967, 454852.35599999875], [132976.48699999973, 454853.43299999833], [132983.63500000164, 454874.563000001], [132985.47700000182, 454879.7879999988], [132987.09299999848, 454884.3720000014], [132989.63599999994, 454891.58199999854]]]}}, {"type": "Feature", "id": "53240", "properties": {"OBJECTID": "53240", "LOCATIEGROEP_ID": "nl.imow-pv26.gebiedengroep.003000000000000000000484", "SYMBOOL_CODE": "vsg028", "GROEP": "bedrijventerrein", "9e750651-8e97-4bc6-b09e-fc30b5f3e83c_id": "3930", "LOCATIE_ID": "nl.imow-pv26.gebied.003000000000000000000484e61338", "DOCUMENT_URL": "https://omgevingsbeleid.provincie-utrecht.nl/home?d=/akn/nl/act/pv26/2022/omgevingsverordening/nld@1089&o=", "NAAM": "Reductielocaties", "TYPE": "ruimtelijk gebruik", "LOCATIEGROEP_NAAM": "Reductielocaties", "LOCATIE_NAAM": null}, "geometry": {"type": "Polygon", "coordinates": [[[132453.40100000054, 454530.0370000005], [132455.02199999988, 454533.95699999854], [132455.01000000164, 454533.93200000003], [132454.9990000017, 454533.9079999998], [132454.98800000176, 454533.8839999996], [132454.97800000012, 454533.8590000011], [132454.96700000018, 454533.8350000009], [132454.95600000024, 454533.80999999866], [132454.9459999986, 454533.78599999845], [132454.93499999866, 454533.76099999994], [132454.92399999872, 454533.73699999973], [132454.91299999878, 454533.7129999995], [132454.90300000086, 454533.688000001], [132454.89200000092, 454533.6640000008], [132454.88100000098, 454533.63899999857], [132454.87099999934, 454533.61499999836], [132454.8599999994, 454533.58999999985], [132454.84899999946, 454533.56599999964], [132454.83900000155, 454533.54100000113], [132454.8280000016, 454533.5170000009], [132454.81799999997, 454533.4930000007], [132454.80700000003, 454533.4679999985], [132454.7960000001, 454533.4439999983], [132454.78599999845, 454533.41899999976], [132454.7749999985, 454533.39499999955], [132454.7650000006, 454533.37000000104], [132454.75400000066, 454533.34600000083], [132454.74300000072, 454533.3209999986], [132454.73299999908, 454533.2969999984], [132454.72199999914, 454533.2719999999], [132454.71200000122, 454533.2479999997], [132454.70100000128, 454533.22300000116], [132454.69099999964, 454533.19900000095], [132454.6799999997, 454533.1739999987], [132454.6700000018, 454533.1499999985], [132454.65900000185, 454533.125], [132454.6490000002, 454533.1009999998], [132454.63800000027, 454533.0760000013], [132454.62799999863, 454533.0520000011], [132454.6169999987, 454533.02699999884], [132454.60700000077, 454533.0029999986], [132454.59600000083, 454532.9780000001], [132454.5859999992, 454532.9539999999], [132454.57499999925, 454532.9290000014], [132454.56500000134, 454532.90399999917], [132454.5540000014, 454532.87999999896], [132454.54399999976, 454532.85500000045], [132454.53299999982, 454532.83100000024], [132454.52299999818, 454532.8060000017], [132454.51300000027, 454532.7820000015], [132454.50200000033, 454532.7569999993], [132454.4919999987, 454532.7329999991], [132454.48099999875, 454532.70800000057], [132454.47100000083, 454532.68400000036], [132454.4609999992, 454532.65900000185], [132454.44999999925, 454532.6339999996], [132454.44000000134, 454532.6099999994], [132454.4290000014, 454532.5850000009], [132454.41899999976, 454532.5610000007], [132454.40900000185, 454532.53599999845], [132454.39799999818, 454532.51099999994], [132454.38800000027, 454532.48699999973], [132454.37799999863, 454532.4620000012], [132454.3669999987, 454532.438000001], [132454.35700000077, 454532.4129999988], [132454.34699999914, 454532.38800000027], [132454.33700000122, 454532.36400000006], [132454.32600000128, 454532.33900000155], [132454.31599999964, 454532.31500000134], [132454.30600000173, 454532.2899999991], [132454.2950000018, 454532.2650000006], [132454.28500000015, 454532.2410000004], [132454.2749999985, 454532.21599999815], [132454.2650000006, 454532.19200000167], [132454.25400000066, 454532.16699999943], [132454.24399999902, 454532.1420000009], [132454.2340000011, 454532.1180000007], [132454.22399999946, 454532.0929999985], [132454.21400000155, 454532.06799999997], [132454.2030000016, 454532.04399999976], [132454.19299999997, 454532.01900000125], [132454.18299999833, 454531.993999999], [132454.17300000042, 454531.9699999988], [132454.16299999878, 454531.9450000003], [132454.15300000086, 454531.9200000018], [132454.14200000092, 454531.8960000016], [132454.13199999928, 454531.87099999934], [132454.12200000137, 454531.84600000083], [132454.11199999973, 454531.8220000006], [132454.10200000182, 454531.7969999984], [132454.09200000018, 454531.7719999999], [132454.08199999854, 454531.7479999997], [132454.0709999986, 454531.72300000116], [132454.0610000007, 454531.6979999989], [132454.05099999905, 454531.6739999987], [132454.04100000113, 454531.6490000002], [132454.0309999995, 454531.6240000017], [132454.02100000158, 454531.6000000015], [132454.01099999994, 454531.57499999925], [132454.0009999983, 454531.55000000075], [132453.9910000004, 454531.52600000054], [132453.98099999875, 454531.5009999983], [132453.97100000083, 454531.4759999998], [132453.9609999992, 454531.4510000013], [132453.95100000128, 454531.4270000011], [132453.94099999964, 454531.40199999884], [132453.93100000173, 454531.3770000003], [132453.9210000001, 454531.3530000001], [132453.91099999845, 454531.3280000016], [132453.90100000054, 454531.3029999994], [132453.8909999989, 454531.27800000086], [132453.88100000098, 454531.25400000066], [132453.87099999934, 454531.2289999984], [132453.86100000143, 454531.2039999999], [132453.8509999998, 454531.1790000014], [132453.84099999815, 454531.1550000012], [132453.83100000024, 454531.12999999896], [132453.8209999986, 454531.10500000045], [132453.8110000007, 454531.0799999982], [132453.80099999905, 454531.0560000017], [132453.79199999943, 454531.0309999995], [132453.78200000152, 454531.006000001], [132453.77199999988, 454530.98099999875], [132453.76199999824, 454530.95600000024], [132453.75200000033, 454530.93200000003], [132453.7419999987, 454530.9070000015], [132453.73200000077, 454530.8819999993], [132453.72199999914, 454530.8570000008], [132453.71299999952, 454530.83300000057], [132453.7030000016, 454530.80799999833], [132453.69299999997, 454530.7829999998], [132453.68299999833, 454530.7580000013], [132453.67300000042, 454530.7329999991], [132453.66299999878, 454530.70899999887], [132453.65399999917, 454530.68400000036], [132453.64400000125, 454530.65900000185], [132453.6339999996, 454530.6339999996], [132453.6240000017, 454530.6090000011], [132453.61499999836, 454530.58399999887], [132453.60500000045, 454530.55999999866], [132453.5949999988, 454530.53500000015], [132453.5850000009, 454530.51000000164], [132453.57600000128, 454530.4849999994], [132453.56599999964, 454530.4600000009], [132453.55600000173, 454530.4360000007], [132453.5460000001, 454530.41099999845], [132453.53700000048, 454530.38599999994], [132453.52699999884, 454530.36100000143], [132453.40100000054, 454530.0370000005]]]}}, {"type": "Feature", "id": "53236", "properties": {"OBJECTID": "53236", "LOCATIEGROEP_ID": "nl.imow-pv26.gebiedengroep.003000000000000000000484", "SYMBOOL_CODE": "vsg028", "GROEP": "bedrijventerrein", "9e750651-8e97-4bc6-b09e-fc30b5f3e83c_id": "3933", "LOCATIE_ID": "nl.imow-pv26.gebied.003000000000000000000484e61333", "DOCUMENT_URL": "https://omgevingsbeleid.provincie-utrecht.nl/home?d=/akn/nl/act/pv26/2022/omgevingsverordening/nld@1089&o=", "NAAM": "Reductielocaties", "TYPE": "ruimtelijk gebruik", "LOCATIEGROEP_NAAM": "Reductielocaties", "LOCATIE_NAAM": null}, "geometry": {"type": "Polygon", "coordinates": [[[166482.98600000143, 450354.66699999943], [166484.28700000048, 450358.9829999991], [166490.77100000158, 450383.53599999845], [166481.9699999988, 450397.2659999989], [166270.87700000033, 450440.01199999824], [166264.05700000003, 450441.34899999946], [166260.0780000016, 450441.7340000011], [166200.19999999925, 450446.75499999896], [166171.66699999943, 450448.93200000003], [166134.2580000013, 450451.78599999845], [166085.95899999887, 450454.4439999983], [166000.0, 450458.1950000003], [165949.50699999928, 450460.3979999982], [165813.16299999878, 450466.34699999914], [165520.26999999955, 450479.1279999986], [165496.65100000054, 450451.0210000016], [165487.09800000116, 450439.6739999987], [165460.33300000057, 450407.87999999896], [165446.38699999824, 450393.58399999887], [165434.35599999875, 450384.3960000016], [165418.8999999985, 450374.46599999815], [165406.38199999928, 450346.9129999988], [165402.15700000152, 450337.61400000006], [165365.2580000013, 450355.1469999999], [165306.16200000048, 450353.41800000146], [165271.58700000122, 450354.4670000002], [165247.01399999857, 450355.2120000012], [165206.83700000122, 450357.0170000009], [165187.87299999967, 450357.868999999], [165171.15900000185, 450360.38899999857], [165168.5240000002, 450360.78599999845], [165166.10700000077, 450359.0780000016], [165092.1559999995, 450306.8449999988], [165021.75699999928, 450256.75], [165008.6559999995, 450247.4270000011], [164969.23999999836, 450219.37999999896], [164953.88199999928, 450208.4210000001], [164935.0300000012, 450194.9699999988], [164934.4759999998, 450194.65900000185], [164909.77800000086, 450176.9820000008], [164913.7199999988, 450174.2349999994], [164920.66299999878, 450169.3969999999], [164907.35599999875, 450152.7650000006], [164898.3500000015, 450141.2120000012], [164894.94999999925, 450136.76000000164], [164989.2950000018, 450075.04300000146], [165044.75600000098, 450039.37000000104], [165247.17500000075, 449909.78500000015], [165299.2589999996, 449877.2820000015], [165315.83100000024, 449864.66600000113], [165322.93400000036, 449850.5529999994], [165326.7809999995, 449833.66000000015], [165324.9050000012, 449812.65399999917], [165348.0789999999, 449863.2250000015], [165432.70800000057, 449815.6000000015], [165447.15399999917, 449847.19900000095], [165463.94900000095, 449884.98600000143], [165474.56599999964, 449904.6409999989], [165482.67399999872, 449916.2679999992], [165493.87099999934, 449926.0949999988], [165502.94399999827, 449931.6319999993], [165517.22899999842, 449937.9990000017], [165530.93499999866, 449941.4600000009], [165540.20100000128, 449943.2589999996], [165551.78400000185, 449943.53599999845], [165567.80700000003, 449943.2589999996], [165588.26900000125, 449942.7049999982], [165605.8359999992, 449941.73600000143], [165619.9290000014, 449941.18299999833], [165627.26399999857, 449940.4910000004], [165633.8280000016, 449939.66000000015], [165639.811999999, 449937.9990000017], [165648.4990000017, 449935.368999999], [165659.30999999866, 449930.38599999994], [165671.47100000083, 449924.8500000015], [165695.40900000185, 449914.4690000005], [165709.88699999824, 449911.9770000018], [165721.66299999878, 449911.4230000004], [165733.4389999993, 449913.77600000054], [165747.14499999955, 449917.51399999857], [165761.81599999964, 449923.6039999984], [165771.85399999842, 449927.6180000007], [165780.54100000113, 449930.94000000134], [165788.84200000018, 449934.3999999985], [165796.37099999934, 449936.19999999925], [165802.16200000048, 449937.9990000017], [165810.84899999946, 449937.9990000017], [165827.64400000125, 449934.9539999999], [165840.96400000155, 449932.6009999998], [165858.14499999955, 449925.1270000003], [165872.6240000017, 449918.06700000167], [165881.69700000063, 449914.19200000167], [165907.37200000137, 449903.6719999984], [165951.19799999893, 449883.36300000176], [165975.68200000003, 449940.68400000036], [165992.70199999958, 449973.6559999995], [166017.11199999973, 450008.1889999993], [166025.69700000063, 450016.8909999989], [166064.07400000095, 450046.56599999964], [166096.68499999866, 450062.58300000057], [166110.14200000092, 450067.47199999914], [166144.54300000146, 450073.79399999976], [166326.04800000042, 450075.01199999824], [166343.91600000113, 450077.3579999991], [166371.54300000146, 450086.03500000015], [166394.44200000167, 450097.4820000008], [166390.94000000134, 450103.1710000001], [166389.45800000057, 450105.5789999999], [166386.86899999902, 450109.19900000095], [166385.73099999875, 450111.39400000125], [166386.28400000185, 450111.6790000014], [166391.40199999884, 450115.4230000004], [166395.38699999824, 450118.3379999995], [166401.28200000152, 450123.2479999997], [166408.95699999854, 450129.6739999987], [166414.77800000086, 450134.7509999983], [166425.9450000003, 450147.2820000015], [166435.2800000012, 450159.8900000006], [166439.33799999952, 450168.0089999996], [166444.1339999996, 450188.1649999991], [166471.3449999988, 450311.48800000176], [166473.34899999946, 450320.5700000003], [166475.10300000012, 450328.51900000125], [166482.98600000143, 450354.66699999943]]]}}, {"type": "Feature", "id": "53237", "properties": {"OBJECTID": "53237", "LOCATIEGROEP_ID": "nl.imow-pv26.gebiedengroep.003000000000000000000484", "SYMBOOL_CODE": "vsg028", "GROEP": "bedrijventerrein", "9e750651-8e97-4bc6-b09e-fc30b5f3e83c_id": "3934", "LOCATIE_ID": "nl.imow-pv26.gebied.003000000000000000000484e61329", "DOCUMENT_URL": "https://omgevingsbeleid.provincie-utrecht.nl/home?d=/akn/nl/act/pv26/2022/omgevingsverordening/nld@1089&o=", "NAAM": "Reductielocaties", "TYPE": "ruimtelijk gebruik", "LOCATIEGROEP_NAAM": "Reductielocaties", "LOCATIE_NAAM": null}, "geometry": {"type": "Polygon", "coordinates": [[[134859.97800000012, 448644.15399999917], [134866.93499999866, 448649.1959999986], [134870.0450000018, 448651.4510000013], [134873.79100000113, 448652.08999999985], [134890.84699999914, 448663.7010000013], [134906.61100000143, 448674.43200000003], [134910.19999999925, 448676.96400000155], [134913.08700000122, 448679.0009999983], [134932.60399999842, 448693.0760000013], [135000.0, 448741.8599999994], [135035.73800000176, 448768.62099999934], [135059.5, 448786.1799999997], [135065.3440000005, 448790.4979999997], [135067.7659999989, 448792.2879999988], [135075.3909999989, 448797.9230000004], [135082.41600000113, 448803.1700000018], [135086.69399999827, 448806.3660000004], [135088.875, 448807.99500000104], [135090.9750000015, 448809.5639999993], [135071.5799999982, 448823.42599999905], [135066.82400000095, 448826.82499999925], [135061.72899999842, 448830.4670000002], [135057.5249999985, 448833.47199999914], [135050.23000000045, 448838.6860000007], [135030.23600000143, 448855.2280000001], [135015.61800000072, 448870.03599999845], [135000.0, 448887.19900000095], [134996.44900000095, 448891.561999999], [134990.08700000122, 448899.3779999986], [134983.71499999985, 448907.1099999994], [134970.7890000008, 448922.79300000146], [134933.91699999943, 448967.5859999992], [134870.01300000027, 449045.2170000002], [134860.72800000012, 449056.6620000005], [134851.71799999848, 449067.93499999866], [134837.9919999987, 449085.3669999987], [134811.72300000116, 449120.69099999964], [134808.11499999836, 449126.5489999987], [134804.74799999967, 449132.0170000009], [134793.72800000012, 449149.9140000008], [134767.81799999997, 449199.3530000001], [134764.0850000009, 449206.4780000001], [134727.85500000045, 449279.0069999993], [134709.77100000158, 449317.4279999994], [134695.55999999866, 449347.62000000104], [134683.02800000086, 449371.8720000014], [134670.25600000098, 449387.0859999992], [134661.73999999836, 449394.0150000006], [134659.61199999973, 449392.9770000018], [134655.47399999946, 449387.0859999992], [134652.1000000015, 449380.006000001], [134641.37099999934, 449347.0850000009], [134639.16800000146, 449340.3260000013], [134638.69999999925, 449338.88899999857], [134638.38199999928, 449337.9129999988], [134631.74799999967, 449317.55999999866], [134627.35700000077, 449304.0870000012], [134623.27800000086, 449292.3520000018], [134622.05799999833, 449288.8440000005], [134620.03200000152, 449283.01399999857], [134615.62799999863, 449270.3449999988], [134591.98299999908, 449214.8209999986], [134589.25, 449208.91600000113], [134588.4750000015, 449207.23999999836], [134567.34800000116, 449161.5879999995], [134525.49399999902, 449074.8979999982], [134513.42799999937, 449051.4310000017], [134489.9059999995, 449005.68200000003], [134474.3740000017, 448973.51300000027], [134463.39600000158, 448950.77600000054], [134460.7100000009, 448945.688000001], [134458.1559999995, 448940.7659999989], [134449.95800000057, 448925.0450000018], [134446.88899999857, 448910.8999999985], [134446.2039999999, 448908.59899999946], [134445.75499999896, 448907.6790000014], [134423.87200000137, 448862.80700000003], [134420.49799999967, 448862.6559999995], [134416.68299999833, 448854.993999999], [134395.3500000015, 448812.1559999995], [134391.12000000104, 448803.65900000185], [134361.95199999958, 448745.08300000057], [134355.03799999878, 448731.1979999989], [134332.13100000098, 448686.26399999857], [134337.45699999854, 448684.11300000176], [134338.82400000095, 448683.5610000007], [134339.55999999866, 448683.3770000003], [134341.52100000158, 448682.6469999999], [134345.25299999863, 448681.2589999996], [134350.7410000004, 448679.52699999884], [134354.01700000092, 448678.4919999987], [134356.5300000012, 448677.69900000095], [134362.14600000158, 448675.92599999905], [134366.77699999884, 448674.46400000155], [134375.15100000054, 448671.8209999986], [134379.1160000004, 448670.7719999999], [134384.3209999986, 448669.3960000016], [134394.43100000173, 448667.19200000167], [134407.24599999934, 448663.88500000164], [134441.80900000036, 448651.5390000008], [134458.03200000152, 448645.5870000012], [134463.36499999836, 448644.13500000164], [134472.6099999994, 448641.6180000007], [134473.0799999982, 448641.83900000155], [134477.26300000027, 448640.2509999983], [134482.36800000072, 448638.311999999], [134540.67799999937, 448616.70699999854], [134553.84600000083, 448613.1790000014], [134558.313000001, 448612.73800000176], [134565.72800000012, 448612.34600000083], [134566.3759999983, 448612.311999999], [134567.5780000016, 448611.89499999955], [134568.68200000003, 448611.51199999824], [134573.1710000001, 448609.9549999982], [134582.04199999943, 448606.46599999815], [134590.75699999928, 448603.04100000113], [134596.8280000016, 448600.6719999984], [134628.90900000185, 448588.1570000015], [134632.4360000007, 448587.2749999985], [134635.2580000013, 448587.2749999985], [134637.94200000167, 448586.1629999988], [134640.84299999848, 448584.9600000009], [134641.78299999982, 448583.41800000146], [134707.38199999928, 448557.40399999917], [134713.49599999934, 448556.30099999905], [134719.6090000011, 448556.08100000024], [134726.77699999884, 448557.46499999985], [134727.60300000012, 448557.6240000017], [134733.62900000066, 448560.43200000003], [134733.98299999908, 448560.66699999943], [134751.3500000015, 448572.1739999987], [134783.6799999997, 448594.8819999993], [134795.4360000007, 448602.3770000003], [134810.4840000011, 448612.73900000006], [134852.1009999998, 448639.4140000008], [134859.97800000012, 448644.15399999917]]]}}, {"type": "Feature", "id": "53235", "properties": {"OBJECTID": "53235", "LOCATIEGROEP_ID": "nl.imow-pv26.gebiedengroep.003000000000000000000484", "SYMBOOL_CODE": "vsg028", "GROEP": "bedrijventerrein", "9e750651-8e97-4bc6-b09e-fc30b5f3e83c_id": "3932", "LOCATIE_ID": "nl.imow-pv26.gebied.003000000000000000000484e61341", "DOCUMENT_URL": "https://omgevingsbeleid.provincie-utrecht.nl/home?d=/akn/nl/act/pv26/2022/omgevingsverordening/nld@1089&o=", "NAAM": "Reductielocaties", "TYPE": "ruimtelijk gebruik", "LOCATIEGROEP_NAAM": "Reductielocaties", "LOCATIE_NAAM": null}, "geometry": {"type": "Polygon", "coordinates": [[[132950.00699999928, 456912.04199999943], [132931.26700000092, 456944.08399999887], [132916.71499999985, 456968.74500000104], [132898.0789999999, 457000.0], [132894.79800000042, 457005.5029999986], [132883.48900000006, 457023.91000000015], [132867.19299999997, 457049.68499999866], [132852.53500000015, 457070.44999999925], [132850.5390000008, 457073.2529999986], [132848.47899999842, 457076.0080000013], [132846.35500000045, 457078.71499999985], [132844.16899999976, 457081.37099999934], [132841.9210000001, 457083.9759999998], [132839.61400000006, 457086.52899999917], [132837.24799999967, 457089.02600000054], [132834.82499999925, 457091.4690000005], [132832.3449999988, 457093.8539999984], [132829.8110000007, 457096.1810000017], [132827.22300000116, 457098.4479999989], [132826.15399999917, 457099.3539999984], [132822.41699999943, 457102.15900000185], [132818.63199999928, 457104.8990000002], [132814.80099999905, 457107.57400000095], [132810.92500000075, 457110.18299999833], [132807.00400000066, 457112.7250000015], [132803.04100000113, 457115.19999999925], [132799.43299999833, 457117.3720000014], [132795.0850000009, 457119.70899999887], [132790.69900000095, 457121.9750000015], [132786.27699999884, 457124.16899999976], [132781.8200000003, 457126.29199999943], [132777.3299999982, 457128.3420000002], [132774.22899999842, 457129.70600000024], [132770.52100000158, 457131.36400000006], [132747.7960000001, 457140.48000000045], [132742.1009999998, 457142.5150000006], [132738.20800000057, 457143.8920000009], [132724.10700000077, 457148.94200000167], [132723.1000000015, 457149.29300000146], [132722.05299999937, 457149.66899999976], [132719.4549999982, 457150.6009999998], [132716.83100000024, 457151.45699999854], [132714.18299999833, 457152.23600000143], [132711.51399999857, 457152.9389999993], [132708.82499999925, 457153.5639999993], [132706.12000000104, 457154.11100000143], [132705.65199999884, 457154.1970000006], [132704.64499999955, 457154.41899999976], [132702.61400000006, 457154.78599999845], [132700.12099999934, 457155.2039999999], [132697.6649999991, 457155.53500000015], [132695.19999999925, 457155.78599999845], [132692.98000000045, 457155.9450000003], [132691.29300000146, 457155.9820000008], [132689.48900000006, 457155.938000001], [132684.17399999872, 457155.31700000167], [132683.97899999842, 457155.29300000146], [132682.72700000182, 457154.93400000036], [132681.4450000003, 457154.4770000018], [132680.36199999973, 457153.93499999866], [132679.5859999992, 457153.45699999854], [132678.85500000045, 457152.9129999988], [132678.50400000066, 457152.6490000002], [132677.63800000027, 457151.92599999905], [132676.82600000128, 457151.14400000125], [132676.0709999986, 457150.3060000017], [132675.37700000033, 457149.41699999943], [132674.74799999967, 457148.48099999875], [132674.186999999, 457147.5029999986], [132674.09299999848, 457147.3280000016], [132673.7650000006, 457146.6079999991], [132673.51099999994, 457145.8579999991], [132673.3350000009, 457145.0870000012], [132673.23699999973, 457144.3020000011], [132673.14299999923, 457143.4699999988], [132671.1490000002, 457123.96599999815], [132670.22800000012, 457114.9129999988], [132687.33700000122, 457113.11300000176], [132682.23000000045, 457061.98999999836], [132733.0540000014, 457056.91000000015], [132742.3830000013, 457055.5700000003], [132751.563000001, 457053.43200000003], [132760.5249999985, 457050.51300000027], [132769.20199999958, 457046.83399999887], [132777.5309999995, 457042.4219999984], [132785.44999999925, 457037.3110000007], [132792.8999999985, 457031.5370000005], [132799.82600000128, 457025.14400000125], [132806.17599999905, 457018.1799999997], [132811.90399999917, 457010.6950000003], [132816.96700000018, 457002.74500000104], [132821.3280000016, 456994.38899999857], [132831.73900000006, 456972.1570000015], [132679.79899999872, 456901.0089999996], [132666.27299999818, 456902.36100000143], [132661.37299999967, 456853.3570000008], [132660.49599999934, 456844.5940000005], [132659.11199999973, 456830.7470000014], [132658.96400000155, 456829.26999999955], [132657.61300000176, 456815.756000001], [132640.2800000012, 456818.13899999857], [132630.90300000086, 456819.4279999994], [132620.5159999989, 456820.85599999875], [132620.3590000011, 456819.67599999905], [132620.12299999967, 456818.51000000164], [132619.80900000036, 456817.36199999973], [132619.41800000146, 456816.23800000176], [132618.9530000016, 456815.1429999992], [132618.41600000113, 456814.08100000024], [132617.80799999833, 456813.05799999833], [132617.1330000013, 456812.0780000016], [132616.39400000125, 456811.14499999955], [132615.5940000005, 456810.26399999857], [132614.78599999845, 456809.4840000011], [132611.64299999923, 456807.2670000009], [132609.01900000125, 456805.41699999943], [132608.4990000017, 456805.05000000075], [132607.25699999928, 456804.30999999866], [132605.9759999998, 456803.63899999857], [132604.66000000015, 456803.0399999991], [132603.313000001, 456802.5159999989], [132601.9389999993, 456802.06599999964], [132600.54199999943, 456801.69299999997], [132599.12700000033, 456801.3979999982], [132597.69700000063, 456801.1810000017], [132596.72300000116, 456801.0879999995], [132596.2580000013, 456801.04399999976], [132595.53599999845, 456801.0159999989], [132594.8139999993, 456800.98699999973], [132593.36800000072, 456801.01000000164], [132591.92599999905, 456801.11199999973], [132590.88100000098, 456801.23699999973], [132590.21400000155, 456801.33100000024], [132561.9690000005, 456805.30099999905], [132541.29300000146, 456808.26399999857], [132520.6160000004, 456811.2270000018], [132513.10399999842, 456812.2890000008], [132500.0, 456814.1420000009], [132480.50699999928, 456816.8990000002], [132478.35300000012, 456817.21400000155], [132471.46400000155, 456818.2199999988], [132461.63199999928, 456819.63800000027], [132461.24599999934, 456819.69900000095], [132459.27800000086, 456820.0089999996], [132456.96299999952, 456820.57499999925], [132455.17799999937, 456821.1229999997], [132437.5540000014, 456827.01000000164], [132421.47100000083, 456831.4849999994], [132405.38699999824, 456835.95899999887], [132398.0300000012, 456837.2960000001], [132389.12200000137, 456839.0229999982], [132386.6550000012, 456839.36499999836], [132373.76999999955, 456840.99599999934], [132364.52800000086, 456842.08999999985], [132354.36199999973, 456843.27600000054], [132350.74300000072, 456807.631000001], [132359.7410000004, 456815.25499999896], [132360.0309999995, 456815.4629999995], [132361.49399999902, 456816.2569999993], [132363.02100000158, 456816.91699999943], [132364.6009999998, 456817.438000001], [132366.22199999914, 456817.81599999964], [132367.87000000104, 456818.0480000004], [132371.64400000125, 456818.3049999997], [132375.42300000042, 456818.4549999982], [132379.2049999982, 456818.49599999934], [132396.26000000164, 456816.44999999925], [132400.0610000007, 456816.1579999998], [132405.09699999914, 456815.58399999887], [132410.20100000128, 456814.7430000007], [132413.8359999992, 456814.00499999896], [132416.71599999815, 456813.3220000006], [132420.38100000098, 456812.32400000095], [132422.41699999943, 456811.72300000116], [132425.23299999908, 456810.80900000036], [132428.02299999818, 456809.8189999983], [132429.03200000152, 456809.4310000017], [132430.78599999845, 456808.75499999896], [132433.51900000125, 456807.6160000004], [132436.2199999988, 456806.40300000086], [132436.8040000014, 456806.12099999934], [132438.88699999824, 456805.1180000007], [132441.51799999923, 456803.76099999994], [132443.57600000128, 456802.63699999824], [132445.1339999996, 456801.2049999982], [132447.01300000027, 456799.4840000011], [132449.35799999908, 456797.33300000057], [132452.4699999988, 456794.4519999996], [132453.70600000024, 456793.311999999], [132458.0, 456789.2320000008], [132458.82200000063, 456788.42599999905], [132460.23200000077, 456787.0549999997], [132462.23800000176, 456785.0949999988], [132464.31700000167, 456783.0170000009], [132466.4200000018, 456780.90100000054], [132470.5450000018, 456776.65100000054], [132471.97700000182, 456775.13699999824], [132473.35200000182, 456773.68499999866], [132477.9450000003, 456768.8200000003], [132479.45100000128, 456767.2650000006], [132481.52800000086, 456765.19900000095], [132482.5309999995, 456764.2010000013], [132485.66600000113, 456761.1939999983], [132488.79100000113, 456758.3049999997], [132492.1000000015, 456755.35599999875], [132497.34699999914, 456750.90199999884], [132498.2580000013, 456750.5610000007], [132499.39600000158, 456750.0089999996], [132500.1790000014, 456749.5610000007], [132500.8909999989, 456749.1409999989], [132501.40100000054, 456748.70800000057], [132500.9609999992, 456747.9389999993], [132511.48099999875, 456740.60599999875], [132517.23800000176, 456736.8839999996], [132520.18100000173, 456735.125], [132523.1240000017, 456733.44999999925], [132529.2419999987, 456730.2670000009], [132532.3359999992, 456728.7899999991], [132538.62200000137, 456726.0549999997], [132545.02899999917, 456723.6160000004], [132551.54199999943, 456721.4780000001], [132565.76999999955, 456717.55000000075], [132583.3990000002, 456712.67599999905], [132597.08900000155, 456709.1030000001], [132610.12000000104, 456705.7320000008], [132611.91899999976, 456705.2659999989], [132618.8599999994, 456703.9459999986], [132629.54800000042, 456690.55099999905], [132637.4539999999, 456680.3020000011], [132648.94700000063, 456665.2960000001], [132658.46400000155, 456652.33900000155], [132665.19900000095, 456643.188000001], [132689.44700000063, 456608.41000000015], [132698.30900000036, 456594.8570000008], [132701.86899999902, 456589.4129999988], [132707.34299999848, 456580.84899999946], [132712.91299999878, 456572.01399999857], [132722.188000001, 456557.3020000011], [132737.30799999833, 456532.2170000002], [132749.01700000092, 456511.7879999988], [132761.60799999908, 456488.875], [132772.5159999989, 456468.26399999857], [132790.9459999986, 456431.131000001], [132804.01099999994, 456403.07400000095], [132812.14699999988, 456384.7950000018], [132817.28599999845, 456372.76099999994], [132820.37200000137, 456365.60500000045], [132833.71799999848, 456332.7950000018], [132843.85799999908, 456305.8209999986], [132854.98200000077, 456273.94299999997], [132861.6790000014, 456254.07499999925], [132870.98900000006, 456224.14400000125], [132877.50699999928, 456201.5549999997], [132881.61499999836, 456186.2479999997], [132866.9299999997, 456180.6039999984], [132723.2950000018, 456125.40100000054], [132733.6550000012, 456114.1339999996], [132748.75200000033, 456097.8500000015], [132754.67700000107, 456091.4600000009], [132784.03599999845, 456059.85599999875], [132788.70600000024, 456054.8440000005], [132792.3299999982, 456050.9059999995], [132798.41899999976, 456044.2879999988], [132799.32499999925, 456043.3040000014], [132804.08999999985, 456038.1240000017], [132808.62200000137, 456033.19900000095], [132822.313000001, 456018.3189999983], [132809.68299999833, 456012.29300000146], [132818.57299999893, 456002.68499999866], [132820.21299999952, 456003.4670000002], [132881.6169999987, 456032.76399999857], [132895.2740000002, 456039.2800000012], [132964.98800000176, 456072.54199999943], [132974.91600000113, 456077.27899999917], [132986.19799999893, 456082.6620000005], [133042.2490000017, 456109.4050000012], [133053.0789999999, 456114.5720000006], [133109.57699999958, 456141.52899999917], [133120.40799999982, 456146.6959999986], [133145.31500000134, 456158.5799999982], [133176.90399999917, 456173.65100000054], [133181.1240000017, 456164.8060000017], [133186.5390000008, 456167.3900000006], [133201.6099999994, 456135.80099999905], [133282.73900000006, 455965.76399999857], [133314.125, 455981.1279999986], [133345.51000000164, 455996.4930000007], [133354.49799999967, 456000.8929999992], [133385.50600000098, 455931.3429999985], [133405.4450000003, 455882.6279999986], [133418.41299999878, 455850.3299999982], [133420.3509999998, 455845.2580000013], [133443.72800000012, 455854.12099999934], [133454.51799999923, 455858.811999999], [133456.78700000048, 455859.2049999982], [133460.93100000173, 455848.2749999985], [133465.21700000018, 455836.8029999994], [133469.43499999866, 455825.3060000017], [133473.6009999998, 455813.76999999955], [133477.69999999925, 455802.2419999987], [133481.7419999987, 455790.6810000017], [133485.72300000116, 455779.09899999946], [133489.64799999818, 455767.48000000045], [133493.50400000066, 455755.868999999], [133497.3049999997, 455744.2270000018], [133501.04100000113, 455732.561999999], [133504.72700000182, 455720.86300000176], [133508.33999999985, 455709.17599999905], [133511.89799999818, 455697.45600000024], [133515.39299999923, 455685.7179999985], [133518.83100000024, 455673.9459999986], [133522.3049999997, 455661.8209999986], [133525.71799999848, 455649.66600000113], [133529.05999999866, 455637.4910000004], [133532.3449999988, 455625.2809999995], [133535.55700000003, 455613.0929999985], [133538.70600000024, 455600.8599999994], [133541.7890000008, 455588.6079999991], [133544.8110000007, 455576.33900000155], [133547.76199999824, 455564.0760000013], [133550.64400000125, 455551.7829999998], [133551.6099999994, 455547.5689999983], [133585.1959999986, 455551.45800000057], [133815.75299999863, 455578.15399999917], [133824.6640000008, 455579.1860000007], [133795.22199999914, 455855.8359999992], [133756.98200000077, 456197.9059999995], [133751.49399999902, 456250.38899999857], [133748.00299999863, 456283.7800000012], [133741.9360000007, 456333.2659999989], [133728.25499999896, 456452.0529999994], [133726.50200000033, 456456.73000000045], [133720.90199999884, 456462.8539999984], [133720.54300000146, 456470.68499999866], [133720.3200000003, 456475.5610000007], [133724.75600000098, 456479.11499999836], [133725.6339999996, 456482.04199999943], [133720.4219999984, 456520.84899999946], [133718.59699999914, 456534.43499999866], [133710.46400000155, 456595.0], [133708.07200000063, 456613.0540000014], [133706.63599999994, 456643.54399999976], [133706.6099999994, 456644.0870000012], [133706.85300000012, 456646.78400000185], [133707.18499999866, 456650.45800000057], [133707.47899999842, 456653.7179999985], [133707.64600000158, 456655.56700000167], [133707.8110000007, 456657.39400000125], [133708.01799999923, 456659.6889999993], [133708.40100000054, 456663.92599999905], [133708.813000001, 456668.4910000004], [133710.3280000016, 456690.756000001], [133706.86100000143, 456696.3839999996], [133700.2039999999, 456697.2580000013], [133694.60500000045, 456697.993999999], [133694.25, 456702.3999999985], [133684.53400000185, 456703.7280000001], [133683.18400000036, 456703.881000001], [133681.5159999989, 456704.1039999984], [133663.75299999863, 456706.4770000018], [133661.95800000057, 456706.7170000002], [133637.42500000075, 456709.99500000104], [133563.2199999988, 456719.9079999998], [133519.66099999845, 456723.6700000018], [133414.14400000125, 456734.33399999887], [133301.05799999833, 456742.7670000009], [133267.65199999884, 456746.993999999], [133247.60200000182, 456749.4299999997], [133244.96799999848, 456749.7659999989], [133243.14600000158, 456749.9979999997], [133241.99599999934, 456750.15199999884], [133240.1959999986, 456750.34899999946], [133239.6240000017, 456750.4200000018], [133236.79100000113, 456750.7719999999], [133234.52800000086, 456751.0789999999], [133232.4919999987, 456751.35599999875], [133231.6799999997, 456751.45899999887], [133225.2250000015, 456752.2820000015], [133202.29100000113, 456755.2049999982], [133204.93200000003, 456749.5379999988], [133192.08999999985, 456751.1579999998], [133185.58999999985, 456752.00400000066], [133183.89499999955, 456752.22300000116], [133181.01799999923, 456752.59800000116], [133177.76300000027, 456753.0210000016], [133169.1009999998, 456754.1469999999], [133168.60799999908, 456754.2109999992], [133159.4389999993, 456755.40199999884], [133151.9690000005, 456756.3729999997], [133144.86100000143, 456757.2969999984], [133135.80000000075, 456758.1479999982], [133135.3280000016, 456758.19200000167], [133126.7490000017, 456758.9970000014], [133119.70800000057, 456759.55999999866], [133112.94099999964, 456760.29399999976], [133103.2749999985, 456761.2019999996], [133094.14299999923, 456762.05900000036], [133091.1400000006, 456762.34099999815], [133080.58799999952, 456763.3449999988], [133078.86199999973, 456763.51099999994], [133070.3590000011, 456764.3299999982], [133067.25, 456764.6330000013], [133056.00400000066, 456765.73000000045], [133049.20100000128, 456766.39400000125], [133047.1169999987, 456766.58300000057], [133042.17599999905, 456767.0529999994], [133037.39799999818, 456767.5329999998], [133032.20699999854, 456768.0480000004], [133026.2490000017, 456768.63599999994], [133008.2740000002, 456807.8720000014], [133006.96299999952, 456810.35599999875], [133002.5, 456818.80900000036], [133000.0, 456823.54399999976], [132999.1339999996, 456825.18499999866], [132998.84600000083, 456825.73000000045], [132994.6950000003, 456833.4549999982], [132992.50499999896, 456837.44099999964], [132990.47300000116, 456841.1409999989], [132986.79399999976, 456847.70800000057], [132982.58999999985, 456855.0309999995], [132974.07600000128, 456870.0529999994], [132962.58300000057, 456890.2969999984], [132950.00699999928, 456912.04199999943]]]}}, {"type": "Feature", "id": "53238", "properties": {"OBJECTID": "53238", "LOCATIEGROEP_ID": "nl.imow-pv26.gebiedengroep.003000000000000000000484", "SYMBOOL_CODE": "vsg028", "GROEP": "bedrijventerrein", "9e750651-8e97-4bc6-b09e-fc30b5f3e83c_id": "3935", "LOCATIE_ID": "nl.imow-pv26.gebied.003000000000000000000484e61350", "DOCUMENT_URL": "https://omgevingsbeleid.provincie-utrecht.nl/home?d=/akn/nl/act/pv26/2022/omgevingsverordening/nld@1089&o=", "NAAM": "Reductielocaties", "TYPE": "ruimtelijk gebruik", "LOCATIEGROEP_NAAM": "Reductielocaties", "LOCATIE_NAAM": null}, "geometry": {"type": "Polygon", "coordinates": [[[121841.68400000036, 468857.8969999999], [121802.98099999875, 468857.8220000006], [121751.36699999869, 468857.51900000125], [121632.18400000036, 468856.5560000017], [121616.52699999884, 468856.256000001], [121607.10300000012, 468856.256000001], [121586.46999999881, 468856.52600000054], [121568.12200000137, 468856.40100000054], [121558.66899999976, 468856.1460000016], [121538.99700000137, 468855.8740000017], [121520.57400000095, 468855.43200000003], [121454.66000000015, 468855.5870000012], [121337.32200000063, 468854.98099999875], [121285.11300000176, 468854.5], [121197.95800000057, 468854.0150000006], [121036.07299999893, 468852.7529999986], [121036.1649999991, 468848.5480000004], [121037.42199999839, 468602.1279999986], [121037.80600000173, 468564.6279999986], [121037.32200000063, 468548.51199999824], [121037.28200000152, 468537.70899999887], [121037.52199999988, 468500.0], [121037.4849999994, 468480.5240000002], [121094.78400000185, 468481.04300000146], [121095.91200000048, 468347.20800000057], [121095.9609999992, 468341.4600000009], [121096.13100000098, 468321.2270000018], [121172.81399999931, 468321.63500000164], [121174.8359999992, 468321.7820000015], [121179.24199999869, 468321.8449999988], [121183.35399999842, 468321.5460000001], [121185.48900000006, 468321.5150000006], [121187.57600000128, 468321.9629999995], [121188.8200000003, 468322.6620000005], [121190.24599999934, 468322.59600000083], [121190.70499999821, 468322.16800000146], [121190.93299999833, 468321.58300000057], [121241.69999999925, 468321.89499999955], [121261.58300000057, 468322.17599999905], [121276.82499999925, 468322.2729999982], [121295.33799999952, 468322.53500000015], [121314.68699999899, 468322.6889999993], [121322.36499999836, 468322.8579999991], [121348.56700000167, 468322.6330000013], [121372.03400000185, 468322.70600000024], [121372.26199999824, 468283.39499999955], [121377.55700000003, 468283.2679999992], [121377.85399999842, 468251.77899999917], [121370.29399999976, 468251.71599999815], [121363.32800000161, 468250.6579999998], [121363.37999999896, 468205.70699999854], [121393.21400000155, 468205.8960000016], [121393.74199999869, 468190.0700000003], [121428.125, 468191.2329999991], [121471.86600000039, 468208.72199999914], [121471.73600000143, 468323.9930000007], [121517.04899999872, 468324.1240000017], [121561.46799999848, 468324.0379999988], [121563.5540000014, 468323.9479999989], [121569.92399999872, 468323.9789999984], [121575.57600000128, 468324.2969999984], [121587.42300000042, 468324.4050000012], [121592.29699999839, 468325.01000000164], [121595.10399999842, 468324.39499999955], [121612.43299999833, 468324.2829999998], [121622.73099999875, 468324.4279999994], [121638.92599999905, 468324.4789999984], [121685.18400000036, 468324.89499999955], [121689.41200000048, 468324.8359999992], [121693.16299999878, 468324.88899999857], [121701.81599999964, 468323.58199999854], [121722.90500000119, 468318.8189999983], [121748.05000000075, 468313.5769999996], [121770.80999999866, 468308.59899999946], [121779.0549999997, 468306.69099999964], [121790.12200000137, 468304.5639999993], [121798.35700000077, 468303.1330000013], [121881.93400000036, 468303.3229999989], [121907.88899999857, 468303.631000001], [121922.80900000036, 468303.5450000018], [121922.60399999842, 468330.9470000006], [121995.4059999995, 468331.1799999997], [121995.28000000119, 468337.4519999996], [121994.63699999824, 468347.0150000006], [121995.15300000086, 468352.3680000007], [121994.82899999991, 468359.0709999986], [121994.64999999851, 468387.1579999998], [121994.25499999896, 468417.7030000016], [121994.07999999821, 468449.5009999983], [121993.7899999991, 468460.98999999836], [121993.67599999905, 468480.69999999925], [121993.33199999854, 468500.0], [121993.3200000003, 468515.7259999998], [121993.13100000098, 468530.2589999996], [121993.24399999902, 468538.5379999988], [121993.23800000176, 468545.9230000004], [121993.11300000176, 468553.7250000015], [121992.96499999985, 468587.9789999984], [121992.7349999994, 468610.29399999976], [121990.57800000161, 468668.46400000155], [121989.6240000017, 468686.6739999987], [121988.55900000036, 468704.0769999996], [121986.5390000008, 468728.61199999973], [121984.49199999869, 468752.1889999993], [121983.88100000098, 468757.0009999983], [121982.74199999869, 468762.9219999984], [121981.25800000131, 468768.7670000009], [121979.53700000048, 468772.3020000011], [121977.29300000146, 468775.5300000012], [121974.02299999818, 468778.9239999987], [121969.10599999875, 468783.0020000003], [121966.53500000015, 468782.66600000113], [121964.63899999857, 468782.4470000006], [121962.93600000069, 468781.58399999887], [121961.48200000077, 468780.01199999824], [121960.46999999881, 468779.01300000027], [121967.27199999988, 468772.2289999984], [121880.09200000018, 468774.8830000013], [121841.69799999893, 468776.0520000011], [121841.74700000137, 468797.8720000014], [121841.75, 468799.1169999987], [121841.75800000131, 468802.7320000008], [121841.83799999952, 468838.7190000005], [121841.69399999827, 468853.2170000002], [121841.68400000036, 468857.8969999999]]]}}, {"type": "Feature", "id": "53239", "properties": {"OBJECTID": "53239", "LOCATIEGROEP_ID": "nl.imow-pv26.gebiedengroep.003000000000000000000484", "SYMBOOL_CODE": "vsg028", "GROEP": "bedrijventerrein", "9e750651-8e97-4bc6-b09e-fc30b5f3e83c_id": "3936", "LOCATIE_ID": "nl.imow-pv26.gebied.003000000000000000000484e61340", "DOCUMENT_URL": "https://omgevingsbeleid.provincie-utrecht.nl/home?d=/akn/nl/act/pv26/2022/omgevingsverordening/nld@1089&o=", "NAAM": "Reductielocaties", "TYPE": "ruimtelijk gebruik", "LOCATIEGROEP_NAAM": "Reductielocaties", "LOCATIE_NAAM": null}, "geometry": {"type": "Polygon", "coordinates": [[[121582.82400000095, 455269.7719999999], [121810.70800000057, 455384.4679999985], [121819.60799999908, 455392.32400000095], [121828.7490000017, 455405.18400000036], [121836.3599999994, 455415.8909999989], [121837.73000000045, 455418.2490000017], [121847.375, 455434.8449999988], [121849.40100000054, 455438.3299999982], [121853.22700000182, 455444.9129999988], [121862.53599999845, 455460.9310000017], [121870.70300000161, 455469.38599999994], [121874.78599999845, 455473.61300000176], [121879.05200000107, 455479.4930000007], [121898.3440000005, 455506.08399999887], [121921.37900000066, 455522.8429999985], [121946.50699999928, 455536.4600000009], [121967.44799999893, 455549.5529999994], [121972.46400000155, 455552.3680000007], [121980.48600000143, 455556.87000000104], [121988.91099999845, 455561.59899999946], [122017.42100000009, 455574.42599999905], [122033.46299999952, 455579.9140000008], [122039.08399999887, 455583.44200000167], [122044.86199999973, 455590.0460000001], [122048.23900000006, 455595.95600000024], [122051.61699999869, 455598.4910000004], [122057.94799999893, 455601.8669999987], [122067.47599999979, 455606.50400000066], [122065.1259999983, 455609.0450000018], [122065.43800000101, 455622.1579999998], [122065.54800000042, 455626.77600000054], [122063.43899999931, 455632.2650000006], [122046.97300000116, 455665.1950000003], [122004.8359999992, 455750.8999999985], [121998.89799999818, 455763.2829999998], [121964.61800000072, 455745.34099999815], [121804.9149999991, 455662.19099999964], [121776.8359999992, 455647.5720000006], [121616.61800000072, 455561.93200000003], [121577.5150000006, 455541.0309999995], [121568.0540000014, 455533.79199999943], [121557.72500000149, 455525.88899999857], [121528.6099999994, 455505.0450000018], [121494.60300000012, 455481.1950000003], [121462.36199999973, 455460.87900000066], [121328.42300000042, 455388.6799999997], [121222.29100000113, 455329.4070000015], [121128.90900000185, 455277.25499999896], [121124.9609999992, 455275.05000000075], [121128.38699999824, 455269.13699999824], [121156.0159999989, 455220.1889999993], [121156.40500000119, 455219.9470000006], [121156.75800000131, 455219.6570000015], [121157.10700000077, 455219.27800000086], [121158.42199999839, 455217.4930000007], [121161.01300000027, 455213.9789999984], [121195.73900000006, 455147.0249999985], [121263.31599999964, 455178.78400000185], [121266.45899999887, 455180.5789999999], [121294.77600000054, 455180.9789999984], [121298.33799999952, 455181.02899999917], [121302.37900000066, 455182.82400000095], [121332.06300000101, 455198.0639999993], [121339.82699999958, 455202.05000000075], [121397.03799999878, 455231.4219999984], [121404.29899999872, 455235.1499999985], [121405.8590000011, 455232.31500000134], [121408.6099999994, 455227.31700000167], [121412.44900000095, 455219.6429999992], [121417.38100000098, 455209.7820000015], [121419.98299999908, 455202.8440000005], [121420.85000000149, 455201.54199999943], [121422.5850000009, 455201.1090000011], [121424.31899999827, 455201.54199999943], [121464.21700000018, 455219.7569999993], [121470.72100000083, 455221.4910000004], [121473.75699999928, 455220.6240000017], [121475.49100000039, 455216.2870000005], [121477.82499999925, 455211.8440000005], [121479.8200000003, 455208.0469999984], [121481.57499999925, 455204.7049999982], [121500.1240000017, 455169.3960000016], [121504.05799999833, 455161.9050000012], [121511.4849999994, 455147.7670000009], [121529.89799999818, 455110.48600000143], [121534.65300000086, 455100.8599999994], [121557.44999999925, 455054.7010000013], [121561.14699999988, 455047.2129999995], [121565.77899999917, 455037.83900000155], [121567.92100000009, 455036.83999999985], [121568.47500000149, 455036.58100000024], [121571.37700000033, 455034.6700000018], [121577.19900000095, 455037.4849999994], [121586.10000000149, 455050.5520000011], [121580.79500000179, 455062.9849999994], [121577.05700000003, 455079.9279999994], [121573.80600000173, 455086.4530000016], [121571.3359999992, 455091.4120000005], [121535.53000000119, 455163.2809999995], [121520.81899999827, 455192.7019999996], [121519.02400000021, 455195.8449999988], [121515.87999999896, 455194.9470000006], [121509.14400000125, 455191.3539999984], [121504.20499999821, 455190.45699999854], [121500.61300000176, 455194.9470000006], [121496.12299999967, 455202.12900000066], [121492.7109999992, 455210.0460000001], [121491.05600000173, 455213.66600000113], [121489.36199999973, 455217.3669999987], [121488.34099999815, 455225.0329999998], [121488.34099999815, 455228.75], [121488.81799999997, 455231.0460000001], [121489.78700000048, 455233.36400000006], [121492.7809999995, 455238.04300000146], [121499.18800000101, 455237.54399999976], [121504.33999999985, 455245.4079999998], [121505.44900000095, 455246.8590000011], [121507.18400000036, 455246.8520000018], [121517.94399999827, 455246.8049999997], [121521.93100000173, 455244.811999999], [121526.42599999905, 455243.8960000016], [121528.99700000137, 455244.2679999992], [121532.19299999997, 455245.7820000015], [121582.82400000095, 455269.7719999999]]]}}, {"type": "Feature", "id": "53244", "properties": {"OBJECTID": "53244", "LOCATIEGROEP_ID": "nl.imow-pv26.gebiedengroep.003000000000000000000484", "SYMBOOL_CODE": "vsg028", "GROEP": "bedrijventerrein", "9e750651-8e97-4bc6-b09e-fc30b5f3e83c_id": "3940", "LOCATIE_ID": "nl.imow-pv26.gebied.003000000000000000000484e61330", "DOCUMENT_URL": "https://omgevingsbeleid.provincie-utrecht.nl/home?d=/akn/nl/act/pv26/2022/omgevingsverordening/nld@1089&o=", "NAAM": "Reductielocaties", "TYPE": "ruimtelijk gebruik", "LOCATIEGROEP_NAAM": "Reductielocaties", "LOCATIE_NAAM": null}, "geometry": {"type": "Polygon", "coordinates": [[[134155.97700000182, 449052.2569999993], [134154.8669999987, 449052.811999999], [134154.3839999996, 449054.188000001], [134147.52699999884, 449056.3189999983], [134141.313000001, 449058.2509999983], [134124.25699999928, 449067.5170000009], [134121.688000001, 449068.9129999988], [134119.4450000003, 449070.006000001], [134118.62299999967, 449070.4070000015], [134116.67399999872, 449071.3579999991], [134114.4450000003, 449072.4059999995], [134055.58999999985, 449100.08399999887], [134054.98299999908, 449100.37000000104], [134052.5240000002, 449101.52600000054], [134051.1000000015, 449102.1959999986], [134048.88699999824, 449103.23600000143], [134045.95100000128, 449104.6169999987], [134024.0610000007, 449114.9120000005], [134022.93499999866, 449115.44099999964], [134019.12900000066, 449117.23099999875], [134015.64799999818, 449118.8680000007], [134012.6959999986, 449120.256000001], [133993.44399999827, 449130.3599999994], [133931.99599999934, 449160.51000000164], [133925.44999999925, 449161.28599999845], [133917.72300000116, 449165.78500000015], [133908.51900000125, 449171.14499999955], [133906.93299999833, 449172.45800000057], [133906.45100000128, 449172.85599999875], [133904.09899999946, 449174.1400000006], [133893.90199999884, 449178.48900000006], [133883.4919999987, 449182.2679999992], [133844.98900000006, 449194.5320000015], [133831.01900000125, 449198.3999999985], [133775.2809999995, 449214.09699999914], [133742.65300000086, 449224.061999999], [133738.2039999999, 449224.98900000006], [133682.21700000018, 449242.6039999984], [133677.54399999976, 449243.8020000011], [133673.84899999946, 449244.7490000017], [133669.00699999928, 449245.98999999836], [133655.52899999917, 449199.44200000167], [133651.21400000155, 449188.2670000009], [133646.12999999896, 449173.15300000086], [133631.6860000007, 449130.2100000009], [133628.07499999925, 449119.1810000017], [133627.35300000012, 449116.9759999998], [133626.63500000164, 449114.7820000015], [133580.76700000092, 448974.6939999983], [133580.51999999955, 448967.5089999996], [133581.5080000013, 448957.313000001], [133582.74399999902, 448953.1400000006], [133585.22199999914, 448949.98699999973], [133586.2049999982, 448948.7349999994], [133592.63199999928, 448943.63699999824], [133601.28299999982, 448939.0020000003], [133619.57400000095, 448932.2809999995], [133664.19099999964, 448916.9840000011], [133666.39499999955, 448916.5489999987], [133668.88800000027, 448916.05700000003], [133722.9600000009, 448897.1259999983], [133762.4290000014, 448883.30700000003], [133777.875, 448877.6559999995], [133782.69799999893, 448875.8909999989], [133785.4849999994, 448874.98600000143], [133787.58199999854, 448874.3060000017], [133789.58300000057, 448873.6559999995], [133801.97800000012, 448869.6330000013], [133803.37700000033, 448871.23600000143], [133805.1860000007, 448873.30799999833], [133808.3830000013, 448871.9549999982], [133812.62000000104, 448870.3729999997], [133871.01099999994, 448848.5689999983], [133877.94700000063, 448845.3969999999], [133884.2899999991, 448842.2270000018], [133887.20800000057, 448840.1970000006], [133897.26700000092, 448836.72300000116], [133919.0780000016, 448828.8370000012], [133921.76199999824, 448827.8680000007], [133926.8110000007, 448826.1240000017], [133936.7589999996, 448822.69000000134], [133940.17500000075, 448821.51099999994], [133943.52299999818, 448820.35500000045], [133947.6799999997, 448818.91899999976], [133949.22800000012, 448818.3819999993], [133949.79399999976, 448818.1860000007], [133952.813000001, 448817.1400000006], [133954.53500000015, 448816.5450000018], [133955.11199999973, 448816.3440000005], [133959.10500000045, 448814.9299999997], [133983.8669999987, 448806.1640000008], [134007.62900000066, 448797.7520000003], [134024.40199999884, 448791.8139999993], [134038.02699999884, 448787.51300000027], [134040.35300000012, 448785.9759999998], [134051.07200000063, 448782.3449999988], [134065.73999999836, 448777.375], [134079.0080000013, 448772.87999999896], [134086.04899999872, 448774.2039999999], [134128.0709999986, 448757.7479999997], [134150.53200000152, 448750.55999999866], [134168.82600000128, 448741.88699999824], [134184.11800000072, 448734.63699999824], [134201.0610000007, 448728.6090000011], [134264.5780000016, 448702.8909999989], [134267.19099999964, 448709.5769999996], [134269.50400000066, 448708.7809999995], [134276.52199999988, 448706.36499999836], [134288.35599999875, 448702.1629999988], [134291.1889999993, 448701.23999999836], [134295.82200000063, 448699.63599999994], [134300.47800000012, 448697.8999999985], [134302.58799999952, 448697.11300000176], [134305.40300000086, 448696.1330000013], [134307.6009999998, 448695.4079999998], [134311.4600000009, 448694.1339999996], [134313.15799999982, 448696.1429999992], [134323.7049999982, 448714.4310000017], [134366.67799999937, 448796.0480000004], [134433.20199999958, 448927.64499999955], [134439.80200000107, 448943.3979999982], [134443.29300000146, 448947.6429999992], [134445.37000000104, 448952.83399999887], [134447.40199999884, 448957.9140000008], [134457.69099999964, 448979.6770000011], [134467.8139999993, 449001.09099999815], [134470.89200000092, 449007.0320000015], [134435.28799999878, 449023.7259999998], [134423.53200000152, 449029.23800000176], [134416.47800000012, 449032.98600000143], [134398.6090000011, 449040.48099999875], [134378.8590000011, 449047.53599999845], [134351.70199999958, 449056.7950000018], [134348.17500000075, 449059.2199999988], [134346.29399999976, 449062.0859999992], [134345.35300000012, 449066.493999999], [134326.07299999893, 449075.0929999985], [134317.3740000017, 449078.40100000054], [134246.3669999987, 449110.03500000015], [134240.07600000128, 449111.74500000104], [134236.88599999994, 449104.55999999866], [134235.80000000075, 449102.1169999987], [134233.9219999984, 449097.88899999857], [134229.49599999934, 449087.88800000027], [134222.74700000137, 449069.83300000057], [134222.13899999857, 449066.6409999989], [134222.59800000116, 449063.27699999884], [134223.15199999884, 449062.5370000005], [134224.92599999905, 449058.94000000134], [134225.6169999987, 449057.00400000066], [134225.5300000012, 449052.27800000086], [134224.60700000077, 449048.37099999934], [134223.73900000006, 449046.8839999996], [134222.67799999937, 449045.06500000134], [134222.30900000036, 449044.65199999884], [134220.38199999928, 449042.493999999], [134217.53500000015, 449040.2899999991], [134215.84800000116, 449039.7509999983], [134213.2190000005, 449038.9120000005], [134208.96200000122, 449038.27800000086], [134205.96400000155, 449038.7280000001], [134202.70600000024, 449039.5850000009], [134200.72899999842, 449040.10599999875], [134199.41099999845, 449041.1099999994], [134198.08700000122, 449039.80700000003], [134195.8660000004, 449039.6479999982], [134155.97700000182, 449052.2569999993]]]}}, {"type": "Feature", "id": "53241", "properties": {"OBJECTID": "53241", "LOCATIEGROEP_ID": "nl.imow-pv26.gebiedengroep.003000000000000000000484", "SYMBOOL_CODE": "vsg028", "GROEP": "bedrijventerrein", "9e750651-8e97-4bc6-b09e-fc30b5f3e83c_id": "3937", "LOCATIE_ID": "nl.imow-pv26.gebied.003000000000000000000484e61344", "DOCUMENT_URL": "https://omgevingsbeleid.provincie-utrecht.nl/home?d=/akn/nl/act/pv26/2022/omgevingsverordening/nld@1089&o=", "NAAM": "Reductielocaties", "TYPE": "ruimtelijk gebruik", "LOCATIEGROEP_NAAM": "Reductielocaties", "LOCATIE_NAAM": null}, "geometry": {"type": "Polygon", "coordinates": [[[157305.20899999887, 461604.66000000015], [157279.74700000137, 461603.05799999833], [157272.34800000116, 461600.44000000134], [157264.80700000003, 461594.2259999998], [157259.4840000011, 461587.07499999925], [157258.91699999943, 461585.58199999854], [157256.69099999964, 461579.7250000015], [157248.938000001, 461465.0229999982], [157244.3200000003, 461396.7120000012], [157242.8599999994, 461381.18400000036], [157243.54199999943, 461378.2100000009], [157243.8500000015, 461376.86499999836], [157246.00299999863, 461371.5249999985], [157245.6950000003, 461367.47399999946], [157245.38899999857, 461363.4549999982], [157246.50699999928, 461359.5709999986], [157245.02899999917, 461352.7019999996], [157243.4219999984, 461345.2410000004], [157244.04199999943, 461343.29300000146], [157245.8449999988, 461340.19200000167], [157247.3200000003, 461337.6559999995], [157244.96200000122, 461334.22300000116], [157244.30299999937, 461330.51999999955], [157215.34600000083, 461168.05099999905], [157214.1799999997, 461162.9210000001], [157212.7349999994, 461156.5639999993], [157200.67700000107, 461107.0560000017], [157199.73999999836, 461103.20699999854], [157199.38500000164, 461101.7520000003], [157197.6640000008, 461091.31599999964], [157195.55999999866, 461068.5709999986], [157195.2960000001, 461064.3520000018], [157195.0549999997, 461060.8229999989], [157194.7580000013, 461056.4539999999], [157194.31899999827, 461049.55799999833], [157192.9849999994, 461041.6700000018], [157192.08900000155, 461036.3680000007], [157189.63599999994, 461029.3990000002], [157188.81899999827, 461027.6020000018], [157187.28299999982, 461024.2199999988], [157163.4050000012, 460968.36400000006], [157157.76000000164, 460954.33100000024], [157152.91299999878, 460942.28500000015], [157147.19000000134, 460925.1090000011], [157141.94399999827, 460910.3189999983], [157138.44700000063, 460889.0089999996], [157135.26799999923, 460874.6970000006], [157130.4990000017, 460859.11199999973], [157125.0940000005, 460842.8909999989], [157120.9600000009, 460827.30700000003], [157116.19099999964, 460817.12900000066], [157111.4219999984, 460802.1810000017], [157100.9299999997, 460779.1220000014], [157096.47800000012, 460772.76000000164], [157094.88899999857, 460767.3539999984], [157096.16099999845, 460764.1730000004], [157099.9759999998, 460762.2650000006], [157108.51000000164, 460762.2650000006], [157113.96700000018, 460762.2650000006], [157122.23200000077, 460761.3110000007], [157143.21599999815, 460758.4479999989], [157164.19999999925, 460754.313000001], [157178.32299999893, 460752.20899999887], [157185.06500000134, 460750.5689999983], [157190.43100000173, 460749.26399999857], [157196.86800000072, 460747.7679999992], [157211.57299999893, 460744.7719999999], [157239.1799999997, 460740.26099999994], [157259.86199999973, 460735.7659999989], [157272.61800000072, 460733.6400000006], [157304.4609999992, 460727.3819999993], [157342.29399999976, 460720.0769999996], [157361.55799999833, 460716.67599999905], [157380.78599999845, 460713.2809999995], [157386.99799999967, 460712.1739999987], [157423.16200000048, 460705.65100000054], [157442.88800000027, 460702.2670000009], [157442.88800000027, 460705.4780000001], [157439.91800000146, 460709.11100000143], [157437.27699999884, 460711.0920000002], [157433.9759999998, 460712.7430000007], [157428.03400000185, 460713.0729999989], [157423.08199999854, 460713.7340000011], [157419.12099999934, 460716.70600000024], [157418.4609999992, 460718.3570000008], [157420.11199999973, 460720.0080000013], [157422.4219999984, 460722.98000000045], [157425.39400000125, 460726.2820000015], [157428.03400000185, 460730.57499999925], [157429.0240000002, 460735.69299999997], [157429.0240000002, 460751.54399999976], [157426.05299999937, 460761.7809999995], [157425.063000001, 460768.38500000164], [157425.39400000125, 460784.2349999994], [157423.74300000072, 460784.8969999999], [157421.10200000182, 460786.5469999984], [157415.6000000015, 460787.2329999991], [157414.8299999982, 460793.9770000018], [157414.8299999982, 460798.1039999984], [157417.47100000083, 460796.1220000014], [157420.77199999988, 460796.78400000185], [157424.40399999917, 460798.7650000006], [157424.73299999908, 460823.2010000013], [157424.40399999917, 460839.0520000011], [157425.063000001, 460846.9770000018], [157426.3839999996, 460852.26000000164], [157428.36300000176, 460857.54399999976], [157429.0240000002, 460866.12999999896], [157429.0240000002, 460874.71499999985], [157427.7039999999, 460884.45699999854], [157426.05299999937, 460891.72100000083], [157424.73299999908, 460901.2980000004], [157428.36300000176, 460904.6000000015], [157427.37299999967, 460919.7899999991], [157426.05299999937, 460930.3570000008], [157425.063000001, 460940.5940000005], [157424.73299999908, 460953.8029999994], [157425.72300000116, 460967.01099999994], [157426.3839999996, 460980.2199999988], [157425.72300000116, 460986.493999999], [157426.3839999996, 460990.45699999854], [157427.7039999999, 460993.09899999946], [157428.69399999827, 460995.73999999836], [157428.4840000011, 461001.61499999836], [157472.0, 461003.0540000014], [157472.04899999872, 461030.05900000036], [157444.71299999952, 461030.05900000036], [157418.47300000116, 461030.41800000146], [157424.30000000075, 461083.1649999991], [157419.6950000003, 461090.05000000075], [157417.66000000015, 461094.2710000016], [157419.72199999914, 461098.68400000036], [157421.7349999994, 461103.72100000083], [157427.9609999992, 461106.26900000125], [157428.80700000003, 461135.69099999964], [157430.86400000006, 461138.01300000027], [157431.22100000083, 461139.4439999983], [157431.04199999943, 461141.76999999955], [157430.14799999818, 461142.48600000143], [157427.10799999908, 461143.0229999982], [157422.2800000012, 461143.37999999896], [157418.7030000016, 461144.811999999], [157416.19900000095, 461146.4219999984], [157415.4840000011, 461147.8530000001], [157414.76900000125, 461150.71599999815], [157414.94700000063, 461155.01000000164], [157418.3449999988, 461166.7289999984], [157420.3110000007, 461175.49599999934], [157420.5089999996, 461176.96499999985], [157421.9219999984, 461187.4829999991], [157423.35300000012, 461201.4389999993], [157424.96200000122, 461210.7430000007], [157424.06899999827, 461222.90900000185], [157422.63699999824, 461226.5760000013], [157421.38500000164, 461231.5859999992], [157420.6700000018, 461237.3110000007], [157421.02800000086, 461244.1099999994], [157421.23999999836, 461244.60500000045], [157422.63699999824, 461247.8680000007], [157424.60500000045, 461249.6570000015], [157426.39299999923, 461250.90900000185], [157428.89699999988, 461251.9829999991], [157435.51399999857, 461252.1620000005], [157453.39699999988, 461251.8029999994], [157466.98900000006, 461251.2670000009], [157473.1259999983, 461252.2120000012], [157482.9050000012, 461253.0549999997], [157490.05700000003, 461254.30900000036], [157496.13899999857, 461255.91899999976], [157499.35799999908, 461256.45600000024], [157504.0080000013, 461256.09800000116], [157509.46200000122, 461254.66600000113], [157514.64799999818, 461251.8029999994], [157521.80000000075, 461249.4780000001], [157528.77600000054, 461248.58300000057], [157539.32699999958, 461247.6889999993], [157557.48000000045, 461247.33100000024], [157585.01999999955, 461245.54300000146], [157595.39299999923, 461245.18400000036], [157603.6559999995, 461244.65900000185], [157605.23900000006, 461246.5069999993], [157605.7659999989, 461254.4230000004], [157606.29399999976, 461267.881000001], [157607.61300000176, 461271.3110000007], [157610.25, 461275.006000001], [157615.26099999994, 461276.8530000001], [157620.79899999872, 461277.381000001], [157631.61400000006, 461276.32499999925], [157643.74799999967, 461274.7419999987], [157657.72199999914, 461273.3420000002], [157656.50200000033, 461282.33300000057], [157654.24300000072, 461297.4310000017], [157652.3909999989, 461308.1790000014], [157650.45100000128, 461316.7190000005], [157649.1009999998, 461322.66099999845], [157648.6860000007, 461324.48600000143], [157640.53500000015, 461347.6499999985], [157638.49500000104, 461349.3509999998], [157638.311999999, 461349.5029999986], [157638.12200000137, 461353.1079999991], [157637.86899999902, 461357.90399999917], [157629.7899999991, 461385.82499999925], [157619.0460000001, 461418.80999999866], [157613.98900000006, 461436.68299999833], [157612.7199999988, 461441.16800000146], [157607.9299999997, 461458.09600000083], [157600.25, 461455.81599999964], [157598.6950000003, 461461.0320000015], [157597.62799999863, 461464.61100000143], [157595.36899999902, 461470.4840000011], [157592.54100000113, 461486.0379999988], [157584.52800000086, 461506.30700000003], [157563.31700000167, 461542.6009999998], [157543.41299999878, 461567.46400000155], [157543.44900000095, 461575.86300000176], [157542.42399999872, 461580.8229999989], [157539.62700000033, 461585.311999999], [157535.50299999863, 461587.9239999987], [157530.02899999917, 461589.0159999989], [157527.64400000125, 461589.23000000045], [157520.60599999875, 461589.8599999994], [157475.3590000011, 461593.118999999], [157422.86499999836, 461600.2250000015], [157393.0949999988, 461604.0920000002], [157378.30099999905, 461604.59699999914], [157331.34299999848, 461604.5219999999], [157305.20899999887, 461604.66000000015]]]}}, {"type": "Feature", "id": "53247", "properties": {"OBJECTID": "53247", "LOCATIEGROEP_ID": "nl.imow-pv26.gebiedengroep.003000000000000000000484", "SYMBOOL_CODE": "vsg028", "GROEP": "bedrijventerrein", "9e750651-8e97-4bc6-b09e-fc30b5f3e83c_id": "3945", "LOCATIE_ID": "nl.imow-pv26.gebied.003000000000000000000484e61343", "DOCUMENT_URL": "https://omgevingsbeleid.provincie-utrecht.nl/home?d=/akn/nl/act/pv26/2022/omgevingsverordening/nld@1089&o=", "NAAM": "Reductielocaties", "TYPE": "ruimtelijk gebruik", "LOCATIEGROEP_NAAM": "Reductielocaties", "LOCATIE_NAAM": null}, "geometry": {"type": "Polygon", "coordinates": [[[131137.88699999824, 460590.6629999988], [131134.98999999836, 460592.80799999833], [131125.2969999984, 460581.1950000003], [131120.44700000063, 460575.3830000013], [131115.8110000007, 460579.77899999917], [131107.00499999896, 460569.69999999925], [131099.6790000014, 460561.31500000134], [131092.3139999993, 460552.88699999824], [131088.0709999986, 460548.0300000012], [131085.51900000125, 460545.0329999998], [131082.15199999884, 460541.0769999996], [131064.68499999866, 460520.55799999833], [131041.73200000077, 460497.02800000086], [131024.9149999991, 460480.76999999955], [131021.89200000092, 460477.84800000116], [131019.06300000101, 460475.11300000176], [130995.35099999979, 460454.05099999905], [130979.64699999988, 460441.74599999934], [130957.6959999986, 460424.5460000001], [130912.83300000057, 460391.24500000104], [130874.13599999994, 460362.0240000002], [130862.56599999964, 460359.66000000015], [130845.91200000048, 460347.4820000008], [130844.13800000027, 460346.1790000014], [130841.84099999815, 460344.4910000004], [130840.81100000069, 460343.7349999994], [130839.05099999905, 460342.4439999983], [130837.34200000018, 460341.19000000134], [130785.34600000083, 460302.93200000003], [130777.96200000122, 460297.4990000017], [130776.15399999917, 460295.60500000045], [130773.97700000182, 460293.313000001], [130772.08100000024, 460288.3909999989], [130772.08100000024, 460284.78599999845], [130782.45499999821, 460266.6020000018], [130799.49199999869, 460235.938000001], [130814.85799999908, 460205.0], [130826.18299999833, 460181.22300000116], [130834.47599999979, 460163.813000001], [130838.375, 460155.62999999896], [130862.2809999995, 460105.9690000005], [130867.7809999995, 460096.27800000086], [130873.23800000176, 460088.81799999997], [130873.24199999869, 460088.813000001], [130876.60200000182, 460084.2190000005], [130883.85700000077, 460074.5940000005], [130891.68800000101, 460064.186999999], [130895.48800000176, 460059.1460000016], [130897.28799999878, 460056.75], [130951.96799999848, 459970.9470000006], [130957.47899999842, 459962.2980000004], [130959.26199999824, 459959.6970000006], [130961.82999999821, 459955.94999999925], [131028.06700000167, 459856.8669999987], [131033.98099999875, 459848.01999999955], [131036.22800000012, 459845.4279999994], [131038.80099999905, 459842.45800000057], [131034.79199999943, 459836.5760000013], [131031.75800000131, 459832.1240000017], [131028.34499999881, 459825.7109999992], [131023.9059999995, 459817.368999999], [131021.37700000033, 459818.7259999998], [131016.18699999899, 459819.09699999914], [131012.17599999905, 459818.4290000014], [131009.51399999857, 459817.9840000011], [130968.66600000113, 459790.09099999815], [130960.8209999986, 459784.7340000011], [130945.06799999997, 459773.9770000018], [130939.50600000098, 459770.1790000014], [130893.85000000149, 459739.0029999986], [130881.8350000009, 459731.5540000014], [130876.81700000167, 459728.0799999982], [130842.85300000012, 459705.3029999994], [130825.4849999994, 459694.87999999896], [130807.91800000146, 459682.8579999991], [130792.80999999866, 459672.51900000125], [130744.8200000003, 459639.67599999905], [130694.72399999946, 459607.5780000016], [130687.25400000066, 459601.5240000002], [130684.86400000006, 459597.0729999989], [130682.88599999994, 459591.7989999987], [130682.47399999946, 459586.9360000007], [130682.86699999869, 459583.04399999976], [130708.95300000161, 459541.5940000005], [130715.28299999982, 459532.2659999989], [130719.32800000161, 459526.313000001], [130719.32999999821, 459526.30999999866], [130722.7349999994, 459521.2989999987], [130726.24100000039, 459516.13899999857], [130728.67799999937, 459512.5529999994], [130743.9459999986, 459492.51199999824], [130746.93800000101, 459488.5850000009], [130749.62700000033, 459485.0560000017], [130754.19200000167, 459479.063000001], [130788.07699999958, 459441.1220000014], [130791.3350000009, 459437.47399999946], [130792.3209999986, 459436.37000000104], [130795.81700000167, 459433.2890000008], [130800.28799999878, 459429.34899999946], [130806.75600000098, 459423.2340000011], [130824.39200000092, 459406.55999999866], [130845.12700000033, 459387.1550000012], [130850.16299999878, 459382.99599999934], [130860.34600000083, 459373.51900000125], [130862.11400000006, 459371.8740000017], [130863.79899999872, 459370.3060000017], [130903.17700000107, 459333.66000000015], [130921.69000000134, 459318.1220000014], [130928.10099999979, 459312.1420000009], [130953.99500000104, 459287.98900000006], [130953.99799999967, 459287.98600000143], [130959.54500000179, 459300.26999999955], [130961.54500000179, 459304.6970000006], [130961.7509999983, 459305.15399999917], [130980.01700000092, 459345.6009999998], [131031.32200000063, 459463.27600000054], [131036.21999999881, 459474.86300000176], [131041.78200000152, 459483.6710000001], [131045.19399999827, 459490.63899999857], [131051.06300000101, 459501.33100000024], [131054.41600000113, 459508.1790000014], [131059.84699999914, 459519.26999999955], [131063.97399999946, 459524.3500000015], [131070.94099999964, 459536.2120000012], [131125.39499999955, 459632.5859999992], [131134.45199999958, 459647.1030000001], [131138.1169999987, 459652.9770000018], [131143.40199999884, 459661.44900000095], [131146.63100000098, 459666.6229999997], [131149.13199999928, 459670.6330000013], [131152.6160000004, 459676.2179999985], [131155.4299999997, 459680.73000000045], [131164.08799999952, 459694.6090000011], [131165.37000000104, 459696.6649999991], [131168.87900000066, 459701.9120000005], [131188.1099999994, 459730.6719999984], [131208.67599999905, 459761.4270000011], [131230.51999999955, 459792.2820000015], [131235.73600000143, 459799.6490000002], [131243.18499999866, 459810.1719999984], [131249.64600000158, 459819.2980000004], [131252.3049999997, 459823.0540000014], [131255.0390000008, 459826.9149999991], [131260.436999999, 459834.54100000113], [131267.37099999934, 459844.3359999992], [131270.43200000003, 459848.65900000185], [131275.0540000014, 459854.68499999866], [131301.69399999827, 459889.4120000005], [131338.51000000164, 459936.1469999999], [131391.2109999992, 459997.0639999993], [131447.98699999973, 460054.2019999996], [131466.12099999934, 460071.30900000036], [131494.90799999982, 460097.74500000104], [131509.7100000009, 460111.15900000185], [131533.88800000027, 460132.26300000027], [131532.50499999896, 460133.6229999997], [131530.01300000027, 460136.0760000013], [131533.10599999875, 460138.6169999987], [131533.438000001, 460138.88899999857], [131541.34800000116, 460145.38899999857], [131546.65900000185, 460149.68400000036], [131550.4530000016, 460152.7529999986], [131554.7899999991, 460156.2589999996], [131558.43100000173, 460159.2039999999], [131560.99599999934, 460161.27800000086], [131572.938000001, 460170.93499999866], [131642.83700000122, 460226.6240000017], [131666.3740000017, 460244.58199999854], [131651.186999999, 460254.22399999946], [131598.6649999991, 460289.1559999995], [131501.1499999985, 460352.97199999914], [131454.4849999994, 460383.3680000007], [131260.77800000086, 460507.6420000009], [131211.0009999983, 460540.12000000104], [131189.1559999995, 460554.3729999997], [131181.14600000158, 460559.8139999993], [131171.61899999902, 460566.2870000005], [131161.72399999946, 460573.01000000164], [131137.88699999824, 460590.6629999988]]]}}, {"type": "Feature", "id": "53242", "properties": {"OBJECTID": "53242", "LOCATIEGROEP_ID": "nl.imow-pv26.gebiedengroep.003000000000000000000484", "SYMBOOL_CODE": "vsg028", "GROEP": "bedrijventerrein", "9e750651-8e97-4bc6-b09e-fc30b5f3e83c_id": "3938", "LOCATIE_ID": "nl.imow-pv26.gebied.003000000000000000000484e61337", "DOCUMENT_URL": "https://omgevingsbeleid.provincie-utrecht.nl/home?d=/akn/nl/act/pv26/2022/omgevingsverordening/nld@1089&o=", "NAAM": "Reductielocaties", "TYPE": "ruimtelijk gebruik", "LOCATIEGROEP_NAAM": "Reductielocaties", "LOCATIE_NAAM": null}, "geometry": {"type": "Polygon", "coordinates": [[[132402.55999999866, 454962.94000000134], [132395.3110000007, 454962.9270000011], [132393.311999999, 454962.9239999987], [132391.311999999, 454962.9200000018], [132363.0300000012, 454962.87000000104], [132337.26999999955, 454962.9200000018], [132316.26999999955, 454962.7899999991], [132313.5, 454962.7170000002], [132304.9200000018, 454962.48999999836], [132286.92700000107, 454961.6950000003], [132268.09200000018, 454960.31599999964], [132258.68400000036, 454959.5069999993], [132249.28299999982, 454958.6180000007], [132239.8900000006, 454957.6499999985], [132219.26999999955, 454954.91000000015], [132214.3200000003, 454954.14400000125], [132212.34299999848, 454953.83900000155], [132210.3669999987, 454953.5329999998], [132200.01099999994, 454951.9310000017], [132198.7100000009, 454951.73000000045], [132179.6000000015, 454948.87000000104], [132154.6499999985, 454944.9200000018], [132139.1799999997, 454942.62999999896], [132114.98000000045, 454938.76999999955], [132100.1400000006, 454936.7899999991], [132097.51000000164, 454936.51000000164], [132090.5399999991, 454935.5300000012], [132071.55000000075, 454933.01999999955], [132048.41000000015, 454930.19999999925], [132044.65399999917, 454929.76199999824], [132042.66699999943, 454929.5309999995], [132040.68100000173, 454929.30000000075], [132032.5300000012, 454928.3500000015], [132015.7800000012, 454926.4200000018], [132003.37000000104, 454925.1400000006], [132000.0, 454924.8420000002], [131985.8299999982, 454923.58999999985], [131973.23999999836, 454922.3999999985], [131960.51000000164, 454921.2899999991], [131948.0300000012, 454920.3900000006], [131938.2199999988, 454919.9200000018], [131921.8599999994, 454919.26999999955], [131908.7899999991, 454918.87000000104], [131882.51999999955, 454918.2100000009], [131878.41000000015, 454918.1099999994], [131864.51999999955, 454917.69000000134], [131856.19399999827, 454917.5489999987], [131854.19399999827, 454917.5150000006], [131852.69999999925, 454917.48999999836], [131852.19399999827, 454917.4780000001], [131838.7809999995, 454917.15399999917], [131838.79899999872, 454917.32400000095], [131827.0700000003, 454917.1499999985], [131817.9219999984, 454917.0769999996], [131809.87999999896, 454916.8539999984], [131806.21599999815, 454916.76900000125], [131805.75600000098, 454916.7580000013], [131803.79899999872, 454916.7129999995], [131790.47800000012, 454916.40900000185], [131790.4690000005, 454916.3740000017], [131790.05700000003, 454914.8060000017], [131785.93400000036, 454899.08100000024], [131785.0399999991, 454899.0520000011], [131774.3139999993, 454898.7049999982], [131772.26399999857, 454898.63899999857], [131771.72199999914, 454898.62099999934], [131771.71700000018, 454897.7129999995], [131767.87799999863, 454897.631000001], [131767.8049999997, 454897.78500000015], [131750.5399999991, 454896.9690000005], [131733.27600000054, 454896.15300000086], [131715.87000000104, 454895.00499999896], [131698.46499999985, 454893.8579999991], [131671.29399999976, 454891.4609999992], [131644.12299999967, 454889.06500000134], [131616.52800000086, 454886.32499999925], [131588.93299999833, 454883.5859999992], [131558.7950000018, 454880.7289999984], [131537.05999999866, 454878.48699999973], [131515.32600000128, 454876.24599999934], [131511.92300000042, 454875.95899999887], [131511.89600000158, 454876.2100000009], [131511.875, 454876.20699999854], [131510.10700000077, 454875.8060000017], [131509.44000000134, 454875.6550000012], [131504.69000000134, 454875.25], [131500.0, 454874.875], [131496.48699999973, 454874.6490000002], [131493.78599999845, 454867.69900000095], [131492.0460000001, 454863.22100000083], [131491.06500000134, 454860.6979999989], [131488.19000000134, 454853.3020000011], [131490.01000000164, 454851.5799999982], [131491.31500000134, 454849.92500000075], [131491.86499999836, 454849.01999999955], [131492.89499999955, 454846.8350000009], [131493.34800000116, 454845.0240000002], [131493.82499999925, 454842.0], [131493.8299999982, 454838.5949999988], [131493.6009999998, 454836.9780000001], [131493.2899999991, 454835.67500000075], [131492.9050000012, 454834.5949999988], [131492.3350000009, 454833.3500000015], [131488.70899999887, 454825.5870000012], [131498.7899999991, 454821.91600000113], [131522.23900000006, 454813.37900000066], [131524.20899999887, 454814.08399999887], [131527.8900000006, 454812.8110000007], [131529.01799999923, 454812.38699999824], [131527.62099999934, 454807.9919999987], [131538.33900000155, 454804.3220000006], [131546.33399999887, 454797.8229999989], [131545.88199999928, 454796.42599999905], [131546.0949999988, 454796.2410000004], [131542.47899999842, 454786.0549999997], [131540.42799999937, 454780.02899999917], [131540.41699999943, 454779.9970000014], [131536.87099999934, 454770.6270000003], [131533.85500000045, 454762.6570000015], [131530.11400000006, 454752.5159999989], [131523.40199999884, 454734.3189999983], [131522.80200000107, 454734.5080000013], [131519.63899999857, 454725.8350000009], [131492.07600000128, 454650.2809999995], [131474.90799999982, 454603.22100000083], [131464.8740000017, 454575.71499999985], [131441.85599999875, 454512.62099999934], [131424.65100000054, 454465.45699999854], [131420.73200000077, 454454.71499999985], [131368.03700000048, 454310.26900000125], [131361.93299999833, 454293.5370000005], [131360.936999999, 454290.80700000003], [131360.34200000018, 454289.1770000011], [131359.16600000113, 454285.9519999996], [131359.1330000013, 454285.86199999973], [131337.9450000003, 454227.7829999998], [131306.27600000054, 454140.9699999988], [131276.68400000036, 454059.85500000045], [131239.90399999917, 453959.0329999998], [131239.29399999976, 453959.25400000066], [131219.2490000017, 453966.5210000016], [131218.25, 453963.7899999991], [131216.44000000134, 453958.8449999988], [131214.7749999985, 453954.29399999976], [131209.2490000017, 453939.19299999997], [131197.13500000164, 453906.0870000012], [131195.68400000036, 453902.12099999934], [131193.875, 453897.1790000014], [131192.8110000007, 453894.2710000016], [131190.86499999836, 453888.9530000016], [131188.82600000128, 453883.37999999896], [131181.6409999989, 453863.74599999934], [131181.55999999866, 453863.5229999982], [131179.0540000014, 453856.67599999905], [131176.91600000113, 453850.83199999854], [131161.69700000063, 453809.2410000004], [131154.7109999992, 453790.1490000002], [131150.23800000176, 453777.92500000075], [131149.13199999928, 453774.90199999884], [131130.5949999988, 453724.243999999], [131183.61199999973, 453711.88500000164], [131280.2960000001, 453686.6279999986], [131346.17700000107, 453669.91899999976], [131384.28299999982, 453660.4690000005], [131396.36800000072, 453657.94299999997], [131471.49500000104, 453638.6400000006], [131541.75200000033, 453620.9600000009], [131610.56599999964, 453603.2800000012], [131622.5610000007, 453600.75499999896], [131686.95600000024, 453584.5179999992], [131829.99599999934, 453548.0760000013], [131904.94299999997, 453529.6730000004], [131947.54899999872, 453518.8049999997], [131981.7749999985, 453510.07400000095], [132047.80200000107, 453493.2320000008], [132062.50200000033, 453489.6240000017], [132077.29399999976, 453486.3770000003], [132096.55700000003, 453481.3049999997], [132099.22300000116, 453480.6020000018], [132104.65900000185, 453499.7320000008], [132107.7659999989, 453510.66600000113], [132113.0009999983, 453529.0859999992], [132113.02600000054, 453531.7129999995], [132113.02899999917, 453532.02800000086], [132113.04899999872, 453533.98999999836], [132113.54100000113, 453584.73699999973], [132123.0089999996, 453615.1700000018], [132126.53400000185, 453626.5009999983], [132127.4200000018, 453626.51999999955], [132150.0, 453620.5], [132168.66200000048, 453677.60500000045], [132170.2580000013, 453682.48999999836], [132179.11199999973, 453679.9290000014], [132183.5309999995, 453693.7019999996], [132237.98800000176, 453863.4239999987], [132263.85799999908, 453944.05099999905], [132272.5799999982, 453971.2340000011], [132327.58799999952, 454142.6739999987], [132422.86800000072, 454439.6240000017], [132452.05900000036, 454530.6030000001], [132453.40100000054, 454530.0370000005], [132453.52699999884, 454530.36100000143], [132453.53700000048, 454530.38599999994], [132453.5460000001, 454530.41099999845], [132453.55600000173, 454530.4360000007], [132453.56599999964, 454530.4600000009], [132453.57600000128, 454530.4849999994], [132453.5850000009, 454530.51000000164], [132453.5949999988, 454530.53500000015], [132453.60500000045, 454530.55999999866], [132453.61499999836, 454530.58399999887], [132453.6240000017, 454530.6090000011], [132453.6339999996, 454530.6339999996], [132453.64400000125, 454530.65900000185], [132453.65399999917, 454530.68400000036], [132453.66299999878, 454530.70899999887], [132453.67300000042, 454530.7329999991], [132453.68299999833, 454530.7580000013], [132453.69299999997, 454530.7829999998], [132453.7030000016, 454530.80799999833], [132453.71299999952, 454530.83300000057], [132453.72199999914, 454530.8570000008], [132453.73200000077, 454530.8819999993], [132453.7419999987, 454530.9070000015], [132453.75200000033, 454530.93200000003], [132453.76199999824, 454530.95600000024], [132453.77199999988, 454530.98099999875], [132453.78200000152, 454531.006000001], [132453.79199999943, 454531.0309999995], [132453.80099999905, 454531.0560000017], [132453.8110000007, 454531.0799999982], [132453.8209999986, 454531.10500000045], [132453.83100000024, 454531.12999999896], [132453.84099999815, 454531.1550000012], [132453.8509999998, 454531.1790000014], [132453.86100000143, 454531.2039999999], [132453.87099999934, 454531.2289999984], [132453.88100000098, 454531.25400000066], [132453.8909999989, 454531.27800000086], [132453.90100000054, 454531.3029999994], [132453.91099999845, 454531.3280000016], [132453.9210000001, 454531.3530000001], [132453.93100000173, 454531.3770000003], [132453.94099999964, 454531.40199999884], [132453.95100000128, 454531.4270000011], [132453.9609999992, 454531.4510000013], [132453.97100000083, 454531.4759999998], [132453.98099999875, 454531.5009999983], [132453.9910000004, 454531.52600000054], [132454.0009999983, 454531.55000000075], [132454.01099999994, 454531.57499999925], [132454.02100000158, 454531.6000000015], [132454.0309999995, 454531.6240000017], [132454.04100000113, 454531.6490000002], [132454.05099999905, 454531.6739999987], [132454.0610000007, 454531.6979999989], [132454.0709999986, 454531.72300000116], [132454.08199999854, 454531.7479999997], [132454.09200000018, 454531.7719999999], [132454.10200000182, 454531.7969999984], [132454.11199999973, 454531.8220000006], [132454.12200000137, 454531.84600000083], [132454.13199999928, 454531.87099999934], [132454.14200000092, 454531.8960000016], [132454.15300000086, 454531.9200000018], [132454.16299999878, 454531.9450000003], [132454.17300000042, 454531.9699999988], [132454.18299999833, 454531.993999999], [132454.19299999997, 454532.01900000125], [132454.2030000016, 454532.04399999976], [132454.21400000155, 454532.06799999997], [132454.22399999946, 454532.0929999985], [132454.2340000011, 454532.1180000007], [132454.24399999902, 454532.1420000009], [132454.25400000066, 454532.16699999943], [132454.2650000006, 454532.19200000167], [132454.2749999985, 454532.21599999815], [132454.28500000015, 454532.2410000004], [132454.2950000018, 454532.2650000006], [132454.30600000173, 454532.2899999991], [132454.31599999964, 454532.31500000134], [132454.32600000128, 454532.33900000155], [132454.33700000122, 454532.36400000006], [132454.34699999914, 454532.38800000027], [132454.35700000077, 454532.4129999988], [132454.3669999987, 454532.438000001], [132454.37799999863, 454532.4620000012], [132454.38800000027, 454532.48699999973], [132454.39799999818, 454532.51099999994], [132454.40900000185, 454532.53599999845], [132454.41899999976, 454532.5610000007], [132454.4290000014, 454532.5850000009], [132454.44000000134, 454532.6099999994], [132454.44999999925, 454532.6339999996], [132454.4609999992, 454532.65900000185], [132454.47100000083, 454532.68400000036], [132454.48099999875, 454532.70800000057], [132454.4919999987, 454532.7329999991], [132454.50200000033, 454532.7569999993], [132454.51300000027, 454532.7820000015], [132454.52299999818, 454532.8060000017], [132454.53299999982, 454532.83100000024], [132454.54399999976, 454532.85500000045], [132454.5540000014, 454532.87999999896], [132454.56500000134, 454532.90399999917], [132454.57499999925, 454532.9290000014], [132454.5859999992, 454532.9539999999], [132454.59600000083, 454532.9780000001], [132454.60700000077, 454533.0029999986], [132454.6169999987, 454533.02699999884], [132454.62799999863, 454533.0520000011], [132454.63800000027, 454533.0760000013], [132454.6490000002, 454533.1009999998], [132454.65900000185, 454533.125], [132454.6700000018, 454533.1499999985], [132454.6799999997, 454533.1739999987], [132454.69099999964, 454533.19900000095], [132454.70100000128, 454533.22300000116], [132454.71200000122, 454533.2479999997], [132454.72199999914, 454533.2719999999], [132454.73299999908, 454533.2969999984], [132454.74300000072, 454533.3209999986], [132454.75400000066, 454533.34600000083], [132454.7650000006, 454533.37000000104], [132454.7749999985, 454533.39499999955], [132454.78599999845, 454533.41899999976], [132454.7960000001, 454533.4439999983], [132454.80700000003, 454533.4679999985], [132454.81799999997, 454533.4930000007], [132454.8280000016, 454533.5170000009], [132454.83900000155, 454533.54100000113], [132454.84899999946, 454533.56599999964], [132454.8599999994, 454533.58999999985], [132454.87099999934, 454533.61499999836], [132454.88100000098, 454533.63899999857], [132454.89200000092, 454533.6640000008], [132454.90300000086, 454533.688000001], [132454.91299999878, 454533.7129999995], [132454.92399999872, 454533.73699999973], [132454.93499999866, 454533.76099999994], [132454.9459999986, 454533.78599999845], [132454.95600000024, 454533.80999999866], [132454.96700000018, 454533.8350000009], [132454.97800000012, 454533.8590000011], [132454.98800000176, 454533.8839999996], [132454.9990000017, 454533.9079999998], [132455.01000000164, 454533.93200000003], [132455.02199999988, 454533.95699999854], [132455.03200000152, 454533.98099999875], [132455.04300000146, 454534.006000001], [132455.05299999937, 454534.0300000012], [132456.75400000066, 454537.6279999986], [132457.60399999842, 454539.4270000011], [132458.4549999982, 454541.2270000018], [132459.09699999914, 454542.5850000009], [132459.44299999997, 454543.31599999964], [132459.73900000006, 454543.9439999983], [132459.78799999878, 454544.0469999984], [132467.11400000006, 454541.6629999988], [132487.49799999967, 454535.02800000086], [132566.4149999991, 454509.33900000155], [132570.5940000005, 454521.80799999833], [132577.53500000015, 454542.5150000006], [132579.1259999983, 454547.26300000027], [132577.78700000048, 454547.80099999905], [132575.01799999923, 454548.9149999991], [132577.19399999827, 454556.0709999986], [132596.13599999994, 454618.3729999997], [132604.1889999993, 454644.8599999994], [132604.42300000042, 454644.8680000007], [132606.86400000006, 454644.9519999996], [132657.46799999848, 454810.2809999995], [132548.13599999994, 454832.26900000125], [132548.0610000007, 454832.28400000185], [132554.70199999958, 454852.60500000045], [132563.37999999896, 454850.79199999943], [132568.6649999991, 454849.688000001], [132580.37700000033, 454847.2410000004], [132584.34200000018, 454852.0460000001], [132588.41800000146, 454871.16699999943], [132583.67599999905, 454872.1020000018], [132586.89600000158, 454887.5170000009], [132587.01700000092, 454888.09800000116], [132588.53400000185, 454895.36100000143], [132585.51999999955, 454893.9510000013], [132569.97399999946, 454898.0020000003], [132569.2259999998, 454904.06700000167], [132570.35700000077, 454912.5020000003], [132574.2960000001, 454917.3969999999], [132578.85399999842, 454935.55999999866], [132578.8669999987, 454936.3779999986], [132579.05200000107, 454947.66099999845], [132579.06700000167, 454948.6020000018], [132579.28200000152, 454961.7329999991], [132573.76000000164, 454961.80999999866], [132572.1719999984, 454961.8269999996], [132570.64299999923, 454961.8440000005], [132551.40700000152, 454962.05099999905], [132549.40700000152, 454962.0720000006], [132547.40799999982, 454962.0940000005], [132545.8900000006, 454962.1099999994], [132528.01999999955, 454962.3500000015], [132494.9699999988, 454962.55999999866], [132468.6400000006, 454962.7100000009], [132443.5700000003, 454962.83999999985], [132402.55999999866, 454962.94000000134]]]}}, {"type": "Feature", "id": "53243", "properties": {"OBJECTID": "53243", "LOCATIEGROEP_ID": "nl.imow-pv26.gebiedengroep.003000000000000000000484", "SYMBOOL_CODE": "vsg028", "GROEP": "bedrijventerrein", "9e750651-8e97-4bc6-b09e-fc30b5f3e83c_id": "3939", "LOCATIE_ID": "nl.imow-pv26.gebied.003000000000000000000484e61342", "DOCUMENT_URL": "https://omgevingsbeleid.provincie-utrecht.nl/home?d=/akn/nl/act/pv26/2022/omgevingsverordening/nld@1089&o=", "NAAM": "Reductielocaties", "TYPE": "ruimtelijk gebruik", "LOCATIEGROEP_NAAM": "Reductielocaties", "LOCATIE_NAAM": null}, "geometry": {"type": "Polygon", "coordinates": [[[146112.55900000036, 457685.30799999833], [146104.31700000167, 457706.7710000016], [146094.64400000125, 457703.09899999946], [146095.3900000006, 457701.1479999982], [146094.23999999836, 457700.71599999815], [146081.93499999866, 457696.09699999914], [146057.51399999857, 457686.9290000014], [146059.08700000122, 457682.7049999982], [146054.55600000173, 457681.0069999993], [146042.00299999863, 457676.3020000011], [146033.56599999964, 457673.1259999983], [146024.7259999998, 457669.79199999943], [146023.31500000134, 457673.47399999946], [146000.0, 457664.64499999955], [145999.42300000042, 457664.42599999905], [145977.25699999928, 457655.8960000016], [145968.07699999958, 457681.5560000017], [145963.0249999985, 457695.6790000014], [145955.23999999836, 457692.7509999983], [145952.41699999943, 457691.11100000143], [145931.93499999866, 457683.4609999992], [145931.77299999818, 457683.38599999994], [145931.61199999973, 457683.30999999866], [145931.45199999958, 457683.2329999991], [145931.29300000146, 457683.15300000086], [145931.1339999996, 457683.0729999989], [145930.9759999998, 457682.9910000004], [145930.81799999997, 457682.9079999998], [145930.66200000048, 457682.8229999989], [145930.50600000098, 457682.73699999973], [145930.3509999998, 457682.6499999985], [145930.19700000063, 457682.5610000007], [145930.04300000146, 457682.47100000083], [145929.8900000006, 457682.37900000066], [145929.73900000006, 457682.28599999845], [145929.58799999952, 457682.19200000167], [145929.436999999, 457682.09600000083], [145929.28799999878, 457681.9990000017], [145929.1400000006, 457681.90100000054], [145928.9919999987, 457681.80099999905], [145928.8449999988, 457681.69999999925], [145928.69999999925, 457681.59800000116], [145928.5549999997, 457681.493999999], [145928.41099999845, 457681.38899999857], [145928.26799999923, 457681.2829999998], [145928.1259999983, 457681.17599999905], [145927.9849999994, 457681.06700000167], [145927.8449999988, 457680.95699999854], [145927.70600000024, 457680.84600000083], [145927.56799999997, 457680.7340000011], [145927.43100000173, 457680.62000000104], [145927.2950000018, 457680.50499999896], [145927.16000000015, 457680.38899999857], [145927.02600000054, 457680.2719999999], [145926.89299999923, 457680.15300000086], [145926.76099999994, 457680.0329999998], [145926.62999999896, 457679.9129999988], [145926.5009999983, 457679.79100000113], [145926.37200000137, 457679.66699999943], [145926.24500000104, 457679.54300000146], [145926.11800000072, 457679.41800000146], [145925.99300000072, 457679.29100000113], [145925.86899999902, 457679.1640000008], [145925.74599999934, 457679.03500000015], [145925.6240000017, 457678.9050000012], [145925.50400000066, 457678.7740000002], [145925.3839999996, 457678.6420000009], [145925.2659999989, 457678.5089999996], [145925.1490000002, 457678.375], [145925.03299999982, 457678.23900000006], [145924.91800000146, 457678.1030000001], [145924.8049999997, 457677.96599999815], [145924.69299999997, 457677.8280000016], [145924.58199999854, 457677.688000001], [145924.47199999914, 457677.5480000004], [145924.36400000006, 457677.4070000015], [145924.25699999928, 457677.2650000006], [145924.15100000054, 457677.1220000014], [145924.0460000001, 457676.9780000001], [145923.94299999997, 457676.83300000057], [145923.84099999815, 457676.686999999], [145923.73999999836, 457676.5399999991], [145923.6409999989, 457676.3920000009], [145923.54199999943, 457676.243999999], [145923.4459999986, 457676.0940000005], [145923.3500000015, 457675.9439999983], [145923.25600000098, 457675.79300000146], [145923.1640000008, 457675.6409999989], [145923.07200000063, 457675.48800000176], [145922.98200000077, 457675.33399999887], [145922.89400000125, 457675.1799999997], [145922.80600000173, 457675.0249999985], [145922.72100000083, 457674.868999999], [145922.63599999994, 457674.7120000012], [145922.55299999937, 457674.5540000014], [145922.47199999914, 457674.3960000016], [145922.3909999989, 457674.23699999973], [145922.313000001, 457674.0769999996], [145922.2349999994, 457673.91699999943], [145922.15900000185, 457673.756000001], [145922.0850000009, 457673.5940000005], [145922.01199999824, 457673.43200000003], [145921.94000000134, 457673.26900000125], [145921.87000000104, 457673.10500000045], [145921.80200000107, 457672.94099999964], [145921.7340000011, 457672.77600000054], [145921.66899999976, 457672.61100000143], [145921.60500000045, 457672.4439999983], [145921.54199999943, 457672.27800000086], [145921.48099999875, 457672.11100000143], [145921.4210000001, 457671.94299999997], [145921.36300000176, 457671.7749999985], [145921.30600000173, 457671.60599999875], [145921.2509999983, 457671.436999999], [145921.19700000063, 457671.2670000009], [145921.14499999955, 457671.09699999914], [145921.0940000005, 457670.92599999905], [145921.0450000018, 457670.75499999896], [145920.99799999967, 457670.58300000057], [145920.95199999958, 457670.41099999845], [145920.90700000152, 457670.23900000006], [145920.86400000006, 457670.06599999964], [145920.82299999893, 457669.8929999992], [145920.78299999982, 457669.7190000005], [145920.74500000104, 457669.5460000001], [145920.70800000057, 457669.37099999934], [145920.67300000042, 457669.1970000006], [145920.63899999857, 457669.0219999999], [145920.60700000077, 457668.84699999914], [145920.57600000128, 457668.6710000001], [145920.54800000042, 457668.49599999934], [145920.51999999955, 457668.3200000003], [145920.49399999902, 457668.14400000125], [145920.4699999988, 457667.9670000002], [145920.44799999893, 457667.79100000113], [145920.42599999905, 457667.61400000006], [145920.40700000152, 457667.436999999], [145920.38899999857, 457667.26000000164], [145920.37299999967, 457667.08199999854], [145920.35799999908, 457666.9050000012], [145920.3449999988, 457666.7270000018], [145920.33300000057, 457666.55000000075], [145920.32299999893, 457666.3720000014], [145920.31500000134, 457666.1939999983], [145920.30799999833, 457666.0159999989], [145920.30299999937, 457665.8379999995], [145920.29899999872, 457665.66000000015], [145920.2969999984, 457665.4820000008], [145920.2969999984, 457665.3040000014], [145920.29800000042, 457665.1259999983], [145920.30099999905, 457664.9479999989], [145920.3049999997, 457664.76999999955], [145920.3110000007, 457664.5920000002], [145920.31899999827, 457664.4140000008], [145920.3280000016, 457664.23699999973], [145920.33900000155, 457664.05900000036], [145920.3509999998, 457663.881000001], [145920.36499999836, 457663.7039999999], [145920.37999999896, 457663.52600000054], [145920.39699999988, 457663.34899999946], [145920.41600000113, 457663.1719999984], [145920.4360000007, 457662.99500000104], [145920.45800000057, 457662.81799999997], [145920.48200000077, 457662.6420000009], [145920.50699999928, 457662.46599999815], [145920.53299999982, 457662.2899999991], [145920.5610000007, 457662.11400000006], [145920.59099999815, 457661.938000001], [145920.62200000137, 457661.76300000027], [145920.6550000012, 457661.5879999995], [145923.24700000137, 457650.08199999854], [145928.1860000007, 457627.881000001], [145933.75699999928, 457603.0179999992], [145937.64400000125, 457585.5329999998], [145943.4450000003, 457559.4360000007], [145945.7740000002, 457548.9609999992], [145949.11800000072, 457534.51999999955], [145952.6799999997, 457519.13699999824], [145953.20800000057, 457516.85500000045], [145989.31500000134, 457525.70600000024], [146000.0, 457528.26099999994], [146001.5399999991, 457528.6180000007], [146005.05799999833, 457533.0870000012], [146131.37099999934, 457580.6570000015], [146142.16800000146, 457584.72399999946], [146178.87900000066, 457602.87000000104], [146187.1240000017, 457607.45899999887], [146183.98800000176, 457614.3740000017], [146165.2419999987, 457660.13599999994], [146165.11899999902, 457660.4849999994], [146161.63800000027, 457670.3830000013], [146123.48099999875, 457656.63899999857], [146120.89299999923, 457663.4609999992], [146112.55900000036, 457685.30799999833]]]}}, {"type": "Feature", "id": "53245", "properties": {"OBJECTID": "53245", "LOCATIEGROEP_ID": "nl.imow-pv26.gebiedengroep.003000000000000000000484", "SYMBOOL_CODE": "vsg028", "GROEP": "bedrijventerrein", "9e750651-8e97-4bc6-b09e-fc30b5f3e83c_id": "3943", "LOCATIE_ID": "nl.imow-pv26.gebied.003000000000000000000484e61331", "DOCUMENT_URL": "https://omgevingsbeleid.provincie-utrecht.nl/home?d=/akn/nl/act/pv26/2022/omgevingsverordening/nld@1089&o=", "NAAM": "Reductielocaties", "TYPE": "ruimtelijk gebruik", "LOCATIEGROEP_NAAM": "Reductielocaties", "LOCATIE_NAAM": null}, "geometry": {"type": "Polygon", "coordinates": [[[135607.75699999928, 450271.84699999914], [135559.68299999833, 450275.9510000013], [135555.86499999836, 450276.2100000009], [135552.3660000004, 450276.4459999986], [135523.32299999893, 450278.93499999866], [135504.92399999872, 450280.51199999824], [135491.20699999854, 450281.688000001], [135483.15300000086, 450282.3779999986], [135470.5940000005, 450283.4930000007], [135459.49500000104, 450284.94299999997], [135450.6409999989, 450286.09800000116], [135446.5390000008, 450288.08199999854], [135429.87099999934, 450291.6779999994], [135424.8839999996, 450292.75400000066], [135419.69999999925, 450293.8729999997], [135393.1959999986, 450299.5529999994], [135363.4609999992, 450315.7010000013], [135349.96700000018, 450323.8740000017], [135347.32299999893, 450325.4479999989], [135342.11199999973, 450328.5489999987], [135343.34099999815, 450330.4690000005], [135344.23000000045, 450331.85599999875], [135345.4360000007, 450333.73999999836], [135339.24799999967, 450339.07400000095], [135334.2749999985, 450347.1730000004], [135291.64299999923, 450380.8060000017], [135285.47199999914, 450384.4389999993], [135276.5390000008, 450392.72199999914], [135274.3209999986, 450394.5720000006], [135272.10500000045, 450396.4200000018], [135256.19200000167, 450408.7430000007], [135255.73800000176, 450409.0949999988], [135251.25499999896, 450412.56599999964], [135242.87999999896, 450419.0520000011], [135232.24399999902, 450402.6079999991], [135227.81599999964, 450396.9140000008], [135224.49599999934, 450391.8530000001], [135217.22300000116, 450380.30799999833], [135209.15799999982, 450366.86499999836], [135206.81799999997, 450362.55000000075], [135202.59600000083, 450354.7659999989], [135158.2419999987, 450268.0179999992], [135155.71200000122, 450262.0080000013], [135147.17399999872, 450246.19200000167], [135131.44000000134, 450215.43200000003], [135121.3200000003, 450196.61199999973], [135110.88500000164, 450175.89400000125], [135098.313000001, 450150.51000000164], [135084.3990000002, 450120.77699999884], [135079.97100000083, 450108.59899999946], [135077.22199999914, 450102.38699999824], [135068.74399999902, 450082.9780000001], [135059.57299999893, 450064.1579999998], [135041.74399999902, 450029.7270000018], [135037.436999999, 450021.40900000185], [135035.22199999914, 450017.186999999], [135030.9530000016, 450017.3449999988], [135020.38800000027, 450000.0], [135009.8299999982, 449977.686999999], [135009.66200000048, 449976.58399999887], [135007.5709999986, 449973.5610000007], [135005.688000001, 449969.88599999994], [135003.60700000077, 449965.8269999996], [135000.0, 449958.7879999988], [134997.1400000006, 449952.881000001], [134993.8359999992, 449946.05700000003], [134985.0799999982, 449928.36400000006], [134977.27899999917, 449912.6000000015], [134974.98000000045, 449907.9549999982], [134972.27299999818, 449902.4840000011], [134970.46299999952, 449898.8260000013], [134940.73900000006, 449841.20899999887], [134884.01099999994, 449728.86199999973], [134879.92599999905, 449722.51000000164], [134873.33799999952, 449711.061999999], [134852.69299999997, 449673.5540000014], [134839.03700000048, 449647.1180000007], [134819.59600000083, 449607.65199999884], [134811.74300000072, 449587.83900000155], [134807.38500000164, 449576.84699999914], [134791.80000000075, 449535.2729999982], [134784.5700000003, 449512.90399999917], [134777.5009999983, 449490.30900000036], [134770.1099999994, 449459.73000000045], [134764.64699999988, 449417.6279999986], [134762.07699999958, 449391.2670000009], [134762.07699999958, 449356.9979999997], [134764.32600000128, 449335.1559999995], [134767.5390000008, 449313.5399999991], [134768.6640000008, 449311.7329999991], [134772.19900000095, 449294.1090000011], [134777.5009999983, 449276.33399999887], [134789.3900000006, 449247.563000001], [134804.9750000015, 449214.9519999996], [134825.7809999995, 449175.40900000185], [134835.90399999917, 449158.0870000012], [134861.77100000158, 449121.0309999995], [134863.8590000011, 449119.0729999989], [134869.96499999985, 449113.1229999997], [134896.07299999893, 449078.4770000018], [134967.94200000167, 448988.66699999943], [134973.01300000027, 449007.7960000001], [135000.0, 449105.7430000007], [135032.93400000036, 449219.7289999984], [135033.7740000002, 449220.6730000004], [135035.62200000137, 449220.3590000011], [135056.79300000146, 449215.0029999986], [135083.8440000005, 449207.44099999964], [135069.08100000024, 449151.44299999997], [135077.3139999993, 449148.29100000113], [135079.96499999985, 449146.2030000016], [135081.07200000063, 449145.33100000024], [135082.65300000086, 449144.7190000005], [135139.22199999914, 449122.8359999992], [135152.3289999999, 449117.7659999989], [135157.9539999999, 449115.58999999985], [135185.3280000016, 449105.0009999983], [135189.19299999997, 449104.37099999934], [135199.27299999818, 449100.1180000007], [135201.96299999952, 449099.8029999994], [135204.98600000143, 449101.063000001], [135207.00200000033, 449103.42599999905], [135208.68299999833, 449107.6790000014], [135211.59899999946, 449100.0150000006], [135213.90700000152, 449093.94900000095], [135213.06599999964, 449090.1229999997], [135212.40799999982, 449087.12099999934], [135193.63800000027, 449001.6070000008], [135190.19099999964, 448982.64400000125], [135192.3449999988, 448974.45600000024], [135197.54899999872, 448962.9930000007], [135207.14699999988, 448952.0240000002], [135242.11800000072, 448921.3900000006], [135244.83999999985, 448919.4479999989], [135248.39400000125, 448916.9120000005], [135253.0159999989, 448913.6160000004], [135257.57600000128, 448910.36199999973], [135259.90199999884, 448908.3599999994], [135262.70100000128, 448905.9510000013], [135264.0460000001, 448905.1939999983], [135270.96200000122, 448899.91099999845], [135276.16699999943, 448897.3429999985], [135278.12700000033, 448896.6099999994], [135284.35599999875, 448894.61300000176], [135297.73299999908, 448892.40300000086], [135333.51000000164, 448887.98999999836], [135355.99300000072, 448886.28400000185], [135367.5, 448885.41099999845], [135372.29199999943, 448885.0469999984], [135374.1649999991, 448884.8990000002], [135377.9050000012, 448884.6020000018], [135381.7049999982, 448884.30000000075], [135383.83700000122, 448884.4439999983], [135387.91000000015, 448884.74599999934], [135391.60700000077, 448885.8020000011], [135393.66299999878, 448886.7879999988], [135397.11499999836, 448888.44299999997], [135405.33900000155, 448892.89400000125], [135408.88599999994, 448895.6099999994], [135410.5789999999, 448898.76900000125], [135409.64400000125, 448901.17599999905], [135408.43299999833, 448916.2950000018], [135409.9450000003, 448933.83100000024], [135409.33999999985, 448948.9479999989], [135403.89799999818, 448966.18200000003], [135392.7109999992, 448982.811999999], [135388.7969999984, 448986.17500000075], [135382.6259999983, 448989.17500000075], [135377.9600000009, 448990.4070000015], [135371.16200000048, 448990.3429999985], [135365.7250000015, 448989.1229999997], [135359.6889999993, 448995.69299999997], [135355.96200000122, 448999.73699999973], [135353.1790000014, 449004.5709999986], [135357.05999999866, 449008.16000000015], [135365.61300000176, 449016.0709999986], [135365.94900000095, 449017.8040000014], [135367.8509999998, 449019.2470000014], [135371.86800000072, 449022.29300000146], [135373.21299999952, 449022.7659999989], [135385.87799999863, 449036.3200000003], [135389.25699999928, 449039.936999999], [135406.22700000182, 449059.9450000003], [135419.1649999991, 449077.58900000155], [135428.23699999973, 449091.92500000075], [135431.96299999952, 449099.31799999997], [135442.1719999984, 449118.03599999845], [135444.17700000107, 449123.0489999987], [135449.82499999925, 449137.1700000018], [135456.61400000006, 449157.5379999988], [135463.40399999917, 449180.4990000017], [135471.3040000014, 449214.69299999997], [135487.84600000083, 449283.2039999999], [135500.93100000173, 449345.2960000001], [135505.9919999987, 449372.33100000024], [135615.03500000015, 449349.9699999988], [135630.81700000167, 449348.61300000176], [135635.94999999925, 449343.375], [135668.90900000185, 449317.9750000015], [135676.90100000054, 449306.1629999988], [135677.65100000054, 449305.77800000086], [135681.6240000017, 449307.8759999983], [135688.56599999964, 449305.9149999991], [135688.42700000107, 449311.3759999983], [135687.65399999917, 449316.56599999964], [135686.9919999987, 449325.1799999997], [135687.65399999917, 449332.02699999884], [135688.20899999887, 449337.7179999985], [135688.66299999878, 449342.3729999997], [135689.21799999848, 449348.05700000003], [135689.37999999896, 449349.71499999985], [135694.99500000104, 449373.9479999989], [135695.73600000143, 449377.1460000016], [135699.97300000116, 449395.4290000014], [135701.05600000173, 449400.10500000045], [135706.00499999896, 449421.4629999995], [135714.5789999999, 449458.1579999998], [135715.37999999896, 449461.5879999995], [135716.75499999896, 449467.2120000012], [135718.5709999986, 449470.8189999983], [135717.2969999984, 449475.0089999996], [135716.82699999958, 449476.52600000054], [135712.81599999964, 449482.67599999905], [135712.42399999872, 449483.0379999988], [135708.9299999997, 449486.26300000027], [135707.60200000182, 449487.48900000006], [135703.32400000095, 449490.1629999988], [135697.30799999833, 449492.3020000011], [135667.36199999973, 449497.11499999836], [135660.67700000107, 449497.7829999998], [135651.38500000164, 449497.65199999884], [135649.20199999958, 449497.96499999985], [135645.30299999937, 449498.5850000009], [135598.37799999863, 449506.47300000116], [135593.43100000173, 449506.73999999836], [135585.27600000054, 449505.938000001], [135575.51700000092, 449505.26999999955], [135572.78500000015, 449505.6490000002], [135569.5469999984, 449506.09800000116], [135562.69399999827, 449507.0469999984], [135547.11400000006, 449510.0089999996], [135536.58100000024, 449512.01199999824], [135531.73600000143, 449512.72300000116], [135530.30999999866, 449512.93299999833], [135530.78599999845, 449515.2960000001], [135531.53700000048, 449519.01900000125], [135532.38699999824, 449524.34800000116], [135533.60200000182, 449532.73699999973], [135535.05000000075, 449542.20899999887], [135535.79399999976, 449548.811999999], [135536.0469999984, 449550.26000000164], [135536.35599999875, 449552.0240000002], [135537.43400000036, 449555.9070000015], [135537.51700000092, 449556.53599999845], [135539.55999999866, 449571.9910000004], [135542.25200000033, 449591.69000000134], [135543.9530000016, 449604.94000000134], [135547.35399999842, 449628.0399999991], [135558.05299999937, 449687.13500000164], [135565.63500000164, 449740.27800000086], [135569.66899999976, 449778.2679999992], [135570.7950000018, 449786.51900000125], [135571.47100000083, 449791.4759999998], [135576.72399999946, 449848.5240000002], [135577.3509999998, 449853.30999999866], [135582.55999999866, 449918.6099999994], [135584.8289999999, 449961.6180000007], [135585.2340000011, 449967.20899999887], [135585.51399999857, 449971.0760000013], [135588.37099999934, 449971.08399999887], [135592.00400000066, 449971.0940000005], [135602.3440000005, 449972.4840000011], [135611.19399999827, 449972.92500000075], [135637.6719999984, 449974.2430000007], [135641.77699999884, 449974.4479999989], [135642.5080000013, 449974.4840000011], [135646.0709999986, 449974.66099999845], [135667.19900000095, 449975.71400000155], [135678.0850000009, 449975.93299999833], [135686.12200000137, 449976.0949999988], [135706.34699999914, 449976.5009999983], [135711.05299999937, 449977.2890000008], [135716.16099999845, 449977.6000000015], [135722.6499999985, 449978.0020000003], [135737.53599999845, 449978.8960000016], [135764.67799999937, 449980.22399999946], [135767.94099999964, 449980.3839999996], [135769.86300000176, 449980.4789999984], [135773.8200000003, 449980.6730000004], [135774.84699999914, 449980.72300000116], [135778.81599999964, 449980.91699999943], [135823.66200000048, 449983.11300000176], [135915.0780000016, 449987.5879999995], [135921.60700000077, 449985.23800000176], [135927.38699999824, 449985.2950000018], [135927.30299999937, 449987.1860000007], [135923.59099999815, 450000.0], [135904.75600000098, 450066.41699999943], [135894.63599999994, 450102.79199999943], [135882.35599999875, 450144.1770000011], [135881.1649999991, 450148.2679999992], [135879.62000000104, 450153.5760000013], [135877.0789999999, 450162.3040000014], [135871.5709999986, 450165.7650000006], [135867.28599999845, 450177.9789999984], [135864.27299999818, 450185.13500000164], [135860.6330000013, 450194.4239999987], [135857.49399999902, 450200.57499999925], [135854.73200000077, 450205.97300000116], [135848.45600000024, 450214.3839999996], [135843.18299999833, 450220.66099999845], [135839.29199999943, 450224.8029999994], [135834.26999999955, 450229.0720000006], [135829.7509999983, 450231.83300000057], [135820.96400000155, 450237.10599999875], [135815.1889999993, 450240.49500000104], [135806.15100000054, 450244.63800000027], [135799.62299999967, 450247.65100000054], [135794.2250000015, 450249.78500000015], [135784.03799999878, 450253.7829999998], [135768.44799999893, 450255.48000000045], [135719.91600000113, 450260.76000000164], [135708.37099999934, 450262.0159999989], [135704.31500000134, 450262.45800000057], [135690.9140000008, 450263.8029999994], [135684.8440000005, 450264.4129999988], [135669.1719999984, 450266.1039999984], [135648.61499999836, 450268.3839999996], [135646.12200000137, 450268.5929999985], [135644.08199999854, 450268.8139999993], [135624.9840000011, 450270.4679999985], [135622.76199999824, 450270.66099999845], [135617.7259999998, 450271.09899999946], [135611.4149999991, 450271.6479999982], [135609.45199999958, 450271.6259999983], [135607.75699999928, 450271.84699999914]]]}}, {"type": "Feature", "id": "53246", "properties": {"OBJECTID": "53246", "LOCATIEGROEP_ID": "nl.imow-pv26.gebiedengroep.003000000000000000000484", "SYMBOOL_CODE": "vsg028", "GROEP": "bedrijventerrein", "9e750651-8e97-4bc6-b09e-fc30b5f3e83c_id": "3944", "LOCATIE_ID": "nl.imow-pv26.gebied.003000000000000000000484e61327", "DOCUMENT_URL": "https://omgevingsbeleid.provincie-utrecht.nl/home?d=/akn/nl/act/pv26/2022/omgevingsverordening/nld@1089&o=", "NAAM": "Reductielocaties", "TYPE": "ruimtelijk gebruik", "LOCATIEGROEP_NAAM": "Reductielocaties", "LOCATIE_NAAM": null}, "geometry": {"type": "Polygon", "coordinates": [[[140957.79800000042, 446956.99599999934], [141145.9990000017, 447017.1730000004], [141139.68200000003, 447024.6620000005], [141119.5709999986, 447088.97199999914], [141116.92300000042, 447098.46599999815], [141114.2749999985, 447107.9600000009], [141111.62700000033, 447117.4539999999], [141102.30799999833, 447157.6339999996], [141101.34699999914, 447162.03400000185], [141100.38599999994, 447166.43400000036], [141092.49799999967, 447207.0399999991], [141088.3280000016, 447232.14499999955], [141083.97300000116, 447262.76999999955], [141079.4140000008, 447284.45600000024], [141078.19000000134, 447288.8440000005], [141076.96700000018, 447293.2329999991], [141075.74300000072, 447297.62099999934], [141074.51900000125, 447302.01000000164], [141042.5700000003, 447358.0469999984], [141035.1339999996, 447367.76999999955], [141032.0089999996, 447365.91699999943], [141015.99300000072, 447356.41800000146], [140961.2960000001, 447323.9770000018], [140872.0780000016, 447293.2580000013], [140869.5309999995, 447287.71599999815], [140917.63699999824, 447143.8579999991], [140965.74300000072, 447000.0], [140968.46400000155, 446993.6790000014], [140968.75, 446988.3049999997], [140966.73099999875, 446982.15199999884], [140951.43400000036, 446977.32400000095], [140932.13199999928, 446968.51900000125], [140937.42799999937, 446950.63699999824], [140957.79800000042, 446956.99599999934]]]}}, {"type": "Feature", "id": "53248", "properties": {"OBJECTID": "53248", "LOCATIEGROEP_ID": "nl.imow-pv26.gebiedengroep.003000000000000000000484", "SYMBOOL_CODE": "vsg028", "GROEP": "bedrijventerrein", "9e750651-8e97-4bc6-b09e-fc30b5f3e83c_id": "3946", "LOCATIE_ID": "nl.imow-pv26.gebied.003000000000000000000484e61348", "DOCUMENT_URL": "https://omgevingsbeleid.provincie-utrecht.nl/home?d=/akn/nl/act/pv26/2022/omgevingsverordening/nld@1089&o=", "NAAM": "Reductielocaties", "TYPE": "ruimtelijk gebruik", "LOCATIEGROEP_NAAM": "Reductielocaties", "LOCATIE_NAAM": null}, "geometry": {"type": "Polygon", "coordinates": [[[158431.2100000009, 466711.4919999987], [158435.03700000048, 466712.7710000016], [158438.8440000005, 466715.54300000146], [158456.29399999976, 466729.40900000185], [158464.08399999887, 466737.04300000146], [158472.0300000012, 466747.0150000006], [158480.6000000015, 466757.9210000001], [158487.61100000143, 466769.2950000018], [158491.97300000116, 466777.70800000057], [158495.71200000122, 466785.0309999995], [158503.50299999863, 466803.41600000113], [158510.6700000018, 466820.7100000009], [158518.14799999818, 466838.9389999993], [158528.8990000002, 466867.76300000027], [158535.34099999815, 466887.9539999999], [158542.1339999996, 466912.8220000006], [158546.98600000143, 466934.8990000002], [158550.50400000066, 466954.186999999], [158553.77899999917, 466979.66099999845], [158555.47700000182, 467002.22399999946], [158556.2049999982, 467022.36100000143], [158556.2049999982, 467050.8680000007], [158555.11300000176, 467084.34899999946], [158550.86800000072, 467161.7419999987], [158547.71400000155, 467212.5700000003], [158545.65199999884, 467236.83100000024], [158542.73999999836, 467262.4270000011], [158539.46499999985, 467290.0850000009], [158537.64499999955, 467310.3429999985], [158535.94700000063, 467339.0920000002], [158534.93200000003, 467367.59600000083], [158533.81500000134, 467386.75499999896], [158533.1169999987, 467398.7340000011], [158529.20699999854, 467405.85500000045], [158529.34699999914, 467411.7190000005], [158527.53200000152, 467441.73999999836], [158527.2960000001, 467450.69099999964], [158527.11300000176, 467457.6579999998], [158528.20699999854, 467471.2969999984], [158528.29800000042, 467475.58100000024], [158528.4200000018, 467481.30900000036], [158491.0540000014, 467443.32400000095], [158393.62799999863, 467346.2179999985], [158376.2509999983, 467328.84099999815], [158306.02699999884, 467258.9759999998], [158231.7899999991, 467186.1460000016], [158225.21499999985, 467175.23000000045], [158222.67799999937, 467171.0170000009], [158220.47199999914, 467167.3539999984], [158213.46200000122, 467159.54199999943], [158214.18200000003, 467156.9530000016], [158214.9549999982, 467154.1710000001], [158222.67500000075, 467147.08399999887], [158259.69700000063, 467038.6970000006], [158261.03400000185, 467034.78400000185], [158289.125, 466952.54300000146], [158299.3909999989, 466922.48800000176], [158301.2740000002, 466915.90399999917], [158301.51000000164, 466914.3779999986], [158302.51799999923, 466907.8509999998], [158304.06899999827, 466907.7419999987], [158306.063000001, 466907.4620000012], [158308.03299999982, 466907.04300000146], [158309.96799999848, 466906.48800000176], [158311.8599999994, 466905.80000000075], [158313.69900000095, 466904.98099999875], [158315.47700000182, 466904.03599999845], [158317.18400000036, 466902.9690000005], [158318.813000001, 466901.78500000015], [158320.35599999875, 466900.4910000004], [158321.8040000014, 466899.0920000002], [158323.15100000054, 466897.59600000083], [158324.3909999989, 466896.01000000164], [158325.51700000092, 466894.33999999985], [158326.52299999818, 466892.59699999914], [158327.4059999995, 466890.7870000005], [158327.7659999989, 466889.8960000016], [158328.16000000015, 466888.9200000018], [158328.78200000152, 466887.006000001], [158328.96200000122, 466886.2820000015], [158329.26900000125, 466885.0520000011], [158329.61899999902, 466883.0689999983], [158329.68400000036, 466882.4510000013], [158329.8289999999, 466881.06700000167], [158329.8999999985, 466879.0549999997], [158329.8289999999, 466877.04300000146], [158329.61899999902, 466875.0399999991], [158329.26900000125, 466873.05700000003], [158328.78200000152, 466871.1039999984], [158328.16000000015, 466869.1889999993], [158327.4059999995, 466867.3220000006], [158326.52299999818, 466865.51300000027], [158325.51700000092, 466863.76900000125], [158324.3909999989, 466862.1000000015], [158323.15100000054, 466860.51300000027], [158321.8040000014, 466859.0170000009], [158320.86199999973, 466858.10599999875], [158327.13800000027, 466844.3740000017], [158339.26799999923, 466824.80799999833], [158368.61400000006, 466780.58999999985], [158406.95899999887, 466731.28400000185], [158419.4750000015, 466714.188000001], [158423.10799999908, 466712.4270000011], [158427.31500000134, 466711.4919999987], [158431.2100000009, 466711.4919999987]]]}}, {"type": "Feature", "id": "53249", "properties": {"OBJECTID": "53249", "LOCATIEGROEP_ID": "nl.imow-pv26.gebiedengroep.003000000000000000000484", "SYMBOOL_CODE": "vsg028", "GROEP": "bedrijventerrein", "9e750651-8e97-4bc6-b09e-fc30b5f3e83c_id": "3947", "LOCATIE_ID": "nl.imow-pv26.gebied.003000000000000000000484e61349", "DOCUMENT_URL": "https://omgevingsbeleid.provincie-utrecht.nl/home?d=/akn/nl/act/pv26/2022/omgevingsverordening/nld@1089&o=", "NAAM": "Reductielocaties", "TYPE": "ruimtelijk gebruik", "LOCATIEGROEP_NAAM": "Reductielocaties", "LOCATIE_NAAM": null}, "geometry": {"type": "Polygon", "coordinates": [[[158260.82299999893, 467259.3229999989], [158266.8209999986, 467264.83999999985], [158277.8350000009, 467274.8280000016], [158279.18499999866, 467276.05099999905], [158487.8990000002, 467465.19200000167], [158506.88599999994, 467484.2580000013], [158515.93499999866, 467493.3449999988], [158515.08999999985, 467517.0879999995], [158511.0150000006, 467613.61199999973], [158504.5300000012, 467733.125], [158499.63899999857, 467736.561999999], [158499.26700000092, 467743.38500000164], [158498.53400000185, 467756.5009999983], [158499.05600000173, 467761.80999999866], [158498.91800000146, 467762.8740000017], [158494.4059999995, 467765.30999999866], [158490.0089999996, 467767.9459999986], [158485.7349999994, 467770.77800000086], [158477.38199999928, 467777.02600000054], [158466.79800000042, 467786.3440000005], [158464.26399999857, 467787.44900000095], [158462.63800000027, 467788.37099999934], [158445.31899999827, 467802.7950000018], [158445.24399999902, 467802.85500000045], [158324.8999999985, 467536.3590000011], [158324.65900000185, 467535.82400000095], [158322.6009999998, 467531.2670000009], [158322.34899999946, 467530.70899999887], [158294.69900000095, 467469.48000000045], [158292.14699999988, 467463.8289999999], [158275.22800000012, 467426.36199999973], [158280.85700000077, 467402.381000001], [158213.6330000013, 467253.5150000006], [158216.08300000057, 467247.1099999994], [158198.49500000104, 467240.3819999993], [158190.54100000113, 467261.1790000014], [158187.55799999833, 467260.4539999999], [158179.01399999857, 467257.0240000002], [158177.9149999991, 467256.37999999896], [158181.37099999934, 467247.2179999985], [158182.78200000152, 467243.38500000164], [158184.79899999872, 467238.6319999993], [158199.8299999982, 467203.2170000002], [158260.82299999893, 467259.3229999989]]]}}, {"type": "Feature", "id": "53250", "properties": {"OBJECTID": "53250", "LOCATIEGROEP_ID": "nl.imow-pv26.gebiedengroep.003000000000000000000484", "SYMBOOL_CODE": "vsg028", "GROEP": "bedrijventerrein", "9e750651-8e97-4bc6-b09e-fc30b5f3e83c_id": "3948", "LOCATIE_ID": "nl.imow-pv26.gebied.003000000000000000000484e61347", "DOCUMENT_URL": "https://omgevingsbeleid.provincie-utrecht.nl/home?d=/akn/nl/act/pv26/2022/omgevingsverordening/nld@1089&o=", "NAAM": "Reductielocaties", "TYPE": "ruimtelijk gebruik", "LOCATIEGROEP_NAAM": "Reductielocaties", "LOCATIE_NAAM": null}, "geometry": {"type": "Polygon", "coordinates": [[[127868.98099999875, 465836.2659999989], [127869.1099999994, 465836.77699999884], [127812.78200000152, 465860.8060000017], [127808.67100000009, 465862.3830000013], [127808.73000000045, 465862.53400000185], [127808.02499999851, 465862.8350000009], [127815.83900000155, 465884.1070000008], [127818.76900000125, 465893.15199999884], [127768.8909999989, 465909.93299999833], [127739.97700000182, 465919.66099999845], [127729.81100000069, 465923.26199999824], [127725.47199999914, 465912.03500000015], [127718.62299999967, 465892.4530000016], [127707.60000000149, 465862.09099999815], [127698.71799999848, 465838.55000000075], [127694.6950000003, 465827.11400000006], [127688.65900000185, 465810.2820000015], [127687.09699999914, 465805.9270000011], [127680.5700000003, 465788.69999999925], [127679.86499999836, 465786.61300000176], [127677.78799999878, 465780.4600000009], [127676.2100000009, 465776.2019999996], [127677.48600000143, 465751.31700000167], [127677.76900000125, 465751.2679999992], [127680.82600000128, 465689.98600000143], [127684.1559999995, 465622.4270000011], [127688.46400000155, 465554.60500000045], [127689.77600000054, 465532.73099999875], [127691.73999999836, 465500.0], [127692.52600000054, 465486.89499999955], [127696.09899999946, 465419.3229999989], [127699.56599999964, 465340.5], [127699.82600000128, 465334.5859999992], [127700.33700000122, 465322.993999999], [127700.39999999851, 465321.5610000007], [127701.3440000005, 465316.5329999998], [127701.39999999851, 465316.5399999991], [127703.02499999851, 465307.5929999985], [127704.15199999884, 465301.6000000015], [127715.26900000125, 465242.9310000017], [127723.87200000137, 465210.4450000003], [127724.26799999923, 465208.94999999925], [127734.8200000003, 465198.256000001], [127742.27499999851, 465192.12099999934], [127742.48800000176, 465191.9450000003], [127744.82400000095, 465190.4629999995], [127746.76199999824, 465189.2659999989], [127759.22599999979, 465180.8189999983], [127773.45699999854, 465166.8570000008], [127784.13199999928, 465149.98699999973], [127785.7659999989, 465145.86400000006], [127786.62200000137, 465143.70600000024], [127786.83399999887, 465143.1710000001], [127791.4299999997, 465131.5769999996], [127792.62200000137, 465110.5929999985], [127795.10500000045, 465088.85599999875], [127790.79699999839, 465069.37099999934], [127781.60099999979, 465043.0170000009], [127780.62799999863, 465040.2289999984], [127780.00499999896, 465041.11199999973], [127776.29899999872, 465033.27699999884], [127770.6640000008, 465021.36499999836], [127766.36699999869, 465012.2800000012], [127765.00600000098, 465009.47399999946], [127764.02600000054, 465005.47399999946], [127763.32899999991, 465001.7030000016], [127763.28000000119, 465000.0], [127763.16600000113, 464996.06700000167], [127763.59800000116, 464992.71400000155], [127764.45699999854, 464989.31599999964], [127766.10399999842, 464985.2569999993], [127775.42700000107, 464964.29100000113], [127766.63199999928, 464949.15900000185], [127763.3040000014, 464948.62900000066], [127760.19000000134, 464947.3429999985], [127757.45699999854, 464945.3720000014], [127755.25400000066, 464942.8220000006], [127752.64299999923, 464939.21499999985], [127749.53400000185, 464936.02600000054], [127745.99500000104, 464933.32499999925], [127742.09899999946, 464931.16800000146], [127737.9299999997, 464929.6009999998], [127733.57800000161, 464928.65900000185], [127729.13500000164, 464928.36100000143], [127724.67300000042, 464928.58300000057], [127721.91200000048, 464928.2039999999], [127719.31399999931, 464927.1950000003], [127717.02100000158, 464925.61100000143], [127715.15700000152, 464923.5390000008], [127713.82400000095, 464921.0920000002], [127708.12700000033, 464911.46499999985], [127706.28299999982, 464907.7890000008], [127705.02600000054, 464903.8740000017], [127704.38699999824, 464899.811999999], [127704.37900000066, 464895.69900000095], [127705.00400000066, 464891.63500000164], [127706.24700000137, 464887.71499999985], [127708.52400000021, 464883.6810000017], [127711.4609999992, 464880.09800000116], [127714.96999999881, 464877.07400000095], [127718.9459999986, 464874.6970000006], [127723.27199999988, 464873.0399999991], [127726.64699999988, 464872.21499999985], [127729.61100000143, 464871.631000001], [127754.06899999827, 464867.0709999986], [127774.52699999884, 464862.9919999987], [127785.77100000158, 464860.73699999973], [127785.98200000077, 464861.08100000024], [127786.11600000039, 464862.02800000086], [127791.1959999986, 464861.18499999866], [127793.10599999875, 464860.8680000007], [127798.45899999887, 464859.98000000045], [127800.42399999872, 464859.65399999917], [127805.01399999857, 464858.8929999992], [127804.86400000006, 464857.9699999988], [127804.86400000006, 464857.2969999984], [127808.71200000122, 464857.34600000083], [127812.51300000027, 464857.9549999982], [127816.18299999833, 464859.11199999973], [127819.64600000158, 464860.79199999943], [127822.82800000161, 464862.95800000057], [127825.65900000185, 464865.56500000134], [127828.65399999917, 464869.7509999983], [127831.0540000014, 464874.3049999997], [127832.81300000101, 464879.1429999992], [127833.89900000021, 464884.17500000075], [127834.29300000146, 464889.30700000003], [127834.66600000113, 464895.64400000125], [127834.78200000152, 464902.8209999986], [127835.08399999887, 464923.5], [127835.31300000101, 464939.118999999], [127835.54100000113, 464954.8420000002], [127835.57999999821, 464955.76099999994], [127835.48200000077, 464955.7679999992], [127835.96999999881, 464959.48000000045], [127836.8740000017, 464977.368999999], [127837.97500000149, 464995.36199999973], [127838.2509999983, 465000.0], [127839.04600000009, 465013.3680000007], [127840.29399999976, 465029.77800000086], [127841.3040000014, 465043.04399999976], [127842.96400000155, 465061.6079999991], [127844.91099999845, 465083.3680000007], [127845.77100000158, 465098.64499999955], [127846.2490000017, 465108.74500000104], [127846.10099999979, 465114.01199999824], [127845.22700000182, 465119.20800000057], [127843.64499999955, 465124.2340000011], [127841.38399999961, 465128.9930000007], [127838.0940000005, 465135.38899999857], [127831.5009999983, 465147.6939999983], [127821.1409999989, 465166.9970000014], [127805.88100000098, 465195.52699999884], [127798.41800000146, 465209.5069999993], [127797.93800000101, 465210.4070000015], [127775.92000000179, 465252.1629999988], [127773.29399999976, 465257.08900000155], [127767.77100000158, 465267.4450000003], [127766.8040000014, 465269.25499999896], [127761.1950000003, 465280.15399999917], [127760.18600000069, 465283.75499999896], [127759.65700000152, 465287.45800000057], [127759.61699999869, 465291.1979999989], [127760.06700000167, 465294.91099999845], [127767.36100000143, 465336.03500000015], [127767.7650000006, 465338.69000000134], [127770.18800000101, 465352.8060000017], [127776.76099999994, 465392.3909999989], [127779.72599999979, 465409.60599999875], [127795.26399999857, 465500.0], [127795.51700000092, 465501.4450000003], [127817.4299999997, 465629.1220000014], [127817.92199999839, 465631.9910000004], [127818.77800000086, 465636.9820000008], [127822.70600000024, 465659.89400000125], [127823.72800000012, 465665.8590000011], [127827.98200000077, 465690.66699999943], [127829.18699999899, 465697.6970000006], [127832.16099999845, 465715.04399999976], [127834.29100000113, 465727.46499999985], [127838.33900000155, 465751.0769999996], [127839.5540000014, 465758.15900000185], [127842.25899999961, 465773.9389999993], [127843.15300000086, 465779.15100000054], [127843.26000000164, 465781.1330000013], [127842.92700000107, 465783.08900000155], [127842.72500000149, 465783.6460000016], [127842.49700000137, 465784.19299999997], [127841.67799999937, 465785.7109999992], [127840.64900000021, 465787.0949999988], [127838.87999999896, 465789.1169999987], [127837.43499999866, 465791.3819999993], [127836.1959999986, 465794.1169999987], [127835.14400000125, 465796.9290000014], [127834.56300000101, 465798.8500000015], [127834.36199999973, 465800.84699999914], [127834.29199999943, 465805.8260000013], [127834.29600000009, 465806.05799999833], [127834.42399999872, 465808.44200000167], [127834.72100000083, 465810.8110000007], [127835.3440000005, 465813.6810000017], [127836.07400000095, 465816.52600000054], [127836.79600000009, 465818.9820000008], [127837.59899999946, 465821.4129999988], [127838.76999999955, 465824.13599999994], [127840.39499999955, 465826.6160000004], [127842.42399999872, 465828.77699999884], [127844.79699999839, 465830.5540000014], [127847.22399999946, 465831.8049999997], [127849.8200000003, 465832.65399999917], [127852.51700000092, 465833.0789999999], [127853.6799999997, 465833.1279999986], [127854.8440000005, 465833.09800000116], [127867.62299999967, 465830.8979999982], [127868.98099999875, 465836.2659999989]]]}}, {"type": "Feature", "id": "53251", "properties": {"OBJECTID": "53251", "LOCATIEGROEP_ID": "nl.imow-pv26.gebiedengroep.003000000000000000000484", "SYMBOOL_CODE": "vsg028", "GROEP": "bedrijventerrein", "9e750651-8e97-4bc6-b09e-fc30b5f3e83c_id": "3949", "LOCATIE_ID": "nl.imow-pv26.gebied.003000000000000000000484e61346", "DOCUMENT_URL": "https://omgevingsbeleid.provincie-utrecht.nl/home?d=/akn/nl/act/pv26/2022/omgevingsverordening/nld@1089&o=", "NAAM": "Reductielocaties", "TYPE": "ruimtelijk gebruik", "LOCATIEGROEP_NAAM": "Reductielocaties", "LOCATIE_NAAM": null}, "geometry": {"type": "Polygon", "coordinates": [[[154720.41899999976, 463531.9459999986], [154714.25499999896, 463536.7129999995], [154708.625, 463542.9129999988], [154704.4549999982, 463547.50499999896], [154682.97199999914, 463574.2019999996], [154671.1649999991, 463589.6319999993], [154668.55700000003, 463591.4770000018], [154667.25400000066, 463592.3979999982], [154666.37200000137, 463593.0219999999], [154665.91200000048, 463593.47399999946], [154659.4750000015, 463599.8020000011], [154646.8509999998, 463611.9600000009], [154633.875, 463623.4149999991], [154620.19799999893, 463634.0529999994], [154567.71200000122, 463670.875], [154554.85300000012, 463679.29199999943], [154543.39699999988, 463685.25400000066], [154502.83399999887, 463703.6070000008], [154479.09800000116, 463712.4979999997], [154479.0940000005, 463712.5], [154461.3440000005, 463721.8440000005], [154429.37900000066, 463737.4360000007], [154422.01700000092, 463741.0210000016], [154397.93100000173, 463663.47300000116], [154395.5850000009, 463655.9210000001], [154389.21499999985, 463635.4120000005], [154376.96799999848, 463591.4829999991], [154376.96799999848, 463590.08999999985], [154377.57699999958, 463585.0639999993], [154374.05999999866, 463571.8189999983], [154373.76999999955, 463570.7479999997], [154372.23699999973, 463566.4849999994], [154370.51099999994, 463561.686999999], [154366.1550000012, 463549.5789999999], [154359.8759999983, 463531.67500000075], [154359.8740000017, 463531.65399999917], [154359.58999999985, 463529.2809999995], [154359.36300000176, 463527.37900000066], [154359.2969999984, 463526.8229999989], [154359.92399999872, 463522.6409999989], [154361.44900000095, 463520.19999999925], [154354.90300000086, 463511.48800000176], [154352.78599999845, 463508.66899999976], [154349.38699999824, 463504.1460000016], [154345.67799999937, 463499.20800000057], [154341.49700000137, 463494.19000000134], [154339.5309999995, 463492.9129999988], [154337.96499999985, 463491.8960000016], [154332.8990000002, 463496.7019999996], [154329.94000000134, 463499.5089999996], [154327.15100000054, 463502.1550000012], [154321.2199999988, 463507.7820000015], [154317.99799999967, 463510.2430000007], [154314.311999999, 463513.05799999833], [154271.00600000098, 463545.4699999988], [154266.69099999964, 463546.9849999994], [154261.77100000158, 463546.70899999887], [154261.8509999998, 463550.97199999914], [154261.94700000063, 463556.0940000005], [154167.50400000066, 463625.1790000014], [154167.4699999988, 463625.20699999854], [154165.62900000066, 463626.76999999955], [154120.05099999905, 463657.4230000004], [154069.32600000128, 463691.8900000006], [154058.57600000128, 463698.4120000005], [154063.75, 463682.5309999995], [154095.063000001, 463605.563000001], [154099.5159999989, 463593.875], [154107.59699999914, 463573.15300000086], [154128.4219999984, 463519.75], [154131.33199999854, 463513.3570000008], [154133.0639999993, 463511.6810000017], [154135.87299999967, 463503.9439999983], [154138.08999999985, 463497.83399999887], [154135.65900000185, 463494.65300000086], [154157.04800000042, 463436.3779999986], [154158.188000001, 463433.43499999866], [154158.8599999994, 463431.6979999989], [154183.90799999982, 463364.26999999955], [154186.12000000104, 463361.27899999917], [154187.94200000167, 463359.84800000116], [154190.55900000036, 463359.0309999995], [154194.97899999842, 463358.22300000116], [154196.3040000014, 463351.6810000017], [154197.31500000134, 463346.68499999866], [154195.563000001, 463342.4149999991], [154195.36899999902, 463339.40900000185], [154198.375, 463331.8449999988], [154202.2659999989, 463323.09600000083], [154208.10599999875, 463313.31599999964], [154211.563000001, 463308.2800000012], [154245.1169999987, 463269.9750000015], [154250.32499999925, 463265.8269999996], [154256.07499999925, 463261.2479999997], [154259.4690000005, 463257.17500000075], [154285.45800000057, 463226.23999999836], [154295.05799999833, 463215.6700000018], [154343.64299999923, 463158.5520000011], [154345.38800000027, 463156.0300000012], [154346.77800000086, 463152.18400000036], [154347.48900000006, 463149.79199999943], [154345.11300000176, 463147.4620000012], [154343.0859999992, 463145.47399999946], [154342.08300000057, 463144.33199999854], [154332.16699999943, 463133.43499999866], [154327.8359999992, 463127.6810000017], [154324.5390000008, 463121.6039999984], [154320.52100000158, 463113.69200000167], [154319.9210000001, 463112.6319999993], [154313.73299999908, 463097.35500000045], [154311.14400000125, 463088.6490000002], [154307.27699999884, 463075.2509999983], [154304.17399999872, 463060.186999999], [154301.3289999999, 463042.5379999988], [154300.2950000018, 463029.34899999946], [154300.65399999917, 463020.83399999887], [154301.66600000113, 463015.1860000007], [154302.6330000013, 463007.93299999833], [154304.97100000083, 462992.69200000167], [154329.48800000176, 463003.561999999], [154330.82699999958, 463000.0390000008], [154332.34899999946, 462996.03599999845], [154333.89299999923, 462992.5540000014], [154335.4050000012, 462989.14400000125], [154293.1710000001, 462970.41699999943], [154249.3500000015, 462951.69099999964], [154227.2509999983, 462944.07400000095], [154199.11899999902, 462937.09099999815], [154162.6009999998, 462930.743999999], [154135.5460000001, 462928.631000001], [154126.48299999908, 462928.0320000015], [154118.35700000077, 462928.0320000015], [154108.41899999976, 462927.76300000027], [154087.19799999893, 462926.15100000054], [154069.20100000128, 462926.15100000054], [154057.38199999928, 462926.4200000018], [154045.83199999854, 462927.493999999], [154034.01300000027, 462929.64400000125], [154027.83399999887, 462932.59899999946], [154022.73099999875, 462935.8229999989], [154018.9699999988, 462940.9270000011], [154016.8200000003, 462950.59800000116], [154017.08999999985, 462958.9270000011], [154017.9299999997, 462961.3420000002], [153986.3500000015, 462966.6240000017], [153983.82200000063, 462967.0469999984], [153981.8200000003, 462967.3819999993], [153972.69900000095, 462968.9070000015], [153967.60200000182, 462968.7529999986], [153946.30299999937, 462963.9519999996], [153943.19099999964, 462963.25], [153940.72199999914, 462962.9279999994], [153932.77299999818, 462962.9279999994], [153929.53200000152, 462962.9279999994], [153915.5460000001, 462964.5249999985], [153849.91000000015, 462976.9620000012], [153850.34699999914, 462943.9200000018], [153850.58199999854, 462783.5159999989], [153850.17700000107, 462780.59600000083], [153850.10200000182, 462779.5390000008], [153849.7890000008, 462775.1180000007], [153849.51999999955, 462765.4270000011], [153841.98699999973, 462764.88899999857], [153841.74700000137, 462760.44200000167], [153841.44900000095, 462754.9279999994], [153839.2960000001, 462754.65900000185], [153837.14400000125, 462753.58199999854], [153834.4539999999, 462751.16000000015], [153830.41800000146, 462743.6220000014], [153829.26700000092, 462740.98999999836], [153826.65100000054, 462735.0080000013], [153826.43100000173, 462734.19999999925], [153824.23000000045, 462726.125], [153824.2809999995, 462723.33100000024], [153862.2589999996, 462726.31700000167], [153867.76300000027, 462729.8209999986], [153877.48900000006, 462731.1099999994], [153886.2030000016, 462732.2670000009], [153888.4539999999, 462730.2670000009], [153931.22800000012, 462731.2659999989], [153940.7340000011, 462731.7650000006], [153944.48600000143, 462734.2679999992], [153953.33100000024, 462734.55999999866], [153961.52100000158, 462734.83100000024], [153967.9600000009, 462729.8209999986], [153970.70199999958, 462731.6180000007], [154012.19099999964, 462740.96400000155], [154053.61400000006, 462753.2049999982], [154078.4910000004, 462757.7800000012], [154083.22300000116, 462757.3049999997], [154101.43100000173, 462757.063000001], [154105.5469999984, 462757.3669999987], [154106.40700000152, 462757.4299999997], [154113.0610000007, 462757.9210000001], [154116.54899999872, 462757.8440000005], [154117.84099999815, 462757.81599999964], [154120.91299999878, 462757.97199999914], [154123.83100000024, 462757.8969999999], [154128.2809999995, 462757.7820000015], [154215.14299999923, 462755.54100000113], [154221.95899999887, 462755.54100000113], [154228.8900000006, 462755.0789999999], [154231.9299999997, 462755.07499999925], [154232.8999999985, 462755.01399999857], [154235.09299999848, 462754.875], [154236.96200000122, 462754.7569999993], [154236.84899999946, 462750.2030000016], [154236.7250000015, 462745.18499999866], [154236.67500000075, 462743.1710000001], [154236.6790000014, 462742.52800000086], [154236.70100000128, 462738.67500000075], [154236.71700000018, 462735.89499999955], [154236.73200000077, 462733.2470000014], [154236.74700000137, 462730.6790000014], [154236.76399999857, 462727.67599999905], [154232.80099999905, 462727.688000001], [154216.33100000024, 462727.73900000006], [154215.04300000146, 462727.0020000003], [154214.37299999967, 462692.8229999989], [154214.375, 462692.813000001], [154220.938000001, 462689.4059999995], [154307.64699999988, 462637.44200000167], [154323.57699999958, 462627.19200000167], [154335.12299999967, 462619.756000001], [154335.1259999983, 462619.76099999994], [154345.66800000146, 462612.9780000001], [154378.3669999987, 462591.3839999996], [154398.26399999857, 462580.7419999987], [154402.58199999854, 462576.4230000004], [154446.69399999827, 462546.5009999983], [154452.2490000017, 462544.0329999998], [154463.04399999976, 462536.936999999], [154465.2030000016, 462534.77800000086], [154487.4059999995, 462520.2809999995], [154505.9219999984, 462508.2490000017], [154512.4699999988, 462504.78400000185], [154516.97399999946, 462508.0639999993], [154532.1700000018, 462521.7179999985], [154533.86499999836, 462527.1479999982], [154536.87900000066, 462531.26900000125], [154539.71700000018, 462533.75400000066], [154543.22899999842, 462536.8289999999], [154546.59099999815, 462539.7729999982], [154551.48000000045, 462543.56599999964], [154556.6719999984, 462547.59600000083], [154565.64200000092, 462554.9780000001], [154575.72399999946, 462564.79300000146], [154583.45199999958, 462573.15100000054], [154585.63500000164, 462576.8420000002], [154587.9360000007, 462580.0949999988], [154590.18400000036, 462584.5320000015], [154593.59800000116, 462590.3020000011], [154600.44999999925, 462603.9979999997], [154619.188000001, 462645.2030000016], [154618.37700000033, 462650.0689999983], [154615.81599999964, 462655.3209999986], [154613.66000000015, 462660.57400000095], [154614.5469999984, 462666.0020000003], [154610.55200000107, 462670.8359999992], [154602.67399999872, 462678.33999999985], [154600.18100000173, 462680.3570000008], [154597.71200000122, 462682.3220000006], [154565.0159999989, 462709.0940000005], [154555.79100000113, 462715.99599999934], [154547.48099999875, 462722.2280000001], [154535.0009999983, 462731.58900000155], [154528.16899999976, 462737.0249999985], [154525.16299999878, 462739.41600000113], [154523.47899999842, 462740.75499999896], [154478.76700000092, 462773.06500000134], [154468.2809999995, 462780.5309999995], [154463.9200000018, 462782.16000000015], [154460.82600000128, 462783.3209999986], [154460.1499999985, 462787.88599999994], [154423.58900000155, 462813.5219999999], [154421.95199999958, 462814.78400000185], [154420.29899999872, 462816.05799999833], [154419.71700000018, 462816.26099999994], [154416.8049999997, 462815.5700000003], [154415.47300000116, 462816.98699999973], [154411.0610000007, 462821.6799999997], [154410.15399999917, 462824.27899999917], [154408.03700000048, 462830.3440000005], [154407.42300000042, 462832.1020000018], [154406.5469999984, 462834.61100000143], [154410.05600000173, 462836.7490000017], [154414.12999999896, 462839.5080000013], [154416.51700000092, 462841.7870000005], [154421.8900000006, 462844.42500000075], [154422.49300000072, 462844.72100000083], [154461.68299999833, 462870.256000001], [154476.2740000002, 462880.1579999998], [154484.8209999986, 462886.2030000016], [154490.76199999824, 462890.05999999866], [154522.55099999905, 462908.71599999815], [154525.15700000152, 462910.5920000002], [154526.47300000116, 462912.3729999997], [154528.28799999878, 462913.15100000054], [154531.9990000017, 462914.66600000113], [154535.75299999863, 462917.1810000017], [154539.24300000072, 462919.29100000113], [154544.6099999994, 462922.6039999984], [154547.63100000098, 462922.311999999], [154550.6009999998, 462923.1770000011], [154553.65900000185, 462924.93200000003], [154558.05600000173, 462927.5729999989], [154575.7890000008, 462938.09600000083], [154586.62700000033, 462943.87900000066], [154595.23200000077, 462948.47100000083], [154597.51799999923, 462949.69099999964], [154602.19399999827, 462953.2960000001], [154605.21499999985, 462957.09600000083], [154616.23000000045, 462979.0309999995], [154619.77699999884, 462986.8379999995], [154614.43100000173, 462990.08100000024], [154615.71599999815, 462992.88899999857], [154616.7419999987, 462995.12999999896], [154622.31500000134, 462992.2170000002], [154645.03500000015, 463041.90300000086], [154646.65300000086, 463043.53500000015], [154656.02199999988, 463064.0], [154656.37000000104, 463064.4770000018], [154657.6339999996, 463065.83900000155], [154658.57499999925, 463066.8509999998], [154659.65100000054, 463067.71400000155], [154661.49700000137, 463069.19000000134], [154664.61400000006, 463070.75], [154665.3139999993, 463070.9530000016], [154669.0789999999, 463072.0469999984], [154671.82400000095, 463072.50499999896], [154725.04199999943, 463076.19099999964], [154728.33900000155, 463078.5], [154730.2899999991, 463080.66800000146], [154731.05299999937, 463082.55999999866], [154731.5549999997, 463083.8049999997], [154731.89600000158, 463084.9549999982], [154732.2410000004, 463088.47100000083], [154731.27800000086, 463089.2120000012], [154720.38899999857, 463093.3520000018], [154721.0240000002, 463095.5529999994], [154721.68400000036, 463097.8440000005], [154725.8299999982, 463097.23999999836], [154727.73099999875, 463097.15300000086], [154728.7259999998, 463105.1160000004], [154729.97700000182, 463115.7250000015], [154729.71799999848, 463127.2129999995], [154728.3359999992, 463138.26999999955], [154725.83700000122, 463149.81799999997], [154724.79399999976, 463154.25], [154720.4750000015, 463167.20699999854], [154715.63800000027, 463175.93200000003], [154711.31899999827, 463183.0150000006], [154703.45800000057, 463191.0480000004], [154694.9059999995, 463199.25400000066], [154678.061999999, 463213.9389999993], [154657.6559999995, 463229.84800000116], [154656.6499999985, 463229.98099999875], [154655.48699999973, 463229.8260000013], [154652.30000000075, 463228.15399999917], [154650.32200000063, 463229.67599999905], [154648.1000000015, 463231.38599999994], [154649.33900000155, 463233.04399999976], [154654.54399999976, 463239.7019999996], [154651.8200000003, 463242.0309999995], [154651.0150000006, 463242.9059999995], [154644.79100000113, 463249.66899999976], [154636.45699999854, 463257.51399999857], [154636.14699999988, 463257.8049999997], [154631.43499999866, 463261.9979999997], [154632.9299999997, 463263.93499999866], [154634.2039999999, 463265.5870000012], [154636.34699999914, 463268.36499999836], [154639.69799999893, 463272.70800000057], [154642.48699999973, 463276.32400000095], [154645.12099999934, 463279.73800000176], [154647.01199999824, 463282.1889999993], [154648.686999999, 463284.3599999994], [154651.94299999997, 463288.5799999982], [154670.63500000164, 463312.80799999833], [154786.13199999928, 463463.90900000185], [154720.41899999976, 463531.9459999986]]]}}, {"type": "Feature", "id": "53252", "properties": {"OBJECTID": "53252", "LOCATIEGROEP_ID": "nl.imow-pv26.gebiedengroep.003000000000000000000484", "SYMBOOL_CODE": "vsg028", "GROEP": "bedrijventerrein", "9e750651-8e97-4bc6-b09e-fc30b5f3e83c_id": "3950", "LOCATIE_ID": "nl.imow-pv26.gebied.003000000000000000000484e61328", "DOCUMENT_URL": "https://omgevingsbeleid.provincie-utrecht.nl/home?d=/akn/nl/act/pv26/2022/omgevingsverordening/nld@1089&o=", "NAAM": "Reductielocaties", "TYPE": "ruimtelijk gebruik", "LOCATIEGROEP_NAAM": "Reductielocaties", "LOCATIE_NAAM": null}, "geometry": {"type": "Polygon", "coordinates": [[[140724.77299999818, 448665.8979999982], [140729.95600000024, 448685.55099999905], [140732.13899999857, 448694.55900000036], [140732.79800000042, 448696.5390000008], [140733.77600000054, 448699.47300000116], [140734.69799999893, 448701.625], [140737.0390000008, 448707.0949999988], [140740.05099999905, 448714.131000001], [140740.05099999905, 448718.2259999998], [140742.77800000086, 448725.868999999], [140755.92300000042, 448740.34899999946], [140736.30000000075, 448757.23900000006], [140729.71700000018, 448763.8229999989], [140721.8209999986, 448767.7729999982], [140719.78299999982, 448768.06599999964], [140717.21400000155, 448768.43200000003], [140713.17599999905, 448767.0639999993], [140671.26099999994, 448732.7509999983], [140634.3900000006, 448699.438000001], [140618.84200000018, 448687.05900000036], [140615.07600000128, 448684.0610000007], [140613.7410000004, 448682.8110000007], [140610.57499999925, 448679.84699999914], [140610.0780000016, 448679.3500000015], [140608.1550000012, 448677.0379999988], [140605.70699999854, 448672.30000000075], [140604.72800000012, 448668.6330000013], [140602.24500000104, 448658.2800000012], [140602.0540000014, 448657.7879999988], [140601.71799999848, 448657.20699999854], [140599.1950000003, 448653.868999999], [140596.7659999989, 448651.6860000007], [140596.08300000057, 448651.0720000006], [140592.49700000137, 448648.91600000113], [140588.56599999964, 448647.48099999875], [140586.1710000001, 448647.09600000083], [140581.58399999887, 448647.4310000017], [140578.73200000077, 448647.7899999991], [140578.20800000057, 448647.85599999875], [140575.68400000036, 448647.80000000075], [140573.69900000095, 448647.6860000007], [140571.40100000054, 448646.9200000018], [140568.98999999836, 448645.33199999854], [140565.86300000176, 448643.0240000002], [140563.58999999985, 448641.15399999917], [140561.61400000006, 448639.5249999985], [140547.5240000002, 448630.756000001], [140532.81500000134, 448619.19299999997], [140521.21499999985, 448612.0729999989], [140510.85500000045, 448605.71400000155], [140506.26999999955, 448603.0240000002], [140503.19399999827, 448601.375], [140484.1959999986, 448587.2430000007], [140464.42700000107, 448573.34099999815], [140446.75299999863, 448562.76399999857], [140415.6000000015, 448543.78400000185], [140402.79100000113, 448535.6460000016], [140399.44000000134, 448533.5170000009], [140396.33799999952, 448531.5469999984], [140392.71299999952, 448529.3350000009], [140384.3660000004, 448524.3599999994], [140374.9149999991, 448518.7410000004], [140374.68499999866, 448518.6039999984], [140362.6160000004, 448547.3669999987], [140301.8110000007, 448512.1409999989], [140296.64699999988, 448509.30099999905], [140285.1099999994, 448525.9549999982], [140281.1169999987, 448525.1810000017], [140288.62000000104, 448514.51999999955], [140296.6700000018, 448502.9699999988], [140297.2490000017, 448501.9290000014], [140297.90900000185, 448500.936999999], [140298.64600000158, 448500.0], [140299.52299999818, 448499.05700000003], [140300.47899999842, 448498.19200000167], [140301.50400000066, 448497.4129999988], [140302.59299999848, 448496.7250000015], [140303.73699999973, 448496.1330000013], [140304.92799999937, 448495.6409999989], [140306.1559999995, 448495.2529999986], [140307.41299999878, 448494.97199999914], [140308.69000000134, 448494.80000000075], [140309.97700000182, 448494.73800000176], [140311.26399999857, 448494.7870000005], [140312.54199999943, 448494.9459999986], [140313.80200000107, 448495.21499999985], [140315.03400000185, 448495.58999999985], [140316.23000000045, 448496.0700000003], [140316.5799999982, 448495.47199999914], [140264.6799999997, 448465.1099999994], [140265.3999999985, 448463.88899999857], [140244.8900000006, 448451.9849999994], [140225.46400000155, 448440.9849999994], [140205.7340000011, 448430.5390000008], [140185.71700000018, 448420.65399999917], [140176.03500000015, 448416.1220000014], [140166.29199999943, 448411.72100000083], [140156.48999999836, 448407.4530000016], [140154.9360000007, 448406.86400000006], [140153.33700000122, 448406.4050000012], [140151.70699999854, 448406.08100000024], [140150.0549999997, 448405.89400000125], [140148.39299999923, 448405.8440000005], [140146.73299999908, 448405.93299999833], [140145.0859999992, 448406.15900000185], [140143.46400000155, 448406.5210000016], [140141.87700000033, 448407.0170000009], [140139.50600000098, 448407.68299999833], [140138.25, 448407.9990000017], [140137.02600000054, 448408.4230000004], [140135.84299999848, 448408.94999999925], [140134.7100000009, 448409.5780000016], [140133.63599999994, 448410.30099999905], [140132.62700000033, 448411.11300000176], [140131.69299999997, 448412.01000000164], [140130.83900000155, 448412.9840000011], [140130.07299999893, 448414.02800000086], [140129.3999999985, 448415.13500000164], [140128.82400000095, 448416.2950000018], [140122.9609999992, 448429.5229999982], [140116.63500000164, 448441.98900000006], [140116.62799999863, 448442.0020000003], [140116.62200000137, 448442.01399999857], [140116.61499999836, 448442.02699999884], [140116.60799999908, 448442.0390000008], [140116.6000000015, 448442.0520000011], [140116.59299999848, 448442.0639999993], [140116.5850000009, 448442.0760000013], [140116.57699999958, 448442.0879999995], [140116.56899999827, 448442.1000000015], [140116.5610000007, 448442.11199999973], [140116.55299999937, 448442.1229999997], [140116.54399999976, 448442.13500000164], [140116.53599999845, 448442.1460000016], [140116.52699999884, 448442.1579999998], [140116.51799999923, 448442.16899999976], [140116.5089999996, 448442.1799999997], [140116.5, 448442.19099999964], [140116.48999999836, 448442.2019999996], [140116.48000000045, 448442.2120000012], [140116.47100000083, 448442.22300000116], [140116.4609999992, 448442.2329999991], [140116.45100000128, 448442.2430000007], [140116.44099999964, 448442.2529999986], [140116.4299999997, 448442.26300000027], [140116.4200000018, 448442.2729999982], [140116.40900000185, 448442.2829999998], [140116.39799999818, 448442.29199999943], [140116.38699999824, 448442.3020000011], [140116.3759999983, 448442.3110000007], [140116.36499999836, 448442.3200000003], [140116.35399999842, 448442.3289999999], [140116.34200000018, 448442.3370000012], [140116.33100000024, 448442.34600000083], [140116.31899999827, 448442.3539999984], [140116.30799999833, 448442.36199999973], [140116.2960000001, 448442.37000000104], [140116.28400000185, 448442.3779999986], [140116.27199999988, 448442.38599999994], [140116.2589999996, 448442.3929999992], [140116.24700000137, 448442.40100000054], [140116.2349999994, 448442.4079999998], [140116.22199999914, 448442.4149999991], [140116.20899999887, 448442.4210000001], [140116.19700000063, 448442.4279999994], [140116.18400000036, 448442.43400000036], [140116.1710000001, 448442.44099999964], [140116.15799999982, 448442.4470000006], [140116.14499999955, 448442.4530000016], [140116.13199999928, 448442.45800000057], [140110.53299999982, 448444.76999999955], [140109.59800000116, 448442.50499999896], [140107.8660000004, 448439.2270000018], [140104.63100000098, 448431.51399999857], [140104.7659999989, 448431.438000001], [140104.90100000054, 448431.36100000143], [140105.03500000015, 448431.2829999998], [140105.16899999976, 448431.2049999982], [140105.30200000107, 448431.1259999983], [140105.43499999866, 448431.0450000018], [140105.56700000167, 448430.96499999985], [140105.69900000095, 448430.8830000013], [140105.8299999982, 448430.80099999905], [140105.9609999992, 448430.7179999985], [140106.09200000018, 448430.6339999996], [140106.22199999914, 448430.5489999987], [140106.3509999998, 448430.46400000155], [140106.48000000045, 448430.3779999986], [140106.6090000011, 448430.29100000113], [140106.73699999973, 448430.2030000016], [140106.86400000006, 448430.11499999836], [140106.9910000004, 448430.02600000054], [140107.1169999987, 448429.9360000007], [140107.24300000072, 448429.84600000083], [140107.36899999902, 448429.75400000066], [140107.49399999902, 448429.6620000005], [140107.61800000072, 448429.5700000003], [140107.7419999987, 448429.4759999998], [140107.86499999836, 448429.3819999993], [140107.98800000176, 448429.2870000005], [140108.1099999994, 448429.19200000167], [140108.23099999875, 448429.0949999988], [140108.35200000182, 448428.9979999997], [140108.47300000116, 448428.90100000054], [140108.59200000018, 448428.8020000011], [140108.71200000122, 448428.7030000016], [140108.8299999982, 448428.6030000001], [140108.94900000095, 448428.5029999986], [140109.06599999964, 448428.40199999884], [140109.18299999833, 448428.30000000075], [140109.29899999872, 448428.1970000006], [140109.4149999991, 448428.0940000005], [140109.5300000012, 448427.98999999836], [140109.64499999955, 448427.88599999994], [140109.7589999996, 448427.7809999995], [140109.87200000137, 448427.67500000075], [140109.9849999994, 448427.56799999997], [140110.09699999914, 448427.4609999992], [140110.20899999887, 448427.3530000001], [140110.31899999827, 448427.24500000104], [140110.4299999997, 448427.13599999994], [140110.5390000008, 448427.02600000054], [140110.64799999818, 448426.91600000113], [140110.75600000098, 448426.8049999997], [140110.86400000006, 448426.69299999997], [140110.97100000083, 448426.58100000024], [140111.07699999958, 448426.4679999985], [140111.18299999833, 448426.35500000045], [140111.28799999878, 448426.2410000004], [140111.39299999923, 448426.1259999983], [140111.49599999934, 448426.01099999994], [140111.59899999946, 448425.89499999955], [140111.70199999958, 448425.77800000086], [140111.80299999937, 448425.66099999845], [140111.90399999917, 448425.54300000146], [140112.00499999896, 448425.42500000075], [140112.10399999842, 448425.3060000017], [140112.2030000016, 448425.186999999], [140112.30099999905, 448425.06700000167], [140112.3990000002, 448424.9459999986], [140112.49599999934, 448424.82499999925], [140112.59200000018, 448424.7039999999], [140112.686999999, 448424.58100000024], [140112.78200000152, 448424.45899999887], [140112.8759999983, 448424.3350000009], [140112.9690000005, 448424.2109999992], [140113.061999999, 448424.0870000012], [140113.15399999917, 448423.9620000012], [140113.24500000104, 448423.8370000012], [140113.3350000009, 448423.7109999992], [140113.42500000075, 448423.58399999887], [140113.51399999857, 448423.45699999854], [140113.60200000182, 448423.3289999999], [140113.6889999993, 448423.2010000013], [140113.77600000054, 448423.0729999989], [140113.86199999973, 448422.9439999983], [140113.94700000063, 448422.8139999993], [140114.03200000152, 448422.68400000036], [140114.11499999836, 448422.5540000014], [140114.19799999893, 448422.4219999984], [140114.2809999995, 448422.29100000113], [140114.36199999973, 448422.15900000185], [140114.44299999997, 448422.02600000054], [140114.52199999988, 448421.89400000125], [140114.6009999998, 448421.76000000164], [140114.6799999997, 448421.6259999983], [140114.75699999928, 448421.4919999987], [140114.83399999887, 448421.3570000008], [140114.91000000015, 448421.22199999914], [140114.9849999994, 448421.0859999992], [140115.05999999866, 448420.94999999925], [140115.1330000013, 448420.8139999993], [140115.20600000024, 448420.6770000011], [140115.63699999824, 448419.7470000014], [140116.06799999997, 448418.81599999964], [140116.4990000017, 448417.88599999994], [140116.9299999997, 448416.95600000024], [140117.36199999973, 448416.0249999985], [140117.79300000146, 448415.0949999988], [140118.22399999946, 448414.1649999991], [140118.6550000012, 448413.2340000011], [140119.0859999992, 448412.3040000014], [140119.22800000012, 448411.9609999992], [140119.36199999973, 448411.61499999836], [140119.48600000143, 448411.2650000006], [140119.60200000182, 448410.91099999845], [140119.70800000057, 448410.5549999997], [140119.8049999997, 448410.1959999986], [140119.89299999923, 448409.8350000009], [140119.97199999914, 448409.47199999914], [140120.04100000113, 448409.1070000008], [140120.11899999902, 448408.6770000011], [140120.18400000036, 448408.24500000104], [140120.2349999994, 448407.80900000036], [140120.27299999818, 448407.3729999997], [140120.2960000001, 448406.93499999866], [140120.30600000173, 448406.49599999934], [140120.30299999937, 448406.05799999833], [140120.28500000015, 448405.62099999934], [140120.25400000066, 448405.18499999866], [140120.19000000134, 448404.6570000015], [140120.09600000083, 448404.12999999896], [140119.97300000116, 448403.6079999991], [140119.8200000003, 448403.09099999815], [140119.63899999857, 448402.58399999887], [140119.4299999997, 448402.0879999995], [140119.1950000003, 448401.60500000045], [140118.93400000036, 448401.13800000027], [140118.6499999985, 448400.6889999993], [140118.48099999875, 448400.4439999983], [140118.313000001, 448400.19999999925], [140118.14400000125, 448399.95600000024], [140117.9759999998, 448399.7109999992], [140117.80700000003, 448399.4670000002], [140117.63899999857, 448399.22300000116], [140117.4699999988, 448398.9780000001], [140117.30200000107, 448398.7340000011], [140117.1330000013, 448398.48999999836], [140116.8599999994, 448398.09099999815], [140116.59299999848, 448397.6860000007], [140116.33399999887, 448397.27699999884], [140116.08199999854, 448396.86300000176], [140115.83900000155, 448396.4439999983], [140115.60300000012, 448396.01999999955], [140115.375, 448395.5929999985], [140115.1550000012, 448395.16099999845], [140114.94299999997, 448394.7259999998], [140114.4149999991, 448393.7729999982], [140113.8200000003, 448392.8500000015], [140113.15900000185, 448391.96400000155], [140112.438000001, 448391.1220000014], [140111.66000000015, 448390.33100000024], [140110.83199999854, 448389.5949999988], [140109.95800000057, 448388.91899999976], [140109.0460000001, 448388.30700000003], [140108.10200000182, 448387.76199999824], [140107.24700000137, 448387.26000000164], [140106.38699999824, 448386.7659999989], [140105.52199999988, 448386.2800000012], [140104.65300000086, 448385.8020000011], [140103.77899999917, 448385.33199999854], [140102.90199999884, 448384.87000000104], [140102.01900000125, 448384.41600000113], [140101.1330000013, 448383.97100000083], [140100.24300000072, 448383.53400000185], [140099.2039999999, 448383.06500000134], [140098.1640000008, 448382.59600000083], [140097.125, 448382.1279999986], [140096.0850000009, 448381.65900000185], [140095.0460000001, 448381.19000000134], [140094.00600000098, 448380.72199999914], [140092.96700000018, 448380.2529999986], [140091.92700000107, 448379.78500000015], [140090.88800000027, 448379.31599999964], [140090.45699999854, 448379.1220000014], [140090.0249999985, 448378.9270000011], [140089.5940000005, 448378.7329999991], [140089.16200000048, 448378.5379999988], [140088.73099999875, 448378.3440000005], [140088.29899999872, 448378.1490000002], [140087.86800000072, 448377.9549999982], [140087.4360000007, 448377.76000000164], [140087.00499999896, 448377.56599999964], [140084.75299999863, 448376.62000000104], [140082.5009999983, 448375.6739999987], [140080.2490000017, 448374.7280000001], [140077.99700000137, 448373.7820000015], [140075.74399999902, 448372.8370000012], [140073.4919999987, 448371.8909999989], [140071.23999999836, 448370.9450000003], [140068.98800000176, 448369.9990000017], [140066.73600000143, 448369.0529999994], [140065.83700000122, 448368.6970000006], [140064.936999999, 448368.33999999985], [140064.03799999878, 448367.9840000011], [140063.13800000027, 448367.6279999986], [140062.23900000006, 448367.2710000016], [140061.33999999985, 448366.9149999991], [140060.44000000134, 448366.55900000036], [140059.54100000113, 448366.2019999996], [140058.6409999989, 448365.84600000083], [140054.6160000004, 448364.2879999988], [140050.57600000128, 448362.7670000009], [140046.52199999988, 448361.2829999998], [140042.4539999999, 448359.8359999992], [140038.37299999967, 448358.42599999905], [140034.27899999917, 448357.0529999994], [140030.17399999872, 448355.7190000005], [140026.05600000173, 448354.4219999984], [140021.92799999937, 448353.1629999988], [140019.50200000033, 448352.4510000013], [140017.07400000095, 448351.7490000017], [140014.64299999923, 448351.0560000017], [140012.20899999887, 448350.3729999997], [140009.77199999988, 448349.69999999925], [140007.33300000057, 448349.03599999845], [140004.8909999989, 448348.3819999993], [140002.44700000063, 448347.73800000176], [140000.0, 448347.1039999984], [139999.88800000027, 448347.0760000013], [139997.5859999992, 448346.48800000176], [139995.1700000018, 448345.8819999993], [139992.75200000033, 448345.28599999845], [139990.33100000024, 448344.6979999989], [139987.90799999982, 448344.12099999934], [139985.48299999908, 448343.5520000011], [139983.05600000173, 448342.993999999], [139980.6259999983, 448342.4450000003], [139978.19399999827, 448341.9050000012], [139976.7419999987, 448341.8969999999], [139975.2890000008, 448341.8900000006], [139973.8359999992, 448341.8819999993], [139972.3830000013, 448341.8740000017], [139970.9299999997, 448341.8669999987], [139969.47700000182, 448341.8590000011], [139968.0240000002, 448341.8509999998], [139966.5709999986, 448341.8440000005], [139965.11899999902, 448341.8359999992], [139962.625, 448341.2659999989], [139960.12999999896, 448340.6950000003], [139957.63599999994, 448340.125], [139955.14200000092, 448339.5549999997], [139952.64799999818, 448338.9840000011], [139950.15399999917, 448338.4140000008], [139947.66000000015, 448337.8440000005], [139945.16600000113, 448337.2729999982], [139942.6719999984, 448336.7030000016], [139941.0700000003, 448336.33999999985], [139939.4690000005, 448335.9759999998], [139937.8669999987, 448335.61300000176], [139936.2659999989, 448335.2490000017], [139934.6640000008, 448334.88599999994], [139933.063000001, 448334.5229999982], [139931.4609999992, 448334.15900000185], [139929.8599999994, 448333.7960000001], [139928.2580000013, 448333.43200000003], [139923.15300000086, 448332.1490000002], [139918.55799999833, 448331.0920000002], [139916.37999999896, 448330.5390000008], [139914.22899999842, 448329.88899999857], [139912.1099999994, 448329.14400000125], [139908.18400000036, 448327.4670000002], [139904.4149999991, 448325.4620000012], [139900.83100000024, 448323.1409999989], [139897.45800000057, 448320.5240000002], [139894.3209999986, 448317.6279999986], [139893.5390000008, 448316.90900000185], [139892.69700000063, 448316.26199999824], [139891.80099999905, 448315.69200000167], [139890.8590000011, 448315.2030000016], [139889.8759999983, 448314.80000000075], [139888.86199999973, 448314.4849999994], [139887.82400000095, 448314.26099999994], [139886.76999999955, 448314.12900000066], [139885.70899999887, 448314.09099999815], [139884.64799999818, 448314.1479999982], [139883.59699999914, 448314.2980000004], [139882.563000001, 448314.5399999991], [139881.5540000014, 448314.8720000014], [139880.5789999999, 448315.29300000146], [139878.73099999875, 448316.188000001], [139876.24500000104, 448317.29100000113], [139873.69000000134, 448318.22199999914], [139871.0780000016, 448318.9770000018], [139870.5390000008, 448319.1090000011], [139869.69399999827, 448319.30000000075], [139868.8449999988, 448319.47300000116], [139867.9919999987, 448319.6279999986], [139867.73299999908, 448321.40300000086], [139852.19399999827, 448319.4120000005], [139836.5949999988, 448317.97300000116], [139820.9539999999, 448317.0859999992], [139806.69299999997, 448317.27600000054], [139806.66899999976, 448315.4299999997], [139803.60500000045, 448315.48099999875], [139795.26000000164, 448316.18299999833], [139780.57600000128, 448317.256000001], [139767.54199999943, 448318.2899999991], [139761.92300000042, 448318.6620000005], [139756.8830000013, 448319.1160000004], [139752.95899999887, 448319.36300000176], [139748.37299999967, 448319.5700000003], [139743.1160000004, 448320.02600000054], [139739.01900000125, 448320.5610000007], [139729.99300000072, 448321.73999999836], [139724.313000001, 448322.8740000017], [139718.3909999989, 448324.0549999997], [139717.83399999887, 448325.8359999992], [139700.29899999872, 448320.3449999988], [139699.13899999857, 448324.0489999987], [139698.75699999928, 448323.9290000014], [139733.89799999818, 448211.7190000005], [139785.6259999983, 448210.7719999999], [139786.4459999986, 448210.7569999993], [139786.32699999958, 448211.13599999994], [139791.0859999992, 448211.6559999995], [139813.64400000125, 448214.1220000014], [139906.40900000185, 448225.9270000011], [139905.43100000173, 448221.86100000143], [139904.82200000063, 448217.72300000116], [139904.5850000009, 448213.5480000004], [139904.72300000116, 448209.3680000007], [139905.23600000143, 448205.2170000002], [139906.1169999987, 448201.12900000066], [139907.36199999973, 448197.13599999994], [139908.95899999887, 448193.2710000016], [139909.7039999999, 448191.79100000113], [139910.53500000015, 448190.3579999991], [139911.44999999925, 448188.9770000018], [139972.49700000137, 448102.47300000116], [139977.81700000167, 448094.93200000003], [139999.88599999994, 448063.66000000015], [140011.24399999902, 448047.56599999964], [140011.2969999984, 448047.4970000014], [140011.35700000077, 448047.43299999833], [140011.4210000001, 448047.3740000017], [140011.4910000004, 448047.3220000006], [140011.56500000134, 448047.2749999985], [140011.64200000092, 448047.2349999994], [140011.72300000116, 448047.2019999996], [140011.80600000173, 448047.1770000011], [140011.8909999989, 448047.1579999998], [140011.97800000012, 448047.1469999999], [140012.06500000134, 448047.14400000125], [140012.15199999884, 448047.1479999982], [140012.23900000006, 448047.15900000185], [140012.32400000095, 448047.1779999994], [140012.40700000152, 448047.2049999982], [140012.48699999973, 448047.23800000176], [140012.56500000134, 448047.27899999917], [140012.63800000027, 448047.3260000013], [140027.80200000107, 448058.02800000086], [140036.80999999866, 448078.6319999993], [140045.5390000008, 448098.59899999946], [140121.34099999815, 448271.99500000104], [140130.2740000002, 448292.4279999994], [140144.08100000024, 448324.01000000164], [140149.88899999857, 448337.2960000001], [140156.02699999884, 448334.61300000176], [140188.5700000003, 448346.631000001], [140253.25200000033, 448318.3539999984], [140253.5, 448318.2589999996], [140253.75499999896, 448318.18499999866], [140254.0159999989, 448318.13500000164], [140254.2800000012, 448318.1079999991], [140254.5450000018, 448318.1039999984], [140254.80999999866, 448318.1240000017], [140255.07200000063, 448318.16699999943], [140272.18499999866, 448321.7719999999], [140272.4360000007, 448321.8370000012], [140272.68100000173, 448321.9219999984], [140272.91699999943, 448322.02899999917], [140273.14299999923, 448322.1559999995], [140273.35799999908, 448322.3020000011], [140273.55799999833, 448322.46499999985], [140273.74500000104, 448322.6460000016], [140273.9149999991, 448322.84099999815], [140274.06700000167, 448323.05099999905], [140274.20100000128, 448323.2729999982], [140274.31500000134, 448323.506000001], [140309.75, 448404.36400000006], [140326.42399999872, 448411.811999999], [140353.1860000007, 448397.5029999986], [140352.51199999824, 448396.2430000007], [140353.38500000164, 448395.79399999976], [140364.61899999902, 448389.811999999], [140387.65100000054, 448377.66699999943], [140391.50699999928, 448375.5489999987], [140390.34299999848, 448373.1169999987], [140388.43299999833, 448369.1259999983], [140385.9699999988, 448363.9820000008], [140381.38699999824, 448356.3429999985], [140377.313000001, 448351.0799999982], [140370.86199999973, 448337.6700000018], [140368.4849999994, 448330.37099999934], [140367.9759999998, 448323.58100000024], [140369.67399999872, 448311.1889999993], [140373.41200000048, 448295.88599999994], [140374.29399999976, 448291.311999999], [140375.1490000002, 448286.9679999985], [140376.00699999928, 448282.186999999], [140377.7049999982, 448273.6070000008], [140378.50400000066, 448269.5720000006], [140382.33100000024, 448250.2259999998], [140383.10500000045, 448246.31599999964], [140384.70899999887, 448239.563000001], [140385.0799999982, 448238.0], [140385.45199999958, 448236.436999999], [140385.62099999934, 448235.7259999998], [140386.88899999857, 448231.9219999984], [140384.81899999827, 448231.23099999875], [140382.95199999958, 448230.6099999994], [140359.08799999952, 448220.82400000095], [140355.68299999833, 448217.2509999983], [140348.15900000185, 448199.72399999946], [140355.02800000086, 448187.45699999854], [140355.34099999815, 448186.8979999982], [140357.98699999973, 448187.9299999997], [140395.05099999905, 448202.3779999986], [140398.70699999854, 448203.8029999994], [140400.73000000045, 448198.98999999836], [140405.54899999872, 448201.0219999999], [140427.84699999914, 448210.42599999905], [140430.1790000014, 448211.3280000016], [140432.48699999973, 448212.28500000015], [140434.26700000092, 448207.3770000003], [140435.30099999905, 448204.5529999994], [140464.561999999, 448134.13800000027], [140465.6339999996, 448131.68299999833], [140466.8599999994, 448128.8729999997], [140467.39699999988, 448127.5700000003], [140481.27699999884, 448093.2340000011], [140484.86899999902, 448084.91699999943], [140490.85300000012, 448069.5549999997], [140490.94099999964, 448069.0729999989], [140490.9140000008, 448068.5720000006], [140490.80700000003, 448068.15399999917], [140490.13599999994, 448066.53599999845], [140503.7809999995, 448032.7569999993], [140505.04100000113, 448031.2349999994], [140505.61800000072, 448030.69299999997], [140508.96599999815, 448027.53500000015], [140509.3350000009, 448027.0080000013], [140509.54100000113, 448026.4279999994], [140510.38199999928, 448021.4780000001], [140510.69099999964, 448019.59800000116], [140510.78599999845, 448015.04300000146], [140511.88199999928, 448011.6770000011], [140520.21200000122, 447991.2870000005], [140522.55700000003, 447986.2729999982], [140524.45800000057, 447984.3720000014], [140526.80299999937, 447982.8770000003], [140527.27699999884, 447982.28500000015], [140550.55000000075, 447923.95899999887], [140551.4299999997, 447921.2250000015], [140552.15399999917, 447918.97300000116], [140581.2039999999, 447849.27600000054], [140582.51900000125, 447846.1220000014], [140583.24799999967, 447844.3729999997], [140584.4919999987, 447841.38899999857], [140587.59899999946, 447840.118999999], [140591.69399999827, 447839.8350000009], [140593.95199999958, 447837.43499999866], [140602.14400000125, 447817.2419999987], [140604.46700000018, 447811.5170000009], [140628.9530000016, 447821.34600000083], [140633.65199999884, 447823.1799999997], [140636.63599999994, 447824.3440000005], [140639.7580000013, 447825.561999999], [140694.54100000113, 447842.18200000003], [140698.32299999893, 447842.71400000155], [140708.36100000143, 447845.8289999999], [140737.436999999, 447856.9059999995], [140767.30299999937, 447869.5390000008], [140764.08999999985, 447875.2509999983], [140758.55200000107, 447886.6739999987], [140753.3590000011, 447899.13500000164], [140749.55200000107, 447911.94200000167], [140747.4750000015, 447926.48000000045], [140745.74399999902, 447942.7479999997], [140744.4219999984, 447947.436999999], [140742.4600000009, 447954.3929999992], [140741.936999999, 447956.2479999997], [140734.32200000063, 447970.4389999993], [140727.74500000104, 447980.4770000018], [140720.76700000092, 447982.6579999998], [140718.78400000185, 447984.7679999992], [140716.36899999902, 447987.3370000012], [140724.3669999987, 447994.8539999984], [140728.2659999989, 447994.04300000146], [140722.58199999854, 447999.32400000095], [140713.6490000002, 448004.1979999989], [140706.74700000137, 448010.69900000095], [140701.875, 448020.04100000113], [140681.83900000155, 448071.12099999934], [140681.21599999815, 448073.1039999984], [140680.4450000003, 448074.8189999983], [140656.0390000008, 448137.18400000036], [140655.8759999983, 448137.1420000009], [140655.3599999994, 448138.9219999984], [140654.68299999833, 448140.65100000054], [140638.62200000137, 448185.9450000003], [140638.62200000137, 448190.4979999997], [140641.35300000012, 448199.7870000005], [140644.29199999943, 448210.7259999998], [140644.48800000176, 448212.2729999982], [140644.02199999988, 448214.6719999984], [140642.30799999833, 448218.8579999991], [140640.51999999955, 448223.438000001], [140639.55999999866, 448227.7120000012], [140639.29800000042, 448232.46499999985], [140639.7349999994, 448235.46400000155], [140639.9609999992, 448238.5920000002], [140640.5300000012, 448242.936999999], [140645.26099999994, 448242.6000000015], [140646.71299999952, 448242.27800000086], [140648.5949999988, 448242.368999999], [140651.16099999845, 448243.368999999], [140653.18400000036, 448245.4219999984], [140656.68299999833, 448243.3189999983], [140660.21400000155, 448241.98900000006], [140660.39799999818, 448239.2410000004], [140661.07299999893, 448237.493999999], [140663.01700000092, 448235.9070000015], [140664.72399999946, 448235.4310000017], [140666.77199999988, 448236.29199999943], [140666.75699999928, 448231.3830000013], [140668.4210000001, 448230.4129999988], [140669.73999999836, 448227.8429999985], [140675.33799999952, 448224.7670000009], [140685.62900000066, 448219.11300000176], [140691.7650000006, 448216.811999999], [140698.22100000083, 448214.3909999989], [140713.6490000002, 448209.9239999987], [140728.6719999984, 448206.26999999955], [140742.89499999955, 448248.18299999833], [140702.05099999905, 448262.3579999991], [140681.07699999958, 448269.55000000075], [140679.64299999923, 448270.02600000054], [140677.51300000027, 448270.59699999914], [140679.6000000015, 448272.86199999973], [140681.65700000152, 448275.01199999824], [140682.95600000024, 448278.71599999815], [140692.02699999884, 448306.1550000012], [140693.44200000167, 448310.3680000007], [140695.0089999996, 448315.2470000014], [140696.9530000016, 448314.2569999993], [140697.56500000134, 448310.59600000083], [140732.37900000066, 448297.7270000018], [140733.16899999976, 448297.66699999943], [140736.77100000158, 448299.2129999995], [140727.09600000083, 448373.0520000011], [140726.32400000095, 448375.05799999833], [140725.6640000008, 448376.7749999985], [140702.5949999988, 448439.92599999905], [140701.73099999875, 448443.8779999986], [140710.73000000045, 448448.41800000146], [140711.20800000057, 448576.7890000008], [140711.02100000158, 448579.43499999866], [140710.875, 448581.4979999997], [140712.76799999923, 448585.91800000146], [140712.76799999923, 448606.4310000017], [140712.76799999923, 448622.49599999934], [140719.86199999973, 448630.13899999857], [140720.9530000016, 448645.6979999989], [140724.77299999818, 448665.8979999982]]]}}, {"type": "Feature", "id": "53253", "properties": {"OBJECTID": "53253", "LOCATIEGROEP_ID": "nl.imow-pv26.gebiedengroep.003000000000000000000484", "SYMBOOL_CODE": "vsg028", "GROEP": "bedrijventerrein", "9e750651-8e97-4bc6-b09e-fc30b5f3e83c_id": "3952", "LOCATIE_ID": "nl.imow-pv26.gebied.003000000000000000000484e61332", "DOCUMENT_URL": "https://omgevingsbeleid.provincie-utrecht.nl/home?d=/akn/nl/act/pv26/2022/omgevingsverordening/nld@1089&o=", "NAAM": "Reductielocaties", "TYPE": "ruimtelijk gebruik", "LOCATIEGROEP_NAAM": "Reductielocaties", "LOCATIE_NAAM": null}, "geometry": {"type": "Polygon", "coordinates": [[[140049.5709999986, 449863.13800000027], [140049.2049999982, 449861.48000000045], [140046.7419999987, 449861.96499999985], [140002.3200000003, 449857.04399999976], [139995.2030000016, 449856.256000001], [139995.5450000018, 449853.2280000001], [139995.70600000024, 449851.73800000176], [139995.87799999863, 449850.13800000027], [139994.10799999908, 449849.9070000015], [139985.48999999836, 449848.95600000024], [139982.8289999999, 449848.6620000005], [139980.90399999917, 449848.4620000012], [139966.76799999923, 449846.9299999997], [139966.48200000077, 449830.90399999917], [139965.23099999875, 449830.8110000007], [139948.51399999857, 449831.14400000125], [139937.74399999902, 449831.33900000155], [139929.64200000092, 449831.35599999875], [139927.0, 449831.36100000143], [139865.25299999863, 449831.4910000004], [139872.02600000054, 449815.1259999983], [139872.3900000006, 449814.2470000014], [139874.0, 449810.2870000005], [139874.14600000158, 449808.45800000057], [139840.51700000092, 449802.75499999896], [139827.09699999914, 449803.1070000008], [139826.64799999818, 449803.118999999], [139820.23600000143, 449802.875], [139818.71499999985, 449802.5540000014], [139814.7349999994, 449802.5159999989], [139801.96400000155, 449803.37099999934], [139799.55999999866, 449800.28500000015], [139798.41099999845, 449798.48699999973], [139797.42799999937, 449797.2120000012], [139796.4459999986, 449795.936999999], [139795.05299999937, 449794.47199999914], [139792.5850000009, 449791.28599999845], [139791.44099999964, 449789.4439999983], [139790.2749999985, 449787.9310000017], [139788.3830000013, 449785.4750000015], [139785.45899999887, 449781.6810000017], [139780.5700000003, 449775.993999999], [139779.8350000009, 449775.0399999991], [139779.09899999946, 449774.0850000009], [139770.15100000054, 449762.4600000009], [139769.41600000113, 449761.506000001], [139768.6799999997, 449760.55099999905], [139767.55999999866, 449760.4059999995], [139766.98999999836, 449760.8449999988], [139764.51199999824, 449757.6169999987], [139758.85399999842, 449750.243999999], [139751.81700000167, 449741.20600000024], [139750.76300000027, 449739.7879999988], [139744.74500000104, 449732.9389999993], [139750.98900000006, 449728.04100000113], [139750.061999999, 449726.8680000007], [139751.19799999893, 449726.0159999989], [139748.94799999893, 449722.29300000146], [139749.92500000075, 449721.6279999986], [139749.47100000083, 449720.9679999985], [139752.625, 449718.5460000001], [139769.98999999836, 449697.81599999964], [139767.10599999875, 449693.6550000012], [139755.49700000137, 449684.2509999983], [139748.6169999987, 449678.7710000016], [139747.33199999854, 449677.75400000066], [139739.5639999993, 449671.47199999914], [139731.3110000007, 449664.7980000004], [139731.16099999845, 449658.6770000011], [139730.62200000137, 449636.7129999995], [139730.27299999818, 449623.4470000006], [139730.2109999992, 449612.4200000018], [139730.25499999896, 449607.38599999994], [139729.81799999997, 449598.8660000004], [139729.7659999989, 449597.85500000045], [139728.21200000122, 449597.90300000086], [139727.7809999995, 449592.2410000004], [139727.49799999967, 449588.5229999982], [139726.99799999967, 449581.9549999982], [139730.8500000015, 449578.2899999991], [139731.6000000015, 449578.7470000014], [139732.47800000012, 449578.7800000012], [139733.26000000164, 449578.37999999896], [139740.2199999988, 449571.73999999836], [139740.6499999985, 449570.98999999836], [139740.65700000152, 449570.1270000003], [139740.23999999836, 449569.37000000104], [139746.8500000015, 449563.0700000003], [139748.3200000003, 449550.05000000075], [139749.2800000012, 449550.16000000015], [139750.66200000048, 449537.49599999934], [139750.78500000015, 449536.3669999987], [139750.8209999986, 449536.04100000113], [139732.1499999985, 449533.8900000006], [139732.86800000072, 449525.8350000009], [139732.69399999827, 449522.0940000005], [139732.6860000007, 449521.34600000083], [139732.64499999955, 449517.62900000066], [139732.75400000066, 449514.63500000164], [139732.79199999943, 449514.3370000012], [139733.09699999914, 449512.686999999], [139733.5709999986, 449511.28599999845], [139734.28299999982, 449509.7809999995], [139735.3359999992, 449509.0850000009], [139736.8509999998, 449508.74500000104], [139738.80000000075, 449508.0080000013], [139739.686999999, 449507.0249999985], [139740.29300000146, 449506.00400000066], [139740.57400000095, 449500.0], [139740.6559999995, 449498.2589999996], [139741.09200000018, 449486.90100000054], [139741.15700000152, 449485.19299999997], [139744.25699999928, 449485.4079999998], [139744.6499999985, 449485.4470000006], [139745.1400000006, 449484.4459999986], [139746.18499999866, 449458.5249999985], [139747.11100000143, 449458.5769999996], [139749.6649999991, 449458.7199999988], [139762.13800000027, 449458.98000000045], [139762.1160000004, 449460.48600000143], [139771.21700000018, 449458.0879999995], [139771.51999999955, 449458.1700000018], [139773.8500000015, 449457.55000000075], [139775.59200000018, 449456.5920000002], [139783.34800000116, 449454.40300000086], [139808.39200000092, 449441.9239999987], [139812.94000000134, 449439.80000000075], [139820.1490000002, 449434.4910000004], [139835.49700000137, 449426.72100000083], [139849.05900000036, 449419.0799999982], [139859.53500000015, 449411.7879999988], [139868.4050000012, 449405.3500000015], [139874.25600000098, 449395.91899999976], [139876.07600000128, 449396.99599999934], [139881.98000000045, 449387.23000000045], [139887.0940000005, 449378.7800000012], [139887.87799999863, 449377.4840000011], [139890.85399999842, 449379.2749999985], [139898.76199999824, 449366.12099999934], [139903.9600000009, 449354.08900000155], [139905.2809999995, 449349.55999999866], [139907.8299999982, 449340.4699999988], [139912.2100000009, 449324.7199999988], [139909.51000000164, 449324.05000000075], [139911.5460000001, 449315.9270000011], [139912.58999999985, 449311.76000000164], [139913.6099999994, 449307.6099999994], [139914.3999999985, 449304.6499999985], [139946.66000000015, 449312.80000000075], [139945.1099999994, 449319.1799999997], [139979.04899999872, 449333.19200000167], [139991.3500000015, 449338.26999999955], [139999.23900000006, 449318.9849999994], [140000.0, 449317.1240000017], [140000.2199999988, 449316.58999999985], [140003.0399999991, 449317.62999999896], [140036.27899999917, 449331.2870000005], [140040.4530000016, 449333.0020000003], [140034.11899999902, 449347.6099999994], [140030.3350000009, 449356.43200000003], [140026.14600000158, 449366.19999999925], [140027.07600000128, 449366.52699999884], [140054.08900000155, 449376.0399999991], [140059.73999999836, 449378.0300000012], [140073.70199999958, 449383.7129999995], [140078.03599999845, 449385.45899999887], [140080.8830000013, 449378.55999999866], [140081.15700000152, 449377.8969999999], [140089.9690000005, 449381.52899999917], [140136.2199999988, 449400.6799999997], [140140.84099999815, 449402.58399999887], [140139.08999999985, 449406.7100000009], [140139.04800000042, 449406.80900000036], [140148.6000000015, 449410.75], [140158.4299999997, 449414.83999999985], [140180.94000000134, 449424.05000000075], [140200.0700000003, 449431.8770000003], [140196.42799999937, 449439.59800000116], [140196.52100000158, 449440.4620000012], [140196.86100000143, 449440.7199999988], [140201.08799999952, 449442.55900000036], [140201.91800000146, 449442.98099999875], [140200.4389999993, 449446.05700000003], [140196.75200000033, 449455.1020000018], [140195.54100000113, 449457.6710000001], [140192.5540000014, 449464.9979999997], [140191.62999999896, 449467.68299999833], [140188.12999999896, 449476.26900000125], [140188.21799999848, 449477.3990000002], [140189.00499999896, 449479.6099999994], [140191.74300000072, 449485.9470000006], [140192.80999999866, 449488.41800000146], [140196.79800000042, 449497.6490000002], [140198.1959999986, 449500.88599999994], [140197.2340000011, 449501.54199999943], [140193.88599999994, 449503.7670000009], [140193.3449999988, 449504.1950000003], [140193.22300000116, 449504.8040000014], [140193.24399999902, 449505.3220000006], [140199.0009999983, 449513.8060000017], [140200.81700000167, 449516.3029999994], [140206.2659999989, 449524.5150000006], [140206.89299999923, 449524.51199999824], [140207.3049999997, 449524.28500000015], [140208.563000001, 449523.51000000164], [140212.20699999854, 449529.118999999], [140212.7410000004, 449529.94099999964], [140222.57200000063, 449545.0760000013], [140223.31799999997, 449544.5920000002], [140225.51900000125, 449547.37900000066], [140226.20100000128, 449547.3819999993], [140228.38599999994, 449545.9629999995], [140228.7039999999, 449546.4530000016], [140235.1889999993, 449542.23000000045], [140237.61199999973, 449540.65199999884], [140244.32499999925, 449536.2809999995], [140246.77800000086, 449534.68400000036], [140253.3909999989, 449530.3770000003], [140255.8509999998, 449528.7749999985], [140260.2580000013, 449525.9059999995], [140262.27600000054, 449529.02699999884], [140263.65100000054, 449531.15399999917], [140265.80600000173, 449533.88500000164], [140267.7659999989, 449536.8110000007], [140274.21799999848, 449546.6319999993], [140275.55299999937, 449549.0210000016], [140279.96799999848, 449555.7410000004], [140281.48299999908, 449558.0560000017], [140287.79899999872, 449567.6979999989], [140290.97399999946, 449565.6180000007], [140292.6160000004, 449564.54199999943], [140293.53500000015, 449565.9670000002], [140299.1259999983, 449574.6319999993], [140300.67500000075, 449576.9140000008], [140304.97199999914, 449583.53400000185], [140306.6259999983, 449585.87999999896], [140311.24300000072, 449593.18400000036], [140312.11100000143, 449594.5560000017], [140311.29800000042, 449596.44299999997], [140302.7800000012, 449616.2179999985], [140306.65100000054, 449617.7259999998], [140308.71299999952, 449618.52899999917], [140307.84899999946, 449620.43400000036], [140303.57499999925, 449629.8520000018], [140302.2969999984, 449632.4450000003], [140300.22399999946, 449637.2179999985], [140299.86800000072, 449638.0469999984], [140298.54899999872, 449641.1180000007], [140296.60799999908, 449640.2320000008], [140289.99300000072, 449637.2109999992], [140287.4600000009, 449635.9129999988], [140280.10300000012, 449632.63699999824], [140277.52800000086, 449631.4479999989], [140270.1790000014, 449628.17500000075], [140267.61800000072, 449627.0089999996], [140260.38899999857, 449623.7899999991], [140257.81500000134, 449622.5399999991], [140250.64400000125, 449619.34600000083], [140250.32299999893, 449620.06799999997], [140247.60200000182, 449618.85599999875], [140247.30999999866, 449618.7679999992], [140246.69099999964, 449618.7019999996], [140246.1790000014, 449619.0549999997], [140245.9609999992, 449619.5379999988], [140245.7950000018, 449619.8990000002], [140245.43100000173, 449620.6649999991], [140245.0460000001, 449621.51300000027], [140235.6259999983, 449642.8570000008], [140232.6400000006, 449649.4629999995], [140221.7749999985, 449673.5], [140221.8509999998, 449674.3929999992], [140222.51900000125, 449674.98999999836], [140227.39299999923, 449677.1270000003], [140227.0089999996, 449678.0009999983], [140234.42599999905, 449681.2529999986], [140234.79300000146, 449680.4149999991], [140237.30999999866, 449681.5179999992], [140236.90799999982, 449682.43499999866], [140244.3660000004, 449685.7049999982], [140233.4450000003, 449706.22199999914], [140233.21599999815, 449706.9219999984], [140232.06500000134, 449709.9479999989], [140231.9389999993, 449710.91000000015], [140227.62000000104, 449720.26999999955], [140225.44999999925, 449725.08999999985], [140221.21299999952, 449734.5009999983], [140223.30299999937, 449735.47300000116], [140223.78200000152, 449735.70600000024], [140224.41099999845, 449735.9820000008], [140226.54199999943, 449737.02800000086], [140225.02800000086, 449740.7120000012], [140223.7410000004, 449744.5799999982], [140223.23299999908, 449744.5489999987], [140219.22199999914, 449754.40900000185], [140216.26999999955, 449762.20699999854], [140215.32299999893, 449764.39499999955], [140210.92300000042, 449775.6259999983], [140210.85700000077, 449775.8770000003], [140210.85399999842, 449776.19999999925], [140210.9549999982, 449776.51199999824], [140211.14499999955, 449777.0159999989], [140211.20800000057, 449777.2259999998], [140214.21599999815, 449787.3189999983], [140220.46299999952, 449807.6700000018], [140221.5159999989, 449811.1020000018], [140219.2490000017, 449811.813000001], [140213.08900000155, 449812.90100000054], [140212.48800000176, 449813.08100000024], [140191.41899999976, 449819.3990000002], [140191.22899999842, 449818.78400000185], [140185.63699999824, 449820.47399999946], [140183.5799999982, 449821.08199999854], [140182.08399999887, 449815.36300000176], [140181.6719999984, 449813.7899999991], [140179.23900000006, 449814.52899999917], [140164.48800000176, 449819.01099999994], [140143.67700000107, 449824.3920000009], [140126.25299999863, 449835.44299999997], [140126.03200000152, 449835.4910000004], [140117.93299999833, 449837.1860000007], [140117.60300000012, 449837.2659999989], [140117.25699999928, 449837.3139999993], [140112.57200000063, 449838.91899999976], [140097.05999999866, 449841.9600000009], [140086.80000000075, 449843.76999999955], [140078.04399999976, 449845.17599999905], [140079.45199999958, 449853.0309999995], [140080.02899999917, 449856.24500000104], [140077.2039999999, 449856.88699999824], [140062.6889999993, 449860.1860000007], [140059.93499999866, 449860.7969999984], [140049.5709999986, 449863.13800000027]]]}}, {"type": "Feature", "id": "53254", "properties": {"OBJECTID": "53254", "LOCATIEGROEP_ID": "nl.imow-pv26.gebiedengroep.003000000000000000000484", "SYMBOOL_CODE": "vsg028", "GROEP": "bedrijventerrein", "9e750651-8e97-4bc6-b09e-fc30b5f3e83c_id": "3953", "LOCATIE_ID": "nl.imow-pv26.gebied.003000000000000000000484e61335", "DOCUMENT_URL": "https://omgevingsbeleid.provincie-utrecht.nl/home?d=/akn/nl/act/pv26/2022/omgevingsverordening/nld@1089&o=", "NAAM": "Reductielocaties", "TYPE": "ruimtelijk gebruik", "LOCATIEGROEP_NAAM": "Reductielocaties", "LOCATIE_NAAM": null}, "geometry": {"type": "Polygon", "coordinates": [[[133967.98800000176, 454516.36499999836], [133964.83900000155, 454526.0540000014], [133962.186999999, 454535.83300000057], [133950.44099999964, 454532.2719999999], [133946.91600000113, 454531.2030000016], [133939.00200000033, 454528.8040000014], [133937.0709999986, 454528.2879999988], [133909.43400000036, 454520.1770000011], [133883.6889999993, 454515.9270000011], [133870.19099999964, 454514.4279999994], [133851.6950000003, 454514.9279999994], [133837.94799999893, 454516.4270000011], [133795.82299999893, 454522.7039999999], [133780.47700000182, 454525.9479999989], [133752.21400000155, 454531.9239999987], [133737.96599999815, 454535.1739999987], [133730.16699999943, 454535.59600000083], [133729.63100000098, 454535.625], [133728.71799999848, 454535.6739999987], [133721.9690000005, 454533.9239999987], [133715.9699999988, 454530.42500000075], [133711.72100000083, 454524.67599999905], [133709.72100000083, 454517.9270000011], [133706.72199999914, 454508.4290000014], [133703.24700000137, 454495.17500000075], [133697.36100000143, 454483.40100000054], [133688.35700000077, 454469.0309999995], [133673.5780000016, 454450.51999999955], [133653.9290000014, 454426.23900000006], [133640.43499999866, 454405.9990000017], [133634.4200000018, 454389.5940000005], [133631.7039999999, 454382.1860000007], [133625.48999999836, 454359.7800000012], [133605.6710000001, 454288.3139999993], [133602.77899999917, 454278.16600000113], [133600.10399999842, 454269.3370000012], [133598.5089999996, 454263.18499999866], [133585.91699999943, 454218.9979999997], [133547.24599999934, 454083.29100000113], [133546.23600000143, 454077.9990000017], [133545.125, 454074.2740000002], [133544.0080000013, 454070.3660000004], [133542.29899999872, 454065.0080000013], [133530.59899999946, 454018.29399999976], [133530.08900000155, 454013.9699999988], [133529.80299999937, 454011.5450000018], [133528.66200000048, 454008.2329999991], [133527.58799999952, 454005.11499999836], [133520.19999999925, 453963.9149999991], [133497.0300000012, 453874.6550000012], [133491.60500000045, 453853.0799999982], [133487.01900000125, 453834.8449999988], [133480.9299999997, 453810.63699999824], [133480.22100000083, 453807.81500000134], [133477.62900000066, 453795.5859999992], [133471.84600000083, 453762.93499999866], [133466.30200000107, 453728.1429999992], [133467.06599999964, 453696.79100000113], [133466.67599999905, 453693.94900000095], [133464.3900000006, 453677.29199999943], [133462.76099999994, 453657.63800000027], [133461.61199999973, 453643.7809999995], [133459.94399999827, 453623.66699999943], [133460.0949999988, 453604.1950000003], [133460.0949999988, 453560.02600000054], [133459.5789999999, 453547.6460000016], [133458.2899999991, 453533.7179999985], [133456.48600000143, 453520.0480000004], [133453.65100000054, 453502.2019999996], [133446.94900000095, 453475.8929999992], [133441.27800000086, 453458.61199999973], [133437.33100000024, 453448.43400000036], [133434.57600000128, 453441.33100000024], [133427.17300000042, 453423.66800000146], [133428.96400000155, 453412.5700000003], [133430.92399999872, 453402.4549999982], [133433.03700000048, 453389.2030000016], [133437.58799999952, 453372.05799999833], [133448.27699999884, 453338.5080000013], [133456.84899999946, 453313.21400000155], [133465.31599999964, 453292.68200000003], [133478.12200000137, 453263.68400000036], [133490.08100000024, 453240.40100000054], [133501.61800000072, 453221.0179999992], [133505.95600000024, 453213.73099999875], [133531.52199999988, 453174.6640000008], [133534.74300000072, 453169.7419999987], [133541.00699999928, 453160.0329999998], [133550.37799999863, 453146.6090000011], [133568.33900000155, 453122.1270000003], [133580.52100000158, 453107.37900000066], [133585.96599999815, 453099.9600000009], [133593.69200000167, 453090.7520000003], [133601.41800000146, 453081.33300000057], [133608.5089999996, 453072.8660000004], [133612.561999999, 453068.2719999999], [133613.27100000158, 453067.4690000005], [133624.48999999836, 453057.09699999914], [133638.03599999845, 453045.66699999943], [133650.5249999985, 453036.56500000134], [133652.6490000002, 453035.2170000002], [133667.03500000015, 453026.0879999995], [133699.51199999824, 453010.45899999887], [133711.06899999827, 453006.05799999833], [133752.18499999866, 452991.29399999976], [133792.5080000013, 452977.4829999991], [133822.8289999999, 452966.2109999992], [133843.625, 452958.2740000002], [133867.27899999917, 452948.2729999982], [133896.1719999984, 452934.938000001], [133928.0799999982, 452919.063000001], [133950.14699999988, 452907.47399999946], [133974.91200000048, 452892.868999999], [134022.2190000005, 452864.4519999996], [134090.58900000155, 452821.6229999997], [134114.54899999872, 452809.2950000018], [134161.27800000086, 452785.2520000003], [134204.73200000077, 452765.7650000006], [134206.75, 452764.85599999875], [134227.14799999818, 452755.40900000185], [134254.1099999994, 452742.9239999987], [134290.14299999923, 452727.96599999815], [134320.39799999818, 452716.23800000176], [134337.69999999925, 452710.47100000083], [134346.40300000086, 452707.5700000003], [134378.6950000003, 452697.2010000013], [134402.76399999857, 452690.47100000083], [134439.2049999982, 452682.243999999], [134493.1710000001, 452669.50499999896], [134509.82200000063, 452665.57499999925], [134546.311999999, 452659.3779999986], [134578.0399999991, 452653.9070000015], [134587.59600000083, 452652.41800000146], [134591.61499999836, 452651.79199999943], [134596.75400000066, 452650.9910000004], [134604.64699999988, 452649.76099999994], [134633.99799999967, 452645.1889999993], [134674.77199999988, 452638.8370000012], [134682.29899999872, 452638.0020000003], [134718.91600000113, 452633.9360000007], [134731.51300000027, 452631.48800000176], [134748.9450000003, 452628.52899999917], [134784.83199999854, 452622.436999999], [134818.33999999985, 452617.30000000075], [134836.04399999976, 452614.14499999955], [134848.73999999836, 452612.0460000001], [134908.95899999887, 452601.15399999917], [134956.56599999964, 452593.1429999992], [134971.2589999996, 452590.6700000018], [134979.35300000012, 452589.28599999845], [134982.58799999952, 452588.7329999991], [134989.3590000011, 452587.5760000013], [134994.2049999982, 452587.00499999896], [134997.93499999866, 452586.56700000167], [135000.0, 452586.3060000017], [135007.37999999896, 452585.3779999986], [135000.0, 452608.0949999988], [134997.88699999824, 452612.0949999988], [134987.75699999928, 452633.3299999982], [134972.625, 452659.1240000017], [134958.55799999833, 452684.06500000134], [134906.7509999983, 452773.44200000167], [134904.85799999908, 452777.2170000002], [134903.0009999983, 452780.9200000018], [134887.9059999995, 452808.131000001], [134883.6490000002, 452815.7100000009], [134882.6160000004, 452817.55000000075], [134881.5390000008, 452819.4670000002], [134879.26399999857, 452823.5159999989], [134858.8139999993, 452859.93200000003], [134844.74700000137, 452884.4470000006], [134825.8200000003, 452918.76399999857], [134816.29399999976, 452936.03500000015], [134802.65399999917, 452960.1229999997], [134768.44700000063, 453021.73000000045], [134729.9759999998, 453089.7320000008], [134713.16099999845, 453118.97399999946], [134702.52299999818, 453138.1939999983], [134687.25299999863, 453164.6220000014], [134670.0089999996, 453196.11300000176], [134664.07200000063, 453206.29300000146], [134663.063000001, 453208.0210000016], [134662.0540000014, 453209.7509999983], [134654.39499999955, 453222.8839999996], [134622.39600000158, 453280.11499999836], [134586.27800000086, 453344.04100000113], [134577.87000000104, 453359.6570000015], [134552.8200000003, 453404.2749999985], [134526.82600000128, 453451.5540000014], [134523.54300000146, 453457.0520000011], [134511.55600000173, 453477.1229999997], [134508.69099999964, 453482.1959999986], [134489.5700000003, 453516.0529999994], [134472.78799999878, 453545.0720000006], [134470.92599999905, 453548.29100000113], [134469.53299999982, 453550.69999999925], [134459.53299999982, 453567.9930000007], [134457.58900000155, 453570.16899999976], [134453.5859999992, 453573.9539999999], [134450.24599999934, 453576.77699999884], [134440.91800000146, 453583.7740000002], [134435.66299999878, 453587.8539999984], [134432.1409999989, 453590.5879999995], [134428.61899999902, 453593.3229999989], [134428.28799999878, 453594.72399999946], [134427.7259999998, 453596.9270000011], [134426.79899999872, 453600.55900000036], [134426.6000000015, 453601.38800000027], [134425.7410000004, 453608.75499999896], [134425.23200000077, 453614.80700000003], [134425.12999999896, 453616.4759999998], [134424.94799999893, 453618.19200000167], [134424.75299999863, 453620.5179999992], [134424.6550000012, 453621.6799999997], [134424.50600000098, 453623.45699999854], [134424.27199999988, 453624.6779999994], [134424.1240000017, 453625.4479999989], [134423.4059999995, 453627.8049999997], [134423.2039999999, 453628.4679999985], [134422.6169999987, 453630.3999999985], [134421.38800000027, 453634.7039999999], [134418.79899999872, 453639.19299999997], [134416.0159999989, 453644.0080000013], [134414.69099999964, 453646.30099999905], [134413.19900000095, 453648.8819999993], [134412.8830000013, 453649.4299999997], [134410.32299999893, 453653.8570000008], [134408.78299999982, 453656.3229999989], [134406.79199999943, 453659.59800000116], [134394.2199999988, 453679.8960000016], [134392.09200000018, 453683.77699999884], [134391.53500000015, 453684.7659999989], [134390.81899999827, 453686.0370000005], [134390.12000000104, 453687.27699999884], [134386.98099999875, 453692.8049999997], [134375.46499999985, 453713.6649999991], [134372.87200000137, 453717.8660000004], [134369.8359999992, 453723.1629999988], [134322.85799999908, 453805.1220000014], [134276.2809999995, 453887.41600000113], [134194.10799999908, 454027.6939999983], [134185.01300000027, 454043.2740000002], [134179.19799999893, 454051.18299999833], [134176.36499999836, 454053.87000000104], [134173.89600000158, 454055.6240000017], [134170.32499999925, 454058.1579999998], [134161.98600000143, 454064.6429999992], [134155.2259999998, 454073.3350000009], [134133.11300000176, 454112.2870000005], [134123.7340000011, 454128.80700000003], [134101.96200000122, 454167.16000000015], [134096.79100000113, 454177.07400000095], [134092.70899999887, 454187.5020000003], [134090.14200000092, 454199.05700000003], [134085.63800000027, 454217.48099999875], [134083.76300000027, 454227.23099999875], [134079.67500000075, 454236.7430000007], [134078.79399999976, 454239.6559999995], [134067.36199999973, 454263.8929999992], [134050.44299999997, 454300.4780000001], [134042.6700000018, 454304.13599999994], [134037.18200000003, 454304.13599999994], [134035.13500000164, 454308.7049999982], [134032.82400000095, 454313.86400000006], [134036.88500000164, 454318.8299999982], [134038.2809999995, 454322.0859999992], [134039.4530000016, 454326.86199999973], [134002.9539999999, 454417.81700000167], [133982.9549999982, 454472.9750000015], [133981.26399999857, 454477.63699999824], [133980.23999999836, 454480.4629999995], [133977.91699999943, 454486.87099999934], [133976.80700000003, 454490.0150000006], [133976.14499999955, 454491.8900000006], [133974.76399999857, 454495.8040000014], [133973.57299999893, 454499.1779999994], [133971.33300000057, 454506.0709999986], [133967.98800000176, 454516.36499999836]]]}}], "properties": {"sourceId": "agrest-ov-reductielocaties", "title": "Omgevingsverordening — Reductielocaties", "serviceUrl": "https://agrest.geodata-utrecht.nl/rest/services/Omgevingsverordening/FeatureServer", "layerId": 0, "role": "conditional", "authoritative": true, "licenseNote": "Structured open data of provincie Utrecht on agrest.geodata-utrecht.nl; service is anonymously queryable; no license statement exposed by the endpoint itself (platform presented as open data).", "lastChecked": "2026-10-06T11:11:23Z", "where": "NAAM='Reductielocaties'", "fetchedAt": "2026-10-06T11:11:28Z", "userAgent": "ldttoolbox-geoconnector/0.1 (wind-turbine opportunity-map PoC; cache-first, single-page politeness; open data of provincie Utrecht via geo-point.provincie-utrecht.nl)", "pages": 1, "featureCount": 26, "bbox": null, "simplifyM": null, "queryFingerprint": "{\"bbox\": null, \"simplify_m\": null}"}}