{"type": "FeatureCollection", "name": "agrest-ov-gebied-aardkundige-waarden", "features": [{"type": "Feature", "id": "58443", "properties": {"OBJECTID": "58443", "LOCATIEGROEP_ID": "nl.imow-pv26.gebiedengroep.003000000000000000000811", "SYMBOOL_CODE": "vsgt114", "GROEP": "aardkundig waardevol gebied", "9e750651-8e97-4bc6-b09e-fc30b5f3e83c_id": "9103", "LOCATIE_ID": "nl.imow-pv26.gebied.003000000000000000000811e116870", "DOCUMENT_URL": "https://omgevingsbeleid.provincie-utrecht.nl/home?d=/akn/nl/act/pv26/2022/omgevingsverordening/nld@1089&o=", "NAAM": "Gebied aardkundige waarden", "TYPE": "erfgoed", "LOCATIEGROEP_NAAM": "Gebied aardkundige waarden", "LOCATIE_NAAM": null}, "geometry": {"type": "Polygon", "coordinates": [[[5.41086709200956, 52.058506142351725], [5.410828416201176, 52.0585204501884], [5.409446314564374, 52.05905139481133], [5.408230815634364, 52.05952018576027], [5.408153484010287, 52.05944398982063], [5.409369083726788, 52.058975154704605], [5.410665712928036, 52.05847704360015], [5.4107523501664065, 52.05844376134347], [5.410837559291522, 52.05841226793724], [5.41083770510603, 52.05841227689582], [5.410837646753439, 52.058412222979214], [5.41129088918381, 52.0582374024489], [5.411317366896784, 52.05826199734085], [5.411368355267928, 52.05831355137524], [5.410914995745071, 52.05848841716562], [5.41086709200956, 52.058506142351725]]]}}, {"type": "Feature", "id": "58444", "properties": {"OBJECTID": "58444", "LOCATIEGROEP_ID": "nl.imow-pv26.gebiedengroep.003000000000000000000811", "SYMBOOL_CODE": "vsgt114", "GROEP": "aardkundig waardevol gebied", "9e750651-8e97-4bc6-b09e-fc30b5f3e83c_id": "9104", "LOCATIE_ID": "nl.imow-pv26.gebied.003000000000000000000811e116956", "DOCUMENT_URL": "https://omgevingsbeleid.provincie-utrecht.nl/home?d=/akn/nl/act/pv26/2022/omgevingsverordening/nld@1089&o=", "NAAM": "Gebied aardkundige waarden", "TYPE": "erfgoed", "LOCATIEGROEP_NAAM": "Gebied aardkundige waarden", "LOCATIE_NAAM": null}, "geometry": {"type": "Polygon", "coordinates": [[[4.856871015333058, 52.18469619006145], [4.857862404774253, 52.18534330307016], [4.858065907915265, 52.185815494658456], [4.857784734725709, 52.186014182121966], [4.857386028288833, 52.186326579557374], [4.857428596294462, 52.18665524772097], [4.857607508863083, 52.187241585658214], [4.8578824340112625, 52.18757128673606], [4.858758399856571, 52.18816074607683], [4.859192763498047, 52.1887625155343], [4.858471892345659, 52.18905383635404], [4.857581994672604, 52.18914625326184], [4.856752908198687, 52.188765860092126], [4.8557862262728895, 52.18799031153363], [4.855678898310534, 52.187247200103975], [4.855452860155826, 52.18671776594244], [4.854994991230325, 52.186144449324374], [4.854391771279982, 52.186070318275355], [4.854138408881425, 52.18588351735075], [4.85402412857687, 52.18572590813674], [4.8547252258110065, 52.185386313306246], [4.855330480650431, 52.185289076724395], [4.855520610643143, 52.18493290091136], [4.8557446307144065, 52.18465541493802], [4.856780626991064, 52.18448156279381], [4.856871015333058, 52.18469619006145]]]}}, {"type": "Feature", "id": "58450", "properties": {"OBJECTID": "58450", "LOCATIEGROEP_ID": "nl.imow-pv26.gebiedengroep.003000000000000000000811", "SYMBOOL_CODE": "vsgt114", "GROEP": "aardkundig waardevol gebied", "9e750651-8e97-4bc6-b09e-fc30b5f3e83c_id": "9109", "LOCATIE_ID": "nl.imow-pv26.gebied.003000000000000000000811e116797", "DOCUMENT_URL": "https://omgevingsbeleid.provincie-utrecht.nl/home?d=/akn/nl/act/pv26/2022/omgevingsverordening/nld@1089&o=", "NAAM": "Gebied aardkundige waarden", "TYPE": "erfgoed", "LOCATIEGROEP_NAAM": "Gebied aardkundige waarden", "LOCATIE_NAAM": null}, "geometry": {"type": "Polygon", "coordinates": [[[5.599845552566315, 51.95786624119031], [5.600434484182674, 51.958092684022525], [5.601080102180283, 51.95834037677525], [5.601626267814814, 51.95846521661932], [5.602467463874562, 51.95867423687275], [5.6029128592584305, 51.9588808145011], [5.603228331799221, 51.95910413175207], [5.603442155990825, 51.9593850161053], [5.603747315437995, 51.95972198910843], [5.603323186707012, 51.95989153289976], [5.602920724745141, 51.960107783153774], [5.6027832266257755, 51.95991817714674], [5.6024059984405365, 51.95958133366671], [5.6020118833505235, 51.95928671957294], [5.601387892049941, 51.95909932151865], [5.6006536935345315, 51.958922861332326], [5.600390111198956, 51.95884862069038], [5.599728543308162, 51.9586467390498], [5.599273932470914, 51.95850908774793], [5.598772084223128, 51.95818922048781], [5.598688368166469, 51.95803096263749], [5.598734258871658, 51.95788088445922], [5.598857477429283, 51.957787131056534], [5.599299403158703, 51.957742237945], [5.599845552566315, 51.95786624119031]]]}}, {"type": "Feature", "id": "58451", "properties": {"OBJECTID": "58451", "LOCATIEGROEP_ID": "nl.imow-pv26.gebiedengroep.003000000000000000000811", "SYMBOOL_CODE": "vsgt114", "GROEP": "aardkundig waardevol gebied", "9e750651-8e97-4bc6-b09e-fc30b5f3e83c_id": "9110", "LOCATIE_ID": "nl.imow-pv26.gebied.003000000000000000000811e116817", "DOCUMENT_URL": "https://omgevingsbeleid.provincie-utrecht.nl/home?d=/akn/nl/act/pv26/2022/omgevingsverordening/nld@1089&o=", "NAAM": "Gebied aardkundige waarden", "TYPE": "erfgoed", "LOCATIEGROEP_NAAM": "Gebied aardkundige waarden", "LOCATIE_NAAM": null}, "geometry": {"type": "Polygon", "coordinates": [[[5.556284662131359, 51.9844922898981], [5.557147025384284, 51.984636546869986], [5.557842085153969, 51.98480631532252], [5.558505390276849, 51.98505701962775], [5.559149690060416, 51.985330218460916], [5.5597752520114065, 51.98558181570282], [5.560536547174181, 51.98593319409321], [5.561106635650628, 51.98618571093533], [5.56155519595181, 51.98624543801282], [5.562193526803875, 51.986382682727566], [5.562962785566617, 51.98655146555008], [5.562602628794049, 51.986763225892844], [5.562502948804783, 51.98698189533379], [5.562477231443433, 51.98709513087471], [5.561834708283412, 51.98699441292184], [5.5611635080320605, 51.9869496224351], [5.560346829818711, 51.98657612891461], [5.559591829981602, 51.98632725931657], [5.5589901187506525, 51.986189668342526], [5.558173561431355, 51.98583947490143], [5.557413652582682, 51.985487512972405], [5.556614587917395, 51.985125481879], [5.55589276928302, 51.98479649192317], [5.555788690389533, 51.984580924806565], [5.555649723881827, 51.984401360343455], [5.556284662131359, 51.9844922898981]]]}}, {"type": "Feature", "id": "58477", "properties": {"OBJECTID": "58477", "LOCATIEGROEP_ID": "nl.imow-pv26.gebiedengroep.003000000000000000000811", "SYMBOOL_CODE": "vsgt114", "GROEP": "aardkundig waardevol gebied", "9e750651-8e97-4bc6-b09e-fc30b5f3e83c_id": "8934", "LOCATIE_ID": "nl.imow-pv26.gebied.003000000000000000000811e116799", "DOCUMENT_URL": "https://omgevingsbeleid.provincie-utrecht.nl/home?d=/akn/nl/act/pv26/2022/omgevingsverordening/nld@1089&o=", "NAAM": "Gebied aardkundige waarden", "TYPE": "erfgoed", "LOCATIEGROEP_NAAM": "Gebied aardkundige waarden", "LOCATIE_NAAM": null}, "geometry": {"type": "Polygon", "coordinates": [[[5.330783291782395, 51.95982942643847], [5.332660403625095, 51.95991951730719], [5.334724817328956, 51.96047960081643], [5.334471566481027, 51.961058103328675], [5.332515318825538, 51.96048443951216], [5.330782769995551, 51.96024573275012], [5.32967568769409, 51.960245197949526], [5.327654365749751, 51.96000630386913], [5.3257772603633455, 51.95991613309639], [5.324670351561265, 51.95979660138637], [5.323960124529321, 51.95986321165257], [5.324434285660924, 51.95942787872859], [5.325392764801592, 51.95949961658568], [5.3281841981167695, 51.95973893750441], [5.330783291782395, 51.95982942643847]]]}}, {"type": "Feature", "id": "58422", "properties": {"OBJECTID": "58422", "LOCATIEGROEP_ID": "nl.imow-pv26.gebiedengroep.003000000000000000000811", "SYMBOOL_CODE": "vsgt114", "GROEP": "aardkundig waardevol gebied", "9e750651-8e97-4bc6-b09e-fc30b5f3e83c_id": "8941", "LOCATIE_ID": "nl.imow-pv26.gebied.003000000000000000000811e116896", "DOCUMENT_URL": "https://omgevingsbeleid.provincie-utrecht.nl/home?d=/akn/nl/act/pv26/2022/omgevingsverordening/nld@1089&o=", "NAAM": "Gebied aardkundige waarden", "TYPE": "erfgoed", "LOCATIEGROEP_NAAM": "Gebied aardkundige waarden", "LOCATIE_NAAM": null}, "geometry": {"type": "Polygon", "coordinates": [[[4.873468936651218, 52.10101033112354], [4.872173055879735, 52.101740915732414], [4.871893272074679, 52.1020794907338], [4.873126739159511, 52.10277862695356], [4.873597412125223, 52.10355701280964], [4.873803498895771, 52.104035640138505], [4.872414195391744, 52.10423226525606], [4.8720217304848585, 52.10360804888563], [4.871339587132863, 52.10314257126971], [4.8706616285374205, 52.10271910965393], [4.870089101356368, 52.10186323649889], [4.871225125662988, 52.100878805502376], [4.873111538859973, 52.09983168296224], [4.8742431724894475, 52.099555507295534], [4.875594062140977, 52.09969758404768], [4.876002896699106, 52.099652205604386], [4.876819206885316, 52.09927879673874], [4.876815083474286, 52.098182429319785], [4.8773697450180435, 52.09714098849863], [4.878514159611416, 52.096062642200046], [4.881040467669567, 52.09627173239335], [4.880180641710022, 52.0970892234141], [4.8789941291157195, 52.098330045063264], [4.878590929279357, 52.09941849875734], [4.878166174513347, 52.10037942369771], [4.877471346420597, 52.10082948790895], [4.876387942986392, 52.10107964910836], [4.875424983451351, 52.100848944187945], [4.87457649145457, 52.100661198221275], [4.873468936651218, 52.10101033112354]]]}}, {"type": "Feature", "id": "58414", "properties": {"OBJECTID": "58414", "LOCATIEGROEP_ID": "nl.imow-pv26.gebiedengroep.003000000000000000000811", "SYMBOOL_CODE": "vsgt114", "GROEP": "aardkundig waardevol gebied", "9e750651-8e97-4bc6-b09e-fc30b5f3e83c_id": "8999", "LOCATIE_ID": "nl.imow-pv26.gebied.003000000000000000000811e116917", "DOCUMENT_URL": "https://omgevingsbeleid.provincie-utrecht.nl/home?d=/akn/nl/act/pv26/2022/omgevingsverordening/nld@1089&o=", "NAAM": "Gebied aardkundige waarden", "TYPE": "erfgoed", "LOCATIEGROEP_NAAM": "Gebied aardkundige waarden", "LOCATIE_NAAM": null}, "geometry": {"type": "Polygon", "coordinates": [[[5.47726263126008, 52.12513349479328], [5.477336445158176, 52.12526922865079], [5.477349398521335, 52.125616235542076], [5.477190416540117, 52.125789870101165], [5.476761622607718, 52.12588826499385], [5.476283698951473, 52.12593389116097], [5.475217418287128, 52.12596487505081], [5.474910988474745, 52.12595755392356], [5.4747024256837475, 52.12585964136698], [5.474579448924824, 52.125648506302234], [5.474652471241716, 52.12538441226782], [5.474921919364973, 52.125286143917485], [5.4759268961755865, 52.125255208921054], [5.4767970285340235, 52.125209286262994], [5.477103255759704, 52.125118525830025], [5.47726263126008, 52.12513349479328]]]}}, {"type": "Feature", "id": "58420", "properties": {"OBJECTID": "58420", "LOCATIEGROEP_ID": "nl.imow-pv26.gebiedengroep.003000000000000000000811", "SYMBOOL_CODE": "vsgt114", "GROEP": "aardkundig waardevol gebied", "9e750651-8e97-4bc6-b09e-fc30b5f3e83c_id": "8987", "LOCATIE_ID": "nl.imow-pv26.gebied.003000000000000000000811e116819", "DOCUMENT_URL": "https://omgevingsbeleid.provincie-utrecht.nl/home?d=/akn/nl/act/pv26/2022/omgevingsverordening/nld@1089&o=", "NAAM": "Gebied aardkundige waarden", "TYPE": "erfgoed", "LOCATIEGROEP_NAAM": "Gebied aardkundige waarden", "LOCATIE_NAAM": null}, "geometry": {"type": "Polygon", "coordinates": [[[5.242292310012378, 51.998551270888385], [5.240818547945447, 51.99873131527311], [5.239520249719097, 51.99931166038091], [5.2386352410833235, 51.99963790542752], [5.238400493697428, 51.99934662637016], [5.238637287915405, 51.99901956736542], [5.239109905869557, 51.998656429475396], [5.240171786118914, 51.998294035612936], [5.241292091145695, 51.99807718696371], [5.242058367883797, 51.99800539237944], [5.243649378073761, 51.998007341908426], [5.24689076872025, 51.99786575576221], [5.249778801164668, 51.9976509184904], [5.252608422459892, 51.99725408613473], [5.2540233762070905, 51.997001086458326], [5.256617766282009, 51.996422016077], [5.2578561138643645, 51.99609603322772], [5.259448920260734, 51.99544305532241], [5.261100795372954, 51.99471737784678], [5.262045670498121, 51.99395455310944], [5.262871861201627, 51.99348257843878], [5.264287349682386, 51.99297483910894], [5.265171432545843, 51.9928666417816], [5.266644904237729, 51.992686292151795], [5.267352417120333, 51.992505147411094], [5.269120846830997, 51.99217957499031], [5.270417056574125, 51.99218086691614], [5.272125224799229, 51.99236441419331], [5.274480962217291, 51.9927667905958], [5.277425322858727, 51.99342428634487], [5.2797219057948235, 51.993972002952866], [5.279071680165598, 51.994844356457236], [5.276657927380833, 51.99400553458426], [5.274361303332889, 51.99349414220258], [5.271946979106326, 51.99294620575299], [5.270120375002203, 51.992980779949505], [5.2675860571875175, 51.99326921720488], [5.264933873903206, 51.99355747762593], [5.263459865483628, 51.99391967181401], [5.2625746471346195, 51.99442795427611], [5.261512326589375, 51.99504516655782], [5.259860136518008, 51.995879974735374], [5.258739337039175, 51.99631523219059], [5.255967268336266, 51.9972215004329], [5.25384422883053, 51.99780108194444], [5.251368243692851, 51.99816198616802], [5.247890251891976, 51.99859439886402], [5.245592330054226, 51.998518908882915], [5.242292310012378, 51.998551270888385]]]}}, {"type": "Feature", "id": "58413", "properties": {"OBJECTID": "58413", "LOCATIEGROEP_ID": "nl.imow-pv26.gebiedengroep.003000000000000000000811", "SYMBOOL_CODE": "vsgt114", "GROEP": "aardkundig waardevol gebied", "9e750651-8e97-4bc6-b09e-fc30b5f3e83c_id": "8993", "LOCATIE_ID": "nl.imow-pv26.gebied.003000000000000000000811e116856", "DOCUMENT_URL": "https://omgevingsbeleid.provincie-utrecht.nl/home?d=/akn/nl/act/pv26/2022/omgevingsverordening/nld@1089&o=", "NAAM": "Gebied aardkundige waarden", "TYPE": "erfgoed", "LOCATIEGROEP_NAAM": "Gebied aardkundige waarden", "LOCATIE_NAAM": null}, "geometry": {"type": "Polygon", "coordinates": [[[5.37927638159568, 52.0332557732714], [5.3794746687717945, 52.03345632875089], [5.379672740930487, 52.03364593636674], [5.379913149352187, 52.033926550758046], [5.380055887750056, 52.03414030538612], [5.380181316249539, 52.03434338994955], [5.380342957070397, 52.034568101811914], [5.380662822157996, 52.03499420952713], [5.380688320665281, 52.03502847354842], [5.380828101240321, 52.035184927898655], [5.380972447940847, 52.03542199659323], [5.381115197682379, 52.03562424511967], [5.38125953571757, 52.035838276944425], [5.381507237306393, 52.036243598231536], [5.381629504000375, 52.036423365907645], [5.381772478510411, 52.036625604628355], [5.381859899557504, 52.0368180077584], [5.381925464160495, 52.03697698313109], [5.3816717748299565, 52.03709663040082], [5.381499854273074, 52.03702106848066], [5.381461600082414, 52.0370002772023], [5.381115040498666, 52.03681263371065], [5.380699740001421, 52.036410682255415], [5.380478215392046, 52.03613034926186], [5.38017950379053, 52.03580591574713], [5.379896964003354, 52.0354472197994], [5.3795559222899, 52.03505453543862], [5.379297974173804, 52.034798348875384], [5.379095584453886, 52.03452869233284], [5.378875445020044, 52.03427055694951], [5.37869627273724, 52.03409162721718], [5.378552175382321, 52.033855391594855], [5.378406493373706, 52.03360736327962], [5.378345496810571, 52.033503438337796], [5.37826081303143, 52.033359065131734], [5.3781561184523206, 52.03315598005743], [5.3779928883233294, 52.03294305741471], [5.377890909478883, 52.032796435573935], [5.377751149007782, 52.03262845493007], [5.377630037756275, 52.032482676227374], [5.3774333443832205, 52.03231553551654], [5.377729356628262, 52.032308539584015], [5.377906445548872, 52.032573981186076], [5.377959473570459, 52.032653467098925], [5.37805942295434, 52.03274616908873], [5.378236317007537, 52.03290965809341], [5.378781168965741, 52.0330197928584], [5.378828309928462, 52.033029350510105], [5.378894788190436, 52.03304283728365], [5.378940331637016, 52.03302233855913], [5.379075373255452, 52.032961111815155], [5.379096308782493, 52.03299172671283], [5.37927638159568, 52.0332557732714]]]}}, {"type": "Feature", "id": "58415", "properties": {"OBJECTID": "58415", "LOCATIEGROEP_ID": "nl.imow-pv26.gebiedengroep.003000000000000000000811", "SYMBOOL_CODE": "vsgt114", "GROEP": "aardkundig waardevol gebied", "9e750651-8e97-4bc6-b09e-fc30b5f3e83c_id": "9000", "LOCATIE_ID": "nl.imow-pv26.gebied.003000000000000000000811e116937", "DOCUMENT_URL": "https://omgevingsbeleid.provincie-utrecht.nl/home?d=/akn/nl/act/pv26/2022/omgevingsverordening/nld@1089&o=", "NAAM": "Gebied aardkundige waarden", "TYPE": "erfgoed", "LOCATIEGROEP_NAAM": "Gebied aardkundige waarden", "LOCATIE_NAAM": null}, "geometry": {"type": "Polygon", "coordinates": [[[5.29578606428354, 52.15670163346907], [5.295138990065918, 52.15687515543888], [5.294492065491131, 52.15697409213332], [5.292512314207843, 52.156574752493576], [5.291259824925073, 52.1563251270388], [5.289806514245425, 52.15550353762931], [5.288314199470462, 52.15406037287487], [5.287385322317765, 52.153736394633846], [5.2863746011624135, 52.15385984856031], [5.286134177953959, 52.152939790784515], [5.284647341051437, 52.15065641791403], [5.284644006825307, 52.15065130986939], [5.284725633157472, 52.150303331680114], [5.285534096103107, 52.150229448249505], [5.286545338438619, 52.14983254382348], [5.286992283214304, 52.14876390689481], [5.2870745002351285, 52.14814245131347], [5.287439997781177, 52.14734721955902], [5.288328990581299, 52.14737282757007], [5.290227634764298, 52.14769758979087], [5.2934203209635005, 52.14762558519186], [5.293945048543644, 52.14792432835371], [5.294670777701752, 52.14874530937258], [5.295962152660854, 52.14964130585761], [5.297011209428384, 52.150487373069474], [5.2990288904842116, 52.15203026427906], [5.30024029221303, 52.15257810481383], [5.300562656901885, 52.15307555417842], [5.300602062246523, 52.15359765623564], [5.300600728180497, 52.15359991122955], [5.300115461163254, 52.15441770826394], [5.299872372428981, 52.1547158563516], [5.299306325706949, 52.15481487919965], [5.298780792929358, 52.154864208407886], [5.298376068842757, 52.155137371728664], [5.29838094657468, 52.15515352670893], [5.298496520003589, 52.15553524110237], [5.298492590660902, 52.15554186225848], [5.298172081391825, 52.15608193071872], [5.297767292800047, 52.15637995246867], [5.296837645445876, 52.1563792452699], [5.29578606428354, 52.15670163346907]]]}}, {"type": "Feature", "id": "58418", "properties": {"OBJECTID": "58418", "LOCATIEGROEP_ID": "nl.imow-pv26.gebiedengroep.003000000000000000000811", "SYMBOOL_CODE": "vsgt114", "GROEP": "aardkundig waardevol gebied", "9e750651-8e97-4bc6-b09e-fc30b5f3e83c_id": "9011", "LOCATIE_ID": "nl.imow-pv26.gebied.003000000000000000000811e116888", "DOCUMENT_URL": "https://omgevingsbeleid.provincie-utrecht.nl/home?d=/akn/nl/act/pv26/2022/omgevingsverordening/nld@1089&o=", "NAAM": "Gebied aardkundige waarden", "TYPE": "erfgoed", "LOCATIEGROEP_NAAM": "Gebied aardkundige waarden", "LOCATIE_NAAM": null}, "geometry": {"type": "Polygon", "coordinates": [[[5.33630945172498, 52.08483867844885], [5.336012642116576, 52.08483770541475], [5.332514816627278, 52.08482518235852], [5.3273636598161875, 52.08457017632041], [5.326924482530175, 52.08448625650381], [5.3260436534887265, 52.08431783543966], [5.32492773796432, 52.08419142000547], [5.3237427618107365, 52.08385953537121], [5.322883083967585, 52.08361873933775], [5.321779425058168, 52.08338922593578], [5.321340062178659, 52.083297690286926], [5.317735043388522, 52.082503841856386], [5.3178185307683785, 52.08246906228606], [5.318222486898726, 52.08230386508119], [5.318391501591411, 52.0822348636357], [5.31871128237286, 52.08210416569804], [5.320190282939349, 52.08235948343304], [5.32036872886903, 52.082391608918606], [5.322157899151547, 52.08271336380778], [5.322866634593487, 52.08284098659458], [5.323350900545555, 52.082932819467025], [5.323545026178973, 52.083001413076865], [5.324131037493672, 52.083208497187236], [5.3243162019075125, 52.08332291473489], [5.3255425862085435, 52.083655273642826], [5.326217852780274, 52.08378033313291], [5.326397211344482, 52.08381385208204], [5.3277567648665505, 52.083971834562924], [5.3282353776906435, 52.08405267908878], [5.3282745707279195, 52.08405916103892], [5.328312648518206, 52.08405945865227], [5.328527372836796, 52.08406068898012], [5.32942872446374, 52.084066193389546], [5.331125258782513, 52.08419621366068], [5.3314126853322, 52.08421881978915], [5.332922710463131, 52.08419985716427], [5.334863126052684, 52.08417658152539], [5.335958673553757, 52.08418773034641], [5.336848802146943, 52.08423867055619], [5.337224907488804, 52.08426017674095], [5.338376041702026, 52.08432638726752], [5.340300996048458, 52.08426031354163], [5.34034864678293, 52.08425865167067], [5.3406987769428875, 52.08427367407446], [5.342226032626657, 52.08433942806143], [5.34269142035181, 52.08444296652393], [5.342895605414648, 52.08451129832162], [5.34270869972894, 52.084717108041055], [5.342352378594166, 52.08474675080063], [5.341481482912965, 52.08481915745153], [5.340599498902385, 52.08481881314482], [5.339695863968249, 52.08481845353907], [5.33630945172498, 52.08483867844885]]]}}, {"type": "Feature", "id": "58416", "properties": {"OBJECTID": "58416", "LOCATIEGROEP_ID": "nl.imow-pv26.gebiedengroep.003000000000000000000811", "SYMBOOL_CODE": "vsgt114", "GROEP": "aardkundig waardevol gebied", "9e750651-8e97-4bc6-b09e-fc30b5f3e83c_id": "9024", "LOCATIE_ID": "nl.imow-pv26.gebied.003000000000000000000811e116916", "DOCUMENT_URL": "https://omgevingsbeleid.provincie-utrecht.nl/home?d=/akn/nl/act/pv26/2022/omgevingsverordening/nld@1089&o=", "NAAM": "Gebied aardkundige waarden", "TYPE": "erfgoed", "LOCATIEGROEP_NAAM": "Gebied aardkundige waarden", "LOCATIE_NAAM": null}, "geometry": {"type": "Polygon", "coordinates": [[[5.391396028980461, 52.12893811011645], [5.390938569488803, 52.12922773640495], [5.390572596102691, 52.1294771280609], [5.390324254710806, 52.12971042689228], [5.390023608422482, 52.12966216950895], [5.38967066688598, 52.1293967093442], [5.389069380594723, 52.12930018148471], [5.388481164751819, 52.12866466897246], [5.387709959591564, 52.12852792395787], [5.386899562182746, 52.128495739874616], [5.386206799281297, 52.12849573702267], [5.385779301905291, 52.12845432566413], [5.385389250237324, 52.12839369700967], [5.384830486470351, 52.128241575498095], [5.384282480559392, 52.12799687551135], [5.38387416096528, 52.128003480404814], [5.3835156423663575, 52.127792945047126], [5.383218712678422, 52.12772569680605], [5.383025312112972, 52.12761987502239], [5.382423592716202, 52.12742145257267], [5.381886354357779, 52.127209808577334], [5.381349116037254, 52.12703783502618], [5.381059019561871, 52.12693200529946], [5.380940836378488, 52.126812962568735], [5.380908623231194, 52.1266939152302], [5.380768942349442, 52.12659470765415], [5.380758228502606, 52.12645583394767], [5.380672278408625, 52.12632356235748], [5.380736762474278, 52.12624420203655], [5.380897933420283, 52.126270662139746], [5.381102087728452, 52.126250836143186], [5.381413689880446, 52.126244236273564], [5.382058386737213, 52.12625749556073], [5.382928362617119, 52.12631153781607], [5.382250728931367, 52.126079236105625], [5.381990963860903, 52.12600147032985], [5.3818876965572215, 52.12595493513488], [5.381795077674244, 52.125886128129245], [5.381702464712906, 52.125770143186145], [5.380693314607536, 52.1248304186375], [5.380569686231625, 52.12454391127593], [5.3804751146773295, 52.124481143028426], [5.38023665737973, 52.124371044808505], [5.379819368884438, 52.12414560160468], [5.379742735289805, 52.12405648112149], [5.379768287686309, 52.123977846910925], [5.3798279184893945, 52.12392018372784], [5.380262306396741, 52.12374721794338], [5.380892563254716, 52.12358998988325], [5.381079942092914, 52.12356902156809], [5.381340853228565, 52.12358236363281], [5.38198532940747, 52.12378667171196], [5.382531469563325, 52.12394041518608], [5.3827543468778165, 52.123925179890534], [5.382915314288596, 52.12386421120963], [5.383162948657275, 52.12377276696641], [5.383336284435359, 52.12387184698278], [5.383435337486092, 52.12398616810073], [5.383707723408063, 52.12407762875072], [5.384004874107837, 52.12419957661843], [5.384401077347512, 52.12428341698215], [5.38444154816325, 52.12440799120006], [5.384475361616371, 52.1245120547009], [5.384797285204785, 52.12459589209058], [5.385094440336846, 52.12476355902247], [5.385267782129356, 52.12491597980379], [5.38549065888835, 52.12503030096981], [5.385725903082688, 52.125220830871584], [5.386010684757971, 52.12529705170618], [5.386369766721239, 52.12536564150816], [5.386616437559519, 52.125379726802265], [5.387037247387383, 52.125403761396235], [5.387691426677196, 52.125488641999766], [5.387988274854646, 52.125539035542815], [5.388336322572164, 52.12562724018435], [5.388848129570949, 52.125728042534334], [5.389206402847361, 52.1258225360276], [5.389589145793401, 52.12605913672204], [5.3897501212806525, 52.12615820753832], [5.390096819434412, 52.1262496516627], [5.3902306266997595, 52.12643864717065], [5.390242938903655, 52.12666623124294], [5.390121618935843, 52.126722157630034], [5.390155665140793, 52.126807830068635], [5.39018781769404, 52.12695945627173], [5.390133197401311, 52.12711585738363], [5.389961788972724, 52.12721187125111], [5.390128006672844, 52.12723270112685], [5.390114947677425, 52.127393595111585], [5.390428659923372, 52.1275866570779], [5.390768520058984, 52.12783602700385], [5.391043022257674, 52.1279727789324], [5.391275585467382, 52.12812248339574], [5.391651686921612, 52.12823489078836], [5.391909588532328, 52.128360541198376], [5.391941874313733, 52.12886314701066], [5.391630252729267, 52.12884332311369], [5.391396028980461, 52.12893811011645]]]}}, {"type": "Feature", "id": "58419", "properties": {"OBJECTID": "58419", "LOCATIEGROEP_ID": "nl.imow-pv26.gebiedengroep.003000000000000000000811", "SYMBOOL_CODE": "vsgt114", "GROEP": "aardkundig waardevol gebied", "9e750651-8e97-4bc6-b09e-fc30b5f3e83c_id": "9019", "LOCATIE_ID": "nl.imow-pv26.gebied.003000000000000000000811e116828", "DOCUMENT_URL": "https://omgevingsbeleid.provincie-utrecht.nl/home?d=/akn/nl/act/pv26/2022/omgevingsverordening/nld@1089&o=", "NAAM": "Gebied aardkundige waarden", "TYPE": "erfgoed", "LOCATIEGROEP_NAAM": "Gebied aardkundige waarden", "LOCATIE_NAAM": null}, "geometry": {"type": "Polygon", "coordinates": [[[5.068334391991456, 52.00028393999514], [5.068359512385808, 52.00028589555229], [5.068455697570946, 52.000326584961506], [5.068588758782669, 52.00044045721315], [5.068692095168952, 52.00054463151639], [5.0687070535411225, 52.00062829826926], [5.068681321207446, 52.00071248411472], [5.068604236301309, 52.00078107128327], [5.068495776415335, 52.00084250874189], [5.06851405168345, 52.00093890280849], [5.068224205395018, 52.00098553966577], [5.068140044272783, 52.00089822487368], [5.068105903661805, 52.000882753523435], [5.068042427192422, 52.00086830819109], [5.067954555351819, 52.00080934100037], [5.067890347524152, 52.00074832569701], [5.067874964839906, 52.00070605737453], [5.067836265167584, 52.000680542739346], [5.067735588566814, 52.000620255333374], [5.067735066511726, 52.00061994831771], [5.067535483188848, 52.00050042966928], [5.067526820928191, 52.0004347293099], [5.0675532746950696, 52.00034971875321], [5.06770853566021, 52.00031920277573], [5.067800710528756, 52.00030745361767], [5.068025149673706, 52.000304431055895], [5.068028226261944, 52.00030387313946], [5.068077438887761, 52.000245574200875], [5.068281318060826, 52.00021562966451], [5.068334391991456, 52.00028393999514]]]}}, {"type": "Feature", "id": "58421", "properties": {"OBJECTID": "58421", "LOCATIEGROEP_ID": "nl.imow-pv26.gebiedengroep.003000000000000000000811", "SYMBOOL_CODE": "vsgt114", "GROEP": "aardkundig waardevol gebied", "9e750651-8e97-4bc6-b09e-fc30b5f3e83c_id": "9037", "LOCATIE_ID": "nl.imow-pv26.gebied.003000000000000000000811e116882", "DOCUMENT_URL": "https://omgevingsbeleid.provincie-utrecht.nl/home?d=/akn/nl/act/pv26/2022/omgevingsverordening/nld@1089&o=", "NAAM": "Gebied aardkundige waarden", "TYPE": "erfgoed", "LOCATIEGROEP_NAAM": "Gebied aardkundige waarden", "LOCATIE_NAAM": null}, "geometry": {"type": "Polygon", "coordinates": [[[5.278856067418775, 52.07360729219303], [5.2790941990522064, 52.073636865612485], [5.279201178650304, 52.07372503753248], [5.279308335425903, 52.073739813063476], [5.279451245526301, 52.07374727791303], [5.279665488939562, 52.07380619233193], [5.27991543645021, 52.0738724730835], [5.280165206414963, 52.07401948384372], [5.280200574139163, 52.07417363408229], [5.280248002064994, 52.07426175102155], [5.280247879417576, 52.07431312662458], [5.2802001183857605, 52.074364459035095], [5.280092819458771, 52.07440839415401], [5.280045113772607, 52.07443037156895], [5.279925841913399, 52.07450365064347], [5.279782823741428, 52.074540218746826], [5.2796279382192175, 52.0745620983664], [5.279496977732977, 52.074539958163335], [5.279377955044738, 52.074503151233316], [5.2792232463524265, 52.07445163403842], [5.2791161410050185, 52.074414846736765], [5.279009053589201, 52.074370707126036], [5.278866283562967, 52.0743045229159], [5.278747312137871, 52.07425303790183], [5.278699762730984, 52.07421630494893], [5.278664204584531, 52.074142875795665], [5.27864049221042, 52.07409882150342], [5.278592978658728, 52.07404740205891], [5.278593156589252, 52.07397400577227], [5.278450281537074, 52.07395186242212], [5.278355148313214, 52.07389305573777], [5.278319590967218, 52.073819635465], [5.278331739558785, 52.073724238476565], [5.278379573374687, 52.073643542909764], [5.278558328499196, 52.073599675165745], [5.278701273550146, 52.07359247245247], [5.278856067418775, 52.07360729219303]]]}}, {"type": "Feature", "id": "58426", "properties": {"OBJECTID": "58426", "LOCATIEGROEP_ID": "nl.imow-pv26.gebiedengroep.003000000000000000000811", "SYMBOOL_CODE": "vsgt114", "GROEP": "aardkundig waardevol gebied", "9e750651-8e97-4bc6-b09e-fc30b5f3e83c_id": "9083", "LOCATIE_ID": "nl.imow-pv26.gebied.003000000000000000000811e116841", "DOCUMENT_URL": "https://omgevingsbeleid.provincie-utrecht.nl/home?d=/akn/nl/act/pv26/2022/omgevingsverordening/nld@1089&o=", "NAAM": "Gebied aardkundige waarden", "TYPE": "erfgoed", "LOCATIEGROEP_NAAM": "Gebied aardkundige waarden", "LOCATIE_NAAM": null}, "geometry": {"type": "Polygon", "coordinates": [[[4.867405131476102, 52.01231767068899], [4.867494171784866, 52.01258555535398], [4.867055336871194, 52.012752111876324], [4.866590753363127, 52.01278376448175], [4.866069408061524, 52.01300050260291], [4.865542997099954, 52.0132840978602], [4.865158461638854, 52.013329779668624], [4.864604188274658, 52.013441058475294], [4.8643262767493365, 52.01356303604872], [4.863535630323391, 52.01418508015579], [4.862932941925064, 52.01449517251297], [4.862314115392128, 52.0148715414213], [4.8617885367681195, 52.01515353273201], [4.861616691675153, 52.01539919771773], [4.86213504347634, 52.01573324142558], [4.862168119028428, 52.01602484324517], [4.861980460488854, 52.01630835082373], [4.861665317805233, 52.01665525878708], [4.8609899578395925, 52.01726358085017], [4.860445895016645, 52.01748151390763], [4.859925708509056, 52.01762846300388], [4.859197887981313, 52.01779580806837], [4.858976738587083, 52.01798674307395], [4.858561558678755, 52.01802042837923], [4.8581168185331025, 52.01779379534382], [4.857828433727453, 52.01749868082971], [4.8581785079145945, 52.017285811645394], [4.858456012025045, 52.01720175931538], [4.858778920308476, 52.01717477005128], [4.859056171398596, 52.01711203540145], [4.859218462339967, 52.017027464405004], [4.859484097356345, 52.016972496472256], [4.859980327684267, 52.01690363120312], [4.860385554738879, 52.01673413724753], [4.860630237823641, 52.01650064642364], [4.860805381606988, 52.01630239289587], [4.860875919922023, 52.01618186067397], [4.860889270095038, 52.01602624314803], [4.860753211298447, 52.01584009853623], [4.860560536682958, 52.015569111707705], [4.8604950936076525, 52.01525604435604], [4.860660214124032, 52.01492978884158], [4.860986692892346, 52.01459714465311], [4.861587145693848, 52.01447897926388], [4.862014561842725, 52.014381368281384], [4.862467486906195, 52.01407061320924], [4.8630355392271065, 52.013767478762595], [4.8635009006955885, 52.01337857694386], [4.864048538309117, 52.01301228494709], [4.864759074757034, 52.01296488999879], [4.8649920202126555, 52.012948737868506], [4.865571630903254, 52.012638523767805], [4.866058926868441, 52.0123421266879], [4.866521343007149, 52.012202004876265], [4.867162167892528, 52.012076484468125], [4.867405131476102, 52.01231767068899]]]}}, {"type": "Feature", "id": "58454", "properties": {"OBJECTID": "58454", "LOCATIEGROEP_ID": "nl.imow-pv26.gebiedengroep.003000000000000000000811", "SYMBOOL_CODE": "vsgt114", "GROEP": "aardkundig waardevol gebied", "9e750651-8e97-4bc6-b09e-fc30b5f3e83c_id": "9114", "LOCATIE_ID": "nl.imow-pv26.gebied.003000000000000000000811e116805", "DOCUMENT_URL": "https://omgevingsbeleid.provincie-utrecht.nl/home?d=/akn/nl/act/pv26/2022/omgevingsverordening/nld@1089&o=", "NAAM": "Gebied aardkundige waarden", "TYPE": "erfgoed", "LOCATIEGROEP_NAAM": "Gebied aardkundige waarden", "LOCATIE_NAAM": null}, "geometry": {"type": "Polygon", "coordinates": [[[5.544346680305755, 51.96746514728847], [5.5447492336051605, 51.967594146198145], [5.545810976127956, 51.96778154190338], [5.546726116664398, 51.96810698825741], [5.5469398023396055, 51.968199429248706], [5.546987663956537, 51.968220162875575], [5.5473804786076695, 51.968388938829676], [5.548163038741758, 51.96850958764448], [5.54885143034676, 51.96866435423899], [5.549785041056547, 51.968955704057564], [5.550642837925199, 51.96914454260374], [5.55146043352746, 51.96926554319303], [5.551891847260495, 51.96938952480809], [5.552284803016817, 51.96965994077545], [5.552830532256621, 51.97003256974765], [5.553617166059672, 51.97042740664052], [5.553803455408994, 51.970483309941265], [5.554961946045099, 51.97085310816667], [5.555374133733238, 51.97105521193808], [5.553923870950712, 51.970916064946856], [5.553551186092816, 51.97081579044974], [5.552934185313876, 51.97060252736923], [5.552325667607736, 51.97040320781032], [5.55197038397025, 51.970224652550385], [5.551294475090772, 51.97001094214062], [5.550275509675629, 51.96964262199646], [5.5497535111456235, 51.96944641375851], [5.549124620707583, 51.969359710038404], [5.547841467036554, 51.96927523851973], [5.54707941265077, 51.96910969055195], [5.546900271500821, 51.96906706044209], [5.546427441174415, 51.968954181141626], [5.545857236849716, 51.96882622342641], [5.5456825483964955, 51.968787009955406], [5.544673024595722, 51.968405209155385], [5.543888987515075, 51.968125241148904], [5.543283743249461, 51.967908684996104], [5.543446930983477, 51.96779776936216], [5.54378067975794, 51.96757123573806], [5.544074189598996, 51.967377696664], [5.544346680305755, 51.96746514728847]]]}}, {"type": "Feature", "id": "58433", "properties": {"OBJECTID": "58433", "LOCATIEGROEP_ID": "nl.imow-pv26.gebiedengroep.003000000000000000000811", "SYMBOOL_CODE": "vsgt114", "GROEP": "aardkundig waardevol gebied", "9e750651-8e97-4bc6-b09e-fc30b5f3e83c_id": "9090", "LOCATIE_ID": "nl.imow-pv26.gebied.003000000000000000000811e116874", "DOCUMENT_URL": "https://omgevingsbeleid.provincie-utrecht.nl/home?d=/akn/nl/act/pv26/2022/omgevingsverordening/nld@1089&o=", "NAAM": "Gebied aardkundige waarden", "TYPE": "erfgoed", "LOCATIEGROEP_NAAM": "Gebied aardkundige waarden", "LOCATIE_NAAM": null}, "geometry": {"type": "Polygon", "coordinates": [[[5.335904074061193, 52.06793664571717], [5.335698526179577, 52.067949193521336], [5.3357155117431, 52.06823316960052], [5.335952314013016, 52.069204827485265], [5.3359503966869015, 52.069478962342494], [5.335893349291673, 52.069753073265304], [5.336019255967827, 52.07065080976994], [5.336071252254126, 52.07102131084411], [5.336088615781291, 52.07118141355277], [5.335958588944197, 52.07128387497395], [5.335744775911674, 52.07132985482843], [5.3356419686498695, 52.071351992533586], [5.335513964874627, 52.071089602322644], [5.335463801652669, 52.07091683898036], [5.335350766473596, 52.07052636637331], [5.335222072330671, 52.07008281228576], [5.334962840912988, 52.06940747035405], [5.334691345608256, 52.068700097883855], [5.334563600309057, 52.06802958593642], [5.334367865135473, 52.06783288482413], [5.334343728150169, 52.06780844448877], [5.334306591246809, 52.06781347915883], [5.333525531574914, 52.06792042636242], [5.3328197129839525, 52.06779427080402], [5.331817847684625, 52.06771178938804], [5.330950016140733, 52.06777794493117], [5.33079733540168, 52.06778995208448], [5.330687477552088, 52.06779860002308], [5.3297317684012295, 52.067618377802376], [5.329626293536615, 52.06759839093021], [5.329597818992994, 52.06759219326477], [5.329516710434865, 52.0675750224475], [5.328716872126438, 52.06740357742248], [5.328289275360136, 52.06731207323074], [5.327601100884572, 52.06714011899725], [5.327006462668925, 52.06688815179765], [5.326938410473385, 52.06682632418799], [5.326718334774057, 52.06662622737129], [5.326663640114982, 52.066576594248595], [5.3266539247328195, 52.066567771981916], [5.326265244118411, 52.06617939575094], [5.3261912037640835, 52.065836130453675], [5.326142809065334, 52.06576625023499], [5.3260254106937195, 52.06559673756779], [5.325859386823103, 52.06536745588844], [5.32660480040328, 52.065482150845895], [5.327000975335382, 52.06554331046802], [5.327572707014337, 52.0657020150604], [5.327865724850439, 52.065783387726576], [5.328743049967881, 52.06602700614462], [5.329670101043954, 52.06648586133944], [5.329923227550757, 52.06657821981303], [5.330486406810006, 52.06678369791952], [5.331117588280024, 52.0668081591521], [5.332250868632857, 52.06674128125386], [5.332267036438879, 52.066745782802094], [5.332899619697611, 52.06692583641668], [5.333047976892317, 52.06709780113305], [5.335810429390016, 52.06713442086017], [5.337023610173171, 52.06715067130916], [5.337615800457364, 52.06719081025913], [5.340331395883561, 52.06737532862037], [5.3406444756524625, 52.06739652034933], [5.34121619795721, 52.06740685569754], [5.342940713926354, 52.06743868448236], [5.343394849082191, 52.06744700578198], [5.3453828559603735, 52.06741626735677], [5.346033136614221, 52.06749738803219], [5.346143061190704, 52.067635051379405], [5.346253001019341, 52.067772723614205], [5.3460487104305665, 52.06789736199519], [5.345844501978749, 52.067931553233244], [5.345453629059723, 52.06799967120007], [5.345062830842586, 52.06798689538552], [5.3445990713048905, 52.06803279301], [5.344004062894258, 52.06805392377761], [5.34348336704443, 52.06805288752768], [5.342851998507572, 52.067971759880145], [5.342404269471022, 52.06792524866324], [5.3422949001570785, 52.06791397210071], [5.341377461824418, 52.067911930300625], [5.341329378149674, 52.067911911652615], [5.341274150166815, 52.067995595984655], [5.3411876487357866, 52.06812672506136], [5.341132419355698, 52.06821125420112], [5.341104344470528, 52.06825421515578], [5.341215107136103, 52.0684719400333], [5.341528386252037, 52.06873524075124], [5.341917546414075, 52.06903284116888], [5.3420835248348215, 52.069170529730144], [5.342281348894309, 52.069374526051696], [5.342305024354994, 52.069398964577864], [5.342656163506416, 52.06966228561365], [5.342934604619899, 52.06993764935241], [5.343266869556233, 52.07016584514945], [5.343211356235466, 52.07030344958758], [5.342784189232366, 52.070176612261555], [5.342752530488936, 52.07015694349049], [5.342562593224683, 52.07003890372574], [5.342228671965131, 52.06986715927554], [5.3417840239483585, 52.06968357906136], [5.341350914299747, 52.069587347554375], [5.340967519775824, 52.069454067168344], [5.340597419854993, 52.06925898890563], [5.340282499607259, 52.069018721468154], [5.33990215523627, 52.06882195617289], [5.339410736858428, 52.068696761617666], [5.339270003582928, 52.06860963733365], [5.3389486773594275, 52.068410645848395], [5.338298510631433, 52.06823791580168], [5.337947024252734, 52.06811193705115], [5.337873433865238, 52.06809758838531], [5.337409131157377, 52.06800751311541], [5.3369249452292316, 52.067949721646436], [5.336367816006678, 52.067926177283475], [5.335904074061193, 52.06793664571717]]]}}, {"type": "Feature", "id": "58434", "properties": {"OBJECTID": "58434", "LOCATIEGROEP_ID": "nl.imow-pv26.gebiedengroep.003000000000000000000811", "SYMBOOL_CODE": "vsgt114", "GROEP": "aardkundig waardevol gebied", "9e750651-8e97-4bc6-b09e-fc30b5f3e83c_id": "9091", "LOCATIE_ID": "nl.imow-pv26.gebied.003000000000000000000811e116872", "DOCUMENT_URL": "https://omgevingsbeleid.provincie-utrecht.nl/home?d=/akn/nl/act/pv26/2022/omgevingsverordening/nld@1089&o=", "NAAM": "Gebied aardkundige waarden", "TYPE": "erfgoed", "LOCATIEGROEP_NAAM": "Gebied aardkundige waarden", "LOCATIE_NAAM": null}, "geometry": {"type": "Polygon", "coordinates": [[[5.347291601152053, 52.06266866016513], [5.347586963319243, 52.062788570356574], [5.347742352190932, 52.062922814092886], [5.347804420256976, 52.06306660785], [5.347796475478475, 52.063263093258385], [5.347617468065097, 52.06346911179778], [5.347446331486921, 52.063545731564126], [5.347352967959183, 52.06361758667226], [5.347259610850454, 52.063665479532546], [5.347072972280801, 52.06370855006828], [5.34652866000761, 52.06372273604148], [5.346326526139442, 52.06369391353863], [5.3460875473125435, 52.06361156295869], [5.345930141818299, 52.063516459364095], [5.345829281412498, 52.063286383631336], [5.345829427050945, 52.06312823870538], [5.345876226388975, 52.062965310462175], [5.346024038923399, 52.062864722672344], [5.346389606611823, 52.062735448239046], [5.346733489493732, 52.06265335258822], [5.347291601152053, 52.06266866016513]]]}}, {"type": "Feature", "id": "58417", "properties": {"OBJECTID": "58417", "LOCATIEGROEP_ID": "nl.imow-pv26.gebiedengroep.003000000000000000000811", "SYMBOOL_CODE": "vsgt114", "GROEP": "aardkundig waardevol gebied", "9e750651-8e97-4bc6-b09e-fc30b5f3e83c_id": "9062", "LOCATIE_ID": "nl.imow-pv26.gebied.003000000000000000000811e116846", "DOCUMENT_URL": "https://omgevingsbeleid.provincie-utrecht.nl/home?d=/akn/nl/act/pv26/2022/omgevingsverordening/nld@1089&o=", "NAAM": "Gebied aardkundige waarden", "TYPE": "erfgoed", "LOCATIEGROEP_NAAM": "Gebied aardkundige waarden", "LOCATIE_NAAM": null}, "geometry": {"type": "Polygon", "coordinates": [[[5.475756387341358, 52.024839586077434], [5.475431806381886, 52.02498532993478], [5.474961638870886, 52.02519071902416], [5.474512605671018, 52.02544690935054], [5.4741608983944685, 52.02574118052681], [5.473788432406357, 52.02600989473947], [5.47347797170496, 52.02620185764925], [5.472939517807112, 52.02636843310161], [5.47240103553104, 52.02652221601431], [5.471675987583574, 52.02663778743174], [5.470723049577624, 52.02679185990663], [5.469583411351818, 52.026843797916314], [5.468941159086358, 52.02692094210078], [5.468361170776589, 52.02704917317811], [5.467263389169885, 52.02733114658208], [5.465953073315566, 52.02784297962886], [5.465561410569054, 52.02725656026518], [5.466198246709099, 52.02703562831319], [5.4669282630470635, 52.02678586773483], [5.467394234747956, 52.02663215938989], [5.467968949730029, 52.0264496125127], [5.468815613725987, 52.02625632217238], [5.46962374276679, 52.02624297691357], [5.470437344276478, 52.02590576236603], [5.471067853439803, 52.025605047923534], [5.471786792413229, 52.02523349400721], [5.472211657402629, 52.0249031526148], [5.472637360828541, 52.02429811412621], [5.4730555273934565, 52.02356780310784], [5.473551180837149, 52.02289333072864], [5.47406468134038, 52.02250393727554], [5.474509022832635, 52.022492651412655], [5.474539908313146, 52.02268587310327], [5.474437361681845, 52.02310024780831], [5.474055621725776, 52.02381789958071], [5.473766407958736, 52.02423689653638], [5.473850315103599, 52.024657595570076], [5.4742363128369345, 52.024602536676596], [5.474911833610073, 52.02429712135537], [5.4754520134325215, 52.024150255454146], [5.475983670127549, 52.02405663913945], [5.476263543540944, 52.024123532651316], [5.476434777987409, 52.024267212674424], [5.476435084080872, 52.024420603712336], [5.476060588278026, 52.02463796860209], [5.475756387341358, 52.024839586077434]]]}}, {"type": "Feature", "id": "58435", "properties": {"OBJECTID": "58435", "LOCATIEGROEP_ID": "nl.imow-pv26.gebiedengroep.003000000000000000000811", "SYMBOOL_CODE": "vsgt114", "GROEP": "aardkundig waardevol gebied", "9e750651-8e97-4bc6-b09e-fc30b5f3e83c_id": "9092", "LOCATIE_ID": "nl.imow-pv26.gebied.003000000000000000000811e116954", "DOCUMENT_URL": "https://omgevingsbeleid.provincie-utrecht.nl/home?d=/akn/nl/act/pv26/2022/omgevingsverordening/nld@1089&o=", "NAAM": "Gebied aardkundige waarden", "TYPE": "erfgoed", "LOCATIEGROEP_NAAM": "Gebied aardkundige waarden", "LOCATIE_NAAM": null}, "geometry": {"type": "Polygon", "coordinates": [[[5.2318855597566465, 52.20523225478359], [5.2268064173201925, 52.205351974398546], [5.224408478402803, 52.20421020242774], [5.221868873508654, 52.20429100965964], [5.218175300029938, 52.201241044235246], [5.217079114082099, 52.200531424384565], [5.213785662596455, 52.20040013223077], [5.2110578984232605, 52.198217157177936], [5.211165443181008, 52.1970472033828], [5.211221528457936, 52.19587717261521], [5.21230545699016, 52.195056543683165], [5.215137798235525, 52.19455470271957], [5.215810910533802, 52.19348044251045], [5.2135497615899755, 52.192686521190204], [5.212576256504625, 52.191609847224484], [5.2130940412839335, 52.1907883723574], [5.213534778840041, 52.19069676039073], [5.216151226582036, 52.190152855660294], [5.216211013562449, 52.19014042207844], [5.217626426494664, 52.18968809740132], [5.218891547274337, 52.18870566954602], [5.219594214554378, 52.188576263217854], [5.221099154753182, 52.18862707616831], [5.221987148463361, 52.18842382882918], [5.222876254265952, 52.18855576180977], [5.222863331921347, 52.18855046794243], [5.2236474332911875, 52.18806723452094], [5.223647228861288, 52.18806715334689], [5.223670577611878, 52.18805649007725], [5.223671453791882, 52.1880568238421], [5.223544245490879, 52.18776159315346], [5.223270118785375, 52.18759798396335], [5.223362902080407, 52.18727165441401], [5.223537877879122, 52.18700172985049], [5.223776752148471, 52.18678817562236], [5.223392801889035, 52.186607535442285], [5.223302308567898, 52.18631471913244], [5.223815834507789, 52.186118433785666], [5.223763981283782, 52.18577528509699], [5.22268478801901, 52.18542591059083], [5.221348963200824, 52.18491805106305], [5.219396478254697, 52.18421954944953], [5.218010951000709, 52.18326882837382], [5.216779826559469, 52.182318313678735], [5.216525856926093, 52.18146407819572], [5.215086235676274, 52.181240617200956], [5.214521183660562, 52.18101842040205], [5.2150367358391785, 52.18073454398196], [5.217147181391095, 52.180421361735036], [5.218952754157756, 52.17909570557973], [5.2195741076331394, 52.178021338603365], [5.223944248459388, 52.17869158506831], [5.226463002743947, 52.179232659965415], [5.23041019993524, 52.179136410770006], [5.23049454568621, 52.18116050865769], [5.23201517795695, 52.18319420386843], [5.23048566366027, 52.18369048282285], [5.234599626158318, 52.1842580794856], [5.236879628059044, 52.18622876716093], [5.236871675154384, 52.18859007369922], [5.2392848605479205, 52.18986329672146], [5.244075028904336, 52.191044658796315], [5.247226548649824, 52.19369788171365], [5.24797826985709, 52.19466859776665], [5.248319779991641, 52.19517499013128], [5.250351983913736, 52.195158944798905], [5.25120060638883, 52.19551567358522], [5.251061057433347, 52.19627450300053], [5.2523635175753824, 52.19669766234129], [5.255035626195815, 52.19804999411656], [5.254071288232721, 52.199271738466976], [5.25324352805654, 52.20070444900992], [5.251787569519269, 52.20200363964547], [5.249806994544101, 52.202429320008164], [5.248566984001609, 52.20394585027792], [5.245270652679003, 52.20461660264864], [5.2426643364022825, 52.20410744527078], [5.2398492893387765, 52.20448346353139], [5.237227080777022, 52.20517152940823], [5.235721473298569, 52.20527236740533], [5.234219746652245, 52.2050244711276], [5.2318855597566465, 52.20523225478359]]]}}, {"type": "Feature", "id": "58411", "properties": {"OBJECTID": "58411", "LOCATIEGROEP_ID": "nl.imow-pv26.gebiedengroep.003000000000000000000811", "SYMBOOL_CODE": "vsgt114", "GROEP": "aardkundig waardevol gebied", "9e750651-8e97-4bc6-b09e-fc30b5f3e83c_id": "9069", "LOCATIE_ID": "nl.imow-pv26.gebied.003000000000000000000811e116897", "DOCUMENT_URL": "https://omgevingsbeleid.provincie-utrecht.nl/home?d=/akn/nl/act/pv26/2022/omgevingsverordening/nld@1089&o=", "NAAM": "Gebied aardkundige waarden", "TYPE": "erfgoed", "LOCATIEGROEP_NAAM": "Gebied aardkundige waarden", "LOCATIE_NAAM": null}, "geometry": {"type": "Polygon", "coordinates": [[[5.298402305654707, 52.11336041918887], [5.297191744512097, 52.11358785174617], [5.29698529120495, 52.11381688807436], [5.297133625228069, 52.114125118723756], [5.29754189705687, 52.11437709321139], [5.297868168423032, 52.1145708699343], [5.298081430784591, 52.114697698843706], [5.300216688545792, 52.11547113462026], [5.299941644680577, 52.11543470113867], [5.2993758238500615, 52.115359852180276], [5.298849288908433, 52.11526451930231], [5.298485788119957, 52.11520639110543], [5.298285561838282, 52.115173937686684], [5.298070284346827, 52.11514119394162], [5.297851599311627, 52.11510423185668], [5.297606908533441, 52.11506219838796], [5.297384350395993, 52.115020459872994], [5.297161792674593, 52.11497872093767], [5.297017220073156, 52.11495417227364], [5.296341233343594, 52.1146539674782], [5.291259807651095, 52.112397610720635], [5.2897181688755905, 52.11108943917451], [5.289711532071688, 52.11110038107803], [5.288632524865776, 52.11084080163576], [5.288653133233722, 52.11080289846718], [5.286722307930982, 52.11018980845244], [5.28666920960785, 52.11017291075065], [5.286669171755727, 52.11018976322012], [5.286668773670549, 52.1103669972684], [5.286073377005918, 52.1101948719087], [5.286057419650354, 52.110189240739025], [5.285459404460737, 52.10997666402108], [5.284736384165863, 52.10956455903693], [5.284029187622639, 52.10922155418808], [5.283397746107137, 52.10886681944224], [5.28287879433978, 52.10860289666511], [5.2821714670874265, 52.1083281443755], [5.2817435424014185, 52.10844207232783], [5.281704581519247, 52.10880774141696], [5.2819639075528855, 52.10910457697776], [5.282205038004793, 52.10957384857403], [5.282222518589745, 52.10960813537213], [5.282574970852543, 52.109974143085886], [5.28274690488958, 52.11018635823926], [5.282908156455296, 52.11038536032366], [5.283483607613123, 52.110889195297595], [5.2837981752642476, 52.11127763597667], [5.284076121868696, 52.1116213914277], [5.28444564280334, 52.11221576639039], [5.2844689125353845, 52.11250846281807], [5.2844713564648025, 52.112537666949144], [5.2835782050041, 52.11229449811216], [5.283577785621993, 52.11228017087498], [5.283571423072199, 52.11207737807174], [5.2832756228527105, 52.111859716354786], [5.283014765850242, 52.111620459601056], [5.282551268353807, 52.11133327855921], [5.281827479105211, 52.11056780986886], [5.281585923490024, 52.11018532534038], [5.281162799572097, 52.1095156185269], [5.280869046140042, 52.1090260743939], [5.280629371186204, 52.10862701561321], [5.280571208688843, 52.10853174417876], [5.28012836886991, 52.107537323948215], [5.279312809970051, 52.106759963740735], [5.278411546135569, 52.106063968148675], [5.2774280486985035, 52.10534289347091], [5.276201817654493, 52.104758649631236], [5.275236848589529, 52.10431170823707], [5.274399702383688, 52.10401430681517], [5.273635761843481, 52.10381022050697], [5.27259607049741, 52.103532276955846], [5.271727414597868, 52.103348299558306], [5.27053328859783, 52.10309546087692], [5.268003328330833, 52.10271515769999], [5.266274840114581, 52.10240499359182], [5.264581055627665, 52.102254098811876], [5.2641457448302, 52.102240442328814], [5.26393732791188, 52.10223377143607], [5.263920223847231, 52.102233187325446], [5.263928008728054, 52.10222055830739], [5.263945567567156, 52.10222029801839], [5.264088461131892, 52.10217044683673], [5.26412339229341, 52.10215812474928], [5.264565584145132, 52.10190804413174], [5.264765890931642, 52.101795066020564], [5.2656756156738025, 52.10128087610651], [5.265832284837032, 52.10119228066254], [5.2658924081079554, 52.10122211977714], [5.266018353186733, 52.10128487766691], [5.266725992001437, 52.10136565841795], [5.267785564641742, 52.10142403387813], [5.268752502060441, 52.10167667271919], [5.269904943824121, 52.10189465955563], [5.271076264884774, 52.1021365258517], [5.2720431206046845, 52.10234335261882], [5.2731398393142035, 52.10260788321297], [5.274440841185826, 52.102985784964986], [5.275667150484861, 52.103422023843464], [5.277377083475387, 52.10408564815408], [5.278677386514284, 52.104784266452555], [5.281844570330678, 52.106408069019984], [5.282317531049263, 52.106439103321655], [5.282834035484375, 52.10646961697212], [5.2829799822132495, 52.10647816767054], [5.284217726347561, 52.10618406077652], [5.284462508706372, 52.10615954804593], [5.2853535529468765, 52.10607100628657], [5.286749390662063, 52.105947214978535], [5.288257590696335, 52.105754401563495], [5.289052627970006, 52.105761527549454], [5.2896544997212365, 52.105767077618545], [5.29104971514179, 52.105814285636804], [5.292001637436238, 52.10594454722316], [5.292648936390711, 52.106032979049644], [5.293921956234035, 52.10628565577897], [5.294202372925367, 52.1063412071373], [5.296098697658739, 52.10694853093037], [5.297920483862914, 52.10755548916705], [5.298551923748846, 52.107841900228586], [5.299202852508769, 52.10796821912299], [5.30068468840453, 52.108085879440935], [5.30080235288996, 52.10809523221402], [5.302057429211159, 52.10824360091496], [5.302324488985218, 52.108257275153484], [5.30250557974613, 52.10826639316434], [5.302809582745288, 52.10828149492004], [5.303963797230489, 52.10833905529513], [5.304122294710148, 52.10834675276797], [5.307687129988119, 52.10852418490357], [5.308401481932476, 52.10853112600703], [5.310330575423345, 52.108549528308515], [5.312674632634607, 52.10880269444284], [5.313865228502649, 52.10907841841827], [5.314813604077684, 52.109364650938986], [5.315203054948778, 52.109581724398396], [5.315668584305259, 52.109731154032175], [5.316054575114199, 52.109833625588124], [5.3174341779026735, 52.11020043059319], [5.317531556937683, 52.11021200167894], [5.317914826773339, 52.11025758049053], [5.318559366979684, 52.110334219850216], [5.319184001872088, 52.110408174792035], [5.3193361283198195, 52.110416971633065], [5.320783945433634, 52.11050064564967], [5.322030266447122, 52.110638127898135], [5.3224387779946625, 52.11079929154788], [5.322550961354936, 52.11099343976685], [5.322438266370198, 52.1111531936196], [5.321936285852706, 52.11111808896839], [5.321172544613542, 52.11116344954481], [5.319796152204038, 52.1110483541089], [5.318667852536413, 52.11099659034643], [5.318081055337635, 52.11092771506255], [5.317720927199564, 52.11088534114835], [5.317246152839402, 52.11082947923079], [5.316335633988443, 52.1106679975442], [5.315845270795476, 52.110494395839524], [5.315709736035337, 52.110380004550656], [5.31555084645723, 52.110328784566555], [5.315179928226072, 52.11021059156362], [5.312914352581499, 52.109488468026996], [5.312561140259131, 52.10943178277387], [5.311946842119484, 52.109328031045884], [5.309273363460437, 52.10910300871888], [5.308932882516128, 52.10907440848584], [5.306495164536882, 52.10903766087651], [5.302823452678764, 52.108907573061], [5.302041403033317, 52.108879769101044], [5.301526425594637, 52.10886142063192], [5.300112121791106, 52.10871208411255], [5.2988551658680265, 52.10847718378807], [5.298813233015556, 52.10845974264985], [5.298400551269738, 52.10837937690996], [5.296876015124522, 52.10794314737474], [5.295240836614594, 52.10742760068036], [5.2940123727090205, 52.107117674908224], [5.292674531122977, 52.10676243013948], [5.291241504237397, 52.10656718719071], [5.289622882154223, 52.10656473706465], [5.288456856270355, 52.10661685976563], [5.287370431660881, 52.10666537116217], [5.285806435267293, 52.106904188840325], [5.284391523967611, 52.10717709934], [5.284004151633345, 52.107316363065486], [5.2836638034903, 52.107438805268444], [5.283495330753458, 52.107700990301176], [5.283699028068694, 52.10798710445431], [5.284051373496644, 52.10839917127705], [5.2851673087293065, 52.108731573627345], [5.286319495991864, 52.109178593398354], [5.287248611536456, 52.10953328620819], [5.287890115239899, 52.10979223258535], [5.288270908174453, 52.10994591452923], [5.2889610343712095, 52.110191692411185], [5.289459704119366, 52.11036934064799], [5.290537515811349, 52.110861754682176], [5.291207079165328, 52.11113755839545], [5.292006214201529, 52.111514577800605], [5.292822922240874, 52.111892729303605], [5.293696313867082, 52.11232766124002], [5.294848679778771, 52.11277431879173], [5.295240020615037, 52.112820400056656], [5.295742046238126, 52.11283259117165], [5.29704594282621, 52.11269708411568], [5.298665173450681, 52.11262977567448], [5.299037461743442, 52.112618540561634], [5.300283961433254, 52.11278040356404], [5.301662370805437, 52.11255221605454], [5.302815532130082, 52.11262214530986], [5.303913734098353, 52.11244035167692], [5.305906891998295, 52.112201877680405], [5.305951366215865, 52.11219797153936], [5.307210684664861, 52.1120887281199], [5.308495510664657, 52.111998587737794], [5.309891345929418, 52.11195456953477], [5.3115100884944955, 52.11200168129382], [5.313035342351091, 52.112174265475616], [5.314487448726722, 52.112449301983915], [5.315071188593234, 52.11257633660352], [5.316067887887448, 52.11279349761625], [5.3172962447873955, 52.113126579794084], [5.317463082803353, 52.11317181608508], [5.318006075214005, 52.11325499562532], [5.319471313872921, 52.11348138926525], [5.321389782292539, 52.11343753330566], [5.323715330496848, 52.11345031908117], [5.324951174302871, 52.11348187718094], [5.325559053185876, 52.11349735851886], [5.327269816851061, 52.11371563987183], [5.328926491553125, 52.113957454221946], [5.330209330766626, 52.11435804523114], [5.331083263268358, 52.11468989543943], [5.331472867814416, 52.114895967611666], [5.331863720267164, 52.11518207711811], [5.331546882093763, 52.115170136158625], [5.331356998071565, 52.11524278642078], [5.331174652342587, 52.11512417553528], [5.330506387042922, 52.11484972327511], [5.32974316160767, 52.11464347589532], [5.328981331618232, 52.114402386800116], [5.328143647177838, 52.11427613939831], [5.326748033971592, 52.114115339790466], [5.3257248768429015, 52.11401228604874], [5.324552932600421, 52.113782476881354], [5.324438641115219, 52.11378972348168], [5.322932292628731, 52.11388413272419], [5.321759680746749, 52.113963536270056], [5.3203262236165605, 52.11397341150264], [5.318856224841435, 52.1138585307955], [5.317981622538648, 52.11386869942686], [5.317241772945209, 52.11372701739414], [5.316903221053372, 52.113662174813385], [5.315712307843867, 52.11334155061878], [5.314809122699946, 52.11313061871087], [5.314391609383621, 52.11303261771764], [5.3132752175942946, 52.1127802605976], [5.312047838820394, 52.11261854715512], [5.310726992326252, 52.11242361272871], [5.309646539713489, 52.11251363315588], [5.308529625617707, 52.11258114941533], [5.307263553938939, 52.11276286356666], [5.307187660286655, 52.11284988787617], [5.307114281858159, 52.11293437922661], [5.3073545697445335, 52.113266252819436], [5.308005359472849, 52.113529877369785], [5.308806456282947, 52.11366719101955], [5.309326107595886, 52.11379336664241], [5.310274730260104, 52.1139771185448], [5.310539095524955, 52.114119417527334], [5.3110186036323395, 52.114377566260806], [5.311520323042564, 52.11458377666872], [5.311370921709841, 52.114846292006234], [5.311048377619607, 52.11484608453194], [5.3109607813434865, 52.11484602803386], [5.310199028060603, 52.114617185053824], [5.308878431261734, 52.114250334809036], [5.307817514328976, 52.113974656955016], [5.306348029897279, 52.11372199644711], [5.304450475772946, 52.11354906555178], [5.303278248035273, 52.113410605311415], [5.302031602414802, 52.113433306413484], [5.300672388112533, 52.11338541907176], [5.299611371507472, 52.113316382114895], [5.298402305654707, 52.11336041918887]]]}}, {"type": "Feature", "id": "58423", "properties": {"OBJECTID": "58423", "LOCATIEGROEP_ID": "nl.imow-pv26.gebiedengroep.003000000000000000000811", "SYMBOOL_CODE": "vsgt114", "GROEP": "aardkundig waardevol gebied", "9e750651-8e97-4bc6-b09e-fc30b5f3e83c_id": "9074", "LOCATIE_ID": "nl.imow-pv26.gebied.003000000000000000000811e116809", "DOCUMENT_URL": "https://omgevingsbeleid.provincie-utrecht.nl/home?d=/akn/nl/act/pv26/2022/omgevingsverordening/nld@1089&o=", "NAAM": "Gebied aardkundige waarden", "TYPE": "erfgoed", "LOCATIEGROEP_NAAM": "Gebied aardkundige waarden", "LOCATIE_NAAM": null}, "geometry": {"type": "Polygon", "coordinates": [[[5.546671144830619, 51.97405148176774], [5.547512733810359, 51.97417335806752], [5.548404932532978, 51.97420275126906], [5.549575261912141, 51.974238782476625], [5.550882630930155, 51.97437459594877], [5.552078254740158, 51.974547349419694], [5.552701867104973, 51.974752086796116], [5.55320873016982, 51.9748693419392], [5.552550157543231, 51.97505171520336], [5.55039927941812, 51.97509151970674], [5.549505433634039, 51.975050621024685], [5.548215350414453, 51.974857190170596], [5.547059396426271, 51.97477533999165], [5.546203446962356, 51.97471077963572], [5.545771924596854, 51.97454142292267], [5.54601264020947, 51.9742571337276], [5.546187911791528, 51.97404847839169], [5.54620058411908, 51.97390381418139], [5.546671144830619, 51.97405148176774]]]}}, {"type": "Feature", "id": "58407", "properties": {"OBJECTID": "58407", "LOCATIEGROEP_ID": "nl.imow-pv26.gebiedengroep.003000000000000000000811", "SYMBOOL_CODE": "vsgt114", "GROEP": "aardkundig waardevol gebied", "9e750651-8e97-4bc6-b09e-fc30b5f3e83c_id": "9076", "LOCATIE_ID": "nl.imow-pv26.gebied.003000000000000000000811e116789", "DOCUMENT_URL": "https://omgevingsbeleid.provincie-utrecht.nl/home?d=/akn/nl/act/pv26/2022/omgevingsverordening/nld@1089&o=", "NAAM": "Gebied aardkundige waarden", "TYPE": "erfgoed", "LOCATIEGROEP_NAAM": "Gebied aardkundige waarden", "LOCATIE_NAAM": null}, "geometry": {"type": "Polygon", "coordinates": [[[5.005601058851087, 51.92262622643376], [5.0057268184822705, 51.92263653066926], [5.005852578171528, 51.922646834770184], [5.005978337994979, 51.92265712974853], [5.0060977169934135, 51.92266560624409], [5.006217081576754, 51.9226740735832], [5.006336460742016, 51.922682540848214], [5.006455839952583, 51.92269100799205], [5.00656779493524, 51.92269726681597], [5.006679735412731, 51.922703525486284], [5.00679169053443, 51.92270977510894], [5.006903645687492, 51.922716024625004], [5.007009365919003, 51.92272038430094], [5.007115086247216, 51.92272473489373], [5.007216326391166, 51.922727695697944], [5.007317552088053, 51.922730647379964], [5.007583622779947, 51.922737672710014], [5.007849693632499, 51.922744688449725], [5.008159566420224, 51.92275495476155], [5.008469424890715, 51.922765211221595], [5.008814827228491, 51.92277885300645], [5.0091602443153125, 51.92279249382317], [5.0095329035299665, 51.92280966365977], [5.009905562956995, 51.92282684130312], [5.010297235462637, 51.922847692020845], [5.010688908259868, 51.92286855042174], [5.011091277864621, 51.92289322582013], [5.011493662526617, 51.9229178908997], [5.011898500247613, 51.92294653527217], [5.0123033385631865, 51.922975169262386], [5.012704851793789, 51.923006883251745], [5.013101361977237, 51.923040683219284], [5.0131808280496575, 51.923099369149554], [5.013260279717991, 51.92315806396767], [5.013339731668653, 51.92321674974373], [5.013419198288894, 51.92327544450013], [5.013498650654519, 51.92333413016826], [5.013578117689847, 51.923392824816666], [5.013657570470547, 51.92345151037682], [5.013737023384007, 51.92351020487106], [5.013822132805402, 51.923573995678176], [5.0139072280059835, 51.92363777738912], [5.013992323373519, 51.92370156802617], [5.014077419057219, 51.923765349613234], [5.014162514907847, 51.92382914012648], [5.014247611000037, 51.92389293057776], [5.014332707333785, 51.92395672096715], [5.014417803983581, 51.9240205023065], [5.016145526216566, 51.92541508588301], [5.0175072295752985, 51.926697271885345], [5.018542704400334, 51.927878217619465], [5.019291707479436, 51.92896906691081], [5.019794076304772, 51.92998100543455], [5.020089539394998, 51.93092517114537], [5.020217932648141, 51.93181271864402], [5.0202190387651155, 51.9326547743699], [5.020132687399738, 51.933462536286186], [5.019998654080543, 51.934247112140326], [5.019856774860585, 51.9350196728535], [5.019746859586621, 51.93579136246126], [5.0197087206581585, 51.93657333411598], [5.019782187813558, 51.937376740968745], [5.020007094105917, 51.9382127178371], [5.020423232550211, 51.93909241657575], [5.020922593293462, 51.93997831417403], [5.021361533142564, 51.940799934974386], [5.021753878079007, 51.94156614017088], [5.022113383023996, 51.94228579047573], [5.022453891281425, 51.94296778261585], [5.022789160573465, 51.94362095894083], [5.023133022230839, 51.9442541888263], [5.0234992504512945, 51.94487634130261], [5.023901678558211, 51.94549629438485], [5.024354097451024, 51.946122907759275], [5.024870299181546, 51.94676504084433], [5.025464077173022, 51.947431543735725], [5.026149284094304, 51.94813132021841], [5.026939673136951, 51.948873201342614], [5.02784910094012, 51.94966607176653], [5.028891354138186, 51.95051877920827], [5.029666966225039, 51.95121652698568], [5.030218032972916, 51.951883234891426], [5.030563124016625, 51.95251282341431], [5.030720825887131, 51.95309914880564], [5.030709741042148, 51.95363613821058], [5.030548430799867, 51.95411765495207], [5.030255501833148, 51.95453759791583], [5.029849533813465, 51.95488984762361], [5.029349137067712, 51.95516832053106], [5.028772895024394, 51.95536687014553], [5.028139406650179, 51.9554794131254], [5.027467272508721, 51.955499821483414], [5.026775093882487, 51.955421994565974], [5.026081443682775, 51.95523981406887], [5.025404953039699, 51.95494718027294], [5.0247641949017625, 51.95453795774484], [5.024304864812353, 51.954182987504495], [5.02385426843269, 51.953824644840225], [5.0234115594014535, 51.9534632418248], [5.0229759353000185, 51.95309905469963], [5.022546579029917, 51.95273237762376], [5.022122688125387, 51.95236349580049], [5.021703416349544, 51.9519927122613], [5.021287976031379, 51.95162028526573], [5.020876630560135, 51.95124601793208], [5.020465291943163, 51.9508717491463], [5.020056678165376, 51.95049595938212], [5.019648071223705, 51.950120168184796], [5.01923893580883, 51.94974402333645], [5.018829792626063, 51.94936788599375], [5.018416867978867, 51.94899253529574], [5.018003935686608, 51.9486171830889], [5.017834548256492, 51.948412706893464], [5.01758580252283, 51.9480403853408], [5.017270056901131, 51.94752258368781], [5.016899699379407, 51.94688164031844], [5.016487088149225, 51.94613992954482], [5.016044580814873, 51.94531978085992], [5.015584547844776, 51.94444355991621], [5.0151193292312986, 51.9435335965103], [5.014661320904327, 51.9426122657642], [5.014222844452273, 51.941701906818565], [5.013816277557884, 51.94082488614909], [5.013453938365112, 51.94000353425403], [5.013148230619124, 51.93926021797904], [5.012911455498078, 51.93861728593353], [5.0127560009944485, 51.938097095988006], [5.012694197398547, 51.937721987765], [5.0126751146249715, 51.936429704356556], [5.01270534732058, 51.93531121401749], [5.012763215619757, 51.934343374766655], [5.012826969747798, 51.93350300842771], [5.012874919605685, 51.93276696399713], [5.012885347442966, 51.9321120634321], [5.0128365217904065, 51.93151513760252], [5.012706740993328, 51.93095302634242], [5.012474318883488, 51.93040256928805], [5.012117512520002, 51.92984059648953], [5.0116146245505355, 51.92924392852614], [5.010943945638031, 51.92858940303544], [5.010083799184128, 51.92785386557449], [5.009012441192967, 51.9270141240227], [5.007708221070875, 51.92604702062773], [5.006149438474126, 51.924929368211274], [5.005957954829283, 51.92478445785786], [5.005789338907854, 51.924637985490406], [5.005642947736982, 51.924490317642835], [5.005518138648827, 51.92434178488063], [5.005414312512786, 51.92419272688417], [5.005330811976421, 51.92404349211957], [5.005267023533045, 51.92389440221771], [5.00522230430276, 51.9237458146558], [5.0051960261037145, 51.923598068971984], [5.005187560763114, 51.923451504694704], [5.00519626558203, 51.92330646129683], [5.005221498026155, 51.92316326026772], [5.005262673262643, 51.92302227720725], [5.005319119709866, 51.922883833498034], [5.0053902092585485, 51.92274826863546], [5.005475299277876, 51.92261592206374], [5.005601058851087, 51.92262622643376]]]}}, {"type": "Feature", "id": "58465", "properties": {"OBJECTID": "58465", "LOCATIEGROEP_ID": "nl.imow-pv26.gebiedengroep.003000000000000000000811", "SYMBOOL_CODE": "vsgt114", "GROEP": "aardkundig waardevol gebied", "9e750651-8e97-4bc6-b09e-fc30b5f3e83c_id": "9127", "LOCATIE_ID": "nl.imow-pv26.gebied.003000000000000000000811e116869", "DOCUMENT_URL": "https://omgevingsbeleid.provincie-utrecht.nl/home?d=/akn/nl/act/pv26/2022/omgevingsverordening/nld@1089&o=", "NAAM": "Gebied aardkundige waarden", "TYPE": "erfgoed", "LOCATIEGROEP_NAAM": "Gebied aardkundige waarden", "LOCATIE_NAAM": null}, "geometry": {"type": "Polygon", "coordinates": [[[5.340978564420123, 52.05790387117483], [5.341232572562271, 52.05792222500794], [5.341331887305268, 52.05793181791032], [5.342087960245173, 52.0580054155986], [5.344703625527445, 52.05825973156584], [5.344833267891017, 52.05848812900718], [5.344842354261429, 52.058516507600196], [5.344869612933638, 52.05860218265833], [5.344812540684149, 52.05872799518968], [5.34453416216061, 52.058693623548436], [5.341620054597172, 52.05841391468054], [5.339998050625638, 52.05829024932674], [5.3391690606576, 52.058226998823045], [5.33686708506962, 52.05782242240964], [5.336552229927371, 52.057833244326936], [5.3326330903559445, 52.05772363333192], [5.330193859746202, 52.05782810016317], [5.32632836997703, 52.057993573950874], [5.325365511093778, 52.058034643538804], [5.326031667905918, 52.05703899518173], [5.326228445049716, 52.05708319243163], [5.326823519378269, 52.057084343049844], [5.326853364977329, 52.057084924553465], [5.330790492491282, 52.05714247984153], [5.3331003340146035, 52.057176420707705], [5.3366110929749775, 52.05735408846939], [5.338466848008788, 52.057631808868386], [5.339431978991974, 52.05779286470816], [5.340978564420123, 52.05790387117483]]]}}, {"type": "Feature", "id": "58408", "properties": {"OBJECTID": "58408", "LOCATIEGROEP_ID": "nl.imow-pv26.gebiedengroep.003000000000000000000811", "SYMBOOL_CODE": "vsgt114", "GROEP": "aardkundig waardevol gebied", "9e750651-8e97-4bc6-b09e-fc30b5f3e83c_id": "9077", "LOCATIE_ID": "nl.imow-pv26.gebied.003000000000000000000811e116949", "DOCUMENT_URL": "https://omgevingsbeleid.provincie-utrecht.nl/home?d=/akn/nl/act/pv26/2022/omgevingsverordening/nld@1089&o=", "NAAM": "Gebied aardkundige waarden", "TYPE": "erfgoed", "LOCATIEGROEP_NAAM": "Gebied aardkundige waarden", "LOCATIE_NAAM": null}, "geometry": {"type": "Polygon", "coordinates": [[[5.308869965872398, 52.1749618796993], [5.308786860202671, 52.17506807058703], [5.3085545503880756, 52.17525780366723], [5.308505564226749, 52.17529780318177], [5.308163836021095, 52.17555683122285], [5.30784037765995, 52.17579136951468], [5.307782132254656, 52.17583360049771], [5.3077237797307, 52.17588667977408], [5.307449156440871, 52.176082386122474], [5.307373155576442, 52.17613654984223], [5.306733215753409, 52.17659258446521], [5.305733163710109, 52.17730522414316], [5.305693638771201, 52.177333391936415], [5.3055341603467685, 52.17725620168491], [5.3054868339945696, 52.17723330377603], [5.304596202292979, 52.17680222750509], [5.304518494851974, 52.17678852057119], [5.3044869310280784, 52.176788498493785], [5.304410538734054, 52.17671992129031], [5.304394717356183, 52.17670571831921], [5.304283096979201, 52.1766344918879], [5.303992895078175, 52.17636887536186], [5.30380597449532, 52.1760373148842], [5.303883496789282, 52.17563983473877], [5.3039200778286535, 52.175449649582355], [5.303826289305954, 52.175405938236025], [5.303781578484491, 52.175385261490334], [5.303720093054304, 52.17536802423799], [5.302779370034278, 52.17489169855244], [5.302679763352283, 52.17496502258447], [5.302563086634213, 52.17505093534944], [5.302149185731866, 52.17538381978989], [5.301330362278461, 52.17493579218962], [5.301285348936597, 52.17492883880116], [5.300522473299739, 52.17531042950194], [5.299870629326872, 52.174975743652666], [5.2997589786773185, 52.174918417175824], [5.2996963089228055, 52.174872532505994], [5.299594904116233, 52.174920911179086], [5.2995523181352695, 52.17494361001524], [5.297581845687077, 52.17406062609862], [5.2975131845706445, 52.17402986235923], [5.2974647064096905, 52.174060141765075], [5.296862703924734, 52.173786019549866], [5.296796162486337, 52.17375572438215], [5.296019379644732, 52.1733999257767], [5.295880823090455, 52.1733364540891], [5.295779728301409, 52.173290151151384], [5.295182441982468, 52.173014612862296], [5.296175825256531, 52.17215954466416], [5.296208650533064, 52.172134313921156], [5.296243671910692, 52.1721074041204], [5.296182103569715, 52.17207710343486], [5.295858798034054, 52.1719180377318], [5.295638018265093, 52.171812492696134], [5.295534828384118, 52.17176316797467], [5.295464672246034, 52.171729633593635], [5.2955901161426615, 52.171526703052464], [5.2958480936095675, 52.17092608805228], [5.295952745623939, 52.17079549369064], [5.29688877094336, 52.169582754959265], [5.2977733176854995, 52.16900090304274], [5.297909260146313, 52.1689114772341], [5.297975245828297, 52.168865473006576], [5.298933481495906, 52.16828139399629], [5.3003312730359164, 52.16729191661939], [5.3007091788482485, 52.167068044170094], [5.3011950291661165, 52.16678022818245], [5.3013434750774096, 52.16687817852882], [5.301408231503771, 52.16692090914876], [5.301454229651283, 52.16695126774567], [5.301803896537402, 52.1671819979413], [5.301834351933919, 52.16720014856049], [5.302761262467537, 52.16683465570563], [5.302910541173899, 52.16677193672729], [5.303031762751808, 52.16673670060178], [5.3041429004725416, 52.166413696933304], [5.304353751436956, 52.166352403510516], [5.30445875125264, 52.16644105294584], [5.304563263798474, 52.16650887694866], [5.305113399689712, 52.166831072492705], [5.30557050479932, 52.16711578456612], [5.30561223130587, 52.16714177945194], [5.305769648174603, 52.167247684711676], [5.305498074685516, 52.16735862388689], [5.305445909764693, 52.16736571523783], [5.30524507417954, 52.16743154745502], [5.305191662228325, 52.16744905481964], [5.3047155013267755, 52.16760512220272], [5.30431838845857, 52.167735277031554], [5.304305553098966, 52.167712654444685], [5.303085713438876, 52.16813389206918], [5.303288862685169, 52.16834949466162], [5.30343926390101, 52.1684778767948], [5.303502730481329, 52.168517010172856], [5.303553217673347, 52.168548135092294], [5.303607077570382, 52.16858133858231], [5.303706104235, 52.16863791556179], [5.304280245014429, 52.16896110250911], [5.3043392365516135, 52.1689943092614], [5.304280754862875, 52.16902507881186], [5.304354769289126, 52.169068119878176], [5.30474176128816, 52.16926443473605], [5.305340414731414, 52.169612386279134], [5.305409412371338, 52.16965019224151], [5.3054485278670285, 52.16965045298261], [5.3054972468376835, 52.16965077427562], [5.305497849886222, 52.16963273595878], [5.305498685665552, 52.16960732771718], [5.305636774943731, 52.16968770307275], [5.305677046832698, 52.16971113536535], [5.305711770041623, 52.16973134614819], [5.305770980630944, 52.169765810637436], [5.305953482168816, 52.1687344387451], [5.306886990737739, 52.16799856223845], [5.306922061814262, 52.1679711369766], [5.307890956639178, 52.16864272948679], [5.308351192955706, 52.16901251233644], [5.308658102969461, 52.16925698104146], [5.30910620927423, 52.169615940387885], [5.309630963644285, 52.17004976366534], [5.309653190911183, 52.17008686235444], [5.309810939799413, 52.17035025748421], [5.309850710038155, 52.17042867603819], [5.309099615590728, 52.17076283802402], [5.309026397077939, 52.17079540675068], [5.308656548147815, 52.170549486178324], [5.308295207565429, 52.17027222029032], [5.307794201628271, 52.170538133654425], [5.307690289187981, 52.17059328552196], [5.307161131907437, 52.170845668426985], [5.307395274639165, 52.17088060990677], [5.306319985083688, 52.17124112113483], [5.306372803567275, 52.17130347041263], [5.306191967320248, 52.17137526786991], [5.306056863195009, 52.1714427373116], [5.305705976785336, 52.1716179848303], [5.305559906859297, 52.17169391274883], [5.305587352457097, 52.171713759018644], [5.305616564510408, 52.171734891771486], [5.3064499872990165, 52.172305998202546], [5.307667966685315, 52.173181841199124], [5.308303535639821, 52.17363673134164], [5.30850146194829, 52.173725439026995], [5.308699452283802, 52.173786463681814], [5.308947931527325, 52.17385013690809], [5.309257482949695, 52.173908618925], [5.309401405768818, 52.173991752936715], [5.309462877969146, 52.17404198181195], [5.309422768991785, 52.1740727569754], [5.309334731158506, 52.17425940471518], [5.309145247231331, 52.174599480835724], [5.30911607300571, 52.17463834323318], [5.308949129786742, 52.174860737342854], [5.308869965872398, 52.1749618796993]]]}}, {"type": "Feature", "id": "58409", "properties": {"OBJECTID": "58409", "LOCATIEGROEP_ID": "nl.imow-pv26.gebiedengroep.003000000000000000000811", "SYMBOOL_CODE": "vsgt114", "GROEP": "aardkundig waardevol gebied", "9e750651-8e97-4bc6-b09e-fc30b5f3e83c_id": "9078", "LOCATIE_ID": "nl.imow-pv26.gebied.003000000000000000000811e116878", "DOCUMENT_URL": "https://omgevingsbeleid.provincie-utrecht.nl/home?d=/akn/nl/act/pv26/2022/omgevingsverordening/nld@1089&o=", "NAAM": "Gebied aardkundige waarden", "TYPE": "erfgoed", "LOCATIEGROEP_NAAM": "Gebied aardkundige waarden", "LOCATIE_NAAM": null}, "geometry": {"type": "Polygon", "coordinates": [[[5.354203557383985, 52.07200509397038], [5.353368003520783, 52.07181077015073], [5.352624195401313, 52.071752977756475], [5.35201007549994, 52.0716845414932], [5.3518555617000105, 52.07168084629967], [5.351045859391388, 52.07166178071733], [5.35020749555418, 52.07159214282303], [5.349783571664201, 52.071648184844555], [5.349442872555282, 52.07163234751866], [5.3493148043938, 52.071626131786815], [5.34892397268073, 52.07161420467437], [5.3481801726029765, 52.07155750772642], [5.3475849334097605, 52.07154102353176], [5.347323995139754, 52.07153362856706], [5.346637138420284, 52.071510080004956], [5.3460230104130515, 52.07146409164047], [5.3455403902107586, 52.07139566735458], [5.345448095032996, 52.07139563480634], [5.345391577363391, 52.0713956148395], [5.345019740903569, 52.071303633895525], [5.344788983044589, 52.071201590898504], [5.344722561482327, 52.07106366337109], [5.3452432239910985, 52.070903745065806], [5.345950671923119, 52.070824224967545], [5.346210407988281, 52.07088161410832], [5.346601139912302, 52.0709960679192], [5.34719615696521, 52.07100778435697], [5.347846593747487, 52.070974018718566], [5.348144187100064, 52.07100810117435], [5.348497189770997, 52.07100821719326], [5.349147634858922, 52.07096348793844], [5.349742661746887, 52.07096367782223], [5.350673373271243, 52.0709524551069], [5.35108176379542, 52.07094162403011], [5.35178920195529, 52.070862068869424], [5.35243966878158, 52.07078221411164], [5.35281173492355, 52.07058823479146], [5.353095998304461, 52.07046922533899], [5.353221614242901, 52.07041645665459], [5.353427434825191, 52.07036006159738], [5.35342641049297, 52.07051987787436], [5.353425860418075, 52.070630826240475], [5.353425622229009, 52.07065666682391], [5.3536105445649405, 52.071125778927566], [5.353794914875008, 52.07142047741214], [5.353888921920689, 52.071570766146365], [5.354203557383985, 52.07200509397038]]]}}, {"type": "Feature", "id": "58410", "properties": {"OBJECTID": "58410", "LOCATIEGROEP_ID": "nl.imow-pv26.gebiedengroep.003000000000000000000811", "SYMBOOL_CODE": "vsgt114", "GROEP": "aardkundig waardevol gebied", "9e750651-8e97-4bc6-b09e-fc30b5f3e83c_id": "9079", "LOCATIE_ID": "nl.imow-pv26.gebied.003000000000000000000811e116830", "DOCUMENT_URL": "https://omgevingsbeleid.provincie-utrecht.nl/home?d=/akn/nl/act/pv26/2022/omgevingsverordening/nld@1089&o=", "NAAM": "Gebied aardkundige waarden", "TYPE": "erfgoed", "LOCATIEGROEP_NAAM": "Gebied aardkundige waarden", "LOCATIE_NAAM": null}, "geometry": {"type": "Polygon", "coordinates": [[[5.480643399942163, 52.00605163665594], [5.480709890289139, 52.006507453504625], [5.480522460630694, 52.006763764674325], [5.480203315467385, 52.00671458296003], [5.479908810393325, 52.006481123964626], [5.479589006751183, 52.00611173842281], [5.479459763005283, 52.00556636738996], [5.47920890485448, 52.005412084859515], [5.4789480935129875, 52.005395993331476], [5.4788367409046135, 52.005695502362656], [5.478692596431655, 52.00575656333208], [5.478380376336207, 52.005534906729885], [5.4784353014438105, 52.00523741935458], [5.47848689313442, 52.004869710137115], [5.478064160940336, 52.0032223934631], [5.4779799467078005, 52.00298736453661], [5.477906027963299, 52.002780406573], [5.477849031637664, 52.00272428362148], [5.476477425826955, 52.00137289603589], [5.477416452974602, 52.00124914876056], [5.477844677319864, 52.001250508864324], [5.478577389050822, 52.001381392892725], [5.478714960226634, 52.00155935905771], [5.478759902462918, 52.001617468388616], [5.479101346170524, 52.00201998778034], [5.4793058646068635, 52.00232457984168], [5.479777196002338, 52.002701711657075], [5.480249803193037, 52.00313529512575], [5.480917310341474, 52.003405253882555], [5.481431993047585, 52.003609879828396], [5.48216475321607, 52.00374046283029], [5.482465967577209, 52.00381746311096], [5.482901966061713, 52.003928615724334], [5.483617485379226, 52.00408279761358], [5.484359183452958, 52.00433919369523], [5.485328423995814, 52.0046925751273], [5.485973250408334, 52.00517992044499], [5.486001990998325, 52.00562480957108], [5.485450115642221, 52.005707010575215], [5.485112058151816, 52.00564633517587], [5.484093043486701, 52.00512221826109], [5.483706585963724, 52.00488070124664], [5.48305184462771, 52.004530699486885], [5.482017384005355, 52.00431582337896], [5.481934719981865, 52.00428724483869], [5.4810293121407385, 52.0039733862716], [5.4802176843973855, 52.00377629244821], [5.479538782438693, 52.003609702407985], [5.479287982359641, 52.00347844759975], [5.478968251923117, 52.00313180917085], [5.478840929370911, 52.003296220924895], [5.478814378318371, 52.003330513447835], [5.478936138408458, 52.00378431994811], [5.479044480533036, 52.004021576341835], [5.480643399942163, 52.00605163665594]]]}}, {"type": "Feature", "id": "58412", "properties": {"OBJECTID": "58412", "LOCATIEGROEP_ID": "nl.imow-pv26.gebiedengroep.003000000000000000000811", "SYMBOOL_CODE": "vsgt114", "GROEP": "aardkundig waardevol gebied", "9e750651-8e97-4bc6-b09e-fc30b5f3e83c_id": "9080", "LOCATIE_ID": "nl.imow-pv26.gebied.003000000000000000000811e116861", "DOCUMENT_URL": "https://omgevingsbeleid.provincie-utrecht.nl/home?d=/akn/nl/act/pv26/2022/omgevingsverordening/nld@1089&o=", "NAAM": "Gebied aardkundige waarden", "TYPE": "erfgoed", "LOCATIEGROEP_NAAM": "Gebied aardkundige waarden", "LOCATIE_NAAM": null}, "geometry": {"type": "Polygon", "coordinates": [[[5.531782896862519, 52.04219647303496], [5.533518086687057, 52.04220371085428], [5.535268773706522, 52.04229538279249], [5.536937562387335, 52.04268619419799], [5.539139388189034, 52.043632622312835], [5.541229475541049, 52.04501900632895], [5.541674290708061, 52.045490091654884], [5.5419875308433335, 52.04666082042134], [5.541771097313542, 52.04794118106648], [5.5412005172752625, 52.04900412474731], [5.540098871248917, 52.049795399640615], [5.538732029743945, 52.05055976307922], [5.53527294409869, 52.05160292175174], [5.531890657980019, 52.05236593204211], [5.529108194876557, 52.05258721077073], [5.524956437431281, 52.05289173696159], [5.522789991378318, 52.05232230609954], [5.521726391093365, 52.05120686506537], [5.521540600277585, 52.048183914648696], [5.522461146695458, 52.04584057980941], [5.523428500308577, 52.04439597470594], [5.525157604447707, 52.04328223905365], [5.52802340876274, 52.04247791288106], [5.529839921538135, 52.042172600137576], [5.531782896862519, 52.04219647303496]]]}}, {"type": "Feature", "id": "58424", "properties": {"OBJECTID": "58424", "LOCATIEGROEP_ID": "nl.imow-pv26.gebiedengroep.003000000000000000000811", "SYMBOOL_CODE": "vsgt114", "GROEP": "aardkundig waardevol gebied", "9e750651-8e97-4bc6-b09e-fc30b5f3e83c_id": "9081", "LOCATIE_ID": "nl.imow-pv26.gebied.003000000000000000000811e116960", "DOCUMENT_URL": "https://omgevingsbeleid.provincie-utrecht.nl/home?d=/akn/nl/act/pv26/2022/omgevingsverordening/nld@1089&o=", "NAAM": "Gebied aardkundige waarden", "TYPE": "erfgoed", "LOCATIEGROEP_NAAM": "Gebied aardkundige waarden", "LOCATIE_NAAM": null}, "geometry": {"type": "Polygon", "coordinates": [[[4.845014274987947, 52.19798015787045], [4.844849279837109, 52.198010525672586], [4.844783312859869, 52.19822810161814], [4.844629183649473, 52.19840637221474], [4.844464281408908, 52.19842895627065], [4.8442756572301064, 52.19831914511296], [4.844049348839633, 52.19818581837345], [4.843698670901209, 52.19786516534701], [4.843613547280606, 52.19757685969042], [4.843895256735341, 52.19732136807657], [4.844263415875034, 52.197245243154], [4.844605484189089, 52.19723125732337], [4.845048960173193, 52.197209943553126], [4.845365427019336, 52.19721917989574], [4.845732354327539, 52.197244205099416], [4.846174696764049, 52.1973162675983], [4.846563789878542, 52.19734810584116], [4.8468098907720885, 52.19744528758578], [4.8471847772782555, 52.197562121518764], [4.847575345370639, 52.1977273186324], [4.847854477054244, 52.19768190117302], [4.848440059970324, 52.1974277864757], [4.848632920332898, 52.197187445464536], [4.8489251832461315, 52.19710317617676], [4.849465261759151, 52.19747136918977], [4.849766345311275, 52.19770618621586], [4.849726673105924, 52.19784607513993], [4.84937062131414, 52.19796895607436], [4.848988671578373, 52.19813840173464], [4.848530453739097, 52.198330849151404], [4.847592187225199, 52.19842772523358], [4.846998539709356, 52.19830050847584], [4.846507720748493, 52.19804925739009], [4.846294421555882, 52.197884868972544], [4.845940910618127, 52.197797646918374], [4.845484304945034, 52.197857813023376], [4.845256656548799, 52.197833417439476], [4.845041769078412, 52.19780130535995], [4.845014274987947, 52.19798015787045]]]}}, {"type": "Feature", "id": "58425", "properties": {"OBJECTID": "58425", "LOCATIEGROEP_ID": "nl.imow-pv26.gebiedengroep.003000000000000000000811", "SYMBOOL_CODE": "vsgt114", "GROEP": "aardkundig waardevol gebied", "9e750651-8e97-4bc6-b09e-fc30b5f3e83c_id": "9082", "LOCATIE_ID": "nl.imow-pv26.gebied.003000000000000000000811e116902", "DOCUMENT_URL": "https://omgevingsbeleid.provincie-utrecht.nl/home?d=/akn/nl/act/pv26/2022/omgevingsverordening/nld@1089&o=", "NAAM": "Gebied aardkundige waarden", "TYPE": "erfgoed", "LOCATIEGROEP_NAAM": "Gebied aardkundige waarden", "LOCATIE_NAAM": null}, "geometry": {"type": "Polygon", "coordinates": [[[5.477904972638395, 52.107751638766274], [5.479476450255903, 52.10912763051531], [5.478793649723467, 52.10951812640204], [5.477557704669236, 52.10980381286193], [5.477034544398872, 52.10961232862375], [5.476350824385729, 52.10955714102187], [5.476108678506139, 52.10911784695067], [5.4764597935769475, 52.10874618790161], [5.476469217234235, 52.10843669687806], [5.476569277472577, 52.10820140489562], [5.476842637200147, 52.10763355062574], [5.477904972638395, 52.107751638766274]]]}}, {"type": "Feature", "id": "58427", "properties": {"OBJECTID": "58427", "LOCATIEGROEP_ID": "nl.imow-pv26.gebiedengroep.003000000000000000000811", "SYMBOOL_CODE": "vsgt114", "GROEP": "aardkundig waardevol gebied", "9e750651-8e97-4bc6-b09e-fc30b5f3e83c_id": "9084", "LOCATIE_ID": "nl.imow-pv26.gebied.003000000000000000000811e116834", "DOCUMENT_URL": "https://omgevingsbeleid.provincie-utrecht.nl/home?d=/akn/nl/act/pv26/2022/omgevingsverordening/nld@1089&o=", "NAAM": "Gebied aardkundige waarden", "TYPE": "erfgoed", "LOCATIEGROEP_NAAM": "Gebied aardkundige waarden", "LOCATIE_NAAM": null}, "geometry": {"type": "Polygon", "coordinates": [[[4.942565113470692, 52.03183995270256], [4.9416224199765875, 52.032557703804706], [4.94079973964713, 52.03296333687559], [4.939630535829158, 52.032934846957325], [4.9384649454946565, 52.032545715690745], [4.937803225140675, 52.03244701857178], [4.936600859512461, 52.03184132788137], [4.936095073322149, 52.031743217618555], [4.934997554977954, 52.032340105301074], [4.933448779561837, 52.03130025951332], [4.9337284641558625, 52.03062810942297], [4.934164282215322, 52.029932515830616], [4.934755283850238, 52.029309647435504], [4.935496118712719, 52.0292884477703], [4.936893775786917, 52.02984680107702], [4.93712281519626, 52.03032855582649], [4.937819141034822, 52.030860181067894], [4.938830688731726, 52.031056384564536], [4.939609569146426, 52.03113148678898], [4.940312157481725, 52.03103797189019], [4.940470232152024, 52.03082218007988], [4.9403953906893285, 52.03050933061364], [4.940010161469786, 52.030051032870084], [4.93923394322953, 52.02971146476692], [4.9390419381317106, 52.029422212144304], [4.939320310873773, 52.02887026140255], [4.9401835853015115, 52.02829648808777], [4.94081082346769, 52.02793820561298], [4.942913921506374, 52.028114472176576], [4.944082050762336, 52.028239090831974], [4.9451805334634145, 52.027521904750884], [4.946320085629999, 52.02658846161669], [4.946365447184096, 52.02593944763086], [4.945945009276534, 52.025096340991034], [4.945831165211393, 52.024783339645595], [4.9466942774737666, 52.02420951805077], [4.9470880253992355, 52.023802250482305], [4.947521446567879, 52.02332299017801], [4.948111232990808, 52.02279622438011], [4.948585017008606, 52.022172849501715], [4.948632002535833, 52.021355535677216], [4.948717927467079, 52.020538357757644], [4.9484522909353155, 52.019806435970835], [4.947678071927179, 52.01927458190036], [4.947255547602571, 52.01864786305631], [4.946559062547188, 52.018140344387255], [4.945628787324933, 52.017631936006666], [4.945010522770872, 52.01710064879082], [4.945210811568234, 52.016548390223925], [4.945490923225823, 52.01580408236097], [4.945964684010659, 52.015180717388986], [4.946669135478491, 52.01487078003132], [4.948541850797088, 52.01463733639879], [4.9499063614759065, 52.014570281468096], [4.951533794408145, 52.01551402175749], [4.9529692719334415, 52.01616850902438], [4.953321831522729, 52.01597746039079], [4.953403254096347, 52.01561710730534], [4.953214942021836, 52.01494317622618], [4.952715150311623, 52.014244061206654], [4.951432369484398, 52.013921945701924], [4.950461522649509, 52.01358172981038], [4.949335069844038, 52.01321689270211], [4.948633470867977, 52.01323832495727], [4.94781381591351, 52.013379530301926], [4.946410847213584, 52.0133983298113], [4.945284906208653, 52.01298535963811], [4.944239763260016, 52.012284159855156], [4.94377910361639, 52.011585153394265], [4.943634419973503, 52.01045454261727], [4.94333082190261, 52.00963590790021], [4.943420642555969, 52.00843404965358], [4.943780329841819, 52.00752173988166], [4.944407470933427, 52.007139394021586], [4.946007166336055, 52.00690496406938], [4.947330349631227, 52.00705417685904], [4.948656363657607, 52.006914862363395], [4.949826363515786, 52.00679417930615], [4.9507662765233444, 52.006292743379866], [4.951356968654576, 52.005645746127975], [4.951788066813705, 52.00538286199069], [4.952174574789587, 52.00547779567914], [4.954231493604087, 52.00652193970478], [4.953366725314732, 52.00731220298239], [4.952738944615911, 52.00776672473191], [4.951800409059829, 52.00812391102007], [4.950902470495506, 52.008312944301565], [4.949691644283661, 52.00862101727564], [4.9485221285417005, 52.00868879604367], [4.94750915649189, 52.008685017230626], [4.946883436867273, 52.00892312339903], [4.946527818765174, 52.00942671685383], [4.946484840492178, 52.009835296685964], [4.946442334066642, 52.01019580009635], [4.946553546264959, 52.01077327100839], [4.946508203443568, 52.011422286559856], [4.946698053763005, 52.01192792085186], [4.947163497020235, 52.012146053407974], [4.947981261588084, 52.0121971940492], [4.948956995320839, 52.012032525076044], [4.9495433153881265, 52.011842348575136], [4.949935301519104, 52.011603369447094], [4.951063589892216, 52.01177585933565], [4.952148491130228, 52.01240501458566], [4.95296114268365, 52.01298506881583], [4.953774745086042, 52.01346894664266], [4.954508100839922, 52.01419295933188], [4.955001675708918, 52.01554122840433], [4.954958073067968, 52.016021948082034], [4.954795945810565, 52.01667053724977], [4.953970655764513, 52.01738881862149], [4.953188497744038, 52.01767446960544], [4.952603267786238, 52.01774444162504], [4.952018750851921, 52.01774228277116], [4.951359556819489, 52.017403226130654], [4.950701075060408, 52.016992046767776], [4.95027501458107, 52.01672597861084], [4.949418902296919, 52.01660258096425], [4.948484390760043, 52.01652697207546], [4.948442364674532, 52.01683938154094], [4.948672888119816, 52.01717685889112], [4.9494860359695005, 52.017708851368596], [4.950021281066088, 52.018768773406855], [4.950600190623935, 52.01934796611403], [4.95113899027943, 52.020047242970236], [4.951209819978634, 52.02077843742414], [4.950852766093287, 52.02142629899796], [4.950454138498949, 52.022338483992115], [4.950447812323387, 52.02298764452727], [4.950479521599243, 52.023733129113296], [4.950125481885343, 52.02406842479382], [4.94933895433083, 52.024786817301866], [4.94862893872518, 52.02564975956882], [4.948585272117257, 52.02613047612156], [4.948657702003614, 52.026693363952454], [4.948337656143852, 52.02753371237157], [4.947862161676744, 52.0283253840433], [4.947116861846098, 52.02880348031753], [4.946411233539715, 52.02920958088097], [4.9451606105978945, 52.02954151135918], [4.943834867415254, 52.02958461478356], [4.942662410203645, 52.02989276952184], [4.942307293760341, 52.03032421160431], [4.942730588521469, 52.03087881941101], [4.942565113470692, 52.03183995270256]]]}}, {"type": "Feature", "id": "58428", "properties": {"OBJECTID": "58428", "LOCATIEGROEP_ID": "nl.imow-pv26.gebiedengroep.003000000000000000000811", "SYMBOOL_CODE": "vsgt114", "GROEP": "aardkundig waardevol gebied", "9e750651-8e97-4bc6-b09e-fc30b5f3e83c_id": "9085", "LOCATIE_ID": "nl.imow-pv26.gebied.003000000000000000000811e116848", "DOCUMENT_URL": "https://omgevingsbeleid.provincie-utrecht.nl/home?d=/akn/nl/act/pv26/2022/omgevingsverordening/nld@1089&o=", "NAAM": "Gebied aardkundige waarden", "TYPE": "erfgoed", "LOCATIEGROEP_NAAM": "Gebied aardkundige waarden", "LOCATIE_NAAM": null}, "geometry": {"type": "Polygon", "coordinates": [[[5.188303426357901, 52.025230511208434], [5.18842064284665, 52.02523070903671], [5.188508245993273, 52.02523241175775], [5.1887836281233275, 52.02523784630114], [5.189005764484339, 52.02525128895211], [5.189311043131515, 52.02527362530984], [5.188764513996128, 52.02591553766899], [5.1882327118271725, 52.02733290577467], [5.187834607602376, 52.02822371197607], [5.1876306789413364, 52.029763195757184], [5.187888403558392, 52.0308982487875], [5.1885410553583275, 52.03187186665081], [5.189326374004014, 52.03256206523238], [5.19057268372472, 52.03300989082217], [5.192540846553909, 52.033661508213505], [5.192012762669573, 52.03422793815664], [5.19076606408763, 52.033861164246176], [5.189913387017221, 52.033535573919515], [5.187946723605967, 52.03255974025733], [5.187160688344577, 52.03203162315727], [5.186834735012205, 52.03146376553367], [5.186512251433292, 52.030125989510374], [5.186383581347724, 52.029517947814725], [5.186648887136381, 52.028951095698844], [5.186916554250543, 52.02785746137164], [5.18718419368897, 52.026763826223686], [5.1877802625269736, 52.02567074667561], [5.188160799609009, 52.02523027033744], [5.188303426357901, 52.025230511208434]]]}}, {"type": "Feature", "id": "58429", "properties": {"OBJECTID": "58429", "LOCATIEGROEP_ID": "nl.imow-pv26.gebiedengroep.003000000000000000000811", "SYMBOOL_CODE": "vsgt114", "GROEP": "aardkundig waardevol gebied", "9e750651-8e97-4bc6-b09e-fc30b5f3e83c_id": "9086", "LOCATIE_ID": "nl.imow-pv26.gebied.003000000000000000000811e116806", "DOCUMENT_URL": "https://omgevingsbeleid.provincie-utrecht.nl/home?d=/akn/nl/act/pv26/2022/omgevingsverordening/nld@1089&o=", "NAAM": "Gebied aardkundige waarden", "TYPE": "erfgoed", "LOCATIEGROEP_NAAM": "Gebied aardkundige waarden", "LOCATIE_NAAM": null}, "geometry": {"type": "Polygon", "coordinates": [[[4.965669592667957, 51.98770775746829], [4.969233124261134, 51.988404509718784], [4.966894012575531, 51.989135132147204], [4.964993528718109, 51.99247822084745], [4.96420305577519, 51.99366992295302], [4.96051400127036, 51.99117731126904], [4.959714812605541, 51.9907556838412], [4.95664723101684, 51.98980740312963], [4.949667984207013, 51.988214505008656], [4.946015687756702, 51.98677301041278], [4.94095148377766, 51.98553501593528], [4.9379298459494, 51.983120527616116], [4.934632172271684, 51.98014769630882], [4.929722594580103, 51.980442143229645], [4.926757723639677, 51.98277362227898], [4.919218779446522, 51.98267033221582], [4.915393459682097, 51.981726368207205], [4.913863782040239, 51.97987226547213], [4.913210123707981, 51.977665476207065], [4.91103453764206, 51.9763610901656], [4.907708767925748, 51.97486168117718], [4.901264958245744, 51.972600389082146], [4.8984996390920355, 51.973585534278534], [4.896361109587627, 51.973576632539505], [4.891900424596626, 51.97366341759749], [4.8895521712563745, 51.97456558173481], [4.8859192761664945, 51.975018515337176], [4.883924077941405, 51.9747191537998], [4.884330080356707, 51.97382131947468], [4.886856645880369, 51.97349006669111], [4.888286090658191, 51.972926779830445], [4.890558959565382, 51.97255568589937], [4.894076120136927, 51.97165841568738], [4.895472655508773, 51.9706236906631], [4.8975092814354415, 51.97000531184593], [4.899878083058483, 51.969945496656045], [4.904210891668612, 51.97076435783163], [4.908099538205192, 51.97217238598081], [4.909752322292789, 51.972977159275224], [4.911251734165019, 51.97356158735928], [4.915344382452117, 51.973700096448596], [4.917002067357728, 51.97694554472901], [4.918257840333114, 51.97880558991409], [4.920562359338766, 51.98022560036532], [4.923260633007588, 51.98040728076689], [4.925542693977231, 51.9799743908409], [4.9283959080742745, 51.97671191154961], [4.929475857407325, 51.97588029506724], [4.931050873253625, 51.97626949273947], [4.933533107404461, 51.97617461801103], [4.93533759844575, 51.9761815612888], [4.938773565834477, 51.97657778685765], [4.941563154015102, 51.97929636904484], [4.944426962629172, 51.98219538656897], [4.949367415206437, 51.9837569798136], [4.957129083805293, 51.9861187503543], [4.962416089661611, 51.98678399283475], [4.966796376911332, 51.98569765111707], [4.965669592667957, 51.98770775746829]]]}}, {"type": "Feature", "id": "58436", "properties": {"OBJECTID": "58436", "LOCATIEGROEP_ID": "nl.imow-pv26.gebiedengroep.003000000000000000000811", "SYMBOOL_CODE": "vsgt114", "GROEP": "aardkundig waardevol gebied", "9e750651-8e97-4bc6-b09e-fc30b5f3e83c_id": "9093", "LOCATIE_ID": "nl.imow-pv26.gebied.003000000000000000000811e116877", "DOCUMENT_URL": "https://omgevingsbeleid.provincie-utrecht.nl/home?d=/akn/nl/act/pv26/2022/omgevingsverordening/nld@1089&o=", "NAAM": "Gebied aardkundige waarden", "TYPE": "erfgoed", "LOCATIEGROEP_NAAM": "Gebied aardkundige waarden", "LOCATIE_NAAM": null}, "geometry": {"type": "Polygon", "coordinates": [[[5.286120285311531, 52.0697486948056], [5.286021176837678, 52.069802834821175], [5.285900151771125, 52.06981628497093], [5.285790046023104, 52.0698704153496], [5.285701903030585, 52.069938127501196], [5.285558944467169, 52.06993121845282], [5.285482059456608, 52.06988371321962], [5.285405128444154, 52.06985652989801], [5.285328197504828, 52.06982935551414], [5.285229319262425, 52.06978182213582], [5.28516336997659, 52.0697614251429], [5.285119490741396, 52.069713939222154], [5.285130811771765, 52.069571614105186], [5.284987917174813, 52.06953081943294], [5.284844929043394, 52.06953747247336], [5.284778871822637, 52.06956453212577], [5.284625011823329, 52.069510173499644], [5.284603251073348, 52.069408481646065], [5.284625477299164, 52.069306828036126], [5.284691704785419, 52.069205212657565], [5.284834892257745, 52.06911722701895], [5.284923050411711, 52.06904273852306], [5.285033124247683, 52.06900217190397], [5.285176110640472, 52.06899551863419], [5.285352163130829, 52.06896177676001], [5.28546229714189, 52.0689008698106], [5.2855613889218755, 52.068853507241634], [5.285682473685026, 52.068806163514104], [5.285803450831162, 52.068806267541746], [5.286034407813568, 52.06881324279323], [5.286078302430183, 52.06885395139538], [5.286155247429765, 52.06887434830873], [5.286287388590765, 52.068806682434975], [5.286408487702135, 52.0687525609759], [5.286518574724352, 52.06870520699354], [5.286683628477268, 52.068671462731416], [5.286936547707775, 52.06869200891807], [5.28704643708372, 52.068732773221264], [5.287167277322075, 52.06880065469684], [5.287288073103694, 52.068882098992944], [5.287474939169756, 52.068929696061105], [5.287771711387697, 52.06901128846113], [5.287914546807352, 52.069079187698684], [5.2880132613340916, 52.06920127464672], [5.2879800611435215, 52.06929614266845], [5.287903054519728, 52.069302854885585], [5.287770899298516, 52.069377299550915], [5.287572717883444, 52.06947202831511], [5.28739660468394, 52.06953288144136], [5.287319552230168, 52.06955993321678], [5.287033425488078, 52.06963424661524], [5.286868338079207, 52.06968155431715], [5.28674728260409, 52.0697153363013], [5.28660415781008, 52.069776225310065], [5.28647216597013, 52.06978288970026], [5.286384268192594, 52.069742143661834], [5.2862303139896465, 52.069728458023405], [5.286120285311531, 52.0697486948056]]]}}, {"type": "Feature", "id": "58448", "properties": {"OBJECTID": "58448", "LOCATIEGROEP_ID": "nl.imow-pv26.gebiedengroep.003000000000000000000811", "SYMBOOL_CODE": "vsgt114", "GROEP": "aardkundig waardevol gebied", "9e750651-8e97-4bc6-b09e-fc30b5f3e83c_id": "9107", "LOCATIE_ID": "nl.imow-pv26.gebied.003000000000000000000811e116893", "DOCUMENT_URL": "https://omgevingsbeleid.provincie-utrecht.nl/home?d=/akn/nl/act/pv26/2022/omgevingsverordening/nld@1089&o=", "NAAM": "Gebied aardkundige waarden", "TYPE": "erfgoed", "LOCATIEGROEP_NAAM": "Gebied aardkundige waarden", "LOCATIE_NAAM": null}, "geometry": {"type": "Polygon", "coordinates": [[[5.420664927299191, 52.09726858574606], [5.420463003851229, 52.0981002322058], [5.42019312245951, 52.09832206968442], [5.418663075894006, 52.09869670608581], [5.4189554164765, 52.09837784943675], [5.41994530952251, 52.097975642242254], [5.420189525942584, 52.09727045511813], [5.4206617523778595, 52.096792149962155], [5.420729042523149, 52.0965010808309], [5.4214504739438585, 52.09637709842058], [5.421691735139664, 52.096287848633], [5.421920729998566, 52.096114815694875], [5.421895155373223, 52.095787389822966], [5.4217302943205885, 52.09538983556258], [5.421690721306801, 52.094979903725154], [5.421894280070674, 52.09466474175723], [5.4226171957043094, 52.094466690449195], [5.423272125265328, 52.09433201216684], [5.423461871633193, 52.09418577253391], [5.423347799678646, 52.09400454635226], [5.422920363048972, 52.093688937134814], [5.422220394563614, 52.09343399627342], [5.422123562610628, 52.093047585206044], [5.422123282681518, 52.09269086871544], [5.421929848725291, 52.092185583623795], [5.421640092871714, 52.09191814058216], [5.421688187026693, 52.09171004474373], [5.421881152880723, 52.09162080868657], [5.42192940797411, 52.091620794409025], [5.422798871784687, 52.092601486494566], [5.422994363439898, 52.09323770698335], [5.423310859443847, 52.09333116629604], [5.423855281168639, 52.09350251585707], [5.424133869511486, 52.093666145276316], [5.424134121788591, 52.093970191924754], [5.42421032891929, 52.09427422361291], [5.424235807747122, 52.094484714974236], [5.42402075391242, 52.094625112591046], [5.423603158466539, 52.0947577712286], [5.422982994761457, 52.09485151829539], [5.422616000472857, 52.094945185938904], [5.422274370214358, 52.095116806922576], [5.422415060345232, 52.09548503081041], [5.422560018064924, 52.09569306878865], [5.423235998105261, 52.09604957950392], [5.424104886607813, 52.096197935261266], [5.425456284263553, 52.0961975024721], [5.4263730247185284, 52.09587021602057], [5.427369551201289, 52.095547856525236], [5.4281571308983985, 52.09550600579615], [5.428517389747428, 52.09574150041963], [5.428834237034041, 52.09560184052055], [5.42943977711879, 52.095477832244946], [5.430542941334781, 52.09600411000108], [5.430835477277523, 52.09600400164855], [5.431240459404596, 52.09592068432839], [5.431870814319902, 52.096183786119425], [5.432591343951686, 52.09659930443854], [5.432744904331758, 52.09687860150279], [5.432592007744517, 52.09725071959613], [5.432660083707729, 52.09780509198387], [5.433276738902772, 52.09777017590211], [5.434049187045657, 52.09794822846664], [5.434001299882087, 52.09830496385313], [5.433519034885574, 52.09869159467159], [5.431974362330398, 52.09857328233378], [5.43158799539672, 52.09833562415956], [5.431491101401918, 52.09797894445869], [5.4312008544343255, 52.09732508564917], [5.430766154179926, 52.096998263750955], [5.429897185623033, 52.09679050142197], [5.429221351066581, 52.096671833814966], [5.427617961761254, 52.09650410520416], [5.426560621590374, 52.096878680560565], [5.425930517224264, 52.09687889018383], [5.425030560024124, 52.09711480455455], [5.424670483485027, 52.097087201044225], [5.4244901637237835, 52.0967546210325], [5.424265109200401, 52.09672697329726], [5.42379556010627, 52.096881741508255], [5.423477572127009, 52.09685195510652], [5.4222847753405725, 52.096727582199584], [5.422037457914107, 52.097004846292215], [5.42181250067597, 52.09710192951585], [5.421519910858444, 52.09706043692893], [5.421114784065738, 52.09699125717057], [5.420664927299191, 52.09726858574606]]]}}, {"type": "Feature", "id": "58430", "properties": {"OBJECTID": "58430", "LOCATIEGROEP_ID": "nl.imow-pv26.gebiedengroep.003000000000000000000811", "SYMBOOL_CODE": "vsgt114", "GROEP": "aardkundig waardevol gebied", "9e750651-8e97-4bc6-b09e-fc30b5f3e83c_id": "9087", "LOCATIE_ID": "nl.imow-pv26.gebied.003000000000000000000811e116968", "DOCUMENT_URL": "https://omgevingsbeleid.provincie-utrecht.nl/home?d=/akn/nl/act/pv26/2022/omgevingsverordening/nld@1089&o=", "NAAM": "Gebied aardkundige waarden", "TYPE": "erfgoed", "LOCATIEGROEP_NAAM": "Gebied aardkundige waarden", "LOCATIE_NAAM": null}, "geometry": {"type": "Polygon", "coordinates": [[[5.282462993190772, 52.280040844874314], [5.2808238639330005, 52.28022728077124], [5.27935610145846, 52.28037528383009], [5.279381005725249, 52.280299521958575], [5.279447234489507, 52.279859902382526], [5.280491452757702, 52.279221317159454], [5.282122131307118, 52.27858324470002], [5.282544402817221, 52.27852813750275], [5.282552136120876, 52.278523407803306], [5.282560189063554, 52.27852607529175], [5.288510252227148, 52.27774936017915], [5.292681477200795, 52.277432998257865], [5.295353375837726, 52.277355164272365], [5.298416814756568, 52.276997757946205], [5.300502908722449, 52.276559632718005], [5.300894266910642, 52.27636005832653], [5.3014818047696375, 52.275800899624485], [5.30187615183735, 52.274042472694255], [5.301556581853773, 52.27080461424989], [5.3010423777205915, 52.26716690817754], [5.30030038477039, 52.266319342074766], [5.299958353312782, 52.26557339453276], [5.3003557511680635, 52.26502252161755], [5.299489021942576, 52.26196956800211], [5.298387018590702, 52.25925072988779], [5.297543126645301, 52.25781114324272], [5.297805512766252, 52.25689201878123], [5.296012267169467, 52.254589790266245], [5.295759500924405, 52.25367805517489], [5.296101128000222, 52.25263655450234], [5.296966857895856, 52.25193436453428], [5.298481276383653, 52.250763179531866], [5.300491903832045, 52.24936447224207], [5.302303879396547, 52.248916846092285], [5.3020514289327885, 52.24779675998678], [5.3031154507919025, 52.246078606688904], [5.305623282259737, 52.24363220490179], [5.30659986866202, 52.24321616401371], [5.308000374800934, 52.24298271679506], [5.308007470712902, 52.24307633837912], [5.308105683886191, 52.24287080831514], [5.311368614340247, 52.241372584409575], [5.311527607683044, 52.24104846945627], [5.3116863242960966, 52.240886466949625], [5.311766065944941, 52.240578506059315], [5.312109726029274, 52.24035177373841], [5.312295203292778, 52.23997904152779], [5.312560052200209, 52.23950423972848], [5.312692661100048, 52.239163892476725], [5.3128250911833295, 52.23892081089243], [5.31279911306543, 52.23866142469128], [5.312614879697705, 52.23830467290413], [5.312509388875344, 52.23822355441717], [5.312562354728155, 52.23812793966822], [5.312906006474425, 52.23790120493383], [5.313487097911666, 52.23778809724698], [5.314120779193072, 52.23780469515177], [5.314543160278372, 52.23786980212601], [5.3150973394638426, 52.23806467289146], [5.3152289310511405, 52.23834032786686], [5.315281031523734, 52.23877805631568], [5.315042934627121, 52.23905349527946], [5.314804808489264, 52.239345138730755], [5.314566731993176, 52.239604371723956], [5.314302362104937, 52.23979874108823], [5.314064439716544, 52.239960698229275], [5.313879231759779, 52.24018753449466], [5.313799505445727, 52.24049548784857], [5.313693312826374, 52.24083585266387], [5.313521093430044, 52.24118211721897], [5.313414831261203, 52.24157110566207], [5.3133790118054955, 52.24193853127695], [5.313272660303261, 52.24237075076414], [5.313342297139892, 52.24284631132712], [5.313271263332833, 52.243213714849155], [5.313094711683831, 52.243516205393234], [5.313023171580066, 52.2441862092986], [5.313163164576856, 52.24470503614496], [5.313267609443591, 52.245418381235154], [5.3136894559983086, 52.245850929500165], [5.314216906193239, 52.2463051569918], [5.315343126459502, 52.24667329350335], [5.316293369963163, 52.24699808274773], [5.316997178819175, 52.24730110284779], [5.3172433369301775, 52.24751738675666], [5.317594895599044, 52.24788504147183], [5.317735121791796, 52.24829579356762], [5.318086791137677, 52.24859859998445], [5.318368278918791, 52.2487500642552], [5.318861057321367, 52.248901649978045], [5.319318406139234, 52.24920452261906], [5.319775942570137, 52.24937769092541], [5.321113241736985, 52.24998365486846], [5.321429920284979, 52.250156738050194], [5.321922566556037, 52.2504163889124], [5.322098500983982, 52.250524554796556], [5.322626280098404, 52.25084905983662], [5.323506135297892, 52.25123859916745], [5.324703147401372, 52.25149860607434], [5.325970671802033, 52.25171540610421], [5.326498816726723, 52.25180214032724], [5.327343780441427, 52.25199710170436], [5.327836682894805, 52.252105418738005], [5.328153531739795, 52.25219203049509], [5.329425891502158, 52.25323807971348], [5.330176254468037, 52.25398773583744], [5.3311615371803915, 52.254679868838544], [5.331724110668427, 52.255429425950794], [5.332661846623229, 52.25664026195103], [5.332989873392675, 52.25721679792968], [5.333318132084607, 52.25762041742474], [5.333881103600784, 52.25811059511466], [5.334490908153298, 52.25871606796608], [5.335335412348908, 52.25943691757051], [5.336227129115329, 52.259984865812115], [5.336649475705744, 52.26028188546133], [5.337071772910944, 52.26062789584216], [5.337728885134923, 52.26100281767267], [5.338151134239576, 52.261406462621565], [5.340505325039095, 52.26330466578192], [5.342813445424482, 52.26533143678421], [5.345147804376348, 52.26678664023867], [5.348571484617634, 52.26770938108901], [5.3499177821582125, 52.268370420058694], [5.35001420099282, 52.26881743787923], [5.349406624105932, 52.26897500785543], [5.349279843026647, 52.26894093082217], [5.349218412850051, 52.268927186890515], [5.349129722143532, 52.26892715847248], [5.349011093862792, 52.268919058350136], [5.348898418369798, 52.2688711083663], [5.3488715013290085, 52.26887709450207], [5.348745155818359, 52.26893346071869], [5.348548385622371, 52.26890750309725], [5.348435728381513, 52.26887289049244], [5.348364498249846, 52.26887543769777], [5.34817608096497, 52.2689310459806], [5.347941428621633, 52.26901921026419], [5.347767385842637, 52.26912005797094], [5.347831759826382, 52.269201031966745], [5.347245902178121, 52.269351731392256], [5.3464045888011515, 52.26957983268135], [5.3457077810451095, 52.26977167710288], [5.344915965133037, 52.269571590969946], [5.344762799581592, 52.269615953709064], [5.344511664591938, 52.269694488389284], [5.343937183826806, 52.26987877168321], [5.3414540574956035, 52.270632810396016], [5.3409214408207255, 52.27078600654258], [5.340783934734536, 52.2707962527553], [5.340643819196172, 52.27079397785792], [5.340501976460528, 52.270776216233436], [5.340410478229418, 52.2707395910658], [5.33986949215947, 52.27043601307861], [5.339731489950523, 52.27040385369556], [5.33979973570474, 52.27048278439489], [5.338602974621292, 52.27067993143431], [5.337798935678246, 52.271159850199695], [5.337329865257653, 52.27117273099056], [5.3366044310144645, 52.27161714608575], [5.335772818681295, 52.2716952602282], [5.335186197020658, 52.27193534548645], [5.334433957910767, 52.27249417633881], [5.33344200628648, 52.27290574660904], [5.333105733078522, 52.27327836910207], [5.332369683192897, 52.27363118612677], [5.332576960383261, 52.274131584265945], [5.330817593984296, 52.27433676833974], [5.330333007476373, 52.27394250541201], [5.329885223605508, 52.27395537585681], [5.329523033155699, 52.27371976633987], [5.328094036243308, 52.27403297698706], [5.327326651893213, 52.273862552734805], [5.3270066848136555, 52.27395394872775], [5.325983141044427, 52.274005742000085], [5.325706308130384, 52.273744001540734], [5.323679111759215, 52.27329918944574], [5.323219297311202, 52.27266303245062], [5.32031105385467, 52.27264376524951], [5.320137596579997, 52.27310293174251], [5.31861037092165, 52.27380861950066], [5.317227924672056, 52.273966795086444], [5.3165940275498125, 52.274213716576305], [5.315845115641148, 52.27435458201743], [5.314808692296625, 52.27421263891552], [5.313343725055736, 52.274329977181985], [5.312332371306623, 52.274140437910525], [5.311584542315983, 52.27424892118434], [5.310802009396761, 52.27460816221741], [5.310214190156945, 52.275407195917154], [5.308952448958286, 52.27642906556195], [5.308624174414264, 52.27657136673677], [5.30819346304829, 52.276680065463644], [5.307892802150764, 52.27665890510569], [5.307742191194759, 52.2768139054971], [5.307536993217841, 52.27691436736189], [5.307208943442051, 52.27693510563462], [5.306928319108683, 52.27717804296649], [5.3065998960715985, 52.27739579043257], [5.306586581842453, 52.27756304310067], [5.306459932295804, 52.27748521292279], [5.306192346309569, 52.27733055799788], [5.305893197146409, 52.277282043915584], [5.305562333476955, 52.27730119384489], [5.305042294451134, 52.27737268214777], [5.303813860174601, 52.277541520919456], [5.302372643820568, 52.277732852763066], [5.302364671964634, 52.27773322453689], [5.302356331066413, 52.27773502509554], [5.301543242240716, 52.27784295762395], [5.300430737396399, 52.27797807811791], [5.298255882945133, 52.27822448091977], [5.297158042826995, 52.27834414069772], [5.295306558605297, 52.27853510961914], [5.295017539375371, 52.27857112348906], [5.294525612987929, 52.27863758123463], [5.292688743208281, 52.27882879920798], [5.291594960027445, 52.27896273699991], [5.290822786881956, 52.27902614852118], [5.290336295293061, 52.279115071575376], [5.2899045853869255, 52.279166118415574], [5.28953372119391, 52.27924781712088], [5.289259560686891, 52.2792928169008], [5.288692122424778, 52.279326607341645], [5.288300878975047, 52.27941166460662], [5.287960581561659, 52.279438630638865], [5.287283841120678, 52.27951136535437], [5.287053960535902, 52.27961452104865], [5.286153528890328, 52.279687904697425], [5.285788695697664, 52.27963226424489], [5.284290384077972, 52.279826175786276], [5.28428859539443, 52.27982658766702], [5.284254780544366, 52.27983053983116], [5.284200377708949, 52.27984705689957], [5.284027402222147, 52.27988718029882], [5.283890026698986, 52.27988649426254], [5.283721290359373, 52.27988045093179], [5.282462993190772, 52.280040844874314]]]}}, {"type": "Feature", "id": "58431", "properties": {"OBJECTID": "58431", "LOCATIEGROEP_ID": "nl.imow-pv26.gebiedengroep.003000000000000000000811", "SYMBOOL_CODE": "vsgt114", "GROEP": "aardkundig waardevol gebied", "9e750651-8e97-4bc6-b09e-fc30b5f3e83c_id": "9088", "LOCATIE_ID": "nl.imow-pv26.gebied.003000000000000000000811e116939", "DOCUMENT_URL": "https://omgevingsbeleid.provincie-utrecht.nl/home?d=/akn/nl/act/pv26/2022/omgevingsverordening/nld@1089&o=", "NAAM": "Gebied aardkundige waarden", "TYPE": "erfgoed", "LOCATIEGROEP_NAAM": "Gebied aardkundige waarden", "LOCATIE_NAAM": null}, "geometry": {"type": "Polygon", "coordinates": [[[5.3285717604776845, 52.15286901712784], [5.3276012581930905, 52.15324144142137], [5.3269948080571305, 52.15339029800417], [5.325863002341376, 52.15348915893307], [5.325296395116503, 52.1540358063336], [5.325298182509494, 52.154053531469955], [5.325336262521644, 52.15443359707537], [5.325334362023772, 52.15443424321229], [5.32452752530555, 52.154706638045475], [5.322991307302502, 52.15492955948353], [5.321051037427026, 52.15505279311662], [5.319919325969968, 52.15505215460172], [5.319474837963629, 52.1549773190041], [5.317415201868685, 52.153882254116176], [5.316607838638236, 52.15326025027112], [5.314913217886153, 52.15146925207126], [5.313177496928347, 52.15017541596171], [5.312531829921165, 52.14960320619721], [5.312376039019249, 52.14902453602925], [5.312371174733438, 52.149006449214404], [5.314392759308999, 52.14843591685834], [5.315402347914802, 52.148884025937136], [5.316411799444055, 52.14943156880962], [5.317098058890725, 52.14992919949625], [5.317541834589146, 52.15042667453219], [5.317743287413006, 52.1508245632067], [5.3180660266201105, 52.151197670848966], [5.318388771235925, 52.15157076859756], [5.319439126927587, 52.151869702788574], [5.320044872565403, 52.15219323654961], [5.321095437663655, 52.152367852938305], [5.32246957609741, 52.15236861315062], [5.323157072337328, 52.15207065996671], [5.323198448029899, 52.15139944539647], [5.3235626215754035, 52.15110130538258], [5.32429001609117, 52.15115142483509], [5.325017274069789, 52.15130097326201], [5.326593940084785, 52.15095373394269], [5.32780614589747, 52.15112838230972], [5.328452208597973, 52.15157619629835], [5.32893663989906, 52.15199906657799], [5.328936614543813, 52.15201854341914], [5.328936219164784, 52.152322254503744], [5.3285717604776845, 52.15286901712784]]]}}, {"type": "Feature", "id": "58432", "properties": {"OBJECTID": "58432", "LOCATIEGROEP_ID": "nl.imow-pv26.gebiedengroep.003000000000000000000811", "SYMBOOL_CODE": "vsgt114", "GROEP": "aardkundig waardevol gebied", "9e750651-8e97-4bc6-b09e-fc30b5f3e83c_id": "9089", "LOCATIE_ID": "nl.imow-pv26.gebied.003000000000000000000811e116885", "DOCUMENT_URL": "https://omgevingsbeleid.provincie-utrecht.nl/home?d=/akn/nl/act/pv26/2022/omgevingsverordening/nld@1089&o=", "NAAM": "Gebied aardkundige waarden", "TYPE": "erfgoed", "LOCATIEGROEP_NAAM": "Gebied aardkundige waarden", "LOCATIE_NAAM": null}, "geometry": {"type": "Polygon", "coordinates": [[[5.323756101608487, 52.07746349141886], [5.323533860352864, 52.07746729961245], [5.323013020871008, 52.077490332708486], [5.322360471878991, 52.07758472824939], [5.322306998484008, 52.077592464552296], [5.3222009519587035, 52.077630884058465], [5.32189673571473, 52.077740541162626], [5.321988325971403, 52.07808382719846], [5.32217278345406, 52.078506366947416], [5.32256542099121, 52.07872931515967], [5.322631914981649, 52.078767272081116], [5.322705070558043, 52.07880875591523], [5.322920923274126, 52.07893117387875], [5.323120203970795, 52.07904447756766], [5.324012870218692, 52.079147476079896], [5.324293138397713, 52.079214191112385], [5.324979674864967, 52.07937719335082], [5.3258786918589305, 52.07968718464538], [5.325908524512192, 52.07969759030333], [5.326658667587121, 52.07986818365595], [5.326763260284522, 52.07989211843546], [5.326932813381388, 52.07991607729117], [5.327173017712454, 52.07994990473901], [5.327271222846197, 52.07997270332822], [5.328008594737708, 52.08014469271833], [5.328510390685938, 52.08024830552134], [5.329143160616706, 52.0804087221131], [5.329644919631691, 52.080545468962754], [5.3299678670378565, 52.080755999891636], [5.329978798906323, 52.08076331246244], [5.329905531830275, 52.0810183125734], [5.329873387744469, 52.08101155595276], [5.329590362943056, 52.080951872535024], [5.329469370797259, 52.08092653012471], [5.329234650412088, 52.080876989975856], [5.328452662492807, 52.08080750368815], [5.327710432297249, 52.08068129972829], [5.326799037169533, 52.08040670205778], [5.32586997896953, 52.08022337069329], [5.324996241774567, 52.08008528896039], [5.323918751672876, 52.07978726641407], [5.3228244041187285, 52.07930193198927], [5.322784342403872, 52.07928415876472], [5.322505303026462, 52.07915565701349], [5.322397571553467, 52.07910587610581], [5.321317891727461, 52.0786084107991], [5.32051577624864, 52.07816950589443], [5.320482762502306, 52.0781515201496], [5.3203013717490935, 52.07811967176979], [5.318387057415963, 52.0777834885779], [5.318656457677209, 52.07763900064538], [5.319011640164082, 52.07744876756664], [5.3194829652277305, 52.07745942894681], [5.319399074026715, 52.07732456013726], [5.319360191981441, 52.077261900120845], [5.3194119745011985, 52.077234129831425], [5.319812748431538, 52.07732619904161], [5.320020091769263, 52.07737378303574], [5.32053474099028, 52.07737407466512], [5.320615203707519, 52.07737412005663], [5.3212847256831886, 52.07729444809465], [5.321710345761159, 52.077236828821256], [5.3217867244137835, 52.07722648096794], [5.322122361056305, 52.077134817547424], [5.322209718112025, 52.07711812990842], [5.32271761923731, 52.07702110371173], [5.323202069215549, 52.07693962991519], [5.3240014873408885, 52.07687349489232], [5.324484653772445, 52.07673697234338], [5.325117581223659, 52.0767373066971], [5.32548962711525, 52.07668020285855], [5.325514017998314, 52.076679092092604], [5.326019121294, 52.07665659705078], [5.3262336057090005, 52.07664716263851], [5.326809788810388, 52.076647458601954], [5.327330630770002, 52.07661373991341], [5.327963835653416, 52.076590456509884], [5.32846535872738, 52.076682555754005], [5.329134704721619, 52.07690028946556], [5.329710788515847, 52.076980618720015], [5.329725151689619, 52.076984562471814], [5.329924285040774, 52.07703717632184], [5.330231428816131, 52.07711849585021], [5.330584203338178, 52.077152658204454], [5.331151018108672, 52.07717258529846], [5.331234890344831, 52.07717543831258], [5.331419948701132, 52.0773814059654], [5.331350558301976, 52.077462831831575], [5.3312154288262725, 52.077621460787874], [5.33082428688955, 52.077632788494036], [5.33019276151457, 52.07758670038269], [5.329936394307586, 52.077549788343454], [5.329634232030834, 52.077506382050025], [5.329300157484862, 52.077448641391605], [5.328909398164247, 52.077345931608946], [5.328575544000743, 52.07731093774313], [5.3281656653763, 52.07718490101341], [5.327402789006925, 52.077196031016534], [5.326752292003055, 52.077206656379445], [5.3262867836972605, 52.077263716044655], [5.325603394687205, 52.07748440465462], [5.325580366066323, 52.07749169992425], [5.325545506935009, 52.077488589847704], [5.325182459958287, 52.07745750789014], [5.324781126875275, 52.07742302508345], [5.324128988574013, 52.077456950083814], [5.323756101608487, 52.07746349141886]]]}}, {"type": "Feature", "id": "58440", "properties": {"OBJECTID": "58440", "LOCATIEGROEP_ID": "nl.imow-pv26.gebiedengroep.003000000000000000000811", "SYMBOOL_CODE": "vsgt114", "GROEP": "aardkundig waardevol gebied", "9e750651-8e97-4bc6-b09e-fc30b5f3e83c_id": "9100", "LOCATIE_ID": "nl.imow-pv26.gebied.003000000000000000000811e116883", "DOCUMENT_URL": "https://omgevingsbeleid.provincie-utrecht.nl/home?d=/akn/nl/act/pv26/2022/omgevingsverordening/nld@1089&o=", "NAAM": "Gebied aardkundige waarden", "TYPE": "erfgoed", "LOCATIEGROEP_NAAM": "Gebied aardkundige waarden", "LOCATIE_NAAM": null}, "geometry": {"type": "Polygon", "coordinates": [[[5.201901289989362, 52.07383356065991], [5.203608698777257, 52.074403531311724], [5.207483642470932, 52.07562514562512], [5.210636187321853, 52.07664295270287], [5.210963728333634, 52.0769676150909], [5.211223763546205, 52.07773791172697], [5.21134622376036, 52.079917905359004], [5.2113466869501845, 52.07992625595475], [5.211275191887298, 52.08138491980843], [5.209298552167795, 52.08227342578869], [5.209303306314246, 52.08225185264217], [5.209566454119323, 52.0810581861934], [5.209898834447162, 52.08016721499079], [5.209897171763065, 52.08015239118489], [5.209771791202403, 52.079032425417175], [5.209709082578648, 52.078262413894336], [5.209186020539041, 52.07749171718831], [5.2080053413062, 52.07672002055329], [5.206757980940256, 52.07619134603752], [5.203735558034924, 52.075538337246066], [5.202619123253628, 52.07517189515947], [5.199857686967402, 52.075045976507205], [5.198739746533565, 52.07504419499658], [5.198017065979172, 52.07488095589965], [5.197951653609961, 52.07479980552846], [5.197951735940185, 52.07478032851872], [5.1979530238826035, 52.07447563509621], [5.198152525860238, 52.07394917344577], [5.199402965863078, 52.07370804441811], [5.201901289989362, 52.07383356065991]]]}}, {"type": "Feature", "id": "58437", "properties": {"OBJECTID": "58437", "LOCATIEGROEP_ID": "nl.imow-pv26.gebiedengroep.003000000000000000000811", "SYMBOOL_CODE": "vsgt114", "GROEP": "aardkundig waardevol gebied", "9e750651-8e97-4bc6-b09e-fc30b5f3e83c_id": "9094", "LOCATIE_ID": "nl.imow-pv26.gebied.003000000000000000000811e116942", "DOCUMENT_URL": "https://omgevingsbeleid.provincie-utrecht.nl/home?d=/akn/nl/act/pv26/2022/omgevingsverordening/nld@1089&o=", "NAAM": "Gebied aardkundige waarden", "TYPE": "erfgoed", "LOCATIEGROEP_NAAM": "Gebied aardkundige waarden", "LOCATIE_NAAM": null}, "geometry": {"type": "Polygon", "coordinates": [[[5.0358199887674475, 52.1554988256868], [5.033047958252951, 52.159611824433675], [5.031851246243778, 52.16171428512919], [5.031284896120315, 52.162498254953334], [5.02909590697281, 52.16306087013108], [5.026199356847233, 52.164122210460974], [5.016037597879357, 52.16611717930614], [5.009917464227281, 52.16705389995451], [5.010049229092281, 52.16642475700236], [5.010189418143505, 52.16573571778494], [5.010254561947722, 52.165438108604135], [5.010281424745509, 52.16531540937517], [5.010371972548571, 52.16486686491116], [5.010493835857144, 52.164330499707354], [5.010574687854679, 52.16401897307301], [5.010606769316275, 52.16391674708108], [5.010688834294135, 52.163655296361334], [5.010691807992568, 52.16364583249698], [5.010754545294889, 52.16346816910655], [5.010841551661623, 52.16323408450691], [5.010924831346075, 52.16303974187695], [5.011030357759405, 52.16282769182713], [5.011182281489113, 52.16256242774925], [5.011421925168493, 52.16217711144317], [5.011587291955763, 52.16193072847571], [5.011752448773048, 52.161707353885404], [5.011925839878815, 52.16151433974695], [5.011994555891017, 52.16143294716988], [5.01210444109771, 52.16130984625535], [5.012238044581986, 52.16119727364047], [5.01237503493056, 52.16108680583447], [5.012580232385678, 52.160953536117226], [5.012761370517858, 52.16085367002118], [5.012916778117569, 52.160775688726964], [5.013063524793144, 52.16071965543786], [5.013158062718791, 52.16068867684702], [5.013370014033683, 52.160619241976974], [5.013669203874027, 52.1605282060693], [5.014384938711894, 52.160321021768624], [5.014933930787433, 52.160159541581784], [5.015261867128843, 52.160074749093894], [5.015373673669928, 52.16004583646366], [5.015410536103137, 52.16003469062812], [5.015815274851127, 52.159912263083996], [5.016088133449702, 52.15982313352577], [5.0163882538647675, 52.15972783334679], [5.016688512123462, 52.15961577021406], [5.017016153113777, 52.15948287713013], [5.017342177815147, 52.15933845545315], [5.0177040978342395, 52.15917219656191], [5.018000473357404, 52.15902338397184], [5.018474800285427, 52.15876845713281], [5.018617333742008, 52.158691839231615], [5.018693106729433, 52.158651108538415], [5.018817928383831, 52.15857615179736], [5.018960323654215, 52.158489565355154], [5.019236750725744, 52.158309633864526], [5.019618402877227, 52.15801681662267], [5.019793033363029, 52.15787507132631], [5.0199712199576005, 52.15771659218499], [5.020377646895985, 52.15730457875344], [5.020744661569244, 52.15692906765245], [5.021144362461907, 52.1565086628364], [5.021216667051057, 52.156400078298866], [5.021265233298576, 52.15628513749479], [5.021300317448279, 52.156153419202184], [5.021308070157178, 52.156038351827064], [5.0213077580913446, 52.15586781243644], [5.021281904323614, 52.15570242486664], [5.021165647207679, 52.15515487448442], [5.021142961435023, 52.15501669439854], [5.02113048975889, 52.154878545989355], [5.02112477593094, 52.15474670115629], [5.021136107582709, 52.15460862657812], [5.021179960948665, 52.15444449776583], [5.021276819786257, 52.15424212754402], [5.021359657368171, 52.154097695415345], [5.021438612504149, 52.15400795221447], [5.021531119426877, 52.15392455154727], [5.021633788432304, 52.15384744692969], [5.021749960501102, 52.15378084608213], [5.021899796836777, 52.15372162962122], [5.022078547471743, 52.15367348578231], [5.022418075774121, 52.15360030383665], [5.022583183527024, 52.15357827216738], [5.022933904884047, 52.15355682234918], [5.023480985766014, 52.15357823847623], [5.023887394315821, 52.15363213314825], [5.024091553797249, 52.153680919263095], [5.0242312678599905, 52.15372144457833], [5.024843432735208, 52.15393750110086], [5.026222675666497, 52.15448845953991], [5.026694477179622, 52.15462678010493], [5.027054816219092, 52.15471083962343], [5.027567315422119, 52.154796961698516], [5.0277205639007105, 52.15481069490912], [5.027860364011194, 52.15482321853091], [5.027898078183841, 52.15482333336269], [5.027997850509936, 52.154823637090416], [5.028401295054515, 52.15479385578329], [5.028814193442334, 52.15473312015637], [5.030255571151595, 52.15439928800555], [5.030867689475857, 52.154268942304164], [5.030998239331709, 52.15424114105543], [5.032421835379171, 52.153937985751014], [5.032614648011776, 52.15388236326049], [5.0327346705643485, 52.15384773352982], [5.032789211557726, 52.15383199756121], [5.033267135037302, 52.15365869611099], [5.03352463461464, 52.153543909344414], [5.033837503787945, 52.15337856851613], [5.034081607258068, 52.153218647602515], [5.034229179263824, 52.15309789483369], [5.034607671145997, 52.152746741462515], [5.034890118619496, 52.152372749264], [5.03505313182629, 52.1520350261557], [5.035263917875094, 52.151449457202574], [5.0352938783180194, 52.15133734027371], [5.035375233486652, 52.151033383753514], [5.035453830884145, 52.1510534096513], [5.035537313344972, 52.151074681411245], [5.035590771310162, 52.151088304741016], [5.035626385447227, 52.151115347908615], [5.035705234901667, 52.15121104441993], [5.035807843575271, 52.15132150701857], [5.037272069510276, 52.153036949429264], [5.037471993351317, 52.15327355806018], [5.037593535584702, 52.15341738469504], [5.037700524522424, 52.153548189423944], [5.037765342887049, 52.15352593832909], [5.0358199887674475, 52.1554988256868]]]}}, {"type": "Feature", "id": "58445", "properties": {"OBJECTID": "58445", "LOCATIEGROEP_ID": "nl.imow-pv26.gebiedengroep.003000000000000000000811", "SYMBOOL_CODE": "vsgt114", "GROEP": "aardkundig waardevol gebied", "9e750651-8e97-4bc6-b09e-fc30b5f3e83c_id": "9095", "LOCATIE_ID": "nl.imow-pv26.gebied.003000000000000000000811e116920", "DOCUMENT_URL": "https://omgevingsbeleid.provincie-utrecht.nl/home?d=/akn/nl/act/pv26/2022/omgevingsverordening/nld@1089&o=", "NAAM": "Gebied aardkundige waarden", "TYPE": "erfgoed", "LOCATIEGROEP_NAAM": "Gebied aardkundige waarden", "LOCATIE_NAAM": null}, "geometry": {"type": "Polygon", "coordinates": [[[5.384808910145109, 52.12954306869577], [5.383967778011866, 52.13001998721169], [5.381340015461101, 52.129805760201656], [5.380461616244629, 52.129676683238635], [5.381283872675845, 52.12926958933569], [5.382363641993745, 52.12884868565707], [5.3829874027406, 52.12856953347995], [5.383696189609276, 52.12834271736918], [5.384022236141446, 52.12831219403334], [5.3843128484349005, 52.128124622212866], [5.385432691369756, 52.128539051025314], [5.386077663774041, 52.128879306542515], [5.386673050808077, 52.129184667082285], [5.386292653406538, 52.129484926287745], [5.385725628563414, 52.1290952390568], [5.384808910145109, 52.12954306869577]]]}}, {"type": "Feature", "id": "58478", "properties": {"OBJECTID": "58478", "LOCATIEGROEP_ID": "nl.imow-pv26.gebiedengroep.003000000000000000000811", "SYMBOOL_CODE": "vsgt114", "GROEP": "aardkundig waardevol gebied", "9e750651-8e97-4bc6-b09e-fc30b5f3e83c_id": "9096", "LOCATIE_ID": "nl.imow-pv26.gebied.003000000000000000000811e116838", "DOCUMENT_URL": "https://omgevingsbeleid.provincie-utrecht.nl/home?d=/akn/nl/act/pv26/2022/omgevingsverordening/nld@1089&o=", "NAAM": "Gebied aardkundige waarden", "TYPE": "erfgoed", "LOCATIEGROEP_NAAM": "Gebied aardkundige waarden", "LOCATIE_NAAM": null}, "geometry": {"type": "Polygon", "coordinates": [[[5.4870548393910665, 52.01194332099533], [5.487533016827277, 52.01214879597463], [5.488361332530918, 52.0125974927129], [5.489026186847059, 52.01282162191866], [5.48984252627683, 52.013098420453744], [5.490555621766374, 52.013504230010945], [5.491013517892287, 52.01368723831555], [5.491455372203743, 52.013916889521546], [5.4920997006432355, 52.014106747786585], [5.492263070952972, 52.01418384588839], [5.492664094357164, 52.014371392660884], [5.492277576159985, 52.014833791992494], [5.491954814412528, 52.01502451176395], [5.491909850180562, 52.015163023045034], [5.491755350097435, 52.01508676145561], [5.491332403293853, 52.01486889607699], [5.4906599866513135, 52.014542267924746], [5.4899733104365085, 52.01424991116732], [5.489299465529562, 52.01388900470917], [5.488338555182801, 52.01339830143841], [5.487416893919413, 52.01294069609467], [5.486651371278638, 52.01258182098442], [5.486200407500805, 52.01222717034663], [5.486076124094785, 52.01201324045484], [5.4863802413610365, 52.01183406626543], [5.4870548393910665, 52.01194332099533]]]}}, {"type": "Feature", "id": "58441", "properties": {"OBJECTID": "58441", "LOCATIEGROEP_ID": "nl.imow-pv26.gebiedengroep.003000000000000000000811", "SYMBOOL_CODE": "vsgt114", "GROEP": "aardkundig waardevol gebied", "9e750651-8e97-4bc6-b09e-fc30b5f3e83c_id": "9101", "LOCATIE_ID": "nl.imow-pv26.gebied.003000000000000000000811e116816", "DOCUMENT_URL": "https://omgevingsbeleid.provincie-utrecht.nl/home?d=/akn/nl/act/pv26/2022/omgevingsverordening/nld@1089&o=", "NAAM": "Gebied aardkundige waarden", "TYPE": "erfgoed", "LOCATIEGROEP_NAAM": "Gebied aardkundige waarden", "LOCATIE_NAAM": null}, "geometry": {"type": "Polygon", "coordinates": [[[5.446773283063403, 51.99175736492906], [5.445658803931871, 51.99188465854979], [5.444085649776233, 51.99206568040598], [5.443551474098593, 51.99225745792321], [5.443161684259288, 51.992556797445374], [5.442999801214276, 51.9928172255984], [5.442742529168028, 51.993025675249214], [5.442540702905373, 51.993543614438046], [5.4412907340054195, 51.99327627838161], [5.440176883560267, 51.99310672173628], [5.438344739382499, 51.99282248442905], [5.437289875764644, 51.99267716970837], [5.436990702410386, 51.99259631378308], [5.435198167383652, 51.99187399062521], [5.433120608026215, 51.990981363498], [5.430322565715005, 51.989898318935], [5.4291923797962935, 51.989377748384904], [5.428733680505105, 51.98917012346842], [5.427767723062491, 51.988989772771234], [5.427492037545258, 51.98888447267332], [5.4270639039367845, 51.988736368322456], [5.427117286271521, 51.988635251275795], [5.427117032750273, 51.98835157589592], [5.427043477084303, 51.98831033626501], [5.426645737602778, 51.98821659844158], [5.426682454550379, 51.98732876203922], [5.427625589011259, 51.98612606638449], [5.431402348937264, 51.98612470281441], [5.433114242393633, 51.98667057934329], [5.435298223738745, 51.987143362169995], [5.438485566633412, 51.98768854600635], [5.439902111909168, 51.98787009918092], [5.441141407937056, 51.9878695358019], [5.442439587152297, 51.98775962656295], [5.445241189734257, 51.98722292072994], [5.44722056947277, 51.98666621339195], [5.449659519145458, 51.98582521180339], [5.450679115618687, 51.98551593901501], [5.452608213507242, 51.98486655391731], [5.453834549384344, 51.98463535338162], [5.455007685830801, 51.98450295979375], [5.456047590106263, 51.98443648906634], [5.456740972476496, 51.98446901295123], [5.456890794581557, 51.984993788365664], [5.456845935277996, 51.98555861367149], [5.456694865792415, 51.986452954211465], [5.457296792608834, 51.98801409279136], [5.4577481492263145, 51.98871434213604], [5.458855694697835, 51.989464228083705], [5.459055305348709, 51.989599126290834], [5.459113425052924, 51.989736097304515], [5.459023747828234, 51.98997441947414], [5.4579226340852385, 51.99223487407085], [5.457030722369331, 51.9923752098964], [5.456574002257461, 51.99238262629034], [5.456263498065835, 51.99236789802689], [5.455314659176974, 51.992274750871836], [5.454702713264528, 51.99220932003333], [5.454051042693159, 51.99210908850585], [5.453479817499729, 51.992029768361874], [5.453196814556077, 51.99192290579068], [5.453014300868746, 51.991894848364545], [5.452858204151043, 51.991920543064495], [5.452257468882332, 51.99194938804171], [5.452001571622072, 51.991917945209764], [5.4514914975468685, 51.991856009678855], [5.449319201737834, 51.99199261323174], [5.448990750197692, 51.99199842221238], [5.448497869025144, 51.991869134333136], [5.447889556466205, 51.991755309853396], [5.446773283063403, 51.99175736492906]]]}}, {"type": "Feature", "id": "58442", "properties": {"OBJECTID": "58442", "LOCATIEGROEP_ID": "nl.imow-pv26.gebiedengroep.003000000000000000000811", "SYMBOOL_CODE": "vsgt114", "GROEP": "aardkundig waardevol gebied", "9e750651-8e97-4bc6-b09e-fc30b5f3e83c_id": "9102", "LOCATIE_ID": "nl.imow-pv26.gebied.003000000000000000000811e116906", "DOCUMENT_URL": "https://omgevingsbeleid.provincie-utrecht.nl/home?d=/akn/nl/act/pv26/2022/omgevingsverordening/nld@1089&o=", "NAAM": "Gebied aardkundige waarden", "TYPE": "erfgoed", "LOCATIEGROEP_NAAM": "Gebied aardkundige waarden", "LOCATIE_NAAM": null}, "geometry": {"type": "Polygon", "coordinates": [[[5.345010683515867, 52.11566853440607], [5.344563559764111, 52.115908524198495], [5.344265674373396, 52.11611400771797], [5.344003997383841, 52.11637653247899], [5.343554877492918, 52.117244553221475], [5.343254968993182, 52.11786179995829], [5.342901457686996, 52.11823832760332], [5.34249076727302, 52.118524098878325], [5.342210217216622, 52.11868380787155], [5.342810336389594, 52.117176021482436], [5.34303900842306, 52.11640061460085], [5.343204494017028, 52.11583948429656], [5.343168129599685, 52.11570212532725], [5.343038259383453, 52.115530460281526], [5.342721626214554, 52.11554186427615], [5.342460171349024, 52.1155760279089], [5.342219231613111, 52.11562172136384], [5.341511091277652, 52.11567819117827], [5.340673027602694, 52.115621123373025], [5.339426487151824, 52.11550546341632], [5.33840298341333, 52.11543679980298], [5.337788305583736, 52.11556153157576], [5.337471348471759, 52.115652959370316], [5.336780774211045, 52.11570126503862], [5.336503358034583, 52.11572108180168], [5.336392902977698, 52.115355061482134], [5.336579900922311, 52.11520683985345], [5.337175657282854, 52.11508126150185], [5.33819905200471, 52.115013435141755], [5.339037137026789, 52.115037094221584], [5.340116099371733, 52.11506083447821], [5.3406562678730385, 52.115072004604386], [5.3413073044006385, 52.11508377257171], [5.341717553752826, 52.114993215232346], [5.341774845766899, 52.11473005094282], [5.341570733848136, 52.11445584769752], [5.340975387359174, 52.11420394386], [5.3403801426042765, 52.11386104262554], [5.339767224397245, 52.11363160466755], [5.339060864225025, 52.113334715581914], [5.338725448068542, 52.11300315537754], [5.338448493604846, 52.1126145894977], [5.337927642367122, 52.11228265379581], [5.337760099799378, 52.111973621598814], [5.337817599649258, 52.111539417653155], [5.338449276418157, 52.111894705486094], [5.338746690062215, 52.11234057825099], [5.339193025089152, 52.11261489403883], [5.339750519691944, 52.11282099795297], [5.339974053227314, 52.11261520845466], [5.340050598702749, 52.11205544880609], [5.340199978546197, 52.111643750284195], [5.3404803625170265, 52.11136972753415], [5.340778256799467, 52.111381637064696], [5.341093267963519, 52.111599161871766], [5.340944127640661, 52.11199906937247], [5.340812245830881, 52.11247818562144], [5.340662904396709, 52.11285562265076], [5.340754347633155, 52.11332387904128], [5.341069310677019, 52.11358717965983], [5.341832783877969, 52.11382762503925], [5.343264460313955, 52.11423964455139], [5.344035057940177, 52.11444328145143], [5.34443643728574, 52.11454847881174], [5.344740662467618, 52.11462021365092], [5.345459754611805, 52.1147898301552], [5.346650924444314, 52.11484670681706], [5.3472276705666975, 52.11476797048014], [5.347693618770925, 52.11460803285024], [5.3474148637522365, 52.11435627577717], [5.346745056032339, 52.11417263981466], [5.345983114068612, 52.11397829025537], [5.345666671796983, 52.11354395181722], [5.346170367053874, 52.113510134934764], [5.346932229999356, 52.113784530318185], [5.348346404113477, 52.11416249855684], [5.349050625766332, 52.11433233995016], [5.3494243415699305, 52.1143612213536], [5.350296303879336, 52.11445736224808], [5.351546317274615, 52.114518530996634], [5.352273329709705, 52.114484485425564], [5.353203413265929, 52.11441650125546], [5.353961979457372, 52.11429313168323], [5.354213845910808, 52.11425218988788], [5.354041506381362, 52.114404937595246], [5.353909816631895, 52.1148048661742], [5.353909730616099, 52.11492087412002], [5.3539095367304625, 52.11518236161248], [5.354127968317606, 52.11594387612079], [5.3537222302731955, 52.11582157945485], [5.352847742770389, 52.115661235038324], [5.351507665661468, 52.11550073573257], [5.350155304188368, 52.11548312635415], [5.348882750107902, 52.11544261693802], [5.348393505712614, 52.11562558782528], [5.347746622926223, 52.11554448210152], [5.347095633512256, 52.11548696490384], [5.346276715018994, 52.11545242237839], [5.345606495541828, 52.11546398097049], [5.345010683515867, 52.11566853440607]]]}}, {"type": "Feature", "id": "58438", "properties": {"OBJECTID": "58438", "LOCATIEGROEP_ID": "nl.imow-pv26.gebiedengroep.003000000000000000000811", "SYMBOOL_CODE": "vsgt114", "GROEP": "aardkundig waardevol gebied", "9e750651-8e97-4bc6-b09e-fc30b5f3e83c_id": "9098", "LOCATIE_ID": "nl.imow-pv26.gebied.003000000000000000000811e116849", "DOCUMENT_URL": "https://omgevingsbeleid.provincie-utrecht.nl/home?d=/akn/nl/act/pv26/2022/omgevingsverordening/nld@1089&o=", "NAAM": "Gebied aardkundige waarden", "TYPE": "erfgoed", "LOCATIEGROEP_NAAM": "Gebied aardkundige waarden", "LOCATIE_NAAM": null}, "geometry": {"type": "Polygon", "coordinates": [[[5.441400040284657, 52.045356836704585], [5.441180407713392, 52.0454611727603], [5.440926903768097, 52.04553426333671], [5.440673351119808, 52.04555522247371], [5.440369071011782, 52.045576213037414], [5.440115542585339, 52.04561802332779], [5.439878859006688, 52.04561812977129], [5.4396083106149185, 52.04556612893586], [5.439439190397966, 52.04550365620466], [5.439303825465242, 52.0453994814966], [5.439202264518897, 52.04529528267376], [5.43925280908414, 52.04513890347336], [5.439185054461365, 52.04502427244109], [5.4391679999478955, 52.04489919275036], [5.439167842165289, 52.044763679391764], [5.439049328284528, 52.044607374985446], [5.438964702584726, 52.044524020833535], [5.438829317586986, 52.04439898421696], [5.438744656578757, 52.044284360353466], [5.438710719100971, 52.04418014036504], [5.438626097402458, 52.04408635977782], [5.4385075846053335, 52.04394047200801], [5.438456766058908, 52.04384667651601], [5.438355189354293, 52.04371121636516], [5.438253634446263, 52.04360701669631], [5.438236523475413, 52.043429814926135], [5.438253288661074, 52.04330472036382], [5.438168690718569, 52.04324221798541], [5.438033335570028, 52.043138032791354], [5.437989790923543, 52.04305580161102], [5.437925552950125, 52.04300306030046], [5.437861290564137, 52.042941519622744], [5.437797032965539, 52.04287118855302], [5.437689955881092, 52.04277888201221], [5.437597159255186, 52.04270856310455], [5.437475817899823, 52.04260746314796], [5.43736878166261, 52.04255034467741], [5.437290270505337, 52.04249320495104], [5.437183239700167, 52.042440481486054], [5.437104768318938, 52.04241853000209], [5.436962041635666, 52.04233943246662], [5.436919198152471, 52.04228227736358], [5.436733658403962, 52.04217241345899], [5.4366551341087455, 52.042102087779014], [5.4365267176571415, 52.042058163079275], [5.436412556435616, 52.04201424125086], [5.436248464350437, 52.04194834632439], [5.436120072837623, 52.04192640604683], [5.43599166222968, 52.041886884926136], [5.435820462940482, 52.04183858205604], [5.4358132732049125, 52.041781411770565], [5.435841744844129, 52.04173302605299], [5.43578462415429, 52.04168028061498], [5.43557773605018, 52.04159681276024], [5.435427930056114, 52.041557299840946], [5.4352852473443924, 52.04150018512426], [5.435192461871863, 52.04143425948314], [5.435106879996296, 52.04142549510689], [5.435031298870621, 52.04144575813681], [5.434924334362863, 52.041450196863394], [5.434624800099854, 52.04142833341779], [5.434474990844245, 52.0413844151207], [5.4341397780028275, 52.04133617576478], [5.43387590092253, 52.04131869132333], [5.433754639756574, 52.04129675461687], [5.433604863809102, 52.04128361942196], [5.433505004100984, 52.041266069170824], [5.433462225333938, 52.04126608604457], [5.433405204587016, 52.04129249755655], [5.4332625742818825, 52.04129694881266], [5.433176988517241, 52.04128378785723], [5.433034354723783, 52.04127064913782], [5.4328417722521545, 52.04124434415155], [5.43269197432289, 52.04120921393727], [5.432485147726679, 52.04117851871131], [5.432264055327091, 52.04116540931479], [5.43210713962782, 52.04113908043423], [5.431836119561179, 52.041104004454674], [5.431757653142809, 52.04108204940224], [5.431650645361577, 52.04104250642561], [5.431607830348918, 52.041020537760254], [5.431557892425315, 52.04100296695085], [5.431471617369993, 52.04096976156524], [5.431389399021686, 52.04098539589437], [5.431287990119996, 52.04100627743846], [5.430933064017073, 52.04104810605403], [5.430696414734361, 52.041058620224504], [5.4303244750046655, 52.041006635582576], [5.430155395000667, 52.04095457565738], [5.430003208137909, 52.04090251831437], [5.429715772543784, 52.04082965749268], [5.429597420954072, 52.0407984217597], [5.429445255010459, 52.040767207078765], [5.429259269688357, 52.040715151952625], [5.429056348231611, 52.04063183299506], [5.428735101544808, 52.04055898183777], [5.428430777636025, 52.040486123855764], [5.428227887522242, 52.040434073040295], [5.427957326823071, 52.040319497255965], [5.427872777407572, 52.04028825702419], [5.4276868526820605, 52.04029874754602], [5.42751776384179, 52.040246683832194], [5.427433167850581, 52.04016332133499], [5.427348596135309, 52.04009038495856], [5.4272133224529435, 52.040038309224826], [5.427111801811501, 52.03993410887361], [5.42684124698866, 52.039819530515395], [5.426536833856223, 52.03965284991535], [5.426401544117059, 52.03957992985624], [5.426249362604811, 52.03950701526743], [5.426080223891075, 52.03939240133747], [5.425928019909718, 52.039309060146934], [5.425758906364118, 52.03920488092434], [5.425623628221356, 52.0391423771674], [5.425488350463937, 52.03907988224254], [5.425319224224405, 52.03897569340124], [5.425217760524252, 52.038913187165804], [5.425048635543826, 52.03880899793306], [5.424879537782189, 52.03873608702595], [5.424811888179201, 52.03867356057843], [5.424710428832121, 52.0386318972998], [5.424524422985343, 52.03853814789123], [5.424389139883358, 52.03846521651877], [5.424220027187187, 52.03837146126724], [5.424017099897242, 52.03825685502097], [5.423898707603861, 52.03816307437687], [5.423847937352623, 52.03810055107321], [5.423746460595812, 52.03801719117856], [5.423499653412795, 52.03784950500935], [5.423318924473258, 52.03774988282388], [5.423138163247203, 52.037609211722454], [5.423033531659023, 52.03755061438726], [5.42290985287585, 52.037456834355645], [5.422890801237096, 52.03739820180028], [5.422881237402756, 52.03733957534151], [5.422833640400394, 52.03726922199263], [5.422719507710996, 52.03721062726373], [5.422614868276507, 52.037140291097806], [5.42249123393512, 52.03708169901718], [5.422396097412278, 52.03701135979378], [5.422348520017957, 52.036964465179786], [5.422281914461461, 52.036905855761425], [5.422196272418615, 52.036806203338855], [5.4222314239518425, 52.03676807430563], [5.422091870473875, 52.03662739824212], [5.422015760535863, 52.036564872687926], [5.421952330058508, 52.036502352312915], [5.422079032143588, 52.036424127188624], [5.422180396109454, 52.036353738127836], [5.422269084451791, 52.03630680272694], [5.422370435514678, 52.036220774209944], [5.422459107051269, 52.03613474941968], [5.422484419812402, 52.03609565255144], [5.422344941592663, 52.03604878556091], [5.422205445250383, 52.03597846845486], [5.42188849212502, 52.03591601450255], [5.421761682031137, 52.03585351276181], [5.421439640779497, 52.03576760914471], [5.421350848213756, 52.035697276197894], [5.421338073390339, 52.035572183524444], [5.4214901318354665, 52.03549396062099], [5.421604165019683, 52.03543138798673], [5.4216675149104185, 52.03539228011687], [5.421680169649468, 52.03536100678805], [5.421756210398071, 52.03533752544442], [5.421984387081367, 52.035337457940145], [5.422060372609057, 52.03524361755433], [5.422174373691448, 52.03514195511862], [5.422288374249276, 52.03504028358287], [5.422415108673017, 52.03500897596318], [5.422630604862839, 52.03500891101562], [5.422757363898059, 52.03500887262796], [5.42285871108618, 52.034922843674], [5.422807916823253, 52.034805591342696], [5.422706401688844, 52.03468053471473], [5.422668293005548, 52.03457108913677], [5.422718899782357, 52.03445380603098], [5.423099090336718, 52.03435205272803], [5.423137088423293, 52.03430513217266], [5.423187744158363, 52.0342503970571], [5.423390456561678, 52.034125247206035], [5.423504470864633, 52.034047024434294], [5.423694517532406, 52.033921886965814], [5.4238592365952405, 52.03385146770081], [5.4240239697204125, 52.033781057188186], [5.424047409062934, 52.03377071350289], [5.424112672082469, 52.033741940024875], [5.424340806520042, 52.0337184090135], [5.424670414278913, 52.0337495827239], [5.424961802811566, 52.03385571962822], [5.425759872384698, 52.03390021162942], [5.427000720396027, 52.03399934024538], [5.427066367314034, 52.03394529944011], [5.42713199043241, 52.03388112901261], [5.4271593246749985, 52.03382709220716], [5.427290636262639, 52.033756140232434], [5.427274036627119, 52.033560322076056], [5.427383476425702, 52.033492748006516], [5.427832339637222, 52.033465584080844], [5.428100588308425, 52.03347224988438], [5.428505787646642, 52.03358352441115], [5.4290095963261695, 52.03374878992574], [5.429140999977798, 52.03377913178935], [5.429321673632173, 52.03379257616184], [5.429496839143634, 52.033775624474785], [5.42979574207055, 52.03366563672635], [5.429989826681167, 52.03348583994101], [5.43026257056808, 52.033091369038665], [5.430575028814294, 52.033095738974474], [5.430713270052229, 52.033279440596196], [5.430894924266688, 52.033283849145725], [5.431166516002523, 52.03320839138976], [5.431352669603396, 52.033238863051544], [5.431258399135881, 52.03343161245659], [5.431265777199722, 52.03353917033576], [5.431338601573171, 52.03370496449924], [5.4315275116637425, 52.033691447062026], [5.4317090346947845, 52.03354796413095], [5.431926850695393, 52.03336861353396], [5.432130252188169, 52.03331923605131], [5.432261115500079, 52.03339089296059], [5.43234842358138, 52.033493943968146], [5.432454042424322, 52.03356058602329], [5.432609803902893, 52.03356693435476], [5.432869312028531, 52.03348997633673], [5.4330145645280625, 52.03338104678852], [5.43324547950921, 52.03340341766259], [5.433707222613923, 52.03346203572067], [5.43419405348994, 52.03344391945784], [5.4346155858102465, 52.033524418111476], [5.434831974628174, 52.03363009349924], [5.435218775720678, 52.03359587991556], [5.435574723498359, 52.033492658125695], [5.436199489245834, 52.033357945841736], [5.436474196809875, 52.033168855898], [5.436890689600692, 52.03306708772043], [5.437239298947421, 52.03291158018246], [5.437365015510802, 52.03270237328156], [5.437248634713589, 52.032594862304336], [5.437277544951469, 52.03246338992599], [5.437577776771169, 52.032367645949144], [5.437752057533998, 52.03227196451428], [5.437965093420239, 52.032170288970946], [5.438004909487442, 52.03182819336774], [5.438527002721472, 52.03176133735236], [5.439437924760061, 52.03187977620457], [5.440462322039102, 52.03170106366184], [5.441314570789512, 52.031451298787985], [5.442040560918792, 52.031002841726405], [5.442372006871079, 52.03045212876793], [5.442289091660808, 52.03001404229155], [5.442311289097984, 52.02908496680591], [5.442838532270743, 52.02844568129968], [5.442497547336266, 52.027607080717075], [5.442922170868736, 52.02737097788105], [5.443644657565282, 52.027466742597724], [5.444983838271769, 52.02763406990575], [5.44564783947518, 52.0274800983847], [5.4459172067717, 52.027121464049195], [5.446685086795395, 52.02704425607674], [5.446723173470331, 52.02680268119012], [5.446950858067261, 52.02655434974889], [5.44717860678503, 52.026355659186606], [5.447643689890202, 52.02643539692315], [5.448398823779987, 52.02673286289705], [5.449104535888723, 52.02721400423008], [5.4492064926648816, 52.0280993156041], [5.449381257900433, 52.02868511332487], [5.4498591313077185, 52.0290229561255], [5.450389893688832, 52.02925897815743], [5.450759619189266, 52.0292918818349], [5.45086201918606, 52.02969497013156], [5.451085798133, 52.03007370646919], [5.4505707974688065, 52.030192961137615], [5.450536986333042, 52.03051865456882], [5.450647130546902, 52.03082312126172], [5.450668460718121, 52.03136449052497], [5.450463182708019, 52.03167336080446], [5.449964654131526, 52.031997406943155], [5.44915838193306, 52.0325354408065], [5.4487268574901435, 52.03295724587102], [5.448593591886054, 52.03317052249652], [5.44840578532544, 52.03371818494152], [5.448115322424791, 52.03389278612076], [5.447722404147561, 52.034064032938744], [5.447463784404445, 52.03427535046683], [5.447556526047257, 52.03447900024797], [5.44801917007818, 52.03467430673278], [5.448745894082125, 52.034779843909874], [5.448933952276292, 52.034930736356266], [5.449253620684344, 52.03502681248664], [5.44964747842853, 52.035035771570236], [5.449840767406301, 52.035099825711875], [5.4498930580913285, 52.03528770310353], [5.449655301722572, 52.03531533338697], [5.449640757126067, 52.03554449281604], [5.44969327658016, 52.035906532630094], [5.449143331217195, 52.03587932040506], [5.448630629255233, 52.035920845119556], [5.448422774881153, 52.03607677141425], [5.448393278880473, 52.036237197449466], [5.448363950096617, 52.036530530447955], [5.448237834913057, 52.03669559064946], [5.4480149666288336, 52.03674612054252], [5.4476953692927585, 52.03670961417087], [5.4473684469967685, 52.03674186966107], [5.447056342042368, 52.03676035590787], [5.446840978254, 52.036865877943335], [5.446335874002696, 52.03703112798127], [5.445845484586004, 52.03709553998455], [5.4453179060671, 52.037141632632554], [5.4450988238901195, 52.037328873123066], [5.445069381500594, 52.03766420669141], [5.444890299836504, 52.037793256074785], [5.444651372809354, 52.037841279798776], [5.44420316828806, 52.03777148994921], [5.443754955828672, 52.03769432815518], [5.443647142459845, 52.037480660998725], [5.44346260367543, 52.03742225502212], [5.443393258770533, 52.037629823462744], [5.442872255901392, 52.03761498964545], [5.442439899357253, 52.037475159279786], [5.442176186565969, 52.03769363996819], [5.441687196998797, 52.03786501933442], [5.441633467546892, 52.0381568069497], [5.44182438240656, 52.03849445507322], [5.4424735800445765, 52.0385463630781], [5.442751526376917, 52.0388827373041], [5.4430073713378, 52.03940913873613], [5.443488507494697, 52.03960023867836], [5.4436979017219365, 52.03982848070917], [5.444619171909517, 52.03985391052136], [5.444978607252856, 52.04014896621398], [5.445763188389037, 52.04013217425179], [5.446268844251185, 52.040377943153445], [5.4471201515627135, 52.04053332947985], [5.44793193705848, 52.04096754981528], [5.448583873421468, 52.04118863259506], [5.4490633232368015, 52.041688622436325], [5.449037120333098, 52.04197566204582], [5.448545107138335, 52.0420087266201], [5.448345849664778, 52.04217284527443], [5.448572057023798, 52.04226293179203], [5.448931205775681, 52.04232835664738], [5.448505810308521, 52.042443384398176], [5.448373034432561, 52.04259927122285], [5.448055541306146, 52.042618913369594], [5.4475267805786665, 52.04252692340003], [5.44674892865095, 52.0426257310438], [5.446080381928637, 52.0424292558789], [5.44543205040818, 52.04241727447603], [5.445232358692755, 52.042257457175005], [5.444943048057138, 52.0422145468319], [5.444518264105012, 52.04233618409992], [5.444253364689404, 52.042461786895636], [5.444405648217968, 52.04257221242133], [5.444574871435287, 52.04271806053508], [5.44464271683426, 52.04289523660325], [5.4446260634993715, 52.04309329736919], [5.444643119167974, 52.043207959109274], [5.44464332033148, 52.04336431586265], [5.444677297842783, 52.04348938651226], [5.444863406836837, 52.04361438254096], [5.4448803959769565, 52.04367692232718], [5.444965070443475, 52.043801958986094], [5.44510055186844, 52.043989527656386], [5.445202123576463, 52.04409372141123], [5.4451853504303225, 52.044197964586814], [5.445185512882842, 52.04432305176747], [5.445118149974588, 52.04452114657758], [5.445152156745785, 52.0446670604358], [5.445050921518829, 52.044823467170374], [5.44494964624056, 52.044938187072674], [5.444797576553503, 52.04500080089035], [5.444628610969329, 52.04507384895935], [5.444459739630809, 52.045209444854244], [5.444240033757067, 52.04526167371496], [5.444054065671939, 52.045251337720615], [5.443851162273227, 52.04522016622504], [5.443732933055431, 52.0453140408837], [5.443547096442062, 52.045407947884726], [5.443361219700184, 52.04547057606013], [5.443192210779485, 52.04551235252053], [5.442938633293049, 52.04551247316902], [5.442600525116461, 52.04551263318652], [5.442414451541294, 52.04542932934601], [5.442228328984212, 52.045293903304206], [5.442059244580225, 52.04526271286643], [5.4418563552833605, 52.04524196411111], [5.441704191146772, 52.04523160866466], [5.441400040284657, 52.045356836704585]]]}}, {"type": "Feature", "id": "58439", "properties": {"OBJECTID": "58439", "LOCATIEGROEP_ID": "nl.imow-pv26.gebiedengroep.003000000000000000000811", "SYMBOOL_CODE": "vsgt114", "GROEP": "aardkundig waardevol gebied", "9e750651-8e97-4bc6-b09e-fc30b5f3e83c_id": "9099", "LOCATIE_ID": "nl.imow-pv26.gebied.003000000000000000000811e116853", "DOCUMENT_URL": "https://omgevingsbeleid.provincie-utrecht.nl/home?d=/akn/nl/act/pv26/2022/omgevingsverordening/nld@1089&o=", "NAAM": "Gebied aardkundige waarden", "TYPE": "erfgoed", "LOCATIEGROEP_NAAM": "Gebied aardkundige waarden", "LOCATIE_NAAM": null}, "geometry": {"type": "Polygon", "coordinates": [[[5.403108182011169, 52.038265708711286], [5.40245594464228, 52.03855310044552], [5.4018982888254845, 52.0387988168275], [5.401339579100445, 52.03914077521972], [5.401124636577303, 52.03943521519737], [5.400682471866737, 52.039548894768366], [5.400313996556985, 52.03961711159336], [5.399982319432265, 52.0395262429248], [5.3999453155947545, 52.03902630213227], [5.400059020702751, 52.03845284905192], [5.400166101375098, 52.03791275138084], [5.400228307550932, 52.037428312908546], [5.399834156373798, 52.036890167026804], [5.399424419219486, 52.03634662856296], [5.399443295753509, 52.036253941289424], [5.399279964481709, 52.03602925588138], [5.399262386486345, 52.03586128808752], [5.398647205303031, 52.035415594478785], [5.397931639030306, 52.034963453499785], [5.397357287302591, 52.034702850283885], [5.396707358815052, 52.03440994724691], [5.395939233343579, 52.03402688994436], [5.394904457743937, 52.033514641737135], [5.3938872382804846, 52.033012216362636], [5.393393992720063, 52.03268193117984], [5.393343668789695, 52.0326482284927], [5.392498405420689, 52.032211502746385], [5.392039348964598, 52.03199300431812], [5.391596267098355, 52.03204975522824], [5.391447588615641, 52.03223486193515], [5.391458075300958, 52.0323269896215], [5.391475402242441, 52.03247669484927], [5.391417138913237, 52.032750834229105], [5.391306502929696, 52.03304997139694], [5.391285118337848, 52.033443408446736], [5.391174614773178, 52.03378428620603], [5.3910641115688405, 52.03414788576768], [5.390953594650646, 52.0343751356931], [5.39102731697911, 52.03482963457986], [5.3909536641837, 52.03517051080552], [5.390879999592503, 52.035556839793884], [5.390658944789879, 52.03587499859673], [5.390474718803617, 52.036056806421975], [5.3902536700745936, 52.0365340358263], [5.389885210909837, 52.03671583860962], [5.3893324918053755, 52.03664768493103], [5.3888534506472325, 52.03635226344625], [5.3888165918551465, 52.035943215576445], [5.38885342301716, 52.03567051604545], [5.388963945972234, 52.035261465815154], [5.388963944017991, 52.03521601298704], [5.389117723062082, 52.0349080420614], [5.389227006642446, 52.034573520902214], [5.389553416910797, 52.03378433199887], [5.389916181683021, 52.033105910609706], [5.389933709762824, 52.03306069102762], [5.3901406492933575, 52.03252869782087], [5.390287700410318, 52.031919471082524], [5.390271722753766, 52.03142765134232], [5.39026716645099, 52.03129199397483], [5.388411088597855, 52.03005062879032], [5.388816352509524, 52.02991427376247], [5.389184762239415, 52.02977791801439], [5.3897005469916826, 52.02964155787033], [5.390216330216203, 52.02952792639151], [5.390536623892482, 52.02966232549151], [5.391244994205725, 52.030286130967646], [5.391809009770421, 52.030684399483384], [5.392587090624978, 52.03124864773626], [5.393049104880432, 52.031501415552086], [5.393455793297343, 52.03175390594272], [5.3941888064469365, 52.03219428088758], [5.395035459957215, 52.032654300560914], [5.39572932298428, 52.033048892093205], [5.396421602792358, 52.03341004389322], [5.3972798933814605, 52.03376724947851], [5.398332224807119, 52.03424521246015], [5.399967541736865, 52.03483572434442], [5.40056643694694, 52.034901953293975], [5.4005955452422825, 52.03477527163726], [5.400694528812569, 52.03459015922247], [5.4009961793997, 52.0343547434215], [5.401049891423911, 52.03429351008644], [5.401221981642447, 52.03409744098202], [5.401497483128582, 52.03404543825871], [5.401845705922884, 52.034265603499286], [5.401829346882158, 52.034373741418676], [5.401793458083945, 52.03460969259848], [5.401700200017639, 52.03490911590448], [5.401666798213066, 52.03513297772008], [5.401652258178666, 52.035235219179945], [5.4016479395839525, 52.0352649972958], [5.401954021381084, 52.03538376364059], [5.40257640679869, 52.035539851405794], [5.403003368175312, 52.03554176267951], [5.403691276429491, 52.03552538095273], [5.404132788936265, 52.03546885442661], [5.404672012849836, 52.03547945276633], [5.4049616273930035, 52.03539457933576], [5.405055207219008, 52.03536704348686], [5.405772206333937, 52.03522481172613], [5.406318659506873, 52.03510786920069], [5.4064318033774255, 52.03506515713525], [5.406318751575414, 52.03538943045252], [5.406060917004714, 52.035593996633615], [5.405506562959556, 52.03600485008343], [5.405020612474928, 52.036571454237674], [5.405020808043591, 52.03705849234487], [5.405020906845755, 52.03730454153449], [5.405345179961192, 52.03783760263529], [5.405865701897723, 52.038257435486834], [5.4061048917559855, 52.038450074837264], [5.4060110551508584, 52.038401221711], [5.405877375013418, 52.03839365722165], [5.404984217762456, 52.038344083573364], [5.4036615597810265, 52.03827040456496], [5.403130253369245, 52.03824098842933], [5.403108182011169, 52.038265708711286]]]}}, {"type": "Feature", "id": "58446", "properties": {"OBJECTID": "58446", "LOCATIEGROEP_ID": "nl.imow-pv26.gebiedengroep.003000000000000000000811", "SYMBOOL_CODE": "vsgt114", "GROEP": "aardkundig waardevol gebied", "9e750651-8e97-4bc6-b09e-fc30b5f3e83c_id": "9105", "LOCATIE_ID": "nl.imow-pv26.gebied.003000000000000000000811e116962", "DOCUMENT_URL": "https://omgevingsbeleid.provincie-utrecht.nl/home?d=/akn/nl/act/pv26/2022/omgevingsverordening/nld@1089&o=", "NAAM": "Gebied aardkundige waarden", "TYPE": "erfgoed", "LOCATIEGROEP_NAAM": "Gebied aardkundige waarden", "LOCATIE_NAAM": null}, "geometry": {"type": "Polygon", "coordinates": [[[4.926695356164227, 52.22382411371035], [4.9264391720607605, 52.223735706965066], [4.926162380301259, 52.22354710249955], [4.925366144532736, 52.222997147520346], [4.925204967370725, 52.22307350802315], [4.925153163796214, 52.22309141612169], [4.925103027943528, 52.22312631794249], [4.925076824526752, 52.2231721078953], [4.925509405942256, 52.22349436352065], [4.925974946302397, 52.22379599304929], [4.925840739440613, 52.22387666607356], [4.926087100355947, 52.22403884478102], [4.9263875883201775, 52.22425162953123], [4.926441607253963, 52.224289886213946], [4.926279102735486, 52.22441646763149], [4.926136736284345, 52.22449350498325], [4.925836706089289, 52.22431844379938], [4.925790866743829, 52.2242916963946], [4.925693454003076, 52.22423368515639], [4.925515014736391, 52.224135208033246], [4.925473764932485, 52.224106249430264], [4.925303931474951, 52.224156070776225], [4.92518542398249, 52.22421295942178], [4.9250837417005755, 52.2242774097163], [4.925174712927762, 52.22435952889891], [4.925284197422777, 52.22442762730415], [4.925352499291234, 52.22448147150439], [4.925529874279311, 52.224607897213595], [4.925542542934463, 52.224616925681104], [4.925568202611137, 52.22465472139874], [4.925580779738271, 52.224681060286144], [4.925582670396447, 52.22468504034589], [4.925584392398478, 52.22469541017528], [4.925442388699708, 52.2247584269155], [4.925483023926411, 52.224784605847475], [4.925448323722129, 52.22479864420352], [4.925444026042522, 52.224796730948185], [4.925417724996306, 52.22480669463558], [4.925334512947074, 52.224839984234805], [4.925313379229074, 52.224848440151575], [4.925277602641796, 52.22486323822421], [4.925267519382025, 52.22486740515347], [4.925224964981795, 52.22489222522835], [4.925165611904257, 52.224928034757525], [4.925129988080138, 52.22494784865617], [4.9251162645640605, 52.224961501590926], [4.9251113549100385, 52.22496638081576], [4.924996171937427, 52.225022823888935], [4.9249419481027825, 52.22504948567123], [4.924947419473704, 52.225053947125815], [4.9248885998704806, 52.22507920675658], [4.924874481131826, 52.22508580258002], [4.924841703020196, 52.22509933596785], [4.9247864925685345, 52.22512656005782], [4.924756233499103, 52.22514133463094], [4.92471507222311, 52.22515878986157], [4.924687564531332, 52.225172164081584], [4.924677421486137, 52.225176438581784], [4.924566035034096, 52.22521670881284], [4.924504707460318, 52.22516774497267], [4.924204690565153, 52.224928209180256], [4.924183291822285, 52.22493820079527], [4.924126610872717, 52.22496466382699], [4.924125912685888, 52.22496424764459], [4.924056255564254, 52.22499438078413], [4.924058943622809, 52.22499626081554], [4.923996791634564, 52.22502526389956], [4.923567405693093, 52.22466137422098], [4.923496328087269, 52.22469300244351], [4.923392269864201, 52.22473931327222], [4.923237424681172, 52.22480821798188], [4.923359887595506, 52.22491582622516], [4.922914018740808, 52.22512302643021], [4.923183887694179, 52.2253688734725], [4.923159194868488, 52.2253803259861], [4.922943330015513, 52.22546891687058], [4.922893167746971, 52.22548907741661], [4.922979857126467, 52.225570426459456], [4.922891232273887, 52.225607378127854], [4.922821364286591, 52.22563088559642], [4.922757733566588, 52.22565275477642], [4.922568396038399, 52.225466822609526], [4.92253790038887, 52.225453670139736], [4.9224847133860585, 52.22544107553058], [4.922438606934698, 52.225440013324615], [4.922373680551217, 52.22544860200544], [4.922325945989361, 52.22546611143209], [4.922116501532749, 52.22553953644747], [4.922018355125788, 52.22557440971231], [4.922047098548165, 52.22560538750005], [4.922356274818908, 52.22593849335798], [4.922401762186546, 52.225987719553295], [4.922426929915759, 52.22601497115489], [4.922414859656447, 52.22602015464921], [4.922364561726256, 52.226043415278156], [4.922357316276202, 52.226050487244], [4.922356419393858, 52.22605228130366], [4.922354653763062, 52.22605317315042], [4.922353470736358, 52.22605433692806], [4.9223527239594365, 52.22605577206056], [4.922353406965787, 52.22606044847923], [4.922353976440869, 52.226061978670685], [4.9223561830690405, 52.22607492999352], [4.92235323876391, 52.226086387024694], [4.9223520645687255, 52.22609091232822], [4.9223492294395985, 52.22609611417969], [4.922347579213527, 52.226099972502055], [4.922345353884861, 52.226102839887496], [4.922343280537455, 52.22610516859426], [4.922321046881165, 52.22611793386168], [4.922313257541769, 52.22612102202518], [4.922274311016302, 52.22613644485936], [4.922261659789839, 52.226141194630216], [4.922241838122399, 52.22614863053686], [4.922121842220242, 52.226188783690276], [4.922045422212603, 52.22621449391604], [4.921991197933111, 52.226159597737976], [4.921867492478335, 52.2260280123569], [4.921747522179126, 52.22590041422972], [4.921467959558502, 52.22560506503442], [4.9213914270256875, 52.22552401557571], [4.921138554215216, 52.225256255947045], [4.92071693874909, 52.225406056661704], [4.920693272369998, 52.225414465801], [4.920611442002852, 52.225320973565424], [4.920585431354023, 52.22531984620045], [4.920530440339389, 52.22531746287826], [4.920499924287682, 52.22534684076242], [4.9204757212711465, 52.22537014975342], [4.92046135461726, 52.225380779659396], [4.920431479789808, 52.225410411721825], [4.9204190656637525, 52.22542186724078], [4.920415043540685, 52.22542579705621], [4.920398617883416, 52.2254387736605], [4.9203996479445165, 52.22543964057373], [4.9203853970514775, 52.225451789890855], [4.920359710954662, 52.22547555138256], [4.920233319135054, 52.22559251529865], [4.920210504433936, 52.22560901685973], [4.920194729039124, 52.22561858957452], [4.920178826442375, 52.225627730362895], [4.920178090060824, 52.22562816786104], [4.9201633968176495, 52.22563363735844], [4.920148284046812, 52.225638637822094], [4.920132766383927, 52.2256431693098], [4.9201169026532785, 52.225647205090084], [4.920105462239159, 52.22564953267263], [4.920093721550115, 52.22565118497072], [4.920081768492671, 52.225652153344], [4.920069720338254, 52.225652420280184], [4.920057694169994, 52.22565198624233], [4.920045792341174, 52.22565086062305], [4.920034102664337, 52.22564904376967], [4.919961884431015, 52.22563832314451], [4.91979741325692, 52.22561392634976], [4.919648615361818, 52.22559250345451], [4.919583349462403, 52.225583167293664], [4.9195189807552255, 52.22557062595167], [4.919468542797648, 52.22555973059983], [4.919399035806092, 52.22553754275633], [4.919333043700623, 52.22551375096229], [4.9191782356188245, 52.225482138300244], [4.919098268094159, 52.225460978400335], [4.919000915043321, 52.225435471278395], [4.918943731695343, 52.22536177714231], [4.918964773359763, 52.22527727497405], [4.918998803747738, 52.22527567518228], [4.919018817273131, 52.2252583538366], [4.919024792014116, 52.22522878919262], [4.919013647256138, 52.22521134435653], [4.91897121986902, 52.22520421952444], [4.918974446758379, 52.22516595264568], [4.91892717145928, 52.225167517903365], [4.9189410413574155, 52.225124808228195], [4.918952581660978, 52.225089297651174], [4.919000408235558, 52.22485283454789], [4.9191206957726665, 52.224620478439434], [4.919107101991196, 52.22460350925496], [4.91906590602466, 52.224592066130874], [4.918686882602741, 52.22431153261038], [4.91832387944673, 52.223923502637795], [4.917993621816012, 52.22353961919043], [4.917537991435763, 52.222969662126424], [4.917492791813247, 52.22290504777758], [4.917493301201756, 52.22285673057197], [4.917539774311218, 52.222800533930986], [4.917871011860333, 52.22225275845068], [4.917960049365507, 52.22210552100117], [4.917937464863946, 52.22202522278859], [4.9178987792758, 52.221964661063915], [4.91749043405323, 52.221528119910694], [4.916641073342951, 52.2206468408579], [4.916615587497646, 52.220578278063655], [4.91662933719055, 52.22051792478507], [4.916668912830139, 52.2204939228128], [4.916754379480693, 52.220470094620424], [4.918567350019129, 52.22009473794987], [4.9219369009316525, 52.219411374935525], [4.922094698259011, 52.21936366814555], [4.923633544943166, 52.218870364662514], [4.923689321888264, 52.21885552872559], [4.923826945837696, 52.21886452636313], [4.92392772353088, 52.21888465921504], [4.925128915885681, 52.21947865949169], [4.9259780256712755, 52.21993874580795], [4.926520910559535, 52.22027075812068], [4.927264671323978, 52.220710695578234], [4.927355101504676, 52.220766934727614], [4.927683335855496, 52.22095408287324], [4.927770564087994, 52.22099877770378], [4.927801284173442, 52.221022661321484], [4.927917593219591, 52.22105722287597], [4.92793413083966, 52.22135530060532], [4.927941995438355, 52.22136182946973], [4.927964491012087, 52.221407036432176], [4.927975397771117, 52.22150461605378], [4.927945544478631, 52.22160104853443], [4.9279290745189455, 52.22162293306995], [4.9279138297537965, 52.22182693617518], [4.927910788568469, 52.22182240341266], [4.927588180161772, 52.22164103012583], [4.927542264343301, 52.22163888310136], [4.927511063291232, 52.22166017097797], [4.927509528878167, 52.22166562967944], [4.927535531525898, 52.22167727139408], [4.927664532093794, 52.22176557658018], [4.927790401909157, 52.22184389282406], [4.927838754469727, 52.22187799239499], [4.927869759774442, 52.22188988717583], [4.92785182928529, 52.22209174967713], [4.927801835590815, 52.22204363152031], [4.927395840356156, 52.221791099367856], [4.92724983143536, 52.22170312313156], [4.927021665477249, 52.221569716163394], [4.926218259620008, 52.221123918065665], [4.925817508977912, 52.22089513804291], [4.9257288127443015, 52.22095282676381], [4.925705356003175, 52.22100065887609], [4.92560344801908, 52.22108767749552], [4.925556840547813, 52.2211551746232], [4.9265850819843315, 52.221774063281735], [4.92667129169749, 52.221855048282066], [4.927582868874849, 52.22241835910619], [4.927708579788812, 52.222471095107494], [4.927732072400606, 52.22247499737744], [4.927763139442316, 52.2224667504345], [4.927687046824136, 52.22293417822264], [4.927679271559952, 52.22299416948285], [4.927548398490016, 52.223052971763835], [4.927407386590308, 52.22296535674048], [4.927309715275541, 52.222902699044624], [4.927266997201718, 52.22287278262305], [4.927187317543966, 52.22282240949411], [4.927079953239432, 52.222756010823396], [4.92698637095772, 52.222695705648896], [4.926879971842104, 52.22262518508567], [4.926829517639906, 52.22259335088696], [4.926684800840818, 52.22250623285961], [4.926608261202428, 52.22246369108906], [4.926564545265719, 52.22243695225122], [4.926520291259685, 52.2224098877324], [4.926434886609894, 52.222355698845746], [4.9262932421325045, 52.22245697970811], [4.9262121921649245, 52.22251376387026], [4.926214069419118, 52.22252752275664], [4.926216113475414, 52.22253930494537], [4.926217676367889, 52.22255091448527], [4.926538618774169, 52.22274772628061], [4.9266301693941905, 52.222803484976026], [4.9266364665951725, 52.22280732940599], [4.926717182457059, 52.22285650256297], [4.926708929086349, 52.22286067674849], [4.926640494150186, 52.22303781404775], [4.926621172318416, 52.223063641975884], [4.92659943149945, 52.22307854910132], [4.926605449845387, 52.22308247333687], [4.926625476782189, 52.223096033343495], [4.927134255413319, 52.22338607065725], [4.927043173264488, 52.223434978820755], [4.9269849213222034, 52.223465113171954], [4.926971413973836, 52.22347210709734], [4.9269572445359575, 52.223479439983514], [4.926941435889623, 52.22348819556466], [4.926612322063714, 52.223670581462144], [4.926555220781489, 52.2237026075569], [4.926664465267462, 52.22377556623175], [4.926666820388011, 52.22377709437625], [4.92669058935838, 52.223792547438464], [4.926739522992312, 52.22382435778327], [4.926708273673873, 52.22383455413162], [4.926695356164227, 52.22382411371035]]]}}, {"type": "Feature", "id": "58447", "properties": {"OBJECTID": "58447", "LOCATIEGROEP_ID": "nl.imow-pv26.gebiedengroep.003000000000000000000811", "SYMBOOL_CODE": "vsgt114", "GROEP": "aardkundig waardevol gebied", "9e750651-8e97-4bc6-b09e-fc30b5f3e83c_id": "9106", "LOCATIE_ID": "nl.imow-pv26.gebied.003000000000000000000811e116971", "DOCUMENT_URL": "https://omgevingsbeleid.provincie-utrecht.nl/home?d=/akn/nl/act/pv26/2022/omgevingsverordening/nld@1089&o=", "NAAM": "Gebied aardkundige waarden", "TYPE": "erfgoed", "LOCATIEGROEP_NAAM": "Gebied aardkundige waarden", "LOCATIE_NAAM": null}, "geometry": {"type": "Polygon", "coordinates": [[[4.975386513362007, 52.26214132614465], [4.975810440976244, 52.26250697227497], [4.975831125724711, 52.26283797712247], [4.9756847861917315, 52.263259896967625], [4.975372360309867, 52.263670767240036], [4.974948587784514, 52.26400705366547], [4.975106181414403, 52.2642943876101], [4.975676598710824, 52.26470605910546], [4.97550065255333, 52.264959452158415], [4.9752986682722256, 52.265139008889605], [4.97483105456658, 52.265161960359], [4.974383348089543, 52.26535704294788], [4.973836157757115, 52.26482340041342], [4.972981587861442, 52.26392696233796], [4.972553860639735, 52.26352837927381], [4.972503010730051, 52.26319729497757], [4.971858344196147, 52.26293031221774], [4.970510249395441, 52.262438866191076], [4.970146017595169, 52.262180465966345], [4.969625604655238, 52.261679649636676], [4.969226771139219, 52.261480587962836], [4.9688872819418055, 52.2612375326526], [4.968563100198822, 52.26117853007973], [4.967892032251364, 52.26138425642614], [4.967300913184825, 52.26157981910617], [4.966959099680604, 52.26130782703713], [4.9664996427197, 52.26115192497446], [4.96621280541336, 52.261123454793726], [4.965405162110813, 52.26098821127319], [4.964759942131433, 52.26078736516415], [4.965386568998862, 52.259634967888346], [4.965991409794628, 52.25964676879091], [4.96599442428253, 52.26015780260706], [4.96619649862605, 52.26038993307985], [4.966825463069306, 52.260343960722224], [4.967336047129366, 52.26035541945897], [4.967881297951152, 52.26016049381003], [4.968688785564183, 52.260066933820895], [4.969389525453988, 52.26018512259734], [4.969848319569567, 52.2604117186269], [4.970274014695331, 52.26081818703648], [4.970490386259295, 52.261204628154374], [4.9711395520062185, 52.26123905551306], [4.971524081617209, 52.261568231601814], [4.9719323814375995, 52.26159538099233], [4.972053826705656, 52.26205219310754], [4.972600298615273, 52.261867702911864], [4.973007943897162, 52.261965544776665], [4.973440719795981, 52.261613523018106], [4.973306098853016, 52.26144592247447], [4.97338085692852, 52.26129191659863], [4.97338330738907, 52.26102837416424], [4.9734581388782315, 52.26086794216685], [4.973827632967303, 52.260560690662565], [4.97442985422606, 52.260009987831154], [4.975272835333293, 52.259662608735134], [4.975542006988801, 52.259252154086475], [4.975835302050736, 52.259253175189144], [4.976183444402598, 52.25936580881608], [4.9767719328393465, 52.25916215750275], [4.97783545300016, 52.2589333655845], [4.978620242080271, 52.25865432050406], [4.979610945162146, 52.25761478044885], [4.980183455130328, 52.2568189725923], [4.98065226744618, 52.25595091132409], [4.979481557555948, 52.25525970239574], [4.978591424460636, 52.25496963684526], [4.977361058015631, 52.25469577677315], [4.9765569408150645, 52.254301626899014], [4.97610548652357, 52.25408264092189], [4.976368903828934, 52.25395636051817], [4.977055641177999, 52.254007666611685], [4.97777976862634, 52.25385363553691], [4.978023536548052, 52.25354139625585], [4.977926587615319, 52.25329755220053], [4.977616450684554, 52.25312254454996], [4.977480099297072, 52.252539388224534], [4.978010547409327, 52.251871575510414], [4.979020513469151, 52.25144891693452], [4.980367258865019, 52.25138399439727], [4.982037049905284, 52.251633238953396], [4.98430491991101, 52.25156271646414], [4.986566194132669, 52.25222266208021], [4.987331424266486, 52.25301434338419], [4.98849070133589, 52.253842779658896], [4.98936477429501, 52.25494146242635], [4.98978399022922, 52.25550701386797], [4.990093800461216, 52.25621671201673], [4.991171446370746, 52.25664139990807], [4.990811711229114, 52.25683700118136], [4.990176155115153, 52.257017941755], [4.989710786528021, 52.2565129227366], [4.98892725252057, 52.256560626154595], [4.988655732154528, 52.25683682462727], [4.987436185074448, 52.25636656877071], [4.986934240762277, 52.255872847512705], [4.986505283619211, 52.255577967329025], [4.98628345429641, 52.25503221802284], [4.985932501118591, 52.25465233238214], [4.984754531984194, 52.254259880709256], [4.984081751055952, 52.25399862955388], [4.983405454671053, 52.254125800159784], [4.983654407932016, 52.25459277914726], [4.983481867495546, 52.25500653051201], [4.983264546222852, 52.25570498095126], [4.983426271588994, 52.256482426479096], [4.983798784682794, 52.25728647629685], [4.984422608518955, 52.258298560575255], [4.984836681892748, 52.25903743362109], [4.984179417304439, 52.26016027640052], [4.983215661623655, 52.26109122016867], [4.982622474438056, 52.26134815842781], [4.981990618337958, 52.261216515048474], [4.981317527103896, 52.26098114165231], [4.98045407911901, 52.260643870294025], [4.979646400967642, 52.26050872407043], [4.978353116074406, 52.260404986952025], [4.977058602868738, 52.26043359560351], [4.975600492224507, 52.2606601623373], [4.975057560003624, 52.26105535414834], [4.974628378846814, 52.26197435745783], [4.975386513362007, 52.26214132614465]]]}}, {"type": "Feature", "id": "58449", "properties": {"OBJECTID": "58449", "LOCATIEGROEP_ID": "nl.imow-pv26.gebiedengroep.003000000000000000000811", "SYMBOOL_CODE": "vsgt114", "GROEP": "aardkundig waardevol gebied", "9e750651-8e97-4bc6-b09e-fc30b5f3e83c_id": "9108", "LOCATIE_ID": "nl.imow-pv26.gebied.003000000000000000000811e116836", "DOCUMENT_URL": "https://omgevingsbeleid.provincie-utrecht.nl/home?d=/akn/nl/act/pv26/2022/omgevingsverordening/nld@1089&o=", "NAAM": "Gebied aardkundige waarden", "TYPE": "erfgoed", "LOCATIEGROEP_NAAM": "Gebied aardkundige waarden", "LOCATIE_NAAM": null}, "geometry": {"type": "Polygon", "coordinates": [[[5.449261758369415, 52.010820119474296], [5.4497527740913245, 52.01122488225318], [5.450300073327921, 52.01167596453809], [5.450836812164562, 52.01221131374136], [5.451731972995586, 52.01286442426473], [5.45264042382767, 52.01341388734255], [5.452685434253533, 52.01353351227647], [5.452798312640156, 52.013833715823104], [5.4525638520707185, 52.01396417451076], [5.451830978041616, 52.01381065846487], [5.450968009178111, 52.013396831361625], [5.450056792576339, 52.01281309409599], [5.449376051566714, 52.012326416587236], [5.448534101925221, 52.011769586165094], [5.447630893205751, 52.01116785853213], [5.447521470405522, 52.011033928671296], [5.447844737527816, 52.01093658236956], [5.4481074866700085, 52.01085218254755], [5.448771962144591, 52.01063864627198], [5.448948175607104, 52.01051271979387], [5.449261758369415, 52.010820119474296]]]}}, {"type": "Feature", "id": "58452", "properties": {"OBJECTID": "58452", "LOCATIEGROEP_ID": "nl.imow-pv26.gebiedengroep.003000000000000000000811", "SYMBOOL_CODE": "vsgt114", "GROEP": "aardkundig waardevol gebied", "9e750651-8e97-4bc6-b09e-fc30b5f3e83c_id": "9111", "LOCATIE_ID": "nl.imow-pv26.gebied.003000000000000000000811e116847", "DOCUMENT_URL": "https://omgevingsbeleid.provincie-utrecht.nl/home?d=/akn/nl/act/pv26/2022/omgevingsverordening/nld@1089&o=", "NAAM": "Gebied aardkundige waarden", "TYPE": "erfgoed", "LOCATIEGROEP_NAAM": "Gebied aardkundige waarden", "LOCATIE_NAAM": null}, "geometry": {"type": "Polygon", "coordinates": [[[5.401078776005747, 52.027648041720816], [5.401083358996933, 52.02771910118513], [5.401305245819638, 52.02799316696288], [5.4012684967761215, 52.028265870700935], [5.401305426767611, 52.02856128745366], [5.401010715189056, 52.02862949761824], [5.400826853953442, 52.02839018388829], [5.4006790142141226, 52.02819776565774], [5.400398536965696, 52.02776692574409], [5.400118635238463, 52.02744226163851], [5.399728097264206, 52.0271538488988], [5.3993926877644345, 52.026980018527595], [5.399075044951149, 52.02681517349399], [5.398590965334539, 52.026598671388], [5.398540428652054, 52.026576197065616], [5.397903558414559, 52.02620212734822], [5.397425642340444, 52.025996567384915], [5.397065665594068, 52.02586711582711], [5.3963808208261215, 52.025620843909856], [5.39582709035736, 52.02539449392262], [5.394801853350239, 52.024873542946004], [5.3940421101286, 52.02448765888819], [5.394434552655929, 52.02431939532923], [5.394495100771648, 52.024293550675445], [5.394805380304079, 52.024207011005174], [5.395244057525844, 52.02409379389415], [5.395511964798677, 52.02392749475754], [5.39590838087781, 52.024306925855335], [5.39650880445343, 52.02471583835694], [5.397090319259612, 52.025090486692775], [5.397817301288289, 52.025415684275046], [5.398484643538935, 52.02568637924139], [5.399178184193474, 52.025984041045405], [5.39934302422859, 52.026054805328236], [5.399630153559894, 52.02617331021092], [5.399663628684496, 52.0261971790556], [5.400271388838171, 52.026627139603825], [5.400883439129188, 52.026898402366214], [5.401489116099204, 52.026947791160374], [5.402115357123524, 52.026834084900486], [5.402815288236912, 52.026788549279296], [5.4034783749387705, 52.02672028370936], [5.403699471006536, 52.026879324248284], [5.403699563982642, 52.02712930162428], [5.403220700431237, 52.02726571808805], [5.40263125970452, 52.02728851958505], [5.402152398863837, 52.027447653646455], [5.401628547714979, 52.02749770262651], [5.401514483797886, 52.02748900722738], [5.401078776005747, 52.027648041720816]]]}}, {"type": "Feature", "id": "58467", "properties": {"OBJECTID": "58467", "LOCATIEGROEP_ID": "nl.imow-pv26.gebiedengroep.003000000000000000000811", "SYMBOOL_CODE": "vsgt114", "GROEP": "aardkundig waardevol gebied", "9e750651-8e97-4bc6-b09e-fc30b5f3e83c_id": "9112", "LOCATIE_ID": "nl.imow-pv26.gebied.003000000000000000000811e116892", "DOCUMENT_URL": "https://omgevingsbeleid.provincie-utrecht.nl/home?d=/akn/nl/act/pv26/2022/omgevingsverordening/nld@1089&o=", "NAAM": "Gebied aardkundige waarden", "TYPE": "erfgoed", "LOCATIEGROEP_NAAM": "Gebied aardkundige waarden", "LOCATIE_NAAM": null}, "geometry": {"type": "Polygon", "coordinates": [[[5.381886421491831, 52.091176005521476], [5.381627063465958, 52.09146550708723], [5.381627045341343, 52.09161525652282], [5.381853935154038, 52.091725073387366], [5.382080824973097, 52.09184488449316], [5.382388762634238, 52.0919347413099], [5.382696692807376, 52.09211445056966], [5.382586778442367, 52.09219150976266], [5.382459134238829, 52.09227012309221], [5.382522935489154, 52.092365587325126], [5.382568511504434, 52.092461050832114], [5.382559382452865, 52.092550903728544], [5.382504680978314, 52.09265198091606], [5.382449968122548, 52.09271936198775], [5.382331446427951, 52.092758670914286], [5.382185550150886, 52.09292712745955], [5.382139952328579, 52.093033822358656], [5.382094359257351, 52.09309558612746], [5.381948490922942, 52.093129276003644], [5.381766145570608, 52.093129267986576], [5.381565575812704, 52.09311803280567], [5.3814105931790515, 52.09310117296884], [5.38130119551277, 52.09309555018116], [5.3811644425038985, 52.09305062132044], [5.380945634445717, 52.093028149148715], [5.380827127774766, 52.09294390723832], [5.380717744855596, 52.09283721362279], [5.380517168633007, 52.09278104554311], [5.380325738570676, 52.092651876940636], [5.380188993061455, 52.092573250855835], [5.37911322080954, 52.0924777216497], [5.3787667963538, 52.09244400175253], [5.378630051054337, 52.09238221740723], [5.378557143404858, 52.09225867183377], [5.378402183322908, 52.092146355254414], [5.378128704882354, 52.09197786342185], [5.37772761271135, 52.09178690885767], [5.3772444929137935, 52.09144431819918], [5.3770439607231415, 52.09130391744026], [5.37718988344618, 52.09107930106389], [5.377262849238236, 52.09091084462555], [5.377891867852377, 52.091028817989304], [5.378037757258073, 52.090871601736495], [5.378192796589621, 52.090630141243025], [5.378539220435449, 52.09059086211159], [5.3786851112868295, 52.09048417571579], [5.379295921371881, 52.0904112167031], [5.379828215075489, 52.09041717358264], [5.3799417393652735, 52.0899379929577], [5.380427996435689, 52.08961855089035], [5.380509051716948, 52.089408909725385], [5.380768379853001, 52.08929910811676], [5.38112490292909, 52.089478824136215], [5.381141060871868, 52.08976833821545], [5.381238273669313, 52.090057856296546], [5.381222032870217, 52.09028747254743], [5.3814813395359415, 52.090377329347824], [5.381756829578323, 52.09058698766897], [5.381918857004921, 52.09093640422306], [5.381886421491831, 52.091176005521476]]]}}, {"type": "Feature", "id": "58455", "properties": {"OBJECTID": "58455", "LOCATIEGROEP_ID": "nl.imow-pv26.gebiedengroep.003000000000000000000811", "SYMBOOL_CODE": "vsgt114", "GROEP": "aardkundig waardevol gebied", "9e750651-8e97-4bc6-b09e-fc30b5f3e83c_id": "9115", "LOCATIE_ID": "nl.imow-pv26.gebied.003000000000000000000811e116879", "DOCUMENT_URL": "https://omgevingsbeleid.provincie-utrecht.nl/home?d=/akn/nl/act/pv26/2022/omgevingsverordening/nld@1089&o=", "NAAM": "Gebied aardkundige waarden", "TYPE": "erfgoed", "LOCATIEGROEP_NAAM": "Gebied aardkundige waarden", "LOCATIE_NAAM": null}, "geometry": {"type": "Polygon", "coordinates": [[[5.2845682242956835, 52.076486957895526], [5.28400056761591, 52.07662987612524], [5.283593755222823, 52.07641439964517], [5.2833904408671835, 52.07627080762275], [5.283289296620083, 52.07597493083978], [5.2829404501663415, 52.07585809304012], [5.2823163872425125, 52.07524803323554], [5.282447677809484, 52.07508681433149], [5.281823554543258, 52.07450363504428], [5.281228567813826, 52.07391152645745], [5.280807641152462, 52.07352572190702], [5.280633582245797, 52.073319414801475], [5.280706833032114, 52.0731043608298], [5.280590979840589, 52.07288913608831], [5.280329430360741, 52.07277236932784], [5.2804605927002175, 52.07266492799745], [5.280519116144713, 52.07252156750741], [5.280606715961586, 52.072387203337904], [5.280461489558691, 52.072288473066465], [5.280490886470437, 52.072163008413156], [5.28075263119046, 52.07219013711786], [5.2819012530310685, 52.07238836576951], [5.282700919304389, 52.072532490142635], [5.283195908808716, 52.07234469064553], [5.283457905278093, 52.07226425349323], [5.28337091041526, 52.072147655811534], [5.2823980054147075, 52.07144765066282], [5.281584367427962, 52.07107046932741], [5.280756293858441, 52.070648445870084], [5.280785667558727, 52.0705319511738], [5.282530792100924, 52.070641072364836], [5.2826618592555725, 52.070569481835854], [5.282982144242644, 52.07044428289528], [5.283810179103532, 52.07088421286309], [5.284231565997901, 52.071063848172166], [5.284928722223306, 52.07150365593141], [5.2856709329495315, 52.07132503012326], [5.2859476977688, 52.07114600114585], [5.286107964938416, 52.07102064730886], [5.286369821815948, 52.07100294918153], [5.28687883861437, 52.07103027532697], [5.287576937034738, 52.07105775007724], [5.287969620458118, 52.071067051045176], [5.288231655054765, 52.0709686721273], [5.288508269235176, 52.07085238263447], [5.28868286721527, 52.07082563626985], [5.288755174538117, 52.0710139245142], [5.288856815852102, 52.071094677081845], [5.2891473428781755, 52.07126522456019], [5.289467052756295, 52.07139098104057], [5.289757681501936, 52.07151670365068], [5.2900192725651225, 52.07161551835376], [5.290542066738883, 52.072001373555594], [5.2900618430199655, 52.07210853927941], [5.289246717669677, 52.072376761109574], [5.288751866260625, 52.072519762699464], [5.287878384467868, 52.072859642040726], [5.2875871146598845, 52.073020732094626], [5.287528653076332, 52.073146173943165], [5.287557537768322, 52.07323582721475], [5.289111456862263, 52.0743665139813], [5.288645707341046, 52.074491608115686], [5.288325364451935, 52.07464371458523], [5.287815589908267, 52.074939074145085], [5.287451738167195, 52.0750284049798], [5.28721871796121, 52.075153689963834], [5.286475986404886, 52.0755384839347], [5.286242940596599, 52.075672737034736], [5.28624281940166, 52.07572652142719], [5.286635236233598, 52.07587923093174], [5.285804814923948, 52.07643424245606], [5.285470902616551, 52.07614712840887], [5.2845682242956835, 52.076486957895526]]]}}, {"type": "Feature", "id": "58456", "properties": {"OBJECTID": "58456", "LOCATIEGROEP_ID": "nl.imow-pv26.gebiedengroep.003000000000000000000811", "SYMBOOL_CODE": "vsgt114", "GROEP": "aardkundig waardevol gebied", "9e750651-8e97-4bc6-b09e-fc30b5f3e83c_id": "9116", "LOCATIE_ID": "nl.imow-pv26.gebied.003000000000000000000811e116868", "DOCUMENT_URL": "https://omgevingsbeleid.provincie-utrecht.nl/home?d=/akn/nl/act/pv26/2022/omgevingsverordening/nld@1089&o=", "NAAM": "Gebied aardkundige waarden", "TYPE": "erfgoed", "LOCATIEGROEP_NAAM": "Gebied aardkundige waarden", "LOCATIE_NAAM": null}, "geometry": {"type": "Polygon", "coordinates": [[[5.451616947392813, 52.05568840341732], [5.451803409000933, 52.055978391159904], [5.45178230485801, 52.05651810069799], [5.451586282664394, 52.057192835138906], [5.451303050535449, 52.0581037334557], [5.451117307735545, 52.058319710168], [5.450734160848379, 52.05824571247626], [5.450558560740008, 52.05789500285662], [5.45062233953952, 52.056572706021534], [5.450446708637915, 52.05619500497503], [5.45015070720895, 52.05581737719781], [5.449811210873995, 52.05564215634407], [5.449209428984578, 52.05572343114252], [5.4486295442493216, 52.05580469141518], [5.44785294003092, 52.05608843505283], [5.447119905864955, 52.05623048130816], [5.447084845033136, 52.05622312896751], [5.4467915301151795, 52.056176683966044], [5.446648833816737, 52.055859683965565], [5.4466921504154255, 52.055508857461135], [5.447053084029066, 52.05536025400282], [5.447632993274586, 52.05529924261945], [5.448004586719097, 52.05494149619853], [5.448704688923742, 52.05474549723601], [5.448780872291748, 52.054441876039654], [5.448922874351114, 52.05425964913815], [5.450027803165018, 52.05402969661424], [5.450509077520748, 52.05386752699252], [5.450935906098561, 52.05390776950477], [5.4512537130073575, 52.05422466906762], [5.45138579770077, 52.05475755399723], [5.451189279333932, 52.05507473357964], [5.451397479463741, 52.05527700450229], [5.451616947392813, 52.05568840341732]]]}}, {"type": "Feature", "id": "58457", "properties": {"OBJECTID": "58457", "LOCATIEGROEP_ID": "nl.imow-pv26.gebiedengroep.003000000000000000000811", "SYMBOOL_CODE": "vsgt114", "GROEP": "aardkundig waardevol gebied", "9e750651-8e97-4bc6-b09e-fc30b5f3e83c_id": "9117", "LOCATIE_ID": "nl.imow-pv26.gebied.003000000000000000000811e116900", "DOCUMENT_URL": "https://omgevingsbeleid.provincie-utrecht.nl/home?d=/akn/nl/act/pv26/2022/omgevingsverordening/nld@1089&o=", "NAAM": "Gebied aardkundige waarden", "TYPE": "erfgoed", "LOCATIEGROEP_NAAM": "Gebied aardkundige waarden", "LOCATIE_NAAM": null}, "geometry": {"type": "Polygon", "coordinates": [[[5.469464150680351, 52.10464791292501], [5.470362996692597, 52.105214675813755], [5.470646908510066, 52.10542542327127], [5.471048109211754, 52.105995615710626], [5.471533106796731, 52.10718431012327], [5.471052110210516, 52.1073164450334], [5.4704261121934, 52.10738235817091], [5.469975603856258, 52.10653158396686], [5.469371812151684, 52.10582640394707], [5.468117962497249, 52.10492526380573], [5.4680107744332505, 52.10444524310183], [5.468294180949766, 52.104386850717525], [5.469464150680351, 52.10464791292501]]]}}, {"type": "Feature", "id": "58458", "properties": {"OBJECTID": "58458", "LOCATIEGROEP_ID": "nl.imow-pv26.gebiedengroep.003000000000000000000811", "SYMBOOL_CODE": "vsgt114", "GROEP": "aardkundig waardevol gebied", "9e750651-8e97-4bc6-b09e-fc30b5f3e83c_id": "9118", "LOCATIE_ID": "nl.imow-pv26.gebied.003000000000000000000811e116898", "DOCUMENT_URL": "https://omgevingsbeleid.provincie-utrecht.nl/home?d=/akn/nl/act/pv26/2022/omgevingsverordening/nld@1089&o=", "NAAM": "Gebied aardkundige waarden", "TYPE": "erfgoed", "LOCATIEGROEP_NAAM": "Gebied aardkundige waarden", "LOCATIE_NAAM": null}, "geometry": {"type": "Polygon", "coordinates": [[[5.466080012172092, 52.10152152294241], [5.466215449185888, 52.10159285976149], [5.466380087779918, 52.101777263925385], [5.466496297319718, 52.101902181906055], [5.466603131578511, 52.102187820715635], [5.466497207320098, 52.10241407545168], [5.466275285896765, 52.10262849901049], [5.465860056015239, 52.10284901062779], [5.465522071864744, 52.10303376000102], [5.4651937930030074, 52.10323635214842], [5.4649329545429906, 52.10331985264969], [5.464681792033746, 52.103403355186465], [5.464546372615578, 52.10334391673633], [5.464314286898378, 52.10328455053564], [5.464198079859668, 52.103159630431094], [5.464110905551131, 52.10305254141423], [5.463984832544022, 52.102808590352794], [5.464139147070119, 52.102612065550275], [5.464283937835083, 52.10250482468236], [5.464650940374083, 52.10233792790314], [5.464940701801265, 52.10221274048165], [5.465201217320508, 52.101956616429845], [5.465336303916263, 52.10181963037491], [5.465452088800858, 52.10171240732141], [5.4659060079471535, 52.10150378032882], [5.466080012172092, 52.10152152294241]]]}}, {"type": "Feature", "id": "58468", "properties": {"OBJECTID": "58468", "LOCATIEGROEP_ID": "nl.imow-pv26.gebiedengroep.003000000000000000000811", "SYMBOOL_CODE": "vsgt114", "GROEP": "aardkundig waardevol gebied", "9e750651-8e97-4bc6-b09e-fc30b5f3e83c_id": "9119", "LOCATIE_ID": "nl.imow-pv26.gebied.003000000000000000000811e116851", "DOCUMENT_URL": "https://omgevingsbeleid.provincie-utrecht.nl/home?d=/akn/nl/act/pv26/2022/omgevingsverordening/nld@1089&o=", "NAAM": "Gebied aardkundige waarden", "TYPE": "erfgoed", "LOCATIEGROEP_NAAM": "Gebied aardkundige waarden", "LOCATIE_NAAM": null}, "geometry": {"type": "Polygon", "coordinates": [[[5.48412343312084, 52.031206860971224], [5.483498416555271, 52.031313542306926], [5.481515445494967, 52.0314075570904], [5.4807472715981875, 52.031323628852356], [5.479847884609744, 52.031207495839894], [5.479363986140849, 52.031185406033835], [5.478751987961371, 52.03120049006149], [5.4780960880336655, 52.031124600239686], [5.477224178428668, 52.03084832967986], [5.476953714200826, 52.03040895494421], [5.477841070420694, 52.030331039029164], [5.47827247361779, 52.03041159851874], [5.478728833988461, 52.03056039272051], [5.478508382759433, 52.030314226999614], [5.478251506925401, 52.030069221586956], [5.4779446340179, 52.02964252355242], [5.477744506117935, 52.02941881995013], [5.4771516714971895, 52.028872681022], [5.4768981073036445, 52.02811337909912], [5.476955847132967, 52.027849309105314], [5.477955026398103, 52.02837322295981], [5.478483361727458, 52.02877194000145], [5.4789753645072645, 52.02920579959556], [5.479527133179898, 52.0296952196333], [5.479957662894769, 52.03001648431277], [5.48049440453975, 52.03027783825838], [5.4813717955104435, 52.030336406112475], [5.482230290872683, 52.0303958186029], [5.483106025194067, 52.030420390817014], [5.4837369345655365, 52.03041622512585], [5.48421773110201, 52.03038155755722], [5.484940564416866, 52.03035314945135], [5.485517540988522, 52.030361656342734], [5.485849627419804, 52.03031925079764], [5.486330462007093, 52.030296375960305], [5.486293311926302, 52.030589365863754], [5.486263104673762, 52.03083290628068], [5.486295520087611, 52.030967700651665], [5.485982120449246, 52.030922187999955], [5.485389062158915, 52.030959473276546], [5.484724838636661, 52.031032776074646], [5.48412343312084, 52.031206860971224]]]}}, {"type": "Feature", "id": "58496", "properties": {"OBJECTID": "58496", "LOCATIEGROEP_ID": "nl.imow-pv26.gebiedengroep.003000000000000000000811", "SYMBOOL_CODE": "vsgt114", "GROEP": "aardkundig waardevol gebied", "9e750651-8e97-4bc6-b09e-fc30b5f3e83c_id": "9120", "LOCATIE_ID": "nl.imow-pv26.gebied.003000000000000000000811e116945", "DOCUMENT_URL": "https://omgevingsbeleid.provincie-utrecht.nl/home?d=/akn/nl/act/pv26/2022/omgevingsverordening/nld@1089&o=", "NAAM": "Gebied aardkundige waarden", "TYPE": "erfgoed", "LOCATIEGROEP_NAAM": "Gebied aardkundige waarden", "LOCATIE_NAAM": null}, "geometry": {"type": "Polygon", "coordinates": [[[5.048579991477835, 52.16236919300113], [5.047672065974921, 52.16389801131421], [5.044151069799529, 52.16299378651096], [5.045043152546675, 52.16148408435153], [5.048579991477835, 52.16236919300113]]]}}, {"type": "Feature", "id": "58453", "properties": {"OBJECTID": "58453", "LOCATIEGROEP_ID": "nl.imow-pv26.gebiedengroep.003000000000000000000811", "SYMBOOL_CODE": "vsgt114", "GROEP": "aardkundig waardevol gebied", "9e750651-8e97-4bc6-b09e-fc30b5f3e83c_id": "9113", "LOCATIE_ID": "nl.imow-pv26.gebied.003000000000000000000811e116923", "DOCUMENT_URL": "https://omgevingsbeleid.provincie-utrecht.nl/home?d=/akn/nl/act/pv26/2022/omgevingsverordening/nld@1089&o=", "NAAM": "Gebied aardkundige waarden", "TYPE": "erfgoed", "LOCATIEGROEP_NAAM": "Gebied aardkundige waarden", "LOCATIE_NAAM": null}, "geometry": {"type": "Polygon", "coordinates": [[[5.117981888101493, 52.13877573166473], [5.118121903444987, 52.13888896721269], [5.117257869950556, 52.13922673100728], [5.1182155783017205, 52.14012416714392], [5.117800379041167, 52.14018052742067], [5.117764405457861, 52.14014089811664], [5.117729868896388, 52.14010037328351], [5.117693235554074, 52.14006116488608], [5.1176510154013375, 52.14002549397272], [5.117596960920667, 52.139997444788975], [5.117530339128793, 52.13997744706716], [5.117463808351874, 52.13995690124801], [5.117401477733822, 52.13993266194098], [5.117340749385747, 52.13990677247418], [5.117290077980122, 52.13987491997593], [5.117246544960316, 52.13983903020109], [5.11720318789704, 52.13980304194447], [5.117159977575287, 52.13976695513943], [5.117116899333337, 52.13973077874064], [5.11707398238578, 52.139694512815076], [5.117031182856095, 52.13965816625042], [5.116988515351558, 52.13962173908029], [5.116945965210381, 52.13958524025924], [5.116903532378104, 52.139548678775206], [5.116861202247211, 52.13951205459487], [5.116818974817732, 52.13947536771845], [5.116776850035133, 52.13943862713383], [5.116734798630377, 52.139401841761995], [5.116692820657718, 52.13936500261519], [5.116650930615667, 52.13932812770275], [5.116609099235054, 52.13929122594566], [5.116567326570313, 52.13925428835602], [5.116525597959683, 52.13921732388831], [5.116483928010377, 52.13918033257617], [5.116442302006199, 52.139143332361705], [5.116400690732626, 52.13910632317805], [5.116359123404012, 52.139069305092264], [5.1163175561988465, 52.139032278003754], [5.116276018222343, 52.13899525995539], [5.116234480260177, 52.138958250880044], [5.116192942312373, 52.138921250777784], [5.11615138971718, 52.13888426860289], [5.116109837081658, 52.13884730438889], [5.1160682698533515, 52.13881034911442], [5.116026746569543, 52.138773384937934], [5.115985252677785, 52.13873640283805], [5.115943788123424, 52.13869941180264], [5.115902352960934, 52.13866240284397], [5.115860947135817, 52.13862538494979], [5.115819556040865, 52.13858835808665], [5.115778194283212, 52.13855132228809], [5.115736861917369, 52.13851426856635], [5.115695558888688, 52.13847720590929], [5.115654255928497, 52.138440143237574], [5.115612996967031, 52.13840306267634], [5.115571738074064, 52.138365982100424], [5.115530508518124, 52.13832889258932], [5.115489279139976, 52.13829178508789], [5.115448078989485, 52.13825468662701], [5.115406893623656, 52.138217570209456], [5.115365722933132, 52.138180453811], [5.1153245523110815, 52.138143337397985], [5.11528339641899, 52.13810621201615], [5.115242255256899, 52.138069077665605], [5.11520111416321, 52.13803194330049], [5.11515997313787, 52.13799480892087], [5.1151188467877695, 52.13795767456039], [5.1150777205607945, 52.1379205311975], [5.115036608954278, 52.13788339684168], [5.11499548286407, 52.13784625344977], [5.114954371448993, 52.137809110076994], [5.1149132454955595, 52.13777196665603], [5.114872119555786, 52.13773483220843], [5.114830993739128, 52.13769768875843], [5.114789867936062, 52.13766055428172], [5.11474874220137, 52.137623419790536], [5.11470758732167, 52.13758628521736], [5.114666447062218, 52.1375491596512], [5.11462527765787, 52.13751203400308], [5.114584108267106, 52.13747491732821], [5.114542924283238, 52.13743780959299], [5.114501725761188, 52.13740070180938], [5.114460512700938, 52.13736359397746], [5.114419284992824, 52.137326504072924], [5.1143909427129675, 52.13730102048808], [5.114378042746552, 52.137289414120026], [5.114336771300759, 52.13725233307289], [5.114295499868587, 52.1372152609989], [5.1142541846303, 52.13717819779685], [5.114212869405656, 52.13714114356799], [5.114171510375053, 52.13710409821099], [5.114130151303121, 52.13706707081499], [5.114088748480309, 52.13703004330293], [5.114047316403177, 52.13699303368423], [5.114005869678324, 52.13695604199274], [5.11396437920272, 52.13691905018508], [5.1139228740793925, 52.136882076304516], [5.113881354363365, 52.136845111363165], [5.11383982010959, 52.13680814637323], [5.113798285924552, 52.136771181368424], [5.113756737201867, 52.13673421631504], [5.11371518849293, 52.13669726023463], [5.113673639852738, 52.136660304139426], [5.113632076674889, 52.13662334799557], [5.113590513510823, 52.13658640082475], [5.113548935809129, 52.136549453605184], [5.1135073581762125, 52.13651250637086], [5.113465780557008, 52.136475568109475], [5.113424188455294, 52.13643862081155], [5.1133825963673, 52.13640168248663], [5.113340989741825, 52.136364744112974], [5.113299383130059, 52.13632781471231], [5.113257776642247, 52.13629087630894], [5.113216155506673, 52.136253955832494], [5.113174534495078, 52.13621702635335], [5.113132913552242, 52.136180096859306], [5.113091278016893, 52.13614317630435], [5.113049642550362, 52.13610625573449], [5.113008007152709, 52.13606933514974], [5.112966371823824, 52.136032414550186], [5.112924721902389, 52.13599550288962], [5.112883057443652, 52.135958591180234], [5.112841407715137, 52.13592167050201], [5.112799743338902, 52.13588476775068], [5.112758079086715, 52.13584785599658], [5.112716414848218, 52.13581095321547], [5.112674736127603, 52.13577404139754], [5.1126330574206875, 52.13573713855267], [5.11259137872739, 52.13570024468072], [5.112549685552096, 52.13566334177196], [5.112508007051766, 52.135626438882305], [5.1124663139589615, 52.135589544931634], [5.112424606329029, 52.13555265093197], [5.112382913373973, 52.135515756951435], [5.11234120588181, 52.13547886292196], [5.112299498403238, 52.13544197786538], [5.11225779104885, 52.135405083806035], [5.112216083708031, 52.13536819871961], [5.112174361830112, 52.13533131358426], [5.1121326400210885, 52.13529442843392], [5.112090918281018, 52.135257543268665], [5.11204919660979, 52.13522065808846], [5.112007475007459, 52.135183772893335], [5.111965738812793, 52.13514689663702], [5.111924017348316, 52.13511001141202], [5.111882281291456, 52.13507313512585], [5.111840545303501, 52.135036258824705], [5.11179879477858, 52.13499938247456], [5.111757058928445, 52.13496250614353], [5.111715308541367, 52.13492562976346], [5.111673572829053, 52.134888753402514], [5.11163182252444, 52.13485188598039], [5.111590072344125, 52.134815009555446], [5.111548322177342, 52.13477814210338], [5.111506572134872, 52.13474126564851], [5.111464822105919, 52.13470439816657], [5.111423057540114, 52.134667530635475], [5.111381307648939, 52.13463066312361], [5.11133954322099, 52.134593795562616], [5.111297778861975, 52.13455692798667], [5.111256029177552, 52.13452006042985], [5.111214264956391, 52.134483192823964], [5.111172500804167, 52.134446325203086], [5.111130736720874, 52.13440945756728], [5.111088972650972, 52.13437259890434], [5.111047208705535, 52.13433573123857], [5.111005430223446, 52.13429886352364], [5.1109636663603215, 52.13426200481578], [5.110921902621687, 52.13422513710509], [5.110880138951986, 52.134188269379436], [5.110838360690089, 52.13415141059246], [5.110796597158253, 52.134114542836855], [5.110754833639743, 52.134077684054134], [5.110713055640209, 52.134040816234375], [5.110671292259548, 52.13400395742173], [5.110629514397959, 52.13396708957204], [5.1105877511551485, 52.133930230729405], [5.11054595877029, 52.13389337180341], [5.110504166398737, 52.1338565218502], [5.110462374096129, 52.13381967188208], [5.110420552595898, 52.13378283081828], [5.110378745770108, 52.13374598977379], [5.110336909802376, 52.13370914864567], [5.1102950739036945, 52.133672307502565], [5.110253237962601, 52.1336354843202], [5.110211387540779, 52.13359865210067], [5.11016952252689, 52.13356182881965], [5.11012765758202, 52.13352500552362], [5.110085792706164, 52.133488182212545], [5.1100439132382105, 52.13345136784], [5.110002033839276, 52.13341455345236], [5.109960139904082, 52.13337773901545], [5.109918246037932, 52.133340924563385], [5.109876352185043, 52.13330411908416], [5.109834458401183, 52.1332673135899], [5.109792550081063, 52.13323050804624], [5.109750641830047, 52.13319370248748], [5.109732498496243, 52.133177778014264], [5.10976960216049, 52.13316272946106], [5.109830485402742, 52.133137957849456], [5.10989131049127, 52.13311313214171], [5.109952077425944, 52.133088252337934], [5.110012917597796, 52.13306332773481], [5.110075291470576, 52.133038370750626], [5.1101383687749315, 52.13301301991302], [5.110200633020794, 52.13298687618828], [5.110260597208233, 52.132959495675], [5.110316774060378, 52.13293047941437], [5.110367676469999, 52.132899401486036], [5.110411788123024, 52.13286583590354], [5.110447420399049, 52.132828879912765], [5.11047466305695, 52.132788192187625], [5.110495277318955, 52.13274474756905], [5.110511097319572, 52.13269953904246], [5.110523898712694, 52.13265356844227], [5.11053548646835, 52.13260781969481], [5.110547549043627, 52.13256322252408], [5.110559142341886, 52.132518929843805], [5.110569568440037, 52.13247443668933], [5.110578812402606, 52.13242979695401], [5.110586917936701, 52.13238502871649], [5.110593899372482, 52.13234017695079], [5.110599741885816, 52.13229527757429], [5.110604503621658, 52.13225037566351], [5.110608169867093, 52.13220548916011], [5.110610419206047, 52.132160635286674], [5.110608872824953, 52.13211552085054], [5.110604187621195, 52.13207020131946], [5.11059770652891, 52.13202479668556], [5.110590743322671, 52.131979417884665], [5.110584640870051, 52.13193419389719], [5.110580727539555, 52.131889235693706], [5.110580331583129, 52.131844672220794], [5.110584781414426, 52.13180060546095], [5.110595245846826, 52.13175696624986], [5.110611511466053, 52.13171283730875], [5.110633341018155, 52.13166879331171], [5.110660598149268, 52.13162562488079], [5.110693160835008, 52.1315841676111], [5.110730878012473, 52.131545230065015], [5.110773642437616, 52.131509620907295], [5.1108215131381165, 52.13147724140259], [5.11087397079226, 52.13144704771955], [5.110930025226107, 52.1314185611689], [5.1109886426750535, 52.13139126700907], [5.111048833077752, 52.131364668578335], [5.1111095771634805, 52.131338269148785], [5.1111698557168515, 52.13131156300645], [5.111228678731395, 52.131284044508], [5.111285012275601, 52.131255225885084], [5.111337939532898, 52.13122457470512], [5.111388254866133, 52.1311911670648], [5.11143529945693, 52.131155262079766], [5.111477550215015, 52.13111753928329], [5.111513498608062, 52.13107868723211], [5.111540838573122, 52.13103846685597], [5.111547441814252, 52.13099080988316], [5.111525907729496, 52.13094691606084], [5.111481732959994, 52.13091304488535], [5.111429482599157, 52.13088141979608], [5.11137230211283, 52.13085115832302], [5.111313219848426, 52.130821422667495], [5.111255293080519, 52.13079142004434], [5.111201520883776, 52.130760321586145], [5.11115497518376, 52.13072732556514], [5.111118890990922, 52.130691235166466], [5.111098510665105, 52.13064743384286], [5.111094340213989, 52.130599113530074], [5.1111054834418725, 52.13055185368671], [5.111130929268937, 52.13051091891669], [5.111165691633811, 52.13047253156933], [5.111207009403653, 52.1304344651389], [5.111253840104494, 52.13039761598137], [5.111305141159328, 52.13036289842933], [5.111359884770487, 52.13033119988693], [5.11141699911416, 52.1303034436092], [5.111476728536663, 52.13028026831244], [5.111544481408393, 52.13026091366016], [5.11161807826106, 52.13024593180442], [5.111693994657166, 52.13023609646113], [5.111768720718744, 52.130232190376915], [5.111838702705741, 52.13023500519281], [5.111903810248628, 52.13024674267559], [5.111967250348484, 52.130268381019654], [5.112027857419841, 52.130297104261835], [5.1120843930561914, 52.130330060319515], [5.112135633434741, 52.13036439714611], [5.112182275130051, 52.13039846257847], [5.112227641672425, 52.13043328001292], [5.112271908590012, 52.130468804920014], [5.112315193270171, 52.1305049476944], [5.112357598495739, 52.1305416186964], [5.112399226994318, 52.1305787372742], [5.112440181548712, 52.130616213787825], [5.112480564941703, 52.13065395859724], [5.112520494505285, 52.13069189108414], [5.112560043758184, 52.13072993052799], [5.112599359407099, 52.130767969414535], [5.112638500311073, 52.130805935976866], [5.112677260847225, 52.13084401848496], [5.112715479592393, 52.13088234239575], [5.1127532443937795, 52.13092087196208], [5.1127906138342984, 52.13095958035656], [5.1128276465523195, 52.13099843176398], [5.112864401075812, 52.13103740834468], [5.112900950703004, 52.131076465329265], [5.1129373832265514, 52.13111557595801], [5.112973728020928, 52.13115471333528], [5.113010058329427, 52.131193841679256], [5.113046462000412, 52.131232925242145], [5.113082982957922, 52.13127194614987], [5.113097203196574, 52.13128702511313], [5.113119694445957, 52.13131086862049], [5.1131566550486305, 52.13134966582578], [5.113193952669895, 52.13138829302966], [5.113231616629763, 52.13142673232391], [5.113269734832226, 52.13146493897221], [5.113308380356537, 52.13150290415568], [5.113347597348035, 52.1315405740484], [5.1133874589410855, 52.13157793084334], [5.113428067534925, 52.13161494781357], [5.113472517630267, 52.131651910765754], [5.113522568798861, 52.13168768230012], [5.113577356706893, 52.13172031000747], [5.113636002292014, 52.1317478594214], [5.113697655796783, 52.13176837816891], [5.1137636407023335, 52.131780386291325], [5.1138362308683005, 52.13178461707851], [5.113912262993427, 52.13178247430843], [5.113988384085164, 52.13177533436337], [5.1140612557661544, 52.13176457366787], [5.114129500887408, 52.13175089010533], [5.11419611621923, 52.1317338322295], [5.114261666393559, 52.13171421026995], [5.114326511085796, 52.13169291487305], [5.114391097659431, 52.13167082789905], [5.114455785799045, 52.13164883999253], [5.11452100832691, 52.1316278239904], [5.114587081889894, 52.13160854460397], [5.114653531226609, 52.13158990419711], [5.114720096194767, 52.13157145276801], [5.114786791618939, 52.13155315439877], [5.114853573904655, 52.13153497303639], [5.114920428557129, 52.13151689067124], [5.114987326641083, 52.13149886229654], [5.115054253606779, 52.13148087889055], [5.1151211950686175, 52.131462904468044], [5.115155748413849, 52.13145360965255], [5.115201714409576, 52.13148407711783], [5.1152514336582655, 52.131516988966], [5.115301196903795, 52.13154988291823], [5.115351004146205, 52.13158275897454], [5.115400826121327, 52.13161562605544], [5.115450677488545, 52.13164847520669], [5.115500528983802, 52.13168131534883], [5.115550409816554, 52.13171414654912], [5.1156002907225915, 52.1317469777282], [5.1156501717020175, 52.13177980888605], [5.115700052754725, 52.13181264002268], [5.115749933826224, 52.13184548012595], [5.115799785761426, 52.131878320140835], [5.115849637715361, 52.131911169122375], [5.11589946042374, 52.131944035991296], [5.115949239281829, 52.13197692071407], [5.115999003553781, 52.132009814370015], [5.116048723920744, 52.13204273486777], [5.11609840043735, 52.132075673219504], [5.116148032994362, 52.132108647401125], [5.116197607096042, 52.13214163940322], [5.116247122633319, 52.132174667201774], [5.1162965796060735, 52.13220773079668], [5.1163459780144045, 52.13224083018825], [5.116395288648329, 52.13227396530933], [5.1164445260582525, 52.13230714518152], [5.116493675639258, 52.13234036977133], [5.116542737336803, 52.13237364806679], [5.116591711205301, 52.13240697108012], [5.116640582585351, 52.13244034776584], [5.116689366081784, 52.132473778157554], [5.116738017825152, 52.13250727114282], [5.116786493728302, 52.13254087156067], [5.11683460343604, 52.132574659867366], [5.116882390872006, 52.13260861818783], [5.116929899905686, 52.132642737635], [5.116977130645611, 52.13267700023344], [5.1170241270156165, 52.13271138810805], [5.11707093288514, 52.13274589237154], [5.117117563076673, 52.13278047710606], [5.1171640467459, 52.132815151366486], [5.117210413320284, 52.13284987926841], [5.117256706669513, 52.13288465192426], [5.117302956112419, 52.13291945142517], [5.117349176362805, 52.13295425982888], [5.117392954138957, 52.13298722008809], [5.11785582013076, 52.13282621491603], [5.11830412000663, 52.13267027991941], [5.118306183704836, 52.132669556594195], [5.119366859966077, 52.13367402360506], [5.1212022684648915, 52.135412059815785], [5.120035760658017, 52.135666049728066], [5.122528048717669, 52.13800736820265], [5.121967543345138, 52.138281223206505], [5.122517954780901, 52.1388605399264], [5.12201847887681, 52.13907355747645], [5.122212389738052, 52.13939160180913], [5.121980014551417, 52.139430860613004], [5.12204010308087, 52.139525513386744], [5.122003708491931, 52.13952427214879], [5.121930740243171, 52.139522427384215], [5.121856824479655, 52.13952271059823], [5.121781446676856, 52.13952566889929], [5.121705506895206, 52.139529785338986], [5.121629890651624, 52.139533533950186], [5.121555483473449, 52.139535388768174], [5.1214831562375815, 52.13953383278547], [5.121413823598283, 52.13952735808311], [5.1213483418945955, 52.139514438636816], [5.121287386833174, 52.139494446816045], [5.121230147275963, 52.139468684058485], [5.121175562414433, 52.13943867593683], [5.121122556665849, 52.139405974952304], [5.121070054495641, 52.13937212461621], [5.121016951097191, 52.13933867735991], [5.120962185642102, 52.1393071587481], [5.120904741547476, 52.139279022539256], [5.120846036051184, 52.13925176427839], [5.120786982196868, 52.13922414568183], [5.1207273133575875, 52.139196786318436], [5.120666850546979, 52.139170305954764], [5.120605341793197, 52.13914531520375], [5.120542564389576, 52.13912241575621], [5.120478324625919, 52.13910224531986], [5.120412385181336, 52.13908540555147], [5.120344131145566, 52.13907212874541], [5.120273506599563, 52.1390619923355], [5.120201083465883, 52.13905462011587], [5.120127433776035, 52.13904961790612], [5.120053129455735, 52.13904660950307], [5.119978742540377, 52.139045200729164], [5.119904844906451, 52.139045024371796], [5.119831964503893, 52.13904573109649], [5.119759426439209, 52.13904781371516], [5.119686894417777, 52.13905132539413], [5.119614384601066, 52.139056005518064], [5.119541854615671, 52.139061611315086], [5.1194955251950764, 52.13906562271978], [5.118789542732585, 52.13845424641259], [5.117981888101493, 52.13877573166473]]]}}, {"type": "Feature", "id": "58459", "properties": {"OBJECTID": "58459", "LOCATIEGROEP_ID": "nl.imow-pv26.gebiedengroep.003000000000000000000811", "SYMBOOL_CODE": "vsgt114", "GROEP": "aardkundig waardevol gebied", "9e750651-8e97-4bc6-b09e-fc30b5f3e83c_id": "9121", "LOCATIE_ID": "nl.imow-pv26.gebied.003000000000000000000811e116931", "DOCUMENT_URL": "https://omgevingsbeleid.provincie-utrecht.nl/home?d=/akn/nl/act/pv26/2022/omgevingsverordening/nld@1089&o=", "NAAM": "Gebied aardkundige waarden", "TYPE": "erfgoed", "LOCATIEGROEP_NAAM": "Gebied aardkundige waarden", "LOCATIE_NAAM": null}, "geometry": {"type": "Polygon", "coordinates": [[[5.085396854565541, 52.15735690279108], [5.084111077363513, 52.156739666063096], [5.083843283793508, 52.15695577712145], [5.083820698076284, 52.15694623674983], [5.083760592031804, 52.156920691192774], [5.083700574345001, 52.15689505595235], [5.083640659629034, 52.1568693310661], [5.08358083320997, 52.1568435254846], [5.083521065678791, 52.156817666096124], [5.083461357096641, 52.156791743912954], [5.083429856491928, 52.15677805504036], [5.083401677993231, 52.1567657948113], [5.083342042981573, 52.156739818828754], [5.083282408222907, 52.156713815852555], [5.083222788085464, 52.15668782187162], [5.083163167956308, 52.156661836848265], [5.083103503996689, 52.15663586066964], [5.083043810574709, 52.15660992932456], [5.082984073077334, 52.15658404277531], [5.082924276830265, 52.15655820997195], [5.082864407159338, 52.15653243986462], [5.082804449267788, 52.156506759379], [5.079120227740244, 52.154826450708306], [5.078033962031359, 52.15435121960947], [5.075992652791338, 52.15345811103004], [5.075961735151773, 52.153443208305845], [5.075989263080641, 52.15341613717705], [5.076027901068249, 52.153377878327035], [5.076066437082754, 52.15333956526745], [5.076104885610702, 52.15330121601268], [5.076143319523383, 52.15326285771868], [5.07618176791915, 52.153224508438214], [5.076220289057127, 52.15318619528866], [5.076258912098233, 52.15314792733483], [5.076297695301516, 52.1531097316941], [5.0763366677023205, 52.15307163540673], [5.07637590229659, 52.15303364765269], [5.076381374449746, 52.1530284040917], [5.066464845250344, 52.14826552020037], [5.072364904579186, 52.14526758880008], [5.073867961511251, 52.14587435173768], [5.078443775049597, 52.148992961060976], [5.081164436398377, 52.14793362250683], [5.0822905297288745, 52.14858566832012], [5.083880230728811, 52.14756969972395], [5.084190095962785, 52.147421420908074], [5.084194542146684, 52.14741857414245], [5.0842451238267286, 52.14738605961492], [5.08429557461493, 52.14735344586178], [5.084345938218856, 52.14732075097131], [5.084396200028558, 52.147287974906156], [5.08440572416091, 52.14728175268853], [5.084438191949264, 52.14730268813857], [5.0887949733226705, 52.1452175425958], [5.089471083975314, 52.145543815862126], [5.092685997235141, 52.14440465566647], [5.092839901862297, 52.14453363092774], [5.093164281978475, 52.14480691969262], [5.093280144620973, 52.144902912498395], [5.093337093728451, 52.14487817556114], [5.093396102369707, 52.144924556735916], [5.093961250230359, 52.1446684474325], [5.094395736749834, 52.14501262501715], [5.094465905322558, 52.145052759724], [5.096466302443226, 52.14433271554981], [5.096821008827019, 52.144182599606886], [5.09688129567394, 52.144183332161305], [5.097553259642705, 52.14394143575215], [5.097384197603344, 52.14380965213311], [5.099082907837337, 52.143153293161724], [5.09852564514052, 52.14283203049674], [5.099204896359001, 52.14261088679349], [5.099891221916907, 52.143137602561474], [5.101173250998495, 52.14261106346525], [5.101366234493728, 52.14205787055506], [5.106569654521434, 52.14638394840835], [5.106567941758023, 52.14638449260265], [5.10694878581887, 52.14669941095076], [5.104475545329885, 52.14775980148462], [5.104501161290027, 52.14778221597175], [5.103968839897885, 52.148030616872546], [5.10398836402692, 52.14804599723273], [5.104033358513998, 52.1480814010236], [5.104078382349665, 52.148116795879425], [5.104123435534015, 52.14815218180014], [5.104168518123941, 52.14818754979786], [5.10421360078529, 52.148222917778156], [5.104258712852291, 52.14825826783549], [5.104303854211096, 52.14829361794541], [5.10434899569825, 52.14832895905005], [5.104394137313831, 52.1483642911494], [5.1044393082212975, 52.14839962330132], [5.1044844792002575, 52.14843495543584], [5.104529650250705, 52.14847028755284], [5.10457482137259, 52.148505619652376], [5.104619978012648, 52.148540942711605], [5.104665149277549, 52.14857627477626], [5.104710305946774, 52.148611615776346], [5.104755448077211, 52.14864695672399], [5.104800575668765, 52.14868229761923], [5.1048457032749965, 52.148717647484936], [5.1048908016183265, 52.148753015238924], [5.104935870812466, 52.1487883829057], [5.104980940021153, 52.14882375954289], [5.1050259653566545, 52.14885915403363], [5.105070961485944, 52.14889455742503], [5.105115942962684, 52.14892997873985], [5.1051608806227895, 52.14896540892045], [5.105205774352733, 52.14900086594259], [5.1052506388764325, 52.14903633186552], [5.105295459469803, 52.14907182463007], [5.1053402508568535, 52.1491073262955], [5.105384983703185, 52.14914285476773], [5.105429658008628, 52.149178410046865], [5.105474288440389, 52.14921398317994], [5.105518874941676, 52.14924958315494], [5.105563388348227, 52.149285200914214], [5.105607843156967, 52.14932085446855], [5.105652239424634, 52.14935653483005], [5.1056965771510585, 52.14939224199881], [5.10574084166911, 52.14942798492791], [5.1057850476458455, 52.14946375466446], [5.105829165803412, 52.14949956012663], [5.105873225362892, 52.14953540138422], [5.105917182549069, 52.14957126934497], [5.1059610810804, 52.149607182089156], [5.106004891792208, 52.149643130559305], [5.106048614684439, 52.14967911475563], [5.106092191088027, 52.14971517049031], [5.10613544522238, 52.14975136924876], [5.106178406251926, 52.14978772008882], [5.106221059735314, 52.14982419601239], [5.106263464115008, 52.149860797159], [5.106305619447222, 52.14989751454101], [5.106347540455416, 52.14993433021781], [5.106389270971581, 52.14997124429393], [5.1064194053561796, 52.1499980822026], [5.106430811051972, 52.15000824778172], [5.1064722046981075, 52.15004531382201], [5.106513451853311, 52.15008245140295], [5.106554581852005, 52.15011964261836], [5.106595609417757, 52.150156869527486], [5.106636563771975, 52.150194132199864], [5.10667747419279, 52.15023142171721], [5.10671834073645, 52.150268729091714], [5.106759207348445, 52.150306036451816], [5.10680008869599, 52.150343334844514], [5.106840999446419, 52.1503806153165], [5.106881954267083, 52.150417868914715], [5.1069229970470325, 52.15045508675536], [5.106964127842847, 52.150492259850424], [5.107005375932851, 52.15052937928141], [5.107046770651766, 52.150566427141804], [5.107088312056131, 52.150603394443664], [5.107130043979044, 52.15064028129081], [5.107171981144352, 52.15067706974212], [5.107214138219642, 52.150713750844076], [5.107256544483429, 52.15075031567793], [5.1072992146034135, 52.15078675529023], [5.107342177914505, 52.15082305177433], [5.107385449028073, 52.15085920516452], [5.107429042668014, 52.1508951975194], [5.107473002667881, 52.15093102894254], [5.1075173291406575, 52.15096668145781], [5.107562036753965, 52.151002146111544], [5.107607052058899, 52.15103748564529], [5.107652331278752, 52.15107269096689], [5.107697903523457, 52.15110778012101], [5.107743710348858, 52.1511427529689], [5.107789781033709, 52.15117760059165], [5.107836086187222, 52.1512123498833], [5.107882625922072, 52.151246982867896], [5.107929370903692, 52.151281517451686], [5.107976335743511, 52.15131595366907], [5.108023505830458, 52.15135029148508], [5.108070851886114, 52.151384539818324], [5.108118388465672, 52.15141870769099], [5.108166101014274, 52.15145278608042], [5.108213960253364, 52.151486783905135], [5.108261966126934, 52.15152071015286], [5.108310133246318, 52.151554564857946], [5.108358403166577, 52.15158834788209], [5.108406819609305, 52.15162207730444], [5.10845532424175, 52.151655735011005], [5.108503946118216, 52.15168934803429], [5.108552656128348, 52.151722898329474], [5.108592506326817, 52.151750270924175], [5.107481222511728, 52.15222671060037], [5.107360994328233, 52.15213861304185], [5.097542251576099, 52.156089075156096], [5.09288838267001, 52.15306374854928], [5.087603762739174, 52.15609232628565], [5.087704612959722, 52.15613716261965], [5.087698109652292, 52.15633984302249], [5.089091782639382, 52.15698153579495], [5.088905739538525, 52.157353635381476], [5.087391158502667, 52.15665818189121], [5.087064842408057, 52.15688274407147], [5.086563675724606, 52.15668831690163], [5.085396854565541, 52.15735690279108]]]}}, {"type": "Feature", "id": "58460", "properties": {"OBJECTID": "58460", "LOCATIEGROEP_ID": "nl.imow-pv26.gebiedengroep.003000000000000000000811", "SYMBOOL_CODE": "vsgt114", "GROEP": "aardkundig waardevol gebied", "9e750651-8e97-4bc6-b09e-fc30b5f3e83c_id": "9122", "LOCATIE_ID": "nl.imow-pv26.gebied.003000000000000000000811e116827", "DOCUMENT_URL": "https://omgevingsbeleid.provincie-utrecht.nl/home?d=/akn/nl/act/pv26/2022/omgevingsverordening/nld@1089&o=", "NAAM": "Gebied aardkundige waarden", "TYPE": "erfgoed", "LOCATIEGROEP_NAAM": "Gebied aardkundige waarden", "LOCATIE_NAAM": null}, "geometry": {"type": "Polygon", "coordinates": [[[5.49149023704263, 52.0017331317808], [5.491206890589689, 52.00200133775049], [5.490901562657874, 52.002211705693426], [5.490478050566261, 52.00228763313499], [5.49026803265317, 52.00218894788416], [5.490111806767987, 52.00203179216378], [5.490211819599358, 52.00178986928997], [5.490476285746112, 52.00152279683923], [5.490762670939517, 52.00128969765924], [5.4909208929113325, 52.00112693542817], [5.490905563957335, 52.00079606805438], [5.490872875776392, 52.000533759646935], [5.490809960953138, 52.00038634649602], [5.490745625752413, 52.000216473161686], [5.490444242582477, 51.99946221871285], [5.48996248622058, 51.99892594030677], [5.489212715103364, 51.998507538904995], [5.489457865376285, 51.99838967979654], [5.489960897440964, 51.998233880586675], [5.490418778529737, 51.9983464693234], [5.490906342884023, 51.99858048704566], [5.491210608298594, 51.99908285377068], [5.491430582508657, 51.99957919152727], [5.491688770654711, 51.99991262948933], [5.4917731374365175, 52.000209594977655], [5.492086349601918, 52.00064952863603], [5.4925233645816895, 52.00071289067829], [5.492722759993292, 52.00074164463666], [5.493330491627081, 52.000787269405635], [5.49387920500561, 52.000589042076065], [5.494451027428099, 52.00048965180318], [5.4950460111473145, 52.00050323657636], [5.495504133202664, 52.000700545611956], [5.495436101782552, 52.000954829262724], [5.49472705012566, 52.00108259075742], [5.4941918352117325, 52.00117174747516], [5.493828144857222, 52.00132656647258], [5.493337856291124, 52.00154103629649], [5.493144712635746, 52.001749627905184], [5.4929530448807835, 52.00200427315534], [5.492647780711144, 52.00223823947654], [5.492324054950347, 52.00207224874088], [5.492081476001168, 52.001676986807695], [5.491667536324923, 52.001558541187634], [5.49149023704263, 52.0017331317808]]]}}, {"type": "Feature", "id": "58461", "properties": {"OBJECTID": "58461", "LOCATIEGROEP_ID": "nl.imow-pv26.gebiedengroep.003000000000000000000811", "SYMBOOL_CODE": "vsgt114", "GROEP": "aardkundig waardevol gebied", "9e750651-8e97-4bc6-b09e-fc30b5f3e83c_id": "9123", "LOCATIE_ID": "nl.imow-pv26.gebied.003000000000000000000811e116946", "DOCUMENT_URL": "https://omgevingsbeleid.provincie-utrecht.nl/home?d=/akn/nl/act/pv26/2022/omgevingsverordening/nld@1089&o=", "NAAM": "Gebied aardkundige waarden", "TYPE": "erfgoed", "LOCATIEGROEP_NAAM": "Gebied aardkundige waarden", "LOCATIE_NAAM": null}, "geometry": {"type": "Polygon", "coordinates": [[[5.468186456999559, 52.1649131033973], [5.4649905168191255, 52.16477319533245], [5.463835247784301, 52.16465557315217], [5.4624106578550755, 52.16465649187333], [5.46175584645755, 52.16449117121462], [5.460678110773331, 52.1646812601859], [5.46046407035975, 52.164756262931625], [5.460592003942539, 52.16297561390191], [5.46082941419599, 52.163047458874345], [5.461714931480792, 52.163046901679664], [5.462831294900053, 52.16295148405676], [5.4636012257112005, 52.16290362955888], [5.464409938425963, 52.16302149082339], [5.465064862297449, 52.16325782823466], [5.4659508443227605, 52.16351768185598], [5.466258903866211, 52.16354115856255], [5.467336460352487, 52.163279978161086], [5.468182968904758, 52.16299527286344], [5.468223274615557, 52.163989677437186], [5.468186456999559, 52.1649131033973]]]}}, {"type": "Feature", "id": "58462", "properties": {"OBJECTID": "58462", "LOCATIEGROEP_ID": "nl.imow-pv26.gebiedengroep.003000000000000000000811", "SYMBOOL_CODE": "vsgt114", "GROEP": "aardkundig waardevol gebied", "9e750651-8e97-4bc6-b09e-fc30b5f3e83c_id": "9124", "LOCATIE_ID": "nl.imow-pv26.gebied.003000000000000000000811e116813", "DOCUMENT_URL": "https://omgevingsbeleid.provincie-utrecht.nl/home?d=/akn/nl/act/pv26/2022/omgevingsverordening/nld@1089&o=", "NAAM": "Gebied aardkundige waarden", "TYPE": "erfgoed", "LOCATIEGROEP_NAAM": "Gebied aardkundige waarden", "LOCATIE_NAAM": null}, "geometry": {"type": "Polygon", "coordinates": [[[5.52079560327996, 51.97860487482365], [5.521686099006618, 51.97900849809091], [5.523373005809858, 51.9796424333608], [5.524872214061305, 51.980103137450854], [5.526512410498508, 51.98073708239199], [5.527403090424569, 51.98116956811864], [5.528856401534261, 51.981890412196286], [5.529982005092546, 51.982582730935775], [5.53091956859849, 51.98301514199339], [5.531717375617839, 51.98365003252835], [5.532468203023864, 51.984227172701814], [5.533829875567601, 51.98549722828957], [5.534300175086152, 51.98616142431338], [5.535147671482509, 51.987634430747036], [5.535337701729661, 51.988472383845306], [5.534920742857371, 51.98980246662365], [5.5343624679939, 51.990872588967115], [5.53314596026389, 51.99110532669726], [5.5319739411438285, 51.99061541983421], [5.530517522818986, 51.98902752947352], [5.529391290400407, 51.98819069623759], [5.527892219226822, 51.98787456175081], [5.525502728992747, 51.987241529707624], [5.524096910350003, 51.98678071617961], [5.522549985748634, 51.98608882759311], [5.5213769868619345, 51.98519417733425], [5.520716886526521, 51.98360524383637], [5.5208079286093374, 51.98273803252339], [5.520945419783011, 51.981755162154755], [5.5205685424401265, 51.98094630348164], [5.519910502498247, 51.98002213741833], [5.519159311124495, 51.97924259327863], [5.518924513197801, 51.978982729659116], [5.520467540434536, 51.97846072633412], [5.52079560327996, 51.97860487482365]]]}}, {"type": "Feature", "id": "58463", "properties": {"OBJECTID": "58463", "LOCATIEGROEP_ID": "nl.imow-pv26.gebiedengroep.003000000000000000000811", "SYMBOOL_CODE": "vsgt114", "GROEP": "aardkundig waardevol gebied", "9e750651-8e97-4bc6-b09e-fc30b5f3e83c_id": "9125", "LOCATIE_ID": "nl.imow-pv26.gebied.003000000000000000000811e116840", "DOCUMENT_URL": "https://omgevingsbeleid.provincie-utrecht.nl/home?d=/akn/nl/act/pv26/2022/omgevingsverordening/nld@1089&o=", "NAAM": "Gebied aardkundige waarden", "TYPE": "erfgoed", "LOCATIEGROEP_NAAM": "Gebied aardkundige waarden", "LOCATIE_NAAM": null}, "geometry": {"type": "Polygon", "coordinates": [[[5.483075508727876, 52.01541223585243], [5.48232654511147, 52.015582675359965], [5.481554195810308, 52.015822274582014], [5.480713667998326, 52.01594544579374], [5.480258840324223, 52.016177916429044], [5.479544042901617, 52.016383751338005], [5.478819577340242, 52.016417233022445], [5.478600875956114, 52.01628781247087], [5.478873346479686, 52.01598422377204], [5.479309454352091, 52.01576284654287], [5.479670737109498, 52.01557451304848], [5.48029100168171, 52.01537844148033], [5.480448415814662, 52.01519835624992], [5.4798323803035025, 52.015268510560375], [5.479141366608017, 52.01535988739411], [5.4787060469047395, 52.015124774092484], [5.478770776204298, 52.014908370296766], [5.479056203059449, 52.01471900120556], [5.479706865965335, 52.01469526537984], [5.480397298217595, 52.01463791474868], [5.480714122850521, 52.014609107715344], [5.481397862509434, 52.0146882773137], [5.482549652154323, 52.01467284144383], [5.483117287769285, 52.01484196757056], [5.483631810359982, 52.01454177417326], [5.483291071533454, 52.0142392160842], [5.482689108636226, 52.01385811553404], [5.482160291881573, 52.01359968579342], [5.481475672684533, 52.013130472165955], [5.481273072446982, 52.01283343282641], [5.48156782470801, 52.01262228083755], [5.482049587996626, 52.012679416993706], [5.482438537658572, 52.01292836138423], [5.483263062211151, 52.01342622615549], [5.4837920488459, 52.01376133758672], [5.484207035358505, 52.01410522333764], [5.48458526817474, 52.01438505267446], [5.4851522983206165, 52.014588486197596], [5.486161424263046, 52.014878937131776], [5.487189586022493, 52.01518167695726], [5.488491787411973, 52.015544787881076], [5.489508398243552, 52.015847041024], [5.489086400492678, 52.01639607027914], [5.488526236521933, 52.01607134597261], [5.487425928775731, 52.01574493275206], [5.486453351326291, 52.01546691936964], [5.485326021367687, 52.01534572640553], [5.484100575737488, 52.01532589986663], [5.483075508727876, 52.01541223585243]]]}}, {"type": "Feature", "id": "58464", "properties": {"OBJECTID": "58464", "LOCATIEGROEP_ID": "nl.imow-pv26.gebiedengroep.003000000000000000000811", "SYMBOOL_CODE": "vsgt114", "GROEP": "aardkundig waardevol gebied", "9e750651-8e97-4bc6-b09e-fc30b5f3e83c_id": "9126", "LOCATIE_ID": "nl.imow-pv26.gebied.003000000000000000000811e116940", "DOCUMENT_URL": "https://omgevingsbeleid.provincie-utrecht.nl/home?d=/akn/nl/act/pv26/2022/omgevingsverordening/nld@1089&o=", "NAAM": "Gebied aardkundige waarden", "TYPE": "erfgoed", "LOCATIEGROEP_NAAM": "Gebied aardkundige waarden", "LOCATIE_NAAM": null}, "geometry": {"type": "Polygon", "coordinates": [[[5.4566709759049905, 52.150544929776025], [5.457591317707672, 52.15109351885699], [5.456885547789337, 52.1523242165185], [5.455121142287972, 52.15281926092768], [5.454621180844953, 52.152797581928496], [5.454388931619335, 52.152704366085295], [5.454397652200639, 52.15256707041316], [5.455236163342381, 52.1521382685766], [5.45559294361928, 52.15193488049857], [5.456306153519759, 52.15130844511658], [5.456278936519659, 52.151028396997155], [5.456010805093689, 52.15081988116193], [5.45600147890953, 52.150561798000005], [5.456278067602185, 52.15046827825657], [5.4566709759049905, 52.150544929776025]]]}}, {"type": "Feature", "id": "58466", "properties": {"OBJECTID": "58466", "LOCATIEGROEP_ID": "nl.imow-pv26.gebiedengroep.003000000000000000000811", "SYMBOOL_CODE": "vsgt114", "GROEP": "aardkundig waardevol gebied", "9e750651-8e97-4bc6-b09e-fc30b5f3e83c_id": "9128", "LOCATIE_ID": "nl.imow-pv26.gebied.003000000000000000000811e116941", "DOCUMENT_URL": "https://omgevingsbeleid.provincie-utrecht.nl/home?d=/akn/nl/act/pv26/2022/omgevingsverordening/nld@1089&o=", "NAAM": "Gebied aardkundige waarden", "TYPE": "erfgoed", "LOCATIEGROEP_NAAM": "Gebied aardkundige waarden", "LOCATIE_NAAM": null}, "geometry": {"type": "Polygon", "coordinates": [[[4.980775872952819, 52.18882258646857], [4.980025715558899, 52.189572456987406], [4.980025960899656, 52.189545583795095], [4.979283643908114, 52.18943552535807], [4.979539742500236, 52.189094345578226], [4.979514143755917, 52.189072713016905], [4.979249865270378, 52.18878931714393], [4.978587145760415, 52.18830407459221], [4.978204103074694, 52.1880384928435], [4.977376056480162, 52.18779869843596], [4.976607329242344, 52.18755910449455], [4.975468302377995, 52.18728176848868], [4.974826003616595, 52.187245498346776], [4.973968571845605, 52.18734778560704], [4.973006947296234, 52.18731754191362], [4.972222977518549, 52.186992309255544], [4.971701319186331, 52.186667994782376], [4.970942891332517, 52.18528154238028], [4.9701845371187225, 52.18308674130776], [4.968998780957569, 52.18089629019848], [4.967751749096544, 52.179102428343136], [4.96650200914977, 52.17803428773723], [4.965320196057813, 52.17733240361979], [4.9651974100564145, 52.177320792650605], [4.963842630931266, 52.17688183022265], [4.960979755382449, 52.176952069483654], [4.958711095318563, 52.17641965791794], [4.957110298768118, 52.176341869305666], [4.955480581881611, 52.1756802091528], [4.9550947201510995, 52.17550007975358], [4.9545723037053655, 52.17541476649482], [4.953370909132547, 52.17539843907658], [4.952576141715054, 52.175419342634335], [4.951567619376565, 52.17549903367525], [4.950406727966538, 52.17530410796556], [4.949402880806852, 52.174907199555484], [4.949327944773666, 52.174644804227206], [4.949234093381472, 52.17433466624006], [4.948907342433358, 52.17405941790695], [4.9482301465238585, 52.17394967442643], [4.947590548055628, 52.173959203199736], [4.947141205432378, 52.17432688226543], [4.947176081583223, 52.17472020189043], [4.947211663314212, 52.17504203346011], [4.947401104004428, 52.17548358343388], [4.946628423030811, 52.1752304847512], [4.9463790722908145, 52.174967436404714], [4.945817320809261, 52.17494150996147], [4.945198272318433, 52.174831957541045], [4.944286305005519, 52.174006423395156], [4.942384029087925, 52.172729281241786], [4.941991813100769, 52.17214773375611], [4.941822612676313, 52.17137669629126], [4.941185973640123, 52.171655266810475], [4.940831654067472, 52.1717083049173], [4.940574985945969, 52.172314591590464], [4.939971988801649, 52.172176355582046], [4.9401844314852035, 52.17156990270236], [4.939968140235517, 52.17108871854404], [4.940043930304829, 52.17088053751295], [4.940724343752365, 52.17064746532009], [4.9410746535607535, 52.17099320193098], [4.941873162260962, 52.1707424405992], [4.94173883919501, 52.17044659631754], [4.942159828765219, 52.17008187760066], [4.9425471240397165, 52.169675478815115], [4.941885643937507, 52.169491714492565], [4.940389633705767, 52.16874284985653], [4.940495625143842, 52.16846228538117], [4.9386638646206515, 52.16739490387555], [4.937646466840605, 52.16718710359613], [4.936206748205615, 52.167689164925704], [4.935094597294879, 52.16883295986213], [4.933442914347965, 52.168911216773964], [4.932995048305909, 52.16882288543429], [4.933102159919993, 52.168597716029105], [4.934494211273526, 52.16828080687723], [4.935288474417087, 52.16747819973397], [4.9366081998101405, 52.16653258162948], [4.934836685574885, 52.165798079914], [4.934054176612673, 52.16539197370634], [4.932612910291118, 52.16530580837705], [4.931174944592958, 52.164897156435494], [4.929094904240405, 52.16399990520267], [4.928939085797708, 52.163332378753104], [4.928909739695502, 52.162260413981315], [4.930043335888914, 52.161516520311416], [4.929927647917379, 52.16039920889607], [4.930004183009416, 52.16001977854881], [4.929681666350697, 52.159594122112544], [4.928977587030986, 52.15918931905467], [4.928949068856712, 52.15842974532689], [4.928810433223715, 52.15749702944713], [4.928245122229868, 52.15699392813437], [4.925415398092805, 52.157618658240274], [4.923772985290031, 52.157234973070615], [4.923785764352086, 52.156003992558595], [4.926055823245644, 52.15500026462676], [4.926903069908716, 52.15422922479512], [4.9276093763278315, 52.154186857863984], [4.928715574458268, 52.154598940209226], [4.929933206158097, 52.154638107240416], [4.930986510099348, 52.154003412360794], [4.9350617506100125, 52.15308540119738], [4.9377240673357985, 52.152495350506015], [4.938507003910798, 52.152074984087704], [4.939622361727326, 52.15170347461398], [4.940790919900247, 52.150929697894824], [4.941929616320061, 52.15022769235316], [4.942806420338121, 52.149687121846576], [4.943018990779892, 52.14974927471451], [4.943422911067378, 52.14985077768679], [4.944028401535751, 52.150002920218114], [4.9425955073097745, 52.151094647228994], [4.941420857215407, 52.151989559664614], [4.940063890314448, 52.15249483875745], [4.939452818524244, 52.152722355015506], [4.939453021641924, 52.15272249959506], [4.939132169930091, 52.152958566193824], [4.937776050418387, 52.15376896654368], [4.93416688538212, 52.154475566280816], [4.932986537124647, 52.154578013455314], [4.931512818237953, 52.154696420527834], [4.930756715674825, 52.15526967725991], [4.92995836121704, 52.156039900342705], [4.927637594283343, 52.155671533539106], [4.925722148754099, 52.15605129044907], [4.925039548035565, 52.15650529294684], [4.925520672131519, 52.156805004396354], [4.927117715549831, 52.15666346039054], [4.928613934108481, 52.15622583208545], [4.9293729632736305, 52.156152318077325], [4.930375990894611, 52.1565308542617], [4.930390882644493, 52.156836370764765], [4.929862781466859, 52.15875532270974], [4.930779308546655, 52.15910136962607], [4.931112501371414, 52.15966853615971], [4.93195505953995, 52.160148308621466], [4.931320520570515, 52.16063728031461], [4.9315303729248665, 52.161427339748876], [4.930969220456909, 52.161842126923574], [4.930141083235976, 52.16231545044881], [4.93011183448253, 52.162806758274925], [4.9304698582001665, 52.16331444966092], [4.931483084971098, 52.163775731893125], [4.932456372953739, 52.16404625113944], [4.934584018779572, 52.164856540428005], [4.936151486243902, 52.16542688206355], [4.93697554709013, 52.16604812653738], [4.938238256289108, 52.1665097803342], [4.940068027109466, 52.167081075994965], [4.9412916280948185, 52.16803824734141], [4.942049410688012, 52.16863083016621], [4.9432521918665016, 52.169126798626884], [4.943869894637618, 52.169522274514314], [4.943882446656666, 52.17004653006029], [4.943147311843393, 52.170742702110985], [4.943052641964719, 52.17133207688837], [4.943056204589805, 52.171843580508984], [4.943141665090372, 52.17214300534742], [4.94473590416839, 52.17361492886083], [4.9452356068778425, 52.17403381788907], [4.945562202456234, 52.17432098498782], [4.94597103733944, 52.17413188714959], [4.946324336150791, 52.173680445041505], [4.9465598108928885, 52.17338345253], [4.9469877815282155, 52.17321824983367], [4.947346419034309, 52.173228889417146], [4.947878623219335, 52.17342523725533], [4.948783132196921, 52.173448706487406], [4.94957859757818, 52.1734784606229], [4.94991479033834, 52.17365395718767], [4.95008696885424, 52.17388246800311], [4.9500087566801785, 52.174076535118466], [4.9502790421641985, 52.17430539997302], [4.950810798735774, 52.1745486412546], [4.951256473930159, 52.17467763020994], [4.951986101511752, 52.17475404228804], [4.9528361413165065, 52.17477727952822], [4.953478883878711, 52.17481985531203], [4.954305438711643, 52.175017246186854], [4.9555050242185406, 52.175156055055716], [4.9566861089756244, 52.17526759551268], [4.957738078667378, 52.17546141600699], [4.959477867194469, 52.17559801408548], [4.961444289356913, 52.175658871274734], [4.963037948745733, 52.1756090357362], [4.965459308320909, 52.17558596598562], [4.967033080263511, 52.175554502756675], [4.970054325705238, 52.1754987877826], [4.973761777792977, 52.175288964759524], [4.9760991388965925, 52.17514855651179], [4.976613243873919, 52.17553267723968], [4.977353101252291, 52.17588461173757], [4.977347889865988, 52.17589013024878], [4.978459512540783, 52.1784612789237], [4.981685500737827, 52.18495593204792], [4.981855496342147, 52.185493987956264], [4.981938542429759, 52.18597799702641], [4.981665466791322, 52.18715949059875], [4.980775872952819, 52.18882258646857]]]}}, {"type": "Feature", "id": "58469", "properties": {"OBJECTID": "58469", "LOCATIEGROEP_ID": "nl.imow-pv26.gebiedengroep.003000000000000000000811", "SYMBOOL_CODE": "vsgt114", "GROEP": "aardkundig waardevol gebied", "9e750651-8e97-4bc6-b09e-fc30b5f3e83c_id": "9129", "LOCATIE_ID": "nl.imow-pv26.gebied.003000000000000000000811e116790", "DOCUMENT_URL": "https://omgevingsbeleid.provincie-utrecht.nl/home?d=/akn/nl/act/pv26/2022/omgevingsverordening/nld@1089&o=", "NAAM": "Gebied aardkundige waarden", "TYPE": "erfgoed", "LOCATIEGROEP_NAAM": "Gebied aardkundige waarden", "LOCATIE_NAAM": null}, "geometry": {"type": "Polygon", "coordinates": [[[4.972023219821426, 51.93342415742768], [4.971462829751127, 51.93348514987241], [4.970870299804139, 51.93360773977941], [4.9702372827384975, 51.933798000149324], [4.9695554589915885, 51.93406206678256], [4.968816537572171, 51.93440602140328], [4.968729171246171, 51.93446274152942], [4.9686601196172795, 51.93453422270524], [4.968618806717878, 51.93459064824504], [4.9685928370646435, 51.93464366787909], [4.968577777707094, 51.93469775101659], [4.968569166919911, 51.93475733100448], [4.9685435626950225, 51.93504266444098], [4.968525086441458, 51.93535575225175], [4.968514022736078, 51.935692595640724], [4.968510597945539, 51.93604920459195], [4.968515125712628, 51.9364215893994], [4.968527861793789, 51.936805733184876], [4.968549075919168, 51.937197682037315], [4.968579009586247, 51.93759339206049], [4.968617976166602, 51.93798890949602], [4.968666216992509, 51.93838020842111], [4.968723987423567, 51.938763316890864], [4.968791572301814, 51.939134218122035], [4.968869256022183, 51.93948894026905], [4.968957250649146, 51.93982346628489], [4.969057914314749, 51.94013757083664], [4.969202803786883, 51.9404751571913], [4.9692563689403455, 51.94053883212005], [4.969330733630949, 51.94060374042204], [4.969371390946948, 51.940632377873015], [4.969459110669099, 51.940684309451456], [4.9696063301325575, 51.940754536761155], [4.970024054851462, 51.940994830111705], [4.97040199446787, 51.94128211575433], [4.970737597451316, 51.94160929324185], [4.971028268622385, 51.94196920802965], [4.971271484376485, 51.94235477771107], [4.971464634019304, 51.94275885662082], [4.971605164427139, 51.94317432621975], [4.971690507738513, 51.94359405887418], [4.971718095812061, 51.94401093587219], [4.971685345854946, 51.9444178383715], [4.971589689690419, 51.94480763850169], [4.9714285593200245, 51.94517319929939], [4.971199401165429, 51.945507419685235], [4.9708996186794705, 51.945803162339914], [4.9705266591574535, 51.94605331691298], [4.970077927193912, 51.94625073678218], [4.9695278353542625, 51.94648655268754], [4.9690559483552486, 51.94677986372375], [4.96865413949599, 51.94712397257425], [4.968314296961245, 51.94751219970423], [4.968028323721425, 51.947937874418955], [4.9677880505232865, 51.94839428965243], [4.967585394991484, 51.948874783464355], [4.967412216824381, 51.949372657658586], [4.967260433563011, 51.94988123214956], [4.967121889873, 51.950393817548374], [4.966988473699135, 51.950903733566534], [4.966852058237388, 51.95140429083825], [4.966704545413438, 51.95188880905325], [4.966537793270552, 51.95235060770379], [4.966343689009225, 51.95278297937005], [4.96611410475774, 51.9531792614519], [4.965874413180289, 51.953460060973526], [4.965577820670324, 51.953680865807655], [4.965236198895165, 51.953844684258115], [4.9648613474192125, 51.953954506466395], [4.9644651094819645, 51.95401334980801], [4.964059299615192, 51.95402420473132], [4.963655761181624, 51.9539900889099], [4.963266294109474, 51.95391398406885], [4.962902784940633, 51.953798917340144], [4.962577003932253, 51.95364787062856], [4.962300793322591, 51.95346386215342], [4.96208598066902, 51.95324987418608], [4.961944407045215, 51.953008942979295], [4.961887870016719, 51.95274403265728], [4.9619282240906655, 51.95245817931219], [4.962077265538313, 51.95215436466012], [4.962381063108785, 51.95163704305594], [4.962617338856258, 51.951115683869816], [4.962800596650525, 51.95059192177802], [4.962945252802224, 51.950067355012905], [4.963065780649811, 51.94954363582421], [4.9631766098328365, 51.94902235330619], [4.963292212459447, 51.948505150577134], [4.963427002233969, 51.947993625547255], [4.963595464618075, 51.94748941226815], [4.9638120263814605, 51.9469941354881], [4.964091142996471, 51.94650940192862], [4.964447225712786, 51.946036826918736], [4.964895546814696, 51.945577669038784], [4.9654544331059896, 51.945131570508686], [4.966148413340454, 51.94469435710902], [4.967023701733043, 51.944247720560355], [4.967105429135436, 51.94418038434985], [4.967139650724779, 51.94410889659607], [4.967188097401316, 51.943919065418605], [4.967218017460147, 51.94374916708547], [4.967231239744084, 51.94359806662485], [4.967229564107058, 51.943464610975994], [4.967214862976659, 51.94334765631949], [4.967188907096767, 51.94324604049247], [4.9671535542642635, 51.94315861961718], [4.967110575070331, 51.94308424051595], [4.967061870804435, 51.94302176845529], [4.966954442226968, 51.94292790605315], [4.966835399554977, 51.94286450841982], [4.966712462882832, 51.942820951955724], [4.966160545508416, 51.94252948139618], [4.965678401269437, 51.94209838195135], [4.965264008295648, 51.94154808665442], [4.9649152417026725, 51.9408989651065], [4.964630047280001, 51.94017144994969], [4.964406341209292, 51.93938591068409], [4.9642420382838965, 51.938562779617484], [4.964135024306761, 51.93772242594101], [4.9640832860581625, 51.93688528204353], [4.964084680075023, 51.93607171685281], [4.964137149827477, 51.93530216246203], [4.964238581712542, 51.93459698778282], [4.964386949477485, 51.9339766249081], [4.964580112019508, 51.93346144255428], [4.964816045010363, 51.93307187273584], [4.965092609665452, 51.93282827511328], [4.966335159017239, 51.93217595979514], [4.967473170881564, 51.931650029831474], [4.968520452234864, 51.93124162097983], [4.969490821724697, 51.93094186831358], [4.970398110015777, 51.93074192429762], [4.971256088137555, 51.93063289569874], [4.972078583367583, 51.93060593394633], [4.972879363852072, 51.93065217185528], [4.973672284043101, 51.9307627511384], [4.974471110800533, 51.93092878585757], [4.975289639394495, 51.931141416763865], [4.976141679511971, 51.93139176629205], [4.977041040300924, 51.93167099240643], [4.978001516675747, 51.93197019862294], [4.979036902839246, 51.93228054185336], [4.980160993179797, 51.93259312446912], [4.980409527273152, 51.93259986284885], [4.98075756093735, 51.932522966658865], [4.981187283794119, 51.93237005855061], [4.981680798404516, 51.93214869801891], [4.982220279398444, 51.93186651688651], [4.9827878295638985, 51.93153109305455], [4.9833656248832705, 51.931150022964886], [4.98393576961043, 51.93073089416568], [4.984480441349602, 51.93028133974161], [4.984981761358257, 51.9298089209956], [4.98542189524029, 51.92932125357817], [4.985782951886538, 51.92882592616807], [4.986047128387178, 51.92833054580222], [4.986196521217311, 51.927842701144776], [4.986213314723751, 51.927369998923155], [4.98607965034565, 51.92692002734143], [4.986030150200004, 51.92676818927606], [4.986019521181473, 51.926600592435626], [4.986043287655667, 51.92642020568924], [4.986096901632115, 51.92622996167672], [4.986175887453344, 51.926032838209316], [4.986275741018826, 51.92583175007676], [4.986391943301013, 51.925629665950304], [4.986519990237511, 51.92542951860852], [4.986655392097905, 51.92523427684725], [4.986793630515652, 51.92504687343], [4.986930201536351, 51.924870268155054], [4.987060587014756, 51.924707393828164], [4.9871727233051075, 51.92457104477658], [4.987284858993934, 51.92443468662664], [4.987369709410966, 51.92433073742266], [4.987430359888123, 51.924252322646616], [4.987603742520157, 51.9240879490283], [4.987869394874397, 51.923931564604466], [4.988207901029571, 51.92379058116593], [4.988599845664128, 51.92367241056549], [4.9890258576087785, 51.92358447395799], [4.989466479210379, 51.923534174464386], [4.98990234034954, 51.923528933755065], [4.990313998682564, 51.92357615556367], [4.990682098835928, 51.923683280131165], [4.990987183921562, 51.923857693630744], [4.991209883360625, 51.924106818596506], [4.991330752946965, 51.92443806832349], [4.991330419489201, 51.92485887416766], [4.991189420901025, 51.925376621905606], [4.9908883937756965, 51.92599874203375], [4.990407884270801, 51.92673264596515], [4.990390465732606, 51.92734045026299], [4.9902455098955905, 51.928025932649284], [4.989979503504755, 51.928769987387234], [4.98959888981996, 51.929553472316975], [4.989110141085613, 51.93035729904863], [4.988519672927432, 51.931162306896475], [4.9878339598534405, 51.93194940714023], [4.98705946408161, 51.93269945700023], [4.9862026350129165, 51.93339335855648], [4.98526993948763, 51.93401196002477], [4.984267832065923, 51.93453615456827], [4.983202755774278, 51.93494681741868], [4.982081243779771, 51.935224833223955], [4.980909716058812, 51.935351077403034], [4.979694653742288, 51.935306434746565], [4.97844254116185, 51.93507177227486], [4.9776872602610585, 51.934858269359594], [4.9769912335213595, 51.93463919776703], [4.976346188954618, 51.93442065969316], [4.975743781752919, 51.9342087478365], [4.975175739337767, 51.93400959087891], [4.974633731189163, 51.93382928115095], [4.9741094410655835, 51.9336739288357], [4.973594552782654, 51.933549625980746], [4.973080778763683, 51.933462500538305], [4.9725597588641826, 51.93341864410606], [4.972023219821426, 51.93342415742768]]]}}, {"type": "Feature", "id": "58511", "properties": {"OBJECTID": "58511", "LOCATIEGROEP_ID": "nl.imow-pv26.gebiedengroep.003000000000000000000811", "SYMBOOL_CODE": "vsgt114", "GROEP": "aardkundig waardevol gebied", "9e750651-8e97-4bc6-b09e-fc30b5f3e83c_id": "9165", "LOCATIE_ID": "nl.imow-pv26.gebied.003000000000000000000811e116823", "DOCUMENT_URL": "https://omgevingsbeleid.provincie-utrecht.nl/home?d=/akn/nl/act/pv26/2022/omgevingsverordening/nld@1089&o=", "NAAM": "Gebied aardkundige waarden", "TYPE": "erfgoed", "LOCATIEGROEP_NAAM": "Gebied aardkundige waarden", "LOCATIE_NAAM": null}, "geometry": {"type": "Polygon", "coordinates": [[[5.542145571497991, 51.996674049651446], [5.542554663309491, 51.99705687298238], [5.543083308592709, 51.997544086742685], [5.543838231851686, 51.998147168836894], [5.544430154048443, 51.9985830955685], [5.543809182218646, 51.99880938365269], [5.543308477283055, 51.99915081795043], [5.542844949141147, 51.99873199093252], [5.542452595996421, 51.99837747727827], [5.5417980190010585, 51.9977587677842], [5.541035339195285, 51.997320903223184], [5.540351993462576, 51.997182712680335], [5.539386410700909, 51.996987440560275], [5.538582594605849, 51.996740647833946], [5.538481494030732, 51.99652392948954], [5.539127642852316, 51.996526969984835], [5.5396360743856485, 51.996615375460465], [5.540388537020817, 51.996521459561855], [5.540217909347611, 51.99640538391536], [5.539916952435613, 51.996200665341554], [5.539614744844078, 51.99587578480059], [5.539651499482877, 51.99562015857602], [5.539968241648506, 51.99537858578129], [5.540202273644979, 51.99522547351646], [5.5405796258360125, 51.99533283973521], [5.541087733349508, 51.99552922322546], [5.541390443748971, 51.99599350583575], [5.542145571497991, 51.996674049651446]]]}}, {"type": "Feature", "id": "58470", "properties": {"OBJECTID": "58470", "LOCATIEGROEP_ID": "nl.imow-pv26.gebiedengroep.003000000000000000000811", "SYMBOOL_CODE": "vsgt114", "GROEP": "aardkundig waardevol gebied", "9e750651-8e97-4bc6-b09e-fc30b5f3e83c_id": "9130", "LOCATIE_ID": "nl.imow-pv26.gebied.003000000000000000000811e116835", "DOCUMENT_URL": "https://omgevingsbeleid.provincie-utrecht.nl/home?d=/akn/nl/act/pv26/2022/omgevingsverordening/nld@1089&o=", "NAAM": "Gebied aardkundige waarden", "TYPE": "erfgoed", "LOCATIEGROEP_NAAM": "Gebied aardkundige waarden", "LOCATIE_NAAM": null}, "geometry": {"type": "Polygon", "coordinates": [[[5.4609420737215055, 52.013671591693445], [5.460498321352331, 52.01399094823097], [5.46003615013836, 52.01432800314774], [5.459930899944171, 52.01440475512561], [5.459009037799231, 52.01450671755764], [5.458661595417809, 52.014435303070684], [5.4586126498695995, 52.014425221196106], [5.45863457609458, 52.01433617141935], [5.4586721176628865, 52.01418335032055], [5.458792735016072, 52.01403244698999], [5.45916673739809, 52.0137830763219], [5.459719685070333, 52.013426859997594], [5.4600341502792045, 52.01310028825879], [5.460136857402162, 52.012993490418], [5.4605441886525945, 52.012675002829376], [5.4609251524037825, 52.01224332480213], [5.461106673806793, 52.01190869026626], [5.461123787894789, 52.01166150574783], [5.461132641185078, 52.01151010400309], [5.461135075898082, 52.01146740882122], [5.46101389656796, 52.011268901155454], [5.4607194518894975, 52.01130419352109], [5.460531956166263, 52.01132679008201], [5.460031474378576, 52.01145742952462], [5.459856308967651, 52.011503314610295], [5.459150339708277, 52.01179418292711], [5.458664139390313, 52.01203519108651], [5.4581373391745585, 52.012230723818455], [5.457907088670796, 52.01213451886223], [5.457851526586962, 52.01211123708162], [5.4578426538925155, 52.011971647685286], [5.457829119589273, 52.011757908967766], [5.457977276350802, 52.01146850963307], [5.458626318996146, 52.011155221625515], [5.459150311436294, 52.010925704240975], [5.459540365372379, 52.01063082446974], [5.459782190395342, 52.01043040156323], [5.459981060033455, 52.01026568769231], [5.4600294894381705, 52.010238693252305], [5.460536989666284, 52.00995525105061], [5.460969097356521, 52.00977072355879], [5.4611337421139075, 52.00970039568756], [5.461230790473959, 52.00948097002308], [5.461237788870513, 52.009309346076385], [5.461317621206554, 52.009143302754175], [5.4615992945303695, 52.008557763021166], [5.461580063302036, 52.00808141272323], [5.46175647513144, 52.00810208143675], [5.461933886580341, 52.00804972959022], [5.462126771734036, 52.00799258591272], [5.462342395353456, 52.00792896489728], [5.462675645784572, 52.00784196169502], [5.462961581284103, 52.00776734677607], [5.463141063124499, 52.00772649659177], [5.46356963066994, 52.00762848162132], [5.463594207281466, 52.00762368394512], [5.46410691245149, 52.008280049903085], [5.464833251334552, 52.008891889110984], [5.465630981963292, 52.00945564351788], [5.466211752521834, 52.010092567262895], [5.466068126773565, 52.010473814805145], [5.4653831370395585, 52.010227107957576], [5.46461341307805, 52.009811350151196], [5.463968699084077, 52.0093014177959], [5.4629437760878234, 52.00867459426623], [5.462458773299003, 52.00865159982939], [5.4626083746063285, 52.00924275271126], [5.462646674989001, 52.00955029325995], [5.462880097493051, 52.01058461491722], [5.462695157814895, 52.01144591435873], [5.4626691532566785, 52.012487431347964], [5.462875989827783, 52.013407737191564], [5.462786364092383, 52.013563406473324], [5.462675620250032, 52.01375587768759], [5.462276377332868, 52.01360501608502], [5.461334953653759, 52.013422202260685], [5.4609420737215055, 52.013671591693445]]]}}, {"type": "Feature", "id": "58471", "properties": {"OBJECTID": "58471", "LOCATIEGROEP_ID": "nl.imow-pv26.gebiedengroep.003000000000000000000811", "SYMBOOL_CODE": "vsgt114", "GROEP": "aardkundig waardevol gebied", "9e750651-8e97-4bc6-b09e-fc30b5f3e83c_id": "9131", "LOCATIE_ID": "nl.imow-pv26.gebied.003000000000000000000811e116803", "DOCUMENT_URL": "https://omgevingsbeleid.provincie-utrecht.nl/home?d=/akn/nl/act/pv26/2022/omgevingsverordening/nld@1089&o=", "NAAM": "Gebied aardkundige waarden", "TYPE": "erfgoed", "LOCATIEGROEP_NAAM": "Gebied aardkundige waarden", "LOCATIE_NAAM": null}, "geometry": {"type": "Polygon", "coordinates": [[[5.559265834109011, 51.96668722357308], [5.560014583500848, 51.96740908235151], [5.56085158655339, 51.96766207985109], [5.561328031776714, 51.96780437717401], [5.561560194552642, 51.96797087203005], [5.561316417050078, 51.9681221814765], [5.560930706878049, 51.96816247127352], [5.559836574910355, 51.9679416347046], [5.55880591959039, 51.96749824610948], [5.558701902324428, 51.967204447604665], [5.558379043802964, 51.96686330354367], [5.558180675713718, 51.9666329459307], [5.5579807626922095, 51.96660002523188], [5.557876359392332, 51.96674178616714], [5.557780730873801, 51.96702149428507], [5.557817860425079, 51.96747125526902], [5.5580274084724035, 51.96775956216786], [5.557560414454144, 51.96788816932857], [5.5573017525997335, 51.967851674438286], [5.556976822404776, 51.96744989511337], [5.556850374750811, 51.96707036190403], [5.556804069198923, 51.966877182267446], [5.556923657965358, 51.966333124066104], [5.557025780167263, 51.96612641846418], [5.55692191358932, 51.965872346013576], [5.556573981832705, 51.96569011776473], [5.555980582145395, 51.965222236491314], [5.555104810773205, 51.96489776749098], [5.554164739170442, 51.964573383358584], [5.553083031972125, 51.96420151829288], [5.552503824776114, 51.96407521435578], [5.551924445747316, 51.96390125231048], [5.5512289468223, 51.963624157055584], [5.5519211719628725, 51.96322008525531], [5.55259293732556, 51.963414275608436], [5.552621437454876, 51.963425138186395], [5.553719154527107, 51.96384348983588], [5.554767633819687, 51.9641514543218], [5.555939377140488, 51.96452317463794], [5.557484777442876, 51.96506912709712], [5.55800051483051, 51.96540999345945], [5.55832363291811, 51.965822639452256], [5.5585302001501065, 51.966028905477486], [5.5587752265252215, 51.9663717447614], [5.559265834109011, 51.96668722357308]]]}}, {"type": "Feature", "id": "58472", "properties": {"OBJECTID": "58472", "LOCATIEGROEP_ID": "nl.imow-pv26.gebiedengroep.003000000000000000000811", "SYMBOOL_CODE": "vsgt114", "GROEP": "aardkundig waardevol gebied", "9e750651-8e97-4bc6-b09e-fc30b5f3e83c_id": "9132", "LOCATIE_ID": "nl.imow-pv26.gebied.003000000000000000000811e116854", "DOCUMENT_URL": "https://omgevingsbeleid.provincie-utrecht.nl/home?d=/akn/nl/act/pv26/2022/omgevingsverordening/nld@1089&o=", "NAAM": "Gebied aardkundige waarden", "TYPE": "erfgoed", "LOCATIEGROEP_NAAM": "Gebied aardkundige waarden", "LOCATIE_NAAM": null}, "geometry": {"type": "Polygon", "coordinates": [[[5.472272296821315, 52.03380069406025], [5.471969286543743, 52.033834330817065], [5.471820108574815, 52.03285193025883], [5.471721375892995, 52.03217986151827], [5.471586020414618, 52.03152017758603], [5.471367891654065, 52.031034131160084], [5.471286996208125, 52.03063589889229], [5.4713842793393885, 52.03042742188383], [5.471706395264049, 52.030522401736754], [5.47219300216057, 52.03113942618442], [5.472411532141705, 52.03194567221782], [5.4728083946011665, 52.03289615497468], [5.473053439633405, 52.03351363002649], [5.473073355304635, 52.0335638949509], [5.473150957163052, 52.03377673952757], [5.472976727443953, 52.033756364958286], [5.4726000202500975, 52.033712543669104], [5.472272296821315, 52.03380069406025]]]}}, {"type": "Feature", "id": "58473", "properties": {"OBJECTID": "58473", "LOCATIEGROEP_ID": "nl.imow-pv26.gebiedengroep.003000000000000000000811", "SYMBOOL_CODE": "vsgt114", "GROEP": "aardkundig waardevol gebied", "9e750651-8e97-4bc6-b09e-fc30b5f3e83c_id": "9133", "LOCATIE_ID": "nl.imow-pv26.gebied.003000000000000000000811e116873", "DOCUMENT_URL": "https://omgevingsbeleid.provincie-utrecht.nl/home?d=/akn/nl/act/pv26/2022/omgevingsverordening/nld@1089&o=", "NAAM": "Gebied aardkundige waarden", "TYPE": "erfgoed", "LOCATIEGROEP_NAAM": "Gebied aardkundige waarden", "LOCATIE_NAAM": null}, "geometry": {"type": "Polygon", "coordinates": [[[5.448695810207933, 52.066874432403544], [5.447507673767606, 52.06808352874538], [5.447039565772504, 52.0681262007282], [5.446737170865276, 52.068525199412214], [5.446405278523506, 52.06919718842089], [5.445926068895948, 52.06953546074124], [5.445278656527867, 52.06936606114108], [5.444699956586575, 52.069094789690986], [5.443776340173716, 52.06828056969753], [5.442687305407588, 52.067140208034075], [5.442564321182685, 52.066800346665445], [5.442741565622081, 52.066643232598686], [5.44297555236481, 52.06656675017712], [5.444076412261033, 52.066040079214005], [5.44495751136104, 52.06594629928093], [5.4457699033736935, 52.06596287547705], [5.446252276646328, 52.066302077072955], [5.446555849391835, 52.0667856344996], [5.446652323507978, 52.0668534725293], [5.446900057087258, 52.06677697535503], [5.448233844867036, 52.06542699335053], [5.450028260384383, 52.06530476255434], [5.450242637938983, 52.06523541268004], [5.450443557953319, 52.06498321652105], [5.450846121770796, 52.06486843729828], [5.4511563418292726, 52.06515945510218], [5.4511799833709516, 52.065445846825966], [5.450800918508702, 52.06575155683749], [5.450553189470361, 52.065832834890415], [5.451521913849163, 52.066242829267836], [5.451770796670501, 52.06695870860057], [5.452050289304073, 52.06741680190011], [5.452050733212421, 52.0677223057753], [5.4520279169089445, 52.06800872284711], [5.451966246950897, 52.06821401713657], [5.451641118704296, 52.06834308463948], [5.451253911357776, 52.06838625028057], [5.4509671541077624, 52.068262299149794], [5.450765251243844, 52.06790439622096], [5.450880965684562, 52.06757019350104], [5.450702231780655, 52.06715500595371], [5.450306249242709, 52.066472612110346], [5.449422734267023, 52.06606733531672], [5.448695810207933, 52.066874432403544]]]}}, {"type": "Feature", "id": "58474", "properties": {"OBJECTID": "58474", "LOCATIEGROEP_ID": "nl.imow-pv26.gebiedengroep.003000000000000000000811", "SYMBOOL_CODE": "vsgt114", "GROEP": "aardkundig waardevol gebied", "9e750651-8e97-4bc6-b09e-fc30b5f3e83c_id": "9134", "LOCATIE_ID": "nl.imow-pv26.gebied.003000000000000000000811e116858", "DOCUMENT_URL": "https://omgevingsbeleid.provincie-utrecht.nl/home?d=/akn/nl/act/pv26/2022/omgevingsverordening/nld@1089&o=", "NAAM": "Gebied aardkundige waarden", "TYPE": "erfgoed", "LOCATIEGROEP_NAAM": "Gebied aardkundige waarden", "LOCATIE_NAAM": null}, "geometry": {"type": "Polygon", "coordinates": [[[5.201631768767237, 52.057098734594796], [5.200724740194565, 52.057130190680176], [5.199851752247444, 52.05701961912035], [5.19912168524024, 52.056395482865945], [5.198264937459965, 52.055864588236844], [5.196876485269285, 52.055613159693046], [5.195942116734512, 52.05551820710427], [5.19455094222918, 52.05590529691696], [5.1935127571896045, 52.05644869654609], [5.1922988673084305, 52.05672703433776], [5.191592341596212, 52.05652339819541], [5.191467447067561, 52.05619613207973], [5.191013987105505, 52.055899463161545], [5.1905595759924905, 52.05582083310771], [5.189851920646427, 52.055881946929105], [5.189295562880767, 52.05600560711464], [5.188614122313766, 52.055848724281134], [5.188286314086528, 52.055708002182875], [5.187984952504756, 52.055302561498394], [5.188140899820702, 52.05432163928099], [5.188167812364582, 52.05394790565896], [5.186965129247519, 52.05266617892528], [5.186813975348615, 52.0520235064779], [5.186649324671195, 52.051475545405594], [5.186378459057671, 52.05107381033875], [5.18588660623264, 52.05092114421042], [5.185094584531761, 52.0510173905477], [5.183915400212553, 52.051150930173684], [5.18332567697205, 52.051247522356974], [5.182479803959946, 52.05157682734024], [5.1815734225357755, 52.05167286030329], [5.180466408889482, 52.051410637229985], [5.180290853891398, 52.05133441563416], [5.18116291139096, 52.0510485487176], [5.181831449755945, 52.0510280182508], [5.182412991929149, 52.050801289553824], [5.183178910469787, 52.050639933196955], [5.184225869402895, 52.050571247184955], [5.185396930708046, 52.05028586348781], [5.186180182245392, 52.050178751522246], [5.186514135391608, 52.050238965695165], [5.1869618789613146, 52.05041867140435], [5.187171060064299, 52.05084741760472], [5.187196478727125, 52.05106436164962], [5.187413643464185, 52.051672056059154], [5.187578971180608, 52.05207360999511], [5.187911034638755, 52.05256220784791], [5.188287870674521, 52.052871927210504], [5.188975375058418, 52.05353915756509], [5.189290504639636, 52.05388673559238], [5.189641155739649, 52.05415483661362], [5.189745181737677, 52.05450205936405], [5.189392054428149, 52.05479066830577], [5.18908623872313, 52.05499259360901], [5.189096937658032, 52.055223983185385], [5.189483449672044, 52.05534030896007], [5.189964627890835, 52.05526881485573], [5.190410750437236, 52.055168336570254], [5.190949963558567, 52.05523430938644], [5.191572462935508, 52.05502566985722], [5.192088406085888, 52.05504821329864], [5.192521967989361, 52.05513569226354], [5.194616272768218, 52.05446473777031], [5.194533946242498, 52.05391436091857], [5.194445180593799, 52.053122723880826], [5.193915145516771, 52.05136674064826], [5.1937193499700935, 52.050307540106665], [5.193780255906894, 52.04946053830662], [5.1936688324895455, 52.04874913569262], [5.193386338821328, 52.04788392586093], [5.1926158276324665, 52.04735321185009], [5.1909575900281215, 52.04692690682346], [5.190447581410833, 52.04574364381068], [5.190477604879116, 52.045426027160126], [5.190826630092576, 52.044152427667186], [5.190665061536923, 52.04184026275352], [5.19000953491698, 52.0412214864114], [5.189267102343012, 52.040849634749144], [5.188927663923806, 52.03994901202759], [5.1883891784674185, 52.03876568177309], [5.188478074160893, 52.038077566407836], [5.188595590642152, 52.03738948117152], [5.189142332055984, 52.03670213594393], [5.189774909873783, 52.03601492298126], [5.190980446116819, 52.03516982393316], [5.192185797826055, 52.03436001753494], [5.19275615405926, 52.034802160160915], [5.1923543225244915, 52.035087399636645], [5.190544402652277, 52.03672566019235], [5.189565489734001, 52.038082918538024], [5.189305673095969, 52.03859427505042], [5.189560353239161, 52.03924768035347], [5.189816036688613, 52.03967166499813], [5.190214511505937, 52.04016647151663], [5.190613536982022, 52.04053775386854], [5.191269788124278, 52.04098710213309], [5.191639433562753, 52.041534804749816], [5.191864845547488, 52.04234699409752], [5.19209080359098, 52.04303564219399], [5.192000862618374, 52.043970832190844], [5.192023556062988, 52.04533329661075], [5.192506736049771, 52.04611061452289], [5.1935648182554255, 52.04632413549558], [5.194306936013979, 52.04680184798119], [5.194876411032207, 52.04749105190659], [5.195027847752215, 52.048053828518995], [5.195214082527313, 52.049682156351125], [5.195503354174451, 52.052316590268575], [5.195751575754219, 52.053838355182926], [5.195748644666181, 52.052610360501944], [5.195964893767186, 52.05188359228124], [5.19660727810584, 52.05119254904553], [5.197434030737743, 52.050580642860325], [5.198757586613102, 52.05008341440867], [5.199610941296833, 52.04989204378121], [5.200961641625449, 52.0496926904686], [5.20272280486995, 52.049879437522975], [5.204851519346618, 52.05053102569871], [5.206594598137806, 52.051690100189745], [5.207431122187385, 52.05250611399219], [5.206050498783727, 52.053064677803036], [5.204785834776186, 52.053053964102084], [5.203282809971688, 52.052263174677265], [5.201821509181934, 52.05170021693837], [5.200529054888764, 52.051549244362356], [5.199107327943335, 52.05173096159347], [5.198139511210824, 52.052097350038096], [5.1975103876756465, 52.053016199248646], [5.197634068630375, 52.05401071547683], [5.198215843735356, 52.05421314480969], [5.200090206470247, 52.0545577995008], [5.2023891251646415, 52.055332353089725], [5.203065912863701, 52.055669719713784], [5.202194691562863, 52.0564254765706], [5.2012884959225465, 52.05625962269734], [5.201631768767237, 52.057098734594796]]]}}, {"type": "Feature", "id": "58492", "properties": {"OBJECTID": "58492", "LOCATIEGROEP_ID": "nl.imow-pv26.gebiedengroep.003000000000000000000811", "SYMBOOL_CODE": "vsgt114", "GROEP": "aardkundig waardevol gebied", "9e750651-8e97-4bc6-b09e-fc30b5f3e83c_id": "9150", "LOCATIE_ID": "nl.imow-pv26.gebied.003000000000000000000811e116866", "DOCUMENT_URL": "https://omgevingsbeleid.provincie-utrecht.nl/home?d=/akn/nl/act/pv26/2022/omgevingsverordening/nld@1089&o=", "NAAM": "Gebied aardkundige waarden", "TYPE": "erfgoed", "LOCATIEGROEP_NAAM": "Gebied aardkundige waarden", "LOCATIE_NAAM": null}, "geometry": {"type": "Polygon", "coordinates": [[[5.330838535619046, 52.05045397096944], [5.331014038859672, 52.050540277263316], [5.331467981428854, 52.05076351361566], [5.331948661992893, 52.05109629846623], [5.332448371316209, 52.05133639608058], [5.334154928751208, 52.05176242782426], [5.334843832740176, 52.05191525388878], [5.336231886393676, 52.05222342398404], [5.338030478445592, 52.052729477996486], [5.339240305915756, 52.05315915596402], [5.33955045036709, 52.053269385382855], [5.339570038089437, 52.05327585570731], [5.339684577580541, 52.053312977637894], [5.341306674610068, 52.05383886394046], [5.341997516600211, 52.054164660329924], [5.3422511444692775, 52.054309132522356], [5.342701255423162, 52.054565741626504], [5.343496819287939, 52.05497864502822], [5.343884359449781, 52.055424542246776], [5.344009313279128, 52.05554255644125], [5.3443402589477484, 52.0558552910913], [5.343825477014662, 52.05600706470171], [5.3434580991948355, 52.05591788448843], [5.343214756521921, 52.055709109092206], [5.342733919302186, 52.05539996413769], [5.3422543887007485, 52.055161311172476], [5.341696302860003, 52.054883590816466], [5.34122684867753, 52.05461124122844], [5.340695226371852, 52.054302634374494], [5.3399850131138376, 52.05400686975351], [5.33958493765878, 52.05384014219324], [5.338360648100213, 52.05348376860122], [5.3366172757742, 52.053069592525816], [5.33418935869691, 52.05232250850452], [5.333288411326872, 52.05213588572578], [5.331962299550274, 52.05186113658104], [5.330886365560866, 52.05172214913684], [5.330239545362621, 52.05163224576928], [5.329976955155556, 52.05159587888967], [5.330414897519509, 52.05113769814217], [5.330565877565682, 52.05044120329317], [5.330650518604544, 52.050337880904834], [5.330838535619046, 52.05045397096944]]]}}, {"type": "Feature", "id": "58475", "properties": {"OBJECTID": "58475", "LOCATIEGROEP_ID": "nl.imow-pv26.gebiedengroep.003000000000000000000811", "SYMBOOL_CODE": "vsgt114", "GROEP": "aardkundig waardevol gebied", "9e750651-8e97-4bc6-b09e-fc30b5f3e83c_id": "9135", "LOCATIE_ID": "nl.imow-pv26.gebied.003000000000000000000811e116815", "DOCUMENT_URL": "https://omgevingsbeleid.provincie-utrecht.nl/home?d=/akn/nl/act/pv26/2022/omgevingsverordening/nld@1089&o=", "NAAM": "Gebied aardkundige waarden", "TYPE": "erfgoed", "LOCATIEGROEP_NAAM": "Gebied aardkundige waarden", "LOCATIE_NAAM": null}, "geometry": {"type": "Polygon", "coordinates": [[[5.523256140148312, 51.993733531726996], [5.523583175941784, 51.9941749121116], [5.5239665850512365, 51.994584282028775], [5.524369763351137, 51.99497111224879], [5.524938087734465, 51.99540809934535], [5.525394421716731, 51.99583060065783], [5.5257313184191315, 51.9961012331751], [5.525541282591857, 51.996495947575774], [5.525025936833912, 51.996403462631235], [5.524899728098654, 51.99634336290127], [5.5244153465353145, 51.99605763839532], [5.523852617106124, 51.99554177115449], [5.5234038479058105, 51.99527890289648], [5.523010688689458, 51.99473231112862], [5.522509835972441, 51.9944115529054], [5.5218584101347785, 51.99382445701695], [5.521364344925233, 51.99340122099748], [5.520807073716949, 51.99279350968307], [5.520290734821918, 51.99181026854777], [5.519706715042242, 51.99132757169904], [5.519010177284367, 51.99088806950544], [5.518444109656798, 51.99041679713736], [5.5178604390552835, 51.98994592808852], [5.517667466280625, 51.989747090441234], [5.516756631150851, 51.989459658764716], [5.516146007113254, 51.98925946274291], [5.515169361400355, 51.98905965375227], [5.514273848062452, 51.98878442805299], [5.513621732669421, 51.98828296224317], [5.513295114913092, 51.98783135187483], [5.513089933930578, 51.98717874279873], [5.513088240217297, 51.98657613240145], [5.5129646115682736, 51.985998765495886], [5.512827254186538, 51.98536791546376], [5.512607999658911, 51.98469954612236], [5.512479573106249, 51.984068155737], [5.511788722727229, 51.98285975550043], [5.512632600214277, 51.98266665434571], [5.513323612177131, 51.98394093285495], [5.513567103847844, 51.98420942676441], [5.513731137720335, 51.984567537003365], [5.513964796365361, 51.98499609314372], [5.514028059231203, 51.98548881968351], [5.514184395448205, 51.985922132625866], [5.514267508218107, 51.98654975902904], [5.514595140770835, 51.98735288422262], [5.514800258352257, 51.98798037778466], [5.515574481390554, 51.98850682569464], [5.516836225420805, 51.98885695893064], [5.51764742522672, 51.98916438249562], [5.518327767103385, 51.989525803690256], [5.519356783227118, 51.99007363050667], [5.5200092701519345, 51.99034099408097], [5.521499933453694, 51.990548670399725], [5.523262132861023, 51.990592438020215], [5.5238633810125854, 51.99076674005507], [5.5242678644923995, 51.99115389286733], [5.523541722625328, 51.99150114168286], [5.523187835771626, 51.991493003972934], [5.522201100111356, 51.991536997257], [5.521402889707375, 51.99155161848218], [5.521424832266692, 51.991780540096045], [5.521726327639215, 51.99202805312407], [5.522607921948949, 51.99248333404827], [5.523007932612982, 51.99264229562606], [5.523532793739907, 51.99284862253411], [5.524174099827501, 51.99299023144222], [5.524836664564351, 51.99309780971679], [5.526349993076108, 51.99327200700172], [5.527018871801826, 51.99325371317179], [5.52786196453628, 51.99344613252288], [5.528597073555436, 51.993555544224265], [5.529435931247617, 51.993827161138135], [5.529719789770867, 51.994347825436456], [5.528845951099185, 51.9943720443488], [5.528107011568509, 51.994308352618575], [5.527424318916091, 51.9942117913277], [5.526744405456075, 51.994104365070044], [5.526008978592147, 51.993983095768776], [5.525200216297704, 51.99383797251614], [5.524833697529803, 51.99377161124715], [5.523985271166041, 51.99367072990084], [5.52328268163205, 51.993608511532514], [5.523256140148312, 51.993733531726996]]]}}, {"type": "Feature", "id": "58476", "properties": {"OBJECTID": "58476", "LOCATIEGROEP_ID": "nl.imow-pv26.gebiedengroep.003000000000000000000811", "SYMBOOL_CODE": "vsgt114", "GROEP": "aardkundig waardevol gebied", "9e750651-8e97-4bc6-b09e-fc30b5f3e83c_id": "9136", "LOCATIE_ID": "nl.imow-pv26.gebied.003000000000000000000811e116911", "DOCUMENT_URL": "https://omgevingsbeleid.provincie-utrecht.nl/home?d=/akn/nl/act/pv26/2022/omgevingsverordening/nld@1089&o=", "NAAM": "Gebied aardkundige waarden", "TYPE": "erfgoed", "LOCATIEGROEP_NAAM": "Gebied aardkundige waarden", "LOCATIE_NAAM": null}, "geometry": {"type": "Polygon", "coordinates": [[[5.380644022768399, 52.11998931186212], [5.380718983411808, 52.12010138703169], [5.380783222576696, 52.12024642050632], [5.380847447556199, 52.120391462929646], [5.380783181958218, 52.12053649856703], [5.380579665283216, 52.12066833226544], [5.380354748753121, 52.12075402011263], [5.380161968928191, 52.120839709408365], [5.3799905918998965, 52.12093859402244], [5.379904885732077, 52.12109680426138], [5.379641615338157, 52.12122462405933], [5.379339050135243, 52.12135605387442], [5.379144424023572, 52.12145275165084], [5.378858118146049, 52.12160515026742], [5.378560142945324, 52.121684052650764], [5.378059385529405, 52.121512399121954], [5.3777803734254315, 52.12139722356356], [5.377520565939737, 52.12120311646605], [5.377484473143233, 52.1210570768668], [5.377368976864236, 52.12091777175162], [5.377244825007537, 52.12076802176925], [5.377264012220745, 52.120562926657136], [5.377286807621694, 52.12028237774108], [5.37741141703532, 52.12013267519634], [5.3776427771039685, 52.120037762813155], [5.378141062503514, 52.119993976078966], [5.378206328408941, 52.11992461175258], [5.378502920920066, 52.119917326370945], [5.378823237344368, 52.11992465635513], [5.379048648998603, 52.11992101373905], [5.379226606019006, 52.11984070008207], [5.379469825140765, 52.11978228508454], [5.379677442214704, 52.11974943817272], [5.379944385090056, 52.11970198901096], [5.380128276002696, 52.11966183264619], [5.380229109700315, 52.119665487633654], [5.380408457073721, 52.119738785852526], [5.380483404039552, 52.11983767580813], [5.380644022768399, 52.11998931186212]]]}}, {"type": "Feature", "id": "58479", "properties": {"OBJECTID": "58479", "LOCATIEGROEP_ID": "nl.imow-pv26.gebiedengroep.003000000000000000000811", "SYMBOOL_CODE": "vsgt114", "GROEP": "aardkundig waardevol gebied", "9e750651-8e97-4bc6-b09e-fc30b5f3e83c_id": "9137", "LOCATIE_ID": "nl.imow-pv26.gebied.003000000000000000000811e116904", "DOCUMENT_URL": "https://omgevingsbeleid.provincie-utrecht.nl/home?d=/akn/nl/act/pv26/2022/omgevingsverordening/nld@1089&o=", "NAAM": "Gebied aardkundige waarden", "TYPE": "erfgoed", "LOCATIEGROEP_NAAM": "Gebied aardkundige waarden", "LOCATIE_NAAM": null}, "geometry": {"type": "Polygon", "coordinates": [[[5.376322774385805, 52.11586300150605], [5.376433180001856, 52.11609842483137], [5.3765350919558115, 52.11638615736567], [5.376645517021122, 52.11654833737915], [5.376728100515993, 52.11671126984383], [5.376758262975848, 52.11690657240907], [5.377066050932828, 52.11701936210719], [5.3773719351315306, 52.117165864774115], [5.377417223947746, 52.117305370987864], [5.377281228864653, 52.11747973569504], [5.377088581354409, 52.11759829806776], [5.376895947072434, 52.11765408804478], [5.376624006595405, 52.11769591238817], [5.376386055188086, 52.11773773918017], [5.376092455429467, 52.11780396271387], [5.375987325892824, 52.117950187399934], [5.3765196056392295, 52.11810475750593], [5.376948009642954, 52.11830993667996], [5.376772371280774, 52.11847480606201], [5.376000195724469, 52.11839510276317], [5.370559063229238, 52.117772688032225], [5.3695260670969045, 52.11764161114467], [5.369704100940259, 52.117045356585564], [5.369833795206403, 52.116813979906404], [5.369820915700424, 52.116630461338694], [5.369833936548255, 52.11644693755882], [5.3698729778638885, 52.11606394718376], [5.369924895059651, 52.115872456689836], [5.36989904859208, 52.11565701987725], [5.370508204406337, 52.115697004542575], [5.370676699178778, 52.115657130374586], [5.370547395502001, 52.11485122242274], [5.370508703297963, 52.114348527789666], [5.370534793759269, 52.113869786194336], [5.370560842353083, 52.11354264498155], [5.3704573855527595, 52.11293621074917], [5.371455321702867, 52.112912411874035], [5.371636763312336, 52.11288850069965], [5.371404464749931, 52.11231364312207], [5.370786537590055, 52.11094676444713], [5.371058572423765, 52.11070479989683], [5.371287025419699, 52.11059838582792], [5.37166280895182, 52.11059327633469], [5.372161278449277, 52.11057474413974], [5.372644650220513, 52.11056550158063], [5.373052468472545, 52.110584146834135], [5.373267589204506, 52.11056909030709], [5.3737433085720525, 52.11056914492286], [5.374243493845993, 52.11036642213048], [5.374747033628082, 52.11026424625895], [5.3754267473185084, 52.11023886117437], [5.375817078261085, 52.11024641294261], [5.376109835208194, 52.110261459388006], [5.376451350052189, 52.11039667898579], [5.376841653412607, 52.11053190182152], [5.377390526122797, 52.11071970722527], [5.377549075938791, 52.11085490851491], [5.377561214629666, 52.11116283815818], [5.3775611079050405, 52.1116660309476], [5.377508182221115, 52.11176571250793], [5.377454365870951, 52.11200117557191], [5.377100237562104, 52.112258580318255], [5.377100558710084, 52.112258670225266], [5.377100179121936, 52.112258787037156], [5.3772996455704885, 52.11236276778705], [5.377461220544397, 52.112440643997466], [5.377756269771753, 52.112596393541345], [5.377910838136781, 52.1126785918043], [5.378149682801061, 52.11284731465098], [5.377952872824271, 52.113227959031875], [5.377805245262416, 52.1135999604768], [5.377615460332851, 52.11400655312307], [5.376637137505419, 52.11409887637871], [5.376483279584852, 52.11433558835861], [5.376346521355467, 52.11448813815555], [5.37625250456999, 52.11459860095848], [5.376103547338438, 52.114898830983826], [5.3760935255765885, 52.11510443926525], [5.37611045154976, 52.115381702275485], [5.376118884568968, 52.11564327145911], [5.376322774385805, 52.11586300150605]]]}}, {"type": "Feature", "id": "58480", "properties": {"OBJECTID": "58480", "LOCATIEGROEP_ID": "nl.imow-pv26.gebiedengroep.003000000000000000000811", "SYMBOOL_CODE": "vsgt114", "GROEP": "aardkundig waardevol gebied", "9e750651-8e97-4bc6-b09e-fc30b5f3e83c_id": "9138", "LOCATIE_ID": "nl.imow-pv26.gebied.003000000000000000000811e116952", "DOCUMENT_URL": "https://omgevingsbeleid.provincie-utrecht.nl/home?d=/akn/nl/act/pv26/2022/omgevingsverordening/nld@1089&o=", "NAAM": "Gebied aardkundige waarden", "TYPE": "erfgoed", "LOCATIEGROEP_NAAM": "Gebied aardkundige waarden", "LOCATIE_NAAM": null}, "geometry": {"type": "Polygon", "coordinates": [[[5.131214183875571, 52.17609667705718], [5.129418554382203, 52.17714014334275], [5.1272277673164615, 52.175532117168096], [5.127479594825228, 52.1753621252899], [5.1270568734576045, 52.17511226477724], [5.127502428284148, 52.174837369885495], [5.126936523250129, 52.17442376621276], [5.126935698428609, 52.174417302067134], [5.127604904674256, 52.174058835372314], [5.129652072588148, 52.17552471223925], [5.1301129252857, 52.175287284636404], [5.131214183875571, 52.17609667705718]]]}}, {"type": "Feature", "id": "58481", "properties": {"OBJECTID": "58481", "LOCATIEGROEP_ID": "nl.imow-pv26.gebiedengroep.003000000000000000000811", "SYMBOOL_CODE": "vsgt114", "GROEP": "aardkundig waardevol gebied", "9e750651-8e97-4bc6-b09e-fc30b5f3e83c_id": "9139", "LOCATIE_ID": "nl.imow-pv26.gebied.003000000000000000000811e116957", "DOCUMENT_URL": "https://omgevingsbeleid.provincie-utrecht.nl/home?d=/akn/nl/act/pv26/2022/omgevingsverordening/nld@1089&o=", "NAAM": "Gebied aardkundige waarden", "TYPE": "erfgoed", "LOCATIEGROEP_NAAM": "Gebied aardkundige waarden", "LOCATIE_NAAM": null}, "geometry": {"type": "Polygon", "coordinates": [[[4.841574711263082, 52.19176785775729], [4.841343625388441, 52.191790428121614], [4.841202576498827, 52.191789775896495], [4.84108764610654, 52.191749840718465], [4.840794461382841, 52.19160663479437], [4.840540140733365, 52.191432069028735], [4.840414237210234, 52.1912423504646], [4.840414527157117, 52.19121870424946], [4.840787912887542, 52.19109433962265], [4.8410070537588625, 52.19100078140706], [4.8410731911511675, 52.1908355904127], [4.841138570630076, 52.190733447041666], [4.841178381903754, 52.19062329387573], [4.841230728389713, 52.19053684622498], [4.841360409879933, 52.19041923503979], [4.841412852242044, 52.19032490523032], [4.84143954824289, 52.190238338899135], [4.84153056110844, 52.19013630481342], [4.841621573446824, 52.1900342796427], [4.84164846172074, 52.189931949109386], [4.841585509626526, 52.189837085916835], [4.84150973310306, 52.18974216341122], [4.841421532611699, 52.18961566232306], [4.8413588707663475, 52.18949716176768], [4.841321650956368, 52.18939453487366], [4.841397538179344, 52.18927840059118], [4.841592933694667, 52.18923029194276], [4.84170936050415, 52.18910794531715], [4.841801166699, 52.18897906736629], [4.841853524659085, 52.188892619477535], [4.842008544954645, 52.18879876319203], [4.8421636463070925, 52.18869702455588], [4.8424609554057145, 52.18850137868936], [4.8425267949797, 52.18835982404158], [4.842580690594517, 52.18814728952995], [4.842544238973807, 52.187981624342264], [4.8426098850073895, 52.187855833791126], [4.842470870004111, 52.187689686406294], [4.842420743277445, 52.18759489178448], [4.842409266981333, 52.18748450147444], [4.842551649591581, 52.18737483009216], [4.842893935144856, 52.18720868268729], [4.843130591476895, 52.18716140888448], [4.84327689749997, 52.187148268436225], [4.843649456357422, 52.18701869589839], [4.843850013019815, 52.18681720817961], [4.843922854521483, 52.186729316680484], [4.844150846561628, 52.18667153887083], [4.8445082626727425, 52.18679082711457], [4.844720454681853, 52.186624184168885], [4.844908894955666, 52.18630739414886], [4.844948099986079, 52.186035532795216], [4.844758677789458, 52.18587290453005], [4.844690042671007, 52.1856152431333], [4.844499817964656, 52.18551878979873], [4.844549986930034, 52.18532785346607], [4.844694514204661, 52.18524763422648], [4.844874282545998, 52.18521905131255], [4.845031752638414, 52.185058016592706], [4.845380234329463, 52.18492726744254], [4.845572244028668, 52.18487668296469], [4.845810578520317, 52.184951307530724], [4.8461689664271335, 52.18498971175662], [4.8463955202529005, 52.18504956769558], [4.846418282647389, 52.18514525993893], [4.846261530693254, 52.185247472962295], [4.846080588826687, 52.18537164057267], [4.8462841145723425, 52.18535786886849], [4.846427123345154, 52.185402637436916], [4.846305004512257, 52.18560794935005], [4.846267249445305, 52.18576218213879], [4.846299743636257, 52.18604173367587], [4.846190043973056, 52.18621034121871], [4.846453021834694, 52.18622625056902], [4.846470636333115, 52.186395621235484], [4.846485161093155, 52.18653520032287], [4.8464591885733315, 52.186704200557884], [4.846433840072434, 52.18682172007712], [4.846218257364454, 52.18684278903298], [4.846003477378499, 52.18679769123154], [4.845763153654016, 52.18689692288344], [4.845379057506812, 52.186993346123415], [4.845197748694984, 52.18714691959741], [4.845302734349316, 52.187367977356], [4.8453602183209705, 52.18755940809051], [4.84519122591425, 52.187683629170024], [4.84468663955273, 52.187700608779174], [4.844359042947166, 52.18783039134055], [4.844099151877576, 52.18793974905407], [4.843929259452207, 52.18804260858187], [4.8438267372489685, 52.188152689784225], [4.843802746506485, 52.18827695602178], [4.843719221141509, 52.188365319554855], [4.843743318617546, 52.18849152386504], [4.8437422622545165, 52.18857820875881], [4.8436770024929325, 52.18867248059954], [4.84357309165218, 52.18878233946968], [4.8434957754524355, 52.18881350451147], [4.843456053015875, 52.188915776358684], [4.843475460315497, 52.189171144364394], [4.84345134482594, 52.189301917287324], [4.84346282426352, 52.18941229847758], [4.843461190803741, 52.189546266830504], [4.843523858309785, 52.18966476627649], [4.843560410904196, 52.18982255803034], [4.843558873807505, 52.189948644298504], [4.8435705311142, 52.190043270233204], [4.843608140964765, 52.19011436810776], [4.843593490894184, 52.19026404154765], [4.84361760364433, 52.19039024590974], [4.843574806520768, 52.190618677839225], [4.843562365279635, 52.19071310291384], [4.843548402022017, 52.190807610857554], [4.8434062991122, 52.190893646126064], [4.843354037924694, 52.19097221259903], [4.843263042137679, 52.191074248146656], [4.843261504143743, 52.19120033438206], [4.843209434539949, 52.19126314562413], [4.8430803470395345, 52.19133347543555], [4.842964372795103, 52.19138022699155], [4.842706951048397, 52.19145784724809], [4.842628859642533, 52.19155205930238], [4.842499000247997, 52.1916854360721], [4.8424084825342835, 52.1917480605775], [4.8421647498453035, 52.19175481814149], [4.84203642996525, 52.19176210819376], [4.841869730595952, 52.191761338318145], [4.841664570025024, 52.191760390492234], [4.841574711263082, 52.19176785775729]]]}}, {"type": "Feature", "id": "58493", "properties": {"OBJECTID": "58493", "LOCATIEGROEP_ID": "nl.imow-pv26.gebiedengroep.003000000000000000000811", "SYMBOOL_CODE": "vsgt114", "GROEP": "aardkundig waardevol gebied", "9e750651-8e97-4bc6-b09e-fc30b5f3e83c_id": "9151", "LOCATIE_ID": "nl.imow-pv26.gebied.003000000000000000000811e116944", "DOCUMENT_URL": "https://omgevingsbeleid.provincie-utrecht.nl/home?d=/akn/nl/act/pv26/2022/omgevingsverordening/nld@1089&o=", "NAAM": "Gebied aardkundige waarden", "TYPE": "erfgoed", "LOCATIEGROEP_NAAM": "Gebied aardkundige waarden", "LOCATIE_NAAM": null}, "geometry": {"type": "Polygon", "coordinates": [[[5.464533789479173, 52.15847042890746], [5.464176560892502, 52.15901290458674], [5.463983389412099, 52.15930622583916], [5.463492504991609, 52.15992759257917], [5.463067054941692, 52.16046611830784], [5.461230966191851, 52.16082399998773], [5.459568092839993, 52.161013456847314], [5.459394592335781, 52.16103321997346], [5.459385208631321, 52.16100544406271], [5.45910319011475, 52.160171348743944], [5.4595228881235585, 52.160049565907876], [5.459924470895983, 52.15993304171597], [5.461384384507459, 52.15947081651544], [5.461711871337866, 52.15936713170073], [5.4633059734172695, 52.1588607747832], [5.463934087884276, 52.158741465761494], [5.464444697026533, 52.15844923095589], [5.4646100614184645, 52.15835458732611], [5.464533789479173, 52.15847042890746]]]}}, {"type": "Feature", "id": "58482", "properties": {"OBJECTID": "58482", "LOCATIEGROEP_ID": "nl.imow-pv26.gebiedengroep.003000000000000000000811", "SYMBOOL_CODE": "vsgt114", "GROEP": "aardkundig waardevol gebied", "9e750651-8e97-4bc6-b09e-fc30b5f3e83c_id": "9140", "LOCATIE_ID": "nl.imow-pv26.gebied.003000000000000000000811e116860", "DOCUMENT_URL": "https://omgevingsbeleid.provincie-utrecht.nl/home?d=/akn/nl/act/pv26/2022/omgevingsverordening/nld@1089&o=", "NAAM": "Gebied aardkundige waarden", "TYPE": "erfgoed", "LOCATIEGROEP_NAAM": "Gebied aardkundige waarden", "LOCATIE_NAAM": null}, "geometry": {"type": "Polygon", "coordinates": [[[5.436736094822459, 52.044617011543195], [5.436847955305204, 52.045180886001546], [5.4366382947404235, 52.0455848722447], [5.43615638204873, 52.04566127525642], [5.435600127153366, 52.045577683051], [5.435155001345198, 52.04537972336224], [5.435068145114405, 52.04505970196218], [5.434857712077602, 52.04475495655449], [5.434906927524901, 52.04454156829687], [5.434918972243037, 52.044259598027224], [5.433831247929318, 52.04410000233887], [5.433460752281427, 52.04434400485789], [5.432966299109552, 52.04423751011826], [5.432410106465828, 52.044192003322244], [5.4319404706049195, 52.044176948527145], [5.431606880125215, 52.04426852008795], [5.43160704701574, 52.04443617486624], [5.431520800938846, 52.04470292004911], [5.431805187630097, 52.044847610397454], [5.432101905665517, 52.04494656394053], [5.431806373292156, 52.045173284364665], [5.431531037866952, 52.04508853217148], [5.431179393899969, 52.04513580703659], [5.4310266793832875, 52.04533386278822], [5.430644607092014, 52.04554143199604], [5.43013992095525, 52.04545676126184], [5.429879847392379, 52.04532485710084], [5.429420198054979, 52.04512282738899], [5.429012129477866, 52.04487911771051], [5.428307588899676, 52.04478792191593], [5.42834443256739, 52.04452880934638], [5.428579096152048, 52.044368693861436], [5.428480090414165, 52.04422393960705], [5.4283934535600595, 52.04407155902263], [5.4286528429792815, 52.043919056593175], [5.42918424945145, 52.04391886759425], [5.429468392639949, 52.04380445501761], [5.429517690441202, 52.04366726100408], [5.429529877466799, 52.04348436693354], [5.429715132971025, 52.04335474559261], [5.429986932680888, 52.04326320193093], [5.430369983108094, 52.043209717273605], [5.430271003573647, 52.04309544310742], [5.430542630268517, 52.042828621443], [5.430962757354272, 52.04277512114862], [5.4312471219953675, 52.04289694718629], [5.431556058046385, 52.04288158699046], [5.431852609954993, 52.04282813017582], [5.432186089309472, 52.042637491185424], [5.43237112530172, 52.04230211031325], [5.432531631849062, 52.04215725922214], [5.43285297710884, 52.04219523515748], [5.433038288131203, 52.04213420566383], [5.433371678408237, 52.0418673532836], [5.4338040894969195, 52.041752871767294], [5.434657266328263, 52.04220214122252], [5.435262872812004, 52.042270482893656], [5.435646270475266, 52.04253704690538], [5.435968020829468, 52.042940802566946], [5.435659334149001, 52.0431847953414], [5.435412283946369, 52.0432915767512], [5.435659541029225, 52.04337530684619], [5.4358697756004455, 52.043512387114156], [5.435969120128134, 52.043946722338106], [5.436377041712584, 52.04403037506039], [5.436736094822459, 52.044617011543195]]]}}, {"type": "Feature", "id": "58483", "properties": {"OBJECTID": "58483", "LOCATIEGROEP_ID": "nl.imow-pv26.gebiedengroep.003000000000000000000811", "SYMBOOL_CODE": "vsgt114", "GROEP": "aardkundig waardevol gebied", "9e750651-8e97-4bc6-b09e-fc30b5f3e83c_id": "9141", "LOCATIE_ID": "nl.imow-pv26.gebied.003000000000000000000811e116901", "DOCUMENT_URL": "https://omgevingsbeleid.provincie-utrecht.nl/home?d=/akn/nl/act/pv26/2022/omgevingsverordening/nld@1089&o=", "NAAM": "Gebied aardkundige waarden", "TYPE": "erfgoed", "LOCATIEGROEP_NAAM": "Gebied aardkundige waarden", "LOCATIE_NAAM": null}, "geometry": {"type": "Polygon", "coordinates": [[[5.355303645450146, 52.10697741648982], [5.355656827491678, 52.107126657923416], [5.356290331629227, 52.107275126881646], [5.357051985670598, 52.10744693997253], [5.357384918345438, 52.10754954132163], [5.35813202073399, 52.10766488115238], [5.358277983018178, 52.10767756297206], [5.3586531498545265, 52.107710792667625], [5.358844502391283, 52.10773443209037], [5.3591161181161295, 52.10776820174183], [5.359421728440359, 52.10780590649228], [5.359256778856467, 52.107880306336334], [5.359135716864805, 52.10815047495385], [5.359110136128497, 52.108207488757074], [5.359052133273606, 52.10833695610193], [5.359165701111065, 52.10873302115906], [5.35844752223583, 52.10862162267771], [5.358456528303246, 52.10846264515628], [5.357246553319239, 52.10811884223397], [5.356465759662398, 52.10789057183812], [5.355526489333961, 52.10760663626], [5.354837814969497, 52.10744635589071], [5.3541124029460345, 52.10730880087559], [5.3533505313563925, 52.10711449872105], [5.352531873849476, 52.10695332276967], [5.352540440206885, 52.10706933339695], [5.35212131005972, 52.106989720107435], [5.3517493659672315, 52.10691882883514], [5.351024017735605, 52.10672452255624], [5.350863966178275, 52.10665032253787], [5.350355784927473, 52.106415075324065], [5.350560407625206, 52.10608455114515], [5.351194053964383, 52.1060162120296], [5.351862371724228, 52.10619897766294], [5.3519159612541864, 52.106210507273566], [5.352256194608394, 52.10628307842046], [5.352346955761083, 52.10630248329937], [5.3526066551236315, 52.10638260658786], [5.352887015241224, 52.106302641013585], [5.353124888094111, 52.10631309982443], [5.353408155224112, 52.106325260860004], [5.35354430140188, 52.10633990512846], [5.353835757922972, 52.10637116696565], [5.354141543823146, 52.10644877421567], [5.354467616475468, 52.10653143753537], [5.3546718950209184, 52.106634855816175], [5.354688323995251, 52.10664441457111], [5.354988570378956, 52.10681836047706], [5.355303645450146, 52.10697741648982]]]}}, {"type": "Feature", "id": "58484", "properties": {"OBJECTID": "58484", "LOCATIEGROEP_ID": "nl.imow-pv26.gebiedengroep.003000000000000000000811", "SYMBOOL_CODE": "vsgt114", "GROEP": "aardkundig waardevol gebied", "9e750651-8e97-4bc6-b09e-fc30b5f3e83c_id": "9142", "LOCATIE_ID": "nl.imow-pv26.gebied.003000000000000000000811e116925", "DOCUMENT_URL": "https://omgevingsbeleid.provincie-utrecht.nl/home?d=/akn/nl/act/pv26/2022/omgevingsverordening/nld@1089&o=", "NAAM": "Gebied aardkundige waarden", "TYPE": "erfgoed", "LOCATIEGROEP_NAAM": "Gebied aardkundige waarden", "LOCATIE_NAAM": null}, "geometry": {"type": "Polygon", "coordinates": [[[5.298496609265806, 52.13338591636568], [5.299700749635884, 52.13514422191695], [5.300425427065864, 52.1358073399663], [5.300852374271783, 52.136310978586714], [5.301594419248217, 52.137099645812], [5.3024109847957925, 52.137842586081526], [5.303022789342486, 52.13874631324494], [5.303521983896347, 52.13969489716645], [5.303056045333882, 52.139626311746156], [5.302371422989845, 52.1386085024305], [5.301759473248277, 52.137796332084925], [5.301091796810258, 52.13713355165262], [5.300218392087868, 52.136298712341265], [5.299514270247946, 52.13562325887571], [5.299106242801079, 52.13514293523771], [5.297884219244047, 52.13322385133603], [5.298322083579679, 52.13311645182138], [5.298496609265806, 52.13338591636568]]]}}, {"type": "Feature", "id": "58485", "properties": {"OBJECTID": "58485", "LOCATIEGROEP_ID": "nl.imow-pv26.gebiedengroep.003000000000000000000811", "SYMBOOL_CODE": "vsgt114", "GROEP": "aardkundig waardevol gebied", "9e750651-8e97-4bc6-b09e-fc30b5f3e83c_id": "9143", "LOCATIE_ID": "nl.imow-pv26.gebied.003000000000000000000811e116801", "DOCUMENT_URL": "https://omgevingsbeleid.provincie-utrecht.nl/home?d=/akn/nl/act/pv26/2022/omgevingsverordening/nld@1089&o=", "NAAM": "Gebied aardkundige waarden", "TYPE": "erfgoed", "LOCATIEGROEP_NAAM": "Gebied aardkundige waarden", "LOCATIE_NAAM": null}, "geometry": {"type": "Polygon", "coordinates": [[[4.9668824959642075, 51.963473674961236], [4.962336333199208, 51.96360247944758], [4.957225735199449, 51.96407905134064], [4.9538555325736, 51.964715407917886], [4.954267296708994, 51.96357536406304], [4.954646193242165, 51.963535492437536], [4.9550052597021645, 51.9633562909137], [4.9553565185077115, 51.96329568730727], [4.956582846304559, 51.96301307786279], [4.957015530933657, 51.962682848484235], [4.957117497597364, 51.962497549842354], [4.957752888140052, 51.962407030720904], [4.958191743180859, 51.96208885488981], [4.958564289491362, 51.96168830968841], [4.958995878312896, 51.96163791098602], [4.959714063149904, 51.96161988568934], [4.9606505806052805, 51.96146856027655], [4.961020071474036, 51.96124296262134], [4.961538857357356, 51.9611210538842], [4.9620886863433915, 51.961246828938265], [4.96254028447401, 51.961165938297476], [4.963160613713407, 51.96089997380969], [4.965450307210999, 51.96077124076164], [4.96618127792573, 51.96095036231877], [4.967336034809004, 51.96096652455603], [4.968116667389747, 51.96141287172671], [4.969351773061924, 51.96146883987295], [4.969466631087673, 51.961685865830916], [4.970757686732209, 51.96201194549154], [4.971380175989409, 51.96211042098788], [4.972263962583585, 51.96284249242869], [4.971525572965287, 51.963238741634655], [4.969406738512403, 51.96305931715344], [4.9668824959642075, 51.963473674961236]]]}}, {"type": "Feature", "id": "58486", "properties": {"OBJECTID": "58486", "LOCATIEGROEP_ID": "nl.imow-pv26.gebiedengroep.003000000000000000000811", "SYMBOOL_CODE": "vsgt114", "GROEP": "aardkundig waardevol gebied", "9e750651-8e97-4bc6-b09e-fc30b5f3e83c_id": "9144", "LOCATIE_ID": "nl.imow-pv26.gebied.003000000000000000000811e116948", "DOCUMENT_URL": "https://omgevingsbeleid.provincie-utrecht.nl/home?d=/akn/nl/act/pv26/2022/omgevingsverordening/nld@1089&o=", "NAAM": "Gebied aardkundige waarden", "TYPE": "erfgoed", "LOCATIEGROEP_NAAM": "Gebied aardkundige waarden", "LOCATIE_NAAM": null}, "geometry": {"type": "Polygon", "coordinates": [[[5.09425886136239, 52.17562866539655], [5.095532398893654, 52.175905896896815], [5.095363903829418, 52.17621304802856], [5.095130848061243, 52.176169203750405], [5.094949634768108, 52.17613857380016], [5.094814212135321, 52.17611432157906], [5.094641654937578, 52.176076863776366], [5.094463504976238, 52.176045144139195], [5.0943322069878, 52.176022905902464], [5.094169044102145, 52.17599538441476], [5.093973973228452, 52.17596248056912], [5.093041366872389, 52.175800705466095], [5.092999695219574, 52.17579279110605], [5.092518355260051, 52.175701351684275], [5.091917106623544, 52.175588219138454], [5.091916887574759, 52.175588182638826], [5.091900193883887, 52.17551724395277], [5.0902429293045905, 52.17521227845592], [5.089813336535226, 52.175134305221924], [5.089913732230016, 52.17494912768572], [5.080011774052608, 52.17306117747729], [5.085799706012652, 52.16468380389213], [5.0865119657063, 52.16483953033691], [5.086623073494218, 52.164713900890185], [5.093304059439537, 52.16636245276291], [5.0943993884598004, 52.166632683388166], [5.0942656632579295, 52.166757347191535], [5.092705360084663, 52.16938423160947], [5.092620127811211, 52.17084795925702], [5.092626849110125, 52.17084396740067], [5.092670692910613, 52.17080333439414], [5.09269305443635, 52.17076180291368], [5.092705328531656, 52.170716012938385], [5.092711537911601, 52.17066775412118], [5.092715456009855, 52.17061893233448], [5.0927209001568405, 52.17057144457135], [5.092731672991122, 52.17052719677538], [5.092751591816439, 52.1704880859371], [5.0927863876289585, 52.170456193574594], [5.092849532911319, 52.17043449232893], [5.09293027912142, 52.17042367439889], [5.093013275882391, 52.17042402506257], [5.093083993655845, 52.1704354901415], [5.093149345372027, 52.170451606560846], [5.09321502096323, 52.17046960223307], [5.093280699623932, 52.17048935951547], [5.093346060665691, 52.17051074279042], [5.093410812455914, 52.17053364347719], [5.093474619685974, 52.170557925923184], [5.093537176102894, 52.170583481512594], [5.093598161071232, 52.170610165642714], [5.093657268334981, 52.170637869698965], [5.093714191813641, 52.17066645810384], [5.093768625247751, 52.170695822243964], [5.093821897647927, 52.17072614518451], [5.093874709711564, 52.17075757247532], [5.093926754827581, 52.17079004942767], [5.0939776970305, 52.17082353925611], [5.094027215207229, 52.170857969261085], [5.0940749586538, 52.17089332059764], [5.09412063543042, 52.17092952962745], [5.0941638804487965, 52.170966541518986], [5.09420438697131, 52.17100431956181], [5.094241833700389, 52.171042818021576], [5.094275870160569, 52.171081982103935], [5.094306189668626, 52.17112176611116], [5.094333053682415, 52.17116242235747], [5.094356943810783, 52.17120406888321], [5.09437813866761, 52.17124657156201], [5.0943968874549865, 52.17128982315793], [5.094413453993217, 52.17133371647099], [5.094428131397658, 52.171378135385616], [5.094441139695961, 52.17142296360475], [5.094452786681819, 52.17146807606091], [5.094463306825222, 52.171513383456244], [5.094472978745272, 52.17155875166275], [5.094482051590609, 52.17160408243078], [5.094490818599936, 52.17164924166841], [5.094499514306161, 52.17169413108961], [5.094508358448156, 52.171738679335576], [5.094516558773226, 52.17178332485182], [5.094523690535726, 52.17182819241683], [5.094529680996808, 52.17187322792279], [5.0945343989453615, 52.17191837711684], [5.094537742405819, 52.17196358581872], [5.0945396094609, 52.172008790860055], [5.094539868957138, 52.17205392900025], [5.094538448035565, 52.172098964106894], [5.0945352156596995, 52.17214381496344], [5.094530055115803, 52.17218844532873], [5.094522791394615, 52.17223279185287], [5.0945121234265525, 52.17227686029796], [5.09449816773346, 52.17232071386752], [5.094481538146287, 52.17236437205835], [5.09446284820377, 52.17240789930633], [5.094442697123607, 52.17245131507234], [5.094421698449181, 52.17249468379295], [5.094400480580061, 52.17253803398997], [5.094379627945949, 52.1725814120527], [5.094375339794142, 52.172591081440466], [5.092542624721593, 52.17217856723066], [5.092535271044357, 52.17230487455241], [5.094869950631603, 52.172774340194934], [5.094447485962069, 52.17370687177031], [5.095551863318562, 52.173949924921644], [5.095712570824753, 52.173985293923586], [5.095565766686932, 52.174247316565754], [5.095917898904306, 52.17434486924132], [5.095658049914082, 52.17472262945395], [5.09516190978621, 52.174619596750546], [5.095122025769879, 52.174629034299045], [5.095052981599926, 52.17464443059288], [5.094983122648956, 52.17465699362602], [5.094911771381852, 52.174665265672026], [5.094837837857612, 52.17467272236504], [5.0947624344637505, 52.174679159732705], [5.094687194792349, 52.174682919049275], [5.094613723327571, 52.17468232354512], [5.094543639123679, 52.174675705478535], [5.094477358608891, 52.174661987334055], [5.094411390447573, 52.1746430029892], [5.094346503147974, 52.17461971606105], [5.094283992902589, 52.174592875767054], [5.094225155777893, 52.17456324930285], [5.094171287890356, 52.174531594878474], [5.094123656169428, 52.17449866164556], [5.0941005384986715, 52.17447271896314], [5.093901686339057, 52.17491162794695], [5.094743588634821, 52.175123360349026], [5.094826683806839, 52.175292997953925], [5.0949156164755385, 52.175345995381754], [5.095442211660156, 52.175445239542505], [5.095372771091858, 52.175599319060744], [5.094298717714331, 52.17538750980733], [5.09425886136239, 52.17562866539655]]]}}, {"type": "Feature", "id": "58487", "properties": {"OBJECTID": "58487", "LOCATIEGROEP_ID": "nl.imow-pv26.gebiedengroep.003000000000000000000811", "SYMBOOL_CODE": "vsgt114", "GROEP": "aardkundig waardevol gebied", "9e750651-8e97-4bc6-b09e-fc30b5f3e83c_id": "9145", "LOCATIE_ID": "nl.imow-pv26.gebied.003000000000000000000811e116822", "DOCUMENT_URL": "https://omgevingsbeleid.provincie-utrecht.nl/home?d=/akn/nl/act/pv26/2022/omgevingsverordening/nld@1089&o=", "NAAM": "Gebied aardkundige waarden", "TYPE": "erfgoed", "LOCATIEGROEP_NAAM": "Gebied aardkundige waarden", "LOCATIE_NAAM": null}, "geometry": {"type": "Polygon", "coordinates": [[[5.49845323617965, 51.998781524380064], [5.49847545076041, 51.99897812827775], [5.498266229595855, 51.999277739719865], [5.497782195182738, 51.99931828343335], [5.497708653028223, 51.999233576327306], [5.497765902695973, 51.99896539675504], [5.497824658481428, 51.99875306813731], [5.497746850492585, 51.998414737226824], [5.497294201850832, 51.99790929070171], [5.496833360550367, 51.99758614789234], [5.496313981770455, 51.997229639667786], [5.49566521118866, 51.99689852336475], [5.494981665626561, 51.99658006374618], [5.494422848610345, 51.99617892114207], [5.493955862259289, 51.9957417398157], [5.493481166253018, 51.99550623096624], [5.493363860068027, 51.99544819261097], [5.493530585459426, 51.99523682003856], [5.4939921007076755, 51.99500804819687], [5.49407413830372, 51.99496723924735], [5.494211614540887, 51.99489914562594], [5.494191522302891, 51.99486910751079], [5.494341986326406, 51.994904644406326], [5.494674117085321, 51.995272568069744], [5.495892244832568, 51.99623234481233], [5.4965675643976555, 51.996723541278214], [5.497222669856051, 51.99722513409706], [5.497869813969932, 51.99753378192988], [5.498177680372089, 51.99773319945526], [5.498633925681679, 51.99794285686741], [5.499259351608109, 51.99820573195483], [5.499789776414398, 51.99841279742517], [5.500094617113108, 51.9985787858583], [5.500272821759257, 51.99878084806104], [5.500108253752493, 51.99884139774233], [5.499885513817641, 51.99884498212194], [5.499602961282648, 51.998769976932124], [5.499282363803531, 51.998673094231435], [5.4988320606920915, 51.99856735478673], [5.498342561304635, 51.99843860506369], [5.49845323617965, 51.998781524380064]]]}}, {"type": "Feature", "id": "58488", "properties": {"OBJECTID": "58488", "LOCATIEGROEP_ID": "nl.imow-pv26.gebiedengroep.003000000000000000000811", "SYMBOOL_CODE": "vsgt114", "GROEP": "aardkundig waardevol gebied", "9e750651-8e97-4bc6-b09e-fc30b5f3e83c_id": "9146", "LOCATIE_ID": "nl.imow-pv26.gebied.003000000000000000000811e116950", "DOCUMENT_URL": "https://omgevingsbeleid.provincie-utrecht.nl/home?d=/akn/nl/act/pv26/2022/omgevingsverordening/nld@1089&o=", "NAAM": "Gebied aardkundige waarden", "TYPE": "erfgoed", "LOCATIEGROEP_NAAM": "Gebied aardkundige waarden", "LOCATIE_NAAM": null}, "geometry": {"type": "Polygon", "coordinates": [[[5.117409415313222, 52.167910162489584], [5.117481744180185, 52.167914201568394], [5.117554587314155, 52.167920219126714], [5.117557917787077, 52.16792057726384], [5.117599946448928, 52.167939062599864], [5.1176589839150655, 52.16796567591233], [5.117717258347318, 52.167992790778506], [5.11777460831208, 52.16802051468646], [5.117830857867511, 52.16804893711561], [5.1178858600882196, 52.16807818356371], [5.1179394536491385, 52.168108343543935], [5.117991506512518, 52.16813949764872], [5.118042605568913, 52.168171278712194], [5.118093044290693, 52.16820349865757], [5.118142837457251, 52.168236130555535], [5.118192043643734, 52.16826915656445], [5.118240707025415, 52.16830252285804], [5.118288871506498, 52.16833622054899], [5.1183365958248634, 52.16837020483188], [5.118383909322091, 52.16840445779826], [5.118430870735978, 52.16843893464249], [5.118477509354029, 52.16847362644378], [5.118523898584947, 52.16850847944182], [5.118570053153579, 52.168543475694506], [5.118616046306362, 52.16857858840498], [5.118661892876329, 52.168613781655274], [5.1187076661639415, 52.16864901966055], [5.118753410127988, 52.16868428454489], [5.1187991542183315, 52.168719540423474], [5.118844957064761, 52.1687547604658], [5.118890848171156, 52.16878989979902], [5.118936900676141, 52.16882494960136], [5.118983144083788, 52.168859864999895], [5.119029622406826, 52.16889461913047], [5.119076379658228, 52.168929185128995], [5.119123269074577, 52.16896366152929], [5.119170026686814, 52.16899819153909], [5.119216667003739, 52.16903279316738], [5.119263204804241, 52.16906743948395], [5.119309654651324, 52.169102139509995], [5.119356045940749, 52.16913686634841], [5.119402378672406, 52.16917161999928], [5.119448696805356, 52.16920638258648], [5.119495000339487, 52.169241154110004], [5.119541303945786, 52.16927592561521], [5.119585817913983, 52.16930932687702], [5.119578127564086, 52.16931204178046], [5.119519868081877, 52.169338019688475], [5.119462055731545, 52.169364987255975], [5.119404618233486, 52.16939280950059], [5.119347687354783, 52.16942145076991], [5.119291380192201, 52.16945088436658], [5.119235843077192, 52.16948108365983], [5.119181178490438, 52.16951202191941], [5.119127518255287, 52.16954365450624], [5.119074994087848, 52.169575954756915], [5.119023708470524, 52.169608895941906], [5.118973807791812, 52.16964244244366], [5.118925409098411, 52.16967657655397], [5.1188786296536986, 52.16971124461347], [5.118833601068867, 52.169746437935316], [5.118790455171764, 52.16978211188152], [5.118749264997783, 52.1698182756081], [5.118709617320292, 52.16985558429756], [5.118671423355067, 52.16989421750839], [5.118634874046486, 52.16993402288131], [5.118600175011886, 52.16997483910242], [5.118567502581177, 52.170016513779586], [5.118537033139982, 52.17005888553281], [5.118508986927045, 52.17010179308187], [5.118483540222379, 52.17014509302263], [5.1184608694154, 52.170188623975214], [5.118441180077242, 52.170232233614044], [5.118424663271029, 52.170275751604606], [5.118411495281056, 52.17031903454244], [5.118401940151144, 52.170361930234655], [5.118399419494485, 52.170392123997445], [5.118344583648402, 52.17040753030505], [5.1182775608693065, 52.17042708822294], [5.118212546627646, 52.170448079762714], [5.118150850911226, 52.17047143367149], [5.118093725290414, 52.17049806957796], [5.1180412709449135, 52.170528176466185], [5.117990546197813, 52.17055991409349], [5.117941289775665, 52.17059297627591], [5.117893517108273, 52.170627228231346], [5.117847199882291, 52.17066251710175], [5.117802368255185, 52.17069869016265], [5.117758979243387, 52.17073560351047], [5.117725837278395, 52.17076524201917], [5.117674296643694, 52.170750456036096], [5.117607157897944, 52.17073099663212], [5.117540591738356, 52.17071113404007], [5.117474906709336, 52.17069060831527], [5.117410484335091, 52.170669177656556], [5.117347676959549, 52.17064659120879], [5.117286822472854, 52.17062257112073], [5.117228287728677, 52.17059688454761], [5.1171724105087835, 52.170569271615015], [5.117119278792249, 52.17053968758816], [5.117068275872632, 52.170508589445014], [5.117019166674368, 52.17047617438512], [5.1169717017759435, 52.17044259463506], [5.116925631755659, 52.17040800242091], [5.116880765552658, 52.17037256807768], [5.1168368391275685, 52.17033644379733], [5.1167936322934136, 52.1702997818716], [5.116750910137008, 52.1702627525342], [5.1167084524716, 52.17022550807618], [5.11666600987574, 52.17018820072142], [5.1166233621085135, 52.17015099174824], [5.116580259694541, 52.17011404236765], [5.1165364970104505, 52.170077513890746], [5.1164918246355064, 52.170041558540014], [5.1164460223293196, 52.170006337592405], [5.116398899303939, 52.16997197644022], [5.116351145571826, 52.169937982327845], [5.116303127928794, 52.16990413139742], [5.116254846429481, 52.16987041466082], [5.116206330363185, 52.16983682319699], [5.116157579784605, 52.1698033480178], [5.116108638600143, 52.16976998023588], [5.11605949224728, 52.16973671082956], [5.116010184632306, 52.169703530911505], [5.115960715810011, 52.169670431493756], [5.115911129686596, 52.16963740368896], [5.115861411754155, 52.16960442948775], [5.115811605809733, 52.169571517978646], [5.115761711962633, 52.16953865118584], [5.115711759501744, 52.16950582018861], [5.115661763098974, 52.169473016032754], [5.115611737426106, 52.169440229763914], [5.115561711772125, 52.16940745246156], [5.115511686191601, 52.169374675137895], [5.115461689973485, 52.16934188887233], [5.115411752461356, 52.16930907575655], [5.115361947287876, 52.16927614608078], [5.115312274398387, 52.16924310883292], [5.115262675050982, 52.16921000881759], [5.115213061324465, 52.16917688178412], [5.115163403711031, 52.16914377260424], [5.115113628796881, 52.169110735036405], [5.115063692511871, 52.169077804930716], [5.115013521442155, 52.16904503604535], [5.114963056900622, 52.1690124641965], [5.114912240090282, 52.16898014317587], [5.114861026995786, 52.16894809984539], [5.114809344148204, 52.16891639695057], [5.114757132915179, 52.16888506131945], [5.114704334444628, 52.168854155731104], [5.114650904720868, 52.1688237070469], [5.114596227143823, 52.168794154251934], [5.114539582410016, 52.16876599900834], [5.114481308244011, 52.16873899043078], [5.1144217863309365, 52.16871285976039], [5.114361427590079, 52.16868733830645], [5.114300569911783, 52.16866214822215], [5.114239624161397, 52.168637029806234], [5.114231751066263, 52.16863373998804], [5.1142710175132375, 52.168597061066386], [5.114315336044113, 52.168561256652964], [5.114363173260187, 52.16852848929445], [5.114414686487824, 52.16849932559107], [5.114471318787023, 52.168474424992226], [5.114533364423014, 52.16845347359199], [5.114599702796965, 52.16843566886655], [5.114669242652597, 52.168420190386], [5.114740863388068, 52.16840623563083], [5.114789153232951, 52.16839742203411], [5.114879499311804, 52.16839287584727], [5.114952778386199, 52.16838980020976], [5.115026201754951, 52.16838703044978], [5.115099682759936, 52.168384395596256], [5.115173163811102, 52.168381751709106], [5.115246572864931, 52.168378927851336], [5.115319808479134, 52.16837577998222], [5.115371816810418, 52.168373194373004], [5.115392813170201, 52.168372146186634], [5.1154655148367985, 52.16836786451592], [5.1155378413219905, 52.16836278200945], [5.115609705905651, 52.168356736685276], [5.115681021812306, 52.1683495755495], [5.11575152959715, 52.16834069581387], [5.115818659054191, 52.16832489653581], [5.1158829446928324, 52.16830321256392], [5.115945989778775, 52.168278802357435], [5.116009397429101, 52.16825485133566], [5.116074525294249, 52.16823405001341], [5.116140004554923, 52.168213141606614], [5.1162052861047345, 52.16819108225189], [5.11627042676921, 52.16816814171855], [5.116335468758576, 52.168144589742205], [5.1164004687376465, 52.1681207230553], [5.116465498098629, 52.16809682044824], [5.116530584385158, 52.16807316061058], [5.116595784321283, 52.16805003128657], [5.1166611693581645, 52.168027702278444], [5.116726796223017, 52.1680064613302], [5.11679269246562, 52.16798658713111], [5.116858914816347, 52.16796836742502], [5.116925534678338, 52.1679520810014], [5.116992594223127, 52.167938006582524], [5.117060150240483, 52.16792642292417], [5.117128259467742, 52.167917617769604], [5.117197037491148, 52.16791181608109], [5.117266895002813, 52.16790878510976], [5.117337731111932, 52.16790829093629], [5.117409415313222, 52.167910162489584]]]}}, {"type": "Feature", "id": "58489", "properties": {"OBJECTID": "58489", "LOCATIEGROEP_ID": "nl.imow-pv26.gebiedengroep.003000000000000000000811", "SYMBOOL_CODE": "vsgt114", "GROEP": "aardkundig waardevol gebied", "9e750651-8e97-4bc6-b09e-fc30b5f3e83c_id": "9147", "LOCATIE_ID": "nl.imow-pv26.gebied.003000000000000000000811e116829", "DOCUMENT_URL": "https://omgevingsbeleid.provincie-utrecht.nl/home?d=/akn/nl/act/pv26/2022/omgevingsverordening/nld@1089&o=", "NAAM": "Gebied aardkundige waarden", "TYPE": "erfgoed", "LOCATIEGROEP_NAAM": "Gebied aardkundige waarden", "LOCATIE_NAAM": null}, "geometry": {"type": "Polygon", "coordinates": [[[5.5165616360484755, 52.002232728843694], [5.516455488725645, 52.002348855752764], [5.516102696143279, 52.00270960531907], [5.515857546853312, 52.0029991846582], [5.515757348543318, 52.0036059947025], [5.515947974372666, 52.00405968778802], [5.516225681760989, 52.00440823144533], [5.516487476197885, 52.00483769429635], [5.516692412651043, 52.0051995204388], [5.516861076453739, 52.005607450502744], [5.517208121594853, 52.00624073178154], [5.5175362213897206, 52.00685156262054], [5.517633582499859, 52.00730620104945], [5.518083400065609, 52.00774359465596], [5.518313898512883, 52.00788799303118], [5.517695703668098, 52.008161974612314], [5.516991515021543, 52.00837200736514], [5.5166540393132335, 52.007038484375585], [5.515768977091018, 52.005672412134686], [5.515234161330678, 52.00501967418581], [5.514812259008696, 52.00365758302085], [5.51459639242976, 52.00304465433749], [5.514364764487597, 52.002489608004005], [5.51404303900729, 52.00201526422733], [5.513919985030987, 52.00178901229428], [5.513408679734895, 52.00121600127994], [5.5133334404138195, 52.00084026924469], [5.513384051154579, 52.00071353582923], [5.513584762544158, 52.00064141489765], [5.513918308134142, 52.00063571676469], [5.5141487900411725, 52.000791915891334], [5.514368021680237, 52.00107284640372], [5.514434232071544, 52.00131208441447], [5.514902828045154, 52.00174834664475], [5.515155623930021, 52.00198428941559], [5.515528351727739, 52.00198837710478], [5.515817860260642, 52.00185773237504], [5.5161941255543, 52.00158879883687], [5.516501015124741, 52.00141206903417], [5.516821604281416, 52.00148642545399], [5.516846612674634, 52.00163386655486], [5.5165616360484755, 52.002232728843694]]]}}, {"type": "Feature", "id": "58490", "properties": {"OBJECTID": "58490", "LOCATIEGROEP_ID": "nl.imow-pv26.gebiedengroep.003000000000000000000811", "SYMBOOL_CODE": "vsgt114", "GROEP": "aardkundig waardevol gebied", "9e750651-8e97-4bc6-b09e-fc30b5f3e83c_id": "9148", "LOCATIE_ID": "nl.imow-pv26.gebied.003000000000000000000811e116964", "DOCUMENT_URL": "https://omgevingsbeleid.provincie-utrecht.nl/home?d=/akn/nl/act/pv26/2022/omgevingsverordening/nld@1089&o=", "NAAM": "Gebied aardkundige waarden", "TYPE": "erfgoed", "LOCATIEGROEP_NAAM": "Gebied aardkundige waarden", "LOCATIE_NAAM": null}, "geometry": {"type": "Polygon", "coordinates": [[[4.954860763636504, 52.23183178318058], [4.9516580748455015, 52.23548307219333], [4.948694534645346, 52.237235799868856], [4.946693266375601, 52.23849459969735], [4.946686556756267, 52.23917291025471], [4.946975832850758, 52.2397166693336], [4.949687540663622, 52.24112864775067], [4.949092435247372, 52.2417143416602], [4.947014635264811, 52.24324418944863], [4.945740771239756, 52.24541013241739], [4.94447397776557, 52.24685252588055], [4.94401888704631, 52.24816228012068], [4.944376474420031, 52.24924896289018], [4.945322610069714, 52.25042830052401], [4.939702544170354, 52.25244217411727], [4.93395715385574, 52.245003742437824], [4.925370113794715, 52.23475012345967], [4.925817651056611, 52.234209198825994], [4.926270793292475, 52.23312561209944], [4.926281556458863, 52.232085525713316], [4.922905037502465, 52.23098695739798], [4.921017208795219, 52.228401809146725], [4.923232138615357, 52.22786785494095], [4.9271491428810394, 52.226526480143384], [4.929444971489258, 52.2252691594932], [4.931374353974032, 52.22382948050709], [4.933974574775388, 52.22157833455296], [4.954860763636504, 52.23183178318058]]]}}, {"type": "Feature", "id": "58491", "properties": {"OBJECTID": "58491", "LOCATIEGROEP_ID": "nl.imow-pv26.gebiedengroep.003000000000000000000811", "SYMBOOL_CODE": "vsgt114", "GROEP": "aardkundig waardevol gebied", "9e750651-8e97-4bc6-b09e-fc30b5f3e83c_id": "9149", "LOCATIE_ID": "nl.imow-pv26.gebied.003000000000000000000811e116795", "DOCUMENT_URL": "https://omgevingsbeleid.provincie-utrecht.nl/home?d=/akn/nl/act/pv26/2022/omgevingsverordening/nld@1089&o=", "NAAM": "Gebied aardkundige waarden", "TYPE": "erfgoed", "LOCATIEGROEP_NAAM": "Gebied aardkundige waarden", "LOCATIE_NAAM": null}, "geometry": {"type": "Polygon", "coordinates": [[[5.607861262320854, 51.95478606101995], [5.607903108241178, 51.95488816069387], [5.607841721592428, 51.95501600779545], [5.6077450696468505, 51.95509613061005], [5.6074957212375915, 51.9553765009855], [5.607119911560077, 51.95558062668036], [5.606658489738019, 51.95570535622749], [5.606026391752016, 51.95578235083047], [5.60508953967107, 51.95576511762353], [5.604029283980814, 51.9556342417906], [5.60249219486167, 51.95534293718984], [5.601284561900005, 51.95517248868795], [5.600542595583099, 51.95504371553648], [5.599282125312896, 51.95491587472685], [5.5972692985999055, 51.95477167008345], [5.596220643967851, 51.95473218537791], [5.595375388859931, 51.9547484896059], [5.594242439438706, 51.95486759911681], [5.593388778420237, 51.95499907008871], [5.5922119590310775, 51.955188668775904], [5.59083130956205, 51.95540187962799], [5.58989092057313, 51.9555388414198], [5.588249222921526, 51.95577849288003], [5.587812135545698, 51.95541684353261], [5.587543985672724, 51.95516068709503], [5.587860474408554, 51.95517237100908], [5.588048149174102, 51.95512316335957], [5.5883833114508015, 51.95489042395118], [5.588609468493427, 51.95460287149623], [5.5887861076734495, 51.95430318855332], [5.588794764037971, 51.95402824166479], [5.588744248156527, 51.95379004130549], [5.58868366341732, 51.953509092173384], [5.588484980151316, 51.95330781767137], [5.5883553216733075, 51.953057537674376], [5.588037452604512, 51.952734262382315], [5.587680158236904, 51.95244159552055], [5.587392436534899, 51.95222213505429], [5.587271695943235, 51.9517579995551], [5.587217841562071, 51.95151248773909], [5.587387837828566, 51.95147525656065], [5.588094784895863, 51.9513969218249], [5.59017410280643, 51.95116650289466], [5.590916006028621, 51.951084279774015], [5.5917605356990085, 51.9509906739873], [5.593326325810187, 51.95081711592176], [5.594116052989914, 51.95077133485214], [5.5945461597902275, 51.9507544696666], [5.595044023901535, 51.95073493939081], [5.5956356196672, 51.95071173534519], [5.596848826777471, 51.9506641322483], [5.598423243477519, 51.950602340512646], [5.5995605766288765, 51.95056473287061], [5.600625535378341, 51.95064503659135], [5.6016802828725645, 51.95072454935796], [5.602375369126102, 51.950776947221804], [5.6031311028441255, 51.95097206164979], [5.603659549205245, 51.951110856405954], [5.60414349838245, 51.95120378307727], [5.604809593615189, 51.95141289408754], [5.605245081937401, 51.95158997297242], [5.605587105240751, 51.951747476840765], [5.605821136024167, 51.95187764073599], [5.606127422471057, 51.95199630842226], [5.606334360237741, 51.952091602465345], [5.60655064953265, 51.95223095700948], [5.6067024611445895, 51.95233584488322], [5.606849310814637, 51.952437299340914], [5.607001109275816, 51.952542186852526], [5.607137042435615, 51.95263610226191], [5.607334539533116, 51.9527689201321], [5.60733510365849, 51.95288387864154], [5.607439209729315, 51.95303695098781], [5.607584735572399, 51.953202726833446], [5.607688466615757, 51.953279174931595], [5.607979571104225, 51.95362349800264], [5.607401379296524, 51.95375231481797], [5.607194716177179, 51.95376547421581], [5.6069668186043105, 51.95366371341712], [5.606760232824953, 51.95368964419195], [5.606802137785826, 51.953804525431174], [5.606885322808445, 51.95390655719776], [5.60696857073902, 51.9540213520828], [5.6069689462258046, 51.95409799407352], [5.606969321670032, 51.95417462707522], [5.607010866606459, 51.95421286621586], [5.607114473778701, 51.95426377047551], [5.607259423901599, 51.954314588235135], [5.607363046093258, 51.954365483259345], [5.607425311119662, 51.954416455712035], [5.607549918928023, 51.95453118164379], [5.607612309956448, 51.95460770731558], [5.6076952471399055, 51.9546586408456], [5.607861262320854, 51.95478606101995]]]}}, {"type": "Feature", "id": "58523", "properties": {"OBJECTID": "58523", "LOCATIEGROEP_ID": "nl.imow-pv26.gebiedengroep.003000000000000000000811", "SYMBOOL_CODE": "vsgt114", "GROEP": "aardkundig waardevol gebied", "9e750651-8e97-4bc6-b09e-fc30b5f3e83c_id": "9180", "LOCATIE_ID": "nl.imow-pv26.gebied.003000000000000000000811e116800", "DOCUMENT_URL": "https://omgevingsbeleid.provincie-utrecht.nl/home?d=/akn/nl/act/pv26/2022/omgevingsverordening/nld@1089&o=", "NAAM": "Gebied aardkundige waarden", "TYPE": "erfgoed", "LOCATIEGROEP_NAAM": "Gebied aardkundige waarden", "LOCATIE_NAAM": null}, "geometry": {"type": "Polygon", "coordinates": [[[5.591774747137358, 51.960792233607926], [5.591963559266461, 51.96101341053877], [5.592408451236259, 51.96122359705448], [5.59273363077907, 51.961391791624415], [5.593093396108596, 51.96165485831666], [5.59328388096562, 51.96223466027942], [5.593421443127757, 51.96244538152397], [5.593558666766032, 51.96258225596265], [5.593935513443823, 51.96284529005484], [5.593713992802552, 51.9629406131619], [5.5934411779323785, 51.96302547371255], [5.592909786581973, 51.96257285046862], [5.5926674623871175, 51.96185601425465], [5.592341748966294, 51.96157179146645], [5.591862754660607, 51.961372216279834], [5.59124314416752, 51.961022267730186], [5.591233594393322, 51.96087397861806], [5.591353801575544, 51.96071113690783], [5.591586499202287, 51.96069763655179], [5.591774747137358, 51.960792233607926]]]}}, {"type": "Feature", "id": "58494", "properties": {"OBJECTID": "58494", "LOCATIEGROEP_ID": "nl.imow-pv26.gebiedengroep.003000000000000000000811", "SYMBOOL_CODE": "vsgt114", "GROEP": "aardkundig waardevol gebied", "9e750651-8e97-4bc6-b09e-fc30b5f3e83c_id": "9152", "LOCATIE_ID": "nl.imow-pv26.gebied.003000000000000000000811e116820", "DOCUMENT_URL": "https://omgevingsbeleid.provincie-utrecht.nl/home?d=/akn/nl/act/pv26/2022/omgevingsverordening/nld@1089&o=", "NAAM": "Gebied aardkundige waarden", "TYPE": "erfgoed", "LOCATIEGROEP_NAAM": "Gebied aardkundige waarden", "LOCATIE_NAAM": null}, "geometry": {"type": "Polygon", "coordinates": [[[5.1993052303936, 52.01863888094623], [5.19897615892079, 52.01880044784356], [5.198132295573833, 52.018988243082134], [5.197863053004841, 52.01874171527134], [5.197723872185273, 52.0186100308933], [5.197674964109277, 52.01856595525126], [5.197571183370919, 52.01847246433405], [5.197470262100721, 52.01838153955021], [5.1973915924579055, 52.018316743118305], [5.1980600873337135, 52.01798854656427], [5.198556997220942, 52.01762828948917], [5.19855798604344, 52.01762871351549], [5.199259199118867, 52.016531437799024], [5.200385171933753, 52.015114683247496], [5.201272860727618, 52.01427951560986], [5.202100380404434, 52.01373522907602], [5.203045166920611, 52.01333660229428], [5.204579546381427, 52.01290251735695], [5.2055237039769775, 52.012649369893225], [5.206290140174047, 52.01261417437479], [5.207410091942255, 52.01261588898332], [5.20794060081223, 52.01261669745481], [5.209533280104127, 52.012328127868656], [5.210241620377508, 52.012074586687035], [5.211126923743778, 52.01178493082315], [5.212189766832715, 52.011313665931205], [5.213488766417077, 52.010733614749654], [5.214551979698829, 52.01015321287504], [5.217209188747565, 52.00888403119005], [5.218921185304534, 52.008159023970315], [5.22069220330702, 52.00739771817549], [5.2222854173807844, 52.00689073541997], [5.2241145927494195, 52.006311316851075], [5.224822887144297, 52.006021312729146], [5.225944911922482, 52.00540451376018], [5.227893405968774, 52.00438872578859], [5.228484799787011, 52.00380754982285], [5.229490252306502, 52.002790460902006], [5.230084038535135, 52.00151819829993], [5.230147809887115, 52.0001361197224], [5.230151501241673, 51.999081309701694], [5.230448921698229, 51.998281498534766], [5.2308633168367225, 51.99773644962995], [5.2317511013996665, 51.996610068073544], [5.232460196322949, 51.99602903586972], [5.234230877184132, 51.995158390843464], [5.235469352337229, 51.99483264360026], [5.237769247648407, 51.99425360880357], [5.2391840702799595, 51.99403716242821], [5.240538885706517, 51.9941479734705], [5.2415598944910755, 51.994252199761306], [5.242285078689818, 51.99414319581294], [5.243035821744693, 51.99399496734673], [5.2447915504850835, 51.9937223437037], [5.245351033485739, 51.993730874422305], [5.246648692324918, 51.99354402890226], [5.247525452672515, 51.993757021764665], [5.24789372437725, 51.993914454188854], [5.248607049392978, 51.993522800263136], [5.249117580682993, 51.99291108979801], [5.250477490802544, 51.99314818402861], [5.249763202712344, 51.99386170548449], [5.248795668013466, 51.99421382565695], [5.247721657614368, 51.99449908369064], [5.246773019446909, 51.9944469308168], [5.245845193126979, 51.99429667143947], [5.244721352053827, 51.99444408963339], [5.243669658947431, 51.9946158890345], [5.24271513961268, 51.99485807675349], [5.241684401011282, 51.99506875793998], [5.240418791504014, 51.9948389151777], [5.239243228699183, 51.99472598216362], [5.23811213333824, 51.99494784904147], [5.237748692726937, 51.9954637407576], [5.236730464432741, 51.995727604386026], [5.234817265665458, 51.99599573365509], [5.233400600686764, 51.9967213497455], [5.232336960522275, 51.9975929048503], [5.231686138793839, 51.99835587968684], [5.231505563348559, 51.99944683126877], [5.231440698613895, 52.001156276060826], [5.231023381905728, 52.002537895889525], [5.230607562613566, 52.0034830420196], [5.229306932256239, 52.004645236410205], [5.2277707484196085, 52.00573435659036], [5.225763397515157, 52.006713686681024], [5.223874741101652, 52.00743853964571], [5.221573735940248, 52.00809004212555], [5.219803248366772, 52.0087058796205], [5.218091108079542, 52.00946726548001], [5.2156100178063705, 52.01091858990052], [5.21431018461318, 52.01171689553638], [5.212775091237954, 52.012369347486214], [5.21076838867671, 52.01302106504072], [5.2086447557434425, 52.013417972884326], [5.206640142563319, 52.01352403356361], [5.204988614283032, 52.01377609796024], [5.203336321918221, 52.01421000422473], [5.201859634483522, 52.01493515504662], [5.201325932746137, 52.01569814500935], [5.200555807074411, 52.01660624928325], [5.19990416797291, 52.01736904574465], [5.199075944152751, 52.01805880663421], [5.199070797188467, 52.01805640756833], [5.199069884145014, 52.01805875201622], [5.198563728868494, 52.01843491443551], [5.198978199833824, 52.01831419246783], [5.199965396354393, 52.01782949793131], [5.201477461279535, 52.017467197388854], [5.20318687393783, 52.01702413973622], [5.2050274270381465, 52.01662177869104], [5.208180956050985, 52.016342956035366], [5.211334763667467, 52.015983012214384], [5.213634920398121, 52.015581201826635], [5.217314474432711, 52.01510030655722], [5.218891973933153, 52.01473787673443], [5.220535595000364, 52.01425394566899], [5.221653500575292, 52.013850300225435], [5.223822553923703, 52.01332655082885], [5.22467817625534, 52.01280094794742], [5.225731365938957, 52.01211352649552], [5.228165263819099, 52.010941699644], [5.230797566818258, 52.00932434557994], [5.231193677128554, 52.008717038072376], [5.232709368279714, 52.007138684554505], [5.23376438024785, 52.00584336033799], [5.234488974220041, 52.00515543165226], [5.236068319680681, 52.004103894664155], [5.238108648731491, 52.002607188947145], [5.238831798590894, 52.00232444463608], [5.238962426537145, 52.002527220148124], [5.238040036579815, 52.00349858353094], [5.237117606632123, 52.00446993952904], [5.23547166045552, 52.0058050529612], [5.234155014756836, 52.006816395723476], [5.233297671903766, 52.0079093707337], [5.232505960152248, 52.00900242555491], [5.231649237703499, 52.009892778222], [5.230003923274371, 52.01094416728303], [5.228819630638764, 52.011590932256695], [5.226385874427304, 52.012722245183035], [5.224872836430965, 52.01344956729615], [5.222965873002288, 52.0141357939032], [5.220730803031261, 52.01474048933069], [5.218955375361314, 52.0153457906227], [5.216589455968987, 52.015788128279326], [5.2127132891166, 52.01614715419339], [5.211464686383525, 52.016347900087744], [5.210149908617507, 52.016670106960724], [5.20561637763837, 52.01714947417281], [5.202987851930987, 52.01751008738144], [5.201409608237985, 52.01799387661453], [5.1993052303936, 52.01863888094623]]]}}, {"type": "Feature", "id": "58495", "properties": {"OBJECTID": "58495", "LOCATIEGROEP_ID": "nl.imow-pv26.gebiedengroep.003000000000000000000811", "SYMBOOL_CODE": "vsgt114", "GROEP": "aardkundig waardevol gebied", "9e750651-8e97-4bc6-b09e-fc30b5f3e83c_id": "9153", "LOCATIE_ID": "nl.imow-pv26.gebied.003000000000000000000811e116814", "DOCUMENT_URL": "https://omgevingsbeleid.provincie-utrecht.nl/home?d=/akn/nl/act/pv26/2022/omgevingsverordening/nld@1089&o=", "NAAM": "Gebied aardkundige waarden", "TYPE": "erfgoed", "LOCATIEGROEP_NAAM": "Gebied aardkundige waarden", "LOCATIE_NAAM": null}, "geometry": {"type": "Polygon", "coordinates": [[[5.56197657903823, 51.98027038112138], [5.562055900660573, 51.980496307186506], [5.561070349330368, 51.980601007716835], [5.559799342272733, 51.980736319872605], [5.559152942723828, 51.980650818969394], [5.558326778968189, 51.9805414341218], [5.557369690746046, 51.98031310362866], [5.55668124346906, 51.98021409583207], [5.5562727438096795, 51.98003732922297], [5.555809572429841, 51.97993670671146], [5.555207887564249, 51.979787932991194], [5.554920381269677, 51.9796576553446], [5.555304442948381, 51.97923161457179], [5.555755448671632, 51.97930806929709], [5.556401364233605, 51.979507398050025], [5.557329684482084, 51.979778202342004], [5.558780324538463, 51.98006371557628], [5.559646345962551, 51.98007792571087], [5.559826889262297, 51.980080779562414], [5.561135859576481, 51.98001843097685], [5.561672754934752, 51.97989519799771], [5.5618132809084715, 51.980012905400955], [5.56197657903823, 51.98027038112138]]]}}, {"type": "Feature", "id": "58497", "properties": {"OBJECTID": "58497", "LOCATIEGROEP_ID": "nl.imow-pv26.gebiedengroep.003000000000000000000811", "SYMBOOL_CODE": "vsgt114", "GROEP": "aardkundig waardevol gebied", "9e750651-8e97-4bc6-b09e-fc30b5f3e83c_id": "9154", "LOCATIE_ID": "nl.imow-pv26.gebied.003000000000000000000811e116867", "DOCUMENT_URL": "https://omgevingsbeleid.provincie-utrecht.nl/home?d=/akn/nl/act/pv26/2022/omgevingsverordening/nld@1089&o=", "NAAM": "Gebied aardkundige waarden", "TYPE": "erfgoed", "LOCATIEGROEP_NAAM": "Gebied aardkundige waarden", "LOCATIE_NAAM": null}, "geometry": {"type": "Polygon", "coordinates": [[[5.360956162967054, 52.05059013683181], [5.360992118173559, 52.050606943512015], [5.361332840730203, 52.05076732078986], [5.363679496032501, 52.05188488408916], [5.364064397192818, 52.052102552195464], [5.365172046250593, 52.052727461438636], [5.365601999337519, 52.05297079380563], [5.36572808388314, 52.05302451146002], [5.366222979345656, 52.053235864716406], [5.366295451832831, 52.05323838517665], [5.366444405872468, 52.05324400190143], [5.366539417602238, 52.053247335077614], [5.3664550683271335, 52.05329655704949], [5.366420710344971, 52.05331636974843], [5.365680983762735, 52.05374663195707], [5.365320959125069, 52.05395597929693], [5.364979537230699, 52.05365723309224], [5.364742768236838, 52.05345049870484], [5.364449178433651, 52.05320082589512], [5.3639862265051095, 52.05280738198334], [5.362555527604775, 52.0519866165542], [5.361923307845034, 52.05158236142535], [5.3603357453188405, 52.05088914806766], [5.360271102225861, 52.050746052143715], [5.360299720270163, 52.05059879793541], [5.360425078901826, 52.050527434007385], [5.360956162967054, 52.05059013683181]]]}}, {"type": "Feature", "id": "58499", "properties": {"OBJECTID": "58499", "LOCATIEGROEP_ID": "nl.imow-pv26.gebiedengroep.003000000000000000000811", "SYMBOOL_CODE": "vsgt114", "GROEP": "aardkundig waardevol gebied", "9e750651-8e97-4bc6-b09e-fc30b5f3e83c_id": "9156", "LOCATIE_ID": "nl.imow-pv26.gebied.003000000000000000000811e116974", "DOCUMENT_URL": "https://omgevingsbeleid.provincie-utrecht.nl/home?d=/akn/nl/act/pv26/2022/omgevingsverordening/nld@1089&o=", "NAAM": "Gebied aardkundige waarden", "TYPE": "erfgoed", "LOCATIEGROEP_NAAM": "Gebied aardkundige waarden", "LOCATIE_NAAM": null}, "geometry": {"type": "Polygon", "coordinates": [[[4.960125443136518, 52.26673640453217], [4.959958805752745, 52.26721249135229], [4.959398736256997, 52.267071046207576], [4.958650819215105, 52.267002725836676], [4.957716951494549, 52.266810708470466], [4.956756689614456, 52.26658579089285], [4.955517871565184, 52.2661384056738], [4.954387144143228, 52.26557658324324], [4.953483495248671, 52.26503199508897], [4.9531920698680345, 52.26476028290991], [4.953000416650621, 52.264082064859195], [4.952862970452218, 52.26355667753543], [4.952844619173245, 52.263002571038776], [4.952613981496903, 52.26228730465778], [4.952216747590832, 52.261600581403464], [4.951791204070487, 52.261380321774986], [4.950627092465898, 52.26136144956344], [4.95003336581402, 52.26133008951278], [4.949702149021983, 52.261183062787175], [4.949376255855989, 52.26049660272505], [4.949546728237606, 52.260074408536006], [4.950144876170714, 52.25965380523676], [4.951192287185787, 52.25945354996273], [4.952071383247774, 52.259456789507226], [4.953948784497663, 52.259419951003736], [4.954804265210224, 52.25940850532357], [4.954986262130007, 52.260240225505946], [4.954630302764207, 52.2601951883716], [4.953797712021744, 52.260294195713136], [4.953487846750163, 52.260395116400005], [4.953507483762767, 52.260818004858386], [4.954071190955682, 52.261490755645326], [4.9546113135764145, 52.26214882999559], [4.95500561590287, 52.263141714947885], [4.95519131150477, 52.26359437553422], [4.9558041669953905, 52.264106908735904], [4.955822696871223, 52.264646436901714], [4.956650568624661, 52.26504311453685], [4.957032457065972, 52.26486954715062], [4.957651951224718, 52.264696833201995], [4.9580033238841255, 52.26522299161386], [4.957905612755905, 52.265499660639755], [4.9588786053102085, 52.26563440395386], [4.959710709918898, 52.26559368114479], [4.959691152092183, 52.26515620723824], [4.959431288762916, 52.26490091968487], [4.959412950034468, 52.26472247124823], [4.959915895545256, 52.26454591721562], [4.960506223921192, 52.26466491873876], [4.9611228150295155, 52.26518381892452], [4.960829024269546, 52.26550260156569], [4.960807673890777, 52.265637845756245], [4.960125443136518, 52.26673640453217]]]}}, {"type": "Feature", "id": "58500", "properties": {"OBJECTID": "58500", "LOCATIEGROEP_ID": "nl.imow-pv26.gebiedengroep.003000000000000000000811", "SYMBOOL_CODE": "vsgt114", "GROEP": "aardkundig waardevol gebied", "9e750651-8e97-4bc6-b09e-fc30b5f3e83c_id": "9157", "LOCATIE_ID": "nl.imow-pv26.gebied.003000000000000000000811e116903", "DOCUMENT_URL": "https://omgevingsbeleid.provincie-utrecht.nl/home?d=/akn/nl/act/pv26/2022/omgevingsverordening/nld@1089&o=", "NAAM": "Gebied aardkundige waarden", "TYPE": "erfgoed", "LOCATIEGROEP_NAAM": "Gebied aardkundige waarden", "LOCATIE_NAAM": null}, "geometry": {"type": "Polygon", "coordinates": [[[5.4828788865351665, 52.1109245895592], [5.48273756434837, 52.1114027580643], [5.482596326778204, 52.111928733452835], [5.482351139974469, 52.1122476283723], [5.4818726127575745, 52.112391435786144], [5.481315909040998, 52.112280332303435], [5.480991854802071, 52.112025628507595], [5.481159130773908, 52.11157134951101], [5.481248537366181, 52.111013545813655], [5.481170503918241, 52.11083035183906], [5.480937660967665, 52.110870381347475], [5.479605579743426, 52.111269809997296], [5.47868797617955, 52.11185215831702], [5.478301409559632, 52.11187337330197], [5.477975615181858, 52.111549940324466], [5.477962082865155, 52.11126312576886], [5.478362897861255, 52.11108752299241], [5.478750793926409, 52.11092787360831], [5.479306734073077, 52.11068044055791], [5.480121325457367, 52.11036110363522], [5.48071606449013, 52.11010566989441], [5.4811684563205585, 52.10985831026435], [5.4814751041894, 52.1097580734829], [5.481621833372204, 52.109161512070855], [5.482195298577342, 52.108887671454646], [5.482895643916758, 52.10922951093045], [5.483434261371823, 52.10944446016353], [5.482982112531422, 52.10981760640451], [5.482929610911089, 52.110446494580145], [5.4828788865351665, 52.1109245895592]]]}}, {"type": "Feature", "id": "58501", "properties": {"OBJECTID": "58501", "LOCATIEGROEP_ID": "nl.imow-pv26.gebiedengroep.003000000000000000000811", "SYMBOOL_CODE": "vsgt114", "GROEP": "aardkundig waardevol gebied", "9e750651-8e97-4bc6-b09e-fc30b5f3e83c_id": "9158", "LOCATIE_ID": "nl.imow-pv26.gebied.003000000000000000000811e116895", "DOCUMENT_URL": "https://omgevingsbeleid.provincie-utrecht.nl/home?d=/akn/nl/act/pv26/2022/omgevingsverordening/nld@1089&o=", "NAAM": "Gebied aardkundige waarden", "TYPE": "erfgoed", "LOCATIEGROEP_NAAM": "Gebied aardkundige waarden", "LOCATIE_NAAM": null}, "geometry": {"type": "Polygon", "coordinates": [[[5.464911254697014, 52.09701388591612], [5.465558973643472, 52.09734500613897], [5.465009678740751, 52.097627540640374], [5.465663390845531, 52.09809974118895], [5.462415487576961, 52.099400433665934], [5.461534715194591, 52.09783964962285], [5.462229063517691, 52.097528825498856], [5.463030418985753, 52.09727906480745], [5.464549151892682, 52.09680778669807], [5.464911254697014, 52.09701388591612]]]}}, {"type": "Feature", "id": "58524", "properties": {"OBJECTID": "58524", "LOCATIEGROEP_ID": "nl.imow-pv26.gebiedengroep.003000000000000000000811", "SYMBOOL_CODE": "vsgt114", "GROEP": "aardkundig waardevol gebied", "9e750651-8e97-4bc6-b09e-fc30b5f3e83c_id": "9181", "LOCATIE_ID": "nl.imow-pv26.gebied.003000000000000000000811e116821", "DOCUMENT_URL": "https://omgevingsbeleid.provincie-utrecht.nl/home?d=/akn/nl/act/pv26/2022/omgevingsverordening/nld@1089&o=", "NAAM": "Gebied aardkundige waarden", "TYPE": "erfgoed", "LOCATIEGROEP_NAAM": "Gebied aardkundige waarden", "LOCATIE_NAAM": null}, "geometry": {"type": "Polygon", "coordinates": [[[5.258158785106865, 51.99329564379109], [5.257863344505297, 51.99358630273154], [5.254974434035113, 51.994201436597805], [5.251849523578363, 51.99488896985439], [5.249609498473415, 51.995213732867114], [5.248135762735909, 51.99543024400933], [5.246366025699719, 51.996082857509236], [5.245126443793287, 51.99677245107548], [5.244358804017982, 51.997280738237016], [5.243532450385916, 51.99771621655462], [5.2431796048300665, 51.9974975440914], [5.24371179599074, 51.996916227861355], [5.244361466243947, 51.99644416802413], [5.2450703951885185, 51.99586305975715], [5.24660468128862, 51.995137443702944], [5.247312540397478, 51.99488366962816], [5.248373702599073, 51.994703067399726], [5.250024395815726, 51.99441400924466], [5.251556903663286, 51.994233926237676], [5.2532668088828585, 51.993835774419296], [5.255271073178651, 51.99351068698763], [5.256803831550482, 51.993221401608544], [5.2577470701612095, 51.99304058427609], [5.258158785106865, 51.99329564379109]]]}}, {"type": "Feature", "id": "58498", "properties": {"OBJECTID": "58498", "LOCATIEGROEP_ID": "nl.imow-pv26.gebiedengroep.003000000000000000000811", "SYMBOOL_CODE": "vsgt114", "GROEP": "aardkundig waardevol gebied", "9e750651-8e97-4bc6-b09e-fc30b5f3e83c_id": "9155", "LOCATIE_ID": "nl.imow-pv26.gebied.003000000000000000000811e116965", "DOCUMENT_URL": "https://omgevingsbeleid.provincie-utrecht.nl/home?d=/akn/nl/act/pv26/2022/omgevingsverordening/nld@1089&o=", "NAAM": "Gebied aardkundige waarden", "TYPE": "erfgoed", "LOCATIEGROEP_NAAM": "Gebied aardkundige waarden", "LOCATIE_NAAM": null}, "geometry": {"type": "Polygon", "coordinates": [[[4.851689502256105, 52.23769832942637], [4.851824407941991, 52.23781047250306], [4.851840804901667, 52.23786282082044], [4.851749438467569, 52.23790772411096], [4.851544823648312, 52.23792770262574], [4.851053598582293, 52.23770589845625], [4.850878796637129, 52.23760752271733], [4.850686760373022, 52.23752648713778], [4.850506028049841, 52.237448989924054], [4.850410157576847, 52.237396271370535], [4.8504731810509165, 52.2373477709998], [4.850474567244533, 52.237232758257946], [4.850395260226136, 52.23721845760973], [4.8502359466098754, 52.23724910166675], [4.850116194901819, 52.23729386570083], [4.849901231428523, 52.237230152276375], [4.84989030674444, 52.23719524724773], [4.8498167493139315, 52.23717400668167], [4.849709577154736, 52.23711774881439], [4.849704359896213, 52.23707939138795], [4.849819104490244, 52.23697883464269], [4.850013589786719, 52.236857734359475], [4.850122121375887, 52.23680246641534], [4.850253511056287, 52.2367333529294], [4.850339547346618, 52.23666055487377], [4.85044269230924, 52.23658085981965], [4.850511772435104, 52.23650101892516], [4.850541332943447, 52.23640356182157], [4.850638713108509, 52.23633081507465], [4.850708002539781, 52.23623353835178], [4.8507425284416374, 52.23619536143316], [4.850822967106031, 52.236115562941684], [4.850891794074828, 52.23605662669327], [4.850937916531882, 52.23599757836236], [4.8510122550954895, 52.235952607403526], [4.851081012240778, 52.23590064539324], [4.851126924405268, 52.2358590326974], [4.851241494876806, 52.235772414121115], [4.8513441328759574, 52.23573454599583], [4.851401110620432, 52.23571737673549], [4.851503874195845, 52.23566904704311], [4.85156076791173, 52.235658851990465], [4.8517083948968, 52.23565603387469], [4.851770367114085, 52.235694648445204], [4.851792945628941, 52.23570521276701], [4.851826799888162, 52.23572279385869], [4.851894535872084, 52.235754459816306], [4.8519055601389764, 52.235782399438904], [4.851984823181074, 52.235800186216615], [4.852081027194766, 52.23582501535111], [4.8521263940033, 52.23582870815789], [4.852330706067695, 52.2358331116518], [4.852432631864458, 52.23585448805828], [4.852466346346455, 52.23588252134146], [4.85250007550946, 52.23591055468114], [4.852534055694024, 52.2359176831289], [4.852614434150338, 52.23584137048491], [4.852695077979354, 52.23574414398028], [4.852798467456793, 52.235643541963235], [4.853013951719499, 52.23549511842788], [4.853065302012477, 52.235421002106165], [4.853136898175181, 52.23534077558445], [4.853309633622921, 52.23524241898839], [4.853564598038443, 52.235020507446436], [4.853646070370033, 52.23495891234771], [4.853768048399371, 52.23488511466531], [4.853838469858912, 52.234904019731445], [4.853938940695654, 52.234941647516365], [4.85404007921899, 52.23492351685898], [4.854264603504608, 52.23471386084591], [4.85433619625966, 52.234633642569925], [4.8544177410025595, 52.234565845566785], [4.854560287754633, 52.23446115828887], [4.854692511353967, 52.2343750114335], [4.854764621434462, 52.2342514102919], [4.854887350869742, 52.23411565176808], [4.854948633983086, 52.234053964802676], [4.854858546002763, 52.233991604814776], [4.854819448363053, 52.23388608960676], [4.854942310098953, 52.23373793720346], [4.855085001038491, 52.23362085552492], [4.855287256434574, 52.23358459207654], [4.855862300769283, 52.23359957415834], [4.856073756209425, 52.23356020495219], [4.85615977904939, 52.233500722777535], [4.856185221432337, 52.23341104730183], [4.856283243928401, 52.23336659293321], [4.856455555395222, 52.23322519543256], [4.856578662160615, 52.23312098462771], [4.856737976538895, 52.23304687521168], [4.856763328439096, 52.23296467719501], [4.85686207686293, 52.23286035672449], [4.856923711046725, 52.23280077349561], [4.856961344533399, 52.23271115256766], [4.857022993121853, 52.232651560363124], [4.857072893760207, 52.23255450746841], [4.8571224378816975, 52.23248739188876], [4.857196887576734, 52.23237547512476], [4.85725853527707, 52.232315891780146], [4.857320880287153, 52.232196451631246], [4.857492917022137, 52.23207749434799], [4.857616285018226, 52.23195084065975], [4.85726076093695, 52.23212883508297], [4.857115053869413, 52.23208327746976], [4.85701837094542, 52.23201550571616], [4.8570445233243165, 52.231865964333345], [4.857192886223656, 52.23168704133429], [4.8573038978609455, 52.231575297504726], [4.857513118514515, 52.2314041340421], [4.857624558860321, 52.23125497489544], [4.857759938935102, 52.23114333987072], [4.857882962546388, 52.23104661430458], [4.858018593435578, 52.23091252814639], [4.8582035267564185, 52.230733767678934], [4.858326533527488, 52.23063705056273], [4.85840053289435, 52.230562547945254], [4.858462354103058, 52.23048799976385], [4.85853653060437, 52.2303985328749], [4.8585255814830965, 52.23029372902503], [4.858355523531674, 52.23024807292284], [4.858282679790153, 52.23022529484239], [4.858148903587927, 52.23020224385307], [4.85819906553932, 52.23008274865033], [4.858383980042003, 52.22990398780227], [4.858507161846499, 52.22979229730708], [4.85856889305849, 52.22972522665684], [4.858777996794116, 52.22956153841155], [4.85888917662751, 52.22943482884941], [4.858975542532154, 52.2293454251764], [4.859086100348535, 52.229271085586], [4.859135194314644, 52.22924137508931], [4.859294933971941, 52.22912984718284], [4.859404944043498, 52.229100408778216], [4.85968539233208, 52.22908669646041], [4.859929013271137, 52.229095262084826], [4.8601960152512085, 52.22918625238777], [4.860401939438501, 52.22929192572064], [4.860534460915856, 52.22941972342747], [4.860533930008641, 52.22946462498571], [4.860715560282989, 52.22956271145401], [4.861055263489975, 52.22969143172849], [4.861115827233966, 52.229721631408225], [4.861214366912182, 52.22963227133976], [4.861239973578528, 52.229527630504336], [4.86131574757337, 52.22930348418314], [4.861426831284063, 52.22918424981807], [4.861610316438329, 52.22912520639913], [4.861951945395063, 52.22908930892536], [4.8620860584242935, 52.22908242715618], [4.862317590504923, 52.22908345611954], [4.862463983716384, 52.22906914150066], [4.862697756627284, 52.22887861896523], [4.862748183843435, 52.228736671060204], [4.862675854309428, 52.22866900302888], [4.862640453229497, 52.228571568978886], [4.862642127379268, 52.22842940461455], [4.8626555382409355, 52.228324700318254], [4.8627181421380685, 52.22818280648164], [4.862767672977897, 52.228115679475316], [4.8628911911091395, 52.227974055952835], [4.862965369047033, 52.2278845952765], [4.863015339462878, 52.22778005316932], [4.8631268548940305, 52.22762341115489], [4.8631885615025325, 52.22755633798535], [4.86328797221113, 52.22739215513507], [4.863423414362175, 52.22727302691112], [4.863534311333071, 52.22716876369519], [4.863670103879653, 52.22701970677632], [4.863768646972045, 52.226930353570424], [4.863928879439606, 52.226773926646636], [4.864064142259555, 52.226669761874106], [4.864298018608846, 52.22646876561232], [4.864556275540154, 52.226267867770865], [4.8647161664659535, 52.22614136823231], [4.864950037199024, 52.225940361664904], [4.865244656867246, 52.22575459704764], [4.865440912820221, 52.225643222189845], [4.865600448566345, 52.22554664985431], [4.865723001696407, 52.225487331001474], [4.865906203319975, 52.225450722663915], [4.866040407013591, 52.22543634984925], [4.866248238089069, 52.22537740666021], [4.866541624368636, 52.225296388266074], [4.866688615794781, 52.22522968914184], [4.866884181351482, 52.22517816878723], [4.866957092390622, 52.225171038887225], [4.866971657054635, 52.225169611026956], [4.867103749646303, 52.225156692749856], [4.867336120067686, 52.22508288172203], [4.867639052825378, 52.22500494954698], [4.867747217020104, 52.22493163394522], [4.867866395132189, 52.22485007975148], [4.867990415325365, 52.22479380293983], [4.868093703889989, 52.224753217783636], [4.868356253329438, 52.22469539216798], [4.868482344616887, 52.224684890723324], [4.868681171028604, 52.22467724305377], [4.8687908302821885, 52.224677724361996], [4.868826082270661, 52.22479012093354], [4.868775171141738, 52.22497696428579], [4.86872504324762, 52.225096473122896], [4.868699543779484, 52.22519363807645], [4.868845308582612, 52.22533644962659], [4.868917468013412, 52.22541907814262], [4.868989874236767, 52.2254792557297], [4.869014154689069, 52.225486849228076], [4.869086909232588, 52.22551709832065], [4.869184031449308, 52.225547454229336], [4.8693530841648345, 52.22560470285658], [4.869481319507557, 52.22564289760521], [4.869634200221121, 52.22566991130096], [4.869872872944343, 52.22569729156117], [4.870077658497771, 52.2256935953714], [4.870270482238549, 52.22569782780378], [4.870568345074805, 52.22567205911215], [4.870733924586805, 52.22564909086192], [4.870843068729061, 52.22574093975944], [4.870725347123843, 52.22591300322196], [4.870686539932612, 52.226025956193105], [4.870749664313169, 52.22611820613177], [4.8709416127804745, 52.22617160684282], [4.8710051184353995, 52.2262310162493], [4.870993201863144, 52.22633608751993], [4.871002301756672, 52.226474092683524], [4.871033483879301, 52.226553071444044], [4.871151244154508, 52.226547015734795], [4.8713214320282825, 52.22663317179566], [4.871449115778657, 52.22669286120895], [4.871437960892251, 52.22673222476796], [4.871415879060175, 52.22679126022874], [4.871361639830245, 52.226856725474555], [4.871264439022749, 52.22693514348206], [4.871035612432343, 52.2270363191228], [4.870953964329915, 52.227029275282426], [4.870815423082687, 52.22693649808782], [4.870721463629001, 52.226882950422485], [4.870515340793015, 52.226784430661375], [4.870409933457785, 52.22681314453421], [4.8703238870979595, 52.2268521893192], [4.870301818365305, 52.22691122463237], [4.870258261378309, 52.22697673611724], [4.870225098061393, 52.227068564918305], [4.870170613346235, 52.227153739170944], [4.870041084808136, 52.22725172530421], [4.869816182627442, 52.22727045111723], [4.869709133630267, 52.22727655242413], [4.869655410977358, 52.2272960276942], [4.869590455156363, 52.22736144517877], [4.869568370665831, 52.22742047129619], [4.869567683574215, 52.22747960015996], [4.869567225511971, 52.22751901940208], [4.8695771608791665, 52.22758476501884], [4.869619192742089, 52.22765065126718], [4.869682775164172, 52.22770348250826], [4.869765643106004, 52.22778578885968], [4.869841640678048, 52.227842152738106], [4.869948095346819, 52.22788861036616], [4.870001208343546, 52.22792169395449], [4.870086418107133, 52.227954918025226], [4.870139683806557, 52.22797486180402], [4.870235668930622, 52.22800156272212], [4.870384524413515, 52.22808104754741], [4.870448260683832, 52.22812074761451], [4.8705438653023805, 52.228180297650354], [4.870650092956186, 52.22824646426574], [4.870703130723588, 52.22828611741115], [4.870779842157678, 52.22835557028115], [4.870883513791314, 52.22841502048221], [4.870990027720681, 52.22850078181258], [4.871058180633763, 52.22860279646562], [4.871094905957566, 52.22863932224709], [4.871147640135572, 52.22870525468545], [4.871178824064597, 52.22878423337815], [4.871177910860728, 52.22886306287221], [4.871102712407294, 52.22897872411848], [4.871047237619941, 52.22905959817337], [4.870928480781747, 52.22915106211522], [4.870895393362959, 52.22923632119531], [4.8706486405990175, 52.22929437434975], [4.870540657760431, 52.229379314806565], [4.870496641431805, 52.22948424558034], [4.8704422305872335, 52.22956284105829], [4.870366039689382, 52.22967420123989], [4.870239780141841, 52.22983675346097], [4.870206423946866, 52.22994501137843], [4.8701571827865795, 52.2300384145539], [4.870139997035982, 52.2301368924088], [4.870106869181861, 52.230225440678964], [4.870098333453487, 52.230269749951525], [4.870081819312807, 52.23030909889269], [4.870033106996645, 52.230358157693246], [4.870008228477051, 52.23042704042087], [4.869967594109829, 52.230471209152185], [4.869902710399771, 52.23053005689502], [4.869861446377463, 52.230628420277704], [4.86987691602611, 52.23067776904758], [4.869900478662483, 52.23072221885897], [4.870075360522827, 52.23074942710984], [4.870293283568059, 52.2307584340553], [4.870421606628935, 52.23076392087111], [4.8705146675400135, 52.230800962876266], [4.870689598507868, 52.230811371919856], [4.870862781606595, 52.23078063514079], [4.871047352955515, 52.23078144170098], [4.871223432115618, 52.230821623115496], [4.871327064600619, 52.23088120752983], [4.871535014953755, 52.23094124724412], [4.8717270378432005, 52.230991357295096], [4.871855475726221, 52.23098699224049], [4.872137085305719, 52.230924163130304], [4.8723382542602325, 52.23087576800569], [4.872370979574034, 52.23082170420274], [4.872436145156109, 52.23073822032937], [4.872605456621566, 52.230669975323025], [4.87272526115517, 52.2307197691524], [4.872869641079975, 52.23072532323304], [4.872926272486374, 52.230686157546316], [4.873030873977537, 52.23066196785193], [4.87318287669206, 52.23070205053863], [4.87324644861171, 52.230756533545694], [4.873245709506751, 52.23082058755908], [4.873196147156, 52.23094356097831], [4.873243296143702, 52.23102720138964], [4.873379510947678, 52.231047837077476], [4.87351587094591, 52.23105335548243], [4.8736120540690715, 52.23106363346463], [4.873772037627593, 52.23110867548445], [4.873851709905015, 52.23115829373684], [4.874083118592274, 52.23127262830278], [4.874218401103246, 52.23137176883363], [4.87436978332836, 52.231466044703005], [4.874472740869476, 52.231584755213596], [4.874360287040894, 52.231594126898585], [4.874151932592057, 52.23156857724814], [4.87403178360632, 52.23154834480163], [4.873991719896927, 52.23154324536185], [4.873815635476705, 52.231503059085355], [4.873591906555784, 52.23141831880388], [4.8734241997352905, 52.23134860694739], [4.873369045699245, 52.2312596738388], [4.873329835067789, 52.2311806608629], [4.873137809549933, 52.23113055341623], [4.873129162972482, 52.23118471321894], [4.873088019055451, 52.23127323639885], [4.873047201767758, 52.2313321815938], [4.873006740155499, 52.231361575895], [4.872917226849536, 52.23146959009468], [4.872916657963254, 52.23151885963895], [4.872915804527337, 52.23159277294199], [4.872931221130953, 52.23164703747728], [4.872801457923841, 52.23176473616331], [4.872760654337792, 52.231823690304104], [4.872776256120787, 52.23186317945152], [4.8727728825452985, 52.231936012208166], [4.872821637167272, 52.232107526095], [4.872743918701289, 52.23224735497109], [4.872464404821017, 52.23229285688578], [4.872083063628179, 52.232369057485116], [4.871852825524612, 52.23253936394914], [4.8717499313141595, 52.2326635062078], [4.871317325514504, 52.23278620009528], [4.870912069912786, 52.232737710334284], [4.8709861568324655, 52.23248362976718], [4.871148026804753, 52.23236607332206], [4.871256624486767, 52.23222858239596], [4.871418402098508, 52.23211759537839], [4.871817035032022, 52.23188281681596], [4.871680773407369, 52.231637156445494], [4.871703237502396, 52.23154527163651], [4.871692917937134, 52.23151237559406], [4.871672126664217, 52.231459732234875], [4.871619008212344, 52.231426649412036], [4.871533942791318, 52.231380286716366], [4.871394618172191, 52.231399389095195], [4.871330662734114, 52.231379399230725], [4.8712237416383415, 52.23137236208838], [4.870956400974515, 52.23135805374431], [4.870785220177045, 52.231357305584304], [4.870667675699578, 52.23134365129638], [4.870518108383997, 52.23132328663805], [4.8703367470583245, 52.23127650187841], [4.870155705812474, 52.231203437425435], [4.870059942574703, 52.23115703582708], [4.869942856629348, 52.2311039615997], [4.86978320136482, 52.23103099020504], [4.869708929205354, 52.23097810325138], [4.869559974379939, 52.2309051784231], [4.869346898908374, 52.23082540214311], [4.869187412966964, 52.23073929925445], [4.869081257979773, 52.23066656147878], [4.869007293624037, 52.23058608236338], [4.869008134388154, 52.230513813798034], [4.86900882228373, 52.230454684971065], [4.869009815802406, 52.230369285651875], [4.869031902613731, 52.23031025068585], [4.869043137065478, 52.23026430852617], [4.86906499450843, 52.230224983162735], [4.869173043984563, 52.230133474140295], [4.869205676955355, 52.23008763478384], [4.86928179507215, 52.22998284523446], [4.869432961067743, 52.229865244172565], [4.86951962488552, 52.229773641099584], [4.869595283553725, 52.229708279554366], [4.86962814490029, 52.22964272147564], [4.86969335368577, 52.22959360927209], [4.869737412974862, 52.22944609398173], [4.869791521485579, 52.22930793422336], [4.869801687668616, 52.22923541886825], [4.869741228986929, 52.22911760938374], [4.8696989812193605, 52.22907143287424], [4.869667570615765, 52.2290121724016], [4.869647317346056, 52.22891353057493], [4.869594737831614, 52.228834457727494], [4.86956340398448, 52.228768618365315], [4.869575019115719, 52.22868983576721], [4.86958767971976, 52.22865207884794], [4.869569565637257, 52.2286061788005], [4.869480483730536, 52.22853830674025], [4.869406048702776, 52.2284985592589], [4.869075234159151, 52.228424836493744], [4.868926212355538, 52.228358489704746], [4.868776961714521, 52.22831184335616], [4.868724002104646, 52.22826561947603], [4.868635713377266, 52.22818384585631], [4.8684723033477875, 52.22807491322716], [4.868352460679416, 52.22801432928831], [4.868256629738789, 52.22797448709704], [4.868150559403495, 52.22789517858704], [4.868129712178343, 52.22784909552643], [4.868130094961006, 52.22781624616602], [4.868153761312404, 52.22775102556411], [4.868166232461424, 52.22769317983483], [4.868173555270012, 52.227642546802315], [4.868168111771993, 52.22753188991734], [4.86817046690153, 52.227472966120935], [4.868167835483406, 52.22740988594637], [4.86820108585623, 52.2272318274734], [4.868245641006222, 52.22708091739283], [4.868386330750704, 52.22694356097869], [4.868484454660781, 52.226786306864064], [4.8686464633139614, 52.226655622947376], [4.868872036236418, 52.22657777042476], [4.868958541922708, 52.226499307450666], [4.868959535527475, 52.226413899083205], [4.8690141743877104, 52.22631559461808], [4.869057579720872, 52.22626322333525], [4.8689730618167895, 52.22617086964471], [4.868558735648117, 52.22605703412055], [4.868494571646425, 52.22608463309044], [4.868380969585162, 52.22612832807863], [4.868328774330251, 52.22620522464487], [4.86818089547667, 52.22625883540944], [4.868099285595168, 52.22631272823261], [4.8679883196381954, 52.22635745905753], [4.867914267137004, 52.22639330116298], [4.867722639150437, 52.22641054242507], [4.867678363886257, 52.22641938961615], [4.867413051905542, 52.226440827246165], [4.867258457438398, 52.226440146897474], [4.867060033354768, 52.22640762669986], [4.866942827950866, 52.22635738008981], [4.866821799916638, 52.226263524836135], [4.866750815399608, 52.22640626474722], [4.866580003714968, 52.226532107707214], [4.866490501199105, 52.22663118314707], [4.866319793531218, 52.22674799327301], [4.866171275955217, 52.22685585013628], [4.8660522574538305, 52.2269593160055], [4.8659341378063585, 52.226985920550476], [4.86576422118576, 52.22703491009824], [4.865668042247933, 52.22707517408072], [4.865631021801188, 52.227093094439745], [4.865556542568746, 52.22716510979083], [4.865482236675007, 52.227223554016625], [4.865415171717347, 52.22729108107125], [4.8654361449798795, 52.22738612268563], [4.865391232719191, 52.22744922661761], [4.8653606202916215, 52.22754856131609], [4.865251541017604, 52.227746560867274], [4.865171945128166, 52.22783663717083], [4.86531997403803, 52.22777097795052], [4.86541877248467, 52.227717162966876], [4.86550776476612, 52.22766329560671], [4.8655968127065545, 52.22760340648195], [4.865666304366448, 52.22753740002094], [4.86574533417087, 52.227495550360935], [4.8658045961504754, 52.22746566627437], [4.865882129588553, 52.22755040554974], [4.865832350021314, 52.227610477194524], [4.865821823831188, 52.2276707130852], [4.865761588340395, 52.22778498996724], [4.865721755722465, 52.22783303462039], [4.865651981352937, 52.22792315459966], [4.865562353453386, 52.22803127067498], [4.865483251893189, 52.22807915082599], [4.865403232123679, 52.22820540200542], [4.865333527176506, 52.228289491170095], [4.865204290579661, 52.22842756866345], [4.865193480655792, 52.22851192696092], [4.8651633262853835, 52.228572076050675], [4.865093690994966, 52.22865013444879], [4.864994395293149, 52.22874615448578], [4.864915291851029, 52.22879403424762], [4.864806881545137, 52.22882972250143], [4.864747475718632, 52.22887165832415], [4.864707584823966, 52.22892574229276], [4.864607777982855, 52.229063958279184], [4.864429234266049, 52.22921990058769], [4.864241080450954, 52.22935772526941], [4.864171725349912, 52.22941167861791], [4.863993320277491, 52.22955556800857], [4.863884553228223, 52.22962139950035], [4.863607057764772, 52.22984322443374], [4.863478647121068, 52.22990896848639], [4.86334120942636, 52.22990835910661], [4.86325257925294, 52.229932080779236], [4.863124593455553, 52.229961649741504], [4.863055945388109, 52.229955323238], [4.863026922218924, 52.229919017871296], [4.863037878319082, 52.22982261654431], [4.8630485360865, 52.22975031963567], [4.863029546863767, 52.22969598397287], [4.8629711461822795, 52.22965351730531], [4.862804316868306, 52.229646754924104], [4.862724996553238, 52.22971271606351], [4.862684803965758, 52.22979090375605], [4.862683668158001, 52.22988735764374], [4.862731765603452, 52.22997196825602], [4.862760220847477, 52.23005649164971], [4.862709937496472, 52.23015874928122], [4.862649746914364, 52.2302670028174], [4.862550442437941, 52.23036301177192], [4.862352243609845, 52.23051887263816], [4.862223630673961, 52.230602698231806], [4.862065496800804, 52.23069242339262], [4.861917524499662, 52.23075204786601], [4.861750122305148, 52.2307935109223], [4.861563924200314, 52.23076434351583], [4.861338847363162, 52.23070305950334], [4.8610446805738645, 52.230671604037866], [4.86078039095114, 52.230604113372145], [4.860574730164212, 52.23056099821656], [4.860368499353344, 52.23056610962616], [4.860250545066231, 52.230577636414644], [4.860042958574152, 52.23069728394672], [4.859933968842689, 52.23078119462249], [4.859813729758706, 52.23098562864218], [4.85974422403616, 52.23105163159899], [4.859674218346895, 52.23115983081625], [4.859525170047203, 52.23130987549428], [4.859495363151435, 52.231339888014745], [4.8592970779174225, 52.23150176532877], [4.859167384406589, 52.23167601077071], [4.859029011981481, 52.231753767333224], [4.858968881915618, 52.2318559793497], [4.858899087560213, 52.231946095246215], [4.858720869855157, 52.232071893728204], [4.85853268632086, 52.23220970920355], [4.858443118720434, 52.23231178921302], [4.858488616978147, 52.23240773272028], [4.858472090927723, 52.23241509181184], [4.858563885824373, 52.2327691523195], [4.858561087735294, 52.23300489427935], [4.8587737441767125, 52.233285811954744], [4.8586020895112245, 52.233594481874206], [4.858334262152485, 52.23391745233286], [4.858044014684541, 52.234107713261366], [4.857754815745785, 52.23420956352247], [4.857225464204248, 52.23432506729901], [4.856743314512816, 52.23445088313233], [4.856816449219607, 52.23441163745362], [4.856589144777313, 52.23432375703928], [4.856501617357392, 52.23434480020284], [4.856360948531476, 52.23442990447413], [4.856272909834212, 52.2344938088], [4.8561675499883385, 52.23454692154546], [4.856097853945355, 52.2345358945909], [4.8560809165733385, 52.234492945831825], [4.8559931329123085, 52.23453542377631], [4.855887389107353, 52.234620684514766], [4.855658678005003, 52.23476970089779], [4.855499676484812, 52.234929744246166], [4.8553936601972625, 52.235036439623514], [4.85512902329348, 52.23527102950087], [4.855196799966402, 52.23544280719578], [4.855125310320373, 52.23558180776166], [4.854877876300659, 52.23583791084628], [4.854735533955996, 52.236062328140825], [4.854505800736608, 52.236297073908965], [4.854329710262265, 52.23642488865503], [4.8541884039094185, 52.23656358271713], [4.854029632673403, 52.2367021888071], [4.853783341436547, 52.23686183587589], [4.853450784084491, 52.23693535651744], [4.8532761014820895, 52.23694528088369], [4.852961392572525, 52.236986730848415], [4.852716624786756, 52.23701777375767], [4.852576083529753, 52.237092160448384], [4.852401142703536, 52.2371235186582], [4.852348222116763, 52.23720988715745], [4.852307361670467, 52.2373038061985], [4.852226714158069, 52.23740103240576], [4.852180550268426, 52.237463550391965], [4.8521001952852725, 52.2375363844926], [4.85203153513966, 52.23758138184959], [4.8519341125885935, 52.23765761686907], [4.851848454048073, 52.23769904977627], [4.851769313358211, 52.23767081047192], [4.851695559429366, 52.23766698887381], [4.851689502256105, 52.23769832942637]]]}}, {"type": "Feature", "id": "58502", "properties": {"OBJECTID": "58502", "LOCATIEGROEP_ID": "nl.imow-pv26.gebiedengroep.003000000000000000000811", "SYMBOOL_CODE": "vsgt114", "GROEP": "aardkundig waardevol gebied", "9e750651-8e97-4bc6-b09e-fc30b5f3e83c_id": "9159", "LOCATIE_ID": "nl.imow-pv26.gebied.003000000000000000000811e116958", "DOCUMENT_URL": "https://omgevingsbeleid.provincie-utrecht.nl/home?d=/akn/nl/act/pv26/2022/omgevingsverordening/nld@1089&o=", "NAAM": "Gebied aardkundige waarden", "TYPE": "erfgoed", "LOCATIEGROEP_NAAM": "Gebied aardkundige waarden", "LOCATIE_NAAM": null}, "geometry": {"type": "Polygon", "coordinates": [[[4.851372501444834, 52.193840676516444], [4.851669008658204, 52.19397796588217], [4.8517352617899, 52.1940669333709], [4.851714539583842, 52.19419096418646], [4.8517132619507235, 52.19429734979037], [4.8515774747512435, 52.19439129699449], [4.851528109837304, 52.19449747341899], [4.851411710129387, 52.19457968912335], [4.851247279329694, 52.19465578155072], [4.850946930492394, 52.194837647892285], [4.850874607530846, 52.19489828523951], [4.850734851884285, 52.19487806538007], [4.8507180377754615, 52.19467702545711], [4.850201521819781, 52.194438247008875], [4.849865124221191, 52.19436105519744], [4.849097936864186, 52.194232258890274], [4.848887486102663, 52.19413672739651], [4.848744796967532, 52.19400604676226], [4.84881418442227, 52.193834952286934], [4.848748508347175, 52.19369870867608], [4.848470672130574, 52.19360878321063], [4.848415906012318, 52.19336618875956], [4.848418548288242, 52.19314751279073], [4.848468847290244, 52.192964512107075], [4.848700720866427, 52.1928769118901], [4.848857096457503, 52.192670747278285], [4.84864823856603, 52.19244519256507], [4.848622168939605, 52.19221455732083], [4.848595171522951, 52.19206075660663], [4.848654591573923, 52.19191916938773], [4.84881003632442, 52.19178983934868], [4.849089915557079, 52.19170837141108], [4.8494661897923725, 52.191609599504574], [4.849698353899302, 52.191498360105705], [4.8503179760104445, 52.19195629796439], [4.850240342627948, 52.19202102731566], [4.850087584494677, 52.19206964984185], [4.8498926908174855, 52.19213167932495], [4.849660666252985, 52.19223110945098], [4.849466831972566, 52.1923543516217], [4.849281963143424, 52.19253082555417], [4.84932391659499, 52.19303933536556], [4.849360468708511, 52.19319909353411], [4.849272979251984, 52.19327553370369], [4.849347352494945, 52.19348865540585], [4.849316715760789, 52.19363627921156], [4.8496035355316875, 52.19377944379081], [4.849910713591308, 52.19382812816357], [4.850066161380407, 52.19369879651771], [4.850229736480622, 52.193693635441804], [4.850422151527217, 52.1936885962742], [4.8505749655223225, 52.193777948952246], [4.850728917796561, 52.19377274344631], [4.850894326858793, 52.193613903306975], [4.85109636451519, 52.193608906751344], [4.8512002409871435, 52.193768969995084], [4.851372501444834, 52.193840676516444]]]}}, {"type": "Feature", "id": "58509", "properties": {"OBJECTID": "58509", "LOCATIEGROEP_ID": "nl.imow-pv26.gebiedengroep.003000000000000000000811", "SYMBOOL_CODE": "vsgt114", "GROEP": "aardkundig waardevol gebied", "9e750651-8e97-4bc6-b09e-fc30b5f3e83c_id": "9160", "LOCATIE_ID": "nl.imow-pv26.gebied.003000000000000000000811e116928", "DOCUMENT_URL": "https://omgevingsbeleid.provincie-utrecht.nl/home?d=/akn/nl/act/pv26/2022/omgevingsverordening/nld@1089&o=", "NAAM": "Gebied aardkundige waarden", "TYPE": "erfgoed", "LOCATIEGROEP_NAAM": "Gebied aardkundige waarden", "LOCATIE_NAAM": null}, "geometry": {"type": "Polygon", "coordinates": [[[5.487763097363193, 52.13541015206992], [5.487715078396508, 52.13554884139862], [5.486280392048145, 52.135715157414985], [5.4852347689034, 52.13586449591444], [5.484850549442885, 52.135683770699295], [5.484849978414543, 52.13542308429626], [5.485515493041283, 52.135291117397564], [5.4861730084337665, 52.135090746070865], [5.48694172826208, 52.1349428744747], [5.487203379405654, 52.13524231123195], [5.487714378808882, 52.13523855053187], [5.487763097363193, 52.13541015206992]]]}}, {"type": "Feature", "id": "58503", "properties": {"OBJECTID": "58503", "LOCATIEGROEP_ID": "nl.imow-pv26.gebiedengroep.003000000000000000000811", "SYMBOOL_CODE": "vsgt114", "GROEP": "aardkundig waardevol gebied", "9e750651-8e97-4bc6-b09e-fc30b5f3e83c_id": "9161", "LOCATIE_ID": "nl.imow-pv26.gebied.003000000000000000000811e116807", "DOCUMENT_URL": "https://omgevingsbeleid.provincie-utrecht.nl/home?d=/akn/nl/act/pv26/2022/omgevingsverordening/nld@1089&o=", "NAAM": "Gebied aardkundige waarden", "TYPE": "erfgoed", "LOCATIEGROEP_NAAM": "Gebied aardkundige waarden", "LOCATIE_NAAM": null}, "geometry": {"type": "Polygon", "coordinates": [[[5.538507879880552, 51.97344658570084], [5.539544864467401, 51.974135368477775], [5.539792997097124, 51.97427885763736], [5.540310442229831, 51.97457844418839], [5.541264063799706, 51.97507435278039], [5.542500235650116, 51.975668481030006], [5.543392303589829, 51.976041153619605], [5.544486474436981, 51.976397532132125], [5.54470504586796, 51.97646634060475], [5.545656444411741, 51.97676532114224], [5.546739634483508, 51.97728152155621], [5.547721787245826, 51.97758409283239], [5.5485730620625935, 51.977910995967726], [5.549180842733426, 51.978196937061924], [5.549488845947886, 51.97840773463912], [5.549630950178597, 51.978645725405485], [5.549600736905022, 51.97878312471431], [5.548931079388946, 51.97874921899097], [5.548199884862826, 51.978614276621], [5.547519459933292, 51.97836466100667], [5.546709213835122, 51.978127567518534], [5.545916694353206, 51.97787950587821], [5.545086114786937, 51.977608453303176], [5.544243925969492, 51.977398359313554], [5.5441084919212935, 51.977364268254625], [5.543235516278312, 51.97699157578682], [5.542377992849714, 51.976550321453324], [5.541506441590797, 51.97618941575523], [5.5408386885116725, 51.97583610197103], [5.540221583888768, 51.97539031081199], [5.539568134465786, 51.97495691331318], [5.539011363337013, 51.9746652390003], [5.538977655224959, 51.97464758478975], [5.5375155532762195, 51.97400063345321], [5.536791753523846, 51.97352742983739], [5.536860470813727, 51.97347397041889], [5.537072913599747, 51.973419491816436], [5.538109630664281, 51.97315385794526], [5.538507879880552, 51.97344658570084]]]}}, {"type": "Feature", "id": "58504", "properties": {"OBJECTID": "58504", "LOCATIEGROEP_ID": "nl.imow-pv26.gebiedengroep.003000000000000000000811", "SYMBOOL_CODE": "vsgt114", "GROEP": "aardkundig waardevol gebied", "9e750651-8e97-4bc6-b09e-fc30b5f3e83c_id": "9162", "LOCATIE_ID": "nl.imow-pv26.gebied.003000000000000000000811e116832", "DOCUMENT_URL": "https://omgevingsbeleid.provincie-utrecht.nl/home?d=/akn/nl/act/pv26/2022/omgevingsverordening/nld@1089&o=", "NAAM": "Gebied aardkundige waarden", "TYPE": "erfgoed", "LOCATIEGROEP_NAAM": "Gebied aardkundige waarden", "LOCATIE_NAAM": null}, "geometry": {"type": "Polygon", "coordinates": [[[5.47409788996061, 52.01487402548754], [5.474513828216056, 52.01527565742029], [5.474718897321828, 52.01585411586342], [5.4741510267326285, 52.01598149488505], [5.472258404098701, 52.01429029816324], [5.472043570152101, 52.013826728707876], [5.471904393599524, 52.0134069124725], [5.471722698727173, 52.012885731488915], [5.471701615913323, 52.0125666678288], [5.471676036783275, 52.012165024383606], [5.4716746429075025, 52.012144244813776], [5.4716057602172965, 52.011951049385125], [5.471515878623844, 52.0119533609678], [5.471142645170285, 52.01196233777557], [5.470416440500247, 52.0122316536944], [5.469839988218612, 52.01249721067518], [5.469039330287937, 52.012756458770546], [5.468458672240612, 52.01297622632684], [5.468151435750923, 52.013109579713046], [5.46775752596322, 52.01276465219918], [5.467817817245811, 52.012248628916765], [5.468655755705394, 52.01171410157241], [5.469301926477154, 52.0113667635269], [5.470056139200438, 52.011234225164706], [5.470807566594695, 52.011078925981366], [5.4713443229904914, 52.01076929682774], [5.471364088904754, 52.010754110689355], [5.471697707439056, 52.01049770922608], [5.472008808977064, 52.010136278679056], [5.4720590472602595, 52.009746103203724], [5.472060962265505, 52.00919698037245], [5.471989034391464, 52.00894789003586], [5.471635996536333, 52.008670356844505], [5.471378722654953, 52.008127882441244], [5.471034264781676, 52.00769023548408], [5.470753977503771, 52.00736601717062], [5.470456215325748, 52.00706428991061], [5.470113187394647, 52.00665023306146], [5.469440118543498, 52.005944292045655], [5.469058218370109, 52.00554346285914], [5.468658159053364, 52.005291794298344], [5.468719493177455, 52.00523136039299], [5.468665690828891, 52.005181118036774], [5.468791955441682, 52.005036096536955], [5.468880820370516, 52.00497902295902], [5.46896967034403, 52.004905923459184], [5.469058518341944, 52.0048398616113], [5.469128938591642, 52.00477127789426], [5.469243746454361, 52.00470968287845], [5.469339867126898, 52.0046391126739], [5.469476920386428, 52.00454998016442], [5.469576880604783, 52.00446115214842], [5.46962109542427, 52.00437433158297], [5.469631736820566, 52.00434820455991], [5.470802879889305, 52.00552425768354], [5.4708946138981975, 52.00566266372148], [5.471892577806935, 52.007166626675144], [5.472756559978313, 52.0081861547648], [5.4732518386774185, 52.008939952003054], [5.473950504721735, 52.00941468607319], [5.474510335345984, 52.00975497576904], [5.475246200015136, 52.00991986225632], [5.476254335002523, 52.01000982864173], [5.476275727380449, 52.010007844020585], [5.477326035597666, 52.009903957974814], [5.478233555228484, 52.00987096387575], [5.479228834512269, 52.009458414757695], [5.4797094097313135, 52.00942377453232], [5.480058881043377, 52.009380526530705], [5.480283306918107, 52.00939831622827], [5.480421953709726, 52.00953219251969], [5.480405051611083, 52.009829659467215], [5.479972870167602, 52.010045707918344], [5.479199793743052, 52.01016766471824], [5.478481967680618, 52.01026512577961], [5.477860292109033, 52.01041671577118], [5.478253678747404, 52.01047652421895], [5.478999550307722, 52.010515545523575], [5.479621618222014, 52.01066083645145], [5.479951337816392, 52.01085831568293], [5.4796821956395245, 52.0110130069992], [5.478843012486783, 52.01097603124458], [5.477706770183951, 52.01091202669302], [5.4767002681952, 52.01085634327883], [5.476124509658867, 52.01076183878841], [5.475855193809836, 52.0107176678934], [5.475940113860068, 52.01096168567892], [5.475969411559249, 52.01104564871297], [5.4762816648215376, 52.011277980439594], [5.476764889537524, 52.01187195366226], [5.475898422747981, 52.01197316133266], [5.475147463035148, 52.01155746728462], [5.474772403000639, 52.011211704150796], [5.474501535472999, 52.01096276354594], [5.47439756942662, 52.01086706315624], [5.4735289100373485, 52.01064749532498], [5.473189990317041, 52.01086149083267], [5.473081391401201, 52.01119609980044], [5.472899164097778, 52.011828773074534], [5.472949916869616, 52.01194558182243], [5.4732473323888815, 52.01263211192258], [5.473711572801558, 52.01319184867943], [5.474070555324826, 52.01357273464174], [5.474532888226427, 52.01384652997577], [5.4750479681855575, 52.0143258876283], [5.475248613602308, 52.014846204304064], [5.474817432843235, 52.01479990521375], [5.4741572769452, 52.01463327034181], [5.47409788996061, 52.01487402548754]]]}}, {"type": "Feature", "id": "58505", "properties": {"OBJECTID": "58505", "LOCATIEGROEP_ID": "nl.imow-pv26.gebiedengroep.003000000000000000000811", "SYMBOOL_CODE": "vsgt114", "GROEP": "aardkundig waardevol gebied", "9e750651-8e97-4bc6-b09e-fc30b5f3e83c_id": "9163", "LOCATIE_ID": "nl.imow-pv26.gebied.003000000000000000000811e116857", "DOCUMENT_URL": "https://omgevingsbeleid.provincie-utrecht.nl/home?d=/akn/nl/act/pv26/2022/omgevingsverordening/nld@1089&o=", "NAAM": "Gebied aardkundige waarden", "TYPE": "erfgoed", "LOCATIEGROEP_NAAM": "Gebied aardkundige waarden", "LOCATIE_NAAM": null}, "geometry": {"type": "Polygon", "coordinates": [[[5.37398042481107, 52.04066078852934], [5.3737193917294155, 52.04082760527745], [5.373476643608861, 52.04072252472877], [5.3733760004534386, 52.04067897476724], [5.37237789131212, 52.03978650771048], [5.371749807987149, 52.039122998518515], [5.371101380911033, 52.03871029599753], [5.371047525553654, 52.03839037536344], [5.370744809115474, 52.037963399235586], [5.370860149250083, 52.03764349278329], [5.37050625558008, 52.037058372338834], [5.370422629196694, 52.036588732380714], [5.370386954270956, 52.03638761860954], [5.3702238712346455, 52.035888755871106], [5.370194059904952, 52.0358331422316], [5.370109402675599, 52.03567639558913], [5.369926692271069, 52.03533706836083], [5.36985348794242, 52.03500000389108], [5.369820523143794, 52.03484804622463], [5.369650098818462, 52.03452080032957], [5.369347900206371, 52.03461681116046], [5.369141575319019, 52.03468250997013], [5.368924177380311, 52.035064471056664], [5.368890582152365, 52.03539702563767], [5.368607681538079, 52.03560988284312], [5.368151520386314, 52.035734799083016], [5.367972394183485, 52.035534506335416], [5.367947731120359, 52.03516936072255], [5.367982926202603, 52.034860400425096], [5.368201672541898, 52.0345115894016], [5.368351839254622, 52.0342562882994], [5.368465546973793, 52.03402542889071], [5.3685968283981165, 52.03375945559791], [5.368580470639588, 52.03367013824955], [5.368538668051608, 52.033441213673605], [5.368636435585231, 52.03323253420698], [5.3685695582022035, 52.03306287326579], [5.368868283407298, 52.03310139782274], [5.369188854926157, 52.033173351695496], [5.369678372768918, 52.03327510731613], [5.3700121847209, 52.033255211460805], [5.370513353652517, 52.0332653944883], [5.371109465351695, 52.03327334124006], [5.3713061396259505, 52.033439647608795], [5.371205337106411, 52.03389915089043], [5.3712663665278555, 52.03452635788457], [5.371323085716828, 52.03510694292903], [5.3714583567973335, 52.03573275745049], [5.371570421011384, 52.03630071231086], [5.371921194458414, 52.03738831787472], [5.372129211473683, 52.037737190466856], [5.372519684090833, 52.037963631471], [5.3724977647930485, 52.03814170095455], [5.3727178264850375, 52.038587483613234], [5.373068860214269, 52.038987496079514], [5.373549675380584, 52.03947992902452], [5.373839512414149, 52.03971926991085], [5.3741033860405665, 52.03993753913096], [5.374399146222616, 52.040177724154006], [5.374528900353751, 52.04036087043532], [5.3744801323150035, 52.0404639496972], [5.374376971121893, 52.040458321090526], [5.374315712809106, 52.0404549439521], [5.37398042481107, 52.04066078852934]]]}}, {"type": "Feature", "id": "58510", "properties": {"OBJECTID": "58510", "LOCATIEGROEP_ID": "nl.imow-pv26.gebiedengroep.003000000000000000000811", "SYMBOOL_CODE": "vsgt114", "GROEP": "aardkundig waardevol gebied", "9e750651-8e97-4bc6-b09e-fc30b5f3e83c_id": "9164", "LOCATIE_ID": "nl.imow-pv26.gebied.003000000000000000000811e116865", "DOCUMENT_URL": "https://omgevingsbeleid.provincie-utrecht.nl/home?d=/akn/nl/act/pv26/2022/omgevingsverordening/nld@1089&o=", "NAAM": "Gebied aardkundige waarden", "TYPE": "erfgoed", "LOCATIEGROEP_NAAM": "Gebied aardkundige waarden", "LOCATIE_NAAM": null}, "geometry": {"type": "Polygon", "coordinates": [[[5.223962654225115, 52.05800679712884], [5.223637971799092, 52.05838498820233], [5.222748841646737, 52.05840368690089], [5.221728611257359, 52.05890047792625], [5.220418220148751, 52.05917763958938], [5.218866037857825, 52.05926510768771], [5.217506502464635, 52.05970159743285], [5.217864024875706, 52.05920388398206], [5.218269269648013, 52.05890553961549], [5.219175831847321, 52.05840207324423], [5.22013900830402, 52.057909609627885], [5.2207806249289135, 52.05771299489561], [5.221823509779737, 52.057319400061544], [5.2224661855308465, 52.05682646735715], [5.223348826720006, 52.056432643964094], [5.2251656452011455, 52.05612518283733], [5.22649076441976, 52.0562166707898], [5.227443375791597, 52.05651690028673], [5.229115349650787, 52.05678619009547], [5.231997868277649, 52.057185082183544], [5.233759753838441, 52.0573355389125], [5.236163360845057, 52.057239872418556], [5.2376862488814995, 52.056994901744396], [5.2402506870212155, 52.05670183355405], [5.2408923593402275, 52.05645571986524], [5.242256105612305, 52.05586481078787], [5.241903063572534, 52.05491093808492], [5.242859493986345, 52.054383909934735], [5.244185760672488, 52.05364494364365], [5.244027914443553, 52.05290401673906], [5.243992331607883, 52.05198091469307], [5.243954130816076, 52.0509286234807], [5.24331620124814, 52.050038960284716], [5.241985674085108, 52.049426372286725], [5.24130507013506, 52.04913903649024], [5.240706365317612, 52.04906825882965], [5.2397062687824825, 52.04859587388188], [5.238207701135947, 52.0484245369163], [5.238274035263564, 52.048102676105714], [5.239594308242072, 52.04810549602959], [5.240182397703964, 52.04825266494707], [5.241178195620286, 52.048227037138865], [5.241564995185337, 52.0485918210896], [5.242131769260027, 52.048955423196205], [5.242678147887316, 52.04923622618656], [5.243358210386615, 52.0496954596539], [5.244058330096009, 52.05034698678194], [5.245235384978398, 52.05102893436028], [5.245827407710218, 52.05168494046701], [5.245996061748912, 52.052872010809565], [5.245546099672581, 52.054091037762404], [5.2445813987729935, 52.055176291796535], [5.243375849485787, 52.05640938585325], [5.242045648622846, 52.057154126270376], [5.240606608043952, 52.0578254994273], [5.237789199278464, 52.05817625517897], [5.2342822937284135, 52.05845518928197], [5.231379625523835, 52.05850453541969], [5.229510673540272, 52.05826819861715], [5.227761189542133, 52.0580518484309], [5.226388340373158, 52.057731122571695], [5.223962654225115, 52.05800679712884]]]}}, {"type": "Feature", "id": "58512", "properties": {"OBJECTID": "58512", "LOCATIEGROEP_ID": "nl.imow-pv26.gebiedengroep.003000000000000000000811", "SYMBOOL_CODE": "vsgt114", "GROEP": "aardkundig waardevol gebied", "9e750651-8e97-4bc6-b09e-fc30b5f3e83c_id": "9166", "LOCATIE_ID": "nl.imow-pv26.gebied.003000000000000000000811e116887", "DOCUMENT_URL": "https://omgevingsbeleid.provincie-utrecht.nl/home?d=/akn/nl/act/pv26/2022/omgevingsverordening/nld@1089&o=", "NAAM": "Gebied aardkundige waarden", "TYPE": "erfgoed", "LOCATIEGROEP_NAAM": "Gebied aardkundige waarden", "LOCATIE_NAAM": null}, "geometry": {"type": "Polygon", "coordinates": [[[5.346730152324397, 52.08278828213022], [5.34639627008915, 52.08270811998952], [5.346465395332218, 52.08264044592718], [5.346583129325252, 52.082525610322556], [5.346750727469755, 52.082459102353106], [5.346842859719832, 52.082422336799794], [5.3497085974617455, 52.08193258672812], [5.350677253609478, 52.081807902003376], [5.351347158784916, 52.081556441799506], [5.3518682099363835, 52.081305778314785], [5.3519616603062845, 52.08103082614644], [5.351975458622416, 52.08086624130087], [5.351980760387874, 52.08080248173548], [5.351572623714184, 52.08037992177546], [5.351071033601689, 52.0802424145102], [5.3476126954189285, 52.079775619714674], [5.347500337944429, 52.07976041025186], [5.3468321996753785, 52.07957761907269], [5.346441413100953, 52.07944013882324], [5.346311754662819, 52.07939403036798], [5.346160370618052, 52.079177420089536], [5.346144214128483, 52.07915409950485], [5.346443449559031, 52.07894832292049], [5.346981551657234, 52.07900608448874], [5.348136698874519, 52.079283977321175], [5.3481717897415795, 52.07929241968437], [5.348952119048289, 52.079430020764434], [5.3496960125600745, 52.079532776474124], [5.349827435551367, 52.07937384658652], [5.3497530211795, 52.079236189196656], [5.34921362219305, 52.078824257132005], [5.349028587427376, 52.07850427723561], [5.349419794333649, 52.07840188519188], [5.349921292771628, 52.07861888075483], [5.350043401334443, 52.07869419400719], [5.3503119834097905, 52.07885971192282], [5.350682388744073, 52.07913396205076], [5.351016250016992, 52.0794882473202], [5.351425871148703, 52.07975183826141], [5.351872115329097, 52.079808426176704], [5.352280542329608, 52.07985433244781], [5.352856705746449, 52.07993454849181], [5.353322138927307, 52.0799689539971], [5.353917277114187, 52.079980636481324], [5.354190170635697, 52.07990711881343], [5.354084921634321, 52.08014022118587], [5.354008870140358, 52.080323331184665], [5.3539946235030484, 52.080492976421084], [5.353970705070982, 52.080780586939646], [5.353934048126773, 52.081032241710524], [5.353839746888095, 52.08125129859581], [5.35374703780146, 52.081466419087775], [5.353875118863941, 52.08180884548874], [5.3538894132581705, 52.08189086534594], [5.353912800465899, 52.08202653734668], [5.354097918467327, 52.082300724350915], [5.3545208247131715, 52.08253171750147], [5.353725692252417, 52.082586268465626], [5.35307521238849, 52.08246025025929], [5.352735145584738, 52.08240510002397], [5.352241479232095, 52.0823249078161], [5.352088987544564, 52.08230014558308], [5.351882253292205, 52.08229614731985], [5.351474912169925, 52.082288160542845], [5.350749826041653, 52.08226463347805], [5.346730152324397, 52.08278828213022]]]}}, {"type": "Feature", "id": "58513", "properties": {"OBJECTID": "58513", "LOCATIEGROEP_ID": "nl.imow-pv26.gebiedengroep.003000000000000000000811", "SYMBOOL_CODE": "vsgt114", "GROEP": "aardkundig waardevol gebied", "9e750651-8e97-4bc6-b09e-fc30b5f3e83c_id": "9167", "LOCATIE_ID": "nl.imow-pv26.gebied.003000000000000000000811e116935", "DOCUMENT_URL": "https://omgevingsbeleid.provincie-utrecht.nl/home?d=/akn/nl/act/pv26/2022/omgevingsverordening/nld@1089&o=", "NAAM": "Gebied aardkundige waarden", "TYPE": "erfgoed", "LOCATIEGROEP_NAAM": "Gebied aardkundige waarden", "LOCATIE_NAAM": null}, "geometry": {"type": "Polygon", "coordinates": [[[5.486434853812845, 52.14595149931998], [5.486646837220905, 52.146278203132155], [5.486670844883489, 52.14635852611138], [5.483224335831434, 52.147399539826125], [5.482543882048444, 52.14652971812049], [5.48349733699687, 52.14634383545265], [5.4849622846417585, 52.145866087318474], [5.486415019784958, 52.14567190098315], [5.486434853812845, 52.14595149931998]]]}}, {"type": "Feature", "id": "58514", "properties": {"OBJECTID": "58514", "LOCATIEGROEP_ID": "nl.imow-pv26.gebiedengroep.003000000000000000000811", "SYMBOOL_CODE": "vsgt114", "GROEP": "aardkundig waardevol gebied", "9e750651-8e97-4bc6-b09e-fc30b5f3e83c_id": "9168", "LOCATIE_ID": "nl.imow-pv26.gebied.003000000000000000000811e116843", "DOCUMENT_URL": "https://omgevingsbeleid.provincie-utrecht.nl/home?d=/akn/nl/act/pv26/2022/omgevingsverordening/nld@1089&o=", "NAAM": "Gebied aardkundige waarden", "TYPE": "erfgoed", "LOCATIEGROEP_NAAM": "Gebied aardkundige waarden", "LOCATIE_NAAM": null}, "geometry": {"type": "Polygon", "coordinates": [[[5.453951916951467, 52.018397678387686], [5.454771597290209, 52.018994919973174], [5.45538575014866, 52.019608283175494], [5.455417209212078, 52.01963130146973], [5.456185190456122, 52.02019485767221], [5.456743599479751, 52.02050181431595], [5.457097769093689, 52.02082237222184], [5.45720837970689, 52.020890481255186], [5.457540463893395, 52.02125388837192], [5.457724858709678, 52.021390127614836], [5.4575177211705785, 52.021475719880605], [5.45716780916565, 52.021600072819744], [5.456913004358086, 52.0216979701822], [5.456829348349563, 52.02162274428394], [5.456438851248247, 52.021272159735105], [5.456289545819325, 52.02113799207162], [5.456144107629397, 52.02100746213605], [5.45529492260669, 52.020205210286704], [5.455243423815157, 52.02016759787275], [5.454747999438986, 52.01980639050777], [5.454214112470637, 52.0192828594751], [5.454019847724507, 52.019070347078454], [5.453693133773368, 52.018712409644685], [5.453449319922097, 52.01838617060706], [5.453497162532044, 52.01825946494443], [5.453951916951467, 52.018397678387686]]]}}, {"type": "Feature", "id": "58515", "properties": {"OBJECTID": "58515", "LOCATIEGROEP_ID": "nl.imow-pv26.gebiedengroep.003000000000000000000811", "SYMBOOL_CODE": "vsgt114", "GROEP": "aardkundig waardevol gebied", "9e750651-8e97-4bc6-b09e-fc30b5f3e83c_id": "9169", "LOCATIE_ID": "nl.imow-pv26.gebied.003000000000000000000811e116894", "DOCUMENT_URL": "https://omgevingsbeleid.provincie-utrecht.nl/home?d=/akn/nl/act/pv26/2022/omgevingsverordening/nld@1089&o=", "NAAM": "Gebied aardkundige waarden", "TYPE": "erfgoed", "LOCATIEGROEP_NAAM": "Gebied aardkundige waarden", "LOCATIE_NAAM": null}, "geometry": {"type": "Polygon", "coordinates": [[[5.321728358870855, 52.10347057764456], [5.321316583905623, 52.10356106471229], [5.320816984836399, 52.103671175777514], [5.3205553984754, 52.10381933063165], [5.320759501984995, 52.10397953995824], [5.32187658665154, 52.104265532035335], [5.322069452311685, 52.10430917640464], [5.322590868532612, 52.104427151612036], [5.322991442342915, 52.10451780727399], [5.324237600554777, 52.104667624797166], [5.325298588024455, 52.104805531038615], [5.326247257552718, 52.104862765420584], [5.327846465563691, 52.10518433430275], [5.328962780227432, 52.105413247841106], [5.329987135722403, 52.105869880300624], [5.330040936979384, 52.10589378745398], [5.331519768103681, 52.106418889321], [5.332374582422905, 52.10679594006438], [5.333359121837252, 52.10741375138152], [5.3336931384210216, 52.10769982929266], [5.333822784996121, 52.10781392764178], [5.333734451410127, 52.10786838197307], [5.3336374405490234, 52.10792816219089], [5.333097636807966, 52.107687766025514], [5.332427852353264, 52.10743579359858], [5.331629808068936, 52.107069726358745], [5.330607205228192, 52.106635003891164], [5.329555805204334, 52.10627104798317], [5.328347718213245, 52.10591542651264], [5.326841841987563, 52.1055264931658], [5.325408784794214, 52.10527408845583], [5.323604938610069, 52.10515797715516], [5.322469593897095, 52.10502085085142], [5.32112997953175, 52.10483670014797], [5.320285300616427, 52.10448569257362], [5.319776277516364, 52.10427355588585], [5.319643479526822, 52.10421821277643], [5.318656330205027, 52.10397833851819], [5.318033118141241, 52.10393023100689], [5.317102980093276, 52.1038583359769], [5.316554798964231, 52.103816161275454], [5.315847048258666, 52.10372501096604], [5.3152152480904515, 52.103484764699026], [5.312816460684052, 52.103116450949706], [5.310324605961971, 52.10251996604938], [5.309971610345638, 52.10237143360256], [5.309636056985109, 52.102291157510464], [5.30845002102063, 52.10186390053923], [5.307434172746788, 52.10160776155489], [5.306729893117555, 52.10110915018973], [5.304698333286222, 52.100566193668065], [5.302915727326702, 52.100002932281974], [5.3016705574237495, 52.10000649499969], [5.3002404612251866, 52.099911588626576], [5.295596241850112, 52.099167266602784], [5.292623113080434, 52.0987306483086], [5.291317558173302, 52.09825701421087], [5.289369813363346, 52.09746350880977], [5.287629411401978, 52.09672124305183], [5.286323982312879, 52.096234772557935], [5.285847463111655, 52.09603000371856], [5.2847285143289, 52.095633079306324], [5.285579896985936, 52.09513569014822], [5.2866384378247995, 52.09472786636293], [5.2884412521656365, 52.09534247948589], [5.2892907727822385, 52.095675276604865], [5.290990208735467, 52.096174799034536], [5.292502978541177, 52.0966997092369], [5.293186614246791, 52.09704511696175], [5.293878378002334, 52.09747993094321], [5.294520707405535, 52.097761438345785], [5.295432663957309, 52.098030371154024], [5.296324048963392, 52.09822264922045], [5.297920300259474, 52.09855595631916], [5.298811731663879, 52.098735443606586], [5.299537374086089, 52.09885094131652], [5.300325349005109, 52.098915383562634], [5.300947478598784, 52.09894138359782], [5.3019220926698125, 52.09901873231141], [5.302647907021457, 52.09905757017511], [5.303809267521994, 52.099083939983345], [5.305073913943148, 52.099332616869084], [5.306379891141372, 52.099678379014634], [5.307416095207822, 52.100113357472964], [5.308058141506703, 52.10062469510006], [5.308555079716778, 52.101097607758874], [5.309342448804646, 52.10153240319348], [5.309954899399224, 52.101880173986075], [5.310716518119386, 52.102051432849414], [5.311367317023444, 52.10208696863771], [5.312055908965976, 52.10229356671071], [5.31293000292573, 52.10245422297489], [5.3139162644783715, 52.10262644704381], [5.314790376121296, 52.1027752882519], [5.315422039800596, 52.10294729079768], [5.3158857692025245, 52.103175920999014], [5.316314821599356, 52.10326774905807], [5.316723479812575, 52.10327978582987], [5.317206488688588, 52.10329159561928], [5.317250514301061, 52.10328825119238], [5.317933394713178, 52.10323472550516], [5.318118784717702, 52.10324634769427], [5.318807600246127, 52.103338596911684], [5.319099790627602, 52.1033095546722], [5.3192069970146765, 52.10329893866584], [5.319830819986352, 52.10323665860384], [5.320503489303195, 52.1031570020414], [5.32066405428357, 52.10313798406766], [5.3209694765039925, 52.10310164638155], [5.321186389909753, 52.10308575114396], [5.322510157630242, 52.102988181477656], [5.3226789436965785, 52.102975636625494], [5.323831712923564, 52.10315055590722], [5.324790531906624, 52.10308294608464], [5.325454249514072, 52.10308329474947], [5.326154819138515, 52.10310636242575], [5.327187051599682, 52.10326584402618], [5.327740136362385, 52.10328882729217], [5.327961076463546, 52.10351600226132], [5.3277763726187315, 52.10376568624036], [5.326854641073403, 52.10367439538515], [5.3262646977877175, 52.10365138896753], [5.325564182042426, 52.10358289659115], [5.3248266733107865, 52.103605222315785], [5.323646744487156, 52.103581880919386], [5.3229606035756785, 52.10347755460011], [5.322212681536058, 52.10336382481604], [5.321728358870855, 52.10347057764456]]]}}, {"type": "Feature", "id": "58506", "properties": {"OBJECTID": "58506", "LOCATIEGROEP_ID": "nl.imow-pv26.gebiedengroep.003000000000000000000811", "SYMBOOL_CODE": "vsgt114", "GROEP": "aardkundig waardevol gebied", "9e750651-8e97-4bc6-b09e-fc30b5f3e83c_id": "9170", "LOCATIE_ID": "nl.imow-pv26.gebied.003000000000000000000811e116970", "DOCUMENT_URL": "https://omgevingsbeleid.provincie-utrecht.nl/home?d=/akn/nl/act/pv26/2022/omgevingsverordening/nld@1089&o=", "NAAM": "Gebied aardkundige waarden", "TYPE": "erfgoed", "LOCATIEGROEP_NAAM": "Gebied aardkundige waarden", "LOCATIE_NAAM": null}, "geometry": {"type": "Polygon", "coordinates": [[[4.93113561995091, 52.27000055195446], [4.930866857652786, 52.2702804215769], [4.930214328159011, 52.27185295244919], [4.929298013471068, 52.2736783740547], [4.929381650931293, 52.2745918736303], [4.92944378672363, 52.27533406203406], [4.9279745125615495, 52.277592710969614], [4.927000163471526, 52.277897026097406], [4.925990932657806, 52.278066478171056], [4.926033172074793, 52.277970913281074], [4.926152093242847, 52.277773338657695], [4.9263840401256545, 52.27743211117825], [4.926445076659347, 52.27735504450415], [4.926674660736566, 52.27709441932489], [4.926688485737728, 52.27707672215718], [4.926785268563538, 52.27685579108066], [4.926795760966541, 52.27676083927148], [4.926789358879173, 52.27646060190188], [4.926790481731098, 52.27627425201501], [4.926782215983121, 52.27598845084936], [4.92676216334791, 52.27583634311397], [4.926734666895009, 52.27560360325155], [4.926734635803011, 52.2755429081123], [4.926734631198614, 52.275541937405464], [4.926734608904283, 52.275464821479325], [4.92675418395428, 52.27537709531283], [4.926789836915965, 52.27530592447994], [4.9268764078181055, 52.275187873489266], [4.926994729614771, 52.275042901560276], [4.927117320167953, 52.27486762108071], [4.9272301414499795, 52.2746692216347], [4.927256779615815, 52.274622381672984], [4.927323535532221, 52.27448193639559], [4.92744103446946, 52.274248969642514], [4.92759849689719, 52.273964055497785], [4.927616156165237, 52.27392822662703], [4.927654932704851, 52.273808317497945], [4.927661330407431, 52.27371236098289], [4.9276496303748365, 52.27365214176296], [4.927611420746466, 52.27355408843936], [4.927537081636964, 52.273417624308564], [4.927459312759374, 52.273311103337264], [4.927289312729858, 52.273136553918185], [4.926991251933099, 52.272887733409235], [4.9267193451519615, 52.27267874036661], [4.926714286771996, 52.27267484689378], [4.926667423661858, 52.27263882073971], [4.926631906280468, 52.27256263604825], [4.926640220210086, 52.27251246222337], [4.926651425743648, 52.272444791300885], [4.926781245982579, 52.27228246381548], [4.9269922202276515, 52.27216951689133], [4.927096830941552, 52.27212549705896], [4.927382342566613, 52.272034410390205], [4.927662849921385, 52.27193833329125], [4.927759292813115, 52.27189063205027], [4.927852642034278, 52.271840294253266], [4.927980410071856, 52.27177115265482], [4.928014655902839, 52.27174215600535], [4.9280332325680645, 52.2717067530537], [4.928043543416523, 52.271633272358926], [4.928043248417958, 52.27156532294675], [4.9280456875409815, 52.27142551717517], [4.92811853129281, 52.271144470869416], [4.928228311312622, 52.270956906914606], [4.928293664062863, 52.270852236267004], [4.928394897021256, 52.27065797896214], [4.928506388882086, 52.27046614315716], [4.92855871521042, 52.27039990786148], [4.928607475406092, 52.27035414205881], [4.928683503247996, 52.27030808653443], [4.9287359575947125, 52.27027630215338], [4.9288704988934064, 52.27021893299935], [4.929053850188139, 52.27013789007775], [4.929120378880754, 52.27009799009906], [4.9291856838306245, 52.270058831334694], [4.92929998137112, 52.26995832238282], [4.929353782559671, 52.26989095997504], [4.92941238394214, 52.26979418086292], [4.929427391368989, 52.269769450437835], [4.929591986428315, 52.269419273217196], [4.929643572975285, 52.2692879354378], [4.92965484738739, 52.26924580799466], [4.929656327727203, 52.26920870281306], [4.929659157662861, 52.26913723324306], [4.929634136385706, 52.26900319916801], [4.929629818274547, 52.268980047677935], [4.929623282074395, 52.26896032096804], [4.929621519968726, 52.268955020292175], [4.929626308436216, 52.26895522757251], [4.929621247825679, 52.268937322123676], [4.929604716274052, 52.26888236921263], [4.929594654977643, 52.268852131023394], [4.929552003191681, 52.26873870077408], [4.9294774915631, 52.268542305948564], [4.92945610231753, 52.26848821501381], [4.929431565114825, 52.26842541162567], [4.929421683026541, 52.26840340700192], [4.929404848480051, 52.26837652200286], [4.929390510379887, 52.268353331696375], [4.929357905267358, 52.26834708467937], [4.929317231770604, 52.268336204611686], [4.92927695101673, 52.268324175603865], [4.9292374846611775, 52.26830988479382], [4.9291855351682035, 52.26828861595653], [4.929092311496342, 52.26824937319273], [4.929001317303308, 52.26821130741961], [4.928924230993796, 52.268182714782796], [4.928783312561896, 52.268131629594144], [4.928696999208309, 52.26809999008876], [4.92862358582344, 52.2680732630017], [4.928549015709569, 52.26804790652504], [4.928515037120145, 52.26803707911851], [4.9284392939074575, 52.26801468401793], [4.928367199372312, 52.26799505331948], [4.928318002985543, 52.267982486055615], [4.9282539431169, 52.26796933078122], [4.928197226077703, 52.267960122695925], [4.928141624721965, 52.26795069421919], [4.927987706337936, 52.267928696272136], [4.927852724247628, 52.26790870410127], [4.927411633900698, 52.267834915527985], [4.9271362968358545, 52.26778619955266], [4.926919168557368, 52.26774694014332], [4.926691268933691, 52.267706667682276], [4.9264744882717375, 52.267667867188926], [4.926332620721107, 52.2676409527414], [4.9262073947097464, 52.26761693420248], [4.926122995275482, 52.26759879106853], [4.926033855580423, 52.267575811880846], [4.925885197774653, 52.26753695248274], [4.925817943724237, 52.26751691668198], [4.92568794006263, 52.267476188460456], [4.925625971033696, 52.26745368354201], [4.9255835908834324, 52.26743661186119], [4.9255345524310545, 52.26741742897462], [4.925468968864859, 52.26739032604067], [4.925421865668283, 52.26736818466745], [4.925329165746405, 52.26732415042271], [4.925252295146833, 52.26728644251309], [4.925167720993445, 52.26724430937226], [4.925062967940663, 52.26719011644563], [4.924946933179311, 52.26712622633074], [4.924869778883322, 52.26708486798234], [4.924819153550206, 52.267054929090285], [4.924764680025239, 52.267014684004714], [4.92474790624032, 52.267000597298555], [4.924712209458288, 52.26696919781068], [4.9246859872005695, 52.2669452054409], [4.924658794203433, 52.266915951359465], [4.924633312216704, 52.2668771228914], [4.924603584658819, 52.26682957753917], [4.924571382531725, 52.26677628822938], [4.9245185133784535, 52.26668605873883], [4.924476998486335, 52.26661547622727], [4.92443774150484, 52.26654472278166], [4.924396143323139, 52.266466679975466], [4.924355965521578, 52.26638589242446], [4.924322622015304, 52.266312825242586], [4.924295781132954, 52.266248375925116], [4.924267737643845, 52.26617984139462], [4.924242601464951, 52.26610784892225], [4.924235245977632, 52.266084065154665], [4.924209777739851, 52.26598064076572], [4.924165708616907, 52.26578819946966], [4.924137218073901, 52.265673986753804], [4.924100037545637, 52.2655333425851], [4.924072225349466, 52.26541591484434], [4.924045536451619, 52.26529894987716], [4.924020853742039, 52.26516940074377], [4.923999625200577, 52.26504577916183], [4.9239827057959555, 52.26495430612805], [4.923962373375402, 52.26483890296741], [4.9239563410926195, 52.26477247687273], [4.9239449546462755, 52.26463781178567], [4.92393353908235, 52.26452142792794], [4.92392532087293, 52.26441733404223], [4.923915542726352, 52.26428860724741], [4.923907431414394, 52.26419113784276], [4.923898773133192, 52.26410259125742], [4.923886972908979, 52.2640062937892], [4.923872010405888, 52.26389998041089], [4.923861480499229, 52.2638322244386], [4.92384828602146, 52.263761518982214], [4.923842016249595, 52.263744660102844], [4.923810956543666, 52.26367339926179], [4.923781527710322, 52.263610117056345], [4.923767637531229, 52.26358372810501], [4.9237435858859095, 52.26354987532015], [4.9236985659763945, 52.263488518282266], [4.923650884191871, 52.26342537118668], [4.9236048080169335, 52.26336700293345], [4.923563336864654, 52.26331796417023], [4.923536428385065, 52.26329120954989], [4.923494385879004, 52.26325062611757], [4.923450552516909, 52.263214628451564], [4.923345127541461, 52.263147308984685], [4.923256630408726, 52.263090382942785], [4.923136703113482, 52.263023177133675], [4.923067974377276, 52.2629894094416], [4.922973015996624, 52.262945319473644], [4.922866469576675, 52.26289856843327], [4.922670675757914, 52.26281499375598], [4.922610388796596, 52.26279349148023], [4.9224668988857525, 52.262741292012116], [4.922350153957739, 52.26270057621295], [4.922240715891257, 52.26266432905516], [4.922131415080662, 52.262630383233706], [4.922021851970696, 52.262601927875515], [4.921899978399155, 52.262571266863006], [4.921792407087697, 52.26254987462109], [4.921628946094972, 52.26252499955189], [4.921505430297724, 52.26250713939801], [4.921365200260653, 52.26249076814805], [4.92118623019736, 52.26247262618265], [4.920999096023136, 52.262454991018444], [4.920969733317485, 52.26245156766163], [4.920807016966297, 52.26243259044259], [4.92065146592788, 52.26241199649847], [4.920503681317617, 52.262389734303696], [4.920381942730162, 52.262367305155955], [4.920291524565179, 52.2623473903849], [4.920141667662577, 52.262313264528636], [4.919996296121868, 52.26228026172066], [4.919850143073062, 52.262244981707816], [4.919595300120123, 52.26218762874872], [4.919428648541798, 52.262150199902976], [4.91926861148924, 52.26211757856282], [4.919255836589946, 52.26211497542859], [4.919192576073685, 52.26210207901024], [4.91894276975425, 52.26204648823013], [4.9188693979573035, 52.262027053338436], [4.918782333069324, 52.262003196023464], [4.918730844358386, 52.261988027132496], [4.918676059711221, 52.26197009486088], [4.918580612829656, 52.26193545465784], [4.918479329073433, 52.261898715028835], [4.918455835580113, 52.261888825064986], [4.918400809753998, 52.261864609174864], [4.9183407328087325, 52.2618346119867], [4.918282567087631, 52.261803957246116], [4.918215771175347, 52.261763830951935], [4.918157829116635, 52.261725869883584], [4.91811789776408, 52.26169544021198], [4.918086870984259, 52.26166513574688], [4.918048829563876, 52.26162217544816], [4.918013541047188, 52.26157513657519], [4.91799978534021, 52.261551659534206], [4.917986496203063, 52.26151449578962], [4.9179726991437756, 52.261458823964496], [4.91797132768261, 52.26137634565432], [4.917975197387066, 52.261281619681355], [4.917986781841344, 52.261210939971654], [4.9180262125921335, 52.2610776173552], [4.918064619146724, 52.26095111246582], [4.918119058070333, 52.26081270830859], [4.918198464267046, 52.26060540316626], [4.9182420218999265, 52.260458417272815], [4.918287568163327, 52.26030755648091], [4.918344841252715, 52.26011688089189], [4.918362449600833, 52.260067993699096], [4.918434793473116, 52.25987180534687], [4.918500807047813, 52.25968694354903], [4.918541219266551, 52.25957419790635], [4.918578782892569, 52.25946071293465], [4.918603473570316, 52.25938460249411], [4.918618990522379, 52.25932145217005], [4.918623508453848, 52.25927351967879], [4.918633206075583, 52.25918018291575], [4.9186379739034045, 52.25909320801037], [4.918640884095516, 52.25900599205396], [4.918637453909444, 52.258942263287], [4.918618327706535, 52.25881402910343], [4.918588083639931, 52.25870537140365], [4.918553556698898, 52.25858617188883], [4.918515793674652, 52.25847525535374], [4.918489778607527, 52.25840595439965], [4.918447217490226, 52.258319528795916], [4.918407005606902, 52.25824091398474], [4.918369954788112, 52.25817924488918], [4.918341855517419, 52.258139595679864], [4.918299477247608, 52.25808174325753], [4.918237425427702, 52.25799918592975], [4.918188212308147, 52.25793392728434], [4.918153636913011, 52.25788758331102], [4.91809899753713, 52.257817458616834], [4.918057408245612, 52.25775845878344], [4.9179976390823175, 52.25767480487188], [4.917943365861236, 52.25759917197552], [4.917819971059641, 52.257407392618845], [4.917761257398547, 52.257315402004444], [4.9177017897989375, 52.257222707307854], [4.917676185516546, 52.257184074485316], [4.917651244359509, 52.2571464509357], [4.917600690159875, 52.257076593887525], [4.917549766702269, 52.25701814997714], [4.917471697207951, 52.25694646684212], [4.9173958584015365, 52.25688687225372], [4.917303282638894, 52.25681724349645], [4.917204380768613, 52.25675170596517], [4.916986138004878, 52.256613125331555], [4.916795784649068, 52.25648960216737], [4.916671210520707, 52.256411522749815], [4.916629573964331, 52.2563877727363], [4.916599472512413, 52.25637567201489], [4.916506129237091, 52.256338674621205], [4.916307572996188, 52.2562694857841], [4.916051751970464, 52.256179513018644], [4.91592792318062, 52.25613498760344], [4.915797417614901, 52.25608063861701], [4.915618203324811, 52.256009395625455], [4.91552561340133, 52.2559719420733], [4.915461659276961, 52.255941118976466], [4.915337851432698, 52.25587263128142], [4.915261265226763, 52.2558370030418], [4.915141164532415, 52.255780834375294], [4.914985744420485, 52.25570753734177], [4.914776062603738, 52.25560522598351], [4.9146470505716495, 52.25554015013001], [4.914589970479362, 52.255510333721226], [4.9145351480477295, 52.255481694740766], [4.914492751903297, 52.255459325063384], [4.914397587392258, 52.25540109826957], [4.914309475114413, 52.255344930881286], [4.914251099682111, 52.255304746073776], [4.914203152417911, 52.25527004065239], [4.914180098999255, 52.255252233234245], [4.914162633056835, 52.255236479441095], [4.914150359197648, 52.25522415284168], [4.914129910031804, 52.25520108892718], [4.914091999372298, 52.25515634819602], [4.914047039186619, 52.255106572968614], [4.914026968808493, 52.25508921786933], [4.913966733839957, 52.25504766829974], [4.913883463186829, 52.254990809928856], [4.913789032720861, 52.25493258557458], [4.913735130459045, 52.254900165995586], [4.9137087238656125, 52.25488508636003], [4.91365369908156, 52.25485632032209], [4.913626560216225, 52.254842621870694], [4.913574506141029, 52.25481270825982], [4.913469294861859, 52.254753343917216], [4.913421344234641, 52.25472319502461], [4.913387150869824, 52.254700821875126], [4.913364837694749, 52.25468507549168], [4.913339932088796, 52.25466384507705], [4.91330276529362, 52.254629137566404], [4.913256673896284, 52.254579824864415], [4.913201670613193, 52.25452159635358], [4.913158177021754, 52.25448278291314], [4.913116914486606, 52.25444488618398], [4.913099444260743, 52.25442822443403], [4.91308495698021, 52.25441338121642], [4.9130719390687165, 52.2543967103596], [4.913041096665575, 52.254354019913876], [4.91300950983877, 52.25430972662593], [4.912986919674977, 52.254274646077754], [4.9129756966329685, 52.25425721843977], [4.912947078112574, 52.254214752601065], [4.912923300281343, 52.254182561378855], [4.912899146768154, 52.25415539288186], [4.912870148184231, 52.254130739523006], [4.912842638856942, 52.254110640013536], [4.912799527058932, 52.254080042912506], [4.9127485921543315, 52.25404556756675], [4.912706210470675, 52.254019305531685], [4.91257162351107, 52.25394624170558], [4.912512449745952, 52.25391394419276], [4.912486860626536, 52.253897833952976], [4.91244301216202, 52.253867692143494], [4.912311655640871, 52.253754105544424], [4.91221885623788, 52.25367384812037], [4.9119843070874, 52.25349894432415], [4.91189918398051, 52.25341994885154], [4.911709990364087, 52.253250772433944], [4.911633416257417, 52.25319002964432], [4.911494810059384, 52.253079603644885], [4.911468539431589, 52.25305608440177], [4.911402477060022, 52.25299982379792], [4.911304575018442, 52.252919077721046], [4.911215820488457, 52.252845729499136], [4.911113328219942, 52.252771121488145], [4.9110613586246865, 52.252733693197094], [4.911026919665151, 52.25270988928199], [4.910970247137064, 52.25268223881963], [4.910896588105495, 52.252648983319446], [4.910805125328926, 52.25261396627942], [4.91068583520253, 52.25257507103584], [4.910542825420331, 52.25253300614041], [4.910378163158132, 52.25249303777321], [4.910241591900142, 52.252462440094966], [4.910176328780206, 52.25245344942598], [4.910089871724582, 52.25244337550213], [4.910016723106798, 52.25243774135101], [4.909963933647294, 52.25243592834052], [4.909935310607745, 52.252435237525226], [4.909714855916955, 52.25244550101883], [4.909675718862916, 52.252448821206855], [4.909568399202468, 52.252457294534665], [4.909436829889488, 52.25246830319139], [4.909313822008665, 52.252479840656996], [4.909194701524788, 52.25250030972328], [4.909122638067064, 52.25251226874449], [4.90908341266978, 52.25251971382915], [4.9090224586048326, 52.252533587218586], [4.908985786014288, 52.25254332552866], [4.908937093241928, 52.25255821918269], [4.908920794957811, 52.252563545969274], [4.908888742045971, 52.25257403096578], [4.908824646378179, 52.25259541441771], [4.908743715125429, 52.25262169100237], [4.908694629265302, 52.25263771544173], [4.908600201216091, 52.25266753244329], [4.908547054127416, 52.25268261461996], [4.908306482995903, 52.25274939087247], [4.9080769708765954, 52.2528145397207], [4.907987713209723, 52.25283333105578], [4.9078425716312415, 52.25285611099322], [4.907699320285751, 52.25286926338393], [4.907421788327537, 52.25287849108544], [4.907247200790518, 52.25288719252475], [4.907217852981166, 52.25288985958632], [4.907188674018101, 52.252893165467924], [4.9071597223802135, 52.2528971193952], [4.907131012904378, 52.252901703452686], [4.907102574877883, 52.25290691775957], [4.907074481617837, 52.25291275362597], [4.907046733220139, 52.25291920206464], [4.907019388260809, 52.252926263313896], [4.906992461577103, 52.25293391945838], [4.906966011842045, 52.25294216174893], [4.906940053893076, 52.25295097227029], [4.9069146315654, 52.25296036018894], [4.906863603582394, 52.25297440762464], [4.906812171735153, 52.25298787817056], [4.9067603360253145, 52.25300077182612], [4.906708125840179, 52.25301307972243], [4.906655555922735, 52.25302479293096], [4.906602640822085, 52.25303592049836], [4.906549410022743, 52.253046444568234], [4.906495878170973, 52.25305636519975], [4.906442045268652, 52.25306568239246], [4.9063879552508185, 52.25307439632471], [4.9063336082165625, 52.25308249800868], [4.906261400609029, 52.25309272902308], [4.906225524896374, 52.25309774208111], [4.906189107142066, 52.253102770897925], [4.906117284883211, 52.25311257197316], [4.906116771652371, 52.25311263279931], [4.9060443503049695, 52.25312230556083], [4.906008902921344, 52.253126978756484], [4.9059523086913694, 52.25313431613121], [4.905900378916597, 52.25314097141827], [4.905860167627955, 52.253146038611845], [4.905825940155924, 52.2531503032774], [4.905791698324718, 52.2531545409109], [4.90571189784773, 52.25316402162767], [4.905631913572372, 52.25317289036381], [4.905551760146255, 52.253181147178736], [4.905471437572429, 52.25318879207192], [4.905390975240193, 52.25319581617511], [4.9053103584111835, 52.253202228415745], [4.905229631118978, 52.2532080199852], [4.905148793269639, 52.25321319987069], [4.9050528373759885, 52.25321878539577], [4.904956826289056, 52.25322405604087], [4.9048607747524615, 52.25322900287817], [4.90476468276845, 52.25323362590758], [4.904359741280601, 52.2532464516988], [4.903980120564655, 52.25324985245233], [4.903925853682604, 52.253251859554915], [4.903871534659099, 52.25325327321729], [4.903817178335891, 52.253254075524225], [4.9037628138086555, 52.253254284570524], [4.903708455919189, 52.253253882441086], [4.903654104474526, 52.253252887110904], [4.903599803605054, 52.25325128078478], [4.903545553215459, 52.25324907245026], [4.903491382498978, 52.25324627121484], [4.9034372915553215, 52.25324286809106], [4.90338332431986, 52.253238863258964], [4.903329466150259, 52.253234256658736], [4.903275760884085, 52.25322905745787], [4.90322222316775, 52.25322326571664], [4.903173240246366, 52.25321745665436], [4.903124408570378, 52.253211207783586], [4.903075742785587, 52.25320451916454], [4.9030272283467005, 52.25319738174989], [4.902978894348247, 52.253189813634854], [4.902930740889363, 52.25318180583217], [4.90288279726004, 52.253173358462035], [4.902822800639851, 52.253162237202545], [4.902763043640622, 52.25315063154755], [4.902703540810645, 52.25313855054486], [4.9026443068937855, 52.25312598526751], [4.902585341695945, 52.25311295369084], [4.902476015209214, 52.253072778766175], [4.9022920873358125, 52.25300439918824], [4.902247525328489, 52.252985350710695], [4.90220342183578, 52.25296589065392], [4.902159776564568, 52.25294604598099], [4.902116633643897, 52.252925798897614], [4.902073978234087, 52.2529051673193], [4.902031810335671, 52.25288415124658], [4.901990173881692, 52.25286275086036], [4.9019490393879686, 52.25284098401589], [4.901909978533088, 52.25281976494679], [4.901871286662188, 52.2527982867304], [4.901832978419628, 52.252776549427274], [4.901795068351666, 52.25275456208548], [4.901556798435225, 52.252585275541996], [4.9013825370255475, 52.252452715617], [4.90100147203812, 52.25214781541318], [4.9006066909804735, 52.25182677809475], [4.900387724920313, 52.251650099661326], [4.900115141636497, 52.25144316221971], [4.899889048004739, 52.25127714908066], [4.899866382187671, 52.251263438922116], [4.899842993924176, 52.25125017517561], [4.899818926751526, 52.25123739397196], [4.899794195313281, 52.25122509537107], [4.899768828699674, 52.25121329746841], [4.899742841357229, 52.251202018299], [4.899716277314911, 52.251191249056156], [4.899689165465858, 52.25118102581026], [4.8996615205515806, 52.25117133963393], [4.899633371661815, 52.25116220862255], [4.89960476252999, 52.251153650932174], [4.899293730338126, 52.25106961546458], [4.898953181289954, 52.25097579521751], [4.898927397099083, 52.25096872305165], [4.898901196389311, 52.25096224236159], [4.89887463783268, 52.25095634440158], [4.898847750518279, 52.25095104726749], [4.898820563633711, 52.25094636006759], [4.898793106465129, 52.25094228292273], [4.898765437487157, 52.25093882506229], [4.898737571243681, 52.25093599553419], [4.898709551762963, 52.25093378553233], [4.898681422777323, 52.25093221321329], [4.898653228314861, 52.25093126977106], [4.898624983018111, 52.25093095526614], [4.898596745361453, 52.25093127892817], [4.898568544630832, 52.250932240878214], [4.898540424953134, 52.250933823323], [4.898512415416979, 52.25093604435863], [4.898496771771163, 52.25093770534752], [4.8984812842700585, 52.25093981637587], [4.89846596755689, 52.25094237750437], [4.898450865660626, 52.2509453799273], [4.898436022511605, 52.25094882382636], [4.898421452851738, 52.25095270027476], [4.898146698775856, 52.251011225365204], [4.897889446104996, 52.25106555302328], [4.8977903172341595, 52.25108168929408], [4.897690959725694, 52.25109730323559], [4.8975913882264175, 52.251112394907885], [4.897491617383405, 52.25112696437117], [4.897391647298752, 52.251141002637404], [4.89729147787695, 52.25115451869362], [4.897232407185939, 52.25116209328601], [4.897173194787236, 52.25116923584127], [4.897113840880335, 52.251175928384214], [4.897054360011707, 52.251182179962804], [4.8969947522820405, 52.251187981589425], [4.896935046881439, 52.251193342372815], [4.8968601847698245, 52.251200015390104], [4.896785434636604, 52.25120715619642], [4.896710796479419, 52.25121476479201], [4.8966362996824175, 52.251222832311115], [4.8966114582375, 52.25122591091201], [4.896586815461191, 52.25122956555925], [4.896562429828241, 52.25123380548357], [4.896538316179591, 52.251238612770955], [4.896514533089083, 52.25124398766482], [4.896491095397776, 52.25124991225103], [4.896455636463812, 52.251259660706104], [4.8964205384540564, 52.25126987802116], [4.896385816011316, 52.25128056425736], [4.896351469233806, 52.2512917104275], [4.896317542051873, 52.2513033167144], [4.8962840198211675, 52.25131538305761], [4.896250946769331, 52.25132788267744], [4.896054379494298, 52.25140713926367], [4.895852409811849, 52.25149814723444], [4.895717040540024, 52.25156809454457], [4.89569592361808, 52.2515799966026], [4.89567553361492, 52.251592378039945], [4.895655914759474, 52.251605212077145], [4.895637067349662, 52.25161847175208], [4.8956190353169635, 52.25163215724784], [4.895601848247056, 52.25164624172415], [4.895585506338737, 52.25166070720632], [4.895570053821681, 52.25167552691494], [4.895555490795665, 52.25169069186295], [4.8955418614905275, 52.25170617527083], [4.895529166105484, 52.25172195916392], [4.895517434226763, 52.251738016701836], [4.895506680697616, 52.2517543299708], [4.8954476742911925, 52.2518514325868], [4.89543734195707, 52.25186673196724], [4.895426104375674, 52.25188178490605], [4.895413991032539, 52.25189657354973], [4.895400987382429, 52.2519110888496], [4.89538713775359, 52.251925295038234], [4.8953724421455584, 52.251939192115245], [4.895356944986137, 52.251952735325716], [4.8953406315315995, 52.25196593359584], [4.895323560754641, 52.25197875121909], [4.895305732754309, 52.251991179207614], [4.895287177016935, 52.252003199708], [4.895267908385039, 52.252014794805866], [4.895247970989117, 52.25202594670868], [4.895227379572394, 52.25203664648962], [4.895206163621695, 52.25204687629529], [4.895184352524442, 52.25205662725975], [4.895161975767593, 52.252065881529546], [4.895139062838036, 52.25207462125142], [4.894759960915789, 52.25222786803316], [4.894326277406271, 52.25241400645219], [4.893875438886317, 52.25258185316513], [4.893685858760528, 52.252660083401004], [4.893529455784385, 52.25273633976859], [4.8933430224636485, 52.252837061381456], [4.89324087338016, 52.25290182383158], [4.893218279752466, 52.25291602917001], [4.89319498807483, 52.25292979117829], [4.893171013091202, 52.252943100929684], [4.893146369445972, 52.25295595848504], [4.893121086826831, 52.25296832801635], [4.893095194422814, 52.25298021863316], [4.893068707078031, 52.25299161242136], [4.893041668925254, 52.25300249158921], [4.893014094709028, 52.25301284721006], [4.892985999074194, 52.25302267934482], [4.892957426153853, 52.253031970201796], [4.8929283906927346, 52.25304071085451], [4.892898936624483, 52.25304890148626], [4.89286907889363, 52.25305651519554], [4.892838846590052, 52.253063570079554], [4.892808269302729, 52.25307003929805], [4.892777390965527, 52.25307592303455], [4.8927462263237445, 52.25308121236267], [4.892404947175962, 52.253154365725585], [4.892203735759175, 52.25319291716492], [4.8919972959705165, 52.25323144635429], [4.891759482573247, 52.25326766858595], [4.891618781348375, 52.25328798454351], [4.891572795176929, 52.25329463149957], [4.891523464575955, 52.253301758745856], [4.891495294318519, 52.253303779713896], [4.891467028354394, 52.253305189095435], [4.891438681429265, 52.253305977964274], [4.8914103267659925, 52.25330614662757], [4.891381964365819, 52.253305695085274], [4.891353667551715, 52.25330461465711], [4.891325436124742, 52.253302923318124], [4.8912973141190985, 52.2533006122653], [4.891269360013306, 52.253297690731905], [4.891241588452751, 52.253294158779575], [4.8912140433715985, 52.25329001659285], [4.891186739315079, 52.25328527322074], [4.89115974940581, 52.253279937958396], [4.891133073544536, 52.253274019793416], [4.8911091363816, 52.25326809514292], [4.8910855712434165, 52.25326164176222], [4.891062407419332, 52.25325465977437], [4.891039659353979, 52.25324716721618], [4.891017385625245, 52.25323916433378], [4.890995615321861, 52.253230669225374], [4.890974348444312, 52.25322168189127], [4.890953643269632, 52.25321222954021], [4.890933514342201, 52.25320232122151], [4.890837577286058, 52.253153518381446], [4.8907413153593, 52.25310497474731], [4.890677542228104, 52.25305325998326], [4.890603473990365, 52.25298971876283], [4.890536340814033, 52.25292941532714], [4.8905053423514495, 52.25290142250066], [4.890390260179828, 52.25278093207588], [4.890256042875187, 52.25265605585926], [4.890164760929742, 52.25257743214495], [4.890073378252241, 52.2525052342967], [4.889899139573675, 52.25237371800111], [4.88972176767685, 52.25221863990204], [4.889463561133522, 52.251986068789016], [4.889449048097822, 52.25197299315337], [4.8894337697686945, 52.25196025583339], [4.889417740689826, 52.251947865878044], [4.8894009753044365, 52.251935841323736], [4.889383517242777, 52.25192420931759], [4.889365366504986, 52.251912969859376], [4.889346566721192, 52.25190215009632], [4.889327132434667, 52.25189175907734], [4.889307092832587, 52.25188180591305], [4.889286462256975, 52.2518723176272], [4.889265299283108, 52.25186329446635], [4.889243603709574, 52.251854754405294], [4.889221404723058, 52.25184670655452], [4.889032488872627, 52.25176436293509], [4.888963262964256, 52.25172652854998], [4.888880260123751, 52.25167792242846], [4.8888145462202, 52.251639042189176], [4.88875248144118, 52.251589472689275], [4.888664614917429, 52.25151621899317], [4.888566642122807, 52.251418295681205], [4.8883786952685675, 52.25127065783241], [4.888264674076529, 52.251196196902484], [4.888179865140333, 52.25115079134211], [4.88809490707569, 52.25111608970647], [4.887978565639156, 52.251080149922814], [4.8878308649123134, 52.251040832874274], [4.887754357395187, 52.251024376233026], [4.887585668922624, 52.25098923044971], [4.8875074937716745, 52.25096740979518], [4.887378913919248, 52.25093247824298], [4.887356267856705, 52.2509264953696], [4.887333278943279, 52.25092105031707], [4.887309961922612, 52.250916134159596], [4.887286360522813, 52.25091176505792], [4.887262503929327, 52.250907952123136], [4.887238436172905, 52.250904686553554], [4.887214186438809, 52.250901977460366], [4.887189783811366, 52.250899842942474], [4.887165257677766, 52.25089827413612], [4.8871406667122015, 52.25089726230161], [4.887116025254379, 52.25089683446333], [4.887082825704571, 52.25089692765377], [4.887049634335625, 52.25089759609666], [4.887016495076888, 52.25089883997786], [4.886983422570544, 52.25090065935948], [4.88695044610253, 52.250903054365544], [4.8869175950597, 52.25090601613257], [4.886884884084236, 52.2509095447227], [4.8868523571057265, 52.25091364032201], [4.886822037762163, 52.250918059837375], [4.886791960483065, 52.250923091548756], [4.886762183841355, 52.250928735704456], [4.886732722681698, 52.25093497439175], [4.886703606189073, 52.250941816722325], [4.8866748931387765, 52.25094924496955], [4.886646583631043, 52.250957250146286], [4.8866187215955685, 52.25096583243884], [4.886591336621999, 52.250974965009085], [4.886564472539134, 52.250984657031026], [4.886538129548625, 52.25099489052997], [4.886512366426222, 52.25100564777943], [4.886487183171543, 52.25101692877984], [4.886462638560648, 52.25102871580472], [4.88643873279541, 52.251040990879446], [4.886037586748627, 52.25126687359516], [4.885815869970378, 52.2513930852877], [4.885788651442147, 52.2514121050949], [4.885762175367187, 52.25143151452689], [4.885736441846968, 52.25145130459665], [4.8857114950155, 52.251471457516146], [4.885687320229521, 52.25149197322365], [4.88566394697958, 52.251512833869036], [4.885641375468679, 52.25153402147775], [4.8856196349851, 52.25155553617449], [4.885598740375807, 52.25157736004698], [4.8855786772004, 52.25159947505849], [4.885559474747302, 52.25162188133375], [4.885388501265393, 52.25185433814415], [4.885217349392626, 52.25209855913598], [4.88504275851986, 52.25233849599832], [4.884843185259136, 52.25261575211335], [4.88468163942855, 52.25280116023104], [4.884502372518338, 52.25300466632516], [4.884470037076906, 52.253035734840815], [4.8844382847213215, 52.25306703951414], [4.884407144943767, 52.2530985624952], [4.884376602999366, 52.25313031270969], [4.884358231290458, 52.253149073225416], [4.884339013750777, 52.253167515562005], [4.884318979769872, 52.253185630856066], [4.884298129651759, 52.253203392144826], [4.88427649278613, 52.2532207905649], [4.884254083816937, 52.25323782617828], [4.884230917794408, 52.25325446309687], [4.884207009261009, 52.25327071036995], [4.884082497935369, 52.253352276039365], [4.883956822122132, 52.253433171512754], [4.883939714333508, 52.253443740360936], [4.883922097641531, 52.253453983474195], [4.883903957605118, 52.2534638828151], [4.88388533815749, 52.253473438570396], [4.883866239501977, 52.25348263276496], [4.883846690927653, 52.25349146552328], [4.883826707282271, 52.25349991893252], [4.883735561225928, 52.253537019292686], [4.883644154061652, 52.25357388478422], [4.883612246735093, 52.253586439770594], [4.883579977448951, 52.25359862470114], [4.883547331559217, 52.25361043951313], [4.883514338355393, 52.253621884331025], [4.883481012482406, 52.253632959217065], [4.883457481699164, 52.25364037282198], [4.883433647443399, 52.25364742561176], [4.883409524665083, 52.25365409068611], [4.8833851279075295, 52.253660377094874], [4.883360486460049, 52.253666284962705], [4.883335600526751, 52.25367179631449], [4.883283489700045, 52.25368244052442], [4.883195991602095, 52.25369607058506], [4.883127537015757, 52.253702807181305], [4.883091622859447, 52.253705763812626], [4.883055610767787, 52.25370831555884], [4.88301954457343, 52.25371047159467], [4.882983409734644, 52.253712222870156], [4.882947235643104, 52.253713560522726], [4.882911022096234, 52.253714502527316], [4.882872558085707, 52.253715012484776], [4.882834085743854, 52.253714965143], [4.882795634259214, 52.253714369614464], [4.882757218379446, 52.25371321697428], [4.882718838004239, 52.25371151620988], [4.882680551814641, 52.25370925858393], [4.88264234496388, 52.253706462008985], [4.882604276235019, 52.25370310876025], [4.882566330883013, 52.253699207762814], [4.882528538096261, 52.253694768129314], [4.882490941809551, 52.25368979004761], [4.882344702860129, 52.25366974251836], [4.882200269912201, 52.25364542427393], [4.8819523043377835, 52.25359714187777], [4.881556843555522, 52.25353638189729], [4.881512677338178, 52.25352963173611], [4.881323220309138, 52.2535006797169], [4.881210316032505, 52.25347794227035], [4.881033880577794, 52.25344240346185], [4.880732369053086, 52.25337018799067], [4.880317563818291, 52.253277451789856], [4.8801502104932455, 52.253248278108295], [4.879954951808408, 52.25321584763195], [4.879431937362713, 52.25313470560213], [4.878778160485141, 52.25303300062934], [4.878429501577197, 52.252974624539526], [4.878215088065604, 52.25293465772288], [4.877958855104364, 52.252883922542274], [4.877871730178836, 52.25286237152667], [4.877728871488566, 52.25281610606548], [4.877547723174272, 52.252752652176376], [4.877418841143955, 52.252702132407116], [4.8772447586744665, 52.25261513319644], [4.877240392113455, 52.252612786480896], [4.877250523239021, 52.25260666448024], [4.87684083626549, 52.252399584699724], [4.876569524127534, 52.25225180162229], [4.876531189454678, 52.25223092778961], [4.876488124918207, 52.25220747194434], [4.875878872316654, 52.251885298589634], [4.875596939098789, 52.25171163598051], [4.875247294668768, 52.25151227948115], [4.874979091908199, 52.251339555669794], [4.874876446902059, 52.25126469065272], [4.874524352912983, 52.251021756854286], [4.874222863169848, 52.25088643845826], [4.874069704619263, 52.250831315640795], [4.874005676701142, 52.2508163603114], [4.874006187329646, 52.25079620259744], [4.873896499922733, 52.25075448058709], [4.8738529382110265, 52.25074263401525], [4.873790122666098, 52.25074574059062], [4.873655728205859, 52.25076263816216], [4.873493359681871, 52.250791260074955], [4.873367034703084, 52.250818240905154], [4.873264624025027, 52.25084011260474], [4.873185928842622, 52.25085761138153], [4.872939829667357, 52.25091234675696], [4.872702332401305, 52.25096653485605], [4.872609741242136, 52.2509952705812], [4.87253282247066, 52.25103260403866], [4.87245412833139, 52.25107528652074], [4.872289667838331, 52.251182047744194], [4.872181153644954, 52.251264281830785], [4.872039330501349, 52.25137750481594], [4.871880011421191, 52.251506748724886], [4.8718363272956235, 52.25155099456249], [4.871781870431087, 52.251606131712606], [4.871690714400479, 52.251705518124695], [4.87159945858283, 52.251827391835846], [4.871476591558818, 52.25199416605282], [4.87138009193285, 52.25211602569541], [4.871308189290558, 52.252200459035855], [4.871236365431537, 52.25226670110321], [4.870968324069408, 52.25250150865524], [4.870898762980228, 52.25249631533711], [4.8699826517587645, 52.25157050705169], [4.868279364829155, 52.250350837164085], [4.867857707960155, 52.24969016904128], [4.867953352895866, 52.24884725109612], [4.869706575662441, 52.248196845014284], [4.8708239521831675, 52.24835344942063], [4.871840200636071, 52.24842978935193], [4.872983489530569, 52.24857543112843], [4.874364654447839, 52.24909743055049], [4.875447957838977, 52.24959727213655], [4.8767170888798885, 52.250074088533886], [4.877428964670214, 52.25062120099064], [4.878661631369912, 52.2511665067288], [4.879782406740226, 52.25168938853878], [4.880604220499663, 52.25205288077786], [4.881387480454371, 52.25227913637207], [4.882243056013328, 52.25227632392599], [4.883134931289071, 52.252158794449144], [4.8838397616097025, 52.25192721386183], [4.88432088238773, 52.25165090614635], [4.88461553353134, 52.25135223257636], [4.884759796077981, 52.250870823598135], [4.885055273303723, 52.25064099993525], [4.885461289819795, 52.25029606018075], [4.885905005763957, 52.24999684774132], [4.886608946803728, 52.249696758915015], [4.887240415601019, 52.24960317149621], [4.888207679616794, 52.249599620047746], [4.888618268490589, 52.24975864175788], [4.889252376633898, 52.249939366185714], [4.8901477469048436, 52.25021115548497], [4.890672037359026, 52.250575662698274], [4.891197956426248, 52.251123348206406], [4.891535573758757, 52.251419928067406], [4.892133031530758, 52.25164686081279], [4.892766477181125, 52.25175907547603], [4.893657426247746, 52.25154987589366], [4.893990432868624, 52.25136557575333], [4.893985618209882, 52.25086169289226], [4.89435529718525, 52.25063152661762], [4.895021955813931, 52.25030849290393], [4.895503920597715, 52.25014673931694], [4.896469074752297, 52.24993701841359], [4.896952407080698, 52.24988959095272], [4.898069401352201, 52.25000009722321], [4.898850351777181, 52.249974385937215], [4.899447303778072, 52.25015553110838], [4.900194330129907, 52.25047345874396], [4.9004962323276215, 52.250907470680836], [4.900910872021747, 52.25147829242286], [4.901286618476987, 52.251843219360566], [4.901976241943337, 52.25190795263026], [4.902554167270931, 52.252209963134845], [4.903205171071428, 52.25220549466767], [4.904304971636343, 52.2523592739293], [4.905345823757478, 52.25228676562355], [4.906125703679779, 52.25214658568439], [4.907052159777728, 52.251776636070545], [4.9070947989022455, 52.25154361795082], [4.907830914455681, 52.251522024227285], [4.908611500318103, 52.251450408539625], [4.909242415175514, 52.25131086302089], [4.909911057533127, 52.25121703522205], [4.91102884948552, 52.251395909835416], [4.912123435049747, 52.25164512777879], [4.912672598461995, 52.25207688419977], [4.913272619361654, 52.25255538134035], [4.913988557151314, 52.25346881485438], [4.9149634108940266, 52.25422068749451], [4.915495312322469, 52.25450553509083], [4.915026424906797, 52.25372273083629], [4.914741997515994, 52.252441267165366], [4.914760243835567, 52.25072204342589], [4.913283503981102, 52.24947238361893], [4.91812323919402, 52.24832111692159], [4.918908376092022, 52.2473365493341], [4.921299820526576, 52.24661438604334], [4.921372426750698, 52.24537092497688], [4.9225688493262085, 52.24493666563656], [4.928784824520201, 52.243168483976284], [4.931591505750097, 52.24259404622589], [4.937179935777326, 52.24978528276511], [4.9349055457939235, 52.25072769936855], [4.9354915179379075, 52.25171762042022], [4.931781682297541, 52.253130031291846], [4.9194077175972035, 52.25719759156307], [4.91998369454692, 52.258061530244845], [4.920065066838387, 52.25836892324051], [4.9202201383034305, 52.25898664468998], [4.920449624728226, 52.259604030588854], [4.9201924184998145, 52.25992541022036], [4.91886683846389, 52.26130430018594], [4.920247050600303, 52.26164267226196], [4.9218484873465425, 52.26179692862023], [4.922853419629432, 52.26181607031084], [4.92427108797725, 52.26217701207238], [4.925904327000637, 52.26261973208579], [4.9264902533766675, 52.262926409879775], [4.925421406656063, 52.265492646826324], [4.925389771444609, 52.26604249144247], [4.92680895834582, 52.26654065283439], [4.92904655922084, 52.26699029160233], [4.929907846886042, 52.267513485152854], [4.930767573050595, 52.267876682194654], [4.931005451546559, 52.26846156033678], [4.931624949081511, 52.26886281306922], [4.93113561995091, 52.27000055195446]]]}}, {"type": "Feature", "id": "58507", "properties": {"OBJECTID": "58507", "LOCATIEGROEP_ID": "nl.imow-pv26.gebiedengroep.003000000000000000000811", "SYMBOOL_CODE": "vsgt114", "GROEP": "aardkundig waardevol gebied", "9e750651-8e97-4bc6-b09e-fc30b5f3e83c_id": "9171", "LOCATIE_ID": "nl.imow-pv26.gebied.003000000000000000000811e116947", "DOCUMENT_URL": "https://omgevingsbeleid.provincie-utrecht.nl/home?d=/akn/nl/act/pv26/2022/omgevingsverordening/nld@1089&o=", "NAAM": "Gebied aardkundige waarden", "TYPE": "erfgoed", "LOCATIEGROEP_NAAM": "Gebied aardkundige waarden", "LOCATIE_NAAM": null}, "geometry": {"type": "Polygon", "coordinates": [[[5.036198231742328, 52.183894988071664], [5.036080949949612, 52.18390214429002], [5.0353441331660065, 52.183929170623074], [5.034120130599934, 52.18398449555725], [5.032680661119791, 52.184053487820826], [5.032691648412653, 52.18410240631232], [5.03260943853952, 52.18410842404642], [5.032592701015401, 52.18410965006742], [5.032503227235234, 52.18411340790924], [5.032526708956327, 52.18421658829752], [5.021019860517353, 52.184577236695034], [5.023962845326238, 52.17517397502059], [5.021927426721925, 52.17507495653858], [5.022540205289825, 52.17391769864732], [5.023925188321217, 52.17053722159433], [5.029107537251815, 52.16373719781791], [5.029790173479012, 52.163229234409854], [5.031221566955611, 52.163372667381125], [5.031906018833933, 52.16263286100016], [5.046107834297528, 52.1659219000212], [5.045999750908187, 52.16632296385392], [5.045904043504075, 52.16674343244359], [5.045786045178178, 52.16715036347677], [5.045717322094464, 52.16744592308969], [5.045659594849691, 52.16773702047713], [5.0456198855957215, 52.168091652046535], [5.045553410185342, 52.16854198199123], [5.045495368572883, 52.16887381184509], [5.045476341100102, 52.16894200246263], [5.045197043420123, 52.1696829891486], [5.045053511314847, 52.17005332715205], [5.044792399956701, 52.17080559145588], [5.044591321142125, 52.171471520121166], [5.044525104123231, 52.17174340281704], [5.044522236828183, 52.1717532003707], [5.044464154389252, 52.17195746316182], [5.044394989248683, 52.172215208114785], [5.044296699948611, 52.172650344888126], [5.044242299355132, 52.17302387070105], [5.044228602112589, 52.17314746043094], [5.044107708983053, 52.173738454595885], [5.043900390871794, 52.17470686269937], [5.043778012557972, 52.17520478167137], [5.043687626561444, 52.175432031094736], [5.043633518086126, 52.17561271151698], [5.043620643162857, 52.175648167524784], [5.043608058141826, 52.175687740863175], [5.0436054584587255, 52.175706392314176], [5.043603927723797, 52.17571152897548], [5.043534633873251, 52.17607758687649], [5.043204275892868, 52.17765345519796], [5.042937171350075, 52.17903238271734], [5.042931855526563, 52.17905812671253], [5.042922994874619, 52.17910557528389], [5.042904691339841, 52.17920012918319], [5.042881003670063, 52.17926674178177], [5.042838792576179, 52.17948287798544], [5.042809642781426, 52.17969073840511], [5.04276182792025, 52.1799375970425], [5.042748395629247, 52.179990074501994], [5.042743904823848, 52.1800301297236], [5.0424257247747155, 52.18167255030072], [5.0424014105128565, 52.181772677040506], [5.042390456958327, 52.1818240292008], [5.042382824994, 52.181893969167554], [5.042325639680953, 52.18218913740543], [5.042307644297714, 52.182268088974645], [5.042224367772613, 52.18258472505605], [5.042216694400269, 52.18265429637638], [5.04219933196771, 52.182823407954615], [5.042151726268756, 52.183055580516566], [5.04212766274112, 52.183196836793044], [5.042111107110686, 52.18325212724299], [5.041823334462262, 52.18347109520477], [5.041459226993775, 52.18372843322956], [5.0414151083062615, 52.183730829642585], [5.04025542037273, 52.18375691704681], [5.039383730521152, 52.1837976023848], [5.037695885451079, 52.18384290568759], [5.036318057437551, 52.18389344778169], [5.03627486432162, 52.18389151282972], [5.036198231742328, 52.183894988071664]]]}}, {"type": "Feature", "id": "58508", "properties": {"OBJECTID": "58508", "LOCATIEGROEP_ID": "nl.imow-pv26.gebiedengroep.003000000000000000000811", "SYMBOOL_CODE": "vsgt114", "GROEP": "aardkundig waardevol gebied", "9e750651-8e97-4bc6-b09e-fc30b5f3e83c_id": "9172", "LOCATIE_ID": "nl.imow-pv26.gebied.003000000000000000000811e116880", "DOCUMENT_URL": "https://omgevingsbeleid.provincie-utrecht.nl/home?d=/akn/nl/act/pv26/2022/omgevingsverordening/nld@1089&o=", "NAAM": "Gebied aardkundige waarden", "TYPE": "erfgoed", "LOCATIEGROEP_NAAM": "Gebied aardkundige waarden", "LOCATIE_NAAM": null}, "geometry": {"type": "Polygon", "coordinates": [[[5.472635915717183, 52.070994668000964], [5.472942224736184, 52.07112018793626], [5.473018909382808, 52.071209203623695], [5.47319775880015, 52.07137148711591], [5.473274751843003, 52.07161243649239], [5.473173383608588, 52.07195306804871], [5.472774219795107, 52.0721786448074], [5.472434310879056, 52.072273203343904], [5.472272686821571, 52.07222616007209], [5.471659130319711, 52.07190047982988], [5.471588598715555, 52.07166298517642], [5.471693142768679, 52.071360587878985], [5.4721769412929895, 52.07105787205185], [5.472312841956432, 52.07099490230634], [5.472635915717183, 52.070994668000964]]]}}, {"type": "Feature", "id": "58525", "properties": {"OBJECTID": "58525", "LOCATIEGROEP_ID": "nl.imow-pv26.gebiedengroep.003000000000000000000811", "SYMBOOL_CODE": "vsgt114", "GROEP": "aardkundig waardevol gebied", "9e750651-8e97-4bc6-b09e-fc30b5f3e83c_id": "9182", "LOCATIE_ID": "nl.imow-pv26.gebied.003000000000000000000811e116864", "DOCUMENT_URL": "https://omgevingsbeleid.provincie-utrecht.nl/home?d=/akn/nl/act/pv26/2022/omgevingsverordening/nld@1089&o=", "NAAM": "Gebied aardkundige waarden", "TYPE": "erfgoed", "LOCATIEGROEP_NAAM": "Gebied aardkundige waarden", "LOCATIE_NAAM": null}, "geometry": {"type": "Polygon", "coordinates": [[[5.250463468336309, 52.04910911815629], [5.251763554790001, 52.05111301275806], [5.252187171049853, 52.05307598486052], [5.251939021821406, 52.05372183605953], [5.25154035527892, 52.05513963506103], [5.251095426541721, 52.05606381642586], [5.25029247521091, 52.05693349057472], [5.249206855729466, 52.057860873732125], [5.246667590113621, 52.05788939598292], [5.247090460229134, 52.05719091404145], [5.247656829424074, 52.056727261303436], [5.248459544115433, 52.055944663360876], [5.2492151668634826, 52.05516200477615], [5.2500968683140385, 52.05428700951948], [5.250035221903152, 52.05294972618911], [5.249382809537047, 52.05136861667363], [5.24840130634344, 52.04994921640906], [5.247223349044102, 52.048326955904216], [5.249372948728932, 52.04786723072452], [5.250463468336309, 52.04910911815629]]]}}, {"type": "Feature", "id": "58516", "properties": {"OBJECTID": "58516", "LOCATIEGROEP_ID": "nl.imow-pv26.gebiedengroep.003000000000000000000811", "SYMBOOL_CODE": "vsgt114", "GROEP": "aardkundig waardevol gebied", "9e750651-8e97-4bc6-b09e-fc30b5f3e83c_id": "9173", "LOCATIE_ID": "nl.imow-pv26.gebied.003000000000000000000811e116884", "DOCUMENT_URL": "https://omgevingsbeleid.provincie-utrecht.nl/home?d=/akn/nl/act/pv26/2022/omgevingsverordening/nld@1089&o=", "NAAM": "Gebied aardkundige waarden", "TYPE": "erfgoed", "LOCATIEGROEP_NAAM": "Gebied aardkundige waarden", "LOCATIE_NAAM": null}, "geometry": {"type": "Polygon", "coordinates": [[[5.279924150856289, 52.075971299172025], [5.279912193506338, 52.076036730300515], [5.279835394892987, 52.07607302609815], [5.279721532376008, 52.076060195354636], [5.279580014855379, 52.07601642937188], [5.279509275124924, 52.075983639333764], [5.279404935083178, 52.07594173164072], [5.27932826757123, 52.07592347874476], [5.279245631164815, 52.07593068348725], [5.2791453011250224, 52.07593786298129], [5.279080346589325, 52.075955977317854], [5.278850233220192, 52.07594122356133], [5.278814910550689, 52.075908465623826], [5.278750096747362, 52.07586840923859], [5.2786617083039875, 52.07581742862666], [5.2786087746688075, 52.075744657594846], [5.278567632944748, 52.07567552856866], [5.2785383329061215, 52.0755955079266], [5.278526650099387, 52.07554095766731], [5.27854449043905, 52.07548643459808], [5.278526914706005, 52.07543187891084], [5.278509459474472, 52.075333686337736], [5.2785036313567, 52.07530095547012], [5.278450610311324, 52.075264549940336], [5.278291403207424, 52.07522076609584], [5.2782263609074915, 52.07527524554238], [5.277978593418844, 52.07524593110358], [5.277842857689416, 52.07524944553429], [5.277801682090709, 52.07519485887191], [5.2777131983072145, 52.07518387428734], [5.27758934893488, 52.07515830512897], [5.277412286917347, 52.075169043009986], [5.277134982162747, 52.075157882137695], [5.27704661486588, 52.0750996200032], [5.2770347998867315, 52.07509960897189], [5.276999479211232, 52.07506685048625], [5.27688742198498, 52.07504493176409], [5.27683435778527, 52.07502669930713], [5.27676367540934, 52.07497209366195], [5.276692927065674, 52.07495021341336], [5.276663526561049, 52.074906548874374], [5.276640051495298, 52.074855627533445], [5.276610678040644, 52.07480105150917], [5.27658719412443, 52.074753761322086], [5.276534193250136, 52.07471008360889], [5.2764929748107, 52.07467367927518], [5.276428164875782, 52.074633621605834], [5.2764105796596485, 52.07458997708189], [5.276328107256246, 52.07453171993723], [5.276304605780346, 52.07449170101053], [5.276251785597049, 52.0743753009937], [5.276293372651067, 52.07426262090843], [5.276382016145832, 52.074208164690255], [5.27647654883997, 52.07416097627995], [5.276559221687565, 52.074131968494086], [5.276683252659184, 52.074088447738696], [5.27676587146526, 52.074081253764916], [5.27701374794333, 52.0740633116767], [5.277178919569226, 52.0740816396638], [5.277314616114033, 52.07409267762295], [5.2775387943082785, 52.0741147002091], [5.277751048211918, 52.0741876196456], [5.277957430890555, 52.074245990591145], [5.278128354725, 52.07432250224424], [5.278169485689926, 52.07439526260355], [5.27825200445962, 52.0744353356694], [5.278352181071329, 52.07448997662746], [5.278464193515535, 52.07453006776153], [5.278570304478539, 52.074573802505114], [5.278682252622129, 52.07464662786202], [5.278711561113131, 52.074723008326814], [5.278746870942601, 52.0747666777867], [5.278770357149048, 52.07481396754384], [5.278829200411876, 52.0748794726077], [5.278787513592141, 52.07503578148962], [5.278775554809054, 52.07510122150012], [5.278852141538684, 52.07515220018434], [5.2790527425285765, 52.07516692689427], [5.279270949369274, 52.075218035028726], [5.279412210374361, 52.07536723999632], [5.279465101143732, 52.075458193461095], [5.27952392590363, 52.07553824082117], [5.279582779966675, 52.07560010534869], [5.27961219251888, 52.07564012900228], [5.279735887378489, 52.07573114688181], [5.27981066555885, 52.07580120492254], [5.279885674731542, 52.0758967172864], [5.279924150856289, 52.075971299172025]]]}}, {"type": "Feature", "id": "58517", "properties": {"OBJECTID": "58517", "LOCATIEGROEP_ID": "nl.imow-pv26.gebiedengroep.003000000000000000000811", "SYMBOOL_CODE": "vsgt114", "GROEP": "aardkundig waardevol gebied", "9e750651-8e97-4bc6-b09e-fc30b5f3e83c_id": "9174", "LOCATIE_ID": "nl.imow-pv26.gebied.003000000000000000000811e116837", "DOCUMENT_URL": "https://omgevingsbeleid.provincie-utrecht.nl/home?d=/akn/nl/act/pv26/2022/omgevingsverordening/nld@1089&o=", "NAAM": "Gebied aardkundige waarden", "TYPE": "erfgoed", "LOCATIEGROEP_NAAM": "Gebied aardkundige waarden", "LOCATIE_NAAM": null}, "geometry": {"type": "Polygon", "coordinates": [[[4.981219326210242, 52.010497537984214], [4.9808900846303334, 52.01129977040797], [4.98094240946016, 52.011705958352536], [4.980173668965277, 52.01311395213496], [4.980520353654142, 52.01347795994683], [4.981540068402114, 52.01357447877899], [4.9822100412833645, 52.013950254962474], [4.9822903630557205, 52.01435653840546], [4.984536955605726, 52.01517884554199], [4.985767766928441, 52.015312622395975], [4.986897881054806, 52.01574838990275], [4.987705413586455, 52.01625215392361], [4.98739493986279, 52.01711601868853], [4.987591680674626, 52.017427669959794], [4.987996798500746, 52.01792143673639], [4.987506215871904, 52.018768494089954], [4.987098667053169, 52.01854682677173], [4.986161035136784, 52.017714357038095], [4.986398403160316, 52.01672877989766], [4.985881456595563, 52.01628315378866], [4.984741785049822, 52.01612620352648], [4.982417535642907, 52.015291733189], [4.980094484822995, 52.014334774162094], [4.979096600604409, 52.01389641529139], [4.978840625135575, 52.01310597475477], [4.9793199678433915, 52.01221990470374], [4.979276206212068, 52.01157691478805], [4.9790568776660615, 52.011147595779796], [4.979363129547524, 52.010155690959046], [4.981219326210242, 52.010497537984214]]]}}, {"type": "Feature", "id": "58518", "properties": {"OBJECTID": "58518", "LOCATIEGROEP_ID": "nl.imow-pv26.gebiedengroep.003000000000000000000811", "SYMBOOL_CODE": "vsgt114", "GROEP": "aardkundig waardevol gebied", "9e750651-8e97-4bc6-b09e-fc30b5f3e83c_id": "9175", "LOCATIE_ID": "nl.imow-pv26.gebied.003000000000000000000811e116933", "DOCUMENT_URL": "https://omgevingsbeleid.provincie-utrecht.nl/home?d=/akn/nl/act/pv26/2022/omgevingsverordening/nld@1089&o=", "NAAM": "Gebied aardkundige waarden", "TYPE": "erfgoed", "LOCATIEGROEP_NAAM": "Gebied aardkundige waarden", "LOCATIE_NAAM": null}, "geometry": {"type": "Polygon", "coordinates": [[[5.477080523591466, 52.14558332451558], [5.476124513854072, 52.14586320712941], [5.475207163029439, 52.14606131670129], [5.474726826660704, 52.14606041648609], [5.472933681621238, 52.14576119708003], [5.471738602837807, 52.14541896449839], [5.470723867598302, 52.14538996572443], [5.470337222063397, 52.14533078416666], [5.469965310053177, 52.145471590768224], [5.469540641547123, 52.14572338930141], [5.468805133972591, 52.14589491514539], [5.468422719099964, 52.1457933192548], [5.467858055207171, 52.14549946016604], [5.467528386662575, 52.1451714907496], [5.468426858204251, 52.14469806320988], [5.469342267095165, 52.14455491505833], [5.47047928678622, 52.14378496345031], [5.4710554931562765, 52.14370155966121], [5.4715468990963725, 52.1441614454798], [5.472945105005003, 52.144674950422235], [5.473782267651142, 52.1448853836748], [5.474599901440517, 52.14491495202585], [5.475106544407038, 52.14479386665962], [5.475580364311448, 52.144602374196914], [5.477080523591466, 52.14558332451558]]]}}, {"type": "Feature", "id": "58519", "properties": {"OBJECTID": "58519", "LOCATIEGROEP_ID": "nl.imow-pv26.gebiedengroep.003000000000000000000811", "SYMBOOL_CODE": "vsgt114", "GROEP": "aardkundig waardevol gebied", "9e750651-8e97-4bc6-b09e-fc30b5f3e83c_id": "9176", "LOCATIE_ID": "nl.imow-pv26.gebied.003000000000000000000811e116932", "DOCUMENT_URL": "https://omgevingsbeleid.provincie-utrecht.nl/home?d=/akn/nl/act/pv26/2022/omgevingsverordening/nld@1089&o=", "NAAM": "Gebied aardkundige waarden", "TYPE": "erfgoed", "LOCATIEGROEP_NAAM": "Gebied aardkundige waarden", "LOCATIE_NAAM": null}, "geometry": {"type": "Polygon", "coordinates": [[[5.462754205548237, 52.1454362015056], [5.461805890236092, 52.1454770455173], [5.461396788488369, 52.14529623299659], [5.461019814643789, 52.14475323859527], [5.460707924370126, 52.14401907360352], [5.461198147262862, 52.14383769517628], [5.461639610189681, 52.143827350258874], [5.461771276755339, 52.14434031693059], [5.461918652814061, 52.14447099808562], [5.462310945874792, 52.144390270288234], [5.462915710696094, 52.14424905061409], [5.463422687624579, 52.14430907742684], [5.463749537539235, 52.144208272179725], [5.464322056138188, 52.14433867304842], [5.464452498994399, 52.14412733477753], [5.464861184452827, 52.144076769257914], [5.464713468515654, 52.14375495428319], [5.464892893849869, 52.1435033351979], [5.465121235305223, 52.14318127185765], [5.465758846272085, 52.14314060894468], [5.466462610543774, 52.14352241255966], [5.467280290357988, 52.14360233716622], [5.468163190244694, 52.143571551632675], [5.468523434499621, 52.14386303413135], [5.468507876595587, 52.144295616855615], [5.468344922229227, 52.144597517627936], [5.46752809644946, 52.14501053479845], [5.46643262092608, 52.145051516358684], [5.466007740708641, 52.14519263374106], [5.464274339197634, 52.14511330354884], [5.462754205548237, 52.1454362015056]]]}}, {"type": "Feature", "id": "58520", "properties": {"OBJECTID": "58520", "LOCATIEGROEP_ID": "nl.imow-pv26.gebiedengroep.003000000000000000000811", "SYMBOOL_CODE": "vsgt114", "GROEP": "aardkundig waardevol gebied", "9e750651-8e97-4bc6-b09e-fc30b5f3e83c_id": "9177", "LOCATIE_ID": "nl.imow-pv26.gebied.003000000000000000000811e116890", "DOCUMENT_URL": "https://omgevingsbeleid.provincie-utrecht.nl/home?d=/akn/nl/act/pv26/2022/omgevingsverordening/nld@1089&o=", "NAAM": "Gebied aardkundige waarden", "TYPE": "erfgoed", "LOCATIEGROEP_NAAM": "Gebied aardkundige waarden", "LOCATIE_NAAM": null}, "geometry": {"type": "Polygon", "coordinates": [[[5.357211683455672, 52.08788277100878], [5.3571038474365436, 52.08818341116568], [5.355242663838847, 52.08834175109009], [5.353005068171666, 52.08848133030991], [5.350289247080865, 52.08868833579532], [5.349737192549153, 52.08864752746478], [5.349469819200982, 52.08846942565681], [5.349583992579841, 52.08820749695161], [5.35012359950469, 52.088137614543626], [5.352287293651015, 52.087893654341684], [5.353607621608246, 52.08784010815896], [5.35506138367278, 52.08771605441108], [5.355832746908891, 52.08758262720845], [5.356862397049524, 52.08751871187791], [5.357304776905326, 52.08750146845316], [5.357211683455672, 52.08788277100878]]]}}, {"type": "Feature", "id": "58521", "properties": {"OBJECTID": "58521", "LOCATIEGROEP_ID": "nl.imow-pv26.gebiedengroep.003000000000000000000811", "SYMBOOL_CODE": "vsgt114", "GROEP": "aardkundig waardevol gebied", "9e750651-8e97-4bc6-b09e-fc30b5f3e83c_id": "9178", "LOCATIE_ID": "nl.imow-pv26.gebied.003000000000000000000811e116915", "DOCUMENT_URL": "https://omgevingsbeleid.provincie-utrecht.nl/home?d=/akn/nl/act/pv26/2022/omgevingsverordening/nld@1089&o=", "NAAM": "Gebied aardkundige waarden", "TYPE": "erfgoed", "LOCATIEGROEP_NAAM": "Gebied aardkundige waarden", "LOCATIE_NAAM": null}, "geometry": {"type": "Polygon", "coordinates": [[[5.221092059385581, 52.132674913272375], [5.220983988860739, 52.13268054040486], [5.220801928391906, 52.13269001786368], [5.2206423573390355, 52.132700191889114], [5.220302543751844, 52.132741389137564], [5.220006462980992, 52.13277728154014], [5.219814559844504, 52.132809653888174], [5.2196997182078455, 52.13277074379845], [5.219211582803864, 52.132634151840854], [5.219177497344363, 52.1326449697896], [5.21908253159353, 52.13262622046083], [5.219022271872777, 52.13256760489927], [5.218864019701706, 52.13254946626524], [5.218724476169849, 52.132527651077375], [5.218510152953872, 52.13245585457875], [5.218088488345593, 52.13235126026492], [5.218032915473661, 52.13233976589479], [5.217918853710037, 52.13231933446759], [5.217674885782048, 52.132239476647776], [5.21761682956467, 52.13222047355157], [5.21743915786453, 52.132182198989376], [5.217362350229286, 52.13211671891819], [5.217204863333052, 52.13198243648221], [5.2171646293426885, 52.1319509745258], [5.217492732115348, 52.131896790837274], [5.217810904282725, 52.1318306289835], [5.217848893958159, 52.131822351640835], [5.217980797990103, 52.13179360851906], [5.218069815561858, 52.13177421421835], [5.218093641258357, 52.131769026340685], [5.218468066819808, 52.131622402009555], [5.2186220196388815, 52.13150167074885], [5.2186793172433426, 52.131454457819906], [5.218695898864137, 52.13132136950544], [5.21866034576177, 52.13125297413909], [5.2185925000256015, 52.13120436910778], [5.218513855440387, 52.13116898789919], [5.218460247644068, 52.1311402486003], [5.2182458973997266, 52.1310813403237], [5.217992870108108, 52.13116248086054], [5.217970297235545, 52.13117630796385], [5.217884294687648, 52.13122900698414], [5.217757724230046, 52.13128439803078], [5.21761324256626, 52.13130271475117], [5.21742673927823, 52.131295031545285], [5.217192127056037, 52.131279881649526], [5.217119865013592, 52.13129458973303], [5.2169238872468595, 52.131423904856376], [5.216773493721442, 52.13070570987829], [5.216732372880967, 52.13059697680584], [5.21671677190816, 52.13055571741094], [5.216762208315599, 52.13040589944417], [5.216726894387779, 52.13024511635559], [5.216622605384783, 52.129770166497885], [5.216680619652657, 52.129711163328544], [5.216711043344185, 52.12962230713742], [5.216689181835174, 52.129556941904596], [5.216659317378029, 52.12947241171014], [5.216615804646735, 52.129351730086654], [5.216592161301804, 52.12924055050319], [5.216568560408449, 52.129118279801745], [5.216587134105319, 52.12898123090559], [5.21659360333458, 52.128862697730696], [5.216463044455364, 52.128388320823696], [5.2164563510691515, 52.12832840621852], [5.216430003883984, 52.12829449238187], [5.21640556031467, 52.12826307096596], [5.21647835687651, 52.1281721819255], [5.216479818380208, 52.12816423866036], [5.216552681075891, 52.12776900747709], [5.216616043409358, 52.12742530859656], [5.216678964266482, 52.127074580419524], [5.216697003102714, 52.126974075844394], [5.2167336059843255, 52.12675015705923], [5.2167685349117745, 52.12653621250407], [5.2167364048667615, 52.12652548837076], [5.216809192143829, 52.126428451306126], [5.216890719302078, 52.12631794482557], [5.21700469129492, 52.126154500888745], [5.217217097310173, 52.12588466402456], [5.217477142385387, 52.125543782317614], [5.217503526185298, 52.12545241240605], [5.217630704845099, 52.1253709932511], [5.217854293048134, 52.12525046178771], [5.2182038114072355, 52.12504573104554], [5.218418468238719, 52.12494224492415], [5.2185305142394585, 52.12488822550961], [5.2189106760170745, 52.12472270611883], [5.219014932878531, 52.1246699604183], [5.219438875391583, 52.12446006508098], [5.219515771600538, 52.12442914782101], [5.220043235719546, 52.12424411432541], [5.221581990047364, 52.123813727709795], [5.221679532374381, 52.12376675849357], [5.222180710705176, 52.12366467367319], [5.2231481232514465, 52.12349471129581], [5.223713643819346, 52.12343745160362], [5.225813248291893, 52.12322452179055], [5.22980552974312, 52.12281953084665], [5.229891701465342, 52.12280974995697], [5.229666473431876, 52.12618953539925], [5.229509460546665, 52.12854550781491], [5.229475585766461, 52.12863894655816], [5.22943910924772, 52.12872056261632], [5.229362191348441, 52.12879470950371], [5.229416912917962, 52.12897664549465], [5.2294230590482975, 52.12904347036713], [5.229435518526853, 52.12913388814105], [5.229428858420429, 52.12920856037749], [5.229357906760612, 52.129416770972625], [5.22929703625691, 52.12947887739818], [5.229299056300718, 52.12949823122383], [5.229274113590592, 52.13025443754672], [5.229223977893993, 52.13060947654626], [5.229105390656982, 52.131042583305685], [5.229040084801814, 52.131205897271066], [5.228942569051771, 52.131321342982176], [5.228660148829112, 52.13151281238548], [5.228378207184145, 52.13165933287453], [5.228027973824251, 52.13185015223854], [5.227742637237403, 52.13199324220604], [5.227611147490434, 52.13205891042519], [5.227324803876618, 52.13207853915866], [5.225893273529957, 52.132176223256224], [5.225530158364143, 52.1322176194299], [5.224847018602746, 52.13226617856625], [5.224772907721103, 52.132271451416635], [5.224683417688455, 52.1322566239042], [5.2243609069051065, 52.132292931254455], [5.223719920080501, 52.13237208315766], [5.2233813987470175, 52.13241283267867], [5.22298723431551, 52.13245270389871], [5.222604933877148, 52.132510970761], [5.222425791781422, 52.13252541615953], [5.221809182328534, 52.13261818153035], [5.221092059385581, 52.132674913272375]]]}}, {"type": "Feature", "id": "58522", "properties": {"OBJECTID": "58522", "LOCATIEGROEP_ID": "nl.imow-pv26.gebiedengroep.003000000000000000000811", "SYMBOOL_CODE": "vsgt114", "GROEP": "aardkundig waardevol gebied", "9e750651-8e97-4bc6-b09e-fc30b5f3e83c_id": "9179", "LOCATIE_ID": "nl.imow-pv26.gebied.003000000000000000000811e116921", "DOCUMENT_URL": "https://omgevingsbeleid.provincie-utrecht.nl/home?d=/akn/nl/act/pv26/2022/omgevingsverordening/nld@1089&o=", "NAAM": "Gebied aardkundige waarden", "TYPE": "erfgoed", "LOCATIEGROEP_NAAM": "Gebied aardkundige waarden", "LOCATIE_NAAM": null}, "geometry": {"type": "Polygon", "coordinates": [[[5.475462529138169, 52.128501825870536], [5.475731139199166, 52.1286789478342], [5.475225079780599, 52.12900953650581], [5.475047709200618, 52.12975567961712], [5.474730444455095, 52.13010446049148], [5.474213785877876, 52.130104843596165], [5.47337849906075, 52.129763025503976], [5.472592275779045, 52.12909096581331], [5.472830357409035, 52.12888900388019], [5.473882369103552, 52.12829509050226], [5.474418777459082, 52.12823354902617], [5.475462529138169, 52.128501825870536]]]}}, {"type": "Feature", "id": "58526", "properties": {"OBJECTID": "58526", "LOCATIEGROEP_ID": "nl.imow-pv26.gebiedengroep.003000000000000000000811", "SYMBOOL_CODE": "vsgt114", "GROEP": "aardkundig waardevol gebied", "9e750651-8e97-4bc6-b09e-fc30b5f3e83c_id": "9183", "LOCATIE_ID": "nl.imow-pv26.gebied.003000000000000000000811e116959", "DOCUMENT_URL": "https://omgevingsbeleid.provincie-utrecht.nl/home?d=/akn/nl/act/pv26/2022/omgevingsverordening/nld@1089&o=", "NAAM": "Gebied aardkundige waarden", "TYPE": "erfgoed", "LOCATIEGROEP_NAAM": "Gebied aardkundige waarden", "LOCATIE_NAAM": null}, "geometry": {"type": "Polygon", "coordinates": [[[5.2644129456500295, 52.21631143967468], [5.26279322972448, 52.21615896639984], [5.261614618437746, 52.216278346116525], [5.261369922351558, 52.21600668009938], [5.261274022222913, 52.2151923783787], [5.261669326594438, 52.21428812741206], [5.261527988482648, 52.21217708282178], [5.2598607370306025, 52.211542023885265], [5.260211057167193, 52.209190253282074], [5.261830750516815, 52.20925229062185], [5.26291117441346, 52.209072497055224], [5.261540559997544, 52.2077140439615], [5.260219039350041, 52.20638578157314], [5.259874680115904, 52.206656808469894], [5.25909436495822, 52.20703668198299], [5.25883960807619, 52.20601864766723], [5.258512134232285, 52.204683900156525], [5.258150876014744, 52.20363667217589], [5.2570892744544135, 52.20240181632989], [5.257434670111099, 52.20176892011934], [5.2586370077403455, 52.20106838963644], [5.259627003334914, 52.2008341510193], [5.261462025460458, 52.200747982366515], [5.263719922667456, 52.200629736582584], [5.266842081312193, 52.200909073131484], [5.267537379236489, 52.20138734921376], [5.2681838739443485, 52.20129699978485], [5.269040369351838, 52.20127534444026], [5.269298374565958, 52.2002559108521], [5.2700041560950055, 52.1997616149936], [5.271535913212936, 52.19886586500473], [5.272334226369366, 52.19867055514641], [5.273492040082784, 52.198408015458014], [5.274130792708436, 52.19810706722019], [5.275526952938673, 52.19806572900816], [5.276633300803396, 52.19823006056153], [5.27750320146423, 52.19898921326614], [5.277807699463356, 52.19961831347634], [5.278394498936114, 52.19991167066152], [5.278640388086486, 52.20028251130077], [5.278233255022519, 52.20059784444036], [5.277552861692769, 52.200971317179544], [5.277697702211175, 52.201943983067494], [5.278098676960548, 52.203550142863584], [5.2779870294355815, 52.20404760762739], [5.277360134649534, 52.204499367770104], [5.274528919255672, 52.20328006191963], [5.2644129456500295, 52.21631143967468]]]}}, {"type": "Feature", "id": "58527", "properties": {"OBJECTID": "58527", "LOCATIEGROEP_ID": "nl.imow-pv26.gebiedengroep.003000000000000000000811", "SYMBOOL_CODE": "vsgt114", "GROEP": "aardkundig waardevol gebied", "9e750651-8e97-4bc6-b09e-fc30b5f3e83c_id": "9184", "LOCATIE_ID": "nl.imow-pv26.gebied.003000000000000000000811e116798", "DOCUMENT_URL": "https://omgevingsbeleid.provincie-utrecht.nl/home?d=/akn/nl/act/pv26/2022/omgevingsverordening/nld@1089&o=", "NAAM": "Gebied aardkundige waarden", "TYPE": "erfgoed", "LOCATIEGROEP_NAAM": "Gebied aardkundige waarden", "LOCATIE_NAAM": null}, "geometry": {"type": "Polygon", "coordinates": [[[5.595900352828935, 51.95842097625518], [5.5964054702190325, 51.95876247559412], [5.5964227943177836, 51.95877423730429], [5.596790353021952, 51.95930388771207], [5.597300248375012, 51.96003439410714], [5.597475948556801, 51.96047628258873], [5.597716376108861, 51.96077119622675], [5.5980596799246785, 51.961160849457976], [5.598811330754586, 51.96124388875308], [5.600658839945679, 51.961978894055235], [5.599994437390597, 51.962296538475165], [5.598625602070729, 51.96168722571032], [5.597345514014256, 51.961348562541566], [5.59699033440534, 51.96099134897271], [5.596674874054551, 51.96077305744203], [5.5963997162508266, 51.96035163132215], [5.59622816739892, 51.96008321561028], [5.595857446445659, 51.95950862798491], [5.595644438596028, 51.959067738011264], [5.59560385537369, 51.95899113142723], [5.595477027047367, 51.958751478479805], [5.5953382324106204, 51.958331246118874], [5.595538944947627, 51.95828145516539], [5.595900352828935, 51.95842097625518]]]}}, {"type": "Feature", "id": "58528", "properties": {"OBJECTID": "58528", "LOCATIEGROEP_ID": "nl.imow-pv26.gebiedengroep.003000000000000000000811", "SYMBOOL_CODE": "vsgt114", "GROEP": "aardkundig waardevol gebied", "9e750651-8e97-4bc6-b09e-fc30b5f3e83c_id": "9185", "LOCATIE_ID": "nl.imow-pv26.gebied.003000000000000000000811e116792", "DOCUMENT_URL": "https://omgevingsbeleid.provincie-utrecht.nl/home?d=/akn/nl/act/pv26/2022/omgevingsverordening/nld@1089&o=", "NAAM": "Gebied aardkundige waarden", "TYPE": "erfgoed", "LOCATIEGROEP_NAAM": "Gebied aardkundige waarden", "LOCATIE_NAAM": null}, "geometry": {"type": "Polygon", "coordinates": [[[4.883659730782144, 51.94211932747626], [4.883678876798059, 51.94209276791618], [4.8837089842534755, 51.942051019991226], [4.883724767731968, 51.942014343096496], [4.883732695131718, 51.941975304578385], [4.883727861895785, 51.941935510336776], [4.883706138032967, 51.941891041734216], [4.883698280092604, 51.94185251987829], [4.88367920345893, 51.94180413468489], [4.8836448618165225, 51.941692990223004], [4.88362996530915, 51.94160644030912], [4.883654317290073, 51.94151633726715], [4.883725365390906, 51.94144717931116], [4.883843128556055, 51.94138169078459], [4.883992692574479, 51.941316625847286], [4.8841970142327, 51.9412447930009], [4.884365957459008, 51.941202335341785], [4.884522216074928, 51.94120040572701], [4.884651308978264, 51.94124389491739], [4.884711831005109, 51.941321192879954], [4.884744187489637, 51.94145140187441], [4.88474214073437, 51.94163438741034], [4.884698586884035, 51.94178620368431], [4.884661997288177, 51.94187447494223], [4.884645152985622, 51.94195014797535], [4.8845573026529046, 51.94212634909883], [4.884419105759379, 51.94232820345497], [4.884328966930009, 51.94242417340072], [4.884232704193816, 51.94249292726161], [4.88416518181663, 51.942534182714915], [4.884097852334634, 51.94260105581453], [4.884024989200915, 51.942654260851064], [4.8836052228360955, 51.942786040288084], [4.883647094715986, 51.94253558781714], [4.883638645663301, 51.94249530170881], [4.883604274421388, 51.94242827205171], [4.883579180347554, 51.94234323346074], [4.883593598106528, 51.942237699802305], [4.88365707167859, 51.94212301031181], [4.883659730782144, 51.94211932747626]]]}}, {"type": "Feature", "id": "58529", "properties": {"OBJECTID": "58529", "LOCATIEGROEP_ID": "nl.imow-pv26.gebiedengroep.003000000000000000000811", "SYMBOOL_CODE": "vsgt114", "GROEP": "aardkundig waardevol gebied", "9e750651-8e97-4bc6-b09e-fc30b5f3e83c_id": "9186", "LOCATIE_ID": "nl.imow-pv26.gebied.003000000000000000000811e116802", "DOCUMENT_URL": "https://omgevingsbeleid.provincie-utrecht.nl/home?d=/akn/nl/act/pv26/2022/omgevingsverordening/nld@1089&o=", "NAAM": "Gebied aardkundige waarden", "TYPE": "erfgoed", "LOCATIEGROEP_NAAM": "Gebied aardkundige waarden", "LOCATIE_NAAM": null}, "geometry": {"type": "Polygon", "coordinates": [[[5.314098294308653, 51.96186581438999], [5.3143816331509885, 51.96196477910041], [5.314541388476041, 51.9620636670075], [5.314679334582966, 51.96217152947979], [5.314756377205612, 51.96228776732708], [5.314723408934838, 51.962449408832896], [5.3146741732978855, 51.96255715605715], [5.314619448626768, 51.96268510535316], [5.3145483985330975, 51.962786097936416], [5.314477384453129, 51.96287361718613], [5.314390021398865, 51.96295776470711], [5.314280874916229, 51.96302505480163], [5.314122629106371, 51.963105787673925], [5.313980773430973, 51.963173057204436], [5.31375717007468, 51.96321669960666], [5.313588201048124, 51.9631896475765], [5.313446504457648, 51.96315925078575], [5.313315722604611, 51.96311875793021], [5.313228578467505, 51.9630681805998], [5.313163224824053, 51.96302098746932], [5.313032543600607, 51.96291986895291], [5.31292910722846, 51.962832240773174], [5.31284745584388, 51.96275135840822], [5.312760469025454, 51.96260647662975], [5.312662559244579, 51.9624683380148], [5.312640964662974, 51.96234707352983], [5.312641171231028, 51.96222246124529], [5.312728614187727, 51.96209117195037], [5.312927761023317, 51.96199979773], [5.313153194703277, 51.961937067110306], [5.313371367302754, 51.961883319711184], [5.31350953092525, 51.961847480336296], [5.31377850919913, 51.96183866898939], [5.314098294308653, 51.96186581438999]]]}}, {"type": "Feature", "id": "58530", "properties": {"OBJECTID": "58530", "LOCATIEGROEP_ID": "nl.imow-pv26.gebiedengroep.003000000000000000000811", "SYMBOOL_CODE": "vsgt114", "GROEP": "aardkundig waardevol gebied", "9e750651-8e97-4bc6-b09e-fc30b5f3e83c_id": "9187", "LOCATIE_ID": "nl.imow-pv26.gebied.003000000000000000000811e116810", "DOCUMENT_URL": "https://omgevingsbeleid.provincie-utrecht.nl/home?d=/akn/nl/act/pv26/2022/omgevingsverordening/nld@1089&o=", "NAAM": "Gebied aardkundige waarden", "TYPE": "erfgoed", "LOCATIEGROEP_NAAM": "Gebied aardkundige waarden", "LOCATIE_NAAM": null}, "geometry": {"type": "Polygon", "coordinates": [[[4.986348555920049, 51.976092334816826], [4.986529772809181, 51.9761069557125], [4.98667349512267, 51.9761593792346], [4.986665503229704, 51.976267184362534], [4.986665390716717, 51.97634828517985], [4.986595340752632, 51.97641669916783], [4.986475880271991, 51.97646530548585], [4.9862996424321855, 51.97649435752296], [4.986141527179265, 51.976493818745325], [4.9858513301837295, 51.97646720377525], [4.985822761094246, 51.976328722855236], [4.985852666261937, 51.97623317163359], [4.985921766386916, 51.97617830017546], [4.985923820165403, 51.976174864669574], [4.985955581612867, 51.97611583911194], [4.986068384212003, 51.97609397770851], [4.986216027882431, 51.97609188329428], [4.986348555920049, 51.976092334816826]]]}}, {"type": "Feature", "id": "58539", "properties": {"OBJECTID": "58539", "LOCATIEGROEP_ID": "nl.imow-pv26.gebiedengroep.003000000000000000000811", "SYMBOOL_CODE": "vsgt114", "GROEP": "aardkundig waardevol gebied", "9e750651-8e97-4bc6-b09e-fc30b5f3e83c_id": "9197", "LOCATIE_ID": "nl.imow-pv26.gebied.003000000000000000000811e116914", "DOCUMENT_URL": "https://omgevingsbeleid.provincie-utrecht.nl/home?d=/akn/nl/act/pv26/2022/omgevingsverordening/nld@1089&o=", "NAAM": "Gebied aardkundige waarden", "TYPE": "erfgoed", "LOCATIEGROEP_NAAM": "Gebied aardkundige waarden", "LOCATIE_NAAM": null}, "geometry": {"type": "Polygon", "coordinates": [[[5.493795998872326, 52.12149989969499], [5.493603269576738, 52.12217801974931], [5.494005617982164, 52.12245680419578], [5.493815272247945, 52.1233444411847], [5.4926872277660985, 52.12384579137835], [5.491730034768016, 52.124564461299435], [5.491174113818748, 52.125115287613006], [5.48985423144612, 52.125922002537], [5.487653348683454, 52.12684111526147], [5.487225079717497, 52.12656233136797], [5.486898308454037, 52.12612049897641], [5.488391233262015, 52.1255060652501], [5.48930830153772, 52.12519668009902], [5.490340404349305, 52.12432849422542], [5.4912873020697575, 52.123639666794986], [5.491700695302757, 52.12310492007975], [5.492553954160143, 52.12228264890008], [5.493562497722355, 52.121380471831955], [5.493769543111344, 52.1212686268373], [5.493795998872326, 52.12149989969499]]]}}, {"type": "Feature", "id": "58540", "properties": {"OBJECTID": "58540", "LOCATIEGROEP_ID": "nl.imow-pv26.gebiedengroep.003000000000000000000811", "SYMBOOL_CODE": "vsgt114", "GROEP": "aardkundig waardevol gebied", "9e750651-8e97-4bc6-b09e-fc30b5f3e83c_id": "9198", "LOCATIE_ID": "nl.imow-pv26.gebied.003000000000000000000811e116824", "DOCUMENT_URL": "https://omgevingsbeleid.provincie-utrecht.nl/home?d=/akn/nl/act/pv26/2022/omgevingsverordening/nld@1089&o=", "NAAM": "Gebied aardkundige waarden", "TYPE": "erfgoed", "LOCATIEGROEP_NAAM": "Gebied aardkundige waarden", "LOCATIE_NAAM": null}, "geometry": {"type": "Polygon", "coordinates": [[[5.538862481818971, 52.00056234202856], [5.537957031003415, 52.0006694052869], [5.537274465422746, 52.00075032727185], [5.5366893672280435, 52.00085443667069], [5.535989689719723, 52.00105923879703], [5.535460092430075, 52.001228157335326], [5.53513287324665, 52.00135974280386], [5.534559211210273, 52.001416073105226], [5.534006094323973, 52.00149428808365], [5.533424375249038, 52.001733199388966], [5.532967714726666, 52.001878422007394], [5.532547236547693, 52.00202275322658], [5.5321094961395305, 52.00217974157045], [5.531891326018005, 52.00226342942306], [5.5313728651057685, 52.0022955250277], [5.531156621664155, 52.00205957227578], [5.531510950364062, 52.00172208185116], [5.532384911511501, 52.00136400493562], [5.532856086357194, 52.001137882131175], [5.533627362258072, 52.00097597288867], [5.534322756609541, 52.00078102322288], [5.534656184929523, 52.00074015869898], [5.535112905395036, 52.00061824470282], [5.535387973598693, 52.00054430318799], [5.5355491767280816, 52.0004387675911], [5.53529003032433, 52.00044359743257], [5.5348588013518825, 52.00035958829784], [5.534078114799093, 52.00035157824076], [5.533354302392937, 52.000341811514375], [5.532648043090044, 52.0003426875639], [5.532057091198226, 52.00039902707774], [5.53150080552873, 52.00040869948077], [5.531091722213852, 52.00041650835777], [5.5304028702520105, 52.00038307776472], [5.529857793081985, 52.00026801801997], [5.529279448059816, 52.00020917197169], [5.528696531132275, 52.00007168218205], [5.528320536289358, 51.99996427629018], [5.527775429000962, 51.99983629095068], [5.527462952939375, 51.99952291453168], [5.527638480019463, 51.999336766844735], [5.528158314449155, 51.999316199840365], [5.528992401802076, 51.99966685839671], [5.529499481102625, 51.99978309168098], [5.530080956219314, 51.99989810884818], [5.530733395702609, 51.99993158579204], [5.531567668228585, 51.99990528037063], [5.532158579665047, 51.99983826541969], [5.5327511833808165, 51.99980410612225], [5.534119698968869, 51.999710841135766], [5.535069349992136, 51.99976273439544], [5.535799109946195, 51.99985169571865], [5.535750383841235, 51.99963604141725], [5.535311354180817, 51.999392791534056], [5.534891252809102, 51.99916075143001], [5.534243576218638, 51.998841360148205], [5.533850420692183, 51.99842587014428], [5.533559974347006, 51.99817990255251], [5.533248947192419, 51.99789996657584], [5.5329030762136915, 51.997677381503436], [5.532550853799005, 51.997318291019894], [5.532195754069307, 51.99691426219167], [5.532165893007641, 51.99668593670798], [5.532875345683452, 51.99677578608771], [5.533284220546642, 51.99713396034116], [5.53363785471739, 51.997504848344406], [5.534042228844043, 51.99780544736326], [5.534468421294719, 51.99816359582794], [5.5348759138844805, 51.99850997376104], [5.535163331340783, 51.99866493675968], [5.53563871513009, 51.99889550395255], [5.53623259925309, 51.999250629795874], [5.536705031131542, 51.99941349757278], [5.537224116240151, 51.99964400275766], [5.537777624929951, 51.99969076149432], [5.538450732659001, 51.99978090245652], [5.53906681669833, 51.9998275745966], [5.539374129056111, 51.999869592297955], [5.539576724201081, 51.99989798411119], [5.540019702247443, 51.999958636410234], [5.540732037089841, 52.000070905096436], [5.541446200722882, 52.000252259077406], [5.542081475508468, 52.00032080339648], [5.542678683747873, 52.00036748150155], [5.54330886533985, 52.00073263529088], [5.543691131770907, 52.00093071147537], [5.544086239777297, 52.00102736483584], [5.544504696572548, 52.00122454518226], [5.544723598796936, 52.00135710607314], [5.544574184083944, 52.00150926904095], [5.544333276412312, 52.00172081309326], [5.54419020791957, 52.00160696245507], [5.543703483342527, 52.00153570616415], [5.543474344930065, 52.00140287835642], [5.542810844734148, 52.00114141208126], [5.542490134178105, 52.0010438112967], [5.542077853830508, 52.00098311886507], [5.541417559188446, 52.00078990559638], [5.541231098660969, 52.00075869150429], [5.54063069864647, 52.00064431138357], [5.540313109990962, 52.00059276492072], [5.540116499236259, 52.000586558361604], [5.539834023484098, 52.000621197347314], [5.539592281914988, 52.0005928567335], [5.539412922394628, 52.00057230849142], [5.539227749142592, 52.000452043840774], [5.538862481818971, 52.00056234202856]]]}}, {"type": "Feature", "id": "58531", "properties": {"OBJECTID": "58531", "LOCATIEGROEP_ID": "nl.imow-pv26.gebiedengroep.003000000000000000000811", "SYMBOOL_CODE": "vsgt114", "GROEP": "aardkundig waardevol gebied", "9e750651-8e97-4bc6-b09e-fc30b5f3e83c_id": "9188", "LOCATIE_ID": "nl.imow-pv26.gebied.003000000000000000000811e116794", "DOCUMENT_URL": "https://omgevingsbeleid.provincie-utrecht.nl/home?d=/akn/nl/act/pv26/2022/omgevingsverordening/nld@1089&o=", "NAAM": "Gebied aardkundige waarden", "TYPE": "erfgoed", "LOCATIEGROEP_NAAM": "Gebied aardkundige waarden", "LOCATIE_NAAM": null}, "geometry": {"type": "Polygon", "coordinates": [[[4.930952923185956, 51.94909649571998], [4.9311873510319755, 51.949238773401085], [4.931352968254594, 51.949343410441635], [4.931469519676887, 51.9494441090085], [4.931572660819095, 51.949577742704065], [4.93166408841343, 51.949737657775806], [4.931745455387941, 51.94991720928149], [4.931818472799503, 51.950109752496644], [4.931884749945792, 51.950308633309476], [4.931944316535912, 51.95050373996915], [4.932003883732391, 51.950698837605906], [4.932080777739193, 51.950910990201976], [4.932191597821643, 51.95116444954065], [4.932326926645512, 51.95144264056744], [4.932477288741028, 51.95172895207607], [4.932633237032426, 51.95200679997813], [4.932785324345639, 51.952259564283075], [4.932924073529082, 51.95247066987783], [4.933040051195633, 51.95262349692048], [4.933157801153057, 51.95274498837303], [4.933303923541282, 51.95287026541831], [4.933472046554525, 51.952995060879196], [4.933655783800604, 51.95311509855612], [4.933848806746067, 51.95322612048132], [4.934044685157775, 51.953323841369034], [4.934237090308746, 51.953403994343425], [4.934419620715449, 51.953462303301905], [4.934595829029935, 51.95351285768593], [4.934772860000202, 51.9535727628314], [4.934949794500371, 51.95364229383837], [4.935125698947287, 51.953721716768584], [4.9352996975790795, 51.953811333864735], [4.9354708131643, 51.953911411031605], [4.935638170109487, 51.95402223254639], [4.935800820168372, 51.95414407342358], [4.935962804776164, 51.95426997424285], [4.9361291508827, 51.954393338874326], [4.936300562627804, 51.95451503287812], [4.936477700800707, 51.95463589467856], [4.93666126967082, 51.9547567808381], [4.936851929978073, 51.95487853875904], [4.937054577327593, 51.95500331737435], [4.937257240350796, 51.95512809569519], [4.937474771645778, 51.955289243343486], [4.937701570549937, 51.955508607426985], [4.937932969220949, 51.95577300216033], [4.938164270382799, 51.9560692416831], [4.938390819925855, 51.95638414932728], [4.93860790514645, 51.95670454824025], [4.938810885861725, 51.95701724390539], [4.938995034152979, 51.957309050491396], [4.939170817481459, 51.957580646128925], [4.939350840125665, 51.95784021327611], [4.939533752692576, 51.95808592215067], [4.939718191444615, 51.95831591595917], [4.93990282140973, 51.95852836499136], [4.940086264182672, 51.958721412415464], [4.940267170223983, 51.95889321949492], [4.940444175490552, 51.959041938457965], [4.940651784892543, 51.95918707013607], [4.940914704157416, 51.95934458146648], [4.941217001018521, 51.95950733786881], [4.941542670091873, 51.95966820459846], [4.941875792942864, 51.95982003840844], [4.94220034894982, 51.95995568685332], [4.942500389397845, 51.96006804287786], [4.942759936715368, 51.9601499455406], [4.9430134901365275, 51.96022307936335], [4.943300331091839, 51.9603126070995], [4.943611777952834, 51.96041667113981], [4.94393912018363, 51.9605333868738], [4.944273705065594, 51.96066089696146], [4.944606821812524, 51.96079731697516], [4.944929803036512, 51.96094077173757], [4.945233922981808, 51.96108938594604], [4.945521769985353, 51.96123294975133], [4.94579646711698, 51.9613615968349], [4.946050257210131, 51.96147403085025], [4.946275325098087, 51.96156892832672], [4.946463927797865, 51.96164502003609], [4.9466082792177515, 51.961700982678785], [4.9467347184432935, 51.961767511254145], [4.946746875078585, 51.961836443198], [4.946763652683257, 51.96190152746548], [4.946780430248093, 51.96196662071804], [4.9468133313740195, 51.96206856348792], [4.946846247198076, 51.962170506301796], [4.946840143433113, 51.96228696299285], [4.946753047388605, 51.9623908024983], [4.946610167927915, 51.96248113033736], [4.946436714417994, 51.962557034067466], [4.946257925228898, 51.962617637413686], [4.946098980974356, 51.962662037064135], [4.945977574047839, 51.96269326559756], [4.945881079695627, 51.96273010628562], [4.94572298390272, 51.9628065159914], [4.945618303178935, 51.96285312300424], [4.945502378816744, 51.962900820238126], [4.945379609086988, 51.96294622659577], [4.945254363305503, 51.96298595189927], [4.945106518538976, 51.96301409609765], [4.944916642817799, 51.963028473800556], [4.944690213444675, 51.96303139742594], [4.944432708094691, 51.96302514344443], [4.9441496042542346, 51.96301200632273], [4.9438463796400764, 51.96299425359673], [4.943523943072237, 51.962974162581126], [4.943201492335044, 51.96295406163894], [4.942832441276418, 51.96291596896652], [4.942406639392217, 51.96284763961674], [4.941956732009454, 51.96275996452461], [4.941515378608077, 51.96266381716622], [4.941115266715191, 51.962570107563515], [4.940789025538917, 51.962489692005185], [4.940638948976682, 51.96245099400021], [4.940488843574842, 51.96241229569331], [4.9405093594139995, 51.9623157402142], [4.940529875253685, 51.96221917574208], [4.940317792439842, 51.96216250793464], [4.940105710251968, 51.962105830756926], [4.939893628511204, 51.962049162184854], [4.939681547396494, 51.96199248424254], [4.939469466728814, 51.9619358149059], [4.939257386687277, 51.96187913619898], [4.939045307182408, 51.961822457109804], [4.938833213575153, 51.961765786570794], [4.9386339900891665, 51.96164573416644], [4.93843476757915, 51.96152569041175], [4.938235546134961, 51.96140564631886], [4.93803632575649, 51.9612856018876], [4.937837106443834, 51.96116555711805], [4.937637888196938, 51.9610455120103], [4.937438671105773, 51.960925457576266], [4.937239440441487, 51.96080541173628], [4.937328037340177, 51.96074534906914], [4.937416633911657, 51.96068529532235], [4.93750523033603, 51.96062523252019], [4.9375938118844385, 51.96056517858277], [4.937483885980273, 51.96052795124287], [4.937373974807446, 51.96049072385583], [4.93713552370943, 51.96040672381498], [4.9368436769419395, 51.96029958069495], [4.936522701015987, 51.96017533733019], [4.936196774808145, 51.96004003644665], [4.935890149587696, 51.95989971232158], [4.935627047142346, 51.959760390378875], [4.935381672850149, 51.9595988089399], [4.935117461442586, 51.95939511620953], [4.934842579373759, 51.95916051594232], [4.934565134433963, 51.95890622072884], [4.934293306531623, 51.958643461491974], [4.934035173545603, 51.95838344187443], [4.9337989146570544, 51.95813737496794], [4.933592621373397, 51.95791647358482], [4.9333902890673595, 51.95767812279245], [4.9331660408625035, 51.95738447176773], [4.932928420387873, 51.95705396146059], [4.932685956272841, 51.95670502384063], [4.932453251331031, 51.95636532746835], [4.932220549813691, 51.956025639611546], [4.932014647102824, 51.955732048248166], [4.931837965184913, 51.955493784928784], [4.931689363300386, 51.955271179880334], [4.931559613388, 51.955018779439314], [4.93144519770393, 51.95474634035023], [4.93134255507164, 51.95446359220497], [4.931250535326673, 51.954184938869325], [4.9311585022635755, 51.95390627640783], [4.931070027526905, 51.95365120405201], [4.93097919636163, 51.95342484918664], [4.9308926280564, 51.953215705457666], [4.930816363849625, 51.953006161208144], [4.930746856427015, 51.95279742510637], [4.930677349647951, 51.952588688958194], [4.9306058720307275, 51.9523821382641], [4.930527257538305, 51.95217796868377], [4.930437178957451, 51.951976864489474], [4.93033123632187, 51.95177951864307], [4.930204728940828, 51.951590451947176], [4.930062481095027, 51.95141590301272], [4.92991455438489, 51.95125917366629], [4.929770981390644, 51.9511235387052], [4.929641852257981, 51.951012318141494], [4.929537170121962, 51.950928795736026], [4.929441362686119, 51.950858008292485], [4.929456871081249, 51.95077502541196], [4.9294723648729475, 51.95069204247176], [4.929487887789655, 51.95060905065376], [4.9295033814658, 51.950526067707386], [4.9295189041753025, 51.9504430848712], [4.929534397735902, 51.95036010191873], [4.929549920421289, 51.95027711008841], [4.929565413957927, 51.950194118141795], [4.929559196454824, 51.95017190174787], [4.929536686041622, 51.950106999266524], [4.9295115429039935, 51.95004780311776], [4.929553903291147, 51.94987911304818], [4.92958700014807, 51.94981439096809], [4.929581092865366, 51.949746029658485], [4.929641259230068, 51.94950856715208], [4.929707690352797, 51.94941141894853], [4.929949788175186, 51.94885440031372], [4.929963744241648, 51.94882229429465], [4.930033565070663, 51.94874635358092], [4.9301308837303806, 51.948645424246344], [4.930679755698343, 51.94897485723321], [4.93073167236083, 51.949006014562826], [4.930773347342706, 51.94898866701117], [4.930952923185956, 51.94909649571998]]]}}, {"type": "Feature", "id": "58532", "properties": {"OBJECTID": "58532", "LOCATIEGROEP_ID": "nl.imow-pv26.gebiedengroep.003000000000000000000811", "SYMBOOL_CODE": "vsgt114", "GROEP": "aardkundig waardevol gebied", "9e750651-8e97-4bc6-b09e-fc30b5f3e83c_id": "9189", "LOCATIE_ID": "nl.imow-pv26.gebied.003000000000000000000811e116811", "DOCUMENT_URL": "https://omgevingsbeleid.provincie-utrecht.nl/home?d=/akn/nl/act/pv26/2022/omgevingsverordening/nld@1089&o=", "NAAM": "Gebied aardkundige waarden", "TYPE": "erfgoed", "LOCATIEGROEP_NAAM": "Gebied aardkundige waarden", "LOCATIE_NAAM": null}, "geometry": {"type": "Polygon", "coordinates": [[[5.542879024406569, 51.9828380568206], [5.542697878948326, 51.98346988742381], [5.542342506673098, 51.983952986645164], [5.541911186707926, 51.98479965789173], [5.541275430849527, 51.985293387056466], [5.540796609891717, 51.985742083675454], [5.540677927370796, 51.98615536249458], [5.540233486597917, 51.986632612238], [5.5398401155868005, 51.9869932801721], [5.539343871805136, 51.98737526512549], [5.538794508314007, 51.987270040356464], [5.53860510080985, 51.98706902121507], [5.5386895855211415, 51.98668757983979], [5.53884263561064, 51.986284855800136], [5.5392188958234305, 51.985934810365784], [5.539577756416788, 51.98552122184782], [5.539985297353304, 51.98516114747964], [5.540416114363158, 51.984849613469514], [5.540963176234682, 51.984287479091186], [5.541355858496267, 51.98373614178838], [5.541645930923786, 51.98328027569519], [5.541918213671075, 51.98264434498958], [5.542104541141614, 51.981955568526786], [5.5413508875467725, 51.98158047583597], [5.540937739769483, 51.98136708922025], [5.5401052223089335, 51.98091786723046], [5.539873702436011, 51.9808252663444], [5.539401930650549, 51.980536782260124], [5.538233419406013, 51.97987294828291], [5.537569087138121, 51.979563078583396], [5.53713376801304, 51.979337662774974], [5.536721475314799, 51.97915457739022], [5.535782901100134, 51.978901537000226], [5.5352106059735995, 51.97874690739493], [5.534729305540134, 51.97864307888836], [5.534378638580355, 51.97859681600289], [5.534316845771309, 51.97871892603192], [5.534766979516166, 51.97935631628628], [5.535024461584593, 51.97997808313364], [5.535078417288615, 51.980180501136886], [5.5351179765298495, 51.98061617170111], [5.535154359418941, 51.980750894771866], [5.535193919906413, 51.98118656527428], [5.534945842546461, 51.98168496675625], [5.535107995308301, 51.982306205894695], [5.535245884418689, 51.982503763332545], [5.535383634612072, 51.98265895047827], [5.535429852321402, 51.98280012352856], [5.535545484170582, 51.983181319296705], [5.535157290040958, 51.98337953975038], [5.53476848775224, 51.98339415805962], [5.5343560600544475, 51.98318281477604], [5.534126393277859, 51.98290063050561], [5.534079731100561, 51.98261821717894], [5.533964622070336, 51.98239238006898], [5.533826045620668, 51.9819829614837], [5.533916559418168, 51.981686256372434], [5.5339757045508104, 51.981203112470226], [5.533855422282825, 51.98067179118971], [5.533660222014624, 51.98014831995558], [5.533588786899946, 51.97987763083401], [5.533439340853697, 51.97931413169559], [5.53331964849334, 51.97907178825872], [5.532663615542661, 51.97858279087222], [5.5322640603319595, 51.97827560113057], [5.531880651649809, 51.97803594537712], [5.531579397370731, 51.977892109413254], [5.530556107946658, 51.977646933134906], [5.530182851971868, 51.977551232281506], [5.532116191808432, 51.977382995660015], [5.53294726784843, 51.97731752240435], [5.533355561418369, 51.977426779036556], [5.534485750283349, 51.977649524295614], [5.535482025518444, 51.977932019468476], [5.536237881068095, 51.97816653581561], [5.53706222606185, 51.97846207966946], [5.53761194250575, 51.97870147882195], [5.53843621106284, 51.97896877224715], [5.539260872863554, 51.979349049915875], [5.5400750863302095, 51.97981127171898], [5.541638088875158, 51.98060390967581], [5.541951715276307, 51.980792042308245], [5.542591403074647, 51.9810749193209], [5.5428298688981155, 51.98123338907806], [5.543232106247183, 51.981400440452326], [5.544001968695255, 51.981582819716934], [5.544432195465745, 51.9816434814053], [5.545063064334433, 51.98191078922742], [5.546029650248418, 51.98203014426756], [5.54711019192287, 51.98214264016507], [5.54738199228647, 51.98227489071511], [5.547301545046279, 51.982398542967736], [5.546796520521241, 51.98246146409256], [5.546349990954364, 51.98249414848063], [5.545868227073866, 51.98251653334652], [5.545153861453018, 51.98243407630657], [5.5444675553130525, 51.98234529464116], [5.543767232794536, 51.98211446037161], [5.5447959846171875, 51.98294847428454], [5.545330504494661, 51.98340405050193], [5.546443723679478, 51.984703101711915], [5.54698468838416, 51.98486125159796], [5.547872990377215, 51.98499510597134], [5.548606632908902, 51.98505765615423], [5.550048013878285, 51.98513511435578], [5.551103417594408, 51.98522103936303], [5.551309720953185, 51.985339916819626], [5.55109142085916, 51.98545938677501], [5.5500879910873975, 51.98551640062393], [5.54831257299998, 51.98558240328498], [5.546913153754706, 51.985244811700774], [5.545882073060555, 51.98476159249791], [5.545766877245175, 51.98492857765193], [5.54565277534878, 51.98541335639604], [5.545397804158439, 51.98608104544576], [5.544935510359817, 51.98634383408952], [5.544651978588588, 51.98621710342113], [5.544471272326211, 51.98605845230414], [5.544521966197267, 51.98583593594475], [5.544585360749045, 51.98556573821779], [5.545037723959397, 51.98464688980008], [5.54487186500725, 51.984374914280544], [5.544450577430676, 51.98391992161176], [5.543914529077208, 51.98331371047887], [5.54359027735397, 51.98294142035708], [5.543093593762312, 51.982551570571516], [5.542879024406569, 51.9828380568206]]]}}, {"type": "Feature", "id": "58533", "properties": {"OBJECTID": "58533", "LOCATIEGROEP_ID": "nl.imow-pv26.gebiedengroep.003000000000000000000811", "SYMBOOL_CODE": "vsgt114", "GROEP": "aardkundig waardevol gebied", "9e750651-8e97-4bc6-b09e-fc30b5f3e83c_id": "9190", "LOCATIE_ID": "nl.imow-pv26.gebied.003000000000000000000811e116881", "DOCUMENT_URL": "https://omgevingsbeleid.provincie-utrecht.nl/home?d=/akn/nl/act/pv26/2022/omgevingsverordening/nld@1089&o=", "NAAM": "Gebied aardkundige waarden", "TYPE": "erfgoed", "LOCATIEGROEP_NAAM": "Gebied aardkundige waarden", "LOCATIE_NAAM": null}, "geometry": {"type": "Polygon", "coordinates": [[[5.472293031045556, 52.07354123234547], [5.470647602798713, 52.074427788592665], [5.469701981022124, 52.074752385236685], [5.4685808581575275, 52.074925925860796], [5.468195394751719, 52.07494778132216], [5.467388887322869, 52.074689199675255], [5.466582350810396, 52.074409014235584], [5.466441794313044, 52.07419316215102], [5.466475986486132, 52.07371804869867], [5.466720846065143, 52.07345874882239], [5.4679471520349034, 52.07332834124376], [5.468753164797796, 52.07332778493104], [5.4693141511507415, 52.07347856452992], [5.469559456397358, 52.07347839295717], [5.469734397061107, 52.073327100238195], [5.470013870018138, 52.07285182223268], [5.470398710860264, 52.07250603180633], [5.47085411433572, 52.072419333486984], [5.471485017008303, 52.072483668821356], [5.471800809517758, 52.07269938900417], [5.471976764602808, 52.07308796860488], [5.472293031045556, 52.07354123234547]]]}}, {"type": "Feature", "id": "58567", "properties": {"OBJECTID": "58567", "LOCATIEGROEP_ID": "nl.imow-pv26.gebiedengroep.003000000000000000000811", "SYMBOOL_CODE": "vsgt114", "GROEP": "aardkundig waardevol gebied", "9e750651-8e97-4bc6-b09e-fc30b5f3e83c_id": "9191", "LOCATIE_ID": "nl.imow-pv26.gebied.003000000000000000000811e116863", "DOCUMENT_URL": "https://omgevingsbeleid.provincie-utrecht.nl/home?d=/akn/nl/act/pv26/2022/omgevingsverordening/nld@1089&o=", "NAAM": "Gebied aardkundige waarden", "TYPE": "erfgoed", "LOCATIEGROEP_NAAM": "Gebied aardkundige waarden", "LOCATIE_NAAM": null}, "geometry": {"type": "Polygon", "coordinates": [[[5.343040782952402, 52.04770353241831], [5.343408531578471, 52.04780590871062], [5.343801527550001, 52.0479563254506], [5.344282466311698, 52.04808317012707], [5.3447284212973925, 52.048117602763305], [5.3450073976625685, 52.04815955118671], [5.345117632789415, 52.04817616450762], [5.34561915935801, 52.048210604551], [5.346082579819658, 52.04832565232763], [5.346509505978219, 52.04849853303249], [5.346972880934657, 52.048670310068196], [5.347350644922516, 52.048807784891885], [5.347510264725151, 52.04886598248984], [5.348140344981986, 52.049072360949765], [5.348243931764832, 52.049144299784125], [5.348602014845347, 52.049393548881426], [5.3493249085676995, 52.04975948969938], [5.349886817222153, 52.05008351788436], [5.350304141101558, 52.05032435860796], [5.350101200558405, 52.050583825972176], [5.349713339877827, 52.050778070928686], [5.349561713733123, 52.05068533768587], [5.349468400989612, 52.050593737386095], [5.348913342935099, 52.050250052514876], [5.34838375651943, 52.04996281852515], [5.348154257609731, 52.049838311965196], [5.347488385802253, 52.04939122074172], [5.346506060963327, 52.049035012581086], [5.345987258472588, 52.048943262281256], [5.345114106946419, 52.04878116916759], [5.344595440733128, 52.04855178723895], [5.344132010710597, 52.048448256334154], [5.343704775497822, 52.048378729862726], [5.3431495870558985, 52.04824116835184], [5.343074446705793, 52.048218670112355], [5.342722631016341, 52.04811405175972], [5.34222293685092, 52.04783972606562], [5.341580273149046, 52.047508044089895], [5.342372017685003, 52.0472735333199], [5.343040782952402, 52.04770353241831]]]}}, {"type": "Feature", "id": "58534", "properties": {"OBJECTID": "58534", "LOCATIEGROEP_ID": "nl.imow-pv26.gebiedengroep.003000000000000000000811", "SYMBOOL_CODE": "vsgt114", "GROEP": "aardkundig waardevol gebied", "9e750651-8e97-4bc6-b09e-fc30b5f3e83c_id": "9192", "LOCATIE_ID": "nl.imow-pv26.gebied.003000000000000000000811e116961", "DOCUMENT_URL": "https://omgevingsbeleid.provincie-utrecht.nl/home?d=/akn/nl/act/pv26/2022/omgevingsverordening/nld@1089&o=", "NAAM": "Gebied aardkundige waarden", "TYPE": "erfgoed", "LOCATIEGROEP_NAAM": "Gebied aardkundige waarden", "LOCATIE_NAAM": null}, "geometry": {"type": "Polygon", "coordinates": [[[4.859728564166086, 52.224994697976015], [4.859736859000485, 52.22505557467281], [4.859808186889994, 52.22511673280879], [4.859934605815774, 52.22525812986458], [4.8599292303289054, 52.22526589845123], [4.859962011968297, 52.22534897688723], [4.859961068045989, 52.22542873202956], [4.8599378495279915, 52.225561551662764], [4.859785402146571, 52.225640621469985], [4.859665887262279, 52.225679967469276], [4.8594601051614355, 52.2256923415204], [4.859319653223265, 52.225671769620114], [4.859211991897059, 52.225624766657354], [4.859179673973637, 52.22561132897502], [4.859115067349168, 52.225584462702095], [4.858996024854832, 52.225583930458214], [4.858855573474737, 52.225563358006305], [4.858704686288324, 52.225509519112485], [4.858553656468037, 52.22546896362491], [4.858327822283988, 52.22534832267502], [4.858195929862934, 52.225261537327185], [4.85819631001331, 52.22525787193227], [4.858183172395429, 52.22525495491804], [4.858104478881635, 52.22516840770196], [4.858060653682491, 52.22508878458097], [4.858025983316109, 52.22502579427303], [4.857986313065036, 52.224953721665635], [4.857923429976539, 52.22493960741592], [4.85786469300576, 52.22495593603926], [4.857711596650959, 52.224955249889106], [4.857572781474988, 52.224949917869154], [4.857503193380472, 52.22490765891617], [4.857429195078572, 52.22484612787885], [4.857375674510786, 52.224801639984506], [4.857371937947514, 52.224738024242995], [4.857408135269499, 52.22467252037653], [4.8574751420098075, 52.22461427315145], [4.8575429617182815, 52.22455533745874], [4.8575862031475845, 52.22451774585217], [4.857659006409499, 52.22445446427584], [4.8577855781103505, 52.22441355207033], [4.857983966698026, 52.22439231263775], [4.858235744484236, 52.22442663301296], [4.858363024798509, 52.224480088216936], [4.858553093499836, 52.224627164519795], [4.858682484610307, 52.224727303423386], [4.858744547680467, 52.22481054018687], [4.858769406019926, 52.224882753001225], [4.858810710236122, 52.22492698787787], [4.858841840387007, 52.22496031076009], [4.858967756622311, 52.2249747064099], [4.8590670830730085, 52.224953022123266], [4.859102999772781, 52.22487642532048], [4.859108658515822, 52.22487440135854], [4.859114831541932, 52.22477590267742], [4.8591462025996925, 52.22469754186904], [4.85926274811173, 52.224623291770506], [4.859385026949686, 52.22457897918655], [4.8595260569472485, 52.22449362122682], [4.859721111953861, 52.224472058394525], [4.859867771840749, 52.22442411518164], [4.860080603970112, 52.224443760130924], [4.860250348006059, 52.224504332512815], [4.860353344554217, 52.22454591195997], [4.860498854929876, 52.22459515889054], [4.860613939633505, 52.22464427899733], [4.860681129725881, 52.22462588350074], [4.860736349846836, 52.22458873961305], [4.860804143448085, 52.22451801869832], [4.860634855158266, 52.22442005913549], [4.860587343643303, 52.2243189122756], [4.860454098697307, 52.2242622331543], [4.860309282220075, 52.22415317422314], [4.860200817673523, 52.22405923330399], [4.860013963928006, 52.223956835292014], [4.859861310067637, 52.22384981704465], [4.859785899970015, 52.223719505112356], [4.859808376125467, 52.22370003862224], [4.859917056003779, 52.22366064411596], [4.8599825399863885, 52.223614414599304], [4.860058524171298, 52.22359481836623], [4.86006126874516, 52.22359910889536], [4.860295921055917, 52.2234762115217], [4.860297843700488, 52.22347575272275], [4.860267648682475, 52.22344750361095], [4.859948916331516, 52.223347842656445], [4.85966147819051, 52.22330727280173], [4.859214101199184, 52.223265978461], [4.859119758894099, 52.22312802255785], [4.85909009698883, 52.22293142154388], [4.858867808372513, 52.22279290230523], [4.8586128314578625, 52.22271317958747], [4.858389612731003, 52.22265323725057], [4.858155368545823, 52.222511220728805], [4.858156768239193, 52.22239334953212], [4.858207013183399, 52.222202022552494], [4.858232412628597, 52.22208424984066], [4.858305432179961, 52.221996170960665], [4.858450436015465, 52.22190840530132], [4.85876511128376, 52.221674049565195], [4.858694365323601, 52.22157058687777], [4.85843133276754, 52.221495735125714], [4.858169015485939, 52.221361951737464], [4.858170590113553, 52.221229340995976], [4.85824273384104, 52.221214923790676], [4.858412419323436, 52.22106833444884], [4.858798896767367, 52.22084904033345], [4.858947724537525, 52.220437121304776], [4.858998153220439, 52.220231054454786], [4.858928631897539, 52.220024451160434], [4.858762621846632, 52.21986162810397], [4.858286134160045, 52.21957952839059], [4.858336739763661, 52.21935873125633], [4.858530051896122, 52.21924171014936], [4.858460709076569, 52.219020376008686], [4.858511488061996, 52.21878483924822], [4.858489777512145, 52.21859318993665], [4.858444419159563, 52.21837195412923], [4.858301700471494, 52.21826817788969], [4.857630888287473, 52.2181914885383], [4.857031150806053, 52.218188798013365], [4.856286783523699, 52.21824439769687], [4.855686005445004, 52.21833011058591], [4.855275551364923, 52.21854928661361], [4.855297599758591, 52.21871147543142], [4.855127385226061, 52.218902260943715], [4.854982047391017, 52.219019483704734], [4.854595390917838, 52.21925350491417], [4.853945364983792, 52.219442133143076], [4.853297643513177, 52.21943920706186], [4.852818558963115, 52.21937809723037], [4.852292186651759, 52.21925783700774], [4.852101689489515, 52.21913908756303], [4.851696345857636, 52.21893095797461], [4.851506560197995, 52.218753276473855], [4.851366514452147, 52.21842847106668], [4.851225422009118, 52.21819206668224], [4.851181695316496, 52.217838226406336], [4.851208868439353, 52.21757312282132], [4.851330937635503, 52.21739685578089], [4.851500454141296, 52.21726500681264], [4.851624115255098, 52.216956128729215], [4.8511239135185, 52.21665916085435], [4.850432498845446, 52.216302378643476], [4.849811470847002, 52.216078521617526], [4.849238960794995, 52.215810688280875], [4.849096464508927, 52.215692152470666], [4.849027707863804, 52.21542661214468], [4.848958225589416, 52.21522000281054], [4.849058628995655, 52.21485208691123], [4.8492062959749385, 52.21454332057455], [4.849283767485153, 52.21408688495968], [4.850856328214888, 52.21375528792692], [4.8509842494178015, 52.21375586878968], [4.851237901149002, 52.21394039346635], [4.851448604237255, 52.214150913815025], [4.851572448181987, 52.214492022082155], [4.851315312274168, 52.21459563780314], [4.850838889080545, 52.214760472269624], [4.850771623400219, 52.21503522669007], [4.850928696127285, 52.21527169536294], [4.851439719008421, 52.215332957940646], [4.8517924846481, 52.21525596654938], [4.851984380257399, 52.21525683631197], [4.852464141265948, 52.21525900945333], [4.852655329874602, 52.21531881824978], [4.853134385195018, 52.21537992879432], [4.853548515815545, 52.215519326157164], [4.853674810264827, 52.21565742215898], [4.853768164669491, 52.215873960336836], [4.853829784127535, 52.216070707349], [4.8538286084096525, 52.21616893190445], [4.853698092879417, 52.21638445891138], [4.853599547462805, 52.216600130211525], [4.853436808045022, 52.216835159101336], [4.8533389665222595, 52.2169918900504], [4.853242065925788, 52.21707004308625], [4.853047807525296, 52.21726562441105], [4.853044510363329, 52.217540669252], [4.853266283831322, 52.217718492925776], [4.853424335172946, 52.21787638044591], [4.853390700758203, 52.218013753803255], [4.853485235226265, 52.218132067604465], [4.853675746528375, 52.21825080591627], [4.854026400988889, 52.21835062815881], [4.8542519568485, 52.21821411179908], [4.854445509508848, 52.21807745964761], [4.854574397108887, 52.21799945887672], [4.854800169626979, 52.21784329468592], [4.855088975571044, 52.21776601409955], [4.855473272125884, 52.21772844927805], [4.855825098008357, 52.21773003265216], [4.856208457134082, 52.217771052269576], [4.856753140138005, 52.217694908705646], [4.857426235397986, 52.21758005215188], [4.857843682025183, 52.21744439849932], [4.858228425348226, 52.21736753120669], [4.858900813182646, 52.21731159738971], [4.859219965628102, 52.21737196778393], [4.859346748394986, 52.21747076426802], [4.859473051613181, 52.21760886297306], [4.859566685554248, 52.21780574988176], [4.859820008378263, 52.21802299759777], [4.8599787668249474, 52.21812193615188], [4.860041114120844, 52.21825973973333], [4.860168133510216, 52.21833889759628], [4.860262454448368, 52.21847684371868], [4.860421462294896, 52.21855614400916], [4.8606126758747665, 52.218615930930916], [4.860771452721207, 52.21871487746673], [4.860897996047953, 52.21883331892288], [4.860958954936435, 52.2190890023066], [4.8608931228226595, 52.219245881994034], [4.860891962571217, 52.21934410658439], [4.8608901060929615, 52.21950127131787], [4.860951529933801, 52.21971766124779], [4.8608527800906804, 52.219952985222314], [4.8609784136171275, 52.22015001348687], [4.86100947421246, 52.220228733859535], [4.86113625432457, 52.22032753731005], [4.861231292876337, 52.220406542547416], [4.861357624870273, 52.220544639247876], [4.861356001846566, 52.22068215724504], [4.861226190579346, 52.22083875223054], [4.860969828420981, 52.220876905861196], [4.860489556480344, 52.22091406068406], [4.86016782062406, 52.22106979852186], [4.860327055241621, 52.22112945214225], [4.860518294362711, 52.221189239269165], [4.860741044335475, 52.221288471008315], [4.860867362771623, 52.22142655916001], [4.860800148823691, 52.221701310045205], [4.8605745952924595, 52.221837838830794], [4.860189570421607, 52.221934351311575], [4.8597403460456805, 52.22205022361693], [4.8596742725992845, 52.22222674923183], [4.860089896558323, 52.22224825243354], [4.8602493676543075, 52.22228825944859], [4.860760962899525, 52.22231018838992], [4.86095172890297, 52.22240926815337], [4.860918346200152, 52.22252700585241], [4.8609169538096895, 52.22264487708873], [4.861076441705598, 52.22268488305208], [4.861203692854346, 52.222744392988396], [4.861362007396153, 52.22288262303311], [4.861391911177274, 52.22305957678809], [4.861390056261559, 52.22321674142637], [4.861387273806699, 52.22345249286919], [4.861608661055709, 52.22366959423673], [4.86163902988051, 52.223807254503306], [4.861381708901342, 52.223923986736885], [4.86106112905116, 52.2239815024526], [4.860889350652127, 52.223963129736674], [4.860780915976472, 52.22397063686047], [4.860699756637139, 52.22397857105179], [4.860681102449129, 52.2240337909707], [4.860703185703646, 52.224069841338356], [4.860783317537056, 52.22414763894373], [4.860850315976679, 52.2241949446591], [4.8609934948810185, 52.224273014047405], [4.861159182459804, 52.22435119248772], [4.861248167544263, 52.224442843725576], [4.8612695659305265, 52.22453696229107], [4.86123699764141, 52.22462532194788], [4.8611595104650736, 52.22470516768259], [4.861095516295034, 52.2247850824504], [4.861004505795673, 52.224864876839575], [4.860936148879689, 52.224933707879565], [4.860854283661004, 52.22500247868962], [4.860803992672393, 52.22506586254122], [4.860726783317382, 52.22512083049353], [4.860613949268423, 52.2251424469718], [4.8605105552186805, 52.2251281624918], [4.860456573424844, 52.22512239417886], [4.860362605265847, 52.22507219068234], [4.860300244461379, 52.225013841179965], [4.860228850676191, 52.22495821065714], [4.860152767749108, 52.22491915997273], [4.860058720215981, 52.22487449247362], [4.859968769705293, 52.224865786130096], [4.859864936322518, 52.224887451053604], [4.859778922041886, 52.22492578726602], [4.85972459511314, 52.224950432411426], [4.859728564166086, 52.224994697976015]]]}}, {"type": "Feature", "id": "58535", "properties": {"OBJECTID": "58535", "LOCATIEGROEP_ID": "nl.imow-pv26.gebiedengroep.003000000000000000000811", "SYMBOOL_CODE": "vsgt114", "GROEP": "aardkundig waardevol gebied", "9e750651-8e97-4bc6-b09e-fc30b5f3e83c_id": "9193", "LOCATIE_ID": "nl.imow-pv26.gebied.003000000000000000000811e116926", "DOCUMENT_URL": "https://omgevingsbeleid.provincie-utrecht.nl/home?d=/akn/nl/act/pv26/2022/omgevingsverordening/nld@1089&o=", "NAAM": "Gebied aardkundige waarden", "TYPE": "erfgoed", "LOCATIEGROEP_NAAM": "Gebied aardkundige waarden", "LOCATIE_NAAM": null}, "geometry": {"type": "Polygon", "coordinates": [[[5.511998229588234, 52.13399809552113], [5.51195975171773, 52.13400097648763], [5.511928446956099, 52.134046255081635], [5.5109136731245805, 52.134240962253386], [5.510003935014828, 52.13430821865541], [5.509657617887456, 52.13463275730017], [5.509418593910326, 52.13478772447359], [5.507155986103995, 52.13487846553561], [5.502489486055896, 52.13481046784102], [5.501576153837479, 52.13467035527934], [5.500950899270558, 52.13449054548049], [5.500880906968572, 52.13434685054561], [5.500935471528733, 52.13364147611033], [5.501372979062844, 52.133526752729864], [5.502459901806203, 52.133807484620625], [5.503633042079815, 52.13374738741423], [5.504674869335163, 52.13383475835393], [5.505345611396494, 52.13393723324287], [5.505848629617009, 52.1340030407321], [5.5061475497058865, 52.13385539042984], [5.507356720410608, 52.133839422605895], [5.508996995640396, 52.13385247784104], [5.509283786566121, 52.13365325016695], [5.509664870567351, 52.1335347525758], [5.510875653226578, 52.13348213898434], [5.512030705128162, 52.13347362208409], [5.512020938259948, 52.133783016319796], [5.511998229588234, 52.13399809552113]]]}}, {"type": "Feature", "id": "58536", "properties": {"OBJECTID": "58536", "LOCATIEGROEP_ID": "nl.imow-pv26.gebiedengroep.003000000000000000000811", "SYMBOOL_CODE": "vsgt114", "GROEP": "aardkundig waardevol gebied", "9e750651-8e97-4bc6-b09e-fc30b5f3e83c_id": "9194", "LOCATIE_ID": "nl.imow-pv26.gebied.003000000000000000000811e116929", "DOCUMENT_URL": "https://omgevingsbeleid.provincie-utrecht.nl/home?d=/akn/nl/act/pv26/2022/omgevingsverordening/nld@1089&o=", "NAAM": "Gebied aardkundige waarden", "TYPE": "erfgoed", "LOCATIEGROEP_NAAM": "Gebied aardkundige waarden", "LOCATIE_NAAM": null}, "geometry": {"type": "Polygon", "coordinates": [[[5.4900214164383945, 52.14068274975148], [5.490097731957354, 52.140906024795925], [5.48998351966927, 52.14099777472889], [5.48848619284472, 52.1410439850568], [5.488253887570225, 52.14099473292955], [5.488133147996268, 52.1409151672563], [5.488315684401812, 52.140681485584196], [5.488538894069435, 52.14065655883427], [5.488784455548187, 52.14064536395216], [5.489914107888217, 52.14061965807797], [5.4900214164383945, 52.14068274975148]]]}}, {"type": "Feature", "id": "58537", "properties": {"OBJECTID": "58537", "LOCATIEGROEP_ID": "nl.imow-pv26.gebiedengroep.003000000000000000000811", "SYMBOOL_CODE": "vsgt114", "GROEP": "aardkundig waardevol gebied", "9e750651-8e97-4bc6-b09e-fc30b5f3e83c_id": "9195", "LOCATIE_ID": "nl.imow-pv26.gebied.003000000000000000000811e116967", "DOCUMENT_URL": "https://omgevingsbeleid.provincie-utrecht.nl/home?d=/akn/nl/act/pv26/2022/omgevingsverordening/nld@1089&o=", "NAAM": "Gebied aardkundige waarden", "TYPE": "erfgoed", "LOCATIEGROEP_NAAM": "Gebied aardkundige waarden", "LOCATIE_NAAM": null}, "geometry": {"type": "Polygon", "coordinates": [[[4.896988419770301, 52.23487987572137], [4.896715412046956, 52.23505185944138], [4.8964436347312015, 52.23511066245954], [4.896247639308401, 52.23518309093149], [4.8962674839761675, 52.23534963012042], [4.8965264353229925, 52.2354705510924], [4.896849342027361, 52.23569161995645], [4.896912724569312, 52.23584502855862], [4.897041249714193, 52.235992047329226], [4.896843990567542, 52.23617765670468], [4.896830723989406, 52.23639732986687], [4.897011933761969, 52.23668439270975], [4.897082208865979, 52.237197383370926], [4.897043730517126, 52.237736545097], [4.896931031692489, 52.23812226230344], [4.896732457176672, 52.23842772914408], [4.896561444796227, 52.23841851653549], [4.896429671314778, 52.23834656907458], [4.896377428198415, 52.23816657529954], [4.89643019666841, 52.23731452206544], [4.896414811830528, 52.23674183642171], [4.896145314274761, 52.236594240149216], [4.895996505625307, 52.23632062181], [4.895923967481559, 52.23601403807823], [4.895914809553094, 52.235860854431444], [4.895743722531204, 52.235640423616935], [4.895683886031909, 52.23516742680405], [4.895718249383114, 52.23500111301967], [4.895990673218447, 52.234882391727595], [4.8960033559633045, 52.23471598771315], [4.896903857458074, 52.23467977674353], [4.896988419770301, 52.23487987572137]]]}}, {"type": "Feature", "id": "58538", "properties": {"OBJECTID": "58538", "LOCATIEGROEP_ID": "nl.imow-pv26.gebiedengroep.003000000000000000000811", "SYMBOOL_CODE": "vsgt114", "GROEP": "aardkundig waardevol gebied", "9e750651-8e97-4bc6-b09e-fc30b5f3e83c_id": "9196", "LOCATIE_ID": "nl.imow-pv26.gebied.003000000000000000000811e116812", "DOCUMENT_URL": "https://omgevingsbeleid.provincie-utrecht.nl/home?d=/akn/nl/act/pv26/2022/omgevingsverordening/nld@1089&o=", "NAAM": "Gebied aardkundige waarden", "TYPE": "erfgoed", "LOCATIEGROEP_NAAM": "Gebied aardkundige waarden", "LOCATIE_NAAM": null}, "geometry": {"type": "Polygon", "coordinates": [[[4.987079293230593, 51.97741722151823], [4.9871894199688285, 51.97746726510927], [4.987217821421923, 51.97754835497311], [4.987112754590365, 51.97761967928155], [4.986984199539538, 51.977635097455654], [4.986869344634234, 51.97757989629738], [4.986825502215429, 51.977552521662425], [4.98682278483224, 51.97755040017292], [4.986797345592514, 51.97753053042919], [4.98677027311774, 51.97750937878766], [4.986806796446112, 51.97743211403305], [4.986923283047857, 51.97740060194829], [4.987079293230593, 51.97741722151823]]]}}, {"type": "Feature", "id": "58545", "properties": {"OBJECTID": "58545", "LOCATIEGROEP_ID": "nl.imow-pv26.gebiedengroep.003000000000000000000811", "SYMBOOL_CODE": "vsgt114", "GROEP": "aardkundig waardevol gebied", "9e750651-8e97-4bc6-b09e-fc30b5f3e83c_id": "9199", "LOCATIE_ID": "nl.imow-pv26.gebied.003000000000000000000811e116875", "DOCUMENT_URL": "https://omgevingsbeleid.provincie-utrecht.nl/home?d=/akn/nl/act/pv26/2022/omgevingsverordening/nld@1089&o=", "NAAM": "Gebied aardkundige waarden", "TYPE": "erfgoed", "LOCATIEGROEP_NAAM": "Gebied aardkundige waarden", "LOCATIE_NAAM": null}, "geometry": {"type": "Polygon", "coordinates": [[[5.285969883539982, 52.06816249676887], [5.285914671569129, 52.06826411334873], [5.285782577459729, 52.068311447855216], [5.2856725981265, 52.06831135326941], [5.285529630160862, 52.06830445316057], [5.2851997539189, 52.06827706044668], [5.285001789229131, 52.06827011213877], [5.284737845844923, 52.06826309723037], [5.284562012055358, 52.06820871942321], [5.284452127165472, 52.06816118479034], [5.284287182581496, 52.06814747804569], [5.284177219235942, 52.068140605078916], [5.284045200640333, 52.06816082971067], [5.283869134711413, 52.06820133763321], [5.28369322500144, 52.068174075444006], [5.28360527022691, 52.068160444250836], [5.283506444569842, 52.06809256947262], [5.283484577232064, 52.06803832527363], [5.2834847497905555, 52.06796376945045], [5.283495903035364, 52.06789600027762], [5.283529001922114, 52.067848581385725], [5.283562053697538, 52.06782150242785], [5.283639152412086, 52.06777412214679], [5.283727294259805, 52.06770641151526], [5.283760407324168, 52.06765900155762], [5.283760532491315, 52.06760477668595], [5.283760688965317, 52.06753698885462], [5.283716955334133, 52.06742172353861], [5.283794068833573, 52.0673675661672], [5.283838241400655, 52.06728627189245], [5.28392636634692, 52.067225347080395], [5.284014491053177, 52.06716442220174], [5.284146536890682, 52.06713742062714], [5.284212575313993, 52.06711714729226], [5.284344590754177, 52.06709692246874], [5.284344637417902, 52.06707659151032], [5.284377796996565, 52.06700206442858], [5.284443943932928, 52.06693433408339], [5.2844990945288455, 52.06686660311689], [5.284642198271369, 52.06680572561153], [5.284730259171818, 52.066771917127156], [5.284851291852049, 52.06675168219619], [5.285016277842615, 52.06674504820478], [5.285258251817716, 52.06673170352808], [5.285522186270977, 52.0667387082817], [5.285720098990838, 52.066759209675894], [5.2858739355411215, 52.06682034387984], [5.285994830775688, 52.06685434163095], [5.286027650095126, 52.066935702763324], [5.286038539126106, 52.06698316008598], [5.2860274358598325, 52.06703059855088], [5.286071313429267, 52.06707808415299], [5.286071221650676, 52.06711875505956], [5.286126156004968, 52.06714591013064], [5.286170033792197, 52.06719339569518], [5.286169896268518, 52.06725439755995], [5.2861477357005295, 52.067328943550564], [5.28612562095407, 52.06738314060167], [5.286048479635277, 52.06745086246009], [5.286048403151913, 52.067484747390175], [5.28609225058829, 52.067545795941164], [5.28607012035348, 52.06760677895392], [5.2861029709378515, 52.06767458608425], [5.286080780194171, 52.067755900042386], [5.286080596650387, 52.06783724184665], [5.286091424794943, 52.067911807100074], [5.286025125164795, 52.06805409420056], [5.285969883539982, 52.06816249676887]]]}}, {"type": "Feature", "id": "58588", "properties": {"OBJECTID": "58588", "LOCATIEGROEP_ID": "nl.imow-pv26.gebiedengroep.003000000000000000000811", "SYMBOOL_CODE": "vsgt114", "GROEP": "aardkundig waardevol gebied", "9e750651-8e97-4bc6-b09e-fc30b5f3e83c_id": "9200", "LOCATIE_ID": "nl.imow-pv26.gebied.003000000000000000000811e116910", "DOCUMENT_URL": "https://omgevingsbeleid.provincie-utrecht.nl/home?d=/akn/nl/act/pv26/2022/omgevingsverordening/nld@1089&o=", "NAAM": "Gebied aardkundige waarden", "TYPE": "erfgoed", "LOCATIEGROEP_NAAM": "Gebied aardkundige waarden", "LOCATIE_NAAM": null}, "geometry": {"type": "Polygon", "coordinates": [[[5.491539648721929, 52.120302348737795], [5.491160403709871, 52.120461591884506], [5.4908413830612846, 52.12040578816796], [5.490855829735261, 52.12008796923255], [5.4910523440620125, 52.11970454825238], [5.49137034119495, 52.11933037596828], [5.491734033263611, 52.11901224727737], [5.492234499465984, 52.11875007154279], [5.492841554253874, 52.118609315673154], [5.493053946925066, 52.1185343447984], [5.493250991149561, 52.118384616283734], [5.4936150411868745, 52.1182253800793], [5.494632117423182, 52.11811228611757], [5.49526989515943, 52.118130397344125], [5.495331448686758, 52.11846685116211], [5.495241043040382, 52.118756697964834], [5.495211352694638, 52.119037150469566], [5.495212393824107, 52.11946712589738], [5.4946508593146115, 52.11958915739593], [5.494089083122315, 52.119617702374086], [5.493648934478402, 52.11970222878235], [5.4929967702745515, 52.120029979461556], [5.492374775987373, 52.12028291052099], [5.491858472107674, 52.12027402318738], [5.491539648721929, 52.120302348737795]]]}}, {"type": "Feature", "id": "58543", "properties": {"OBJECTID": "58543", "LOCATIEGROEP_ID": "nl.imow-pv26.gebiedengroep.003000000000000000000811", "SYMBOOL_CODE": "vsgt114", "GROEP": "aardkundig waardevol gebied", "9e750651-8e97-4bc6-b09e-fc30b5f3e83c_id": "9203", "LOCATIE_ID": "nl.imow-pv26.gebied.003000000000000000000811e116943", "DOCUMENT_URL": "https://omgevingsbeleid.provincie-utrecht.nl/home?d=/akn/nl/act/pv26/2022/omgevingsverordening/nld@1089&o=", "NAAM": "Gebied aardkundige waarden", "TYPE": "erfgoed", "LOCATIEGROEP_NAAM": "Gebied aardkundige waarden", "LOCATIE_NAAM": null}, "geometry": {"type": "Polygon", "coordinates": [[[5.131476217620249, 52.1672953633731], [5.1307944100175416, 52.1678502834227], [5.126944812522428, 52.16853734720207], [5.120463118152293, 52.16801285925559], [5.116846018013979, 52.16763369848187], [5.111675886389617, 52.16400156709731], [5.1116764460699216, 52.16400324016397], [5.1116688993082295, 52.16404669730681], [5.111643508916886, 52.164092198003864], [5.1116053619439485, 52.16413486467062], [5.111559574594937, 52.16416983776773], [5.111500463983404, 52.16419669955593], [5.111422744850693, 52.164216911693195], [5.111345182810718, 52.16422351637681], [5.111285634220637, 52.16421006603879], [5.111234685173889, 52.164183899837056], [5.111186060087977, 52.16415063855952], [5.111140843350767, 52.164112190192014], [5.111100090105495, 52.16407046265371], [5.111064899495131, 52.164027337003716], [5.111036312023207, 52.163984721128614], [5.111014648706239, 52.163942696675925], [5.110998401154615, 52.16389938163677], [5.110986281484819, 52.163855051626506], [5.110976987035487, 52.163810009188865], [5.11096925899549, 52.16376455696948], [5.110961809272471, 52.163719006532936], [5.110953335219577, 52.16367366042145], [5.110942578096126, 52.16362881229176], [5.110928249824461, 52.16358477370715], [5.110909062387042, 52.16354184724235], [5.110884548222327, 52.16350001382453], [5.110857989428156, 52.16345794192783], [5.110829780397095, 52.16341566842604], [5.110799861004222, 52.163373462815954], [5.110768127278907, 52.163331594491666], [5.1107344754169635, 52.163290305883464], [5.110698816006177, 52.163249875407104], [5.110661074360074, 52.16321056353669], [5.11062113189032, 52.163172639631085], [5.110578928634878, 52.16313634622263], [5.1105343605627205, 52.16310196169187], [5.110487309193493, 52.16306973742123], [5.1104353999276695, 52.163040791335504], [5.110377212320804, 52.16301556949527], [5.110313977875602, 52.16299345461074], [5.110246942708382, 52.16297382942798], [5.1101773237613815, 52.16295606763944], [5.110106337977721, 52.162939542939725], [5.110035246035814, 52.16292364710523], [5.109965250267728, 52.16290775380218], [5.109896525549431, 52.16289194433512], [5.109823935421344, 52.16287962206195], [5.109748302832074, 52.16287006088513], [5.10967162473497, 52.16286176450426], [5.1095958982594025, 52.1628532096605], [5.1095230912018454, 52.162842891007216], [5.109455229769963, 52.162829312327645], [5.109394296555392, 52.16281094135487], [5.109342552282444, 52.16278617457585], [5.109304219427583, 52.16275287382034], [5.109276979370978, 52.16271255260782], [5.109256681027724, 52.162667618933604], [5.109239173318922, 52.162620480788085], [5.109220290618543, 52.16257353713674], [5.1091958818166905, 52.162529204952286], [5.109163775813317, 52.16248878237205], [5.109130308002363, 52.16244878799696], [5.10909622620537, 52.16240882811728], [5.10906135415038, 52.162369046124546], [5.109025486336079, 52.16232958534126], [5.108988431988213, 52.16229057114827], [5.1089499856057765, 52.16225214686741], [5.108909985532221, 52.16221445592371], [5.1088682116520445, 52.16217764160405], [5.108824458576372, 52.16214182925349], [5.108778755312246, 52.162107054890235], [5.108731982050744, 52.16207279029863], [5.10868440264212, 52.16203891026849], [5.1086424930834236, 52.162009843171205], [5.108636061099241, 52.16200538793882], [5.108587045391134, 52.16197217857649], [5.108537428815946, 52.16193924640188], [5.108487284615738, 52.161906564623216], [5.1084367153737, 52.161874088542355], [5.108385765158604, 52.16184178231099], [5.108334521826763, 52.16180961917221], [5.108283058732075, 52.161777554359205], [5.108231463786894, 52.16174555212757], [5.108213280256017, 52.16173429217378], [5.108249193884121, 52.16169839823126], [5.108283920949018, 52.16165825915505], [5.108301063695375, 52.16163024822538], [5.106185885254356, 52.16014383513437], [5.10823376324272, 52.15939650785783], [5.10823725051643, 52.15939036833002], [5.108253169478175, 52.15934524141587], [5.108257551612452, 52.15930112984013], [5.108249295698104, 52.159258866882645], [5.1082319183957345, 52.159216968849506], [5.108217357788384, 52.15919205574158], [5.108207540072458, 52.15917522503722], [5.108178046088079, 52.15913361293421], [5.108145336690174, 52.159092065125485], [5.108141623833545, 52.1590875353999], [5.1103730639421325, 52.157848675330484], [5.110087660607506, 52.157662835481744], [5.110750049521894, 52.157445019381214], [5.111830861867582, 52.15826162209817], [5.11242616449708, 52.158145204115705], [5.112145825407257, 52.15789470364274], [5.112815386720114, 52.15754071596784], [5.113070537093352, 52.15763117951869], [5.115143902658474, 52.15687433618772], [5.115134997068015, 52.15686814991414], [5.115087772442988, 52.15683371599916], [5.11504281777829, 52.15679848736966], [5.115000938372945, 52.156762205234436], [5.1149629398529015, 52.15672455687584], [5.114930172137739, 52.156684637626725], [5.114902414215742, 52.15664274358444], [5.114879107003559, 52.1565994936326], [5.114859647469301, 52.1565555245281], [5.1148434325271825, 52.15651148201525], [5.114830855289665, 52.156467600689595], [5.114823907809368, 52.15642311218395], [5.11482096733156, 52.15637812959815], [5.114820132696624, 52.15633289122043], [5.1148198292394165, 52.15631077112651], [5.115114521877251, 52.15609628780526], [5.114979004719002, 52.15592075485485], [5.1151315848132075, 52.15575894569684], [5.115177680314982, 52.155793844374664], [5.115224186247743, 52.15582854624446], [5.1152702966159636, 52.155863426943704], [5.115315205477812, 52.155898853123105], [5.115358399910379, 52.15593506627796], [5.115401622653636, 52.15597144126533], [5.11544456656758, 52.15600802231783], [5.115486441306624, 52.156045014339675], [5.115526412411664, 52.156082667074514], [5.115563689423759, 52.15612120340437], [5.115597613670147, 52.15616080157547], [5.115629195230273, 52.1562011673118], [5.1156590783196565, 52.15624209537392], [5.115687658245638, 52.156283460840946], [5.115715315758678, 52.15632512976995], [5.1157424608357935, 52.15636696828501], [5.115769488787793, 52.156408851463965], [5.115796795035805, 52.15645063640854], [5.115829497123332, 52.15649904889759], [5.115849751109508, 52.15654229164187], [5.115868863580117, 52.156585819373205], [5.115877725236103, 52.15660645814481], [5.1166864943088255, 52.15631120819182], [5.1166823025024994, 52.15629155987201], [5.11667653088522, 52.15624564508491], [5.116674843652134, 52.15619851729458], [5.116679202623916, 52.156151978591524], [5.116691569559203, 52.15610784005305], [5.116713964827363, 52.15606788592455], [5.116755424953672, 52.15603116620539], [5.116815063449694, 52.15599927870342], [5.1168831059777675, 52.155976766894945], [5.116951158108937, 52.15596714381773], [5.1170236984930035, 52.15596441575971], [5.1170997740866495, 52.15596670204615], [5.117175965922069, 52.155973931932664], [5.117248854920974, 52.1559860526594], [5.117315051333768, 52.15600299356594], [5.1173755883873335, 52.156025467074976], [5.117433475939295, 52.15605354299016], [5.117487478871907, 52.15608606803285], [5.117536347497247, 52.15612187990513], [5.117578846674807, 52.156159825331905], [5.117614120968612, 52.15619878785803], [5.117646015101518, 52.15623851561933], [5.117676048852859, 52.156279003100764], [5.117704456566735, 52.15632016095935], [5.1177314289118385, 52.15636187278782], [5.11775722945893, 52.156404049309174], [5.117782063382138, 52.156446592124816], [5.117806150523217, 52.15648939388154], [5.117829710670229, 52.15653235621369], [5.117852992837803, 52.15657538082218], [5.117876187589498, 52.15661836927439], [5.117899529328249, 52.15666122323746], [5.117923252511947, 52.156703835390594], [5.1179464060520905, 52.15674641028729], [5.117967028447765, 52.15678950070767], [5.117985982942848, 52.15683292886269], [5.11798611261734, 52.15683323474941], [5.117998588706842, 52.15686291451076], [5.118007072540688, 52.15690761304808], [5.1180181849492055, 52.156952614181996], [5.118032558040062, 52.15699729918337], [5.118050954519156, 52.15704120241599], [5.118074049361552, 52.15708386703049], [5.118102546769679, 52.15712483624332], [5.11811436771637, 52.157139585483215], [5.131476217620249, 52.1672953633731]], [[5.108807925482136, 52.15918696977431], [5.108714358208391, 52.1591204088671], [5.108769611439437, 52.15913012038851], [5.108841465330965, 52.1591423067731], [5.108902078275305, 52.15915260610172], [5.108807925482136, 52.15918696977431]]]}}, {"type": "Feature", "id": "58551", "properties": {"OBJECTID": "58551", "LOCATIEGROEP_ID": "nl.imow-pv26.gebiedengroep.003000000000000000000811", "SYMBOOL_CODE": "vsgt114", "GROEP": "aardkundig waardevol gebied", "9e750651-8e97-4bc6-b09e-fc30b5f3e83c_id": "9210", "LOCATIE_ID": "nl.imow-pv26.gebied.003000000000000000000811e116918", "DOCUMENT_URL": "https://omgevingsbeleid.provincie-utrecht.nl/home?d=/akn/nl/act/pv26/2022/omgevingsverordening/nld@1089&o=", "NAAM": "Gebied aardkundige waarden", "TYPE": "erfgoed", "LOCATIEGROEP_NAAM": "Gebied aardkundige waarden", "LOCATIE_NAAM": null}, "geometry": {"type": "Polygon", "coordinates": [[[5.3444341937333775, 52.13273154012213], [5.346219440079329, 52.133749501030515], [5.3487118010269805, 52.13474434290868], [5.350888877838105, 52.135454234266945], [5.35213590899895, 52.13599136179806], [5.352209992537891, 52.136402870347574], [5.351818520754294, 52.13648280082041], [5.3510547849487855, 52.136310954201605], [5.350143456070851, 52.13607052337166], [5.348784076617696, 52.135624350443955], [5.347091878749041, 52.13478986857101], [5.345697723761833, 52.13402344309437], [5.3443765239772985, 52.13338230165168], [5.34339114750113, 52.132879460033564], [5.342909443271322, 52.13260599275711], [5.342850741520178, 52.13288993646428], [5.342776013415511, 52.133221618168065], [5.342718613235279, 52.13357577622381], [5.342718341161415, 52.13384990893651], [5.342643656259861, 52.13413552722274], [5.34225214132349, 52.13426121062156], [5.3419353491202575, 52.134067012847304], [5.341749906166416, 52.133975372428026], [5.341523554533878, 52.133940178303156], [5.341899643540537, 52.13326707063285], [5.341191725912781, 52.13283368559736], [5.341324675879546, 52.13270706086801], [5.341418354588037, 52.132591943368034], [5.341622931467839, 52.13248950563165], [5.341680233963955, 52.1322387005978], [5.341936298288564, 52.13178238103099], [5.3415702441496276, 52.13111881181867], [5.341310980208133, 52.13047804038586], [5.341368343287182, 52.13018145972992], [5.3412573909578, 52.12999885312509], [5.341295894925452, 52.12962137345136], [5.341166073666463, 52.12936965992605], [5.340140807316645, 52.12938104881356], [5.337478403582376, 52.12948219796081], [5.335671535539749, 52.12973225188111], [5.333958065773929, 52.13009746503798], [5.3328194946934095, 52.13075840741471], [5.332353529700041, 52.13092980846004], [5.331683160377236, 52.130871918749726], [5.331666114786604, 52.13044947632668], [5.332468351068057, 52.13015323843269], [5.332934582693644, 52.12994757490505], [5.332692491629547, 52.12954749901253], [5.332153925313137, 52.129398948082645], [5.332005130721191, 52.12922727144925], [5.332601086404305, 52.12909019395985], [5.334594778735496, 52.12888606401057], [5.3350475313673895, 52.128860981357086], [5.336833608201172, 52.128812321542185], [5.337357336873145, 52.12877154026165], [5.338932416714712, 52.12864888744826], [5.339265385026763, 52.12860857696464], [5.340124160256396, 52.12850359177288], [5.340423577579212, 52.12846692276763], [5.341610634799882, 52.128210096477765], [5.342303090608353, 52.1280603789836], [5.342584038943338, 52.12799953781953], [5.343324690306213, 52.12779477217938], [5.344150013781736, 52.12756700553108], [5.345863323865913, 52.127179174179744], [5.344784671037029, 52.12651564206504], [5.3443221054189, 52.12634189967514], [5.34392932014012, 52.12619513592763], [5.343390668958484, 52.125897489789494], [5.343335579184081, 52.12553177572209], [5.3439869694863, 52.12557780010442], [5.344823344200202, 52.12590896779017], [5.345995741612513, 52.12610514875782], [5.346920891270479, 52.126217538196066], [5.348810877545609, 52.126446802145374], [5.349025645455245, 52.12637946179348], [5.350421788770274, 52.1261736117106], [5.350557803759902, 52.12615355676717], [5.351226785679917, 52.12588047357107], [5.351174382750417, 52.12630795256204], [5.351172354216364, 52.12632451677702], [5.351617215374737, 52.12699874910679], [5.351857963507352, 52.12726200693967], [5.350182839128146, 52.12734069722452], [5.348878675618067, 52.12747762753165], [5.3484258656123975, 52.127594323726576], [5.347816715476618, 52.127751412143176], [5.346792874741038, 52.12799037181621], [5.345190368186085, 52.12845803321831], [5.343064925205736, 52.12905131050467], [5.342761648500957, 52.12998874986983], [5.342672378465367, 52.13026172579808], [5.342780994234553, 52.13118752707508], [5.34331908379225, 52.13189609624589], [5.3444341937333775, 52.13273154012213]]]}}, {"type": "Feature", "id": "58541", "properties": {"OBJECTID": "58541", "LOCATIEGROEP_ID": "nl.imow-pv26.gebiedengroep.003000000000000000000811", "SYMBOOL_CODE": "vsgt114", "GROEP": "aardkundig waardevol gebied", "9e750651-8e97-4bc6-b09e-fc30b5f3e83c_id": "9201", "LOCATIE_ID": "nl.imow-pv26.gebied.003000000000000000000811e116791", "DOCUMENT_URL": "https://omgevingsbeleid.provincie-utrecht.nl/home?d=/akn/nl/act/pv26/2022/omgevingsverordening/nld@1089&o=", "NAAM": "Gebied aardkundige waarden", "TYPE": "erfgoed", "LOCATIEGROEP_NAAM": "Gebied aardkundige waarden", "LOCATIE_NAAM": null}, "geometry": {"type": "Polygon", "coordinates": [[[5.082874542250538, 51.954488726796434], [5.081985340333576, 51.95475607121521], [5.081125528524716, 51.95497854407191], [5.080062292281781, 51.95516452672294], [5.079130343019858, 51.95529691404443], [5.07790756523225, 51.95541055326608], [5.07717945396223, 51.955516496043344], [5.076583011844626, 51.955514922860274], [5.076059431145306, 51.95549556283728], [5.0752595136014325, 51.95546647986215], [5.074372876507413, 51.95535626651656], [5.073370430810001, 51.95516484323402], [5.072266604545316, 51.95491022218723], [5.071264114599094, 51.954727769048795], [5.069826237647767, 51.95440032135775], [5.068533467993087, 51.954127178773454], [5.067908909372018, 51.953990661374405], [5.067453438555179, 51.95373111050395], [5.066667080845733, 51.95341948657577], [5.065818472747631, 51.95333565680689], [5.0652739057023854, 51.95340095973963], [5.064729300950734, 51.953467239770845], [5.064153934508818, 51.95353661466433], [5.063589026611392, 51.95360180900376], [5.062789423064807, 51.953694091488174], [5.062599702199415, 51.95371598492078], [5.061957610946959, 51.95379413524945], [5.0611391316322845, 51.95389661894212], [5.06039555757991, 51.95399031677376], [5.060317061888457, 51.954000210501206], [5.05964251374333, 51.95408751593263], [5.059009842398708, 51.954173100720254], [5.058869541293953, 51.95419207897004], [5.058789187619458, 51.95419933292965], [5.058650345782789, 51.95421965424422], [5.058570006570796, 51.9542269080946], [5.058504245342006, 51.954235919381105], [5.05845313302679, 51.954238985377614], [5.058242472012284, 51.95426118178938], [5.058170313183914, 51.95426577074721], [5.057999434395988, 51.95427663590998], [5.057838244558738, 51.95428345626312], [5.057609812370602, 51.95428896449749], [5.057573088615054, 51.954289850318034], [5.0574362932254475, 51.95429088710291], [5.057365152692948, 51.95428555536904], [5.05731588739693, 51.95428470716327], [5.057222853999945, 51.95427927799938], [5.057176730919851, 51.954278429560446], [5.057115740835704, 51.954273584551466], [5.0570696195473985, 51.954272493392125], [5.056763281123631, 51.95423923064049], [5.0565964496938465, 51.95422590870393], [5.056519394722444, 51.954219750892726], [5.056328986434833, 51.954207854356646], [5.056201328470662, 51.95420275843601], [5.056025396870483, 51.95420044768325], [5.055844151493445, 51.9542046022452], [5.055749135168575, 51.95420771417679], [5.055668498023454, 51.954217823476974], [5.055573538158662, 51.95422707441604], [5.055244283248815, 51.954277289098656], [5.055074074921097, 51.95430558016434], [5.055028008247858, 51.95431677532728], [5.0545400048849105, 51.95439547295534], [5.054331297761125, 51.954061426672375], [5.0542240054222916, 51.95388968970485], [5.054151027785688, 51.95378893131077], [5.054131718865964, 51.95375624921194], [5.054120324383822, 51.95374503553914], [5.054111144924148, 51.953721532178086], [5.054058447945986, 51.95364998011536], [5.054038929886544, 51.9536160929794], [5.054013331262598, 51.95358219760722], [5.053993813199902, 51.95354831945158], [5.053968214648575, 51.95351442406935], [5.053948696715986, 51.95348053691788], [5.053925429720665, 51.953450027721594], [5.053905075745588, 51.95341511353076], [5.053883251405555, 51.95338623529055], [5.053869273608823, 51.95335854775458], [5.0538400823748235, 51.95332462418696], [5.053812584048446, 51.953276252263954], [5.053782330472142, 51.953236519245465], [5.053764585215886, 51.953204902130835], [5.053730502847063, 51.953159702363685], [5.053659897605372, 51.953051247423176], [5.05362889490504, 51.953010568470596], [5.053611149845853, 51.95297895133203], [5.0535801472395026, 51.95293827236627], [5.053548353416155, 51.95288857590805], [5.053502502216128, 51.952829797362256], [5.05348475725044, 51.952798189192016], [5.05345375494989, 51.95275750120401], [5.053425186264244, 51.95271232597451], [5.053394184010097, 51.9526716469585], [5.053379315063351, 51.95264454106976], [5.053349069310119, 51.95260386418797], [5.053331324608218, 51.95257224700564], [5.053285881246195, 51.95251347851733], [5.053268151037138, 51.9524818793426], [5.05322814974032, 51.95242096010391], [5.053195638013196, 51.95237792181965], [5.053177893508351, 51.952346304613336], [5.053132450575355, 51.952287536064176], [5.053111539462792, 51.95225140672866], [5.053069248845374, 51.952197150232635], [5.0530543801844985, 51.952170053289365], [5.053024135044629, 51.95212937632179], [5.053006390758471, 51.952097759088744], [5.052975374827829, 51.95205707093014], [5.052946821681087, 51.95201188663402], [5.0529158203428945, 51.95197120748875], [5.052898076195375, 51.95193959023877], [5.05286707501806, 51.95189890209218], [5.0528524677941515, 51.951875796659664], [5.052838507467522, 51.9518537267157], [5.052807520882602, 51.95181304758247], [5.0527897623274916, 51.95178143027419], [5.052758761290429, 51.95174075108646], [5.052730208629158, 51.95169555774806], [5.0526992221844, 51.95165488757365], [5.052681463767848, 51.95162327024846], [5.052636007668833, 51.95156450146139], [5.052618263878515, 51.95153288416764], [5.05258726323503, 51.951492195945455], [5.052516663236104, 51.95138375827411], [5.05247895153865, 51.95133403568666], [5.052450399282974, 51.95128886025435], [5.052422560148058, 51.95125340317232], [5.052408535910815, 51.95123996173924], [5.052403753645333, 51.951223886077], [5.052393176022855, 51.9512144632228], [5.052383414356608, 51.951197052111034], [5.05237381749329, 51.95118875558114], [5.052335576738794, 51.95112809270579], [5.052278552481963, 51.95104851893436], [5.052277290538983, 51.951046088506516], [5.052536453427729, 51.95096109587573], [5.052916548344186, 51.95084531997333], [5.053308271682065, 51.95073433064868], [5.053578169364009, 51.95065865108475], [5.053757852834967, 51.95059063389961], [5.0539267883910215, 51.95053605043179], [5.054100587529962, 51.95048855426815], [5.054278988163123, 51.95044818958659], [5.054461261946684, 51.95041510710686], [5.054647350312413, 51.95038936956325], [5.054856643034461, 51.95036705889928], [5.055333380837065, 51.95028920907052], [5.0557511532649, 51.95021653022548], [5.05616973893308, 51.950155689747966], [5.056592779943212, 51.95010201497218], [5.057017219070062, 51.95005588376478], [5.05743716240221, 51.95001771102592], [5.057871573774836, 51.94998608480547], [5.058302697776384, 51.949962321520744], [5.058516989721325, 51.949954022059735], [5.058718118718428, 51.949951536822205], [5.058908153627913, 51.9499564086443], [5.059097783090115, 51.94996899995797], [5.059261332565623, 51.94998549108356], [5.059445137529486, 51.95000892343745], [5.059773159156189, 51.950045124864445], [5.060041241019402, 51.95005690832527], [5.060496841077177, 51.95004771214087], [5.060696769072153, 51.95004840203238], [5.06129671514311, 51.95006422217777], [5.061987124837719, 51.95008373189309], [5.062637867087499, 51.95010142034619], [5.063096893853451, 51.95009708619812], [5.063486539270471, 51.95007422327746], [5.063775567140518, 51.950057886605386], [5.064092472407985, 51.950042497657364], [5.06436680762617, 51.9499837844037], [5.064556866647065, 51.94994894595236], [5.064828324119483, 51.949907984561115], [5.065144450451644, 51.94985496572884], [5.065709487513066, 51.949742459041815], [5.065992819542172, 51.94968417105852], [5.06617309523291, 51.949648143797226], [5.066552290920339, 51.94957846722989], [5.066831101073429, 51.94953185864862], [5.067149667007361, 51.949482786928066], [5.067470731603955, 51.94943815235558], [5.067877726191697, 51.949388096566196], [5.068364328593475, 51.9493379765212], [5.068625003620269, 51.94931914223348], [5.068815192399639, 51.94931438101087], [5.069005486574313, 51.94931732271624], [5.069262467943973, 51.94932912703793], [5.069501676280619, 51.94930985528069], [5.069694932242002, 51.949290944387876], [5.069921851427196, 51.949275467611955], [5.07010494720462, 51.94926785386704], [5.070277166228272, 51.949263877750774], [5.070448061057027, 51.949266162643205], [5.070655886027359, 51.94927274418875], [5.070890675429226, 51.94928597728832], [5.071117707363506, 51.94930609206909], [5.071284576330867, 51.94929552967458], [5.071474764674065, 51.949290773137726], [5.07166505893207, 51.94929371053882], [5.071854630180903, 51.949304330666834], [5.072042678837941, 51.94932258644164], [5.072299462969421, 51.94935849014223], [5.072693888601737, 51.949374250106054], [5.072968306099482, 51.94938682098954], [5.073213770654625, 51.94940875164443], [5.073399483811391, 51.94943456713841], [5.073582061472329, 51.949467834245205], [5.073760719272143, 51.94950840707695], [5.073934716661274, 51.949556112902066], [5.074103284176842, 51.9496107519511], [5.074706312076087, 51.95013889724605], [5.075060030061078, 51.95055047441444], [5.075246694470969, 51.95088837120724], [5.075348637924899, 51.951329857637994], [5.0754084839901825, 51.95178421144585], [5.07490965262069, 51.95234150919632], [5.074756959195936, 51.95277614490355], [5.074936995900084, 51.95319792094914], [5.075236061449261, 51.95364038877367], [5.0759008907439656, 51.95395716154921], [5.076828754643672, 51.954108099164024], [5.0777232792538785, 51.9542236178697], [5.077886641514768, 51.9542240474814], [5.078658741375687, 51.95406428613349], [5.079256581681226, 51.95385912241024], [5.080961380530039, 51.953450112192996], [5.08169103893157, 51.953110455196025], [5.082924277128748, 51.952013191026296], [5.083780956304368, 51.95115509176721], [5.084144203212069, 51.95071975560205], [5.084273391753938, 51.950313531053524], [5.084570340427967, 51.94989567576352], [5.085299379087915, 51.94933471260713], [5.085824990791658, 51.94868346710491], [5.085914396892068, 51.94859089224349], [5.086579762276245, 51.94776909822289], [5.087868268562483, 51.94710143654221], [5.090213336759096, 51.945586439145565], [5.091025698598545, 51.94506159482308], [5.092033892646793, 51.94440158543292], [5.092805075860229, 51.94370005985759], [5.0929250904878725, 51.94311174515953], [5.09272981710147, 51.94222801482235], [5.092693543903912, 51.942028653977054], [5.092679799937553, 51.94188674864531], [5.092670361666335, 51.941753590692805], [5.092675044583177, 51.941635999833714], [5.0926921589028185, 51.94151885355832], [5.092721643058388, 51.94140265505075], [5.092763348347562, 51.941287889296476], [5.092817125955556, 51.941175059253666], [5.092909111587116, 51.94101943273309], [5.092847349245213, 51.94090376986789], [5.092688033427086, 51.94068165729114], [5.092450726112389, 51.940326574267196], [5.092205893111974, 51.93999751989328], [5.091844170662907, 51.939564554676416], [5.0917266205884, 51.93942131887153], [5.091652512476259, 51.93914715200169], [5.091629203393261, 51.93902742349667], [5.091606025371021, 51.93890768632593], [5.091569708060267, 51.938667563074574], [5.091556597388372, 51.93854723998714], [5.091543368819609, 51.93841832380494], [5.0915841253701615, 51.938021180253465], [5.091882524698103, 51.937782455098656], [5.092345604633824, 51.937710272495394], [5.092775449777402, 51.937820880416595], [5.092906548840425, 51.93792242551455], [5.092986233297396, 51.93801207621276], [5.093143564538943, 51.938442909324195], [5.093263201480917, 51.93877651168494], [5.093390894596878, 51.939108201549296], [5.093519757643861, 51.93942137832671], [5.093744904039759, 51.93973077743516], [5.094159719045236, 51.940160471471096], [5.094379614991653, 51.94009628552234], [5.094552325170031, 51.94004686636214], [5.094729875101788, 51.940004541743804], [5.094911536629108, 51.93996948061319], [5.095107951187988, 51.93990423725434], [5.095110681136117, 51.939716937348585], [5.095111785436006, 51.939435193580316], [5.095100073649214, 51.93925477877318], [5.095136859724003, 51.93904987448805], [5.09520094699594, 51.93889331400037], [5.095309888147866, 51.938733557104435], [5.095550675842305, 51.9385568336469], [5.095757455152517, 51.938511254287675], [5.096150665470036, 51.9385552188342], [5.096441647628685, 51.938650513130725], [5.0967263233616995, 51.93883972761059], [5.096910368189866, 51.93913035049202], [5.09691100313747, 51.93927518015331], [5.096896173630843, 51.93940291189839], [5.096844878091598, 51.93973218761881], [5.096915532325605, 51.940073314251585], [5.0971206750930245, 51.94013793369588], [5.097283099010361, 51.94019922969688], [5.097438690431696, 51.94026696222264], [5.0975867968931245, 51.94034083308057], [5.097726751432157, 51.94042053505597], [5.097857974557882, 51.940505725198015], [5.0979799160233785, 51.940596033663546], [5.098092025624708, 51.94069108162148], [5.098193840630316, 51.94079045450226], [5.098284927379852, 51.94089373780688], [5.098364881574451, 51.94100047216554], [5.098433371500715, 51.94111021636109], [5.098490109293867, 51.941222493328524], [5.098534836165432, 51.94133682607148], [5.09856738069118, 51.941452719827936], [5.098648387380084, 51.941565667461596], [5.098594042086848, 51.941667200489874], [5.098590093319581, 51.94181102113771], [5.098568320627295, 51.94207161862243], [5.098565257280245, 51.94222474429552], [5.098548143464228, 51.94234189138975], [5.0985103380624635, 51.94248108986068], [5.098517191778992, 51.94265479603859], [5.099058779514179, 51.94310092646806], [5.100236652552707, 51.94371095438884], [5.102147474612524, 51.944818164087145], [5.103023282352785, 51.9454892078228], [5.104814217329315, 51.94656993713937], [5.106499678683132, 51.94701147456596], [5.109016461957706, 51.94726302110596], [5.1103622709529155, 51.94700660575676], [5.111204950458449, 51.94659323814053], [5.110039348736891, 51.94487719992964], [5.108562721252434, 51.94333199034545], [5.108626209324344, 51.94240227744907], [5.108825935461172, 51.94172353376057], [5.109313804132058, 51.940791624002095], [5.109944606952106, 51.94010699287013], [5.110091077891174, 51.939904571610604], [5.110197778884457, 51.939769738200255], [5.110349963826368, 51.93959310842987], [5.110476731168037, 51.939456020991614], [5.110610234523892, 51.93929943571701], [5.110718524613917, 51.939182375377214], [5.110836491592419, 51.9390689329812], [5.110963799069181, 51.93895941331131], [5.11110009612348, 51.93885412111497], [5.111245046609482, 51.938753325220766], [5.1114230785071, 51.938643267896175], [5.11179893398189, 51.93838714681736], [5.11204202049703, 51.938332303004245], [5.112247407300555, 51.938266584646094], [5.112466121687664, 51.9381948479513], [5.112791174218805, 51.93810753062266], [5.113073869702149, 51.9380456313974], [5.113283860244004, 51.938009070926], [5.113496644858999, 51.93797928475032], [5.113711641531501, 51.937956343408075], [5.113928253763606, 51.9379403084191], [5.114145928795457, 51.93793122343262], [5.114364084840763, 51.93792912304628], [5.114636436458663, 51.93793696304083], [5.115229716527011, 51.937939549691094], [5.116892654118106, 51.93796430754059], [5.118513611235973, 51.93807170098646], [5.120302087629914, 51.93821786814758], [5.121487961999031, 51.93836003283555], [5.122046011794813, 51.93849336569736], [5.122849488146346, 51.938820270762506], [5.123978085339635, 51.939767612309765], [5.125161293756767, 51.9407275851396], [5.126031129862439, 51.940965092947394], [5.127794128970616, 51.940840290872316], [5.1295926401214125, 51.94050854042652], [5.13333305599021, 51.944028628024306], [5.127396898655339, 51.94450631054873], [5.125572439920508, 51.94446819277005], [5.12346597309512, 51.944180260197584], [5.120691878386118, 51.9431355134845], [5.119204677476513, 51.94349665389696], [5.117938983243141, 51.944428282417476], [5.117428391858703, 51.94551739784226], [5.1167394434935325, 51.94831938909142], [5.115293005361589, 51.95001799054789], [5.11303257031973, 51.95163360587295], [5.110401609393348, 51.95211836603092], [5.107987196763424, 51.952169313899574], [5.10616024250452, 51.95183637126623], [5.103674705968081, 51.951108641503254], [5.10248303857732, 51.95036733314527], [5.100506285926103, 51.94907756171515], [5.09932340675434, 51.9479710222208], [5.098433995170321, 51.94736280864644], [5.097596543092194, 51.94719518616612], [5.095860882470118, 51.947094258723475], [5.094749253663276, 51.947361085576546], [5.094587248954841, 51.94740169618675], [5.093429596173838, 51.94767337559128], [5.091640965288098, 51.94812549941444], [5.089910608985676, 51.94907240360895], [5.089175519490121, 51.949625146687744], [5.0885424307240905, 51.95021599373475], [5.088216230063093, 51.950615035117266], [5.087851119546768, 51.95113744837347], [5.08735160938228, 51.951835939646166], [5.0869914679836095, 51.95230616799922], [5.086392660359672, 51.95266416899364], [5.085837422591919, 51.95303126681486], [5.084582117847896, 51.95366621125771], [5.083691666909381, 51.954122318859696], [5.082874542250538, 51.954488726796434]]]}}, {"type": "Feature", "id": "58542", "properties": {"OBJECTID": "58542", "LOCATIEGROEP_ID": "nl.imow-pv26.gebiedengroep.003000000000000000000811", "SYMBOOL_CODE": "vsgt114", "GROEP": "aardkundig waardevol gebied", "9e750651-8e97-4bc6-b09e-fc30b5f3e83c_id": "9202", "LOCATIE_ID": "nl.imow-pv26.gebied.003000000000000000000811e116852", "DOCUMENT_URL": "https://omgevingsbeleid.provincie-utrecht.nl/home?d=/akn/nl/act/pv26/2022/omgevingsverordening/nld@1089&o=", "NAAM": "Gebied aardkundige waarden", "TYPE": "erfgoed", "LOCATIEGROEP_NAAM": "Gebied aardkundige waarden", "LOCATIE_NAAM": null}, "geometry": {"type": "Polygon", "coordinates": [[[5.466907379227472, 52.02899825250313], [5.467564639197918, 52.029096674013154], [5.468143246139453, 52.02913924898835], [5.468761317904216, 52.02921606540781], [5.469602252801728, 52.02928738355633], [5.470675042257894, 52.02950149614162], [5.470771771465487, 52.02985393218755], [5.470310078745264, 52.029875606426664], [5.46629895117683, 52.02934470606775], [5.46615683951057, 52.0293141791586], [5.466325734256529, 52.02890876453554], [5.466907379227472, 52.02899825250313]]]}}, {"type": "Feature", "id": "58544", "properties": {"OBJECTID": "58544", "LOCATIEGROEP_ID": "nl.imow-pv26.gebiedengroep.003000000000000000000811", "SYMBOOL_CODE": "vsgt114", "GROEP": "aardkundig waardevol gebied", "9e750651-8e97-4bc6-b09e-fc30b5f3e83c_id": "9204", "LOCATIE_ID": "nl.imow-pv26.gebied.003000000000000000000811e116951", "DOCUMENT_URL": "https://omgevingsbeleid.provincie-utrecht.nl/home?d=/akn/nl/act/pv26/2022/omgevingsverordening/nld@1089&o=", "NAAM": "Gebied aardkundige waarden", "TYPE": "erfgoed", "LOCATIEGROEP_NAAM": "Gebied aardkundige waarden", "LOCATIE_NAAM": null}, "geometry": {"type": "Polygon", "coordinates": [[[5.121962172193999, 52.174655577307256], [5.121882187904873, 52.174661095950114], [5.121802518824029, 52.17467014750752], [5.121725620952142, 52.174682728514355], [5.1216539212696945, 52.174698799494934], [5.121589861167847, 52.17471835696311], [5.121535882152417, 52.17474137946103], [5.121493950657111, 52.17476906682383], [5.1214630135603025, 52.174806422976125], [5.1214424835368355, 52.17485142431801], [5.121432027844585, 52.17490103218235], [5.121431328101833, 52.17495225287137], [5.121440066196833, 52.17500204774573], [5.121457879942449, 52.17504741401661], [5.121484325858793, 52.17508672386507], [5.121518181122848, 52.17512401910606], [5.121558169187858, 52.17516008779975], [5.121603031065162, 52.1751952237099], [5.121651537214588, 52.175229684715674], [5.121702457932344, 52.17526375566149], [5.121754519761997, 52.17529770331929], [5.1218065076134405, 52.17533181257049], [5.121857177263223, 52.175366350256986], [5.121905284378122, 52.17540160119861], [5.121949570109845, 52.17543783220853], [5.121988819410576, 52.175475319187896], [5.122022547383285, 52.17551447449772], [5.122052520529146, 52.17555570656711], [5.122078682874809, 52.175598592839954], [5.122100803175144, 52.17564268340278], [5.122118620997523, 52.175687519288275], [5.122131934490525, 52.17573262368456], [5.122140497783457, 52.17577754664439], [5.122144065110868, 52.17582182024428], [5.122143158105966, 52.175866227606384], [5.122139080316384, 52.17591282090656], [5.122131224128508, 52.175960520228045], [5.12211888012535, 52.176008155545425], [5.122101382959295, 52.17605452097992], [5.122078037883711, 52.176098437549626], [5.122048150313493, 52.17613869930763], [5.12201102556029, 52.1761741182812], [5.121965874761955, 52.17620459382418], [5.121912520274175, 52.17623295672838], [5.1218523071235955, 52.17625920101755], [5.121819107603241, 52.17627124214038], [5.12178659672548, 52.17628302415171], [5.121716794252846, 52.17630414166736], [5.121644290425727, 52.17632224210722], [5.121570461136467, 52.17633704993585], [5.121496682442189, 52.17634826265745], [5.12142435953536, 52.176355595821285], [5.121354164874087, 52.17635905993202], [5.121283077777622, 52.17636017613956], [5.12121084758461, 52.1763593033951], [5.12113773691799, 52.1763565321677], [5.121064052258491, 52.1763519530259], [5.120990070793847, 52.1763456654608], [5.120916069657479, 52.17633777795221], [5.120842340708622, 52.17632838103773], [5.120769161186113, 52.17631756522286], [5.120696837459403, 52.17630543905546], [5.120625617472861, 52.17629210196403], [5.120555822374074, 52.176277635567395], [5.120487714617028, 52.17626215730403], [5.120420972847574, 52.17624562151108], [5.120353903373926, 52.17622766484551], [5.120286754839353, 52.17620826989306], [5.120219892518755, 52.176187473431156], [5.120153740324724, 52.17616528540705], [5.120088663584116, 52.17614173361212], [5.120025071534283, 52.17611683695015], [5.119963344118944, 52.17609062324723], [5.119903875899724, 52.17606312036333], [5.119847046925181, 52.17603433815036], [5.119793266373252, 52.176004304502634], [5.119742914181555, 52.17597304724877], [5.119696370393828, 52.17594057624205], [5.1196536836050575, 52.17590610065865], [5.119614534128928, 52.17586929621243], [5.119578700734219, 52.17583048597115], [5.119545977023223, 52.175789957083886], [5.119516097958966, 52.175748023530254], [5.119488886272976, 52.17570499050029], [5.119464077089018, 52.17566114500926], [5.1194414784110895, 52.175616810189005], [5.119420854547638, 52.17557228210823], [5.119401969807141, 52.17552785683537], [5.119384617629143, 52.17548384848059], [5.119368548567023, 52.1754404092737], [5.119353651975144, 52.17539648737537], [5.1193400455043365, 52.1753519662098], [5.119327933170587, 52.175306954095426], [5.1193175187729345, 52.17526159530225], [5.119308976979401, 52.17521601605817], [5.119302511695028, 52.175170342657374], [5.11929829753199, 52.17512471031547], [5.1192965383396904, 52.175079254314454], [5.119297423455597, 52.175034091927174], [5.119301127543697, 52.17498934938114], [5.119307868962359, 52.17494517996645], [5.119317807863485, 52.174901691901376], [5.119333458311321, 52.17485895380442], [5.119355888116286, 52.174816860240504], [5.119383767536027, 52.17477530932223], [5.119415723192512, 52.174734163111765], [5.119450439972365, 52.17469331975604], [5.119486559072128, 52.17465265034051], [5.119522721531199, 52.17461205291555], [5.119557612411607, 52.17457139866923], [5.119589843632144, 52.17453056761319], [5.119618100156209, 52.17448944891396], [5.119641037714356, 52.174447931672844], [5.119655634118738, 52.17440536191278], [5.119654034479362, 52.174360059068434], [5.119638097702817, 52.174314085590176], [5.119611039532916, 52.17426995639562], [5.119576090581757, 52.17423014149596], [5.11953675399691, 52.17419310290021], [5.119494488244307, 52.17415697441937], [5.119449835405086, 52.17412155954493], [5.119403381253464, 52.174086688831935], [5.11935569705142, 52.1740521748275], [5.1193073541139364, 52.17401782109174], [5.1192589089746425, 52.17398345811594], [5.119210962129747, 52.1739488985163], [5.119164055654102, 52.173913945789295], [5.119118789988051, 52.17387842154074], [5.119075721714746, 52.17384214727767], [5.119035422088826, 52.17380493555315], [5.118997935663663, 52.173766669628094], [5.118961096947618, 52.173727668151045], [5.118924920073167, 52.173688012046306], [5.118889784797007, 52.17364775610511], [5.118856129510247, 52.17360692828858], [5.118824319293642, 52.17356559234348], [5.1187947924808155, 52.173523785219516], [5.118767914257156, 52.17348155268839], [5.118744108334337, 52.17343893166716], [5.118723783695424, 52.173395977015325], [5.118707320193086, 52.17335272555033], [5.118694893128996, 52.173309195648315], [5.118684149852153, 52.173265229164954], [5.1186744472039685, 52.173220815649906], [5.118665857894851, 52.173176018184435], [5.118658425343952, 52.17313090877108], [5.118652207642742, 52.173085550457735], [5.118647248317905, 52.173039997271374], [5.118643605352176, 52.17299433023537], [5.118641322271789, 52.17294860337669], [5.118640471785319, 52.172902879776295], [5.11864108269219, 52.172857231403306], [5.118643213082204, 52.17281172130545], [5.118646935663224, 52.17276641256361], [5.118652279288391, 52.17272136815895], [5.118659316665133, 52.1726766511722], [5.118668076646379, 52.17263232458432], [5.118678631831311, 52.172588469451526], [5.118691113507869, 52.17254513101165], [5.118707932580501, 52.17250249450578], [5.118729703160461, 52.172460534364674], [5.118755724106613, 52.17241915911203], [5.118785250588408, 52.172378250208425], [5.118817552288027, 52.172337707123695], [5.118851913562199, 52.17229742037365], [5.118887574861897, 52.172257289362896], [5.118923835166652, 52.17221720464208], [5.118959949550069, 52.17217706565073], [5.118995187760197, 52.172136762874736], [5.119028834165306, 52.172096186834096], [5.11906015841004, 52.17205524599186], [5.119088415685645, 52.172013821815185], [5.119112744944057, 52.171971678664576], [5.119132520214968, 52.17192838369974], [5.119148134520799, 52.171884216441576], [5.119160039084981, 52.17183950148206], [5.119168729091556, 52.17179454553665], [5.1191746704331695, 52.171749664241766], [5.119179193505916, 52.17170483365417], [5.119184026188939, 52.17165956335969], [5.119188597522055, 52.17161399586918], [5.11919223400679, 52.17156830941269], [5.119194306054883, 52.171522673332106], [5.119194154953071, 52.171477238927146], [5.119191121774812, 52.171432193448965], [5.1191845623757475, 52.17138769721791], [5.119173832613777, 52.171343910554135], [5.119158171191039, 52.171301029462875], [5.119135296191113, 52.171259309411326], [5.119105880910657, 52.171218608117094], [5.11907165203532, 52.17117863289468], [5.119034336136685, 52.17113910903523], [5.118995689016191, 52.17109976189833], [5.118957451960389, 52.17106029883679], [5.118921366142509, 52.17102044518137], [5.118889158112914, 52.170979926231524], [5.118862569141715, 52.170938449345954], [5.118842477513866, 52.17089580980212], [5.118824262217629, 52.17085230268903], [5.118807191180903, 52.17080812407816], [5.118791570504993, 52.17076341847294], [5.118777677054579, 52.17071833031062], [5.118765831653623, 52.170672986152525], [5.1187563110558285, 52.170627548411595], [5.11874940684724, 52.17058214358267], [5.118745410504628, 52.17053691613622], [5.118744642738415, 52.17049201060889], [5.118747365842232, 52.170447562416406], [5.11875390052444, 52.17040371609493], [5.1187639564795715, 52.170360129441896], [5.118776704396883, 52.17031615343851], [5.118792070154085, 52.170271958686556], [5.118809979629426, 52.17022771578743], [5.118830388044517, 52.17018357743333], [5.118853221224675, 52.17013972321324], [5.118878419721112, 52.170096314773815], [5.118905894851486, 52.170053513695], [5.118935616349224, 52.17001149067744], [5.118967495479608, 52.16997041628896], [5.119001472851429, 52.169930443187916], [5.119037488858563, 52.169891759984054], [5.119075469548708, 52.16985451031477], [5.119116062128194, 52.169818021551755], [5.119159605217855, 52.169781890003556], [5.119205922163786, 52.169746321988626], [5.119254807133169, 52.16971151477145], [5.1193060833673965, 52.16967769264651], [5.119359559762343, 52.169645034935996], [5.119415059563187, 52.16961376593484], [5.119472391507647, 52.1695840919291], [5.1195313644432465, 52.169556201229796], [5.119591787003895, 52.16953031809931], [5.119653467933241, 52.169506648824886], [5.119716245318868, 52.169485381784504], [5.119780209349064, 52.16946610373524], [5.1198457166561795, 52.16944784478432], [5.119912621286862, 52.169430568647016], [5.119980777072783, 52.169414274990096], [5.12005005246297, 52.16939896351371], [5.120120286887859, 52.1693845979008], [5.1201913633066765, 52.169371195860904], [5.120263106425569, 52.169358739020176], [5.120335384802112, 52.16934720910448], [5.120408052269571, 52.169336605782455], [5.120480977332066, 52.16932691976835], [5.120554013876794, 52.16931814174374], [5.120627001227602, 52.16931025336978], [5.120699793164332, 52.16930326330429], [5.120772272915878, 52.16929714432035], [5.120844279698714, 52.169291896055796], [5.120915667400168, 52.16928750919391], [5.120987128692088, 52.169285486285126], [5.121059169342148, 52.1692868081557], [5.121131630882615, 52.16929108796566], [5.121204296535504, 52.16929791178023], [5.121223343442807, 52.16930026459581], [5.121276993210863, 52.16930689272732], [5.121349533306101, 52.16931762592674], [5.121421743779292, 52.16932971551953], [5.121493436968628, 52.16934276561424], [5.121564410645893, 52.169356371299074], [5.121634491707145, 52.16937014570424], [5.12170384227715, 52.16938386449722], [5.1217732937666565, 52.169397826150814], [5.121842816461661, 52.169412111489585], [5.121912322554263, 52.16942673829195], [5.12198173858654, 52.16944176930856], [5.12205097669736, 52.16945723130614], [5.122119948918823, 52.16947316902716], [5.122188567283104, 52.169489627214304], [5.122256758493201, 52.169506641655566], [5.122324420017648, 52.16952424807337], [5.122391478452791, 52.16954250023168], [5.122457845884601, 52.169561433886194], [5.122523434399002, 52.169581084792696], [5.1225881706990535, 52.16960148874001], [5.122651966710891, 52.16962270844773], [5.122714763808114, 52.16964477074999], [5.122777349724383, 52.169667947051046], [5.122839811634961, 52.16969232742586], [5.122901813561576, 52.169717875170676], [5.12296297556679, 52.16974457145995], [5.123022917712053, 52.16977239746893], [5.123081304068904, 52.16980130750816], [5.123137740025797, 52.169831291709365], [5.123191860310715, 52.169862322294655], [5.123243328937837, 52.16989436256422], [5.123291751397663, 52.16992738467583], [5.123336776924518, 52.16996137886129], [5.123377951845718, 52.16999643399005], [5.123413965546183, 52.17003418294412], [5.1234447591251255, 52.17007469750001], [5.123470759982131, 52.17011738541217], [5.12349235145098, 52.170161690287344], [5.1235099608231165, 52.17020703785368], [5.123523986102233, 52.17025286276145], [5.123534810728327, 52.17029859063965], [5.123542861941525, 52.1703436562028], [5.123548317159782, 52.17038771830574], [5.123549206646794, 52.17043263305479], [5.123545033341655, 52.17047840832796], [5.123535903426748, 52.17052438824189], [5.123521908414576, 52.17056992586774], [5.12350315448946, 52.17061436532101], [5.123479733167322, 52.170657059671846], [5.123451750690328, 52.17069734404701], [5.123411569772991, 52.17073389812727], [5.123357435012853, 52.17076693368787], [5.123296383240057, 52.17079795843841], [5.123235466076677, 52.17082845316951], [5.123181691144303, 52.17085992555147], [5.123142139378167, 52.17089384747864], [5.123123145224663, 52.17093185995213], [5.123123666199695, 52.17097475158904], [5.123139387925888, 52.17102041854823], [5.1231660854737235, 52.17106646058166], [5.123199606821762, 52.17111050456813], [5.12323584329855, 52.17115025837779], [5.12327452115312, 52.17118751898522], [5.123316201176603, 52.171223860531654], [5.123360326943942, 52.17125944355346], [5.123406371211003, 52.17129443764077], [5.123453806785569, 52.171329003396586], [5.1235020918035294, 52.171363310379945], [5.12355069912383, 52.17139751020765], [5.123599086827284, 52.17143178142819], [5.123619785043983, 52.17144677459014], [5.123428850153186, 52.171547318723064], [5.123110255575116, 52.17134142073043], [5.122683207382532, 52.171575670210686], [5.125106735053188, 52.17331719499018], [5.12443805542664, 52.17356978879057], [5.122847302223795, 52.172406137206394], [5.122478240771209, 52.17264409294209], [5.1234022312927125, 52.173226575372865], [5.1225221478439344, 52.173813612417625], [5.122564727874467, 52.17383900891645], [5.122617359764667, 52.17387033300275], [5.1226700210193075, 52.173901648143136], [5.12272271169157, 52.173932945349726], [5.122775387765943, 52.17396425148777], [5.12282803462378, 52.173995566524496], [5.122880637539924, 52.17402690840293], [5.122933167277206, 52.174058277057625], [5.122985579819837, 52.17408969935404], [5.12303788973336, 52.1741211843129], [5.12309003859616, 52.17415272281559], [5.123142026195478, 52.174184350813704], [5.123193823346954, 52.174216059254206], [5.123245400706842, 52.17424786604764], [5.123296743549919, 52.17427978913728], [5.123347808019987, 52.1743118284254], [5.123398608629298, 52.174344001920666], [5.123449086849577, 52.17437631848064], [5.123499228008824, 52.174408787060834], [5.12354901743492, 52.17444141661695], [5.1235984404027075, 52.174474225092276], [5.123648294045358, 52.17450838269888], [5.1236983279640045, 52.174546684126206], [5.123742659916096, 52.17458757032304], [5.123775087554446, 52.17462922088198], [5.123789437898535, 52.17466978850176], [5.1237804400164615, 52.17470815591284], [5.1237507751257505, 52.174745785138846], [5.123707078342478, 52.174782996561774], [5.123655985494844, 52.174819993725016], [5.123622689022572, 52.17484376439909], [5.125120536290288, 52.175948327706884], [5.125109551454979, 52.175969200275254], [5.1250848523223835, 52.176015172667434], [5.1250615714748085, 52.17606110326331], [5.125041728177291, 52.17610669095736], [5.125027370783658, 52.17615166167359], [5.125020518470266, 52.176195732283645], [5.125025421526727, 52.176222167702186], [5.124981705610063, 52.176190415114235], [5.124934511000299, 52.17615605726931], [5.124887345860416, 52.17612167250692], [5.124840224756829, 52.17608726984724], [5.124793103725919, 52.17605286716864], [5.12474598282055, 52.17601845548328], [5.124698861882148, 52.175984061754555], [5.124651697105707, 52.17594967689714], [5.124604503004868, 52.17591531891918], [5.124557235668905, 52.17588099671084], [5.124509909664286, 52.17584671929241], [5.124462495752506, 52.17581248659876], [5.124414993880705, 52.17577830761756], [5.124367374704649, 52.17574420025931], [5.124319623552279, 52.17571017347914], [5.12427174042369, 52.17567622727685], [5.1242236960804926, 52.175642361587194], [5.12417547569183, 52.175608612328624], [5.124127093982754, 52.17557496155795], [5.124078506990066, 52.1755414271528], [5.124029700041596, 52.17550801806826], [5.123980673031515, 52.17547475227957], [5.12393141139369, 52.175441620766094], [5.123881900456154, 52.17540863248277], [5.1238321254407095, 52.17537581436015], [5.1237820870370845, 52.175343049556226], [5.123731844517811, 52.17531020338383], [5.123681353761103, 52.17527732068401], [5.123630570485915, 52.175244473260996], [5.123579450357909, 52.17521174190691], [5.123527963873844, 52.175179171495124], [5.123476081371069, 52.17514683386235], [5.1234237585677675, 52.175114800812764], [5.1233709365628295, 52.17508314411758], [5.123317600418073, 52.175051917670366], [5.1232637057979025, 52.17502120226282], [5.123209208578808, 52.17499104273519], [5.123154078990442, 52.174961528899495], [5.123098272855722, 52.174932714583605], [5.123041760563104, 52.174904662635996], [5.122984483156535, 52.17487745381508], [5.122926411076924, 52.17485114198124], [5.122867529277543, 52.17482579900319], [5.122806594139011, 52.17480159286567], [5.122742902728963, 52.1747787287137], [5.122676849009607, 52.174757333256544], [5.122608841453376, 52.17473755121273], [5.1225393178750345, 52.17471950939137], [5.122468686796448, 52.174703343524946], [5.122397356844316, 52.17468917137114], [5.122325751049413, 52.17467714667273], [5.1222542780355, 52.17466738718938], [5.122183346265067, 52.174660037645246], [5.122113335068734, 52.17465522472418], [5.122040030204615, 52.1746536130589], [5.121962172193999, 52.174655577307256]]]}}, {"type": "Feature", "id": "58564", "properties": {"OBJECTID": "58564", "LOCATIEGROEP_ID": "nl.imow-pv26.gebiedengroep.003000000000000000000811", "SYMBOOL_CODE": "vsgt114", "GROEP": "aardkundig waardevol gebied", "9e750651-8e97-4bc6-b09e-fc30b5f3e83c_id": "9211", "LOCATIE_ID": "nl.imow-pv26.gebied.003000000000000000000811e116839", "DOCUMENT_URL": "https://omgevingsbeleid.provincie-utrecht.nl/home?d=/akn/nl/act/pv26/2022/omgevingsverordening/nld@1089&o=", "NAAM": "Gebied aardkundige waarden", "TYPE": "erfgoed", "LOCATIEGROEP_NAAM": "Gebied aardkundige waarden", "LOCATIE_NAAM": null}, "geometry": {"type": "Polygon", "coordinates": [[[5.447707495995079, 52.01508596212529], [5.4477081190393974, 52.01554614509495], [5.4473145379933, 52.0155719185401], [5.447045122617883, 52.015508141609], [5.446797045556057, 52.015092494886424], [5.446446723425105, 52.014551703588], [5.446193948521207, 52.01416636589066], [5.445675429756644, 52.013693660853924], [5.445281400671678, 52.01337429243053], [5.4449497129186435, 52.01319549338432], [5.443789824806971, 52.01233996561695], [5.443874865021792, 52.01227419435533], [5.444078307121209, 52.01214772276593], [5.444761552456166, 52.01186616889635], [5.444886071707826, 52.012032289383754], [5.445404379787774, 52.01236438773935], [5.445819281514562, 52.012811574612016], [5.446358333282118, 52.01314365837184], [5.446793879929061, 52.01352692573224], [5.447084184839979, 52.01373130294433], [5.447395223171339, 52.01394844992872], [5.448160776398142, 52.014351118649955], [5.44886368195057, 52.01489453347868], [5.4488073668269354, 52.015158868024], [5.448435922195231, 52.01516720561729], [5.447879037506913, 52.014883532775784], [5.447593251288654, 52.014775822581996], [5.447707495995079, 52.01508596212529]]]}}, {"type": "Feature", "id": "58546", "properties": {"OBJECTID": "58546", "LOCATIEGROEP_ID": "nl.imow-pv26.gebiedengroep.003000000000000000000811", "SYMBOOL_CODE": "vsgt114", "GROEP": "aardkundig waardevol gebied", "9e750651-8e97-4bc6-b09e-fc30b5f3e83c_id": "9205", "LOCATIE_ID": "nl.imow-pv26.gebied.003000000000000000000811e116891", "DOCUMENT_URL": "https://omgevingsbeleid.provincie-utrecht.nl/home?d=/akn/nl/act/pv26/2022/omgevingsverordening/nld@1089&o=", "NAAM": "Gebied aardkundige waarden", "TYPE": "erfgoed", "LOCATIEGROEP_NAAM": "Gebied aardkundige waarden", "LOCATIE_NAAM": null}, "geometry": {"type": "Polygon", "coordinates": [[[5.339787835607867, 52.09951053674003], [5.340061983685132, 52.099684231801895], [5.340382849274939, 52.09988742540082], [5.340865473795393, 52.100241806016186], [5.340920134054474, 52.100309237497825], [5.341273607710767, 52.1007452937829], [5.341811629666806, 52.101351347239046], [5.342052078751603, 52.10171713437583], [5.342441378382621, 52.10215151996463], [5.342644413459436, 52.10231253588192], [5.34268292896116, 52.10234345115304], [5.342813263518561, 52.10244826434578], [5.343055165830139, 52.10274580397604], [5.3429046059624214, 52.10301988190162], [5.3421428141179925, 52.10288196083989], [5.3415842341393684, 52.10250509531858], [5.341131036513674, 52.101891209503435], [5.340880431475942, 52.101430754809066], [5.340639957954302, 52.1010992275447], [5.340231743239876, 52.100676629671256], [5.339785290827115, 52.100412985972966], [5.339575360904732, 52.10031684674871], [5.339372958812243, 52.100224359326006], [5.339134774815669, 52.10011528312353], [5.33787156267613, 52.09957800785929], [5.33690398432536, 52.099394469492225], [5.336085382019762, 52.099348054864436], [5.33476470288031, 52.09925590662196], [5.334313449573227, 52.099427044090845], [5.33422447179016, 52.09946070929775], [5.334354044626263, 52.099803992505336], [5.334500860633296, 52.100031292952266], [5.334538883454246, 52.10009001059791], [5.334687430940978, 52.100398194682995], [5.334740927172727, 52.100866439853526], [5.33468526950964, 52.1010722945015], [5.334740379017973, 52.10133493962351], [5.334702224990565, 52.10158658694827], [5.3344041962340265, 52.10175807127558], [5.334217396061502, 52.10178045772866], [5.334164984409466, 52.10174391594774], [5.333938728544442, 52.10158624544295], [5.3337540095841245, 52.10119770929494], [5.333681540229327, 52.10077439516254], [5.333646076539871, 52.09991771379642], [5.333127359344559, 52.099106030928084], [5.331696360535928, 52.0986135525556], [5.331338073929285, 52.09847434818235], [5.330965188015411, 52.09832951826194], [5.330635846160745, 52.09820156951979], [5.329670312774855, 52.097710411802964], [5.328592502711621, 52.09729727838398], [5.327235812748845, 52.09690814468908], [5.32582209767018, 52.096553237045406], [5.3243893023868525, 52.0963232896458], [5.32434165396012, 52.096313710043844], [5.324270604066236, 52.096299695856416], [5.324003372276157, 52.096246964333574], [5.322939266418082, 52.09603657407925], [5.322384485418653, 52.095887968726096], [5.32236738910333, 52.095883186707866], [5.321954606332794, 52.09577257761331], [5.320819353959369, 52.09558965019417], [5.319573511966697, 52.09540553405841], [5.319299461932345, 52.09539104995197], [5.318252948425494, 52.09533595840165], [5.317327609335083, 52.0953705218754], [5.3163921413616535, 52.09546041124794], [5.315535156736022, 52.09566549534233], [5.314363281065358, 52.09572151087676], [5.313153405044895, 52.095731436330496], [5.311813970886594, 52.095628350248354], [5.310863760239756, 52.09539376375773], [5.310791511148077, 52.09537602861222], [5.309713296705016, 52.09520343020108], [5.3087464462780565, 52.09484916716064], [5.30811530699448, 52.0944594480092], [5.306926799022111, 52.09401290308909], [5.304436029650701, 52.09302755225873], [5.302559390940477, 52.092386391388914], [5.300475416711044, 52.09205934171536], [5.300067652383338, 52.091995280425685], [5.297627684002427, 52.09138591773868], [5.296851750826099, 52.091192083868535], [5.296540157869622, 52.091149996731204], [5.295354229300572, 52.090989263886584], [5.295190804797799, 52.090967223811425], [5.294975420312636, 52.09093784464848], [5.292873911112952, 52.090653348828766], [5.29288376687241, 52.090629475511854], [5.293278623834189, 52.08966386480731], [5.2939362299221555, 52.08984077629112], [5.294774558834658, 52.08994479799673], [5.295706106395198, 52.09006039968664], [5.295894606836945, 52.09008413921141], [5.297673306119587, 52.09046187523898], [5.299290750705621, 52.09088637293124], [5.300740733437648, 52.091035746162085], [5.30211794167967, 52.09120864269218], [5.303253493138578, 52.09101508945734], [5.30453795312244, 52.09079943818504], [5.30581156656161, 52.09039501685675], [5.306511902765748, 52.0901724865723], [5.3085223138253745, 52.089523334714166], [5.310123454143592, 52.08926176947313], [5.3125050288214135, 52.088966694954316], [5.314403567849597, 52.08888923525536], [5.317082620966466, 52.0887307524134], [5.320262943298456, 52.08890028720115], [5.320560895470471, 52.08891618471698], [5.320896519751503, 52.08889390350959], [5.323087898195795, 52.089048745520934], [5.3245249519241, 52.08915047018024], [5.325954746566866, 52.08925166123002], [5.327363650171719, 52.089409826418915], [5.328396044655277, 52.089842111551484], [5.3311997308333305, 52.090557805795754], [5.332423799934082, 52.09094711154668], [5.334022461365607, 52.09135960099056], [5.334506627998554, 52.09163395254435], [5.334693299797015, 52.09168488086057], [5.335305963584708, 52.091851708472156], [5.336105489028473, 52.09190963402539], [5.337351622359552, 52.09200201463703], [5.337965804618844, 52.092048056986584], [5.338820961575175, 52.09210598726553], [5.339397283827529, 52.09216267543841], [5.340104814621786, 52.092334576651695], [5.340606578106316, 52.092403309090635], [5.341182764438339, 52.092598457939125], [5.341944148067963, 52.092964456369955], [5.342669120137259, 52.093273128533205], [5.343207143842196, 52.0935817358215], [5.343336780157351, 52.09391321720566], [5.342994228180616, 52.093993703226296], [5.342947024708313, 52.09400492059949], [5.342556078728031, 52.093912925107254], [5.342541040241028, 52.09390645704359], [5.341812182315731, 52.09359272237975], [5.341403885415866, 52.09330691669643], [5.340419164087448, 52.09305486666862], [5.339619794585687, 52.09282535318155], [5.338950084820922, 52.0926767794397], [5.338459251783477, 52.0926201243587], [5.3383790051784095, 52.092610815612446], [5.338150579441643, 52.09258460187885], [5.3375363131140565, 52.09260766037672], [5.336326578077308, 52.09257231741374], [5.335210520233009, 52.09236595221443], [5.334744203276534, 52.09221519682498], [5.334077108199091, 52.09199946498388], [5.333203472117829, 52.09175919674618], [5.332304268752324, 52.09170742495729], [5.331345385427169, 52.09143427903864], [5.330201974115484, 52.09122921061158], [5.328948206157709, 52.09077410177873], [5.328099979470458, 52.090546436340176], [5.327509953651902, 52.090364338960754], [5.327288784485692, 52.09022787867179], [5.32632980926844, 52.090068318438874], [5.3261454699546205, 52.089977318426556], [5.3254817031778, 52.08977245100893], [5.324891508717239, 52.08972669775975], [5.324485730611851, 52.08970375233714], [5.323969278923159, 52.08968075532257], [5.32323151234528, 52.089634905694005], [5.3219358928968745, 52.08952279940937], [5.32069001272425, 52.08932773840616], [5.32035739900811, 52.08931519212059], [5.320273053209876, 52.08931177385101], [5.319778124554138, 52.089292392831815], [5.318736455818098, 52.08929179365609], [5.317322425433769, 52.089336750576756], [5.31609544258204, 52.08931270332743], [5.315183319151088, 52.08942618177781], [5.314066970906781, 52.089505552131754], [5.313191146942306, 52.08972155508264], [5.31233593565742, 52.08974320747487], [5.311385924328165, 52.0898684337877], [5.311088123229791, 52.09002805834562], [5.31079010064476, 52.0901879696213], [5.309896791442634, 52.09034748296204], [5.308854580829202, 52.09051756860768], [5.308333599944, 52.09065457682922], [5.307551122198446, 52.09079083141407], [5.307272205488997, 52.09096226032967], [5.306861763698918, 52.09112208550588], [5.30678920798797, 52.09114983608407], [5.306358003729811, 52.091314984249195], [5.305874649370408, 52.09156631706026], [5.305519592187794, 52.09185172042699], [5.305202465298127, 52.092091651676], [5.30540635718011, 52.09230834158082], [5.305535730499194, 52.09262835087982], [5.306056306943345, 52.092732072048726], [5.3063903491673505, 52.09284634117849], [5.30670673469132, 52.09301845323302], [5.3073935963843475, 52.09321299784072], [5.3077844239648915, 52.09332757999974], [5.308118413084804, 52.093476951398166], [5.308322385250469, 52.09365965253978], [5.308713118733244, 52.09383153018799], [5.308917094930998, 52.09401423927863], [5.309252564865937, 52.09410602216727], [5.30951201083554, 52.094255340366004], [5.3101627393516875, 52.09439255535604], [5.310764876066704, 52.094547989979425], [5.310962025173967, 52.09459895366146], [5.311910419108314, 52.09468045426898], [5.312691077075475, 52.09471493306014], [5.313417603759236, 52.094807237752036], [5.3141983397047605, 52.094795921628815], [5.315091500986552, 52.09477400024309], [5.315929108158869, 52.094842763658015], [5.3165244158068585, 52.09486643628672], [5.317064297848568, 52.09490102041975], [5.31791944003373, 52.09484479268809], [5.318886763434848, 52.09493635976516], [5.319469339521492, 52.094937252486545], [5.319667481208488, 52.09493765354255], [5.3205985965006, 52.09499575941487], [5.321212869997264, 52.094996104125585], [5.321900025747528, 52.09505293969222], [5.322607682288365, 52.09512270723288], [5.323351776637751, 52.09522535041779], [5.3243671571730005, 52.095339440409845], [5.324773018027255, 52.09533965554513], [5.325215581467427, 52.095476236786986], [5.325732069588738, 52.09552195002328], [5.32617479244828, 52.095544910199386], [5.326764942470453, 52.095681561745074], [5.327385620107429, 52.09606250213623], [5.328167422878422, 52.09646286204225], [5.3290969309839396, 52.09656668489518], [5.32966068691766, 52.09668240280354], [5.329711064782057, 52.096692817467215], [5.330213181834404, 52.09668154699699], [5.330901946362273, 52.09657935977365], [5.331440559004831, 52.09655714506052], [5.332389005412281, 52.09666010600299], [5.333171180656764, 52.096615526031606], [5.333766727249353, 52.09664978042833], [5.334455214575385, 52.09677592185798], [5.334860145043156, 52.0968092496383], [5.335012676129779, 52.09682195422265], [5.335478137553817, 52.09695978328186], [5.335960991652837, 52.09705156344598], [5.336369508561216, 52.09714274344809], [5.336815973179285, 52.09734853540428], [5.336826888458449, 52.09737522547225], [5.336890107586198, 52.097531976407986], [5.33681561344421, 52.09766873328336], [5.336220051262748, 52.09763420668103], [5.3355505132558525, 52.097473821551326], [5.3348807346074505, 52.097336181172565], [5.334006786332618, 52.09726753616211], [5.333402298206145, 52.09725911946017], [5.333132553764637, 52.09725533826509], [5.332575103112319, 52.09719750473988], [5.331997184752917, 52.09727728351564], [5.331588548020478, 52.097288893223926], [5.331271637029988, 52.09743704594625], [5.331326879186584, 52.0975735730617], [5.331641938123727, 52.0978135937197], [5.331850499991452, 52.09788334868313], [5.3319327895855615, 52.09791119610605], [5.332088237814536, 52.0979632284], [5.332423730062306, 52.09809988532384], [5.333091880481495, 52.09827181020033], [5.333948400234078, 52.09843230264218], [5.3344312132229215, 52.098569864982764], [5.334908739819599, 52.0985501327683], [5.335250111205375, 52.09853624399258], [5.335975401714365, 52.09860480645763], [5.336906319154874, 52.09873103830544], [5.33766813731902, 52.09876647606538], [5.33822688691551, 52.098915011017915], [5.339118197667187, 52.09920102482383], [5.339787835607867, 52.09951053674003]]]}}, {"type": "Feature", "id": "58547", "properties": {"OBJECTID": "58547", "LOCATIEGROEP_ID": "nl.imow-pv26.gebiedengroep.003000000000000000000811", "SYMBOOL_CODE": "vsgt114", "GROEP": "aardkundig waardevol gebied", "9e750651-8e97-4bc6-b09e-fc30b5f3e83c_id": "9206", "LOCATIE_ID": "nl.imow-pv26.gebied.003000000000000000000811e116930", "DOCUMENT_URL": "https://omgevingsbeleid.provincie-utrecht.nl/home?d=/akn/nl/act/pv26/2022/omgevingsverordening/nld@1089&o=", "NAAM": "Gebied aardkundige waarden", "TYPE": "erfgoed", "LOCATIEGROEP_NAAM": "Gebied aardkundige waarden", "LOCATIE_NAAM": null}, "geometry": {"type": "Polygon", "coordinates": [[[4.947845764713731, 52.14609910617325], [4.9477619116136795, 52.145688623936735], [4.9473173667313874, 52.145082232893834], [4.946790674227608, 52.14450073598339], [4.946304196933024, 52.143994976505034], [4.9461039082300395, 52.143540681335175], [4.946026976992781, 52.143036451066884], [4.946400034409067, 52.14258429890657], [4.947342184352229, 52.14256261274882], [4.948772548780682, 52.14287030423192], [4.949957700002203, 52.143126673728055], [4.951020761270996, 52.143306990386776], [4.95196071426507, 52.143512036870945], [4.953179511373, 52.143777899496186], [4.9535308885638845, 52.143854547456606], [4.953533999068399, 52.143851664735756], [4.955282230735602, 52.14417843003627], [4.956203407422096, 52.14437108717017], [4.957099537998548, 52.14470927022362], [4.958637471718562, 52.144758548554634], [4.9601301795248585, 52.14458922447761], [4.961079220122321, 52.14434511600314], [4.962877225878765, 52.14442439937092], [4.963612962874399, 52.144208633488155], [4.964157035208497, 52.14423970685945], [4.965590071509272, 52.14443230920239], [4.966522068782783, 52.144422890910995], [4.967044671385866, 52.144220904167746], [4.968092976205424, 52.14348201307409], [4.969328675783269, 52.14294763449056], [4.9707823168594105, 52.14263922598148], [4.9722811697081815, 52.142515941639786], [4.973648334696704, 52.14224255269716], [4.973667077898434, 52.14224565635562], [4.973934428525585, 52.14218406328418], [4.975156815740372, 52.142165895595014], [4.975468570215753, 52.141987402769765], [4.976203387209334, 52.14142878707502], [4.977062572827357, 52.14122975265709], [4.9780304861864675, 52.14110965365706], [4.978852962550806, 52.140932922056706], [4.979162437822402, 52.14100134024454], [4.979252622836854, 52.141113885873104], [4.978479319187888, 52.141896854656835], [4.978315448865042, 52.141862617623204], [4.978170029609886, 52.14180600117703], [4.977440070615606, 52.141837137430976], [4.976855218797219, 52.14195856454796], [4.976521509476441, 52.14254102429263], [4.975916953283432, 52.14281951620529], [4.97477766479722, 52.14297768354407], [4.974025692250812, 52.14308207321236], [4.971477826625823, 52.14343574588269], [4.970787299501738, 52.14388469949429], [4.969809877870476, 52.14463842581788], [4.968575229095523, 52.14505632803243], [4.967719102620441, 52.14549012436796], [4.967220443498035, 52.145663078044755], [4.9668413485946505, 52.14570540993431], [4.966415330837235, 52.14570389136257], [4.965091733258312, 52.14550987519342], [4.96310420806585, 52.145444496301955], [4.961210675475052, 52.1454522354966], [4.959977316988133, 52.14572443716079], [4.958273526366936, 52.145689134198186], [4.956123835320922, 52.14525903188207], [4.953999279355194, 52.144683358072925], [4.952949531973654, 52.14439278903698], [4.952953821912425, 52.14438881412976], [4.951403102079263, 52.14428485689839], [4.950217050487135, 52.14446886862565], [4.948989040309208, 52.14465938174864], [4.948700414194662, 52.14502284701681], [4.948950855530363, 52.14556706063381], [4.949134856790079, 52.145966894530694], [4.948193246686219, 52.14574515568717], [4.947845764713731, 52.14609910617325]]]}}, {"type": "Feature", "id": "58548", "properties": {"OBJECTID": "58548", "LOCATIEGROEP_ID": "nl.imow-pv26.gebiedengroep.003000000000000000000811", "SYMBOOL_CODE": "vsgt114", "GROEP": "aardkundig waardevol gebied", "9e750651-8e97-4bc6-b09e-fc30b5f3e83c_id": "9207", "LOCATIE_ID": "nl.imow-pv26.gebied.003000000000000000000811e116793", "DOCUMENT_URL": "https://omgevingsbeleid.provincie-utrecht.nl/home?d=/akn/nl/act/pv26/2022/omgevingsverordening/nld@1089&o=", "NAAM": "Gebied aardkundige waarden", "TYPE": "erfgoed", "LOCATIEGROEP_NAAM": "Gebied aardkundige waarden", "LOCATIE_NAAM": null}, "geometry": {"type": "Polygon", "coordinates": [[[4.927562427506785, 51.9532142984879], [4.927524013530223, 51.953952836579035], [4.927467103600694, 51.954238559998615], [4.926796174476931, 51.954226399231565], [4.926758246215067, 51.954164303180335], [4.925789312442276, 51.953879324355476], [4.924912999632165, 51.953589937732], [4.924713246359509, 51.953512904462364], [4.924590781083887, 51.9534218743984], [4.924310566147606, 51.95292036440326], [4.924194486203024, 51.95295803605979], [4.924117558155796, 51.95293866896432], [4.923903899662167, 51.952713838271336], [4.923534090450551, 51.95238973576089], [4.9230127854873516, 51.95187825663539], [4.92288668723447, 51.95164131171001], [4.922752198133351, 51.95148583976108], [4.9226014910209654, 51.951375335171605], [4.922342497875623, 51.95124831334807], [4.922036766047307, 51.9511117312799], [4.9215671230324, 51.950798912419216], [4.920981325577206, 51.95039179302202], [4.920716197895703, 51.95017855404947], [4.920557119591452, 51.94988345597205], [4.920391715437171, 51.949519832398465], [4.920225870275669, 51.94919748128618], [4.920098774110818, 51.94890477456598], [4.91998404134489, 51.94867377684216], [4.919624016484688, 51.94832249283081], [4.919339239066555, 51.948003424645826], [4.919032677510349, 51.94779872662608], [4.918981563109248, 51.94777384115827], [4.91894549956166, 51.947756269184694], [4.918723011329166, 51.94764790954806], [4.918664111661657, 51.94761921782558], [4.918610799271015, 51.94759313697717], [4.918336510589383, 51.94745895342636], [4.917896159896038, 51.94725816821718], [4.91742524794619, 51.94702737302394], [4.917005598888029, 51.94681586313549], [4.9172852382170475, 51.94664084508358], [4.9171018282431715, 51.94646843469437], [4.916783888124159, 51.946339744633676], [4.9164251581988845, 51.946236812838485], [4.915882261947141, 51.94608286123539], [4.915840889060824, 51.94607112742522], [4.915550438361325, 51.94598875327653], [4.915232455227049, 51.945554841416104], [4.9149175634831135, 51.94549423625892], [4.9150857134993915, 51.94529073199826], [4.915093727368633, 51.94528105674876], [4.915487195532393, 51.944804877726376], [4.915444754272648, 51.944483697518535], [4.915129697712748, 51.94432736629335], [4.914813254406862, 51.94425608542038], [4.914542777994577, 51.944121980087886], [4.9141102251328155, 51.943780687896485], [4.914240015319069, 51.9435776416995], [4.914247482979292, 51.94356595990637], [4.91427013583806, 51.943565197108136], [4.9144967947060785, 51.9435576233395], [4.9146041446702915, 51.943404030346876], [4.914664704406295, 51.94339027882061], [4.9147549304781935, 51.94342797892594], [4.918255805185319, 51.94450222919249], [4.918319986672463, 51.94452192688658], [4.918339925927442, 51.94452200637786], [4.918489274004079, 51.94452260167204], [4.918649528539783, 51.94455542750765], [4.9187878604267565, 51.94460962999152], [4.918886863277864, 51.94469050593509], [4.918893662565981, 51.94471074780659], [4.918901914690658, 51.944735327846765], [4.918912113411211, 51.944765713122315], [4.919006628488554, 51.94485998170934], [4.9190801716031265, 51.9448844171589], [4.919171180543922, 51.944897875387895], [4.919214179943785, 51.944904239468144], [4.919266531555311, 51.94491198000646], [4.919356564099738, 51.94491306623899], [4.919461411271082, 51.94497199741484], [4.9195748281162635, 51.94504183847134], [4.919570076171239, 51.94504563962532], [4.919687936915584, 51.945190218379075], [4.919708301002937, 51.94521518806222], [4.919849494117706, 51.94529106257455], [4.9201194576504665, 51.945436119360544], [4.9201744206096825, 51.945472551679664], [4.920220139454531, 51.94553497752322], [4.92024784595453, 51.945572829600316], [4.920267507433643, 51.945599674958956], [4.920323281551046, 51.945622466115964], [4.920342080558585, 51.94563014488171], [4.920432746647218, 51.945676776756024], [4.920452657870892, 51.94568800132675], [4.920529844955986, 51.945731487641055], [4.9206919316134945, 51.9457985275891], [4.920767637883099, 51.94584879407359], [4.9213284709492005, 51.94626599088542], [4.922032262350446, 51.94683619279313], [4.922113988223853, 51.9469895066087], [4.922356874395558, 51.94709918083602], [4.922357927301791, 51.94710003889008], [4.9224779413194035, 51.947203771252504], [4.922506968218361, 51.947247838943284], [4.922627086749833, 51.94743012968729], [4.922758439920269, 51.947635870311665], [4.922929256498673, 51.947803530150786], [4.923084380879735, 51.94791479786887], [4.9232202156931555, 51.9480038509973], [4.92355773467296, 51.94826500799153], [4.923655049989829, 51.94829960119592], [4.923730770995166, 51.948312519231195], [4.923834504856431, 51.94838058319863], [4.923861872908925, 51.9484502967344], [4.923821642327937, 51.94887867540561], [4.923856746403918, 51.94894722396489], [4.9239497886299635, 51.94908037522025], [4.9241307213198695, 51.94921588584763], [4.9245866010505885, 51.949546059804696], [4.9250077830208605, 51.949721963573545], [4.92526216509368, 51.94979087879845], [4.925287037694673, 51.94980086365338], [4.925301929543532, 51.94981106997042], [4.925422826540472, 51.949893949770036], [4.9254949131018595, 51.95000460956419], [4.925531887460302, 51.95006135426745], [4.927312203565618, 51.952793933756375], [4.927562427506785, 51.9532142984879]]]}}, {"type": "Feature", "id": "58549", "properties": {"OBJECTID": "58549", "LOCATIEGROEP_ID": "nl.imow-pv26.gebiedengroep.003000000000000000000811", "SYMBOOL_CODE": "vsgt114", "GROEP": "aardkundig waardevol gebied", "9e750651-8e97-4bc6-b09e-fc30b5f3e83c_id": "9208", "LOCATIE_ID": "nl.imow-pv26.gebied.003000000000000000000811e116924", "DOCUMENT_URL": "https://omgevingsbeleid.provincie-utrecht.nl/home?d=/akn/nl/act/pv26/2022/omgevingsverordening/nld@1089&o=", "NAAM": "Gebied aardkundige waarden", "TYPE": "erfgoed", "LOCATIEGROEP_NAAM": "Gebied aardkundige waarden", "LOCATIE_NAAM": null}, "geometry": {"type": "Polygon", "coordinates": [[[5.476808695130375, 52.132089381484775], [5.476782507982394, 52.132394462005905], [5.476541728467229, 52.13258429110556], [5.475564235818179, 52.13287360562584], [5.474693708880381, 52.133055651069974], [5.474573903067524, 52.133451507140315], [5.47375696447527, 52.133641747814906], [5.47276587900116, 52.13384860246637], [5.472176447933222, 52.13389849925871], [5.472135467690423, 52.13348626889088], [5.472268751266877, 52.13312339140302], [5.47281748590283, 52.13280967303263], [5.47396919352726, 52.1325367459007], [5.475589515983056, 52.13210678727076], [5.4764867237046575, 52.13188349611786], [5.476808695130375, 52.132089381484775]]]}}, {"type": "Feature", "id": "58550", "properties": {"OBJECTID": "58550", "LOCATIEGROEP_ID": "nl.imow-pv26.gebiedengroep.003000000000000000000811", "SYMBOOL_CODE": "vsgt114", "GROEP": "aardkundig waardevol gebied", "9e750651-8e97-4bc6-b09e-fc30b5f3e83c_id": "9209", "LOCATIE_ID": "nl.imow-pv26.gebied.003000000000000000000811e116922", "DOCUMENT_URL": "https://omgevingsbeleid.provincie-utrecht.nl/home?d=/akn/nl/act/pv26/2022/omgevingsverordening/nld@1089&o=", "NAAM": "Gebied aardkundige waarden", "TYPE": "erfgoed", "LOCATIEGROEP_NAAM": "Gebied aardkundige waarden", "LOCATIE_NAAM": null}, "geometry": {"type": "Polygon", "coordinates": [[[5.481803286410305, 52.13074975332472], [5.481683078015955, 52.13092300310646], [5.48142879814504, 52.13105512335638], [5.480893396816362, 52.13129466665306], [5.479741951855449, 52.131658358891535], [5.478456721388956, 52.13212933414967], [5.47722486500356, 52.13250131500234], [5.477077434597005, 52.132476692783804], [5.476795122003531, 52.13200693620526], [5.476740890404208, 52.13168541495672], [5.477490687994323, 52.13144573526693], [5.480316178416939, 52.13075919004812], [5.480905261584402, 52.13056083444583], [5.48180349762898, 52.13049827874315], [5.481803286410305, 52.13074975332472]]]}}, {"type": "Feature", "id": "58565", "properties": {"OBJECTID": "58565", "LOCATIEGROEP_ID": "nl.imow-pv26.gebiedengroep.003000000000000000000811", "SYMBOOL_CODE": "vsgt114", "GROEP": "aardkundig waardevol gebied", "9e750651-8e97-4bc6-b09e-fc30b5f3e83c_id": "9212", "LOCATIE_ID": "nl.imow-pv26.gebied.003000000000000000000811e116913", "DOCUMENT_URL": "https://omgevingsbeleid.provincie-utrecht.nl/home?d=/akn/nl/act/pv26/2022/omgevingsverordening/nld@1089&o=", "NAAM": "Gebied aardkundige waarden", "TYPE": "erfgoed", "LOCATIEGROEP_NAAM": "Gebied aardkundige waarden", "LOCATIE_NAAM": null}, "geometry": {"type": "Polygon", "coordinates": [[[5.344969179409321, 52.121185433951204], [5.344615916573663, 52.12128783325085], [5.344168800227391, 52.121459279010814], [5.343683974677065, 52.12146977944189], [5.343517807491555, 52.12132141655832], [5.3436670527766275, 52.12104733817249], [5.344039784874831, 52.12063599597713], [5.343779814148438, 52.12051006914478], [5.343426832256327, 52.12032736624198], [5.342998997111521, 52.12015559967579], [5.342888424761323, 52.119858110057116], [5.343390876243254, 52.11976757245977], [5.343837546213269, 52.11980172054226], [5.344503240517874, 52.11981179545057], [5.3447353554427535, 52.119947822190035], [5.345177596049448, 52.12009965223302], [5.345528014456031, 52.12009275652178], [5.345811382956625, 52.12008751709366], [5.346113640704571, 52.12011908033837], [5.347037669360101, 52.120317977929], [5.347902057706018, 52.12036967030202], [5.348973585123352, 52.12043349425558], [5.3507797762353215, 52.12048012698512], [5.351703948510109, 52.12051466977308], [5.352324497915734, 52.1205378903188], [5.3535071922453294, 52.12054722060752], [5.353425052123882, 52.12115950334404], [5.351216876035025, 52.1210661690486], [5.348396393080096, 52.12094674485957], [5.347591598865946, 52.120825419227494], [5.347409573512793, 52.12079811561521], [5.34653482460541, 52.120843603108256], [5.345752037577954, 52.12110566375278], [5.345863042948189, 52.12095740090504], [5.344969179409321, 52.121185433951204]]]}}, {"type": "Feature", "id": "58552", "properties": {"OBJECTID": "58552", "LOCATIEGROEP_ID": "nl.imow-pv26.gebiedengroep.003000000000000000000811", "SYMBOOL_CODE": "vsgt114", "GROEP": "aardkundig waardevol gebied", "9e750651-8e97-4bc6-b09e-fc30b5f3e83c_id": "9213", "LOCATIE_ID": "nl.imow-pv26.gebied.003000000000000000000811e116953", "DOCUMENT_URL": "https://omgevingsbeleid.provincie-utrecht.nl/home?d=/akn/nl/act/pv26/2022/omgevingsverordening/nld@1089&o=", "NAAM": "Gebied aardkundige waarden", "TYPE": "erfgoed", "LOCATIEGROEP_NAAM": "Gebied aardkundige waarden", "LOCATIE_NAAM": null}, "geometry": {"type": "Polygon", "coordinates": [[[5.122481613162411, 52.17984638573776], [5.122111103945543, 52.180115524991336], [5.122137132692706, 52.180122288420016], [5.122205630945357, 52.18013957316127], [5.122274364355401, 52.18015666065575], [5.122343141786791, 52.18017373023295], [5.1224117283491335, 52.18019094314878], [5.122479918233853, 52.18020848768874], [5.122547476445267, 52.18022654308546], [5.1226142118504185, 52.1802452886702], [5.122679904128838, 52.18026489472156], [5.1227443329607345, 52.180285531518535], [5.122807277866744, 52.180307396303874], [5.12286853320178, 52.18033065040235], [5.12291615239908, 52.18035057537895], [5.122927878540587, 52.180355482069764], [5.122985108344678, 52.180382034656], [5.1230403105008655, 52.18041028139682], [5.123093661524297, 52.18044004293136], [5.123145396412368, 52.18047114002894], [5.123195706246504, 52.18050340234828], [5.123244796675244, 52.18053666856815], [5.123292888127183, 52.18057075043612], [5.123340200817894, 52.180605495650816], [5.123386925933968, 52.180640715893645], [5.123433269176402, 52.18067624085423], [5.123479450813686, 52.18071190924232], [5.123525676599753, 52.18074754175873], [5.123545210080085, 52.18076242444685], [5.1230265852555155, 52.18078502039152], [5.123015937899602, 52.18078062843665], [5.122954957606182, 52.18075525388171], [5.12289400678362, 52.18072985239731], [5.122832997174429, 52.180704513665], [5.122771869656158, 52.180679345407604], [5.122710565212335, 52.18065443737199], [5.12264898091036, 52.180629888194474], [5.122587086921498, 52.180605796675046], [5.122524780312307, 52.18058226144968], [5.122462002011549, 52.18055938125254], [5.122398692947348, 52.180537254817686], [5.122334764859286, 52.180515971825514], [5.122270143947158, 52.18049564895255], [5.122204785865088, 52.180476366989645], [5.122138587623623, 52.18045823355941], [5.1220716522580965, 52.18044113204877], [5.122004127147074, 52.180424865053], [5.12193604184944, 52.18040937870997], [5.1218674553261465, 52.18039459225983], [5.121798411757328, 52.180380451873425], [5.121728926028522, 52.18036691264373], [5.121659071722147, 52.18035389384411], [5.1215888783449905, 52.1803413506006], [5.121518390185383, 52.180329211108926], [5.121447651478306, 52.180317412552476], [5.121376706352203, 52.18030591009061], [5.121305599096362, 52.180294631919125], [5.121234373946756, 52.180283515221944], [5.121163060519267, 52.18027249714999], [5.121091702943432, 52.18026153286301], [5.121020374751389, 52.18025055062317], [5.120949076318492, 52.18023948751586], [5.120877881123967, 52.18022828079132], [5.120806818678082, 52.18021688557672], [5.120735947947202, 52.180205221113965], [5.12066528382163, 52.180193242497324], [5.120594885161131, 52.1801808869446], [5.120524766749082, 52.18016812752586], [5.120454618813574, 52.18015542192617], [5.120384367606314, 52.18014287783416], [5.12031401328784, 52.18013046828608], [5.1202435999346525, 52.18011815742978], [5.120173142382021, 52.18010590934695], [5.120102655411722, 52.18009369710716], [5.120032183154556, 52.18008147587051], [5.119961711151398, 52.18006921864055], [5.119891298100215, 52.18005688959845], [5.119820944270526, 52.18004444380519], [5.119750664337382, 52.18003187230625], [5.119680502540211, 52.180019112286445], [5.11961047355437, 52.18000615479132], [5.119540592324652, 52.1799929459274], [5.11947088825505, 52.179979458797845], [5.119401376129187, 52.17996566647263], [5.119332070838523, 52.17995152404625], [5.119263016462201, 52.17993699566734], [5.119194213109623, 52.179922063360806], [5.119125704968133, 52.179906673299705], [5.11905749220146, 52.17989079852114], [5.118989618889323, 52.17987440317407], [5.118922041172125, 52.17985748715938], [5.118854758673434, 52.179840113392245], [5.118787741991776, 52.17982230877015], [5.1187209616714755, 52.17980410917823], [5.118654388148379, 52.17978556847727], [5.11858802120739, 52.179766722618915], [5.118521816825661, 52.17974759846701], [5.118455760113209, 52.179728240927666], [5.118389821504859, 52.17970870386147], [5.118323986272594, 52.17968900521085], [5.118258210176333, 52.179669207790795], [5.1181924931080625, 52.179649329576975], [5.118126805556098, 52.17962941544193], [5.11806111795448, 52.179609519245965], [5.117995415574153, 52.17958965893128], [5.117929654174012, 52.179569897312454], [5.117863833645252, 52.17955025236516], [5.117797924420883, 52.17953077794929], [5.117731941337934, 52.179511438146925], [5.1176661498434655, 52.179491856070655], [5.117600549938346, 52.17947203172079], [5.117535097544932, 52.17945200094875], [5.117469777608878, 52.17943183562379], [5.117409011468595, 52.179412974929974], [5.117429174969217, 52.179393346413924], [5.117469017977921, 52.179354330940015], [5.1175071516386055, 52.17931509583785], [5.117542100549442, 52.17927543101705], [5.117572359909902, 52.17923515328565], [5.117596395792453, 52.1791940614101], [5.117613040380448, 52.17915185612619], [5.117624433088652, 52.17910774239526], [5.117631127166914, 52.17906210796308], [5.117632972462801, 52.17901560860664], [5.117629789421875, 52.17896892699927], [5.117621383978923, 52.17892272780455], [5.117607620549736, 52.17887767581891], [5.117588304905435, 52.17883446266788], [5.1175631848779, 52.17879368996451], [5.117530800634018, 52.17875499485358], [5.117491959502209, 52.178717848885206], [5.1174481698695775, 52.1786818420541], [5.1174009252269625, 52.1786466092621], [5.117351748519255, 52.17861174952848], [5.117302118610499, 52.17857689772609], [5.1172535584393115, 52.17854165287898], [5.1172075761580444, 52.17850564094398], [5.117165650729744, 52.17846847882513], [5.117129319648183, 52.178429774574525], [5.117099842131297, 52.17838921649995], [5.117073249712809, 52.17834785610397], [5.117047653301149, 52.17830620137871], [5.117022965010623, 52.17826427908744], [5.116999140924711, 52.17822209811813], [5.116976093158161, 52.178179685234014], [5.116953777740356, 52.17813705831082], [5.116932106840883, 52.17809423512369], [5.116911051163834, 52.178051224593894], [5.116890508095977, 52.17800807142653], [5.116870433830741, 52.17796476653368], [5.116850769615092, 52.17792135472068], [5.116831442348497, 52.17787783582028], [5.1168123787673805, 52.17783423662875], [5.116793520282705, 52.17779057498797], [5.11677480830568, 52.177746868739625], [5.116756184193192, 52.17770314471334], [5.116737560171622, 52.177659411695934], [5.116732327482641, 52.177647140164574], [5.116736066284481, 52.177628489773326], [5.1167386590607755, 52.177615598023976], [5.11674820500367, 52.17756991623391], [5.116758903492181, 52.1775246325518], [5.116771586106329, 52.177480036496], [5.116776018283597, 52.1774675893673], [5.116787084477579, 52.17743640859652], [5.116806230289465, 52.17739402039508], [5.116829840440246, 52.1773531703623], [5.116859187160811, 52.1773138074811], [5.116897906792614, 52.17727417843626], [5.116945288965191, 52.17723570168666], [5.116999800915823, 52.17720040498804], [5.117059865876658, 52.17717034296056], [5.11712393628375, 52.17714757928142], [5.117190435570331, 52.17713414161249], [5.117258370406905, 52.17712748409256], [5.117327722946125, 52.17712331044453], [5.117398319556818, 52.177121323667244], [5.117470001225853, 52.17712122679318], [5.117542623558171, 52.17712272288875], [5.117616027483131, 52.17712552397504], [5.117690054091098, 52.17712931511001], [5.11776454425328, 52.177133817303314], [5.117839353621487, 52.17713872463492], [5.117914323171529, 52.17714374013966], [5.117989279257538, 52.17714856681936], [5.118064092036286, 52.177152916764136], [5.118138587911921, 52.17715648398881], [5.118212622471749, 52.17715897156309], [5.118286036627341, 52.17716009151159], [5.118359108199471, 52.17715983548003], [5.118432229854874, 52.17715854590459], [5.118505370725752, 52.177156492352985], [5.118578529455737, 52.17715389952048], [5.118651675288469, 52.17715101899933], [5.118724821274054, 52.177148111469386], [5.118797936821609, 52.17714540155952], [5.1188710203108085, 52.17714315890422], [5.118944055719591, 52.17714161715346], [5.119017026919346, 52.17714102793288], [5.119089917837093, 52.17714163388042], [5.119162741748811, 52.17714365972474], [5.11923562047589, 52.17714629682815], [5.119308644760686, 52.177149042072], [5.119381770421174, 52.17715194928353], [5.119454967949294, 52.17715506333519], [5.119528193325349, 52.17715841109088], [5.119601402368121, 52.17716204637802], [5.119674594755732, 52.177166023123604], [5.119747711903593, 52.17717035917073], [5.11982073887054, 52.17717510841341], [5.119893616857003, 52.17718032464621], [5.1199663310840595, 52.17718603479979], [5.120038837372236, 52.177192292702216], [5.1201111063233915, 52.177199125250965], [5.120183108324365, 52.177206595295175], [5.120254799357808, 52.17721472969962], [5.120326149864955, 52.177223582325645], [5.1203971157750825, 52.17723318902594], [5.12046815196696, 52.17724327220293], [5.120540139544781, 52.177253177726996], [5.120612843573158, 52.17726307583679], [5.120685985151068, 52.17727315464805], [5.120759299944652, 52.17728361129808], [5.120832509108565, 52.17729462491616], [5.120905319017887, 52.17730640156286], [5.120977465395306, 52.17731912938953], [5.1210486840179, 52.17733298756064], [5.121118666643546, 52.177348182105646], [5.121187163670524, 52.17736489222307], [5.121253896097262, 52.17738332400963], [5.121318570517109, 52.17740364757833], [5.1213503008704615, 52.17741506179991], [5.1213809225487426, 52.1774260690599], [5.121440658624849, 52.177450785531626], [5.121497529144, 52.17747797619462], [5.12155235715146, 52.1775069148819], [5.12160700893682, 52.177535996953985], [5.121661557759694, 52.177565195612196], [5.121715989053947, 52.177594501835785], [5.121770302766285, 52.17762392461287], [5.121824513623695, 52.17765344600079], [5.1218786069529285, 52.17768307495468], [5.121932612047362, 52.177712802552556], [5.121986499614058, 52.177742637716634], [5.122040298999595, 52.177772562537214], [5.122093995530987, 52.17780258596933], [5.122147589208273, 52.177832708013106], [5.122201094704892, 52.177862919713675], [5.122254497401113, 52.17789322103846], [5.1223078265368684, 52.177923612053036], [5.1223610529258305, 52.17795408370421], [5.12241419113465, 52.1779846450127], [5.12246725583675, 52.17801528702356], [5.122520232412292, 52.178046009704175], [5.122573135534665, 52.17807680409957], [5.122625950530687, 52.17810767916492], [5.122678706693699, 52.17813862597796], [5.122731374730585, 52.17816965346119], [5.122783969367988, 52.178200743671766], [5.1228365052260125, 52.178231896642565], [5.122888967631419, 52.17826312132871], [5.122941371257592, 52.17829440877528], [5.122993701484611, 52.178325758949526], [5.123045972985774, 52.17835716289652], [5.123098185707948, 52.178388629604136], [5.123150354324517, 52.17842015011734], [5.123202449595403, 52.17845172437078], [5.123254500760776, 52.17848335242996], [5.123306493200706, 52.17851503426224], [5.123358456261659, 52.17854675195739], [5.123410345977198, 52.17857852339309], [5.123462206313861, 52.17861033069184], [5.123514022545431, 52.17864219179654], [5.123565809451428, 52.178674079776556], [5.123617537685364, 52.17870601254225], [5.123669236540764, 52.17873798117113], [5.123720906070646, 52.17876997667542], [5.123772546222093, 52.17880200804294], [5.123824157048102, 52.178834066286015], [5.123875723928567, 52.178866151372], [5.123927290724204, 52.17889826339874], [5.1239788136273186, 52.17893039328072], [5.124030321825374, 52.17896255007085], [5.124081800751192, 52.178994724748904], [5.124133279645371, 52.17902691737996], [5.124184729267357, 52.17905912789897], [5.124236164290374, 52.17909134735063], [5.124287599334755, 52.17912357576758], [5.124339019780188, 52.17915581311717], [5.124390440247085, 52.17918805943214], [5.124441846167975, 52.17922030569197], [5.124493252110345, 52.179252560917135], [5.124544658127023, 52.179284816119726], [5.124596064218061, 52.179317071299835], [5.12464747043634, 52.179349317469566], [5.12469889134938, 52.17938156364928], [5.12475031238964, 52.17941380081866], [5.124801748177475, 52.179446029010165], [5.1248531987128905, 52.179478248223845], [5.1249046494283625, 52.17951044943927], [5.1249561295646116, 52.179542632721464], [5.12500762444845, 52.17957480702574], [5.125059134185487, 52.179606954376446], [5.125110673343258, 52.179639083793774], [5.125162227301363, 52.17967119524527], [5.125213810785784, 52.17970327078781], [5.125265423743639, 52.17973531940906], [5.125317080742751, 52.17976735012922], [5.125335042803294, 52.179778472083356], [5.124577738391794, 52.18024971706668], [5.123621756651855, 52.17981102522422], [5.119962758014172, 52.17813180016641], [5.11946408368362, 52.17861830184307], [5.119433483067865, 52.17860129019647], [5.119378926778096, 52.17857093105289], [5.119324311596645, 52.1785406526416], [5.119269549317055, 52.1785105356538], [5.119214595700846, 52.1784806429044], [5.11915936254132, 52.178451055084274], [5.11910380543763, 52.17842186197164], [5.119047836290616, 52.178393126281456], [5.118991381458865, 52.178364937725185], [5.11893439664886, 52.178337368105026], [5.118876793598527, 52.17831050709899], [5.118818469695868, 52.17828439941261], [5.118750820239272, 52.17825794692957], [5.118674214945914, 52.17823531188843], [5.11859855256256, 52.17822363523475], [5.118533760800114, 52.17823009395661], [5.118480914693062, 52.17825338726809], [5.118427943995631, 52.178280365325534], [5.118374984714614, 52.17831029142774], [5.118322565543829, 52.17834277130948], [5.118271185832224, 52.17837742861557], [5.118221388846645, 52.17841387810373], [5.118173674051714, 52.178451725444795], [5.118128555535945, 52.17849057634373], [5.118086561849069, 52.17853006350278], [5.1180482217071175, 52.17856979266137], [5.118014019968994, 52.17860936945939], [5.117984514434601, 52.17864842666686], [5.117962831097105, 52.17868984755426], [5.117950920183583, 52.17873511059425], [5.1179482360238495, 52.178782578741306], [5.117954203654567, 52.17883062386885], [5.117968248110589, 52.17887761784843], [5.117989838390788, 52.17892191467459], [5.1180183700059665, 52.17896193108877], [5.118052250914061, 52.17899982954906], [5.11809041762389, 52.17903740521376], [5.118132491318898, 52.17907444150504], [5.118178108017217, 52.179110685927306], [5.118226903625951, 52.179145903960794], [5.118278499429492, 52.179179861052816], [5.118332531275504, 52.17921233167202], [5.118388620497104, 52.179243072279], [5.118446402990843, 52.179271848355754], [5.11850551465061, 52.17929842538496], [5.118565603553231, 52.17932297333487], [5.11862657445066, 52.17934674130992], [5.118688324133142, 52.17936987288109], [5.118750837708425, 52.17939241295289], [5.118814012616207, 52.179414397242745], [5.118877819236044, 52.179435888597865], [5.118942198814936, 52.17945693182337], [5.11900707797955, 52.179477571691336], [5.119072397977206, 52.179497853007234], [5.119138100001098, 52.17951782956438], [5.11920412524493, 52.17953755515628], [5.119270429684764, 52.17955705664631], [5.119336925219611, 52.17957639674958], [5.119403567663954, 52.17959562929329], [5.119470312994375, 52.17961478114112], [5.1195370731105, 52.179633915008644], [5.119603789260816, 52.179653075702504], [5.119670431881167, 52.17967231708318], [5.119736913033405, 52.179691674903474], [5.119747144054169, 52.17969469105936], [5.120534384516673, 52.17905541630946], [5.122481613162411, 52.17984638573776]]]}}, {"type": "Feature", "id": "58553", "properties": {"OBJECTID": "58553", "LOCATIEGROEP_ID": "nl.imow-pv26.gebiedengroep.003000000000000000000811", "SYMBOOL_CODE": "vsgt114", "GROEP": "aardkundig waardevol gebied", "9e750651-8e97-4bc6-b09e-fc30b5f3e83c_id": "9214", "LOCATIE_ID": "nl.imow-pv26.gebied.003000000000000000000811e116907", "DOCUMENT_URL": "https://omgevingsbeleid.provincie-utrecht.nl/home?d=/akn/nl/act/pv26/2022/omgevingsverordening/nld@1089&o=", "NAAM": "Gebied aardkundige waarden", "TYPE": "erfgoed", "LOCATIEGROEP_NAAM": "Gebied aardkundige waarden", "LOCATIE_NAAM": null}, "geometry": {"type": "Polygon", "coordinates": [[[5.485895828525573, 52.11238621604416], [5.485992710410214, 52.11254695699482], [5.485987588964268, 52.11279867914091], [5.485743982549529, 52.113057593868064], [5.484808348801878, 52.113666699125915], [5.484331515943545, 52.113740507583195], [5.483957185697603, 52.11395757941477], [5.483747485861445, 52.113998862722816], [5.483182118025839, 52.113991038249814], [5.482979910041638, 52.113850316172766], [5.483076406246224, 52.113685595502986], [5.483733909360369, 52.113122193763154], [5.4842499636522275, 52.11280012488672], [5.484777490578894, 52.11253398551273], [5.485691319858711, 52.11234792773063], [5.485895828525573, 52.11238621604416]]]}}, {"type": "Feature", "id": "58554", "properties": {"OBJECTID": "58554", "LOCATIEGROEP_ID": "nl.imow-pv26.gebiedengroep.003000000000000000000811", "SYMBOOL_CODE": "vsgt114", "GROEP": "aardkundig waardevol gebied", "9e750651-8e97-4bc6-b09e-fc30b5f3e83c_id": "9215", "LOCATIE_ID": "nl.imow-pv26.gebied.003000000000000000000811e116899", "DOCUMENT_URL": "https://omgevingsbeleid.provincie-utrecht.nl/home?d=/akn/nl/act/pv26/2022/omgevingsverordening/nld@1089&o=", "NAAM": "Gebied aardkundige waarden", "TYPE": "erfgoed", "LOCATIEGROEP_NAAM": "Gebied aardkundige waarden", "LOCATIE_NAAM": null}, "geometry": {"type": "Polygon", "coordinates": [[[5.354705716238205, 52.10267945141545], [5.353929140446167, 52.10273513223463], [5.353756963323196, 52.10274772087893], [5.3535254508601025, 52.102786132933765], [5.352863565474192, 52.10289576732505], [5.352447084294296, 52.102950984983096], [5.352006677393567, 52.10300955557463], [5.351430071963143, 52.10311274485331], [5.351160681404994, 52.10316771469506], [5.350871013730615, 52.103226605458886], [5.350853065940668, 52.10313054513023], [5.350834681956324, 52.10303251629005], [5.3511515959818725, 52.10284919496524], [5.351561858669781, 52.102575184966085], [5.352008671152125, 52.102495550049106], [5.352640676202918, 52.10240473262235], [5.352925314595907, 52.102366059063456], [5.353478620981403, 52.10229094335052], [5.354148550193056, 52.10208524391885], [5.354589378902146, 52.10209267336035], [5.354837494440194, 52.10209723541301], [5.355545322219294, 52.102155003848466], [5.355955352369885, 52.10216747120722], [5.356177245065559, 52.10216584875979], [5.357144834925302, 52.10221271893801], [5.357665974953651, 52.10214375915331], [5.35846576463871, 52.102121485738955], [5.358741707248919, 52.10211340917713], [5.358595647897997, 52.102281611536945], [5.358587643538299, 52.10231419113029], [5.358501909494343, 52.102659085160184], [5.358460946598188, 52.10287732200361], [5.358085385629558, 52.102794369916055], [5.357572342375909, 52.10268132644604], [5.35707314425687, 52.10266800619367], [5.356679075245374, 52.10265750622336], [5.355841227013861, 52.102634817413204], [5.354705716238205, 52.10267945141545]]]}}, {"type": "Feature", "id": "58555", "properties": {"OBJECTID": "58555", "LOCATIEGROEP_ID": "nl.imow-pv26.gebiedengroep.003000000000000000000811", "SYMBOOL_CODE": "vsgt114", "GROEP": "aardkundig waardevol gebied", "9e750651-8e97-4bc6-b09e-fc30b5f3e83c_id": "9216", "LOCATIE_ID": "nl.imow-pv26.gebied.003000000000000000000811e116963", "DOCUMENT_URL": "https://omgevingsbeleid.provincie-utrecht.nl/home?d=/akn/nl/act/pv26/2022/omgevingsverordening/nld@1089&o=", "NAAM": "Gebied aardkundige waarden", "TYPE": "erfgoed", "LOCATIEGROEP_NAAM": "Gebied aardkundige waarden", "LOCATIE_NAAM": null}, "geometry": {"type": "Polygon", "coordinates": [[[4.8667718659214945, 52.21998388735024], [4.866415922098516, 52.220134008749916], [4.866015132367921, 52.22021819307101], [4.865690467027676, 52.220166202617726], [4.865392696234727, 52.22003456169615], [4.86529487822205, 52.219958657385774], [4.865235000631332, 52.21986952855928], [4.865190137293028, 52.21979917904791], [4.865098697674191, 52.21980344864935], [4.864961313344175, 52.21983091078083], [4.864816359899338, 52.21985364754768], [4.864595378840623, 52.2198667002672], [4.864451302829849, 52.219814624452745], [4.864353256227952, 52.21973468273425], [4.864224469200715, 52.219677982586404], [4.864278476938963, 52.219617426946115], [4.864423375157777, 52.21959935536198], [4.86455520643777, 52.21959364718189], [4.864652293283861, 52.21955827758091], [4.86458425966804, 52.21951588582391], [4.86446238353822, 52.21952002025646], [4.864256348084638, 52.21955652522865], [4.864005011867733, 52.21956008594424], [4.863976372420482, 52.21940562631527], [4.864128905391475, 52.219235781770045], [4.8644507716942265, 52.219211294349925], [4.864658748729686, 52.219242423263516], [4.8648839120382, 52.21928803555745], [4.865098376927208, 52.21918141549986], [4.865373484279185, 52.21909844973521], [4.8655557838217565, 52.21913667199051], [4.865622011153089, 52.21933339695562], [4.8656916582187115, 52.21960558214662], [4.865640441841987, 52.21981038998363], [4.8657601759183695, 52.21989056118926], [4.865886430495384, 52.21993253513937], [4.866189635432897, 52.21994118020574], [4.866407571458297, 52.21987938719843], [4.866590764074211, 52.21984277779492], [4.866728475106432, 52.219787263702294], [4.866904043147072, 52.21975062021635], [4.867041822802987, 52.219690423320415], [4.8671721418118015, 52.2196161721573], [4.867340946990677, 52.21965486252027], [4.867532622707203, 52.219698803382066], [4.867688451722635, 52.21974471642348], [4.8678500487443115, 52.21974401595774], [4.867940660795297, 52.21966631772644], [4.868062482562249, 52.21966685321765], [4.868154520918793, 52.219611136718854], [4.867895778750486, 52.219595969170754], [4.867774338875384, 52.219562691950216], [4.867805717369693, 52.219483322204454], [4.86794609634112, 52.21944476977155], [4.868220817756163, 52.21939336150159], [4.868472302457127, 52.219376930659216], [4.868685207213058, 52.21933199080304], [4.868895764649941, 52.21930513308059], [4.8692103949120416, 52.21926090826169], [4.8696102982704605, 52.21925301724512], [4.86987984099009, 52.21920245426395], [4.870216136246457, 52.21920919365705], [4.87047402561078, 52.21918167743865], [4.87062838364916, 52.21911979624031], [4.870868559469475, 52.219092785909936], [4.871143153469347, 52.21905189522871], [4.871335532335833, 52.21899727972931], [4.871658382891371, 52.21894539957333], [4.871835711747151, 52.21892161826433], [4.8719231499831395, 52.2189822192505], [4.871692711814794, 52.21915425941297], [4.871424535874469, 52.219298073851995], [4.871012330113366, 52.21938513735153], [4.870829468172637, 52.21939369455668], [4.870661893569659, 52.21939763559376], [4.870455444434752, 52.219471566540484], [4.870158858513008, 52.21943752539523], [4.8699154584042175, 52.21941307293609], [4.8696642466094495, 52.21940729873348], [4.86945115014444, 52.21939700833766], [4.8693287708466, 52.2194432453124], [4.869251819001941, 52.219513059125966], [4.868931248905102, 52.21957713043317], [4.868679150955026, 52.21964617523466], [4.868411397882869, 52.21975257671437], [4.868121658189148, 52.2197840380055], [4.8680628308629545, 52.21985926956111], [4.867891636143433, 52.21995139885858], [4.867716713027332, 52.21999172273432], [4.8674349323638335, 52.219935359782106], [4.867069926964662, 52.21989166227901], [4.8667718659214945, 52.21998388735024]]]}}, {"type": "Feature", "id": "58556", "properties": {"OBJECTID": "58556", "LOCATIEGROEP_ID": "nl.imow-pv26.gebiedengroep.003000000000000000000811", "SYMBOOL_CODE": "vsgt114", "GROEP": "aardkundig waardevol gebied", "9e750651-8e97-4bc6-b09e-fc30b5f3e83c_id": "9217", "LOCATIE_ID": "nl.imow-pv26.gebied.003000000000000000000811e116845", "DOCUMENT_URL": "https://omgevingsbeleid.provincie-utrecht.nl/home?d=/akn/nl/act/pv26/2022/omgevingsverordening/nld@1089&o=", "NAAM": "Gebied aardkundige waarden", "TYPE": "erfgoed", "LOCATIEGROEP_NAAM": "Gebied aardkundige waarden", "LOCATIE_NAAM": null}, "geometry": {"type": "Polygon", "coordinates": [[[5.244282926437663, 52.02021294683498], [5.244441448078857, 52.02070696500338], [5.245427861582006, 52.0217227991083], [5.247724004990979, 52.0230526723975], [5.25019198931607, 52.02394907719076], [5.2525138410694225, 52.02471648126396], [5.253872210480132, 52.0255575346269], [5.254358115651988, 52.02687091564014], [5.254588230722716, 52.02829028240258], [5.25439428580373, 52.029039035144706], [5.2531563130375405, 52.02985756602994], [5.251897680701434, 52.030447429348904], [5.251694225634252, 52.03103653755334], [5.250488784332882, 52.03251662995502], [5.24832275724554, 52.03389682050242], [5.246315487910647, 52.03567221539498], [5.245001947487056, 52.03710839441758], [5.244433981911728, 52.038005395385305], [5.244222949524796, 52.039027725737], [5.242662603057875, 52.04033721466675], [5.2413922939447835, 52.041265011415845], [5.24142469142775, 52.04183534675762], [5.239726337824325, 52.04311715798299], [5.2384705269912155, 52.04392968663788], [5.237013805046712, 52.04459016396901], [5.235761876148467, 52.045081173191306], [5.234422753765443, 52.045421523403505], [5.2323964201721145, 52.046304243667684], [5.231154504911327, 52.04682577655529], [5.231153033551307, 52.04724834111439], [5.232947119683187, 52.047492167652216], [5.233794178671757, 52.04791583044938], [5.233310414144051, 52.04827461597134], [5.232640151130849, 52.04825627521844], [5.231781635647606, 52.04806886815634], [5.231140428631297, 52.04765310346025], [5.229540499036201, 52.04710776076046], [5.229300744181667, 52.04695929799475], [5.229398999817814, 52.04636591834075], [5.229705186058476, 52.045824030751], [5.231149026419508, 52.04518397583501], [5.233722923287646, 52.04411466106485], [5.235857903347537, 52.04332534485917], [5.237247720160845, 52.04256673641093], [5.238609258960239, 52.04153929556316], [5.240184968420175, 52.03994075017261], [5.241550558716384, 52.03867513114833], [5.243191633305924, 52.03601412308567], [5.246069134967482, 52.03339925809049], [5.248859807886394, 52.031160022348395], [5.249402499348664, 52.03017955096127], [5.2517819042470615, 52.0285181222774], [5.25207926206086, 52.02792257804189], [5.251866280089693, 52.02708611470922], [5.2512283827392485, 52.02624587178497], [5.249546408393852, 52.0248681339146], [5.248387817176846, 52.0239950794544], [5.246595816955099, 52.02313629658268], [5.245885237863998, 52.02259823513196], [5.24432861261725, 52.02155333956514], [5.243294390557394, 52.02019042396002], [5.244282926437663, 52.02021294683498]]]}}, {"type": "Feature", "id": "58557", "properties": {"OBJECTID": "58557", "LOCATIEGROEP_ID": "nl.imow-pv26.gebiedengroep.003000000000000000000811", "SYMBOOL_CODE": "vsgt114", "GROEP": "aardkundig waardevol gebied", "9e750651-8e97-4bc6-b09e-fc30b5f3e83c_id": "9218", "LOCATIE_ID": "nl.imow-pv26.gebied.003000000000000000000811e116972", "DOCUMENT_URL": "https://omgevingsbeleid.provincie-utrecht.nl/home?d=/akn/nl/act/pv26/2022/omgevingsverordening/nld@1089&o=", "NAAM": "Gebied aardkundige waarden", "TYPE": "erfgoed", "LOCATIEGROEP_NAAM": "Gebied aardkundige waarden", "LOCATIE_NAAM": null}, "geometry": {"type": "Polygon", "coordinates": [[[5.2926759557878285, 52.25342827100419], [5.291714469911395, 52.25363024539024], [5.28952174904648, 52.2537759093041], [5.288379763246945, 52.25410672694345], [5.287087050886818, 52.2546770201872], [5.285734244549198, 52.25524724773411], [5.284291076341291, 52.25590954182551], [5.283509156648498, 52.25635121044064], [5.282996937805665, 52.25705116854437], [5.282935121965473, 52.25779389938895], [5.28272314646323, 52.25853097913235], [5.282961367279136, 52.25941590912237], [5.2831999417357896, 52.260153376520364], [5.283708511645804, 52.261038542002474], [5.2841869463663915, 52.261978962638224], [5.28499566040183, 52.26299340243671], [5.284965025355315, 52.26325141458337], [5.2858935637631665, 52.26443183847543], [5.286432670531106, 52.26515112158267], [5.286881701433197, 52.26585190989903], [5.287571409976242, 52.26640543715176], [5.288141254564545, 52.26682984084961], [5.289281300430615, 52.267531187108105], [5.290061310026391, 52.26802948164044], [5.290030540078801, 52.268361221255184], [5.289489612756372, 52.268434502489214], [5.288648368236459, 52.268452238939226], [5.2881943605275525, 52.2682790615509], [5.28769983160338, 52.26775334871315], [5.286979712687821, 52.26735186041645], [5.285855802740082, 52.26617588934703], [5.285182020466582, 52.26523529904144], [5.2844859114325855, 52.26422556947185], [5.283564821897609, 52.26309123020862], [5.282150072323068, 52.26113393112967], [5.28129658890147, 52.2600411030043], [5.28096097535499, 52.25907314322312], [5.280715198112551, 52.25822967188578], [5.280739804940256, 52.25735880607382], [5.280763387254325, 52.25691646716901], [5.280854676848033, 52.25641889631814], [5.280946261029213, 52.2557969168596], [5.281217626793844, 52.255354799978974], [5.281380116157144, 52.25491166837124], [5.281860948155616, 52.25478307789353], [5.283753799285497, 52.254471407009646], [5.285319986687548, 52.254169563215065], [5.286131447934246, 52.25392143249846], [5.2892637806954035, 52.25328818114363], [5.290187505258904, 52.25319217061158], [5.29115581150558, 52.25330355502562], [5.292439792657143, 52.25326312050087], [5.2926759557878285, 52.25342827100419]]]}}, {"type": "Feature", "id": "58566", "properties": {"OBJECTID": "58566", "LOCATIEGROEP_ID": "nl.imow-pv26.gebiedengroep.003000000000000000000811", "SYMBOOL_CODE": "vsgt114", "GROEP": "aardkundig waardevol gebied", "9e750651-8e97-4bc6-b09e-fc30b5f3e83c_id": "9219", "LOCATIE_ID": "nl.imow-pv26.gebied.003000000000000000000811e116844", "DOCUMENT_URL": "https://omgevingsbeleid.provincie-utrecht.nl/home?d=/akn/nl/act/pv26/2022/omgevingsverordening/nld@1089&o=", "NAAM": "Gebied aardkundige waarden", "TYPE": "erfgoed", "LOCATIEGROEP_NAAM": "Gebied aardkundige waarden", "LOCATIE_NAAM": null}, "geometry": {"type": "Polygon", "coordinates": [[[5.487378887437357, 52.02036181600979], [5.487784367333612, 52.02059150280903], [5.488606745295225, 52.020960154174126], [5.489284496842216, 52.02109270854103], [5.489885004425701, 52.02119189068887], [5.490638587905371, 52.02133420398968], [5.49057952644056, 52.021586768377816], [5.4904930027627765, 52.02196602652158], [5.490295119386574, 52.02214062383294], [5.489201713747609, 52.0218261575874], [5.488469534253523, 52.021486904791544], [5.487365276157005, 52.02107560173919], [5.487214080424681, 52.02097118061988], [5.48650972445045, 52.02068325907113], [5.4853930923577545, 52.02039832101561], [5.484272708335779, 52.02031132997838], [5.483399983577461, 52.02032103578301], [5.483138773329488, 52.02037069301527], [5.482776744300899, 52.02043923487152], [5.482101095149765, 52.0206383661327], [5.481237523459924, 52.0207848388015], [5.4805225606995736, 52.02091657250707], [5.479817403039161, 52.02094493967946], [5.479512802303746, 52.02082665295326], [5.480061604916962, 52.02069926325129], [5.4806878840338245, 52.020615338868446], [5.481426401335538, 52.020540039687624], [5.481978444157308, 52.02044718879926], [5.482342422036018, 52.02033537897841], [5.482878149521661, 52.02017035342479], [5.482907267316099, 52.02016134158621], [5.482789136695382, 52.02006172345459], [5.482343729373313, 52.01998428369739], [5.482093919150552, 52.01994094720587], [5.481726889692592, 52.02000697320094], [5.481667771161416, 52.02024857665862], [5.481299088720385, 52.020292123338585], [5.481177882941144, 52.020134928114636], [5.4786288668862255, 52.02036782610889], [5.477980665457366, 52.020417763385005], [5.477386269104622, 52.02039771020673], [5.477098985383347, 52.02027912530527], [5.477327353446069, 52.020079521806004], [5.477936126553044, 52.02000714825952], [5.480372886723215, 52.01976537516942], [5.4813661818663855, 52.01961627926397], [5.480943217469586, 52.019386296676075], [5.4799747600721505, 52.018781490156385], [5.480169521067533, 52.018627414514114], [5.480450722565006, 52.01866679338477], [5.481052805351577, 52.01877782076002], [5.482535283272093, 52.019290640453086], [5.482659366072392, 52.01929980647949], [5.4834677991017795, 52.019359250583065], [5.484326061906107, 52.01940714315622], [5.485092449609025, 52.01949077093555], [5.485626231344217, 52.019695362255185], [5.486422066588702, 52.0199157470312], [5.486652498198081, 52.0200478485035], [5.487378887437357, 52.02036181600979]]]}}, {"type": "Feature", "id": "58558", "properties": {"OBJECTID": "58558", "LOCATIEGROEP_ID": "nl.imow-pv26.gebiedengroep.003000000000000000000811", "SYMBOOL_CODE": "vsgt114", "GROEP": "aardkundig waardevol gebied", "9e750651-8e97-4bc6-b09e-fc30b5f3e83c_id": "9221", "LOCATIE_ID": "nl.imow-pv26.gebied.003000000000000000000811e116796", "DOCUMENT_URL": "https://omgevingsbeleid.provincie-utrecht.nl/home?d=/akn/nl/act/pv26/2022/omgevingsverordening/nld@1089&o=", "NAAM": "Gebied aardkundige waarden", "TYPE": "erfgoed", "LOCATIEGROEP_NAAM": "Gebied aardkundige waarden", "LOCATIE_NAAM": null}, "geometry": {"type": "Polygon", "coordinates": [[[5.0016794956732715, 51.976368410014814], [5.001519903706184, 51.9764432177394], [5.001390393213735, 51.97651996646962], [5.0012940250316325, 51.97658800625697], [5.001213222187084, 51.9766552521241], [5.001123659884427, 51.97663421340206], [5.001034083189176, 51.97661316557607], [5.0008153894743845, 51.97656383916661], [5.0005966963188655, 51.97651450336264], [5.000328051362235, 51.97645687754728], [5.000051128382572, 51.97640061706415], [4.999784687118366, 51.976350888953185], [4.9995474579215555, 51.97631286931418], [4.999327938692967, 51.976302160000614], [4.999108119853468, 51.976324427246674], [4.99889713790269, 51.976369948928344], [4.9987040859935385, 51.97642899385388], [4.998538071923513, 51.97649184890965], [4.998408218414639, 51.97654878309093], [4.998293396945191, 51.976606000503786], [4.998197956159854, 51.97659670576664], [4.99810251541432, 51.976587410952014], [4.997892673849189, 51.97656496531737], [4.997632150972308, 51.97653445085072], [4.9973400814941575, 51.97649640698716], [4.997035687644086, 51.97645134663853], [4.996738104019406, 51.97639980957868], [4.996466523486971, 51.976342317990294], [4.996211717868853, 51.976280621069854], [4.995947173110001, 51.9762142532673], [4.995666146133362, 51.976140396729], [4.995361893911693, 51.97605624251933], [4.995027673571569, 51.97595898162144], [4.994656742427535, 51.97584580492194], [4.994242358103532, 51.9757138942038], [4.993777763715655, 51.97556045802676], [4.99330228874179, 51.975385151069425], [4.9928649022246585, 51.97519696378972], [4.992473408553794, 51.97500707723851], [4.9921356117259155, 51.97482665454682], [4.991859300685801, 51.974666867808494], [4.991652293076499, 51.97453890717608], [4.991477314097536, 51.97442312514108], [4.991418957652944, 51.974359912085006], [4.991360601293367, 51.97429670798758], [4.991224151310527, 51.97415578014082], [4.991044029538604, 51.97397823967951], [4.990826525211686, 51.97377549572877], [4.9905779420174206, 51.97355894848187], [4.990304554322873, 51.97333998907212], [4.9900126650670025, 51.973130026747526], [4.989710881069154, 51.97294813660498], [4.989411391881066, 51.97280316829175], [4.989125917496837, 51.97269123360147], [4.988866120044921, 51.97260840828818], [4.988643719716921, 51.972550795356725], [4.9884703787873255, 51.972514479697786], [4.988350918276504, 51.97249406692723], [4.988262634387138, 51.972478163995326], [4.988117573695854, 51.97243989436375], [4.988020699123298, 51.97240976962115], [4.987912616682154, 51.97237169708137], [4.987797084975433, 51.972325249045504], [4.987677877557025, 51.97226995293673], [4.9875679246049405, 51.97220993333727], [4.9874748924491525, 51.97214881162806], [4.987394687594115, 51.97208540546447], [4.98732314364937, 51.97201855021405], [4.987256152623152, 51.971947063453555], [4.987189606473693, 51.9718697717372], [4.987115431539731, 51.97178141643525], [4.98704127136996, 51.97169307012322], [4.98694174331976, 51.97160173425868], [4.986817680629618, 51.971521693989736], [4.986680737821087, 51.97145321361692], [4.986542554522621, 51.971396584401525], [4.986414785165639, 51.97135206175541], [4.986309098534572, 51.97131991916478], [4.986210561116988, 51.971293885908665], [4.986176519318886, 51.971232299039286], [4.98614247753367, 51.971170721147566], [4.986058071111576, 51.97102257619322], [4.985973665326089, 51.970874422187705], [4.98586809771948, 51.97069566274635], [4.985757281735534, 51.97051480001614], [4.985647876254207, 51.97034554586118], [4.985546510578478, 51.970201639035835], [4.985422931666722, 51.970076387852664], [4.985254922247224, 51.969956323807224], [4.985061266977441, 51.96984499836463], [4.9848607503172175, 51.96974595409784], [4.984672112662768, 51.9696627515278], [4.984514138121578, 51.96959892447837], [4.98440305121328, 51.96955457355877], [4.984316706983419, 51.96948387271231], [4.984214625898301, 51.9693911685138], [4.984136995652147, 51.96933380902637], [4.984039111900345, 51.96927126575723], [4.983919068265312, 51.969205176977475], [4.983794507375199, 51.96913332907219], [4.983682814935758, 51.969052941353745], [4.983581700196903, 51.968964689110116], [4.9834889450043, 51.96886926584385], [4.983402243898449, 51.96876736474868], [4.983319364267853, 51.96865967027215], [4.983237685888767, 51.9685446633941], [4.983156007927713, 51.968429656457815], [4.98305667934972, 51.96831784259598], [4.9829327857292895, 51.968220801884634], [4.982795982646198, 51.968138583296515], [4.982657911171393, 51.96807121782433], [4.9825302266034655, 51.96801876352798], [4.98242459907407, 51.9679812426138], [4.982326107643595, 51.967951170485435], [4.98231882718626, 51.96786939695999], [4.982311546755104, 51.96778762343318], [4.9823042663500745, 51.96770584990496], [4.982296971419971, 51.96762407632538], [4.982289691067222, 51.96754230279445], [4.982282410740597, 51.96746052926215], [4.982275130440046, 51.96737875572851], [4.982267850165674, 51.96729698219345], [4.98218070765263, 51.96717529541958], [4.982093580162439, 51.96705360862967], [4.982006438512004, 51.9669319307115], [4.981919311965445, 51.9668102437893], [4.981832185890736, 51.9666885568009], [4.98174504573691, 51.966566869696244], [4.9816579206058265, 51.96644518257557], [4.981570795865262, 51.96632350437675], [4.981428102657645, 51.96613721540513], [4.981285410633039, 51.96595092625671], [4.981142719710239, 51.96576464591946], [4.9810000300516855, 51.96557835641745], [4.980857341494854, 51.965392075726655], [4.980714654202292, 51.96520578587106], [4.98057196801136, 51.96501950482674], [4.980429297635022, 51.964833214667884], [4.980336794133658, 51.96486261909515], [4.980244290429797, 51.96489203243742], [4.980151786686264, 51.964921436718676], [4.980059282821712, 51.96495084092693], [4.9799667787545, 51.96498025405018], [4.97987427464773, 51.965009658112436], [4.979781770419935, 51.96503906210164], [4.979689266071017, 51.96506846601787], [4.979594567456142, 51.96489720762274], [4.979499884031028, 51.964725958186406], [4.979405186858374, 51.96455469963204], [4.979310490406935, 51.96438344099799], [4.979215809226686, 51.96421218233483], [4.979121114217489, 51.96404092354158], [4.979026434479348, 51.963869664719134], [4.978931740912298, 51.96369840576661], [4.9788986806921995, 51.96364100863812], [4.9788539886983205, 51.96356669111141], [4.978809296852168, 51.96349237356708], [4.978743819711527, 51.9633901111427], [4.978678328318949, 51.963287848630216], [4.978601840065675, 51.96317568772786], [4.978520469962302, 51.96306279973983], [4.978407365479514, 51.96295321698302], [4.978247209224467, 51.96284973541271], [4.978059168937226, 51.962754992148675], [4.977862368796105, 51.96267158829741], [4.977675961542874, 51.96260216113862], [4.9775191145607085, 51.96254932115747], [4.977370653768799, 51.96250389855915], [4.977292800795983, 51.96241103888915], [4.977198812923506, 51.96230217769844], [4.97710481095697, 51.962193316380684], [4.97699086875693, 51.96206615719325], [4.976875022739628, 51.96194201131957], [4.97676582578352, 51.96183227878924], [4.9766717866867065, 51.96174838647505], [4.976569351631045, 51.96167893593896], [4.976437983116599, 51.9616072900217], [4.976290830867915, 51.96153699100314], [4.976140986531873, 51.96147155405027], [4.976001599579431, 51.96141452156184], [4.975885790526564, 51.96136940893143], [4.97577738728753, 51.96132907689536], [4.975728893737141, 51.96126078498102], [4.975665981833098, 51.961178196156276], [4.975603084709335, 51.961095607348], [4.97552041743414, 51.9609953052927], [4.975429503852352, 51.96089310474814], [4.97533402931037, 51.96079646989748], [4.975237679305438, 51.9607128379712], [4.975106389703859, 51.96064422886636], [4.974918775530618, 51.96058719691311], [4.9746975697799645, 51.960540994630094], [4.9744655636663415, 51.9605048568887], [4.974245518808874, 51.96047806356646], [4.9740601390095565, 51.96045984956332], [4.973972353267073, 51.960453006753156], [4.97388455291994, 51.96044617281445], [4.97379336863362, 51.96037863791109], [4.973702184704449, 51.960311093948754], [4.973611000966848, 51.96024355890328], [4.973519817586322, 51.96017601479877], [4.973360283578842, 51.96005466891396], [4.9732007358850465, 51.95993332276041], [4.9730469284652985, 51.95981278756504], [4.972912137041861, 51.95970333879069], [4.972782546249237, 51.95960585363267], [4.972642388194486, 51.95951681604961], [4.972500262708731, 51.95943764950644], [4.9723647263912305, 51.9593697234266], [4.972244407939556, 51.9593144704449], [4.972147820207721, 51.95927325990026], [4.9720602650125345, 51.95923861564674], [4.971911595885789, 51.95913726912475], [4.971762927596569, 51.959035904438096], [4.9716142598124025, 51.958934557538754], [4.971465592782707, 51.95883320146273], [4.971326914290882, 51.958803301571706], [4.971188235984222, 51.95877340151721], [4.971049557862734, 51.95874350129928], [4.970910865294786, 51.9587136098544], [4.970664444257878, 51.958658115673686], [4.970418023748199, 51.958602629964865], [4.970176230240275, 51.95854558718663], [4.969959794795848, 51.958491770769044], [4.96976309535904, 51.95843245123526], [4.969570083376698, 51.958359958617145], [4.9693818476718965, 51.95827924935576], [4.969199492272294, 51.95819519905819], [4.969024105813128, 51.958112764178196], [4.9688567627988, 51.958036847195125], [4.968698595766858, 51.9579723597883], [4.968550635354965, 51.957924213278524], [4.96838842070446, 51.95789758777159], [4.9681970393695325, 51.957890929048226], [4.967992163238024, 51.95789919644458], [4.967789450128786, 51.95791730440373], [4.967604542918459, 51.957940221351365], [4.967453070647067, 51.957962852838364], [4.96731312077159, 51.95798702630503], [4.967208909770479, 51.957907701010036], [4.967104699137517, 51.95782837562224], [4.967000474324831, 51.95774905008962], [4.966896264428291, 51.95766972451615], [4.9667920549000035, 51.95759039884984], [4.966687845739856, 51.957511073090735], [4.96658362231589, 51.957431756174735], [4.966479413976398, 51.957352421241936], [4.96658778324282, 51.95734166326158], [4.9666961379097865, 51.95733090512931], [4.966804492609236, 51.95732013790911], [4.966912861720691, 51.95730937962893], [4.967116015173484, 51.95729060063463], [4.967319183089141, 51.957271812353056], [4.967525330207357, 51.95725490391723], [4.967731491803047, 51.957237986183685], [4.967978519235138, 51.957217959960694], [4.968225546364391, 51.95719794220643], [4.968546303829214, 51.95717167881616], [4.968867075468907, 51.95714541460218], [4.969210203360433, 51.95711957949618], [4.969550655082511, 51.957096753959874], [4.969875289271345, 51.95707897668481], [4.970170906360773, 51.95706829528527], [4.970498492513461, 51.957056881488434], [4.970908469278533, 51.957037156558876], [4.971384098792581, 51.957009887397476], [4.971859742281832, 51.95698261636295], [4.972263949116635, 51.95695741043691], [4.972668140953675, 51.95693220306964], [4.973072346888265, 51.95690699436371], [4.973476537742239, 51.95688179320469], [4.973782153853743, 51.95686722798429], [4.974188506340419, 51.95685208988994], [4.9746587622340295, 51.9568376329139], [4.975129017747426, 51.95682318304505], [4.975421796217306, 51.95681553453219], [4.975714559959396, 51.95680789422739], [4.976007323686207, 51.95680024420558], [4.976300101862828, 51.956792593505554], [4.976291462757785, 51.956860685687246], [4.97628280899627, 51.956928786804795], [4.976276732993224, 51.956990227603924], [4.976270656891007, 51.957051677390226], [4.976267617737868, 51.957110342421835], [4.976264578494371, 51.957169016440915], [4.976244607045103, 51.957222705719886], [4.976191889801662, 51.95727930965053], [4.976115860205747, 51.9573381420899], [4.97602590768926, 51.95739856168855], [4.975931436612577, 51.957459891216914], [4.97584183667933, 51.95752147139871], [4.9757665413756405, 51.95758263415056], [4.975714925969185, 51.95764272019409], [4.975701043503025, 51.95770816940162], [4.975727670815061, 51.95778397101879], [4.975787297710664, 51.957867321367004], [4.975872457692232, 51.957955407914994], [4.9759756260939225, 51.95804540894151], [4.976089336117794, 51.95813452990809], [4.97620609219392, 51.95821993125882], [4.976318398170978, 51.958298827394565], [4.97642454795511, 51.958377998539326], [4.976528381160657, 51.95846552960881], [4.97663063379034, 51.95856048839398], [4.976732085487417, 51.958661942835526], [4.976833829146377, 51.95877129892233], [4.976935587848973, 51.95888065497079], [4.9770402761938515, 51.95899744547928], [4.977144965000817, 51.95911424488122], [4.977255128810223, 51.95922900494453], [4.977371001789485, 51.95933520096337], [4.977492214049342, 51.95943350575574], [4.977618380740149, 51.959524637029624], [4.977749117257906, 51.959609285529936], [4.977884053630069, 51.95968813306528], [4.978022775994729, 51.95976188825772], [4.978164943400031, 51.95983124200764], [4.978384806962867, 51.95993218083985], [4.978604686063811, 51.96003311931117], [4.97892189308109, 51.960178051345295], [4.97923911661521, 51.9603229915614], [4.979571286867885, 51.96047726761559], [4.979903459405201, 51.960631542730546], [4.980195363368517, 51.96077116149304], [4.980432945507351, 51.9608894602298], [4.980682849224927, 51.96102416874688], [4.981007488225074, 51.9612079142698], [4.9813799647134545, 51.96142432558718], [4.981773350631764, 51.96165707658245], [4.982160717296092, 51.96188979653313], [4.9825151636887535, 51.962106151120466], [4.982809744318848, 51.962289788205894], [4.983017556753197, 51.96242434701338], [4.983190869652998, 51.96253657690805], [4.983393392218335, 51.96266097808081], [4.983620265354734, 51.96279428893711], [4.983847139839067, 51.96292759935462], [4.984054594370311, 51.96304597614939], [4.984262064545808, 51.963164352627125], [4.984469535735367, 51.963282737726], [4.9846769935503925, 51.96340111342029], [4.984847381839808, 51.963489871392106], [4.98504035841517, 51.96357638734911], [4.985245378972081, 51.96366014877659], [4.985451927971349, 51.96374067029003], [4.985649504578234, 51.96381743966286], [4.985827549519137, 51.96388996251527], [4.985975576203152, 51.96395774477212], [4.986083039946281, 51.96402027421815], [4.986163746502394, 51.96408433924253], [4.986238727014155, 51.96415580902391], [4.986308405346355, 51.964232842417694], [4.986373176411153, 51.96431358020261], [4.986433406089724, 51.964396154068645], [4.986489503824897, 51.96447870484139], [4.986540178494218, 51.964557533942916], [4.98659085334125, 51.96463636302198], [4.986653758262016, 51.96471437083927], [4.986743294622873, 51.964798518388065], [4.9868531021663385, 51.9648873728033], [4.986976791245077, 51.964979528095824], [4.987108537613483, 51.96507380492661], [4.987240284535303, 51.96516808160916], [4.987367353021071, 51.965261641156204], [4.987482773226985, 51.96535284201232], [4.987589877296894, 51.96546456173394], [4.987695522465178, 51.96561274188428], [4.987798679420103, 51.96578553240753], [4.9878983623695365, 51.965971083400056], [4.987990738318239, 51.96615207941239], [4.988083129561123, 51.96633307539759], [4.988166183336469, 51.966485825405655], [4.988241644084113, 51.966603944702555], [4.988356090325432, 51.96671363926182], [4.988543299392641, 51.96684401963053], [4.988783024983563, 51.966987583589464], [4.989055049607535, 51.96713682909097], [4.9893391117167925, 51.967284254086024], [4.989614992887233, 51.96742236584565], [4.989838106227774, 51.96753150029242], [4.990061235205159, 51.96764063436445], [4.990246385398628, 51.96773496201746], [4.990458441728175, 51.96784912736333], [4.99068541161784, 51.96797681601855], [4.990915331451129, 51.9681117047923], [4.991136222559717, 51.968247497500485], [4.991336091613438, 51.968377880022935], [4.991503003245993, 51.968496538508425], [4.991624934601429, 51.96859715885826], [4.991714464406416, 51.9686856348659], [4.991792344719104, 51.968771743690546], [4.991858972310784, 51.96885503727457], [4.991914729642859, 51.96893504054353], [4.9919599991026224, 51.969011287406815], [4.991995148452506, 51.96908332070984], [4.992020560012926, 51.96915068334361], [4.992036616269889, 51.96921290022036], [4.99206219065715, 51.96927665908976], [4.992112138241629, 51.969347232017725], [4.992180850088618, 51.969422047470786], [4.992262717145914, 51.96949854290562], [4.992352101522244, 51.96957411973894], [4.992443408449533, 51.96964623347671], [4.992526337442719, 51.969707973530326], [4.992609266585037, 51.9697697225133], [4.992689357324624, 51.96983323261108], [4.9927839492046, 51.96991584641571], [4.992893601716478, 51.97001684670365], [4.99300326919482, 51.97011785592515], [4.993121879695004, 51.970226319312346], [4.993240505241459, 51.970334791615585], [4.993357492011565, 51.97043604971133], [4.993468949414727, 51.97052568531816], [4.993579639461681, 51.9706016470786], [4.99369682849737, 51.9706667186976], [4.993820861995388, 51.97072298659175], [4.993952099919055, 51.97077254621149], [4.994090887777246, 51.970817483967785], [4.994237600205283, 51.9708598863657], [4.99439691201576, 51.970902690171684], [4.994556209578369, 51.97094549371338], [4.994741804807448, 51.97101319239887], [4.994955282703196, 51.97111930076613], [4.995185787837958, 51.971253796519385], [4.99542253722225, 51.971406666666596], [4.995654704039655, 51.97156788017852], [4.9958714610338895, 51.971727415099224], [4.996062009707042, 51.97187524964572], [4.996215522172027, 51.972001361994906], [4.996347729398247, 51.9721275202209], [4.996479364884719, 51.97227597630613], [4.996607118981133, 51.97243741640038], [4.996727696196883, 51.97260255368029], [4.996837801045051, 51.97276208335978], [4.996934123352059, 51.972906700615205], [4.997003165507124, 51.973010357648185], [4.997072208058863, 51.97311400565147], [4.997137087242807, 51.9731776240172], [4.997233599131086, 51.973235307062765], [4.997357234742883, 51.97328844194268], [4.997503456200053, 51.97333838874904], [4.997667739851032, 51.973386543581675], [4.997845562272938, 51.9734342755918], [4.998034660117381, 51.97348413889024], [4.998223743829665, 51.973534001836654], [4.998419993062392, 51.97359003613074], [4.998623342083078, 51.97365144156298], [4.998833600392915, 51.97371669844947], [4.99904387386831, 51.97378195500815], [4.9992573381399685, 51.97384687116576], [4.999470465287658, 51.97390876576393], [4.9996813667944, 51.97396554730642], [4.999888197832564, 51.97401511546627], [5.000104637465821, 51.97405593332887], [5.000340316311285, 51.97408844596394], [5.000587352891665, 51.974113562142115], [5.000837822057341, 51.97413219055151], [5.001083827843811, 51.97414523105384], [5.001317474298282, 51.9741535835766], [5.001530836303019, 51.974158156999756], [5.00171601802455, 51.97415984237173], [5.001941252693785, 51.97415462077562], [5.002260192438007, 51.97413995304615], [5.002660249047891, 51.974117415174476], [5.003060305259295, 51.97409487594178], [5.00346938403754, 51.9740723737602], [5.003878447932488, 51.974049861120044], [5.004219958530248, 51.974035252613795], [5.004476772915355, 51.97403012893963], [5.004742151927396, 51.97402758521001], [5.005107617600948, 51.97401979318457], [5.005558463078208, 51.974007630025774], [5.00600930823913, 51.973995474126625], [5.0064661782897195, 51.97398332700546], [5.006923048097528, 51.97397117810943], [5.0073035464714195, 51.973963427841994], [5.007589983516736, 51.97396094567002], [5.007811513849836, 51.973956428936326], [5.008020328286104, 51.973942819626295], [5.008218664856929, 51.9739222102938], [5.008408790744979, 51.97389669356815], [5.008591025841693, 51.973868023230445], [5.0087732753352086, 51.97383934366895], [5.008952124834849, 51.97381170452385], [5.009131701582489, 51.973787545903214], [5.009316918444648, 51.97377107211284], [5.009505435275122, 51.973763668796344], [5.009688639827101, 51.97376320505427], [5.0098578758554995, 51.97376758585228], [5.010004531109648, 51.97377467140219], [5.010119978441688, 51.97378235785377], [5.010222682996872, 51.97379104600903], [5.010213998416067, 51.97387028571178], [5.010205313728787, 51.97394953440098], [5.010196629085968, 51.97402877410053], [5.010187944336614, 51.97410802278656], [5.010087033066348, 51.9741820144247], [5.009986136016532, 51.974256006021754], [5.009885238558313, 51.974330006519246], [5.009784340842683, 51.97440399794104], [5.0096834427941515, 51.97447798927511], [5.009582529859287, 51.97455198047494], [5.009481631144928, 51.97462597163373], [5.0093807320220085, 51.974699971692885], [5.00929135960942, 51.97471516250577], [5.009201972507226, 51.97473036219193], [5.009007889819873, 51.97476565570887], [5.0087700958297825, 51.97481196278224], [5.008508136877158, 51.97486747649185], [5.008241617462083, 51.97493040822901], [5.007990098638932, 51.97499896042886], [5.007773127073859, 51.975071335643094], [5.00758780958225, 51.97515062568134], [5.007419732781834, 51.975237413355465], [5.007271199913475, 51.975326106485376], [5.007144499309016, 51.9754111667753], [5.00704194886326, 51.9754870110821], [5.006965851808246, 51.9755480741861], [5.006867504861525, 51.975615572835515], [5.006769519882706, 51.975640333368204], [5.006617411528735, 51.975661206635564], [5.006523926959089, 51.975664975941065], [5.006420359521557, 51.97566150395703], [5.0063114259085335, 51.97566095367601], [5.006198621056934, 51.975674097866275], [5.006078199895262, 51.97569975591306], [5.0059463880848565, 51.97573676506683], [5.0057994551632685, 51.97578393573579], [5.0056336413114755, 51.97584010517428], [5.00544518683998, 51.97590409263121], [5.005230360989018, 51.975974735390345], [5.005006408937538, 51.976048790624084], [5.0047963922524215, 51.97612195593767], [5.004617070398103, 51.97618825476721], [5.004437747937618, 51.97625456231027], [5.0043157517266845, 51.9763024683806], [5.004193755178744, 51.9763503833119], [5.004103683287203, 51.97638724761257], [5.003991285147152, 51.97639678671948], [5.0038788868828075, 51.97640633470693], [5.003766488647684, 51.97641587359889], [5.003654090365039, 51.97642541238344], [5.003533906987972, 51.976405821672216], [5.00337767329641, 51.97638271569542], [5.003221425289184, 51.9763596004757], [5.003015582062872, 51.97633236830637], [5.002788660790492, 51.97630554330147], [5.0025496942997725, 51.976281464849464], [5.002307686160507, 51.97626248129865], [5.002076491060584, 51.976267369522866], [5.001866064395919, 51.97630623803378], [5.0016794956732715, 51.976368410014814]]]}}, {"type": "Feature", "id": "58573", "properties": {"OBJECTID": "58573", "LOCATIEGROEP_ID": "nl.imow-pv26.gebiedengroep.003000000000000000000811", "SYMBOOL_CODE": "vsgt114", "GROEP": "aardkundig waardevol gebied", "9e750651-8e97-4bc6-b09e-fc30b5f3e83c_id": "9234", "LOCATIE_ID": "nl.imow-pv26.gebied.003000000000000000000811e116919", "DOCUMENT_URL": "https://omgevingsbeleid.provincie-utrecht.nl/home?d=/akn/nl/act/pv26/2022/omgevingsverordening/nld@1089&o=", "NAAM": "Gebied aardkundige waarden", "TYPE": "erfgoed", "LOCATIEGROEP_NAAM": "Gebied aardkundige waarden", "LOCATIE_NAAM": null}, "geometry": {"type": "Polygon", "coordinates": [[[5.472573400749812, 52.127196404744055], [5.472719909815505, 52.12742864648465], [5.472574482387453, 52.12776119923759], [5.471886526730358, 52.12804888900019], [5.470495630386628, 52.12809065112928], [5.470427788997773, 52.1272264695533], [5.470732414384494, 52.127201788452325], [5.471527033158843, 52.127087074466544], [5.472268824431152, 52.127070236408365], [5.472573400749812, 52.127196404744055]]]}}, {"type": "Feature", "id": "58559", "properties": {"OBJECTID": "58559", "LOCATIEGROEP_ID": "nl.imow-pv26.gebiedengroep.003000000000000000000811", "SYMBOOL_CODE": "vsgt114", "GROEP": "aardkundig waardevol gebied", "9e750651-8e97-4bc6-b09e-fc30b5f3e83c_id": "9222", "LOCATIE_ID": "nl.imow-pv26.gebied.003000000000000000000811e116969", "DOCUMENT_URL": "https://omgevingsbeleid.provincie-utrecht.nl/home?d=/akn/nl/act/pv26/2022/omgevingsverordening/nld@1089&o=", "NAAM": "Gebied aardkundige waarden", "TYPE": "erfgoed", "LOCATIEGROEP_NAAM": "Gebied aardkundige waarden", "LOCATIE_NAAM": null}, "geometry": {"type": "Polygon", "coordinates": [[[4.869461844610994, 52.243292121999225], [4.869103025665877, 52.243486585340555], [4.868911572003389, 52.243683822094106], [4.868621655888463, 52.24373719679256], [4.868023310175178, 52.243522831209305], [4.867401186262898, 52.24343813495413], [4.866868974885198, 52.24327869213806], [4.8665501920863905, 52.24332147266141], [4.866316418184623, 52.243544538874794], [4.8660126362612806, 52.24344386451097], [4.8651577005185676, 52.24308672915105], [4.865559607628085, 52.24297238882173], [4.866075311961911, 52.24263998010061], [4.866487381103375, 52.24260765154929], [4.8668771159602535, 52.242582045066676], [4.867366101390492, 52.24263201325087], [4.867786361340544, 52.24268190201452], [4.8680313876462655, 52.242674386395095], [4.868200834509498, 52.2425462525935], [4.868164356288998, 52.242378476092746], [4.868015629935721, 52.24227286140758], [4.867984399522287, 52.24208830942011], [4.86821010650672, 52.24181609430191], [4.868214166464927, 52.241467766130086], [4.868194858597962, 52.241214958109616], [4.8682199775764685, 52.240969185052], [4.868544130917745, 52.24084083137098], [4.86920797673379, 52.240819808624856], [4.8694900355205615, 52.24070765284132], [4.869829301795974, 52.240678058556455], [4.871086193789663, 52.241343738390135], [4.870255221432051, 52.24128203457874], [4.870085185642247, 52.24122479227679], [4.869760465318026, 52.24127986893142], [4.869619152858058, 52.24151133684835], [4.86951253990507, 52.24176033033389], [4.869487506914294, 52.2419992821336], [4.86956898761419, 52.24221576334141], [4.8695711079963635, 52.242464100665046], [4.86939048473387, 52.24268870901996], [4.869532818584724, 52.24288740908586], [4.869461844610994, 52.243292121999225]]]}}, {"type": "Feature", "id": "58560", "properties": {"OBJECTID": "58560", "LOCATIEGROEP_ID": "nl.imow-pv26.gebiedengroep.003000000000000000000811", "SYMBOOL_CODE": "vsgt114", "GROEP": "aardkundig waardevol gebied", "9e750651-8e97-4bc6-b09e-fc30b5f3e83c_id": "9223", "LOCATIE_ID": "nl.imow-pv26.gebied.003000000000000000000811e116825", "DOCUMENT_URL": "https://omgevingsbeleid.provincie-utrecht.nl/home?d=/akn/nl/act/pv26/2022/omgevingsverordening/nld@1089&o=", "NAAM": "Gebied aardkundige waarden", "TYPE": "erfgoed", "LOCATIEGROEP_NAAM": "Gebied aardkundige waarden", "LOCATIE_NAAM": null}, "geometry": {"type": "Polygon", "coordinates": [[[5.266382305336319, 52.02092903180911], [5.264939899316186, 52.02152014082254], [5.263658220856532, 52.02186448783858], [5.2626969833636705, 52.022110389274616], [5.26125573852558, 52.02225700937603], [5.259014727424934, 52.0221558228715], [5.25693452891794, 52.02180785864123], [5.25477475845793, 52.021311625859326], [5.252855896783488, 52.02056871527623], [5.250296925310225, 52.019775641619006], [5.248378356557533, 52.01898326830175], [5.2466342680325955, 52.019197976674185], [5.245571693690021, 52.01912768453328], [5.243127698358374, 52.019863474639955], [5.243067819413188, 52.018912187083764], [5.243638144482303, 52.01767048014367], [5.244583709112246, 52.01714749407905], [5.246156854635481, 52.01714938750744], [5.247918238274874, 52.01732619395781], [5.249427802538675, 52.017541508647234], [5.250874699370044, 52.017679073984446], [5.253232359264807, 52.01838063223586], [5.254541045575504, 52.01913851805164], [5.256460161813941, 52.01978264003434], [5.258379744110964, 52.020278579764664], [5.260300221634289, 52.02047819535964], [5.261420823884471, 52.020479396571936], [5.263263042306365, 52.0200369030388], [5.264545751550332, 52.01929750599479], [5.265348975192202, 52.01826129740114], [5.266313441878717, 52.01678080340292], [5.266799751789328, 52.01450969353323], [5.2669672346618315, 52.01174442064465], [5.266336454213062, 52.008237581353164], [5.26491060345212, 52.00290275779968], [5.2650785473802015, 51.99998933147737], [5.266042629393817, 51.99850883556753], [5.267484675281824, 51.99776956834212], [5.269165903361939, 51.997326817953855], [5.2712463365702575, 51.997180731770484], [5.27412564677087, 51.99747982464493], [5.2760449734513175, 51.99777795440386], [5.277243073222216, 51.99856920045858], [5.278440138651672, 51.99980488857499], [5.278598009142411, 52.00069392676908], [5.278115807186296, 52.00158237390984], [5.277313284100104, 52.00256929153873], [5.2765888031143335, 52.00434639820501], [5.276985114740366, 52.00587764002958], [5.277783130359455, 52.00676728440473], [5.279221328557579, 52.007657502478054], [5.281061209595905, 52.007906087006575], [5.28282178207336, 52.00785827836353], [5.284343430333692, 52.00731639949672], [5.285786573529821, 52.00608307420111], [5.287149500626609, 52.00489905284421], [5.288111869685123, 52.003912203064445], [5.289074304277556, 52.00287596445136], [5.2905194071116055, 52.00060554702169], [5.292043750697497, 51.99863146973062], [5.293726295893434, 51.99744761973666], [5.295647563644086, 51.9968565294375], [5.297087681339896, 51.99680825821287], [5.29900769933086, 51.99680971031016], [5.300606774577895, 51.99730472308689], [5.302765432013137, 51.998047038785614], [5.3065231060990525, 51.999432389634194], [5.306201657187463, 52.00022229977847], [5.304521867779354, 52.000023601213556], [5.303002021484356, 51.999874373902024], [5.3010835763512025, 51.99898409574254], [5.2990845146834245, 51.99843941038073], [5.29772474095169, 51.998290234376206], [5.296685190238122, 51.99804252711338], [5.295804745538175, 51.998239380467666], [5.294683375714888, 51.99888048469643], [5.29380148251697, 51.99976868177357], [5.2927585959634555, 52.00110118944438], [5.291634363892393, 52.003026219470144], [5.290991301717962, 52.00440841526398], [5.28986831701256, 52.00569145024033], [5.288105112146658, 52.00697393782984], [5.287543232777964, 52.007763593967276], [5.286581100512539, 52.0086022872305], [5.284979078567417, 52.009292267830105], [5.2832176512707605, 52.00968579197095], [5.281137026529263, 52.00968393815616], [5.279056639937863, 52.009583286064235], [5.277616936505597, 52.00928565319109], [5.276498196976354, 52.008642629548056], [5.2756192969475135, 52.0080985932264], [5.27514102479827, 52.00735739040883], [5.274662396997654, 52.00676434583542], [5.274105121600466, 52.00562799809719], [5.274269014410891, 52.00409728461111], [5.274511649753135, 52.00306047295088], [5.274994077036721, 52.002122660015864], [5.2755561066355305, 52.00133306318686], [5.2757177268621795, 52.00069123724573], [5.275399907478063, 51.999802043511444], [5.274840969579115, 51.9993570655369], [5.2736417670481375, 51.999010231480035], [5.272122296892967, 51.99876184370604], [5.270521959044736, 51.99885904081591], [5.269081097549608, 51.999153899899895], [5.268199724614109, 51.999646840448], [5.267637849681808, 52.000337640704146], [5.26747453457968, 52.001572043023714], [5.267312016350484, 52.00251016021392], [5.267229882233809, 52.003300198212465], [5.267787217182932, 52.00433780830414], [5.2686635863672135, 52.00577080204794], [5.268900518147636, 52.006956226378726], [5.2691365530706795, 52.00848734219457], [5.269294125161566, 52.0094257723998], [5.269691137453051, 52.01061135451444], [5.270167952127862, 52.011895785018574], [5.2700861233038925, 52.01258707149925], [5.269921023840879, 52.01451284075613], [5.269277126955223, 52.0158949152431], [5.268712978256055, 52.01737583674878], [5.268229338457307, 52.01865930436183], [5.267184591080552, 52.020238493485245], [5.266382305336319, 52.02092903180911]]]}}, {"type": "Feature", "id": "58561", "properties": {"OBJECTID": "58561", "LOCATIEGROEP_ID": "nl.imow-pv26.gebiedengroep.003000000000000000000811", "SYMBOOL_CODE": "vsgt114", "GROEP": "aardkundig waardevol gebied", "9e750651-8e97-4bc6-b09e-fc30b5f3e83c_id": "9224", "LOCATIE_ID": "nl.imow-pv26.gebied.003000000000000000000811e116908", "DOCUMENT_URL": "https://omgevingsbeleid.provincie-utrecht.nl/home?d=/akn/nl/act/pv26/2022/omgevingsverordening/nld@1089&o=", "NAAM": "Gebied aardkundige waarden", "TYPE": "erfgoed", "LOCATIEGROEP_NAAM": "Gebied aardkundige waarden", "LOCATIE_NAAM": null}, "geometry": {"type": "Polygon", "coordinates": [[[5.501043998147307, 52.117333032021776], [5.5010454393744626, 52.11789781805181], [5.500708333944454, 52.1182548589555], [5.499749897571604, 52.11838792959757], [5.497638788909511, 52.118193631328424], [5.496167796255045, 52.11766462982916], [5.495874571935412, 52.11702685237329], [5.495980336307764, 52.11681177090114], [5.496313744397227, 52.11654973198466], [5.4966931672502, 52.11648394708556], [5.497241170991812, 52.11704427782484], [5.497663601379395, 52.117217341438696], [5.498339839336487, 52.11730588378805], [5.498290446257969, 52.11686004510831], [5.499110199579104, 52.11641337432856], [5.500123678297183, 52.116204325459705], [5.501137541701976, 52.11614390194928], [5.501572790270326, 52.11641100751995], [5.501525346384597, 52.11673804578965], [5.501043998147307, 52.117333032021776]]]}}, {"type": "Feature", "id": "58562", "properties": {"OBJECTID": "58562", "LOCATIEGROEP_ID": "nl.imow-pv26.gebiedengroep.003000000000000000000811", "SYMBOOL_CODE": "vsgt114", "GROEP": "aardkundig waardevol gebied", "9e750651-8e97-4bc6-b09e-fc30b5f3e83c_id": "9225", "LOCATIE_ID": "nl.imow-pv26.gebied.003000000000000000000811e116938", "DOCUMENT_URL": "https://omgevingsbeleid.provincie-utrecht.nl/home?d=/akn/nl/act/pv26/2022/omgevingsverordening/nld@1089&o=", "NAAM": "Gebied aardkundige waarden", "TYPE": "erfgoed", "LOCATIEGROEP_NAAM": "Gebied aardkundige waarden", "LOCATIE_NAAM": null}, "geometry": {"type": "Polygon", "coordinates": [[[5.479337169202802, 52.15156650728932], [5.4774057045169995, 52.15231114347331], [5.475618151428774, 52.15255031120665], [5.474120187437062, 52.15261087281035], [5.472091210464885, 52.152969066447575], [5.4696754178338605, 52.15323831848538], [5.46310291912934, 52.153153561581796], [5.463100690057448, 52.151845629730644], [5.463050243623248, 52.150597174893214], [5.471217413392792, 52.15088888706434], [5.4750832349870215, 52.150856341689455], [5.478705716990337, 52.14999153081441], [5.480540300404626, 52.14918749458888], [5.485562533938582, 52.147726838251636], [5.486195767930569, 52.1488386914747], [5.48477287731678, 52.14913152883917], [5.484260503458378, 52.14929512837687], [5.48368238627268, 52.14946947521888], [5.482728721204508, 52.149853921014085], [5.481333144939285, 52.150494024598785], [5.481029338299387, 52.150633301521104], [5.4814353055212965, 52.15062531960027], [5.479337169202802, 52.15156650728932]]]}}, {"type": "Feature", "id": "58563", "properties": {"OBJECTID": "58563", "LOCATIEGROEP_ID": "nl.imow-pv26.gebiedengroep.003000000000000000000811", "SYMBOOL_CODE": "vsgt114", "GROEP": "aardkundig waardevol gebied", "9e750651-8e97-4bc6-b09e-fc30b5f3e83c_id": "9226", "LOCATIE_ID": "nl.imow-pv26.gebied.003000000000000000000811e116876", "DOCUMENT_URL": "https://omgevingsbeleid.provincie-utrecht.nl/home?d=/akn/nl/act/pv26/2022/omgevingsverordening/nld@1089&o=", "NAAM": "Gebied aardkundige waarden", "TYPE": "erfgoed", "LOCATIEGROEP_NAAM": "Gebied aardkundige waarden", "LOCATIE_NAAM": null}, "geometry": {"type": "Polygon", "coordinates": [[[5.524131019159732, 52.06750869047382], [5.525658201570874, 52.06802923579346], [5.5265649687021625, 52.06889873142044], [5.526963015950187, 52.06969917681792], [5.527078088590752, 52.07036067847168], [5.526741115537111, 52.071022707903374], [5.526233741160304, 52.071406352769756], [5.525670825843929, 52.07210347450066], [5.525616695078577, 52.07286962656226], [5.526184819855761, 52.07384399059947], [5.526468464691488, 52.074191888588985], [5.5268099265149235, 52.07495758109391], [5.526813408421373, 52.076071898255414], [5.524044240319837, 52.07607515108215], [5.518775862219924, 52.07179798194239], [5.5164534892135855, 52.069885307991434], [5.517074249647545, 52.06960604836497], [5.517807494113345, 52.069152534869254], [5.518653327718851, 52.06855961196878], [5.519555224979429, 52.067827322815205], [5.520119528366577, 52.06758293028284], [5.521192349966449, 52.06733795700167], [5.522548098503961, 52.06723193688755], [5.524131019159732, 52.06750869047382]]]}}, {"type": "Feature", "id": "58568", "properties": {"OBJECTID": "58568", "LOCATIEGROEP_ID": "nl.imow-pv26.gebiedengroep.003000000000000000000811", "SYMBOOL_CODE": "vsgt114", "GROEP": "aardkundig waardevol gebied", "9e750651-8e97-4bc6-b09e-fc30b5f3e83c_id": "9227", "LOCATIE_ID": "nl.imow-pv26.gebied.003000000000000000000811e116804", "DOCUMENT_URL": "https://omgevingsbeleid.provincie-utrecht.nl/home?d=/akn/nl/act/pv26/2022/omgevingsverordening/nld@1089&o=", "NAAM": "Gebied aardkundige waarden", "TYPE": "erfgoed", "LOCATIEGROEP_NAAM": "Gebied aardkundige waarden", "LOCATIE_NAAM": null}, "geometry": {"type": "Polygon", "coordinates": [[[5.067048477368481, 51.98512939615664], [5.06725551639239, 51.98542461122102], [5.067510342680581, 51.985888431044245], [5.067576423649827, 51.98599406937573], [5.067669130317073, 51.986118160875314], [5.067767485350002, 51.98623005262678], [5.067788482080491, 51.986253937395986], [5.067920628378759, 51.98637981650689], [5.068057388099432, 51.98651008524064], [5.068375923965195, 51.98679091373976], [5.068592367874897, 51.98698175358192], [5.069025640902609, 51.98736121299504], [5.069638845912408, 51.987849518376095], [5.069867777249054, 51.98802586454135], [5.069941361223484, 51.988082535902784], [5.070167450103501, 51.988251485493585], [5.070393622616828, 51.98840883107152], [5.070613312551198, 51.988538097541124], [5.070830892300383, 51.98866949712123], [5.07090620256375, 51.98871497318399], [5.071193310617149, 51.98887182478402], [5.071462320713835, 51.989010587771894], [5.071653898305231, 51.989097208648566], [5.071723491152629, 51.98912782930174], [5.07041393166183, 51.98960475074824], [5.0692293086567615, 51.99000689859462], [5.068678266641041, 51.99020447095865], [5.06824774704838, 51.99028824392065], [5.067403064454218, 51.99057261352556], [5.0668684060233, 51.9907898611974], [5.066626129981224, 51.991001539393594], [5.066365594628788, 51.99136180553463], [5.0663666030564904, 51.991365340653914], [5.0657808468372485, 51.991549313526036], [5.065725239938769, 51.99148903048173], [5.06543335834869, 51.99115968655305], [5.065289644718322, 51.99103384502259], [5.064474959045127, 51.9903819276086], [5.064395657876008, 51.99031899933637], [5.0643729560424555, 51.990303432394214], [5.0643025186004955, 51.99025507131136], [5.064155815675406, 51.99016914585587], [5.064056717657312, 51.99013014360055], [5.0639261969675395, 51.99010393509362], [5.063858487549625, 51.99006501886866], [5.063713026487418, 51.98993224964498], [5.063650526660022, 51.98989979217153], [5.063561673130109, 51.98988986759348], [5.0634851045857925, 51.98985408166017], [5.063412017319582, 51.98978579484611], [5.063258103981897, 51.98969278368112], [5.0630842317047895, 51.98959971735755], [5.06285541789413, 51.989518435762164], [5.062821200739852, 51.98950291768086], [5.063249137906208, 51.98921663477425], [5.063384164257199, 51.98914261076442], [5.064572896974416, 51.98833302477297], [5.064657801798249, 51.98828024490192], [5.064711043061719, 51.98822329757057], [5.064743160652179, 51.98816426101073], [5.06475424251857, 51.9880929338443], [5.064730226037636, 51.98800519689754], [5.064681548628495, 51.987917392376964], [5.063557182670228, 51.98656865179273], [5.063441794731372, 51.986452116674535], [5.0633944667570026, 51.98641795705304], [5.063379854126532, 51.98640741860224], [5.063322678298152, 51.98636615812273], [5.063147240363047, 51.98627596374808], [5.062399152643474, 51.98599049396482], [5.0610841092115555, 51.98548224957566], [5.061109581109907, 51.98546069446404], [5.061133295295141, 51.98544062652389], [5.060775312915643, 51.98529890555172], [5.060243886129888, 51.98512080281883], [5.0601390288756765, 51.985043104848806], [5.060133597045428, 51.98502340552817], [5.0600661406971845, 51.98510502894731], [5.05989859288598, 51.98530776909332], [5.059843502145826, 51.98537442541015], [5.059718364031264, 51.98548059683629], [5.059593210766887, 51.985586768086684], [5.059468056909702, 51.98569293920177], [5.059342902459706, 51.98579911018159], [5.059217747351192, 51.98590529001419], [5.05909259171553, 51.986011460723475], [5.058967450044346, 51.986117631338104], [5.05884229322301, 51.986223801776816], [5.058713752684373, 51.98624326216787], [5.05858522659172, 51.98626272245905], [5.058480328141024, 51.98634169675503], [5.05837542925498, 51.98642067994434], [5.058270544622561, 51.98649965409155], [5.058165644997402, 51.98657863709139], [5.058229102220934, 51.98667790071324], [5.058290285930356, 51.98677357164221], [5.058517457684771, 51.986893147465], [5.05857595552742, 51.98691638358615], [5.058479224411966, 51.987014966031204], [5.058463129045783, 51.98702810681287], [5.058212612993874, 51.98700883720534], [5.0581570050383755, 51.98700444831186], [5.058100697653226, 51.9870259525264], [5.058037571441698, 51.98702441878911], [5.057939511126521, 51.98699842919854], [5.057895066333341, 51.98700234956729], [5.057843486784547, 51.98701439329166], [5.057773343721333, 51.98701285775469], [5.057755616161711, 51.98700835896493], [5.057716818952819, 51.9869985161167], [5.057576738933785, 51.987003067446], [5.057436280324006, 51.98700762653609], [5.057336156571994, 51.987010878361446], [5.057308588651875, 51.98705776460245], [5.057232190089972, 51.98714668673348], [5.057191822324167, 51.98716630272719], [5.057143269540652, 51.98717055284749], [5.057091272211469, 51.98716017842562], [5.057050049388527, 51.98713375425891], [5.057040823451484, 51.987101586470395], [5.057081436900111, 51.98705055735323], [5.0570918408773915, 51.98703935124427], [5.057127498827386, 51.98700097262928], [5.0571785938189, 51.98694597310792], [5.057181631359031, 51.98694270092051], [5.057220967539907, 51.986924762837084], [5.057232273274945, 51.986919599334335], [5.057136032268879, 51.98679085173492], [5.057071602765652, 51.986709282619685], [5.056916061504542, 51.98658947357711], [5.056692042247786, 51.98645971084366], [5.056459031707968, 51.98635704889605], [5.0563337523244085, 51.986321004536215], [5.056327418581405, 51.986319189085656], [5.056314097541366, 51.98631534961689], [5.0562761534625755, 51.98630443908954], [5.0562271117431585, 51.986345485275216], [5.0562027565811505, 51.986381037149044], [5.056188996995652, 51.98640112310465], [5.056173986361899, 51.98642305711589], [5.056158165399746, 51.98643643204995], [5.056124033041035, 51.98646529612934], [5.0561103068871205, 51.98647689727934], [5.056078987196283, 51.986503369399536], [5.055995246865708, 51.98656313922648], [5.055917326787298, 51.986587772403226], [5.055870104390662, 51.98658935623721], [5.055821663656895, 51.98656864580882], [5.055838654685262, 51.98652498387467], [5.055889029038595, 51.98647111539593], [5.055935209712794, 51.986419347327256], [5.055974446996451, 51.98637537047456], [5.056008018166531, 51.986337732345305], [5.056031735008658, 51.98632951192714], [5.05605053341664, 51.98632298543078], [5.055969364394907, 51.98626125956135], [5.055887198887968, 51.98620242504062], [5.055706693433908, 51.98613029858461], [5.055485602677681, 51.986079755070435], [5.055391467125872, 51.98605108692495], [5.05537236017907, 51.98606784105447], [5.055368152801536, 51.986071810979816], [5.055339357607466, 51.98610728724227], [5.055316674038206, 51.986135230615545], [5.055241644739985, 51.98622765175343], [5.055232682926524, 51.9862386909917], [5.055161432217831, 51.98629848646498], [5.055119713925069, 51.98630779742695], [5.055073908326791, 51.986306814303795], [5.055042041189461, 51.986299012476806], [5.055021393701981, 51.986274092758755], [5.055023074875195, 51.98623381224775], [5.055067890845308, 51.986181645182675], [5.055244700347794, 51.98608223976599], [5.05526225695313, 51.98607237525901], [5.05523132562079, 51.985987295301804], [5.055218638351685, 51.98597062230028], [5.055139098696916, 51.98591518322141], [5.055062449772208, 51.98586454297294], [5.054927251503379, 51.98581184987611], [5.054861658182236, 51.98579183664837], [5.054725882045709, 51.98575039495442], [5.054473707344622, 51.98568309753945], [5.054432145828995, 51.98567917802201], [5.054284527783397, 51.98564070440641], [5.054249272240156, 51.985616821817985], [5.054244124142547, 51.98561415572649], [5.05415870901612, 51.98556996161375], [5.054016045603013, 51.985487746958945], [5.053905636583566, 51.985417991276925], [5.053807472889548, 51.98535968523227], [5.053595638473811, 51.98525539675306], [5.053432627899677, 51.985214029163494], [5.0533985410080735, 51.9852073171579], [5.053332620308534, 51.985194339931496], [5.053316145853124, 51.9852152717377], [5.0532310642804354, 51.985304472272034], [5.053150471310532, 51.98538709710818], [5.053090736972506, 51.98541326308612], [5.053055164189758, 51.98541645179725], [5.053009929863546, 51.98540534873895], [5.0529771476833405, 51.98539153961133], [5.052968492642796, 51.98536134153324], [5.052983902985891, 51.98531913160449], [5.0530903419370565, 51.98522779874633], [5.053201542802892, 51.98515378165493], [5.053263930324293, 51.9851153182556], [5.053270189590774, 51.98511145309674], [5.0532822254004675, 51.985104035996756], [5.053029394684572, 51.98488126411671], [5.052996106610509, 51.984863112238955], [5.052665271551807, 51.98468271329358], [5.052273741378389, 51.98448407435712], [5.05205541758628, 51.984372609974294], [5.0518458103850294, 51.98426559223035], [5.051512851646922, 51.98417374504988], [5.05147797648082, 51.98420054736861], [5.051402038972423, 51.98425419724068], [5.05139478032814, 51.98425932679066], [5.0513823264884, 51.98426812669422], [5.0512962238341945, 51.984351498555334], [5.051252466634996, 51.98438828835299], [5.051221805775076, 51.98441406897717], [5.051178506495558, 51.98443440259456], [5.051147608292216, 51.98444715856809], [5.051119824354508, 51.98445420690808], [5.0510928222000935, 51.984457940815], [5.051056662379603, 51.98445213002056], [5.051039778954184, 51.98444399238905], [5.051024459892785, 51.98443300995251], [5.051013819490952, 51.98441347508885], [5.051009297325202, 51.98439919784169], [5.0510303411312245, 51.98436691827525], [5.051089237301265, 51.984320473485944], [5.051123011112072, 51.98429888131444], [5.051295536398581, 51.98418858481625], [5.05141440743026, 51.98410118084382], [5.051495593467948, 51.984060039581514], [5.051506266951112, 51.98405571072966], [5.05156173687149, 51.9840332185691], [5.0516060922020225, 51.98399422824329], [5.051364787119016, 51.98381275057777], [5.050972614826074, 51.983701587937176], [5.050681584986938, 51.98350887531076], [5.050253586357257, 51.9833016673724], [5.049820936136592, 51.98310573375622], [5.049189213718979, 51.98275916834755], [5.049148900348874, 51.982787077893626], [5.049101624732649, 51.98281747514476], [5.049076185957412, 51.98283406626043], [5.049024723054182, 51.98286765126412], [5.048846401751319, 51.982984003841175], [5.0488376384944615, 51.98299175347476], [5.048805355005069, 51.98302031516429], [5.048730747579502, 51.98309238404851], [5.048686219648932, 51.9831231665403], [5.048626443540614, 51.983133699592216], [5.048591802981347, 51.98313121805496], [5.0485649434179125, 51.98311806289116], [5.048532466605469, 51.98308348157355], [5.048530787411657, 51.983051379741504], [5.048559963179164, 51.98301222104027], [5.048747583041498, 51.98290217841468], [5.048873254025449, 51.982835945870605], [5.048946696855227, 51.98280049163279], [5.048921807504825, 51.982771226299604], [5.048420418983942, 51.98218184544017], [5.048130134794688, 51.98189319707586], [5.047775085213571, 51.981711581936885], [5.047264997580661, 51.98148437907421], [5.047151310003821, 51.98144849317255], [5.046822808989432, 51.98134483494966], [5.046444380995708, 51.98123369685701], [5.0462677467786134, 51.98122758564225], [5.046266218774638, 51.98122753627471], [5.046265049063056, 51.981228224980924], [5.046134358839708, 51.98130569348634], [5.046047211477533, 51.981357455863574], [5.046000640233151, 51.98138511250396], [5.045939914667085, 51.9814211860208], [5.045884163212693, 51.98144247029732], [5.045852902698203, 51.981435953043416], [5.04583209513293, 51.98142729993395], [5.04582182016098, 51.981407954399316], [5.045846351362585, 51.98138443141639], [5.0460799975742825, 51.98123795334773], [5.046125761355421, 51.98120926068794], [5.04623472977154, 51.98114190395378], [5.046218520525983, 51.98112769152373], [5.046133883733112, 51.98108283763646], [5.0460432307494125, 51.98099074202354], [5.046005661459115, 51.98090273709251], [5.045938280925617, 51.980822519411284], [5.045834782996989, 51.98074482150413], [5.0457672732836825, 51.98068165404408], [5.045712952455587, 51.98063937753672], [5.045421488229801, 51.98052646606668], [5.0452831945458385, 51.980472889930745], [5.045051042241713, 51.980377784767754], [5.04497046798363, 51.98034070768631], [5.044905544532812, 51.98031083071123], [5.0448673856356425, 51.980304302117204], [5.044839504773455, 51.98031281377672], [5.044595116113459, 51.980453712381845], [5.044567218774583, 51.980464363131006], [5.044532427692532, 51.98046854923136], [5.044518558085446, 51.98046637863435], [5.044484045605179, 51.98043408225056], [5.044484176775144, 51.98041690609885], [5.044756446511145, 51.98026748710222], [5.044770446922308, 51.98025250848277], [5.044721999448319, 51.980226616193114], [5.044392977205033, 51.980071141381174], [5.044161062205667, 51.97994170004576], [5.0438739779945365, 51.979752037869446], [5.043729994245748, 51.97964751589772], [5.043600891460997, 51.97955379612282], [5.043445369654991, 51.97943746550929], [5.043386602895943, 51.979396523163395], [5.043373505628079, 51.97939808480837], [5.043369207818531, 51.97939860255886], [5.043320453420298, 51.97940919207707], [5.0432891580289585, 51.979411257808934], [5.043261440075878, 51.979400444843186], [5.043112994125008, 51.97926695792568], [5.042685367507267, 51.97882579516204], [5.042392574429925, 51.97847726331211], [5.042110349457231, 51.97811591748991], [5.041996799704783, 51.977965354902295], [5.0417836454959994, 51.977664297279816], [5.04156372486978, 51.97733317166387], [5.041419482248123, 51.977105264344615], [5.041361401499715, 51.977006151029165], [5.041290302928202, 51.97689274405668], [5.041165969989178, 51.97668041763316], [5.041141119451513, 51.97663022607913], [5.0410970030221005, 51.97655495457262], [5.0407725090282405, 51.975817915999116], [5.040465354869355, 51.97508524188342], [5.040373137707064, 51.97487468098557], [5.040165499153509, 51.97430966049375], [5.039757684308876, 51.973563780303884], [5.039718578104106, 51.973501861598734], [5.039575711688126, 51.973275690646126], [5.039207629919889, 51.97278532705778], [5.03909746285171, 51.97265194806917], [5.03883579593983, 51.97236505955882], [5.038769127886849, 51.97229196741729], [5.038790950947022, 51.97227969115613], [5.038512298647858, 51.97198984840409], [5.038188346894522, 51.971677525818706], [5.037798688919002, 51.9713602164968], [5.037306572452573, 51.97101844080896], [5.037304530589974, 51.97101714941658], [5.037216607160001, 51.97095318815647], [5.036715298578646, 51.97062121577259], [5.0363513374566615, 51.97039427416282], [5.036300288740606, 51.97036244731696], [5.035819378534069, 51.97008847021367], [5.034872378823132, 51.96960125214725], [5.034850246984649, 51.96958986066827], [5.0348506681530445, 51.9695362020076], [5.034952871169739, 51.96943939882033], [5.034986620962754, 51.969407447705144], [5.034990711455932, 51.9694035680316], [5.034889371563651, 51.9692939943567], [5.0348592434319634, 51.969266849478394], [5.034789268026948, 51.969210508231235], [5.034759063982641, 51.969189340293624], [5.0347011614003625, 51.969154103639376], [5.034656490037267, 51.96913141825966], [5.03461021422675, 51.969111065003325], [5.034521287325219, 51.9690757712455], [5.034428593724416, 51.96904390863193], [5.034231264271857, 51.968987005406326], [5.034142062705412, 51.96896450083389], [5.034122339015801, 51.968955974708884], [5.034098045366008, 51.96895307949604], [5.034083862412208, 51.96894501041604], [5.034000096787861, 51.96892705213273], [5.0339644026834325, 51.968919403833404], [5.033896053564206, 51.96890255236945], [5.033874258739877, 51.9689001859323], [5.033823472396751, 51.968894622489564], [5.033769680718206, 51.96888448396045], [5.033734430003456, 51.96887782563188], [5.033597782624652, 51.96901691291573], [5.033569872877048, 51.96902970922226], [5.03354904939718, 51.96902964663943], [5.033531708587988, 51.969025289142685], [5.033524907424118, 51.96900380472895], [5.033528621786966, 51.96897379509505], [5.033679320532043, 51.968813286134925], [5.033704117933654, 51.96878915524091], [5.033717579790834, 51.968776054841335], [5.033671813714124, 51.96877422755468], [5.033664288677374, 51.96877074446454], [5.033627746790301, 51.96877653096871], [5.033583645448843, 51.96877950838251], [5.033478478380781, 51.96876473915986], [5.033415548966324, 51.96873420559424], [5.033364524209108, 51.96867768677103], [5.033310005353807, 51.96861585434094], [5.033301928538453, 51.96860668898537], [5.033234450573081, 51.96855880328074], [5.03313654871334, 51.96851226411686], [5.03303387341512, 51.96847871652098], [5.032900739936991, 51.9684508655705], [5.0327651840707155, 51.968433109980886], [5.0327119220882715, 51.96843154736502], [5.032545312858524, 51.968426668030226], [5.032237058095113, 51.968443607200605], [5.032144284334099, 51.968580479218055], [5.032095604445181, 51.96858463769727], [5.032078246885345, 51.96858243711815], [5.0320644714812754, 51.968565218970376], [5.032068281661546, 51.968515857935294], [5.0320732844986225, 51.96850888016479], [5.032129690860235, 51.968429351450695], [5.031977483723883, 51.968340420568985], [5.031786349517954, 51.96825169549219], [5.031569379962678, 51.96817300381914], [5.031417569597937, 51.96814075340309], [5.031258731127446, 51.968108481530614], [5.031067060573414, 51.968087668985824], [5.030671978752765, 51.96805861792032], [5.030612839633402, 51.96818513730094], [5.0305952436926775, 51.96821297456202], [5.030577818091789, 51.96821936633609], [5.030532618830386, 51.96822137753346], [5.030522202521, 51.968219197764036], [5.030515346755459, 51.96820844499363], [5.030514187943877, 51.968174807392565], [5.030582591499865, 51.96805627974245], [5.0305933251104396, 51.968031333883495], [5.030066406496217, 51.96793448713881], [5.030302985132324, 51.96751566865458], [5.030309881946379, 51.96745534235439], [5.030431177384987, 51.96726934748025], [5.0308552757623515, 51.96660075507907], [5.031035676254318, 51.96631170830429], [5.03104886714914, 51.96629058086252], [5.0311588250298795, 51.9661829825247], [5.0312134992161734, 51.96613089016583], [5.031220199653693, 51.96612451079124], [5.031249295654563, 51.96607390498645], [5.031303652594914, 51.9659847080568], [5.031375484561319, 51.96598921271025], [5.031434299781337, 51.965992904971856], [5.031774643786238, 51.9660101124283], [5.031994727426178, 51.966001069703616], [5.032096912964053, 51.9659908618687], [5.032157857231276, 51.96598478095894], [5.032214913316341, 51.96597908377091], [5.032424775903456, 51.96593765164284], [5.032619051145035, 51.965879993287764], [5.0328345451490035, 51.96578681396902], [5.032876750336999, 51.96576007514048], [5.032910341888399, 51.965738793203926], [5.032938844259012, 51.96572073171149], [5.03312936623614, 51.965600026495615], [5.033360598769971, 51.965438933283764], [5.033587064317269, 51.96528429684341], [5.033647352377473, 51.96525607508841], [5.033766102741606, 51.96520047988703], [5.03401845162158, 51.96505692200212], [5.034097948848894, 51.96501169794263], [5.0342371048097165, 51.964944146187825], [5.03431435696582, 51.96490681593467], [5.034438738485387, 51.964862103759444], [5.034505423437057, 51.964838134217786], [5.034722389806596, 51.964760146030876], [5.034760317066786, 51.96473870577766], [5.034796800688352, 51.96472322040997], [5.034847255828016, 51.964701799673556], [5.034928317539628, 51.964670259882176], [5.035076852522044, 51.96461246950958], [5.035122393001294, 51.96459428769999], [5.035136274068349, 51.96458874752139], [5.035218261480844, 51.964556005872495], [5.035242622647254, 51.964546281534545], [5.035345580154789, 51.964518743812086], [5.035599184124811, 51.96452592853292], [5.03616430108822, 51.964536900774604], [5.03630270169008, 51.96453934495414], [5.036590171978236, 51.964554969643444], [5.036724097016042, 51.96456224466639], [5.036943528765345, 51.964574169369534], [5.037235803085047, 51.964604484620345], [5.037445804422114, 51.96462786734087], [5.037694940391235, 51.964635294918594], [5.03788349547832, 51.964630497851964], [5.038125685463077, 51.96461242215961], [5.03855778859022, 51.96457762441846], [5.038822314318576, 51.964555649648176], [5.039082441513119, 51.96454169677975], [5.039223242243145, 51.96454613102993], [5.0393661322314305, 51.96456261556442], [5.039573738521024, 51.96461543296258], [5.0397487157208065, 51.96468420668721], [5.039983654008966, 51.96484552052544], [5.040183564010335, 51.964990713496235], [5.040800463083099, 51.965438735699564], [5.040864514391057, 51.96550119494428], [5.041197453981196, 51.96582586881362], [5.041256066714488, 51.96588612769854], [5.041504284936884, 51.96614223176281], [5.041538619188867, 51.96619597458575], [5.041811171699892, 51.96645001026144], [5.041986982319513, 51.966635073202745], [5.042753712101251, 51.967515778927506], [5.043130608197299, 51.967945334012164], [5.043292354459849, 51.96815182676709], [5.043360980899386, 51.96826577374869], [5.043386205153952, 51.96833909278201], [5.043445963522793, 51.968512803700094], [5.043461298672224, 51.96856634661839], [5.043462622787462, 51.96857016150842], [5.043476276244774, 51.96860957895631], [5.043490228909498, 51.968649833184486], [5.0435014600329415, 51.96863691390826], [5.04355279990395, 51.96872616446788], [5.043567787761198, 51.9687509619036], [5.043583019710491, 51.9687761914865], [5.043603715682939, 51.96878909614284], [5.043669586114933, 51.96886027773553], [5.043752407216229, 51.96894511698966], [5.043783016691376, 51.96897088578179], [5.044115461381098, 51.96927313297536], [5.04431034346864, 51.96945029332325], [5.044609700196026, 51.96972244884847], [5.04478245183685, 51.96985385665118], [5.045007297083322, 51.96998971208314], [5.045165015080388, 51.97008334289394], [5.045515844603046, 51.9702916313109], [5.045875254162292, 51.970556632486094], [5.046037789378809, 51.97068135747198], [5.046083842888497, 51.9707165361909], [5.046149732846093, 51.970766881641936], [5.0461574416152, 51.970773168797805], [5.046256484104732, 51.97085397259278], [5.046354227457478, 51.97093917678472], [5.046400109516262, 51.970981671320466], [5.0464106133321165, 51.97099167870353], [5.046503730278317, 51.971086369955444], [5.046586364706781, 51.9711874663804], [5.046672184491934, 51.97132720348093], [5.046732099784896, 51.9714344539236], [5.046829898514989, 51.971591330207765], [5.046931268130891, 51.97178213840128], [5.047033290844399, 51.97197137544402], [5.047114552493063, 51.97212149843322], [5.047257630258501, 51.972370410075186], [5.047372737730013, 51.97251944419306], [5.047484075216955, 51.97266098009602], [5.047643023740381, 51.972840116314934], [5.047840702260535, 51.973049744298834], [5.0480265583055415, 51.97321792000338], [5.048218229798638, 51.973377429508595], [5.048392198412928, 51.97351282618052], [5.048572568804325, 51.973646668068135], [5.0487746537323375, 51.973780572123424], [5.049268301974236, 51.974071726972596], [5.049296665485392, 51.97408547055788], [5.049338156575282, 51.97410499531812], [5.049877718181295, 51.97441697932809], [5.050382094291275, 51.97470009773885], [5.051080144071572, 51.975084579475094], [5.051483537109179, 51.97530251848194], [5.0517362758005175, 51.975432004833564], [5.0519890787015775, 51.97555503725848], [5.052251497874495, 51.975672946239726], [5.052272792004836, 51.975682516409535], [5.052298814949768, 51.97569421227071], [5.0523069815584, 51.975697884738835], [5.052336442392937, 51.97571111837665], [5.052397096476527, 51.97572972584287], [5.05249725066255, 51.975767860238165], [5.052723641016877, 51.97585971661632], [5.052883100473907, 51.975915959760044], [5.05311191028231, 51.97599387250135], [5.053677162973895, 51.97616714231026], [5.053732819924146, 51.976182660942165], [5.054286138429767, 51.97633689284385], [5.0544471702250044, 51.97638178615078], [5.054523923609644, 51.97640034815184], [5.054599819896673, 51.976418700950695], [5.055196439878738, 51.97658133808422], [5.055407895337863, 51.97665704019925], [5.05576043783995, 51.97680440714519], [5.055974370123549, 51.97689384025905], [5.056333054011301, 51.97704377542217], [5.056991469704597, 51.97731173057716], [5.057227235074267, 51.97739179398732], [5.057761102997892, 51.977582141589444], [5.057860290422853, 51.97761237700856], [5.0580169719712895, 51.9776601384562], [5.058052421067814, 51.97767094260054], [5.058092770391217, 51.9776804122011], [5.058285087301389, 51.97772555848732], [5.058385517665202, 51.97774913664838], [5.058510470338127, 51.977773088813784], [5.058645748826976, 51.97781208902478], [5.058829699197951, 51.97784908569019], [5.059069217042489, 51.977890533388035], [5.059322665237765, 51.9779298712177], [5.059815867968696, 51.977978450466736], [5.060152823784725, 51.978005147613054], [5.0605524286202, 51.97802127674505], [5.060733168237546, 51.97802177824895], [5.061393462816646, 51.978036488176684], [5.061636804064694, 51.97803287418808], [5.062158306119943, 51.97801500891405], [5.0624886326052705, 51.977996605034726], [5.062919702150332, 51.97798707061343], [5.062999129254382, 51.97799299697033], [5.063069086239914, 51.97799821408599], [5.063131682944388, 51.97801087113185], [5.063176693927691, 51.978019965327256], [5.063311793228075, 51.97808042358371], [5.063464115433412, 51.97816454116505], [5.063657764433942, 51.97830456216435], [5.063816766947845, 51.978427320109766], [5.063968998582377, 51.97852430793769], [5.064128219018351, 51.97861701837318], [5.0642840694942715, 51.978694708986644], [5.06434006508094, 51.97872074873676], [5.0644853492918065, 51.97878830731505], [5.064516176030192, 51.97880263819602], [5.064744712513801, 51.97892343730691], [5.064819066758923, 51.97897526943755], [5.064889974260569, 51.979024701210164], [5.064931177072565, 51.97906365221418], [5.064997000712944, 51.9791258512737], [5.0650659455395255, 51.979205442089196], [5.065137707754487, 51.979312319871994], [5.0651828852758705, 51.979379585619995], [5.0654171666977, 51.97981632664706], [5.065460716903164, 51.97989752858678], [5.065638589569892, 51.98022202262756], [5.065656290856259, 51.98025430280202], [5.065783349927867, 51.9804713921693], [5.065803200522739, 51.98050032557794], [5.065907192643987, 51.98065198936434], [5.066020798796791, 51.980806816184135], [5.0661102530602875, 51.98093581672219], [5.066178604001152, 51.98109909468574], [5.066200990758514, 51.98117646354715], [5.0662600120427035, 51.98138044169885], [5.066296330979714, 51.98149420593392], [5.066366905327786, 51.98171522125775], [5.066398319241207, 51.9818045690307], [5.066780118649122, 51.98289038085835], [5.066850169076326, 51.98308958896338], [5.066895917960892, 51.98323676992457], [5.066906486983618, 51.98331414241571], [5.066914718538771, 51.98337434102288], [5.066917224631206, 51.98352901732101], [5.066914298973761, 51.98357589197199], [5.066898352356148, 51.9838317974335], [5.066893427300915, 51.98393036694219], [5.066886651674679, 51.98406590000407], [5.066891813874592, 51.9842787643282], [5.0669075305688684, 51.98441812465985], [5.066926759894438, 51.98456096400102], [5.066929206604911, 51.9845791628351], [5.066937428813441, 51.98468761920744], [5.066939176344077, 51.98471200004033], [5.066944386869131, 51.98479167689374], [5.066948036472268, 51.984820826662876], [5.066954526164409, 51.98487221204976], [5.066990512992814, 51.98499439707146], [5.067048477368481, 51.98512939615664]]]}}, {"type": "Feature", "id": "58569", "properties": {"OBJECTID": "58569", "LOCATIEGROEP_ID": "nl.imow-pv26.gebiedengroep.003000000000000000000811", "SYMBOOL_CODE": "vsgt114", "GROEP": "aardkundig waardevol gebied", "9e750651-8e97-4bc6-b09e-fc30b5f3e83c_id": "9228", "LOCATIE_ID": "nl.imow-pv26.gebied.003000000000000000000811e116826", "DOCUMENT_URL": "https://omgevingsbeleid.provincie-utrecht.nl/home?d=/akn/nl/act/pv26/2022/omgevingsverordening/nld@1089&o=", "NAAM": "Gebied aardkundige waarden", "TYPE": "erfgoed", "LOCATIEGROEP_NAAM": "Gebied aardkundige waarden", "LOCATIE_NAAM": null}, "geometry": {"type": "Polygon", "coordinates": [[[5.137704723500301, 51.99790611779451], [5.137847665090871, 51.997896938055476], [5.138475281741666, 51.99780096837296], [5.13853085071391, 51.9977794152225], [5.13858729519363, 51.99775752234327], [5.138630077763856, 51.997738863308534], [5.1387874724933225, 51.99767019315765], [5.13897587346598, 51.997663633629585], [5.139092389573721, 51.997677379464676], [5.139243682327059, 51.99771934044155], [5.139289051800368, 51.9977489621729], [5.139402044802682, 51.997749451693835], [5.139483916059144, 51.99791684919982], [5.139508869029602, 51.99796790067069], [5.1395258022631785, 51.99800248688354], [5.139392964132302, 51.998067416687945], [5.139340208255267, 51.99812011124768], [5.139338890492298, 51.99812142074908], [5.139199744933105, 51.99815768271596], [5.139167882303644, 51.99816598360389], [5.139136857751775, 51.9981912559467], [5.139056058949486, 51.998224998125536], [5.139032665467383, 51.99822640490877], [5.138945005546524, 51.99823165797261], [5.138840716428647, 51.998205345334995], [5.138752160058346, 51.99818578896668], [5.1387036393318155, 51.99817826233303], [5.138149314708895, 51.99827000204699], [5.137949364532565, 51.99829215727762], [5.137931374125488, 51.99829341349212], [5.137835484884331, 51.998296374296366], [5.137827708445655, 51.99829648366159], [5.137790446054781, 51.99829640473793], [5.137708127409535, 51.99832829120637], [5.137703093306959, 51.99833015907069], [5.137679539331065, 51.998336841311165], [5.137599485444998, 51.998354225568136], [5.137575976717645, 51.99835800469922], [5.137550676086167, 51.99835931726287], [5.13743288949156, 51.9983590674674], [5.137408447975817, 51.998357766260305], [5.137384719669725, 51.9983539049278], [5.137362417481487, 51.99834759284125], [5.137360149869084, 51.998346877962845], [5.137323990328145, 51.9983344065207], [5.13730452366823, 51.998326194944795], [5.137287440724295, 51.99831615483474], [5.137273220617953, 51.998304538877846], [5.137250409742963, 51.99828237951503], [5.137241177672743, 51.9982719426071], [5.137234264509052, 51.99826085448364], [5.137229771227908, 51.99824928613498], [5.137218954786946, 51.99820959829806], [5.137216314840667, 51.99819992140299], [5.137214288298775, 51.99818469110997], [5.137215789414989, 51.99817400734147], [5.137216395455383, 51.99816977519162], [5.1372248651074575, 51.99813933220392], [5.137230399949904, 51.99812599649512], [5.137239163580327, 51.99811335074274], [5.13725095063667, 51.99810166415586], [5.137267862703467, 51.99808747175383], [5.137286735278185, 51.99807161170759], [5.137299075479388, 51.9980625688172], [5.137313229921757, 51.99805459038199], [5.137328964724535, 51.998047837692475], [5.137375628633626, 51.99803049962561], [5.137378357087969, 51.99802951671394], [5.137401065395426, 51.998023012503324], [5.137423911551891, 51.998017901749854], [5.137448376099836, 51.99801241692089], [5.137473944888971, 51.99800213473639], [5.137503059834068, 51.99798261122095], [5.137544086698711, 51.99795510448025], [5.1375572644131005, 51.997947312696645], [5.1375719359743295, 51.9979405936731], [5.13758785319244, 51.9979350637293], [5.137631609969003, 51.9979219977755], [5.137650480794012, 51.99791688754025], [5.137653940444418, 51.99791533991607], [5.137656449167934, 51.997914590225186], [5.1376799819153405, 51.99790906742052], [5.137704723500301, 51.99790611779451]]]}}, {"type": "Feature", "id": "58570", "properties": {"OBJECTID": "58570", "LOCATIEGROEP_ID": "nl.imow-pv26.gebiedengroep.003000000000000000000811", "SYMBOOL_CODE": "vsgt114", "GROEP": "aardkundig waardevol gebied", "9e750651-8e97-4bc6-b09e-fc30b5f3e83c_id": "9229", "LOCATIE_ID": "nl.imow-pv26.gebied.003000000000000000000811e116927", "DOCUMENT_URL": "https://omgevingsbeleid.provincie-utrecht.nl/home?d=/akn/nl/act/pv26/2022/omgevingsverordening/nld@1089&o=", "NAAM": "Gebied aardkundige waarden", "TYPE": "erfgoed", "LOCATIEGROEP_NAAM": "Gebied aardkundige waarden", "LOCATIE_NAAM": null}, "geometry": {"type": "Polygon", "coordinates": [[[5.325286173498664, 52.13664743559113], [5.32488561765591, 52.136826696697874], [5.3245218320650896, 52.136989411133264], [5.323813266229657, 52.1370808813064], [5.323253792384689, 52.13714883456992], [5.322993641604759, 52.13728520266456], [5.322880780998325, 52.13752528154885], [5.322767968896515, 52.13773081962607], [5.322563192130786, 52.137925072399156], [5.32232047419343, 52.1381530088297], [5.32202044822325, 52.1385528078169], [5.321609238307056, 52.13896434556642], [5.320882723045965, 52.139294804825774], [5.320454685315773, 52.139351862139584], [5.319820423949138, 52.13964810480976], [5.319055722991147, 52.14000184576529], [5.318140528403084, 52.1405495887591], [5.317692691417065, 52.14115516817478], [5.317168302291813, 52.14194298513151], [5.317146797740089, 52.142708916491976], [5.31740575540584, 52.14335985109239], [5.3179817912688, 52.14401181600089], [5.31835346001209, 52.144570130607654], [5.317198426649949, 52.14428548710571], [5.31578922219909, 52.14406808860258], [5.315747918433093, 52.144061610296845], [5.315755703847921, 52.14405318430794], [5.315989374872602, 52.14380475462957], [5.316081782245887, 52.1436904925531], [5.316157993408148, 52.143416405962334], [5.316233242703174, 52.143038957321124], [5.316233677480722, 52.1427648251344], [5.316252971728763, 52.14253676749812], [5.316310680533438, 52.14213683834783], [5.316349298935645, 52.14167932088822], [5.316517996810418, 52.14123367342828], [5.316705460715224, 52.14089111971189], [5.3169865852062825, 52.140503124334074], [5.317359582630814, 52.14018342810923], [5.317826041700002, 52.139943553665425], [5.318217832767375, 52.139715713628824], [5.318722141359514, 52.139487658891085], [5.319056853307935, 52.139259504347194], [5.319393047361101, 52.13911139642007], [5.31972913630138, 52.13903153301197], [5.3200828824889665, 52.138894389447884], [5.320344795509412, 52.13866618987559], [5.320773252810466, 52.138312252036], [5.3210159799362025, 52.13808403118319], [5.32131587655253, 52.13777608257323], [5.32153992086072, 52.137524544438136], [5.321689104648276, 52.13726201707556], [5.3218209494573445, 52.136998904696235], [5.321802204514761, 52.136862106600304], [5.321506423163583, 52.13639288803218], [5.321396855722559, 52.13609790520374], [5.321302740338486, 52.13584450917306], [5.321099130123233, 52.13525034528117], [5.320971567866254, 52.134633475077955], [5.320804076346369, 52.13431262774012], [5.320842202197305, 52.13414187787421], [5.3209548773951685, 52.13403857950876], [5.321104083452096, 52.13391367642855], [5.321308646831485, 52.13385620475681], [5.321513007727644, 52.13393636528401], [5.321774185319885, 52.134016565903075], [5.3218661899271416, 52.134154240461235], [5.321978164348774, 52.134359901917215], [5.322144257546829, 52.134714182026954], [5.322218313809394, 52.13494257089005], [5.322273641299178, 52.13519426418193], [5.32242046330763, 52.135616778843264], [5.322549935795423, 52.136039283804294], [5.3226429395916925, 52.13626852757673], [5.322883584593454, 52.13651947670777], [5.323013536198437, 52.13662290885201], [5.32346058768546, 52.13648636298632], [5.323852109807793, 52.13640680529098], [5.3243737155751045, 52.136327036866035], [5.324727249017245, 52.13632722420197], [5.324952450265511, 52.13620151156452], [5.3253250395080265, 52.13610985919112], [5.325659440286024, 52.13606509392555], [5.325957511462971, 52.13606524869312], [5.3261254534941225, 52.13608780545849], [5.326161704326141, 52.136282188779866], [5.3260314332786, 52.13640795287292], [5.325750695747293, 52.13659010106753], [5.325286173498664, 52.13664743559113]]]}}, {"type": "Feature", "id": "58577", "properties": {"OBJECTID": "58577", "LOCATIEGROEP_ID": "nl.imow-pv26.gebiedengroep.003000000000000000000811", "SYMBOOL_CODE": "vsgt114", "GROEP": "aardkundig waardevol gebied", "9e750651-8e97-4bc6-b09e-fc30b5f3e83c_id": "9230", "LOCATIE_ID": "nl.imow-pv26.gebied.003000000000000000000811e116862", "DOCUMENT_URL": "https://omgevingsbeleid.provincie-utrecht.nl/home?d=/akn/nl/act/pv26/2022/omgevingsverordening/nld@1089&o=", "NAAM": "Gebied aardkundige waarden", "TYPE": "erfgoed", "LOCATIEGROEP_NAAM": "Gebied aardkundige waarden", "LOCATIE_NAAM": null}, "geometry": {"type": "Polygon", "coordinates": [[[5.379001219248202, 52.04648623056648], [5.3792697264217955, 52.04667078297397], [5.379919945871775, 52.04700253835229], [5.380016746675038, 52.047045794829415], [5.380328081799438, 52.04718513728683], [5.380606393262566, 52.04737923253039], [5.381033442253957, 52.04756267492092], [5.38150148501619, 52.047759590830054], [5.380981442022031, 52.048012076458484], [5.379844082614661, 52.04856449197255], [5.379797153094795, 52.048587246922175], [5.379658001289754, 52.048452417038256], [5.379434138680595, 52.048235843917496], [5.3790071388499365, 52.047779104072], [5.378869345918903, 52.0477335969123], [5.37881035439696, 52.04771392687719], [5.378246198349709, 52.047527383358975], [5.377670442475449, 52.04727567259612], [5.37705686949804, 52.04706946248345], [5.376425779102141, 52.04680706306786], [5.376017679546602, 52.046555359185405], [5.375646035880436, 52.046269394826695], [5.375516268877702, 52.04605197836902], [5.375758386086645, 52.04601773922473], [5.376520678691849, 52.04617790557262], [5.376965220319506, 52.04642961084956], [5.377281576575, 52.046475422795744], [5.377584740560536, 52.04645522433088], [5.377616854345513, 52.046452979883156], [5.377497751265901, 52.04635522485892], [5.377449247388486, 52.04631533179325], [5.376985595283124, 52.04592712463917], [5.376446372431402, 52.04546952981738], [5.376131674106674, 52.04517289420347], [5.375797864120218, 52.04478384038951], [5.3755938741487475, 52.04446475258889], [5.3754454433611984, 52.04423554180429], [5.3753156980807155, 52.0439613922395], [5.375056369894332, 52.043641156457404], [5.374890157508893, 52.043481322200144], [5.374722629624239, 52.043127120112025], [5.374630933215893, 52.0428071883838], [5.374779941646391, 52.042597673610615], [5.375002722563382, 52.0424201817879], [5.37506191656386, 52.042467932565245], [5.375170308016704, 52.042555577430726], [5.375300045313088, 52.04284124994696], [5.375652520176421, 52.04318395551349], [5.376022745593355, 52.04356148152879], [5.376430798988811, 52.04389296378957], [5.376502751153123, 52.04393874658863], [5.376911746052383, 52.044198601166364], [5.376989035833291, 52.04384722742639], [5.3771202951631825, 52.04351664762705], [5.377492008401039, 52.04341331531388], [5.377555054463802, 52.04359869077565], [5.377639267015118, 52.04384728112352], [5.377488827678073, 52.0444531201515], [5.377497403984461, 52.04476995096418], [5.377506226900253, 52.04509295659705], [5.377784693861894, 52.04547048747289], [5.378285918379506, 52.045904758250686], [5.378787371223397, 52.04633931450024], [5.379001219248202, 52.04648623056648]]]}}, {"type": "Feature", "id": "58578", "properties": {"OBJECTID": "58578", "LOCATIEGROEP_ID": "nl.imow-pv26.gebiedengroep.003000000000000000000811", "SYMBOOL_CODE": "vsgt114", "GROEP": "aardkundig waardevol gebied", "9e750651-8e97-4bc6-b09e-fc30b5f3e83c_id": "9231", "LOCATIE_ID": "nl.imow-pv26.gebied.003000000000000000000811e116842", "DOCUMENT_URL": "https://omgevingsbeleid.provincie-utrecht.nl/home?d=/akn/nl/act/pv26/2022/omgevingsverordening/nld@1089&o=", "NAAM": "Gebied aardkundige waarden", "TYPE": "erfgoed", "LOCATIEGROEP_NAAM": "Gebied aardkundige waarden", "LOCATIE_NAAM": null}, "geometry": {"type": "Polygon", "coordinates": [[[5.420192847261829, 52.02680085573264], [5.41732406952051, 52.02833268174029], [5.414765548078782, 52.030151435997055], [5.413047779687778, 52.02954291959554], [5.411093317111051, 52.0288536595237], [5.410127660511242, 52.02846106345558], [5.40910044856309, 52.02813816481231], [5.407960252380751, 52.0277823269086], [5.407569918655425, 52.027674691088095], [5.407015253424346, 52.02752907124677], [5.406768690782667, 52.02734539581638], [5.405258928361489, 52.02615738366253], [5.405132145783133, 52.0262175067342], [5.404664493104381, 52.026148486052776], [5.404195144175162, 52.02579352488593], [5.403679071071191, 52.02526863015533], [5.403088776435353, 52.02474544201908], [5.402726075594227, 52.024593816458705], [5.402564228461111, 52.02466657873751], [5.402501805738509, 52.025158973895465], [5.402392644256102, 52.02549350784469], [5.402026948315795, 52.02528486892475], [5.401946683636122, 52.02489839016273], [5.402033973161749, 52.02450739604088], [5.402205679193212, 52.02398886758609], [5.402151535074208, 52.0234189739971], [5.402212600273373, 52.02291478666003], [5.402242829681741, 52.0227796823539], [5.401418911736672, 52.02099384653763], [5.401087263363835, 52.02056210624083], [5.402130342668503, 52.01984805061073], [5.403471730356604, 52.01984787098364], [5.404093305156199, 52.019767042261456], [5.404320199126347, 52.01944195371158], [5.404714701164602, 52.01920177742279], [5.40536883626796, 52.018757610141925], [5.406088500502549, 52.01855564058094], [5.407053509840488, 52.018447820692955], [5.408116838561264, 52.01847456349988], [5.408738390717038, 52.01837352290549], [5.408411093959465, 52.0180708088235], [5.407854810190221, 52.01782868753706], [5.4077237056607705, 52.01730391197876], [5.408261119894264, 52.01712141127864], [5.408868458004042, 52.01673853185555], [5.409703874191044, 52.01663144220561], [5.411547981897625, 52.016274199064156], [5.413577793520399, 52.01631416052108], [5.415796162201934, 52.01600496015621], [5.4175846655827264, 52.016288237816745], [5.418658306398462, 52.01720220858434], [5.419514022148222, 52.01756727101746], [5.420547434728478, 52.017697758586415], [5.421050650863212, 52.017452409189275], [5.4219514211400215, 52.017370407434925], [5.4231171288855355, 52.01728831787525], [5.423646984919031, 52.01723911505379], [5.424229604905461, 52.01692833869828], [5.425395255564412, 52.01678083796111], [5.426481591436981, 52.0168458675621], [5.42722373183482, 52.01717255964496], [5.427674398007455, 52.01745030880606], [5.428443600200787, 52.01838183074879], [5.430483357218441, 52.017972414478024], [5.431703170647301, 52.01900183528765], [5.433027448565738, 52.01849455687648], [5.434643539691159, 52.018363137137186], [5.4368967286947445, 52.019326693023544], [5.437056007681904, 52.01960452926047], [5.437427420959927, 52.020013042861116], [5.4373217471976565, 52.02029099183353], [5.436871629032293, 52.02058543641981], [5.436872047224301, 52.020961418390776], [5.436766458504978, 52.02132110476624], [5.436793467647799, 52.021778813432526], [5.432570947187226, 52.02314029019459], [5.4288765711425055, 52.02305890760318], [5.423398155381657, 52.024760083655615], [5.420192847261829, 52.02680085573264]]]}}, {"type": "Feature", "id": "58574", "properties": {"OBJECTID": "58574", "LOCATIEGROEP_ID": "nl.imow-pv26.gebiedengroep.003000000000000000000811", "SYMBOOL_CODE": "vsgt114", "GROEP": "aardkundig waardevol gebied", "9e750651-8e97-4bc6-b09e-fc30b5f3e83c_id": "9235", "LOCATIE_ID": "nl.imow-pv26.gebied.003000000000000000000811e116850", "DOCUMENT_URL": "https://omgevingsbeleid.provincie-utrecht.nl/home?d=/akn/nl/act/pv26/2022/omgevingsverordening/nld@1089&o=", "NAAM": "Gebied aardkundige waarden", "TYPE": "erfgoed", "LOCATIEGROEP_NAAM": "Gebied aardkundige waarden", "LOCATIE_NAAM": null}, "geometry": {"type": "Polygon", "coordinates": [[[4.911910904580943, 52.059431212516685], [4.909972754783953, 52.06017691299564], [4.90907031055333, 52.06033189603572], [4.90816999652439, 52.06028858311178], [4.906886201181018, 52.060005737928265], [4.905861041228341, 52.05960494973797], [4.905221941340393, 52.05920573247931], [4.9047157869232505, 52.058410460555216], [4.90459309873921, 52.057854720519714], [4.904798079000982, 52.05674507578472], [4.905001325918715, 52.05579406535825], [4.904559552898658, 52.05499905571344], [4.903922227881846, 52.05444120519391], [4.903285790667535, 52.05380402479803], [4.901360206625255, 52.053399503488436], [4.899628515226235, 52.05291642318376], [4.897962048597127, 52.05235427611273], [4.89719315124979, 52.05207346129025], [4.896295623978873, 52.051792096477385], [4.895205556178564, 52.05147027376861], [4.894886110426921, 52.051270632054795], [4.8942493956147155, 52.050673074872705], [4.893186496187051, 52.04789241079888], [4.892745886401432, 52.047018038787236], [4.892560379604606, 52.04634303481519], [4.892568263947017, 52.045629186620886], [4.892768216810544, 52.044995456878574], [4.892583155891836, 52.04428079849341], [4.8923954575057325, 52.043804083170876], [4.891821449385215, 52.04336540854046], [4.891244817579849, 52.04316468355999], [4.890089368669529, 52.04296151433215], [4.8886757911663805, 52.04283655372422], [4.887841040359005, 52.04271404045934], [4.88713580739263, 52.04251274998477], [4.886623957073586, 52.042272612163565], [4.886372025011153, 52.04179562286671], [4.886376902918367, 52.041359381341714], [4.886640356134761, 52.04080525261701], [4.886647890442426, 52.040131058580904], [4.886398187068673, 52.03945577998128], [4.886085521185574, 52.038661246501285], [4.88564069994834, 52.03818342546841], [4.885067719091181, 52.037665400222046], [4.884454454681752, 52.036796649470965], [4.884525308982058, 52.03599577529829], [4.884467298798101, 52.035652167542466], [4.884440442115747, 52.035289610674795], [4.884603208228656, 52.03456542987735], [4.88479291113227, 52.03385328212871], [4.884567541067949, 52.03326573809355], [4.8842928884749055, 52.03293551458401], [4.883487182087299, 52.03238840763688], [4.883026661822037, 52.0320859955736], [4.882312958504708, 52.031610811809486], [4.881970043490428, 52.031165833566156], [4.882069756722267, 52.03055106894414], [4.882227873947153, 52.029890840352124], [4.882007796305863, 52.02934525282322], [4.88088199986369, 52.02859964127614], [4.878810790461257, 52.0280011056706], [4.876854467252626, 52.02729545079755], [4.877736758356562, 52.026330731551816], [4.878442594920497, 52.02645276086214], [4.878887673156738, 52.02689094640945], [4.880044003123184, 52.026975253579835], [4.881137396924676, 52.02694030127424], [4.881908431069251, 52.026983268475156], [4.882936200744352, 52.02706699549839], [4.883705456326252, 52.02726858613302], [4.884215339050876, 52.027667372157055], [4.884740622359909, 52.02837374597663], [4.8852412682214315, 52.02890830960057], [4.884896392608397, 52.02954344149794], [4.884702548364765, 52.03008873210592], [4.884752573945857, 52.03065399236259], [4.885074975460815, 52.03128013217691], [4.885455431463106, 52.03175767287132], [4.885774252390257, 52.031996994817035], [4.886285094173414, 52.03231644513209], [4.886664242564415, 52.03291296271246], [4.886787969780678, 52.03334975131905], [4.886934323074192, 52.03369464111682], [4.887032398585467, 52.034333115656786], [4.887096003620016, 52.03491736137737], [4.887281393751314, 52.035588644898105], [4.887330382676046, 52.03591328366744], [4.8873082655326225, 52.036324141489004], [4.887550844041728, 52.03658471548507], [4.888002526619007, 52.03696513488192], [4.888674150841816, 52.03720480195012], [4.8894850187823335, 52.03768515665229], [4.890687967677967, 52.038317469588605], [4.890536422242953, 52.03933339188269], [4.89059745681979, 52.04015554300891], [4.891065043148219, 52.04068741523232], [4.892395983049281, 52.04094355211301], [4.89302752901698, 52.040836259361434], [4.893768542128583, 52.04087240675786], [4.894608590728234, 52.04102972966352], [4.895229344414414, 52.04128225998946], [4.895718243315147, 52.04218789733005], [4.896178077823644, 52.04290116197479], [4.896510282847559, 52.043883054698725], [4.896751072655755, 52.044672307451826], [4.8969303552204035, 52.045384400314674], [4.89707909544299, 52.046038688269334], [4.897134090647359, 52.046711820795366], [4.897311690432903, 52.04757770335941], [4.897618575487257, 52.04846615305042], [4.89774071818654, 52.04906156424789], [4.89812145989966, 52.049539063069936], [4.898822527770974, 52.05013687511481], [4.899461873275889, 52.050496464191745], [4.90010340061953, 52.050657760647695], [4.9008092510720935, 52.05081931918782], [4.901771120905123, 52.05110090577921], [4.90414174137909, 52.05198317257278], [4.9049119623608926, 52.05214497031761], [4.905938207395489, 52.0524267861876], [4.906771912559379, 52.052668152032055], [4.90747696908796, 52.05290898814422], [4.908499022435676, 52.053587369359946], [4.908687766288781, 52.05398473198172], [4.908748699076345, 52.05430226330275], [4.908742342165624, 52.054897140159504], [4.908675050770618, 52.055174485689946], [4.908477397389467, 52.0556099434214], [4.908344490412275, 52.05600599901814], [4.908272937909774, 52.056679931638214], [4.908010082802354, 52.057194444376016], [4.908005413507455, 52.05763068597701], [4.908063814350994, 52.058186160935776], [4.908443895288066, 52.058742952383305], [4.908955189131857, 52.05906231251506], [4.909533374649015, 52.059143978918435], [4.910821818824382, 52.0589905537118], [4.91166030662291, 52.058795634252164], [4.912176252950996, 52.058678738732745], [4.912822566073896, 52.05840372415372], [4.91378928775156, 52.058248970755535], [4.914947749478127, 52.05821395497333], [4.914813636473822, 52.05872899854434], [4.9138464885593365, 52.05892342357821], [4.911910904580943, 52.059431212516685]]]}}, {"type": "Feature", "id": "58571", "properties": {"OBJECTID": "58571", "LOCATIEGROEP_ID": "nl.imow-pv26.gebiedengroep.003000000000000000000811", "SYMBOOL_CODE": "vsgt114", "GROEP": "aardkundig waardevol gebied", "9e750651-8e97-4bc6-b09e-fc30b5f3e83c_id": "9232", "LOCATIE_ID": "nl.imow-pv26.gebied.003000000000000000000811e116788", "DOCUMENT_URL": "https://omgevingsbeleid.provincie-utrecht.nl/home?d=/akn/nl/act/pv26/2022/omgevingsverordening/nld@1089&o=", "NAAM": "Gebied aardkundige waarden", "TYPE": "erfgoed", "LOCATIEGROEP_NAAM": "Gebied aardkundige waarden", "LOCATIE_NAAM": null}, "geometry": {"type": "Polygon", "coordinates": [[[5.1393133533608975, 51.92196915516505], [5.139617087672058, 51.92226679483126], [5.139926062308148, 51.92256652999436], [5.140220090796882, 51.92285416167724], [5.140355103783463, 51.92299045582055], [5.14019521717102, 51.92314537472752], [5.137266318426356, 51.92462092312898], [5.134790998877878, 51.92531019720334], [5.129321452049896, 51.92571507320187], [5.125565198751831, 51.925966412506995], [5.125007387225911, 51.92570245172842], [5.124308925244575, 51.925279917246975], [5.123688753334918, 51.92483154191791], [5.1231422199140395, 51.92438426341463], [5.122664628687203, 51.92396500111046], [5.122251340610544, 51.92360069228842], [5.1218345695238865, 51.92327592259072], [5.12135764031963, 51.92296263727443], [5.120832529050706, 51.92266875445095], [5.120271196489375, 51.922402183354976], [5.119685617028796, 51.92217085141728], [5.11908777876489, 51.92198269530736], [5.118489640172865, 51.921845624899824], [5.117903159081684, 51.92176755929887], [5.117282164547966, 51.92178967593981], [5.11658907958325, 51.92193052054461], [5.115848854372188, 51.92216415527735], [5.115086440719213, 51.92246461588427], [5.114326763348305, 51.92280595664408], [5.113594778622673, 51.92316221457236], [5.112915445321306, 51.92350744527622], [5.1123136955072335, 51.92381569583635], [5.111663883269509, 51.92408016560587], [5.1108512360780285, 51.924312673396], [5.109917071508754, 51.92451515585917], [5.108902679090074, 51.9246895683922], [5.107849378194413, 51.92483787663954], [5.106798474373884, 51.924962020647094], [5.105791273323918, 51.925063968889326], [5.104869080959493, 51.92514567324751], [5.103823621713487, 51.92519929060459], [5.10248162474061, 51.92521733350336], [5.100937005298576, 51.92520235738268], [5.09928363567133, 51.925156912076545], [5.097615431756706, 51.92508352529273], [5.096026279271333, 51.9249847748346], [5.094610077401484, 51.924863198568886], [5.093460708776274, 51.924721374240754], [5.092305602980459, 51.92457542560808], [5.090825158746213, 51.92443979160992], [5.089042652208535, 51.92431451896669], [5.08698137334615, 51.92419965339405], [5.08466461143341, 51.924095249130296], [5.082115640733513, 51.92400134246351], [5.079357778518486, 51.9239179793296], [5.076414297956854, 51.92384520653609], [5.073411356538454, 51.92378876679793], [5.070490159562285, 51.92375384469909], [5.067696530173914, 51.92373962708456], [5.065076291774967, 51.92374533178702], [5.0626752830578505, 51.923770162139725], [5.060539314434361, 51.92381332406778], [5.058714240739484, 51.923874043321234], [5.057245874404212, 51.92395152815771], [5.056079115215414, 51.92404625699548], [5.055091783285386, 51.92415726462448], [5.054229064936548, 51.92428163196647], [5.053436117517401, 51.92441641074874], [5.05265814168133, 51.92455865112763], [5.051840308428938, 51.9247054196564], [5.050927802855377, 51.9248537723865], [5.0498658096211955, 51.925000754512965], [5.048383640000684, 51.925106887673834], [5.046379862994819, 51.925145535264846], [5.044053427593615, 51.925133043795974], [5.041603296792805, 51.92508576249543], [5.039228430054912, 51.925020082996426], [5.037127811598108, 51.92495237691616], [5.035655048422599, 51.92490412911825], [5.0323506900390065, 51.92301299349747], [5.022494345264855, 51.91931519336598], [5.010647387700973, 51.91744403010352], [4.996803286495923, 51.918010145167855], [4.986242555349249, 51.919980631160136], [4.985550364929051, 51.919882075258315], [4.984386933189116, 51.919741076618], [4.983220299592791, 51.9196223465385], [4.9820842471144475, 51.91952878772913], [4.981012543598543, 51.919463313126634], [4.980038956688023, 51.919428827832554], [4.978936707062326, 51.91937739413534], [4.977492448630871, 51.91926948939095], [4.975760106495221, 51.91912060584574], [4.97379366245465, 51.91894626368508], [4.971647052447475, 51.9187619579487], [4.969374194280595, 51.918583204519905], [4.967029059996054, 51.918425514122376], [4.964665573856454, 51.91830440140322], [4.962349655297191, 51.91815771530592], [4.960488095856654, 51.917962936898284], [4.956758613380465, 51.9154497133545], [4.9568092001590625, 51.91543695531981], [4.957722926871939, 51.915353262617344], [4.958294319622121, 51.91531322920037], [4.958444254351634, 51.91530158790499], [4.9585577229106805, 51.91528522040843], [4.958733521413838, 51.91514171487076], [4.958918036472792, 51.91495275970232], [4.959113478289237, 51.91473650142832], [4.95936718665803, 51.914440835958004], [4.959531268836857, 51.91425104144817], [4.959656800097807, 51.91409229613603], [4.959693416242849, 51.91404599540491], [4.960246534513874, 51.91467949208466], [4.960312010231134, 51.914754728771484], [4.960380233898452, 51.91482682947019], [4.960490727502376, 51.91475770559123], [4.960641121796391, 51.914663666835246], [4.961417433011542, 51.914447794204776], [4.962132928215659, 51.91426079190876], [4.962709885503797, 51.91410670383787], [4.963148453871439, 51.91398697070342], [4.964377437037752, 51.91369237256686], [4.9646791659504865, 51.91356406094114], [4.964785223739406, 51.91351896096518], [4.964674496201977, 51.913474816675745], [4.964672688031695, 51.913473902352045], [4.964307805617662, 51.91328733115453], [4.964065713683614, 51.91316052405169], [4.963868325861304, 51.913063440166674], [4.96365835089614, 51.91296652631801], [4.963485272153683, 51.91289341144777], [4.963326189475888, 51.912829613791224], [4.963261944781528, 51.91280392707624], [4.963293194791986, 51.912785200155525], [4.96335920142456, 51.91274423549307], [4.963562408506088, 51.912616784899434], [4.964114590437354, 51.912294158719455], [4.964135386577544, 51.912281973434], [4.964160157814429, 51.9122674564867], [4.964192594988389, 51.91201432602595], [4.964188765752021, 51.91196871426972], [4.964164299529465, 51.9118334322233], [4.964162764989938, 51.91172929648625], [4.964164331505543, 51.911556617641715], [4.964172592869273, 51.91142927323837], [4.9641565511057255, 51.91128064680692], [4.96414346904143, 51.911157288331054], [4.964138146162559, 51.91103101858057], [4.96413264059899, 51.910919534033155], [4.964132746322535, 51.91080635290073], [4.9641294337095765, 51.91068577102648], [4.964128182781911, 51.910638002342715], [4.964151658784616, 51.91063284661301], [4.964268695438035, 51.91062038741876], [4.964484482384564, 51.91059428836743], [4.964656001545207, 51.91056659166809], [4.96495533007622, 51.910510501220706], [4.965262426191866, 51.910452046987835], [4.9656158852770815, 51.9103932548894], [4.966008090242251, 51.91033273997205], [4.966157925301115, 51.91031267540558], [4.966432171032454, 51.91026849082871], [4.966658093736611, 51.91025539428408], [4.966717304416693, 51.91025196580762], [4.966718642169815, 51.910251889697484], [4.967111913083969, 51.91020609785784], [4.967607082985939, 51.910139123357354], [4.967791941386357, 51.91009411316662], [4.96809741152647, 51.909997346310185], [4.968325513129006, 51.909899916497004], [4.968554458855563, 51.909803810538264], [4.968672499890695, 51.90975333874331], [4.96902112891269, 51.90960338618442], [4.969885608023327, 51.909248703408835], [4.970500475590672, 51.90899597459251], [4.971187577272061, 51.90871657807399], [4.9714455140550955, 51.90860200811924], [4.972062880526964, 51.90834743737217], [4.97219158688988, 51.908296280647505], [4.972369759482746, 51.908232714647575], [4.972722042036692, 51.908109450488425], [4.972966500338587, 51.90801692308041], [4.973269010420075, 51.90790112199047], [4.973406562100016, 51.907834409259756], [4.973693745746805, 51.90770041460399], [4.9737406249717, 51.90766741243568], [4.973763483344045, 51.90763272583628], [4.973770455990572, 51.907580869512856], [4.973777840583501, 51.90752372049006], [4.9737776219699565, 51.90752062772337], [4.973773390040061, 51.90746247608851], [4.973770474818643, 51.9072911385899], [4.973765104627955, 51.90697427978824], [4.973765837762993, 51.906616338637704], [4.973765980562992, 51.90654390189025], [4.973751315634552, 51.90628334945093], [4.973749675183806, 51.90613301323515], [4.97374793887054, 51.905974137729736], [4.973730449480457, 51.905624105116416], [4.9737259532582705, 51.90555521143499], [4.973719674255214, 51.9054589508882], [4.973722783726081, 51.90525193273493], [4.973705084327498, 51.90471459071983], [4.973683277212975, 51.90424949171713], [4.973668312193691, 51.90393004632826], [4.973630359268403, 51.90319029572766], [4.97362274019791, 51.903015436110834], [4.973615775650253, 51.90287685585981], [4.974599635415007, 51.90298426415925], [4.9758395253205485, 51.90310028154083], [4.976935573655951, 51.90318369536108], [4.978228703828254, 51.90327546090834], [4.979652555812208, 51.90337233049618], [4.981140666849831, 51.903471076657695], [4.982592373677359, 51.903566173184544], [4.984044072164204, 51.90366125173028], [4.985326523281432, 51.90374623309054], [4.986407562302981, 51.90382015025902], [4.98755465689638, 51.903884907216856], [4.989018082630495, 51.90394446009204], [4.990705771638809, 51.9039988101182], [4.992525626599032, 51.9040479350487], [4.994385549499638, 51.90409183559295], [4.996193427609453, 51.904130491102784], [4.99773907627955, 51.904161302230946], [4.999284712590641, 51.904192092980324], [5.000507950621044, 51.90422616257975], [5.001632285180511, 51.90427456405881], [5.002675914451152, 51.90433337794596], [5.003656993001727, 51.9043986388459], [5.004580660807041, 51.90446571807659], [5.005504316856451, 51.904532790000985], [5.006406913336079, 51.904593773227724], [5.007319661096946, 51.90464543443389], [5.008492663181408, 51.904686988484414], [5.0100708866126835, 51.90472148142171], [5.011914946586001, 51.904750797954584], [5.013885458201571, 51.904776801977064], [5.015843050530648, 51.904801419834435], [5.017648309633223, 51.90482651497913], [5.019161864682614, 51.904854013100184], [5.020244315922327, 51.904885809378634], [5.021232280658254, 51.904941498182914], [5.022491590115457, 51.90503314731997], [5.023926736993853, 51.90515141965159], [5.02544221285562, 51.90528695458727], [5.026942550331041, 51.9054304501521], [5.02833220747578, 51.905572546048205], [5.029515712276866, 51.90570393144729], [5.030397518449944, 51.90581526236583], [5.031324245064387, 51.90593775135079], [5.032632668611739, 51.90609850677154], [5.034212505024861, 51.90628215624693], [5.035953496812806, 51.906473294966474], [5.03774538231555, 51.90665655953603], [5.039477852312564, 51.90681655693849], [5.041040666111987, 51.90693793674474], [5.0423235224776155, 51.90700531774545], [5.043509204772334, 51.907042604339864], [5.044823090263003, 51.90708559149087], [5.046218818081723, 51.907136809967724], [5.047650013087924, 51.907198783458554], [5.049070343658236, 51.90727406492236], [5.050433405790902, 51.90736517338472], [5.051692867712402, 51.907474666127236], [5.052802324945372, 51.90760505705942], [5.053797474351649, 51.90777520132864], [5.054745798270895, 51.907995853977724], [5.05564882258402, 51.908257501794075], [5.056507999512171, 51.90855063125988], [5.0573248676415465, 51.90886572002167], [5.058100892104119, 51.9091932454333], [5.05883756633046, 51.90952369383683], [5.059536383335723, 51.90984752453279], [5.060176154862828, 51.91016447253205], [5.060775303511549, 51.910493078938316], [5.061394732576127, 51.91085206506618], [5.06209537729982, 51.91126016898014], [5.062938176626524, 51.911736136162254], [5.0639840603159065, 51.912298664963394], [5.065293993596911, 51.912966504697444], [5.066928892891759, 51.9137583643084], [5.068684182350275, 51.91454575439003], [5.070339497278136, 51.915202356316044], [5.071932266032803, 51.91575017027906], [5.073499864964111, 51.916211194128415], [5.075079719002713, 51.91660744176196], [5.076709243174393, 51.916960898050846], [5.078425856401819, 51.91729358169822], [5.08026698213467, 51.91762746412937], [5.082080844895233, 51.91791527171783], [5.083704046683694, 51.91810717538934], [5.0851567144657635, 51.91822145407355], [5.086458863727352, 51.91827634864993], [5.087630615000952, 51.91829014367821], [5.088692048320253, 51.91828107738311], [5.089663260366549, 51.9182673959383], [5.090564305800634, 51.918267362478694], [5.091480240091956, 51.91828432947328], [5.092469678562371, 51.918303954360965], [5.093513226678438, 51.91831799850226], [5.094591416421098, 51.9183182236693], [5.095684895089213, 51.91829641056709], [5.096774178696915, 51.91824428635402], [5.0978398693481335, 51.91815364203904], [5.098862539884893, 51.918016215323476], [5.100000176570083, 51.91774724713229], [5.101361520140729, 51.9173032973968], [5.10285328510859, 51.91673818844893], [5.10438222374048, 51.91610574672613], [5.105855099890917, 51.91545981236149], [5.107178660885289, 51.914854203090385], [5.108259693811519, 51.91434276750143], [5.109004949333893, 51.913979347348466], [5.109574070292251, 51.913709910874445], [5.110176299251765, 51.913444153962594], [5.110793021197983, 51.913181529001875], [5.111405607161892, 51.912921461760675], [5.111995413821105, 51.91266341431264], [5.112052403869404, 51.912636753554615], [5.112625153127599, 51.912619450693434], [5.113898518090935, 51.91252981087135], [5.115172172636624, 51.91239385019222], [5.117421358461296, 51.911889683115696], [5.118096302712585, 51.9117060078261], [5.120050339198169, 51.910460244740875], [5.1217783023867804, 51.90944546873157], [5.122829424019618, 51.90893848763042], [5.12463078345772, 51.90815534644154], [5.126708807907115, 51.9078699790237], [5.128023617907672, 51.90954022387736], [5.12936490151129, 51.911241206596024], [5.130706272018248, 51.91294217365373], [5.131376220159037, 51.91379350352252], [5.1320461791762035, 51.91464482047186], [5.132164992170367, 51.9147739344128], [5.132217861232343, 51.914811080839534], [5.132277545899554, 51.91488175936808], [5.13230388211586, 51.914902309770355], [5.132322882793657, 51.91490927194254], [5.132350201635727, 51.91491031986531], [5.132371047792794, 51.91489939932342], [5.132375709062388, 51.914892461473116], [5.1323883694727535, 51.914897432470056], [5.132485311027514, 51.91491083731292], [5.132574241178595, 51.91490166410956], [5.132685859757979, 51.914864208844335], [5.132895165768254, 51.91482131113851], [5.133104456845267, 51.91477841302797], [5.133550403454718, 51.91469049955242], [5.134085428802139, 51.914589779089276], [5.134658008037686, 51.91448912786249], [5.135216617175993, 51.91440145896273], [5.135709733408848, 51.91433965948177], [5.136085849151087, 51.914316617333256], [5.136166471547377, 51.9143268833286], [5.136174693615155, 51.91433026250283], [5.136256737881627, 51.91438005299984], [5.136265660802981, 51.9143854650177], [5.1362710892796875, 51.91438938650961], [5.136312316665323, 51.914419189777725], [5.136313199686767, 51.91441982983055], [5.1363264161938185, 51.914429385619464], [5.13642402747147, 51.91449995419071], [5.136435753022037, 51.914508428192285], [5.136549611249934, 51.91466294601196], [5.136552278816702, 51.91471892180122], [5.136519173331563, 51.914898140718265], [5.13646460668466, 51.915086607758525], [5.136407797122517, 51.91527320940926], [5.136367948674324, 51.915446841149446], [5.136330611137043, 51.915678380808586], [5.13629325862823, 51.91590992940559], [5.136255920317425, 51.916141469026094], [5.136218581619806, 51.91637300862728], [5.136176509567598, 51.91664263048427], [5.136134437007822, 51.91691225231604], [5.136101566602018, 51.91715029993176], [5.136068695795591, 51.91738835651864], [5.136028554882449, 51.91757994607827], [5.135964577875972, 51.91773990883595], [5.135885722652458, 51.91787009751018], [5.135801034162027, 51.91797241894995], [5.135711186799308, 51.91805366074455], [5.135583763133135, 51.91814040380406], [5.135764543569751, 51.918321940454895], [5.135776158405314, 51.91833477360023], [5.135779850757815, 51.91833731619196], [5.135797138250166, 51.91835467358416], [5.136010515350773, 51.91856895196019], [5.136500269585522, 51.91906342712507], [5.136990020007164, 51.919557909180384], [5.137546063695724, 51.920123474443585], [5.138071089280813, 51.92066226711091], [5.138508695590485, 51.92111865670293], [5.138802477624694, 51.92143702243973], [5.13903508844761, 51.92168782824949], [5.1393133533608975, 51.92196915516505]]]}}, {"type": "Feature", "id": "58572", "properties": {"OBJECTID": "58572", "LOCATIEGROEP_ID": "nl.imow-pv26.gebiedengroep.003000000000000000000811", "SYMBOOL_CODE": "vsgt114", "GROEP": "aardkundig waardevol gebied", "9e750651-8e97-4bc6-b09e-fc30b5f3e83c_id": "9233", "LOCATIE_ID": "nl.imow-pv26.gebied.003000000000000000000811e116808", "DOCUMENT_URL": "https://omgevingsbeleid.provincie-utrecht.nl/home?d=/akn/nl/act/pv26/2022/omgevingsverordening/nld@1089&o=", "NAAM": "Gebied aardkundige waarden", "TYPE": "erfgoed", "LOCATIEGROEP_NAAM": "Gebied aardkundige waarden", "LOCATIE_NAAM": null}, "geometry": {"type": "Polygon", "coordinates": [[[5.349987075788017, 51.974268746924], [5.350145975752838, 51.975503377620726], [5.350545066177048, 51.97639239724108], [5.351264117554931, 51.977182751021175], [5.3522231014003765, 51.97797316257946], [5.353181820859661, 51.97915864145818], [5.353660788118465, 51.980294587145494], [5.3535804882817155, 51.98073901160036], [5.353579641056735, 51.98187482889964], [5.353259184071621, 51.982615479583686], [5.3514187641446425, 51.983849515995274], [5.34965846675756, 51.98478724491528], [5.34733822059573, 51.98572475976169], [5.345418125735941, 51.986316695055294], [5.342937930039241, 51.98705654230798], [5.340537304909531, 51.98814204455873], [5.33725618526147, 51.98967157515135], [5.331894540700232, 51.99164450387137], [5.330214645796376, 51.99169308550249], [5.329414539947415, 51.99184084822863], [5.327813058617212, 51.99307463078313], [5.326211824119451, 51.99406146878627], [5.3247703857597735, 51.99514714041635], [5.323409505054295, 51.995788391479095], [5.321409027973653, 51.99613297718919], [5.319968514829034, 51.99647784939522], [5.317167035682442, 51.99741449275843], [5.314765058500546, 51.99859822896862], [5.3131630954198386, 51.99973304904859], [5.311884148865222, 51.999040870456156], [5.312285092344142, 51.998497917799035], [5.314607595082237, 51.99701787974202], [5.316208566417184, 51.99642625622973], [5.31852971507184, 51.99568688961316], [5.317890405425475, 51.99524206923825], [5.318850974785994, 51.99484756432517], [5.321171780534676, 51.994256288104424], [5.322452370141283, 51.99381255151797], [5.322853053634915, 51.993318943314975], [5.325494570536552, 51.99208577687481], [5.327736790153153, 51.990259760788284], [5.33013860483939, 51.98858192178853], [5.334380492664263, 51.98636165349084], [5.335820682841686, 51.985917842340676], [5.337580660364583, 51.985572919401534], [5.340060175353203, 51.98547516465599], [5.343579764169614, 51.985032070459226], [5.345659566463796, 51.98468714435173], [5.349579919386557, 51.98305881271654], [5.350620271480088, 51.982269007142406], [5.350621394106743, 51.980886284851955], [5.350622677011939, 51.97930602918442], [5.349265016877184, 51.9771327360164], [5.3489460321324165, 51.97609559491921], [5.3476688106375265, 51.97357663175091], [5.349827883306374, 51.97337980127039], [5.349987075788017, 51.974268746924]]]}}, {"type": "Feature", "id": "58575", "properties": {"OBJECTID": "58575", "LOCATIEGROEP_ID": "nl.imow-pv26.gebiedengroep.003000000000000000000811", "SYMBOOL_CODE": "vsgt114", "GROEP": "aardkundig waardevol gebied", "9e750651-8e97-4bc6-b09e-fc30b5f3e83c_id": "9236", "LOCATIE_ID": "nl.imow-pv26.gebied.003000000000000000000811e116855", "DOCUMENT_URL": "https://omgevingsbeleid.provincie-utrecht.nl/home?d=/akn/nl/act/pv26/2022/omgevingsverordening/nld@1089&o=", "NAAM": "Gebied aardkundige waarden", "TYPE": "erfgoed", "LOCATIEGROEP_NAAM": "Gebied aardkundige waarden", "LOCATIE_NAAM": null}, "geometry": {"type": "Polygon", "coordinates": [[[4.969196847648016, 52.041695796747725], [4.96861956767194, 52.04191204311516], [4.967113044797671, 52.04212498537907], [4.964943286695888, 52.042280947450166], [4.963927091822811, 52.04211358029364], [4.963003281924199, 52.04153722348193], [4.962170843031913, 52.04066102808057], [4.961340252595293, 52.039593815995374], [4.961256426300324, 52.03910234354639], [4.96152526909485, 52.03874857799329], [4.96174961598739, 52.038421939293514], [4.96228393117695, 52.03806913958136], [4.963084218542867, 52.037662710077626], [4.963308032213023, 52.03739064285636], [4.96335716875078, 52.03687236203299], [4.9629649163251965, 52.03624333939111], [4.962130764067191, 52.03555814498842], [4.961073862155985, 52.03503586806808], [4.960016999478509, 52.03451358169885], [4.9583829170530045, 52.03420748226425], [4.955598856054068, 52.033869863341344], [4.953564284886871, 52.03380781355935], [4.951660855130748, 52.03390994297111], [4.950907697429253, 52.03401630828936], [4.950284855156798, 52.03436872832571], [4.949705461547998, 52.03480318012718], [4.949296602073722, 52.0358931535389], [4.949293668165429, 52.03619330403079], [4.948486869109142, 52.03725450607596], [4.948452243846019, 52.03627203729674], [4.948640976673191, 52.03507209448082], [4.948913364993583, 52.034363632594946], [4.949492241879467, 52.033983768176164], [4.9498930745494745, 52.03371238388399], [4.950559355074483, 52.0334419826406], [4.951755174773541, 52.03330996878915], [4.953039485771825, 52.03317826904739], [4.954985529132845, 52.03324000313489], [4.958123484643575, 52.03357892651338], [4.960110933799237, 52.03394088797132], [4.9619620748939095, 52.034684340599526], [4.963369043617144, 52.03561718377199], [4.963894031122826, 52.036246682244204], [4.964153832161338, 52.03684793791547], [4.964149967099588, 52.037257228905425], [4.964014136112343, 52.03758419023584], [4.963746594999555, 52.03780153419997], [4.963168320542254, 52.03812689409516], [4.962412258261908, 52.03853348366235], [4.96209814050647, 52.0389962315932], [4.962094515281719, 52.039378244099716], [4.9623108380373315, 52.03989748210182], [4.9628800952661125, 52.04052714427534], [4.963405907761659, 52.04107478277561], [4.9639777880438265, 52.04143157616447], [4.964860959612531, 52.04162575423827], [4.966276924812204, 52.04163082256666], [4.967827429521542, 52.04144534476443], [4.968803196684319, 52.0412032301939], [4.968983238747858, 52.04087642055676], [4.968766848463451, 52.0403571948555], [4.967934318549931, 52.03948103994598], [4.967632759640245, 52.038606771498365], [4.967334807412084, 52.03735048941496], [4.967080334374728, 52.03617622595713], [4.96700158446851, 52.035139029720014], [4.967189800947363, 52.033939056394416], [4.967552161992629, 52.033039864426264], [4.9677334720182165, 52.032576628845405], [4.9681814849979915, 52.03197790110643], [4.968715672666311, 52.031625062736225], [4.96907136381268, 52.031435317609], [4.9694707832723815, 52.03130029393863], [4.97013462412837, 52.031275358407996], [4.9712411034348545, 52.031224704071306], [4.972434530272567, 52.031338056807016], [4.974377770407355, 52.03169962180842], [4.9756569422056405, 52.03211341246758], [4.977155596448928, 52.03271895282432], [4.978035165093342, 52.03329504568187], [4.97780898265249, 52.033840005408976], [4.976798179651393, 52.033099733580954], [4.975652932154844, 52.03254999155377], [4.975255778075971, 52.03243945035144], [4.973932359780384, 52.03202550910688], [4.972827882448138, 52.03185789922094], [4.971457984974602, 52.0316893513161], [4.9703967502254605, 52.031631024020214], [4.969909118193064, 52.031738450109344], [4.969197975064032, 52.03209066596448], [4.968484795431594, 52.032661157932246], [4.9682134779817515, 52.033287803683145], [4.967937060600663, 52.034460176558156], [4.967749358297094, 52.03560557638962], [4.967781085376699, 52.036942774613806], [4.968122018075726, 52.03833564045664], [4.968556313864278, 52.03921037951361], [4.969299349784175, 52.04019535625815], [4.969647476210373, 52.0408242007004], [4.969600428497518, 52.0411241947458], [4.969196847648016, 52.041695796747725]]]}}, {"type": "Feature", "id": "58576", "properties": {"OBJECTID": "58576", "LOCATIEGROEP_ID": "nl.imow-pv26.gebiedengroep.003000000000000000000811", "SYMBOOL_CODE": "vsgt114", "GROEP": "aardkundig waardevol gebied", "9e750651-8e97-4bc6-b09e-fc30b5f3e83c_id": "9237", "LOCATIE_ID": "nl.imow-pv26.gebied.003000000000000000000811e116818", "DOCUMENT_URL": "https://omgevingsbeleid.provincie-utrecht.nl/home?d=/akn/nl/act/pv26/2022/omgevingsverordening/nld@1089&o=", "NAAM": "Gebied aardkundige waarden", "TYPE": "erfgoed", "LOCATIEGROEP_NAAM": "Gebied aardkundige waarden", "LOCATIE_NAAM": null}, "geometry": {"type": "Polygon", "coordinates": [[[5.516403214183878, 51.99900511184508], [5.516409455290007, 51.99911914675531], [5.5164868170882055, 51.99919826533925], [5.5166399689130055, 51.999286009948555], [5.5167819822312785, 51.99953499624216], [5.516647182656067, 51.99981180931706], [5.516296378056168, 51.99982933560273], [5.515994688335016, 51.99975494804515], [5.515599873697668, 51.99965932360445], [5.51496977928689, 51.999316770504215], [5.514470837641465, 51.99900525198595], [5.514180461177171, 51.998747722755034], [5.513949822666357, 51.99861483011922], [5.513851546820183, 51.99885678048954], [5.513824559746914, 51.999050890899866], [5.513779968929286, 51.99929193845103], [5.513705176468179, 51.999636094694715], [5.513654501999973, 51.999739513055395], [5.513259692458271, 51.99964387177296], [5.513044991464775, 51.999431199362235], [5.512885859231098, 51.99923896912875], [5.51282262549994, 51.99908089906723], [5.512767964281478, 51.998739407424864], [5.5127113545949715, 51.998351853500814], [5.512664405887819, 51.998158658186654], [5.512660137968278, 51.997690433497034], [5.512655834734578, 51.997209571457574], [5.512558644426366, 51.996790044857164], [5.512439074271533, 51.996255376674746], [5.512265875095051, 51.99574491661477], [5.512173171269581, 51.99538099460719], [5.512093124157738, 51.99490302621341], [5.511937480507264, 51.994403503489636], [5.51181499615854, 51.99380030282435], [5.511748909312323, 51.99359645836324], [5.51153634144716, 51.99307452492392], [5.511329926761832, 51.99271689725468], [5.510880125801831, 51.99220701440268], [5.5105850207614235, 51.99185847586329], [5.510255297582039, 51.991578498627234], [5.509983736869607, 51.991354923373954], [5.509425086093286, 51.99095468739416], [5.508852118303689, 51.990645190155625], [5.508170000732146, 51.990348161278234], [5.5074659658714245, 51.990018290125015], [5.506668927966718, 51.98961266716836], [5.506326206601591, 51.98896249626212], [5.506694874761756, 51.98885004837834], [5.5074945630988505, 51.98898992420146], [5.508928974146679, 51.9892897573428], [5.509998265210108, 51.98991008684035], [5.510670615934813, 51.990380164650524], [5.510915468720341, 51.990681217532895], [5.511373847333447, 51.99098203545272], [5.51186321980297, 51.99145230860728], [5.512139166011454, 51.99196046724913], [5.512169983123484, 51.99207342474388], [5.5124146972536545, 51.99231797496947], [5.512568170975025, 51.992656773115556], [5.512622900748221, 51.99324948434383], [5.512886212410309, 51.993689623169], [5.513612378254927, 51.99408797274404], [5.514007391409756, 51.99419540513876], [5.514778068481658, 51.99439848549544], [5.51531995217239, 51.99446896537998], [5.516107990880585, 51.994614718540404], [5.5169055283321295, 51.99497673816452], [5.517008008231431, 51.99516902567443], [5.516663282435421, 51.995312380687366], [5.516051871583641, 51.99535714859735], [5.51558584666228, 51.99532086110446], [5.515063053119243, 51.99524952577626], [5.514631714980348, 51.99517808898801], [5.514199155103674, 51.99507069928037], [5.513777121058228, 51.99514755402128], [5.5135825462401185, 51.99536797346988], [5.5135713268158115, 51.995504497772764], [5.513564690971561, 51.99573285820108], [5.513559552961045, 51.99600700271537], [5.513628464774944, 51.996645088169714], [5.513821747216284, 51.99709344329866], [5.51390237580748, 51.99728013938846], [5.514788055888354, 51.997903858379175], [5.515470314485412, 51.998199725005485], [5.516157668920362, 51.9981989727747], [5.516325083266117, 51.99818447081038], [5.51682917785651, 51.998232505865516], [5.5174103827917005, 51.998347864559534], [5.5178447459832425, 51.99851085018703], [5.518034202564465, 51.998564577379994], [5.518318541216166, 51.99869739313317], [5.518416375921728, 51.99877537308097], [5.518411520226846, 51.99906130985819], [5.51826610855123, 51.99913140898593], [5.518118946604095, 51.9991459001372], [5.517765058266788, 51.9991176485559], [5.5173147578772515, 51.9990344412223], [5.516938847730941, 51.99893880033559], [5.516731938325368, 51.998907570007475], [5.516526618834202, 51.998877173464884], [5.516403214183878, 51.99900511184508]]]}}, {"type": "Feature", "id": "58579", "properties": {"OBJECTID": "58579", "LOCATIEGROEP_ID": "nl.imow-pv26.gebiedengroep.003000000000000000000811", "SYMBOOL_CODE": "vsgt114", "GROEP": "aardkundig waardevol gebied", "9e750651-8e97-4bc6-b09e-fc30b5f3e83c_id": "9238", "LOCATIE_ID": "nl.imow-pv26.gebied.003000000000000000000811e116831", "DOCUMENT_URL": "https://omgevingsbeleid.provincie-utrecht.nl/home?d=/akn/nl/act/pv26/2022/omgevingsverordening/nld@1089&o=", "NAAM": "Gebied aardkundige waarden", "TYPE": "erfgoed", "LOCATIEGROEP_NAAM": "Gebied aardkundige waarden", "LOCATIE_NAAM": null}, "geometry": {"type": "Polygon", "coordinates": [[[5.51237743098737, 52.01348691522673], [5.513251193188288, 52.01508445012649], [5.512467429605298, 52.01578467291458], [5.511230897322064, 52.016325173447534], [5.510587988680459, 52.016199944238224], [5.5062242164256405, 52.0154583567008], [5.504745115997543, 52.0150664344271], [5.503362848174329, 52.01474593448311], [5.503014882064801, 52.014674741285724], [5.50253293493037, 52.01402809625604], [5.502183692586754, 52.01265252516753], [5.500750767173762, 52.01204401010558], [5.499509069725709, 52.01151659271734], [5.498123943277583, 52.01095895370588], [5.496909168244723, 52.01034357041192], [5.495781995775491, 52.00980167057088], [5.494790315058956, 52.009282115281934], [5.494597720558715, 52.00916011562428], [5.494319322626889, 52.00903706139015], [5.494108065285507, 52.00900944445836], [5.493142998574546, 52.00866062577067], [5.492356184271186, 52.008526510351444], [5.491097010111084, 52.00822849601425], [5.490343504448627, 52.00802495819716], [5.489690924492131, 52.00796822979731], [5.489300601210939, 52.007952274102905], [5.489124075111239, 52.007784465905125], [5.489189195352939, 52.007600152434435], [5.489367949073367, 52.007448879462316], [5.489605111241165, 52.00736413051587], [5.489900608425193, 52.00731359292695], [5.490235681176101, 52.0073537462372], [5.490613207075878, 52.00744947988087], [5.491155262799649, 52.00754253221234], [5.4914538749899835, 52.00756024394267], [5.491514202281353, 52.007273414639066], [5.491081569043154, 52.007167063686076], [5.4907637992854506, 52.00712689753436], [5.490427360667131, 52.00708759181277], [5.4898763423682855, 52.00694462379768], [5.489901654328356, 52.006753936138466], [5.49010727342899, 52.00660280931084], [5.490416382841486, 52.006666093367386], [5.490802546678399, 52.00665780799474], [5.4911706546046215, 52.006720103268904], [5.491580102827176, 52.00674754958555], [5.492109144569182, 52.00692065751795], [5.492510208074064, 52.0071531456694], [5.493196964373503, 52.00751823785319], [5.494015078547375, 52.0079031423925], [5.494539990136016, 52.0081481572826], [5.494703340884434, 52.008224407186525], [5.495671501144703, 52.00871870133789], [5.496112022742684, 52.008973620094025], [5.496647357534853, 52.00928405857368], [5.49741004186295, 52.00968134975893], [5.497700261127787, 52.00979707820329], [5.498205998173647, 52.00999883479799], [5.498761865841538, 52.01032020077883], [5.4994616564316345, 52.010581026417945], [5.500091820545965, 52.01093545438546], [5.500736052463472, 52.01117583282754], [5.50114864778434, 52.01125969734282], [5.501523593188686, 52.010944748256456], [5.5015400936050565, 52.010544759878314], [5.501469283852254, 52.01021104508204], [5.501296470947586, 52.00975572983825], [5.500951460314482, 52.00908872156428], [5.5004524425570045, 52.00860193821956], [5.500159541707617, 52.008167912945304], [5.499540067066031, 52.007554131038624], [5.499178737995837, 52.00720491789499], [5.49881778438553, 52.007003998706374], [5.498285116495652, 52.0067714677524], [5.497855593829269, 52.00660238350306], [5.49739159050261, 52.00636978381957], [5.496895129819782, 52.006024663018636], [5.4965083128703, 52.00576284818532], [5.496044293006255, 52.00551699465572], [5.495502917210835, 52.00522354646057], [5.495019357933985, 52.00487840581399], [5.494434807147784, 52.00446582740891], [5.494330992615073, 52.004116363971015], [5.494605307548068, 52.00398899414266], [5.494931611819999, 52.00407344469616], [5.495412529361131, 52.00422129828089], [5.495739016640346, 52.00437988967487], [5.496254616210292, 52.00466541521556], [5.496563068891186, 52.00485520993118], [5.496899392321126, 52.005137367003805], [5.497296571233511, 52.005344145419386], [5.497540626778332, 52.00532507734783], [5.497601152237319, 52.00511787961806], [5.497600037449225, 52.00466592055962], [5.497751674099078, 52.004289147549905], [5.498110286767933, 52.00425549953747], [5.498221231170242, 52.00439667950502], [5.498323498394851, 52.00452691101656], [5.498506301123106, 52.004832335101256], [5.4987590114604, 52.00506746813389], [5.4991517385477335, 52.00550583316825], [5.499671235132968, 52.00586204976627], [5.500111532919771, 52.00611695386997], [5.500414942398393, 52.00623715707021], [5.500836387721694, 52.00650358144305], [5.501139583299208, 52.006623782978075], [5.5013278247881825, 52.00673230297475], [5.501502854120685, 52.00683381577747], [5.502012556787008, 52.00735013737852], [5.502353570863113, 52.007481812639725], [5.502663497796622, 52.00738432870702], [5.502779272777124, 52.007097717717166], [5.502855778779834, 52.006765080995926], [5.502986025613378, 52.00644390509017], [5.503109307925876, 52.00624604430157], [5.503447909770293, 52.00597803380101], [5.503661586653229, 52.005802553339755], [5.503838607612453, 52.00561699720349], [5.504282368324652, 52.00484357504523], [5.50456559625855, 52.00455313705119], [5.504771592987546, 52.00423020259142], [5.5050040835830165, 52.00403139453722], [5.505323708888379, 52.00374063955273], [5.505541935826745, 52.00365700096056], [5.505706265234235, 52.003584930147845], [5.505772772377983, 52.00343543503004], [5.505967483187263, 52.00323862257318], [5.506087820078792, 52.00305312024253], [5.5062633899627595, 52.00284452519998], [5.506407429898315, 52.00276180501293], [5.506567280428166, 52.002633840201], [5.506779191027301, 52.002401901171865], [5.506938974616076, 52.00224978474438], [5.507062418216597, 52.00212297985648], [5.507294978869601, 52.00195814235284], [5.5074815471693555, 52.00195514724143], [5.507762733807925, 52.0020188997094], [5.507824245433153, 52.00213203340702], [5.507887186813065, 52.002267627000236], [5.507959302410545, 52.00259731031663], [5.507839003237954, 52.002793483479465], [5.507528762085455, 52.003267369363215], [5.507069744790061, 52.00375515810771], [5.506798114283579, 52.00403407655347], [5.506698037019389, 52.0041383779998], [5.5065396433068114, 52.004301170565014], [5.506117109533878, 52.004742863166335], [5.505623332995464, 52.005265798010065], [5.505047467432006, 52.00564106587942], [5.504460622681194, 52.00617644775246], [5.504091700082282, 52.006593928275116], [5.504118259141751, 52.00674220629672], [5.503749605652213, 52.0071821468188], [5.5035163647904515, 52.00771155504135], [5.5032771286379685, 52.00812721470453], [5.503034972486282, 52.008474333134345], [5.502827356219177, 52.00879727491106], [5.502611776095703, 52.00930334857801], [5.502471871510042, 52.009854566958936], [5.502414524870439, 52.01020965484939], [5.502358573946054, 52.01057541923829], [5.502377035821671, 52.0109405444264], [5.502408371955767, 52.01118038025472], [5.5026147096207385, 52.0115874574632], [5.502922565264184, 52.01182168230933], [5.503207925324329, 52.012041179011554], [5.503490205049633, 52.011915003163814], [5.504062221442242, 52.011759021850814], [5.505785088667029, 52.011976732669595], [5.506069493436704, 52.01237382906382], [5.506546514552532, 52.012548200949325], [5.507280650047005, 52.01253949871544], [5.51237743098737, 52.01348691522673]]]}}, {"type": "Feature", "id": "58580", "properties": {"OBJECTID": "58580", "LOCATIEGROEP_ID": "nl.imow-pv26.gebiedengroep.003000000000000000000811", "SYMBOOL_CODE": "vsgt114", "GROEP": "aardkundig waardevol gebied", "9e750651-8e97-4bc6-b09e-fc30b5f3e83c_id": "9239", "LOCATIE_ID": "nl.imow-pv26.gebied.003000000000000000000811e116936", "DOCUMENT_URL": "https://omgevingsbeleid.provincie-utrecht.nl/home?d=/akn/nl/act/pv26/2022/omgevingsverordening/nld@1089&o=", "NAAM": "Gebied aardkundige waarden", "TYPE": "erfgoed", "LOCATIEGROEP_NAAM": "Gebied aardkundige waarden", "LOCATIE_NAAM": null}, "geometry": {"type": "Polygon", "coordinates": [[[5.491747574441042, 52.14743112700148], [5.487941535775754, 52.14792785569729], [5.487595103180518, 52.14737228311574], [5.488457277459395, 52.147028034606095], [5.489218458020686, 52.146927449640465], [5.4912479013311675, 52.14648847330471], [5.491747574441042, 52.14743112700148]]]}}, {"type": "Feature", "id": "58581", "properties": {"OBJECTID": "58581", "LOCATIEGROEP_ID": "nl.imow-pv26.gebiedengroep.003000000000000000000811", "SYMBOOL_CODE": "vsgt114", "GROEP": "aardkundig waardevol gebied", "9e750651-8e97-4bc6-b09e-fc30b5f3e83c_id": "9240", "LOCATIE_ID": "nl.imow-pv26.gebied.003000000000000000000811e116909", "DOCUMENT_URL": "https://omgevingsbeleid.provincie-utrecht.nl/home?d=/akn/nl/act/pv26/2022/omgevingsverordening/nld@1089&o=", "NAAM": "Gebied aardkundige waarden", "TYPE": "erfgoed", "LOCATIEGROEP_NAAM": "Gebied aardkundige waarden", "LOCATIE_NAAM": null}, "geometry": {"type": "Polygon", "coordinates": [[[5.464193475113215, 52.11984501312005], [5.46350684840814, 52.11981164767978], [5.46338296234834, 52.119625775561154], [5.464151483186546, 52.119380146080076], [5.465016171527042, 52.1191682608078], [5.46656734616287, 52.11891364657868], [5.468118396473674, 52.118608301787276], [5.47087970720094, 52.118139669144426], [5.472858714588497, 52.11772208330253], [5.47343713717768, 52.11718658787145], [5.473823254481675, 52.11709712543429], [5.4743907362969795, 52.11722604347966], [5.476862170013363, 52.117198822222036], [5.478699621707142, 52.116796175037095], [5.478798615026794, 52.11741710520189], [5.477059736276009, 52.11771895025853], [5.4740897131486905, 52.11776722621705], [5.473390383316964, 52.11824954161988], [5.472553217750236, 52.11846992610807], [5.471057130275658, 52.11877529011272], [5.4703018626687685, 52.1187420221333], [5.4695331056787815, 52.118835534302626], [5.468847125135152, 52.11914875827494], [5.467900062742438, 52.11936072818256], [5.466431513624333, 52.11975054651654], [5.465373916332209, 52.1195822079699], [5.464193475113215, 52.11984501312005]]]}}, {"type": "Feature", "id": "58582", "properties": {"OBJECTID": "58582", "LOCATIEGROEP_ID": "nl.imow-pv26.gebiedengroep.003000000000000000000811", "SYMBOOL_CODE": "vsgt114", "GROEP": "aardkundig waardevol gebied", "9e750651-8e97-4bc6-b09e-fc30b5f3e83c_id": "9241", "LOCATIE_ID": "nl.imow-pv26.gebied.003000000000000000000811e116889", "DOCUMENT_URL": "https://omgevingsbeleid.provincie-utrecht.nl/home?d=/akn/nl/act/pv26/2022/omgevingsverordening/nld@1089&o=", "NAAM": "Gebied aardkundige waarden", "TYPE": "erfgoed", "LOCATIEGROEP_NAAM": "Gebied aardkundige waarden", "LOCATIE_NAAM": null}, "geometry": {"type": "Polygon", "coordinates": [[[5.002394412060572, 52.08272101888235], [5.002110019571257, 52.08280672663977], [5.001754087266639, 52.08320160692771], [5.001498102156541, 52.08403117316978], [5.001674456818433, 52.08450386910521], [5.000680652834891, 52.085037771652225], [5.0000980200726275, 52.085265820827196], [5.000093377281105, 52.08580237834821], [4.999821466921263, 52.08606977147217], [4.999549664056477, 52.0863243832133], [5.000023648682468, 52.08667088696782], [5.000517379357798, 52.08713242056146], [5.0005558776300525, 52.08747749279011], [5.000263323005889, 52.08773203806472], [4.999889050117902, 52.087845793938804], [4.999370140734376, 52.08789518533589], [4.998871644897742, 52.087982976015674], [4.998352177480095, 52.08809624863125], [4.998309142189091, 52.08827496120178], [4.997650793703454, 52.08844353476587], [4.997273724066509, 52.088038065540644], [4.997289814954094, 52.08769856565702], [4.997633993671734, 52.087510989044226], [4.99850659534263, 52.08733181518201], [4.9990675184636055, 52.08721868738376], [4.999177553317839, 52.08708490197066], [4.999007800606242, 52.08693104174399], [4.998776072561271, 52.086748224079564], [4.998747046781226, 52.086508586082644], [4.998766426531065, 52.08606789055446], [4.998941761056691, 52.0855798110733], [4.999301378747773, 52.08536061528303], [4.999491094498962, 52.08500671199906], [4.999571595451892, 52.084690783640646], [5.0000551367448836, 52.08452948101288], [5.000710920518039, 52.08423460255151], [5.000547412934547, 52.08365756820785], [5.000577774884715, 52.08339064865874], [5.000977544074104, 52.08319190156805], [5.001003548125971, 52.082604720787096], [5.001431011185724, 52.082191273693915], [5.002303223263741, 52.08208422721688], [5.002394412060572, 52.08272101888235]]]}}, {"type": "Feature", "id": "58583", "properties": {"OBJECTID": "58583", "LOCATIEGROEP_ID": "nl.imow-pv26.gebiedengroep.003000000000000000000811", "SYMBOOL_CODE": "vsgt114", "GROEP": "aardkundig waardevol gebied", "9e750651-8e97-4bc6-b09e-fc30b5f3e83c_id": "9242", "LOCATIE_ID": "nl.imow-pv26.gebied.003000000000000000000811e116886", "DOCUMENT_URL": "https://omgevingsbeleid.provincie-utrecht.nl/home?d=/akn/nl/act/pv26/2022/omgevingsverordening/nld@1089&o=", "NAAM": "Gebied aardkundige waarden", "TYPE": "erfgoed", "LOCATIEGROEP_NAAM": "Gebied aardkundige waarden", "LOCATIE_NAAM": null}, "geometry": {"type": "Polygon", "coordinates": [[[5.199590269310795, 52.07701723621948], [5.202245449316978, 52.07834557010461], [5.203904477374512, 52.07930974818663], [5.205254250515554, 52.080840904928785], [5.205141705792506, 52.08334714932541], [5.2032381066747915, 52.084573850773204], [5.204731408497836, 52.086870388490595], [5.204741500067374, 52.086885908487204], [5.20276498833321, 52.08765274133227], [5.199802052237407, 52.088336941509546], [5.196906682070996, 52.0885754320082], [5.194209859814076, 52.08853052264566], [5.188751894396469, 52.088116256495184], [5.1887621032837234, 52.08809755156474], [5.189879258473456, 52.086051552427826], [5.190471778762724, 52.08593097894336], [5.19369633869577, 52.08518902935199], [5.196464672277272, 52.084058563814835], [5.197930705144844, 52.08246337991924], [5.198960896680445, 52.08067339443617], [5.19921398833513, 52.079044235964794], [5.198473717039921, 52.0771277692955], [5.198620031305204, 52.07655853760863], [5.199590269310795, 52.07701723621948]]]}}, {"type": "Feature", "id": "58584", "properties": {"OBJECTID": "58584", "LOCATIEGROEP_ID": "nl.imow-pv26.gebiedengroep.003000000000000000000811", "SYMBOOL_CODE": "vsgt114", "GROEP": "aardkundig waardevol gebied", "9e750651-8e97-4bc6-b09e-fc30b5f3e83c_id": "9243", "LOCATIE_ID": "nl.imow-pv26.gebied.003000000000000000000811e116966", "DOCUMENT_URL": "https://omgevingsbeleid.provincie-utrecht.nl/home?d=/akn/nl/act/pv26/2022/omgevingsverordening/nld@1089&o=", "NAAM": "Gebied aardkundige waarden", "TYPE": "erfgoed", "LOCATIEGROEP_NAAM": "Gebied aardkundige waarden", "LOCATIE_NAAM": null}, "geometry": {"type": "Polygon", "coordinates": [[[5.2909517599432565, 52.247039274054956], [5.29134485357923, 52.24723928377748], [5.292053352176496, 52.24759993324366], [5.292578013756131, 52.24801126648712], [5.2934936312975225, 52.24846334363051], [5.292665043752151, 52.24851240502796], [5.2914910262749935, 52.24853139621846], [5.291310700073209, 52.2483315506527], [5.291104752624118, 52.248137310353066], [5.29066313034321, 52.24784697798477], [5.290247540028697, 52.24768192804915], [5.290113612622798, 52.24739416415228], [5.289777174880303, 52.24723492065667], [5.289235844463542, 52.24702859049421], [5.288973938794607, 52.24689159722601], [5.288491572249112, 52.246914573048244], [5.287861304449605, 52.24675777492987], [5.287566654298458, 52.24652672978764], [5.28713747194582, 52.246452245327795], [5.286560709288087, 52.24637764285996], [5.286185619916542, 52.24612201610503], [5.285367596163206, 52.245940139038645], [5.284469204316297, 52.24570876268793], [5.2835191979895555, 52.24531798074799], [5.282875814195518, 52.24505800057802], [5.281125269249531, 52.244920557599535], [5.280824500186554, 52.244463213396976], [5.280090744099689, 52.24413086586515], [5.279467728985223, 52.24360064950475], [5.278286617610885, 52.243169897529135], [5.27810109896211, 52.242701857927436], [5.277184938566569, 52.24207081216693], [5.276428988283788, 52.241464122468166], [5.276023034332864, 52.24019824159243], [5.276431457161857, 52.23962201242451], [5.276349560583432, 52.239197558704944], [5.275826376837081, 52.23833135317052], [5.2749984211491405, 52.2377194719673], [5.26821891419219, 52.23487374202714], [5.269051304648899, 52.23421005377028], [5.2725063465376625, 52.235576429018366], [5.276572106498354, 52.23767507150153], [5.277248965674866, 52.23835411995815], [5.277611425253916, 52.23928706658328], [5.277379869040052, 52.240306176241376], [5.277638010161265, 52.24125962558128], [5.2780727210112985, 52.2415846666453], [5.278569825415758, 52.241842930140805], [5.279004424346407, 52.24222526483073], [5.279189380637367, 52.24292246434762], [5.280230873382911, 52.243200315617536], [5.281027738665721, 52.24362336988459], [5.281711560127972, 52.24379693370218], [5.282243718534814, 52.244279179653844], [5.28598394586773, 52.245569031802845], [5.286466432040318, 52.24579180147567], [5.287653213530462, 52.246064587655056], [5.289849041024426, 52.24649095281359], [5.2909517599432565, 52.247039274054956]]]}}, {"type": "Feature", "id": "58585", "properties": {"OBJECTID": "58585", "LOCATIEGROEP_ID": "nl.imow-pv26.gebiedengroep.003000000000000000000811", "SYMBOOL_CODE": "vsgt114", "GROEP": "aardkundig waardevol gebied", "9e750651-8e97-4bc6-b09e-fc30b5f3e83c_id": "9244", "LOCATIE_ID": "nl.imow-pv26.gebied.003000000000000000000811e116871", "DOCUMENT_URL": "https://omgevingsbeleid.provincie-utrecht.nl/home?d=/akn/nl/act/pv26/2022/omgevingsverordening/nld@1089&o=", "NAAM": "Gebied aardkundige waarden", "TYPE": "erfgoed", "LOCATIEGROEP_NAAM": "Gebied aardkundige waarden", "LOCATIE_NAAM": null}, "geometry": {"type": "Polygon", "coordinates": [[[5.162270527167506, 52.06722067981973], [5.160359352343469, 52.06804951216629], [5.1595803278432175, 52.068854960853024], [5.158827994126103, 52.069660465021634], [5.1586101778178755, 52.07045052684679], [5.158284954649871, 52.07133918565282], [5.1583346059534385, 52.07208035836422], [5.158465291813389, 52.072657008617874], [5.158676732594303, 52.0731185341293], [5.158967501844946, 52.07374489239988], [5.159418485611911, 52.07440450084261], [5.160588566439812, 52.07555954842505], [5.161756177957885, 52.0772168598632], [5.1624985006769455, 52.07842046751401], [5.162211493600163, 52.078968381229465], [5.161820970332894, 52.07987131386003], [5.161431885398663, 52.080488867695415], [5.161065819930496, 52.07966083241252], [5.159362624374854, 52.0775360540071], [5.157749189203079, 52.07605850332744], [5.156829777136669, 52.074724974006486], [5.155140340129485, 52.07305698745369], [5.154529298341251, 52.07181916685468], [5.154381868393857, 52.07048713843323], [5.154772691853485, 52.06953667366198], [5.155472940886914, 52.06844412127372], [5.155939426969784, 52.06777917288742], [5.157409874586836, 52.06697348908288], [5.159574078772952, 52.0663118234968], [5.161118945429167, 52.06602942472415], [5.1634357189735285, 52.06570090854474], [5.16550232811005, 52.06559870898938], [5.167913667148437, 52.06528126604412], [5.169078424014805, 52.065256004372415], [5.1705418782697645, 52.065452800951405], [5.172272089382121, 52.06584416371309], [5.173183653367123, 52.06620489620364], [5.174157217112533, 52.06677925459892], [5.175334861397949, 52.0674898266899], [5.176310660192465, 52.06759832780092], [5.1773956122375635, 52.067939941276464], [5.1784967388701, 52.068194218194755], [5.1789679731298595, 52.06844738287557], [5.180319898352447, 52.06920377307297], [5.18216580333805, 52.07058629929797], [5.183319810107789, 52.07139685893414], [5.18439601189094, 52.07234994998932], [5.185700612025376, 52.074016858760736], [5.187162866469882, 52.07497058313791], [5.188780607398774, 52.07568674460436], [5.190334250978186, 52.076362186604506], [5.191406166260082, 52.076485696806365], [5.192328320429091, 52.076358533320665], [5.192714463513556, 52.076311606018436], [5.193580351275717, 52.07603552450134], [5.194297725221243, 52.07534218338674], [5.194969748324875, 52.074110774093256], [5.195656348139463, 52.07317283595842], [5.196119652099491, 52.07247907948998], [5.197249744327029, 52.071757042206656], [5.19860289728628, 52.07082994663019], [5.199224240982537, 52.0702831517798], [5.20023014257137, 52.069522400772755], [5.201698077165815, 52.06914422732641], [5.20265388740622, 52.06891774475964], [5.204247600896703, 52.068482338513036], [5.205869425568404, 52.06819947259081], [5.208496581147517, 52.067394934504], [5.209655885635203, 52.06696862882929], [5.211201753218271, 52.06635263879804], [5.211898526867371, 52.065782933967995], [5.212762448986933, 52.065217292333436], [5.2131993011683, 52.06471879393164], [5.213372147429909, 52.06388263625454], [5.2136056756564875, 52.063359793195986], [5.213762212694271, 52.06278928046666], [5.214459463084178, 52.06207687516626], [5.2155382918548865, 52.06245895233079], [5.215382143540811, 52.062934338150626], [5.214527082603468, 52.06455019722352], [5.213596458094585, 52.06573788136638], [5.210657238605484, 52.06744575443296], [5.2080576518869774, 52.06833103254454], [5.206329604013129, 52.06891361681249], [5.204464782263312, 52.06942779827741], [5.20216542987, 52.070586154328666], [5.200566080319944, 52.07157404717505], [5.199037869656956, 52.07261338062508], [5.198180373434008, 52.07315734224654], [5.1973495048988045, 52.07443742733595], [5.196599953139927, 52.07524811022007], [5.19599421143679, 52.07583404126769], [5.194926484056475, 52.07679092717024], [5.193050522220868, 52.07783366850283], [5.192438193708459, 52.07789300455813], [5.19039400919348, 52.07740168429911], [5.1892331388756565, 52.07738985411294], [5.18808453082798, 52.07692027098243], [5.187523733613609, 52.07640641858118], [5.184153035688408, 52.074870317527534], [5.18253800758888, 52.07358335442401], [5.180536937116986, 52.07234324865159], [5.179152536396732, 52.071294448971535], [5.178231266531534, 52.07024645458998], [5.177373908716178, 52.06959611830629], [5.1757759228937, 52.06845694523216], [5.172865216658407, 52.068039981050255], [5.16870066742886, 52.06720891031929], [5.1643197212911485, 52.06693721395668], [5.162270527167506, 52.06722067981973]]]}}, {"type": "Feature", "id": "58586", "properties": {"OBJECTID": "58586", "LOCATIEGROEP_ID": "nl.imow-pv26.gebiedengroep.003000000000000000000811", "SYMBOOL_CODE": "vsgt114", "GROEP": "aardkundig waardevol gebied", "9e750651-8e97-4bc6-b09e-fc30b5f3e83c_id": "9245", "LOCATIE_ID": "nl.imow-pv26.gebied.003000000000000000000811e116912", "DOCUMENT_URL": "https://omgevingsbeleid.provincie-utrecht.nl/home?d=/akn/nl/act/pv26/2022/omgevingsverordening/nld@1089&o=", "NAAM": "Gebied aardkundige waarden", "TYPE": "erfgoed", "LOCATIEGROEP_NAAM": "Gebied aardkundige waarden", "LOCATIE_NAAM": null}, "geometry": {"type": "Polygon", "coordinates": [[[5.372858662136292, 52.12034699229266], [5.372704197705536, 52.12038771612667], [5.372478020895707, 52.12044541820515], [5.372312512769051, 52.12049972099845], [5.372169073515111, 52.12053365958231], [5.372014640681208, 52.120520059166], [5.371865706081768, 52.12048268604841], [5.371716775848555, 52.12047588086257], [5.371595437945696, 52.12043851098651], [5.371567893875337, 52.12032985168495], [5.3716065392808865, 52.12021440614434], [5.3716065885451085, 52.12007179386622], [5.371612186320217, 52.11984429083271], [5.371661849665251, 52.11978657650757], [5.371871463984499, 52.119779808747225], [5.372070036469594, 52.11978323158309], [5.372456156666208, 52.1197934633571], [5.372522326731866, 52.11988855537204], [5.372588506646111, 52.11990893026644], [5.372654714337066, 52.11988857159846], [5.3727705736490945, 52.11979689928496], [5.372914016519807, 52.11974259320108], [5.373035365344475, 52.119742607677026], [5.373123613519834, 52.11979015555693], [5.37329458917864, 52.11984449896909], [5.373388344571894, 52.11993279879627], [5.37344899748137, 52.11998034323279], [5.373498629791511, 52.12001769400258], [5.373520675798609, 52.12011956630286], [5.373371698681613, 52.120221418895696], [5.373250344364494, 52.120234985603474], [5.373112428030324, 52.12026213106917], [5.372985559624922, 52.12025871855837], [5.372858662136292, 52.12034699229266]]]}}, {"type": "Feature", "id": "58587", "properties": {"OBJECTID": "58587", "LOCATIEGROEP_ID": "nl.imow-pv26.gebiedengroep.003000000000000000000811", "SYMBOOL_CODE": "vsgt114", "GROEP": "aardkundig waardevol gebied", "9e750651-8e97-4bc6-b09e-fc30b5f3e83c_id": "9246", "LOCATIE_ID": "nl.imow-pv26.gebied.003000000000000000000811e116833", "DOCUMENT_URL": "https://omgevingsbeleid.provincie-utrecht.nl/home?d=/akn/nl/act/pv26/2022/omgevingsverordening/nld@1089&o=", "NAAM": "Gebied aardkundige waarden", "TYPE": "erfgoed", "LOCATIEGROEP_NAAM": "Gebied aardkundige waarden", "LOCATIE_NAAM": null}, "geometry": {"type": "Polygon", "coordinates": [[[5.39377713126043, 52.01250654999768], [5.393266719373366, 52.013111380504725], [5.392715437066353, 52.013388611336175], [5.391388103498685, 52.01302326439288], [5.390448793057612, 52.012909892104595], [5.387896332459982, 52.01206574606166], [5.387283749315276, 52.01209094266852], [5.385874799323799, 52.01283433658852], [5.384731870700323, 52.013040902952916], [5.3843196049394315, 52.01253206703073], [5.383074455544633, 52.012038376489436], [5.381332114096781, 52.011231907576295], [5.376734240418276, 52.01060439384756], [5.371507483287751, 52.00946887932276], [5.3690876447426925, 52.00928933863825], [5.366753302016138, 52.00847758232813], [5.365333740541938, 52.008318041309614], [5.362285033900724, 52.00829021449318], [5.358994369435526, 52.00777178655151], [5.357152666588338, 52.00749864212559], [5.355397188183718, 52.006922007535096], [5.3551395345037625, 52.00628477768841], [5.356831586371042, 52.005910957966776], [5.359744458715373, 52.005710065576125], [5.36336501579913, 52.005593248743736], [5.367039955850426, 52.00556033294969], [5.368972706331532, 52.005510249010435], [5.371231622694995, 52.00578915255161], [5.373709050038388, 52.00623327564816], [5.377930308495075, 52.006235080205705], [5.380222903112664, 52.00688904159804], [5.382482336911097, 52.007174748885895], [5.3838740427597225, 52.00780689437844], [5.384792833481393, 52.007454113082595], [5.38607912131876, 52.007265128012044], [5.386977464010916, 52.00730293601836], [5.387773740360075, 52.00729033236589], [5.388549585042541, 52.007353322826496], [5.390019668619321, 52.00823530078027], [5.391612408741752, 52.009885849042924], [5.394523726544378, 52.01145061499876], [5.394757120629403, 52.01175048898992], [5.3945529838313195, 52.01202770520697], [5.39377713126043, 52.01250654999768]]]}}, {"type": "Feature", "id": "58589", "properties": {"OBJECTID": "58589", "LOCATIEGROEP_ID": "nl.imow-pv26.gebiedengroep.003000000000000000000811", "SYMBOOL_CODE": "vsgt114", "GROEP": "aardkundig waardevol gebied", "9e750651-8e97-4bc6-b09e-fc30b5f3e83c_id": "9247", "LOCATIE_ID": "nl.imow-pv26.gebied.003000000000000000000811e116859", "DOCUMENT_URL": "https://omgevingsbeleid.provincie-utrecht.nl/home?d=/akn/nl/act/pv26/2022/omgevingsverordening/nld@1089&o=", "NAAM": "Gebied aardkundige waarden", "TYPE": "erfgoed", "LOCATIEGROEP_NAAM": "Gebied aardkundige waarden", "LOCATIE_NAAM": null}, "geometry": {"type": "Polygon", "coordinates": [[[5.358246453957594, 52.04501692012437], [5.358209887452198, 52.04521099995418], [5.358171584443522, 52.045610960476644], [5.358114718628068, 52.04586176808775], [5.35796566435064, 52.046341758135526], [5.357723277069777, 52.046764973988076], [5.357705015841326, 52.04682563902029], [5.357647500565189, 52.04701577662054], [5.35751738152373, 52.047461499173735], [5.357460329606423, 52.04760978825785], [5.357403298213068, 52.04807884406973], [5.357235495829142, 52.04831895433703], [5.357064562028464, 52.048486871272964], [5.356956513350976, 52.048593010964034], [5.356604255487598, 52.048443502553795], [5.356567981697177, 52.04819295033762], [5.356716956739819, 52.047495288734225], [5.356960742855624, 52.04704959615365], [5.357054437429237, 52.046604709797734], [5.357104286766977, 52.04630614723901], [5.357167174834335, 52.04593063195252], [5.357138610587571, 52.045724455958315], [5.357111860433707, 52.04553064802021], [5.357187992750456, 52.0450967134699], [5.357077702732967, 52.044513295590576], [5.356892838232199, 52.044067502093945], [5.356429707106774, 52.04355309309526], [5.356077094922114, 52.04330133437297], [5.354312682515999, 52.042397554037024], [5.354168368865221, 52.04229695506553], [5.354003777266366, 52.0421817535663], [5.353685901920338, 52.04211509814544], [5.353068122832482, 52.04198571770938], [5.352494314915085, 52.04186533502969], [5.350628957418863, 52.041474348224384], [5.349947177365826, 52.04133145843802], [5.349461289320998, 52.04122962207423], [5.349614716190961, 52.04050696523321], [5.349651985651051, 52.04033143058949], [5.349734981026145, 52.0399407533947], [5.350155986580753, 52.04001981947676], [5.35043293312434, 52.04013583435538], [5.350563947053513, 52.04019072036996], [5.350955199443497, 52.04019084091828], [5.351734367691098, 52.04037448818256], [5.352328823046402, 52.04056875383614], [5.352736804994284, 52.04072896933414], [5.353480072388613, 52.04082075421759], [5.3539811604689165, 52.04105009236156], [5.354668978015633, 52.041301105197675], [5.3553931923551685, 52.04162234776391], [5.358239021553069, 52.04118458507224], [5.360634029969049, 52.04081611334047], [5.361193456009961, 52.0406412482554], [5.3613036861734775, 52.040619368412926], [5.361769240305098, 52.04052734127646], [5.362493441860274, 52.04051653797948], [5.3623812645810665, 52.04076733629937], [5.362102667811438, 52.04088244207787], [5.361681025072977, 52.0410534044437], [5.359844956070822, 52.041510731360326], [5.35789160669061, 52.04182841557035], [5.355827673084387, 52.042146038106345], [5.356522318133593, 52.042727471096086], [5.3578504609264455, 52.04383910432776], [5.357914616375566, 52.04394276187709], [5.358092711383248, 52.043961905481055], [5.358770228921826, 52.044034541043466], [5.359624545446568, 52.0440347430329], [5.360353235883829, 52.044243317252295], [5.360423132254682, 52.04426327764141], [5.360565718280855, 52.044263309782934], [5.361128497253281, 52.04426343495807], [5.3618354253085805, 52.04430937371041], [5.362449186336277, 52.04440135275667], [5.363247599484696, 52.044584649083596], [5.363251213609027, 52.04464110399895], [5.363257993292378, 52.04474783892046], [5.363264989418081, 52.044858789296974], [5.362744556501949, 52.044869630569394], [5.362521580322409, 52.04486678007295], [5.361907999006257, 52.04485850751789], [5.361239067665537, 52.04488082409294], [5.360236325705735, 52.04474325314944], [5.358248051916675, 52.04466273589733], [5.358246453957594, 52.04501692012437]]]}}, {"type": "Feature", "id": "58590", "properties": {"OBJECTID": "58590", "LOCATIEGROEP_ID": "nl.imow-pv26.gebiedengroep.003000000000000000000811", "SYMBOOL_CODE": "vsgt114", "GROEP": "aardkundig waardevol gebied", "9e750651-8e97-4bc6-b09e-fc30b5f3e83c_id": "9248", "LOCATIE_ID": "nl.imow-pv26.gebied.003000000000000000000811e116905", "DOCUMENT_URL": "https://omgevingsbeleid.provincie-utrecht.nl/home?d=/akn/nl/act/pv26/2022/omgevingsverordening/nld@1089&o=", "NAAM": "Gebied aardkundige waarden", "TYPE": "erfgoed", "LOCATIEGROEP_NAAM": "Gebied aardkundige waarden", "LOCATIE_NAAM": null}, "geometry": {"type": "Polygon", "coordinates": [[[5.4886891333515395, 52.11099142862566], [5.488777588945411, 52.111500351716025], [5.4881624619395195, 52.11196561447808], [5.487520662139121, 52.11199461930484], [5.487330607071095, 52.11196316137853], [5.486785514205047, 52.111609541681155], [5.486810274992652, 52.1111985354809], [5.487148605108748, 52.110945326325826], [5.488149688296728, 52.110855958063254], [5.4886891333515395, 52.11099142862566]]]}}, {"type": "Feature", "id": "58591", "properties": {"OBJECTID": "58591", "LOCATIEGROEP_ID": "nl.imow-pv26.gebiedengroep.003000000000000000000811", "SYMBOOL_CODE": "vsgt114", "GROEP": "aardkundig waardevol gebied", "9e750651-8e97-4bc6-b09e-fc30b5f3e83c_id": "9249", "LOCATIE_ID": "nl.imow-pv26.gebied.003000000000000000000811e116973", "DOCUMENT_URL": "https://omgevingsbeleid.provincie-utrecht.nl/home?d=/akn/nl/act/pv26/2022/omgevingsverordening/nld@1089&o=", "NAAM": "Gebied aardkundige waarden", "TYPE": "erfgoed", "LOCATIEGROEP_NAAM": "Gebied aardkundige waarden", "LOCATIE_NAAM": null}, "geometry": {"type": "Polygon", "coordinates": [[[4.937827496003915, 52.25400010295946], [4.936885419130107, 52.25427165448814], [4.936456741631403, 52.25444034087833], [4.935918525212806, 52.2548837447904], [4.935616860063362, 52.25515772082683], [4.935291990979719, 52.2556150411923], [4.935332287649041, 52.255851028471135], [4.935841330930923, 52.256180510185644], [4.936603377376747, 52.25682539570387], [4.937728530328321, 52.25745856223223], [4.938749322031798, 52.25785548890396], [4.93942974277688, 52.25813320566924], [4.940299668849539, 52.25867365886239], [4.940702301653866, 52.258976526206325], [4.940358586854308, 52.259184851613504], [4.939423547901767, 52.258748959958695], [4.937976648577108, 52.2582587081415], [4.936723526567797, 52.25761195212818], [4.9362570199523335, 52.2572957409997], [4.935536066910149, 52.25680822647184], [4.9347090598519, 52.25625478876235], [4.9339680031224376, 52.25564927539249], [4.933907147141741, 52.2553346006844], [4.934126096166418, 52.2547982699787], [4.934770009780077, 52.2544600956332], [4.935414164868856, 52.254095719003566], [4.936015074761223, 52.25378357318709], [4.936679766032389, 52.25349786717426], [4.937022379382901, 52.253394364917085], [4.937919485954518, 52.25334537029026], [4.938943761871126, 52.25338856369342], [4.939839286225062, 52.25349677365216], [4.940544811385748, 52.25339462536959], [4.941290251178216, 52.25356776074693], [4.941864533155104, 52.253779550620386], [4.94273768877812, 52.25399247101682], [4.944036877777481, 52.25429868659107], [4.944971232539364, 52.254800043367375], [4.945373732237016, 52.255115989866795], [4.945793937837448, 52.25579885052775], [4.946237182169585, 52.256311466187995], [4.946594404360975, 52.25688927212346], [4.947169143037296, 52.25706173360731], [4.947848311136953, 52.25747041347497], [4.9478877709662665, 52.25779809642405], [4.947840681003548, 52.25824337859934], [4.9470930499402375, 52.25827990109674], [4.946216933540575, 52.2583552435515], [4.946003177494728, 52.25838065449179], [4.945386253301807, 52.2581556214052], [4.944495182454244, 52.257588917890054], [4.944262683114883, 52.257352213806], [4.944008702349106, 52.25712853303097], [4.943820741631992, 52.25670857933257], [4.943821655174965, 52.25661687040727], [4.9434643405575285, 52.256052159946805], [4.943105466493172, 52.255644658541314], [4.942766774157278, 52.2553551529449], [4.94253391767894, 52.25515774798725], [4.941789349446351, 52.25489291148272], [4.941150880075614, 52.254693983432766], [4.940619016525839, 52.25450855013072], [4.939938000100153, 52.25429635036618], [4.939128893193071, 52.25408365211147], [4.938212006786692, 52.25397536464176], [4.937827496003915, 52.25400010295946]]]}}, {"type": "Feature", "id": "58592", "properties": {"OBJECTID": "58592", "LOCATIEGROEP_ID": "nl.imow-pv26.gebiedengroep.003000000000000000000811", "SYMBOOL_CODE": "vsgt114", "GROEP": "aardkundig waardevol gebied", "9e750651-8e97-4bc6-b09e-fc30b5f3e83c_id": "9250", "LOCATIE_ID": "nl.imow-pv26.gebied.003000000000000000000811e116934", "DOCUMENT_URL": "https://omgevingsbeleid.provincie-utrecht.nl/home?d=/akn/nl/act/pv26/2022/omgevingsverordening/nld@1089&o=", "NAAM": "Gebied aardkundige waarden", "TYPE": "erfgoed", "LOCATIEGROEP_NAAM": "Gebied aardkundige waarden", "LOCATIE_NAAM": null}, "geometry": {"type": "Polygon", "coordinates": [[[5.496271636776615, 52.14734144966653], [5.49389687109705, 52.14763109556432], [5.492950003153043, 52.14540182417115], [5.495557051722562, 52.14453740197899], [5.498068397174833, 52.14408918124466], [5.49860403021584, 52.1457533251005], [5.498890894547163, 52.14737686103117], [5.498658562394464, 52.14736385986163], [5.49859617010486, 52.147355038799674], [5.498589038101694, 52.147359961952105], [5.497255147502442, 52.147285294787274], [5.496955605625416, 52.14727040266546], [5.496663009855198, 52.147293711088516], [5.496529747954093, 52.14730995924952], [5.496336874235077, 52.147301186145235], [5.496271636776615, 52.14734144966653]]]}}, {"type": "Feature", "id": "58593", "properties": {"OBJECTID": "58593", "LOCATIEGROEP_ID": "nl.imow-pv26.gebiedengroep.003000000000000000000811", "SYMBOOL_CODE": "vsgt114", "GROEP": "aardkundig waardevol gebied", "9e750651-8e97-4bc6-b09e-fc30b5f3e83c_id": "9251", "LOCATIE_ID": "nl.imow-pv26.gebied.003000000000000000000811e116955", "DOCUMENT_URL": "https://omgevingsbeleid.provincie-utrecht.nl/home?d=/akn/nl/act/pv26/2022/omgevingsverordening/nld@1089&o=", "NAAM": "Gebied aardkundige waarden", "TYPE": "erfgoed", "LOCATIEGROEP_NAAM": "Gebied aardkundige waarden", "LOCATIE_NAAM": null}, "geometry": {"type": "Polygon", "coordinates": [[[5.24975765282476, 52.191625991567776], [5.24930002968251, 52.19141508803848], [5.249244093461276, 52.19114462229898], [5.24890357155499, 52.19110933329373], [5.24870596815705, 52.19076019223219], [5.2483936995303795, 52.19076855306065], [5.248167076679009, 52.190620004525364], [5.247897448981245, 52.19061095973406], [5.247826014895549, 52.19075915760566], [5.247867919818145, 52.190977280042425], [5.24776826272518, 52.191073108144224], [5.24741342035552, 52.19108141613651], [5.247001915886941, 52.19105475589644], [5.246680835269761, 52.19104635731228], [5.246361602224833, 52.19101327034075], [5.24635161639304, 52.19080391265141], [5.245798767430503, 52.190593915555425], [5.245588013498171, 52.19046165810354], [5.245437534613434, 52.19037759373613], [5.2451717054460945, 52.19029223114334], [5.244916571540996, 52.190187251288066], [5.24472521825922, 52.19010851153539], [5.2444804398066704, 52.190095138757854], [5.244374194835358, 52.19003613074401], [5.24435340484824, 52.18987909623983], [5.244165988476585, 52.189790994956695], [5.24383979279809, 52.18972081768959], [5.2436128256617005, 52.18968565111933], [5.243584861787066, 52.18955477148668], [5.243400592614837, 52.18948476542134], [5.243197008837977, 52.1893504092243], [5.243101441008742, 52.18927833569103], [5.242835242008566, 52.189310717665215], [5.242760994692782, 52.189225583539645], [5.242516766512655, 52.18904864578538], [5.24233645053055, 52.18885216533684], [5.242209287343468, 52.18867537938941], [5.242220592018007, 52.18847259055476], [5.2421467233311665, 52.1882762403609], [5.241998328159812, 52.1880863417322], [5.241711163761743, 52.18802056563396], [5.2416908443722505, 52.187964564038495], [5.24141351075246, 52.18790244840316], [5.241254381931365, 52.187745242508335], [5.2409036040138846, 52.18760088561394], [5.240787031337632, 52.18744373176433], [5.240606593688775, 52.187293041756334], [5.240298748160548, 52.18704406333269], [5.240011815649128, 52.18690632631246], [5.239576173531749, 52.18668335045726], [5.239438468677669, 52.18648038451715], [5.239258147919459, 52.186296976633585], [5.239002898733001, 52.18623778604442], [5.23881341158355, 52.186006208844006], [5.238695635359209, 52.185818708236425], [5.238515218525738, 52.18566147181604], [5.238456161528216, 52.18541025775829], [5.238424641791829, 52.1852942742408], [5.238313388301585, 52.1851469393502], [5.2380821493055425, 52.18506814744527], [5.237954749512978, 52.18497476413527], [5.237979192922673, 52.184827600261336], [5.238027523557606, 52.18469517972617], [5.238091559059717, 52.184641288253644], [5.23877519438913, 52.18348007708377], [5.238857891359433, 52.183129392320154], [5.238287791482183, 52.18295327628539], [5.238166389046702, 52.18269002945373], [5.238228288955619, 52.18246460115911], [5.238538471752188, 52.18227540115764], [5.238115807070973, 52.182162016478806], [5.237104529786125, 52.18144439138313], [5.2371782432245135, 52.18088514099801], [5.237117197667502, 52.18005095921931], [5.237122720783748, 52.18005200883268], [5.237194808909738, 52.17993655191826], [5.237415842621172, 52.179858790420994], [5.237531754961465, 52.17985893733195], [5.2376198053393255, 52.179940479250234], [5.237740911796359, 52.18003564364771], [5.237873072032681, 52.180130821891815], [5.237983288325681, 52.18018185964763], [5.238055160272274, 52.18014801208982], [5.238105000129873, 52.18010057393976], [5.238160211619963, 52.180003187785], [5.238160553984471, 52.17990063625161], [5.2382108483337335, 52.179808897257196], [5.238288367251077, 52.17973435046676], [5.238487109582887, 52.17972441752669], [5.238514834227219, 52.179683737225645], [5.238608838463189, 52.17963295701025], [5.2387524328180035, 52.17960938251152], [5.238984166069742, 52.179636825934296], [5.239253126737721, 52.17968100606459], [5.239806407770202, 52.17969214161551], [5.240402529027973, 52.17968948644426], [5.240678495839357, 52.17969322646956], [5.240821911274411, 52.179723945149156], [5.241069686048902, 52.17990747926769], [5.241272533412604, 52.179992557824065], [5.241437960986438, 52.18004366053745], [5.241665249563337, 52.18008125852237], [5.241885849047953, 52.18013921442574], [5.242156170866904, 52.180180270802936], [5.2423162497117595, 52.18017706980393], [5.2425098000167445, 52.180068724178], [5.242675489277959, 52.18003499766229], [5.242885007343237, 52.18010650987136], [5.2430944603699405, 52.18019837922356], [5.243342447632378, 52.180324224456676], [5.243629173598223, 52.180416195911725], [5.243782302942324, 52.18051478143921], [5.244085857588584, 52.1805253238552], [5.244284468052961, 52.18055270774125], [5.244361547645933, 52.180617271168], [5.244410802379901, 52.18074627112374], [5.244642306678162, 52.18084834765346], [5.24461978474478, 52.18098743518602], [5.244658243876227, 52.18104516593339], [5.24462491052235, 52.181112993339674], [5.244823101581584, 52.18128656398788], [5.245274416495291, 52.18145557619216], [5.245633185639576, 52.181595840361105], [5.245868207448142, 52.18175296056812], [5.246142626967774, 52.18186187132235], [5.246299826561036, 52.181906450131066], [5.246583147409723, 52.18191021206846], [5.24677184282911, 52.181968489334125], [5.246934720444327, 52.182044396867134], [5.247378753106673, 52.1822513302563], [5.247636964595597, 52.18246298595042], [5.247739792573085, 52.18262382893921], [5.247827202736364, 52.18291347716184], [5.247777600827954, 52.1830883500567], [5.247580918785112, 52.18322083306464], [5.247292374345456, 52.18330418701664], [5.2471376378046015, 52.183362811481935], [5.247203675824017, 52.183426236436276], [5.247503781724936, 52.183503465121575], [5.247805282599079, 52.18364938018061], [5.248085932573581, 52.18373491620293], [5.24828559326552, 52.18382488626015], [5.248775813251902, 52.18417279878148], [5.248882573710368, 52.18426573280255], [5.248975072679149, 52.18428955111567], [5.24907074414177, 52.184304115534616], [5.2492349311357716, 52.18436253094179], [5.249363902151586, 52.18440874442255], [5.2495563337404905, 52.18445970541217], [5.249689261361872, 52.18447958861815], [5.249886345672115, 52.18451082605794], [5.25008331773527, 52.18457869769003], [5.250211187501445, 52.184750784403086], [5.250284037218662, 52.18491717181958], [5.250297451040185, 52.18502993148446], [5.250180607585578, 52.185147726177625], [5.250272212313735, 52.185268449882756], [5.250463089174084, 52.18549436587991], [5.250869744196917, 52.185642030479634], [5.2510641683828325, 52.185727576698014], [5.251359438824075, 52.185719261187806], [5.251605485487421, 52.18552450656252], [5.251809022891848, 52.18553210104442], [5.25198215650022, 52.185690531125445], [5.252478293634628, 52.18594501475214], [5.25218434453715, 52.18613970746726], [5.2519684861955085, 52.18624985887255], [5.25209491641064, 52.18633145176174], [5.252296510870628, 52.186388054140636], [5.252662894681896, 52.186550074129585], [5.252986408875935, 52.18673082897704], [5.25319406557735, 52.18680998731571], [5.2535724224006906, 52.18691671556215], [5.253983725048247, 52.187004407440256], [5.254256940763745, 52.18715694301284], [5.254522239478366, 52.18725796845957], [5.254628217936161, 52.187384385209796], [5.2547516951250355, 52.187660622598756], [5.254848590036313, 52.18770457408101], [5.254971235263831, 52.188025471101], [5.254825775243094, 52.188203475118215], [5.254578947945692, 52.188345728258255], [5.254491823559288, 52.18839908140397], [5.254230808748618, 52.18844333194286], [5.253998789085754, 52.18847870759744], [5.2537232814809585, 52.18852293168841], [5.253549083097408, 52.18861182271751], [5.253490807381793, 52.188709742724136], [5.253316474227905, 52.18884316822972], [5.253214801872872, 52.18891432692351], [5.253141887096098, 52.18906568110897], [5.2529678193860105, 52.18911002746244], [5.252417248681268, 52.18903813580333], [5.252098326164387, 52.189055585588264], [5.251822840099904, 52.189090907260585], [5.2516342248131895, 52.189153048969786], [5.2517063336244005, 52.18926894058015], [5.251850986830439, 52.189367092283874], [5.2520824318757935, 52.1895188030231], [5.252270563384418, 52.18961700391464], [5.252361070208568, 52.189660707455246], [5.252528275985283, 52.189860725770686], [5.252517052178664, 52.190056981405284], [5.252389173402678, 52.19010262885271], [5.252271737747846, 52.1902202450845], [5.252186087277387, 52.190383699773264], [5.252068536673923, 52.19053403156216], [5.251791377968297, 52.19066455090581], [5.2516101945037, 52.19074285230669], [5.251429095296519, 52.19078843763144], [5.251449890756454, 52.1909520050404], [5.251387228771199, 52.19113837767555], [5.251352026437182, 52.1913887036608], [5.251308180825067, 52.191504462106835], [5.2511195546070315, 52.19156660296339], [5.250757597860381, 52.19143256274334], [5.250308356883272, 52.191396415206434], [5.249938788012294, 52.19138966801638], [5.24975765282476, 52.191625991567776]]]}}], "properties": {"sourceId": "agrest-ov-gebied-aardkundige-waarden", "title": "Omgevingsverordening — Gebied aardkundige waarden", "serviceUrl": "https://agrest.geodata-utrecht.nl/rest/services/Omgevingsverordening/FeatureServer", "layerId": 0, "role": "conditional", "authoritative": true, "licenseNote": "Structured open data of provincie Utrecht on agrest.geodata-utrecht.nl; service is anonymously queryable; no license statement exposed by the endpoint itself (platform presented as open data).", "lastChecked": "2026-10-05T07:01:26Z", "where": "NAAM='Gebied aardkundige waarden'", "fetchedAt": "2026-10-05T07:01:30Z", "userAgent": "ldttoolbox-geoconnector/0.1 (wind-turbine opportunity-map PoC; cache-first, single-page politeness; open data of provincie Utrecht via geo-point.provincie-utrecht.nl)", "pages": 1, "featureCount": 187, "bbox": null, "simplifyM": null, "queryFingerprint": "{\"bbox\": null, \"simplify_m\": null}", "crs": "OGC:CRS84/WGS84 (RFC 7946 default, no crs member)"}}