{"type": "FeatureCollection", "name": "agrest-ov-gebied-beperken-bodembewerking", "features": [{"type": "Feature", "id": "59637", "properties": {"OBJECTID": "59637", "LOCATIEGROEP_ID": "nl.imow-pv26.gebiedengroep.003000000000000000000813", "SYMBOOL_CODE": "vszt023", "GROEP": "maatregelengebied", "9e750651-8e97-4bc6-b09e-fc30b5f3e83c_id": "60", "LOCATIE_ID": "nl.imow-pv26.gebied.003000000000000000000813e117180", "DOCUMENT_URL": "https://omgevingsbeleid.provincie-utrecht.nl/home?d=/akn/nl/act/pv26/2022/omgevingsverordening/nld@1089&o=", "NAAM": "Gebied beperken bodembewerking", "TYPE": "bodem", "LOCATIEGROEP_NAAM": "Gebied beperken bodembewerking", "LOCATIE_NAAM": null}, "geometry": {"type": "Polygon", "coordinates": [[[4.839716211293209, 52.18305311744971], [4.843895874122081, 52.18094222189335], [4.84425741184627, 52.18042837500072], [4.844691486537792, 52.18023824194274], [4.845625915688625, 52.18019641510996], [4.84921044712275, 52.17940455529014], [4.849248065842626, 52.17940945446145], [4.849335065877251, 52.17942348581596], [4.849442973146542, 52.179432713862795], [4.849586577010936, 52.179437709236005], [4.849642287906105, 52.17943724391628], [4.849750218871427, 52.17943844545049], [4.849907798691797, 52.179429006323055], [4.849978318084801, 52.17942266714088], [4.850125488231746, 52.17939983307409], [4.850319688184175, 52.17936527659565], [4.850400695741123, 52.179348783414916], [4.850469503258185, 52.179332809940746], [4.850641973695043, 52.179287521248604], [4.8507355191973165, 52.17925818696252], [4.852286405589128, 52.1791748593273], [4.852331788788445, 52.17918091620883], [4.852381386919557, 52.17918418789548], [4.852497186284614, 52.17917416052965], [4.8525894804511855, 52.17916249862442], [4.852627785436265, 52.17915650629689], [4.855323716059711, 52.17901159154419], [4.855419197654037, 52.17896671293723], [4.855428493803421, 52.178965703214615], [4.855465082153651, 52.178957715872926], [4.85551473450103, 52.17894171608856], [4.855581828673365, 52.17891717529039], [4.855641082572051, 52.17889047796552], [4.855794480937293, 52.178815713907696], [4.85587379337778, 52.17878047823144], [4.855975777399503, 52.178726002233766], [4.856175364707602, 52.17862881361232], [4.856359259431261, 52.1785417824936], [4.856575389630475, 52.178441395940276], [4.85681418148329, 52.178333551864256], [4.857053832256839, 52.178228380617924], [4.857447768595478, 52.17803720260748], [4.857730237510039, 52.17788043295661], [4.8580962209610545, 52.17770838880889], [4.858287948442447, 52.177622261646555], [4.858404698373048, 52.17757475255009], [4.858524942197986, 52.177527249999436], [4.858840379934925, 52.17739700531437], [4.858974591218979, 52.1773329279308], [4.8595707210649275, 52.177035455933336], [4.860095323464648, 52.17679356726601], [4.860789291810999, 52.17646860909496], [4.860896878511146, 52.176420328641335], [4.861208982210828, 52.176270289048254], [4.861452376329358, 52.176153306281066], [4.862219954110681, 52.17577698623086], [4.862786749037014, 52.17550767994739], [4.8629968174909495, 52.17542052111439], [4.863241047158486, 52.175317487849], [4.863392520161616, 52.17525141482848], [4.863566008628706, 52.17516673513293], [4.863771072782336, 52.17506349106206], [4.864087376623217, 52.174908941511774], [4.8645753627848105, 52.17467237139502], [4.86563618995404, 52.174168645243476], [4.865670557500028, 52.174151297352616], [4.865783792270206, 52.17409413923464], [4.8664469408304765, 52.173782305080735], [4.866686511840227, 52.17366737991311], [4.866868637940766, 52.173585573695824], [4.867023699464689, 52.173510415931894], [4.867078502401907, 52.17347933405665], [4.868195548589757, 52.1729434487149], [4.86836695150951, 52.17290329763855], [4.868488760179431, 52.172842417612806], [4.868690234021965, 52.172745566715534], [4.868828732154945, 52.17267245500296], [4.868892640020899, 52.17264390196844], [4.869005088480528, 52.17256690965428], [4.869131172548138, 52.172510326054955], [4.86924572042033, 52.17247027466755], [4.8695964224136725, 52.17234265475236], [4.869656825593611, 52.17231621610585], [4.8697041626880315, 52.17229078971941], [4.869775112571279, 52.172257449484], [4.870211782785003, 52.17201622700116], [4.870441061242967, 52.171897222498146], [4.870689732044809, 52.17179758180805], [4.87086254779844, 52.17171813750089], [4.871014510644755, 52.171631689924475], [4.871062572061272, 52.17159912065417], [4.87118476549051, 52.17154099887083], [4.8712240699120795, 52.17151858370925], [4.871288629466875, 52.17149407685738], [4.871475271885921, 52.1714323266687], [4.871604475822756, 52.17136832992919], [4.8717650745290175, 52.17129207562309], [4.871981613165667, 52.17117683242371], [4.872370871585598, 52.170998751836095], [4.872500882732198, 52.170944392840106], [4.872865836099411, 52.17075287533468], [4.873037728303046, 52.170679311006616], [4.873203620067649, 52.17059235505038], [4.873476858739364, 52.17045259392322], [4.873559810807314, 52.17040724168258], [4.873646217668533, 52.170367791596604], [4.8738477644730995, 52.170286787176465], [4.87398558282826, 52.17023832971131], [4.8743666326227055, 52.1701282195221], [4.874423345002467, 52.17010316454327], [4.874553409564656, 52.17003862005182], [4.874715900729245, 52.16993291608584], [4.874910525537043, 52.16984334114086], [4.875212478093501, 52.16970737675565], [4.875272702946687, 52.16967804031387], [4.875412274868035, 52.16962423190928], [4.875523960933905, 52.169578930985026], [4.8755954804112625, 52.169548699599], [4.875730077893227, 52.16948628565791], [4.875923621783149, 52.169402672435154], [4.876014680454068, 52.169365119276506], [4.876092792971561, 52.16931946566901], [4.876176991857549, 52.16927331705598], [4.876366692484918, 52.16915114566131], [4.876432480618633, 52.16911453440297], [4.8765218624676505, 52.169072695280114], [4.876680385818296, 52.1690038944027], [4.876831178305063, 52.168925954975954], [4.877043316011708, 52.168818880594856], [4.877176425101214, 52.16876226486256], [4.8772701532736065, 52.16871730712354], [4.8774025358638, 52.168652580766654], [4.87751748967678, 52.168585702753006], [4.877740099316535, 52.16847653318764], [4.877849627694942, 52.16842515381318], [4.877983584752501, 52.168369610411986], [4.878104431642715, 52.168317758329074], [4.878362087564021, 52.1681921647801], [4.878539063115597, 52.16810953643635], [4.878837799189155, 52.16797291078581], [4.879000819418743, 52.16789235180949], [4.879344172049757, 52.16773828241726], [4.879597592174648, 52.16760410232795], [4.879691676994698, 52.16756334162968], [4.879871193889756, 52.16748687904424], [4.880028507849606, 52.167421933349615], [4.880089307093221, 52.1673903768736], [4.880324696265608, 52.16726300260418], [4.880572205122188, 52.167137872981364], [4.88104674021666, 52.16694307056055], [4.881272735441527, 52.166844496806334], [4.881322883934718, 52.166821396743984], [4.881570447020842, 52.16669359581129], [4.882017365815067, 52.16648944942531], [4.8827368390642185, 52.166130964243436], [4.883202300544182, 52.16591467786533], [4.883414265697455, 52.16582025550481], [4.883547232348443, 52.16575402376027], [4.88376130015963, 52.16564410534434], [4.883980444893124, 52.1655401223342], [4.884058636401494, 52.16550817958698], [4.884376956007252, 52.16536868434608], [4.884524511217964, 52.165311142199066], [4.884644225079551, 52.16525335547865], [4.884713945249347, 52.16521170506871], [4.884889293344137, 52.16511963182074], [4.8850758604108995, 52.16503193829346], [4.885292960809678, 52.164940239823466], [4.8853561824956895, 52.16491618698741], [4.885540641709965, 52.164842918592015], [4.886109085643788, 52.164576168087414], [4.886231186527676, 52.1645280250996], [4.8862797884412466, 52.164436508227865], [4.886409339653036, 52.16420238872335], [4.886456642555873, 52.16417968786058], [4.886610717874074, 52.16415530077698], [4.886754734798178, 52.164099862023036], [4.887053944385655, 52.16395805848919], [4.887270392120358, 52.16385724871729], [4.887369758635848, 52.163805529863794], [4.8883187855644366, 52.16335019264212], [4.888512444140249, 52.1632609597509], [4.888662856294712, 52.163199074293814], [4.888749257195615, 52.16315901095402], [4.88882076674152, 52.16312532011677], [4.888867622566086, 52.16310841370269], [4.888944315949514, 52.1630790499629], [4.889012462836203, 52.16304936247642], [4.889153141403985, 52.16298732744833], [4.889236161702181, 52.16295020655837], [4.889320077137196, 52.16290882005672], [4.889336410903614, 52.162898894240534], [4.889353223437658, 52.162889285023994], [4.889370500124588, 52.16287999234537], [4.8893882407641485, 52.1628710341796], [4.889406416127046, 52.16286241040333], [4.889425011498574, 52.16285412994222], [4.889545600561041, 52.162800575331474], [4.889694652214322, 52.162734602244846], [4.889768414110223, 52.16270195395747], [4.890055023008105, 52.162573086458856], [4.890291514589919, 52.16249936472716], [4.890542112656656, 52.162421378633944], [4.8906425228289345, 52.16236980523308], [4.890778070913123, 52.16230085284065], [4.89083881138042, 52.16227195105985], [4.890900514154985, 52.16223930527264], [4.89093430492439, 52.16222085107489], [4.890967616986809, 52.162202071284256], [4.891000450142219, 52.162182983876384], [4.891032789876172, 52.16216357980265], [4.891064650703002, 52.162143868112466], [4.8911113816757705, 52.16211567127767], [4.891152962687844, 52.16209058961094], [4.891274639958288, 52.16202422083398], [4.891301867167696, 52.16201375630056], [4.891334423374736, 52.16199852351535], [4.89136485342392, 52.16198523219749], [4.8913947621303695, 52.161971507254385], [4.8914241350788625, 52.161957330649805], [4.891452928126595, 52.16194272916281], [4.8914811557877025, 52.16192771184288], [4.891508788833382, 52.161912278567684], [4.891582099003129, 52.1618674214622], [4.891690943658032, 52.16180363186402], [4.8917157889140634, 52.16178785427634], [4.891742547580054, 52.161770862340354], [4.891765067762383, 52.16177231408607], [4.891862456605455, 52.16177938306635], [4.892178256131188, 52.16179792033835], [4.892272620186264, 52.161592759132176], [4.892188145896494, 52.16157563309141], [4.8920789634503095, 52.161550098355484], [4.891981299037429, 52.161527074583], [4.892264156644437, 52.16139124720496], [4.890178682541728, 52.16083937829163], [4.8897006561587135, 52.16067503051432], [4.888815398915133, 52.16037843689121], [4.888715385958759, 52.160344929380614], [4.888560947831593, 52.160293188722314], [4.887574434214757, 52.15995816524852], [4.88748787865636, 52.15993287483257], [4.886231260429255, 52.15956574102871], [4.884969276579, 52.15921232266743], [4.88395502983272, 52.15892806810573], [4.883820363118282, 52.15889032803922], [4.883508929030904, 52.15880304616639], [4.8834517756855735, 52.15878861901636], [4.88312794649839, 52.15870685582249], [4.883101622520593, 52.15869946303203], [4.882714718148537, 52.158590779590696], [4.881593610548248, 52.158275865752316], [4.880659718388634, 52.15801910689863], [4.880523169786603, 52.157981561693084], [4.880230596161594, 52.157897201315905], [4.880113739184725, 52.15786296695283], [4.879953230461777, 52.15781594355339], [4.879905186694417, 52.15780255151073], [4.8795784230727826, 52.15771144526717], [4.8795012883635955, 52.15768993750989], [4.879235211937881, 52.15762237052136], [4.879153191548001, 52.15759873829323], [4.878601307909935, 52.157439707674556], [4.877513508643445, 52.15714098704561], [4.8767183438087, 52.15692262676566], [4.873732648818533, 52.15611215085253], [4.873819668263034, 52.15330289908139], [4.873866051464601, 52.15318436825393], [4.873866767851492, 52.15260104448147], [4.873896184709239, 52.152037799071564], [4.873922889815594, 52.15140533351445], [4.873973476586151, 52.1510086395067], [4.874006376392039, 52.15052351558808], [4.874006340667718, 52.15049738705159], [4.874006333967953, 52.15049542761857], [4.874006309781922, 52.150482277935886], [4.8740062778055036, 52.1504596367949], [4.874006218603091, 52.150422839291586], [4.8740061795423655, 52.15040208561877], [4.8740060606074485, 52.15032218096871], [4.874009570578421, 52.14973716133209], [4.874026735517507, 52.148574266606914], [4.87403749807945, 52.14842600986392], [4.874043873086062, 52.148119219995294], [4.87405026018615, 52.147811369568096], [4.874061681923082, 52.1475040263794], [4.874073353476674, 52.147289351531604], [4.874085547022014, 52.147116967938715], [4.874087413988442, 52.147090542067154], [4.8740894201370395, 52.147062175371964], [4.874090484310109, 52.147047124938716], [4.874091705994263, 52.147029810190176], [4.874125690868776, 52.146549049871474], [4.874190145332062, 52.14607515408762], [4.874192369521465, 52.14604814553705], [4.874207163705701, 52.145868052430124], [4.874295456492939, 52.14407159839317], [4.874318869895746, 52.14359505219189], [4.874328272625724, 52.143437801291185], [4.8743515816146346, 52.14295883678125], [4.874382961939781, 52.142313807167575], [4.874392605522097, 52.1422500335532], [4.874408284653042, 52.141736970858986], [4.874420869962621, 52.14134065015446], [4.874433700107645, 52.141279227285395], [4.8744349561419895, 52.14120545837933], [4.874434996341753, 52.141203229504036], [4.874444356143023, 52.14065648778142], [4.874466968496199, 52.14002292457078], [4.874493444750417, 52.13942173527169], [4.874518480819272, 52.13883141526054], [4.873988024422005, 52.13882252937995], [4.8658851294415335, 52.13738627310032], [4.864510239944036, 52.13737034695718], [4.864376695835946, 52.1373634364978], [4.8642786210637174, 52.13735997277854], [4.8641757426381975, 52.137356334881034], [4.8640888386833225, 52.13735567089709], [4.863906778669615, 52.13735427017725], [4.863652925452147, 52.1373391402873], [4.863547820696322, 52.13733478189922], [4.863194095308572, 52.137326245323], [4.862979472346694, 52.1373202134449], [4.862663379045242, 52.13731007184821], [4.862581011020262, 52.13730751245332], [4.862516632290985, 52.137305509387744], [4.862515054817563, 52.13730550237121], [4.862367667099482, 52.13730452313359], [4.8620663752731765, 52.137301465510205], [4.861807582973677, 52.13729899189258], [4.861720886831356, 52.13729805744511], [4.861611586929698, 52.13728652409969], [4.861486062328235, 52.13727592501489], [4.861168125702052, 52.13727351895169], [4.860893489448623, 52.137259512820044], [4.860637790250982, 52.137251172204586], [4.859991655948429, 52.13725193534863], [4.859667103371518, 52.13725935563625], [4.859258825946517, 52.137264090397515], [4.859083185746017, 52.13725963702395], [4.858837032820738, 52.13723707109423], [4.858633524061038, 52.137233732580434], [4.858229890981335, 52.13723113230663], [4.857590678436601, 52.137240694728], [4.857236611377121, 52.137232785886475], [4.857067800564857, 52.137233842946756], [4.856632801226338, 52.13722675497423], [4.856042779284582, 52.13722080103298], [4.855619044171893, 52.13720863681056], [4.855553605612145, 52.13721226071912], [4.8553870572039495, 52.13721100663416], [4.855330685869292, 52.13721003342603], [4.8552856816766, 52.13721126859844], [4.855238666869632, 52.13720961848717], [4.8550810933861905, 52.13724584896412], [4.855019663416982, 52.137259970810796], [4.854544578674506, 52.13725442899008], [4.852581423472883, 52.13803826451272], [4.851585740899494, 52.139449457999106], [4.849626184723467, 52.139375811925625], [4.848436916859002, 52.13916489981597], [4.848361052950211, 52.13914001572592], [4.848164490037046, 52.139074897541974], [4.848043961498458, 52.13901450378791], [4.848003465851158, 52.13899422124645], [4.847942243257075, 52.13897989294943], [4.847851601746727, 52.13896792881426], [4.8476136250522535, 52.1389429500646], [4.847527658347324, 52.13893942893662], [4.847484850063694, 52.13893768712637], [4.847452435425511, 52.138937727566045], [4.847412571871064, 52.138944942388], [4.847362975964831, 52.13895488100113], [4.84724542384419, 52.13898913601913], [4.847207509102199, 52.13901034521539], [4.847159503919077, 52.13904455896348], [4.847037262280914, 52.13912350822942], [4.846988010108852, 52.139153312016326], [4.846276796123028, 52.13947397592843], [4.843297267939004, 52.13930764826969], [4.84206016549095, 52.13966370992644], [4.841777048586351, 52.14077635374987], [4.840213260466167, 52.14141082041869], [4.839014533567017, 52.14106161302406], [4.838164655794476, 52.14081436994906], [4.8380077418805305, 52.14064986684321], [4.838001124215821, 52.14064156695569], [4.837988964630842, 52.140632522216066], [4.8379723941302055, 52.14062579385229], [4.837946497088187, 52.140617224435836], [4.837928441553589, 52.14061246653979], [4.8378995722225495, 52.14060801781265], [4.8378224458473476, 52.140607658651845], [4.837580275180795, 52.14062882114818], [4.837553600999542, 52.14063473688863], [4.837550317797213, 52.14063562939192], [4.837281570901536, 52.14055744748249], [4.836992414414866, 52.14187269823257], [4.836862171463929, 52.14233565337228], [4.836733344119825, 52.142780728574806], [4.835639487483435, 52.14266182068395], [4.835376380705086, 52.14297059075417], [4.8346770190240145, 52.142937962067], [4.834619362849983, 52.142931651991994], [4.834128194636676, 52.14287649110724], [4.834124626270262, 52.14291218421037], [4.83408024106159, 52.14291010658038], [4.834089101705537, 52.143383624714296], [4.832828155142189, 52.14475441737586], [4.832800794713457, 52.144747107289106], [4.832731280263014, 52.14472143407755], [4.832647472060472, 52.14467034711887], [4.8325805296165045, 52.14462581084218], [4.832461017328637, 52.14453231169406], [4.832384906046068, 52.14446734711753], [4.832360279376063, 52.14449518437177], [4.8323029277215745, 52.14449009698894], [4.832178042113458, 52.14447871476708], [4.83199133095091, 52.14439085809568], [4.831992091324379, 52.144388452856134], [4.831994641005559, 52.144371387413955], [4.831993553397437, 52.14434136195043], [4.8319871687472595, 52.14431436752057], [4.831982423134285, 52.14429654869403], [4.83196078759201, 52.144274156311596], [4.831915290333067, 52.14424392182235], [4.831805258096124, 52.14418713817816], [4.8316478851867695, 52.14410390414533], [4.831501528844047, 52.144034707320216], [4.831439767009292, 52.14400722729017], [4.831375890434016, 52.14397007502586], [4.831229721564619, 52.14390231684295], [4.83114719748092, 52.14386334186129], [4.831022680650116, 52.14381078552891], [4.8309069518783145, 52.14375292256752], [4.83081620991584, 52.14370756298056], [4.830759590755717, 52.14367544200511], [4.830749718178884, 52.143670496907646], [4.830723790748892, 52.14365612842413], [4.83059703245435, 52.143584236585774], [4.830559803392873, 52.14355417539712], [4.830380906230002, 52.14344594096687], [4.830215702038211, 52.14334914089576], [4.830144341198829, 52.14330781807754], [4.830021665941303, 52.14326477881206], [4.829877111496136, 52.14322837715402], [4.829728781967296, 52.143226408982585], [4.829632227747079, 52.143238392244015], [4.829592291131456, 52.14324155605484], [4.829562980746815, 52.14324193882123], [4.829523535793982, 52.143240826582755], [4.829484828127206, 52.14324150645462], [4.829483733192244, 52.143241447349425], [4.8281592795655275, 52.142805320988685], [4.828146168384943, 52.1427965493555], [4.828132292287275, 52.14278936499517], [4.828119143349025, 52.14278127627806], [4.828100876424091, 52.14276891191685], [4.828079687152367, 52.142755428161934], [4.8280603311367, 52.14274487423524], [4.828049361734308, 52.14273656214912], [4.828002606290151, 52.14270330914085], [4.827955116516196, 52.14266803929075], [4.827906523206113, 52.14263457080376], [4.827901411415067, 52.1426309692917], [4.827783816374741, 52.142562883863775], [4.827770666919935, 52.142553680576135], [4.8277491137195065, 52.142542442067985], [4.8277198858864985, 52.142526942735735], [4.827658893339406, 52.1425002103676], [4.827606644147733, 52.14247639564541], [4.827514231860361, 52.14244472347995], [4.82746456321882, 52.14242832715895], [4.827403940351827, 52.14241058454483], [4.8274002848261555, 52.14240968636107], [4.827339292749224, 52.14239576191812], [4.8273032220201655, 52.14238775307329], [4.827239209677601, 52.14237353561141], [4.827117958453163, 52.14234434178613], [4.82692329210913, 52.142300544000136], [4.8266986622734125, 52.14222776959536], [4.826693922868557, 52.142227099931155], [4.826471851529682, 52.14217633121172], [4.826237747657079, 52.142149629007875], [4.826005484226454, 52.14214156749654], [4.825819851566545, 52.142155586585666], [4.823399179823929, 52.14213422726344], [4.822550264394, 52.14204824910341], [4.822436596142186, 52.14201696554566], [4.822397253005671, 52.14201367627752], [4.822109417973214, 52.14198960278033], [4.821849061454259, 52.14196903082405], [4.8218099379029535, 52.141966865929206], [4.82178017692612, 52.141963667320496], [4.821753070372167, 52.141958504037305], [4.821685783218682, 52.141942362369896], [4.821614693567475, 52.141926561958485], [4.821593124307876, 52.14192250376314], [4.821582494367111, 52.14192210225861], [4.821576634776317, 52.141908385229414], [4.821509094473649, 52.14192838354929], [4.821478096284343, 52.14193867012625], [4.8214566984911, 52.14194414015438], [4.821363863263118, 52.14198432128305], [4.821303826559361, 52.14201854774689], [4.8212849510291695, 52.142032478693025], [4.821280011890264, 52.142036050253886], [4.820647136688773, 52.142234247900696], [4.82061212246837, 52.14223633575773], [4.820587583702208, 52.14223603813445], [4.820565398144853, 52.14223449347001], [4.820561123999829, 52.14223400555667], [4.819942749523154, 52.14188016368667], [4.819938612744942, 52.1418723151253], [4.819933789997551, 52.141860966879015], [4.819932683037226, 52.14185610796084], [4.819933924716105, 52.14185036152275], [4.819936930727874, 52.14184372475485], [4.8199300423649944, 52.14183398444044], [4.81991709187035, 52.14181846256483], [4.819906766189911, 52.14180331283596], [4.819896611642738, 52.14179769135661], [4.819884644811262, 52.14179673499321], [4.81987647596158, 52.141795796893966], [4.819869172151376, 52.14179576176823], [4.81985953797296, 52.14179517614619], [4.819657847009064, 52.14166459700179], [4.819586857062771, 52.14161805640561], [4.8194438099671215, 52.14152047587617], [4.819402920112233, 52.14149756604104], [4.8192659426063, 52.14142475885545], [4.819080771703618, 52.141329051329535], [4.819026752368163, 52.14129786296954], [4.81902647688477, 52.14129769985619], [4.818997879336715, 52.14128118572207], [4.8188386272394705, 52.14119446495679], [4.818732441224042, 52.14114726889589], [4.818721023758276, 52.141142189504315], [4.81868999591253, 52.14112840496569], [4.818546857514167, 52.141062362275946], [4.8184752449379955, 52.141029318185595], [4.818391526769827, 52.140992476613675], [4.818266022032417, 52.14092064934784], [4.817376660542816, 52.139979405690625], [4.817328189933575, 52.139893667330504], [4.817266165087493, 52.1397860492369], [4.8172354659566645, 52.139742038767494], [4.81723296058822, 52.139732319466596], [4.817188150930482, 52.13967224190783], [4.817172020613838, 52.139654187674005], [4.81716076258942, 52.13964352726115], [4.817136811105509, 52.13962022210341], [4.817098497840233, 52.13958565729238], [4.816976969889559, 52.139501444197386], [4.816914028695083, 52.139467982659504], [4.816884265308997, 52.139458266390555], [4.816794343085998, 52.13936309655774], [4.816624837983177, 52.139378877894124], [4.816565286201778, 52.1393671389328], [4.816287432994077, 52.13937397371262], [4.816222963456334, 52.139375558172695], [4.816118937175528, 52.13939191636213], [4.815966212969532, 52.139436486128595], [4.8156615211195914, 52.13954405443404], [4.8154300479961565, 52.13963063002884], [4.813483121927325, 52.140250122605956], [4.813467422988091, 52.140249758631896], [4.813370167410306, 52.140247128418046], [4.813356747355969, 52.14024562503219], [4.813317100586925, 52.140238852836745], [4.813261064686905, 52.140227452887245], [4.813198583364743, 52.1402106286604], [4.813152508500459, 52.140193677513416], [4.813111094566534, 52.14017324365466], [4.813056599486748, 52.140139722289916], [4.812996409582835, 52.14009466835173], [4.8128957338759895, 52.140017239717935], [4.812819831180097, 52.13995248806389], [4.812749038875852, 52.13988907351561], [4.812677533459673, 52.139832279714746], [4.812521932421062, 52.13968681260255], [4.812491140885863, 52.139650350474994], [4.812424858316834, 52.13957938068867], [4.812312065406965, 52.139490207907976], [4.812079580789307, 52.13930319975709], [4.8119198527498925, 52.13920624770542], [4.811824147423416, 52.13915150149469], [4.811715101663764, 52.13908912210163], [4.811609733366558, 52.13903611721339], [4.811505427267334, 52.13899138651085], [4.811194258426494, 52.1389028621854], [4.810968351680752, 52.13884063943812], [4.810776733894015, 52.13879278509345], [4.810710735403443, 52.138768014799105], [4.8106888563263555, 52.138756465955595], [4.810624727846369, 52.13871923818782], [4.810613873371996, 52.13871253390076], [4.8105889937144335, 52.13869353717141], [4.8105627741058745, 52.13866518621023], [4.810439993178974, 52.13851286596222], [4.810332036860436, 52.138484025388685], [4.810325515198008, 52.13848228574643], [4.810286209896798, 52.1385227379367], [4.810098654868188, 52.13841385482971], [4.809889447815641, 52.1382318906526], [4.809874342300471, 52.13820036718107], [4.809831350472193, 52.13818134455757], [4.809659485555062, 52.13803184817104], [4.809597988142079, 52.13795058178332], [4.809589366147147, 52.13793957401863], [4.809581887090583, 52.137930549243436], [4.809573496784933, 52.1379242164511], [4.809563924026157, 52.13791895644603], [4.809554933197954, 52.13791387905289], [4.809543596059634, 52.13790950922111], [4.809507208817559, 52.137899390126506], [4.80868466715999, 52.137183883672435], [4.808725629407019, 52.13699071342087], [4.808755346545918, 52.13694283544689], [4.808797124499648, 52.13685243972031], [4.808825697557589, 52.13678912345718], [4.808901974234206, 52.13662896900371], [4.8089785795821385, 52.136420819363856], [4.808999344080777, 52.136351352832605], [4.809013837870896, 52.136269811432356], [4.809020526024171, 52.136204500329384], [4.809024156795519, 52.13612713011135], [4.809024013119718, 52.13609647979812], [4.809023837655288, 52.136061515014454], [4.809027493021899, 52.13602737794196], [4.809024462337417, 52.135990691413106], [4.80901982914782, 52.135964962578385], [4.809000004813805, 52.13591668889058], [4.80896677932635, 52.1358430029063], [4.808915459262814, 52.135767969860204], [4.808909236322724, 52.135758987148265], [4.808863840276721, 52.135693474614], [4.808843061919335, 52.13567377855484], [4.808813751818439, 52.13565871449804], [4.808758223850779, 52.13563794920871], [4.808723871079061, 52.13562879258309], [4.80868106105639, 52.13561851588944], [4.808630642184906, 52.13560928043743], [4.808613190009608, 52.13560344241256], [4.808583499432974, 52.13559520743031], [4.808477384191017, 52.13555567824191], [4.808460872683584, 52.135550518921285], [4.808440753327675, 52.135544236352615], [4.808170820966047, 52.135328265407324], [4.807639850174131, 52.13479683944029], [4.807704257885166, 52.13463967437214], [4.8079369309461635, 52.13440793407903], [4.807984457717517, 52.13434722776014], [4.807996980120944, 52.13432769506671], [4.808013439702195, 52.13429739591483], [4.808019956116562, 52.134267946752644], [4.808021939482619, 52.13425015993761], [4.808021644297853, 52.13422786785479], [4.808022246397328, 52.13420396230927], [4.808022383914705, 52.13419335695728], [4.808021988505473, 52.134178794198654], [4.80800524798412, 52.13405054085156], [4.807996589097996, 52.134019938591656], [4.80799881254302, 52.13398363734767], [4.808008460691446, 52.13389739839771], [4.808352275385412, 52.133058441597676], [4.808933241368365, 52.131974514845524], [4.808554535845931, 52.13120816939964], [4.807974023158813, 52.129945934355], [4.808026735975746, 52.12919422530946], [4.808052180238106, 52.129146650057066], [4.80806257315791, 52.12912791582314], [4.808071186314123, 52.129112408588945], [4.808075979569781, 52.12908401154344], [4.8080940982613445, 52.129022459664874], [4.8080651248244255, 52.12894798526243], [4.808045656872094, 52.128927738196936], [4.808045440617758, 52.128927521419016], [4.808057747867494, 52.12875210587593], [4.806845846376919, 52.12742078030868], [4.805357790991123, 52.126818521430145], [4.804097706928074, 52.126542904584525], [4.803139867783853, 52.125905631200126], [4.803137885486683, 52.125900875627], [4.803106191349496, 52.12582306083351], [4.80310826429176, 52.125753862155584], [4.8031109307198285, 52.12568394736217], [4.803113826129804, 52.12564454855554], [4.803117322585555, 52.12559715324972], [4.803125948701894, 52.125562861142825], [4.803118621062366, 52.125542511576995], [4.8029968743681595, 52.12540735557257], [4.8029847544049655, 52.12539390315312], [4.802892862687194, 52.12529853277891], [4.802849236539258, 52.12525325890073], [4.8028282879317565, 52.125231520562274], [4.8027795368875195, 52.12518507976472], [4.802725341054957, 52.1251529930437], [4.802664232698961, 52.125113501731576], [4.802600843089514, 52.12505975282001], [4.8025510003660115, 52.125055479036], [4.802439397495928, 52.125045919567654], [4.8024093884893055, 52.1250347422757], [4.802317487856607, 52.12498705367219], [4.802209845729722, 52.124931530117664], [4.802096796482825, 52.12488859903727], [4.802064039905545, 52.124879834832704], [4.802056487337018, 52.124877819961], [4.801980656694714, 52.12485754386925], [4.801864874252256, 52.12484492511052], [4.8018389108832205, 52.124842639082175], [4.8017971726059265, 52.1248406342721], [4.801708378084752, 52.124841272058326], [4.801664541347313, 52.12484339134477], [4.801403678249075, 52.12484748878698], [4.80134081641306, 52.124852749194396], [4.801152507424472, 52.1248530090076], [4.801150521429103, 52.124853008126685], [4.801134895208137, 52.12485531234098], [4.800783099026846, 52.12490725895394], [4.800772602717111, 52.12490812355539], [4.800757910779558, 52.12490933580788], [4.800732733866041, 52.124914998995614], [4.800676185290402, 52.124923220589885], [4.800620004636211, 52.12493344835066], [4.800589388935521, 52.1249418258504], [4.800553638723009, 52.12494976434518], [4.8005264706222945, 52.12495804213196], [4.800513538956931, 52.12496198652854], [4.800467232661966, 52.12497533729526], [4.80042128257319, 52.12498824939541], [4.8003892291591805, 52.12500157217588], [4.800369545565997, 52.12500814346112], [4.800269200860691, 52.12498979358877], [4.800249707274457, 52.12498412390152], [4.800215291233103, 52.12498053710194], [4.800136173941358, 52.12497816589017], [4.800106625777103, 52.124981973596434], [4.800021732910943, 52.12499683085763], [4.7996423698811705, 52.1250616337243], [4.79950131475853, 52.12508304180784], [4.799272388961888, 52.1251236059287], [4.799272902084992, 52.125129001393695], [4.79925777234252, 52.12519787428264], [4.799158442408665, 52.12521115792366], [4.799132754181679, 52.12521458915306], [4.799065470319817, 52.12522512932479], [4.79886711329878, 52.125253072902005], [4.798820126986186, 52.12525922908879], [4.798762579072655, 52.125266761680194], [4.798722263396963, 52.12527203431711], [4.79848086762086, 52.125295762740144], [4.797114851133815, 52.12473259439147], [4.797104135042905, 52.12472466712636], [4.797100086845665, 52.12472159088919], [4.797096919516533, 52.12471815953227], [4.797083400322029, 52.12470465455555], [4.7970799123453185, 52.1247011766528], [4.797075782476128, 52.12469875614326], [4.797070927969072, 52.12469591855126], [4.797051482405145, 52.12468665330116], [4.796998936684163, 52.124662661548655], [4.796993122016412, 52.12466065504894], [4.796981734855501, 52.12466041829665], [4.796978332596861, 52.124660401269296], [4.7969694692020015, 52.12466035691012], [4.796952540417458, 52.12465955312927], [4.796936585334612, 52.12465910475845], [4.796592618675472, 52.12451729288781], [4.796035220023264, 52.12443279754281], [4.796019535816058, 52.124427335000114], [4.795818190673939, 52.12439761725722], [4.795763786369869, 52.12439165491045], [4.79489779639163, 52.12426036864565], [4.793706649536265, 52.124040200778396], [4.793692977011062, 52.1240361322285], [4.793689050654168, 52.12403489906366], [4.793490841428945, 52.123972736782214], [4.7934307036554245, 52.12394884901647], [4.793384510972, 52.12393049625382], [4.793238486519699, 52.123875382376106], [4.793172015151634, 52.12384792123303], [4.7931462515580385, 52.12383727528119], [4.792902222351651, 52.123657531443286], [4.792895805200681, 52.12365144106799], [4.7928534226775525, 52.12361125701774], [4.792628901079356, 52.12342192164807], [4.792623095959155, 52.123417029771836], [4.792596840484361, 52.1233928989396], [4.792571510259709, 52.12337605319699], [4.79253516295384, 52.123342164224646], [4.792461812666815, 52.123279775850015], [4.792424360812529, 52.12324111753346], [4.792370200931705, 52.12318951283751], [4.7923534164818395, 52.123173528075675], [4.792345364100412, 52.12316413974513], [4.792325817672999, 52.12313076688366], [4.7923048149545036, 52.123094905932994], [4.79229235916167, 52.12307296585403], [4.792212359061395, 52.122932112858024], [4.79219592307636, 52.12279786327132], [4.792188625887818, 52.12276247591515], [4.792144908301755, 52.122580334426594], [4.792089217954878, 52.122441994850796], [4.792084459419466, 52.12243089739057], [4.792060911269318, 52.12238117274841], [4.792042722601054, 52.122311683160284], [4.792082773564297, 52.12230531491674], [4.792080915419615, 52.122292434455204], [4.792094697158133, 52.12228605947287], [4.792379505682025, 52.12226023519684], [4.792505557752434, 52.122209296707844], [4.792530956031548, 52.12219903444047], [4.792727755677445, 52.12211951048546], [4.792855377761555, 52.12206794137717], [4.7929020192809855, 52.12204909451506], [4.792992586298187, 52.12201249259745], [4.793038229449848, 52.121994045119635], [4.7931380327837285, 52.12194805202968], [4.793246959799105, 52.12189784440748], [4.793453689090172, 52.121803817381924], [4.793483292160951, 52.12179026842785], [4.793608979622104, 52.12172810967079], [4.79370074263642, 52.121682722784584], [4.793852989599999, 52.12160743086881], [4.793883621248062, 52.12159227810438], [4.7939532772306475, 52.12155782627723], [4.794162199875217, 52.12146223611594], [4.794298867339084, 52.12140438325571], [4.794464109191122, 52.12133450385951], [4.794488079095744, 52.12132397333551], [4.794594386240284, 52.12127730164003], [4.7946897329416345, 52.12123460148776], [4.794691569130671, 52.12123377481212], [4.7947452555924315, 52.12120877874751], [4.794729951617999, 52.121193457894655], [4.795216936184817, 52.12097855119385], [4.795366826391358, 52.120913249353364], [4.7952801553491815, 52.120836837198475], [4.79547033883672, 52.120748889497236], [4.795478536721581, 52.12074510166463], [4.795522523348179, 52.12072476638612], [4.795626974535896, 52.120678021534275], [4.79584491547454, 52.120580055821726], [4.795938645695564, 52.12053793078993], [4.796499020570505, 52.12028314664845], [4.796708011815208, 52.12018812758312], [4.7969384345034, 52.12008335538281], [4.797116575666389, 52.12000236453424], [4.797298833990178, 52.11992356915468], [4.797388247956379, 52.11988411783999], [4.79743831634107, 52.119860864142794], [4.797972625813812, 52.11961269279484], [4.797999422708574, 52.11960024322533], [4.798508008516726, 52.11937681124562], [4.798578032349589, 52.11934604369112], [4.7986845363443384, 52.119299261447914], [4.798774231063173, 52.119253824355006], [4.7988166534632475, 52.11923673377119], [4.799258532916061, 52.11903663161076], [4.7995037473548585, 52.11892533083695], [4.799548371818668, 52.118905069147175], [4.800077192610604, 52.11866503121216], [4.800231128567667, 52.118595159381904], [4.800357829667569, 52.11853668366348], [4.800635674756436, 52.11840845638476], [4.800717908616962, 52.118370503820145], [4.800972644545372, 52.11825294663967], [4.801322127756971, 52.11809164679804], [4.801431518802752, 52.118041371034884], [4.802043557778148, 52.11776006843593], [4.802372872229676, 52.117610853389394], [4.802577530349873, 52.11751813041403], [4.802835797420165, 52.117401108046394], [4.8028744697006225, 52.11738359295603], [4.803188909388142, 52.11724041389737], [4.8036127373753015, 52.11704775616025], [4.803641231275404, 52.11703481037385], [4.803929099752185, 52.11690568121005], [4.803985421868879, 52.11688042434709], [4.804636554545007, 52.11658814735038], [4.804840342749591, 52.1164953532484], [4.804934143097695, 52.116452133871114], [4.80515208948209, 52.116351706266705], [4.805389755396334, 52.11624263904166], [4.8061493062253025, 52.11589406529509], [4.806442570768573, 52.11576089394865], [4.806563001367186, 52.11570620967418], [4.806891718719712, 52.11555903741268], [4.807215572957026, 52.1154140514129], [4.807239686056205, 52.11540325835422], [4.807485926227104, 52.115288584510864], [4.807738595373432, 52.11517229691049], [4.807837784982862, 52.11512624347284], [4.808142447256667, 52.114984764902005], [4.808406113189301, 52.11486232803012], [4.808630884046665, 52.11475906927588], [4.809057407809216, 52.11456541657334], [4.809478934600181, 52.11437403882739], [4.809532037417708, 52.114348862422716], [4.809589884916402, 52.11432143522504], [4.810213321032183, 52.114025774108164], [4.810433100871205, 52.113925103071836], [4.811191761653387, 52.11357941377957], [4.811289552469798, 52.11353486063197], [4.811776227702097, 52.113313107214665], [4.811973069779844, 52.113223421789854], [4.812385622266699, 52.11303543238837], [4.812800826325172, 52.11284532426572], [4.812977551483562, 52.11276436557047], [4.813329458082932, 52.1126031409538], [4.813364482629759, 52.112587096722265], [4.8141809667007, 52.11221301532393], [4.814360212676669, 52.11213089835062], [4.814402578514412, 52.1121115278955], [4.814931187513237, 52.111869759764595], [4.81499058666209, 52.111842634068644], [4.815471137051661, 52.111623181653066], [4.815695294393283, 52.11152081431673], [4.815844457913855, 52.111452696689575], [4.816175514880681, 52.1113015012534], [4.8166271951069835, 52.11109441588144], [4.816707313142358, 52.11105769132908], [4.8170132963054355, 52.1109169872783], [4.817343433390672, 52.110765181918566], [4.817652085086154, 52.11062324874372], [4.817816388267701, 52.11054768763734], [4.8179828053918605, 52.11047115679583], [4.818188726135433, 52.110378466855515], [4.818268319144714, 52.11034264651966], [4.818444418892127, 52.11026338439986], [4.819059368416609, 52.10998658285219], [4.819086443395717, 52.10997660160075], [4.819153133440331, 52.109952016649686], [4.819334923704003, 52.10987042571531], [4.819396723221758, 52.10984238358555], [4.81967739840633, 52.10971145575131], [4.820001327241677, 52.109563154441126], [4.820210606054246, 52.10946745710639], [4.820505365543853, 52.10933290988006], [4.820728662158275, 52.10923097828354], [4.820868618477545, 52.109167088465725], [4.821003772851949, 52.10910541348161], [4.821256631220148, 52.10900551036351], [4.821582648911583, 52.108873582240065], [4.821987896866376, 52.10869695730165], [4.822421730929359, 52.108496658203194], [4.822446017126052, 52.108485440431124], [4.822616049128184, 52.1084069340005], [4.822764819242743, 52.10833824850026], [4.823045634065156, 52.10820859865731], [4.82312282309244, 52.108172952305964], [4.823429492559841, 52.1080313630966], [4.823534095598098, 52.10798525048479], [4.823593281581836, 52.10795915309385], [4.823765936005725, 52.107883048404645], [4.8240998925045115, 52.107723395763216], [4.824240414004204, 52.107654435319894], [4.824362338852047, 52.10759005080462], [4.824469098694033, 52.10754058608046], [4.8248572930452145, 52.107363564323016], [4.824912213951092, 52.1073387132642], [4.825023376824279, 52.10728841516062], [4.825102652901593, 52.10725254377646], [4.825314741101429, 52.1071510893818], [4.825346991044983, 52.10712515935211], [4.825363889464472, 52.107108144347364], [4.825379801010051, 52.107087187811686], [4.82538346027435, 52.10707710252638], [4.825388510061809, 52.10706323085197], [4.825388390105325, 52.10704141595049], [4.8253838452468765, 52.107020919203734], [4.825372155357493, 52.10699517526083], [4.825332285431467, 52.10690732347561], [4.825290455771542, 52.10682326433854], [4.82525329180875, 52.10675590051076], [4.825218584241261, 52.106691703232514], [4.825167596362848, 52.10659653593491], [4.825150604833427, 52.10656523895898], [4.825116565269607, 52.106502500918666], [4.825050023939598, 52.106389408873085], [4.825049838598686, 52.10638905745004], [4.824987475064749, 52.10628038949793], [4.8249414598468245, 52.106196130501544], [4.824933020629677, 52.10618470222028], [4.824881308695299, 52.10611469826247], [4.824784265858452, 52.10597223098587], [4.824716912933255, 52.10587040605483], [4.824477871442106, 52.10550900076361], [4.82438949402095, 52.105403075538476], [4.824320522532217, 52.10539052233261], [4.824289755211206, 52.105382223149], [4.824260235664197, 52.10537452313575], [4.824236168692699, 52.10536966245461], [4.824227579282423, 52.105369028219556], [4.823231609789647, 52.10503924623045], [4.823161493745333, 52.10150907624392], [4.8231890543866704, 52.10037949056099], [4.823214860875308, 52.099590180525944], [4.823231170199176, 52.09880396183565], [4.8233995522066, 52.09732545311292], [4.831392867271889, 52.09735884545512], [4.831321242125282, 52.09756881356551], [4.841298645638002, 52.09799448895468], [4.841271302831581, 52.09827365234725], [4.844436972397234, 52.098419227781996], [4.844379681658412, 52.102060068535344], [4.844798028707751, 52.10234911245391], [4.845393803780749, 52.102244524082145], [4.847976224064578, 52.10110578684689], [4.852021067349494, 52.10398759023802], [4.8559968990430695, 52.10090579230127], [4.865249583568737, 52.107518062088296], [4.866176627650615, 52.10707583723659], [4.870414996239492, 52.107149488940046], [4.8714822857084785, 52.111070148191516], [4.878653375319575, 52.11109831926996], [4.88763151196029, 52.11106328376837], [4.887596547032015, 52.11167600104029], [4.887577563296979, 52.11167519256592], [4.887556818110214, 52.11168569269432], [4.8875420996927765, 52.11209472555206], [4.887541159400724, 52.11223238392494], [4.887539601509665, 52.112456631418006], [4.887537334365129, 52.11250533752919], [4.88754307356978, 52.11260703568527], [4.887543283831608, 52.11260912182462], [4.887396674428908, 52.11517778667175], [4.892557575297073, 52.115902356824265], [4.892550615871391, 52.11609452085276], [4.892542818274399, 52.116429682526444], [4.893248609037847, 52.116430528774266], [4.893359209536327, 52.11642880787899], [4.8933653791072675, 52.11654697370308], [4.893371066621634, 52.116655915684184], [4.893802324440745, 52.11665489857771], [4.8938564479865265, 52.11665220387529], [4.893925866370538, 52.116648746218495], [4.894091965435228, 52.1166494318958], [4.894139666198635, 52.11664926283503], [4.894190257968134, 52.11664907887707], [4.89419256245532, 52.11660429167234], [4.894194049468227, 52.11657537408701], [4.8942056501427755, 52.11634963176958], [4.894206970099255, 52.11627497288948], [4.894489059340138, 52.1162828390175], [4.894774165500454, 52.116293844937495], [4.895101336816961, 52.11630465719923], [4.907856741586836, 52.118734193642176], [4.909092684494179, 52.115655908019534], [4.912368831171263, 52.116303778316286], [4.916789718919619, 52.11741786662179], [4.9440449959008985, 52.12746618116331], [4.961051443937335, 52.13336660350631], [4.965747741778904, 52.12766078027882], [4.969139139846182, 52.128616102396684], [4.9663099917374804, 52.132090806005], [4.96259646825268, 52.136602952899665], [4.962949005017933, 52.1366055424954], [4.9607106714792994, 52.13961224714426], [4.958227770888608, 52.13918404192175], [4.950609828577076, 52.146374792861394], [4.950558698896559, 52.146360842941256], [4.950319647099643, 52.14632401478892], [4.950240692922767, 52.14630634850015], [4.950206187040915, 52.146298616808785], [4.949307894436773, 52.145938613310236], [4.9439680824306995, 52.14443959008003], [4.941558184930097, 52.14710233861439], [4.939275171327822, 52.14659163841082], [4.936231644018133, 52.15010198841806], [4.929650591006216, 52.14802031814131], [4.922504091215891, 52.155562312499896], [4.917380655093347, 52.160617794628905], [4.9144431940036455, 52.16370478341438], [4.915983559186303, 52.164134020248675], [4.922037404655393, 52.165667075087775], [4.919851865369022, 52.169075818836355], [4.923181157729967, 52.16993731746895], [4.920480485205648, 52.17352838892567], [4.922815002445824, 52.173900919825584], [4.923308039432697, 52.17417940215485], [4.929180853864113, 52.1681034657667], [4.931539102304951, 52.17128885535077], [4.932469306088006, 52.172486780481435], [4.931386597228667, 52.173699600641534], [4.93389232539751, 52.17429973635237], [4.934976058796037, 52.1758536973692], [4.9346873966746765, 52.17618224461767], [4.936393846333534, 52.176681515036194], [4.9362269547607385, 52.17692945908103], [4.9367229286565335, 52.17711976863547], [4.939416516007343, 52.17777622841169], [4.94081746204106, 52.176438105232236], [4.948635137258447, 52.17930057303134], [4.95133725394724, 52.17642161126059], [4.954947068027369, 52.177769190302435], [4.957221990840353, 52.17518313805375], [4.9536267817601765, 52.173869530140024], [4.9478473469348785, 52.17173937360445], [4.946308404044631, 52.17147728792531], [4.950331837625348, 52.167529062190134], [4.9331089999110525, 52.16332726734171], [4.935994285696893, 52.16071711633106], [4.937645503901984, 52.15825724341446], [4.93947644227382, 52.156696123313814], [4.941436012699082, 52.152677085896684], [4.944919456920489, 52.15002811356021], [4.9449899850303085, 52.15004872685465], [4.945348790986759, 52.15015784676077], [4.945675900284381, 52.15025731064342], [4.945885801524358, 52.15032114707467], [4.945881334524505, 52.15032517499003], [4.9461279574843315, 52.15039608710424], [4.946507034126222, 52.15049194996007], [4.946597483835448, 52.15051353549634], [4.947141948731594, 52.15064336842114], [4.947388881642387, 52.15070247773251], [4.947402857867806, 52.15070613403457], [4.947458983625551, 52.15071762322018], [4.9475138513808785, 52.150729260488035], [4.947778892773272, 52.15079240917427], [4.947977685860011, 52.15083933891488], [4.9481213618875195, 52.150874729301435], [4.948116859767356, 52.15088234340138], [4.948093740199115, 52.150921418293784], [4.947666163407463, 52.15159123353357], [4.94755531554549, 52.15175638041148], [4.947178704919026, 52.152311884986], [4.947411404784284, 52.15236759757874], [4.946324514407058, 52.154304797715334], [4.95318364629571, 52.15621029865015], [4.953497757919937, 52.156495781100844], [4.9608057433885335, 52.158255108490636], [4.964504677721661, 52.15511125271939], [4.968127630830378, 52.15665196014639], [4.970498762094628, 52.1576551966307], [4.974442424538108, 52.159240063815254], [4.979449653007218, 52.16118466364469], [4.979550511251024, 52.161598901251445], [4.983402938333147, 52.163203347093], [4.987085739588477, 52.16465203898109], [4.986734206143633, 52.16558304691515], [4.986687161786108, 52.1661802391761], [4.984509855841667, 52.16797480889873], [4.983046489647416, 52.16888264685875], [4.97370406933441, 52.1655025501029], [4.972839077701617, 52.16641347153835], [4.9722765795577075, 52.16733312613557], [4.971861393940082, 52.16807886612837], [4.969985344194432, 52.17054968635922], [4.961460439185308, 52.17068148779633], [4.957685952072162, 52.17474853136272], [4.957928299281879, 52.175408970832244], [4.954734157585206, 52.177995114898536], [4.95374753985717, 52.17901989458121], [4.953252133255466, 52.18060142777026], [4.951484573920345, 52.18540213843521], [4.958079749001332, 52.1852986652442], [4.961537737343534, 52.185291032544846], [4.961501347724234, 52.18555851869167], [4.961648184180218, 52.18640658831181], [4.9637611555766465, 52.18629332411649], [4.963843701971845, 52.187367145076486], [4.970150782083639, 52.19134501292141], [4.969951484849302, 52.19185229114368], [4.972105083953204, 52.193976639043115], [4.973596670404357, 52.197927320550825], [4.974801249673805, 52.20021171615423], [4.976190510667432, 52.20385818234381], [4.985806949253307, 52.20487547477098], [4.9859280220864255, 52.20748035855581], [4.986026096635917, 52.21490959787708], [4.9859728507279275, 52.218512703765], [4.9841999542817605, 52.22258893747059], [4.939114582094166, 52.213727395024904], [4.939122937305907, 52.21329513302781], [4.9391647112894255, 52.21323690573869], [4.939451173680315, 52.212750404421136], [4.939376280238371, 52.21273524540907], [4.939259537706395, 52.21271161377948], [4.937749553948518, 52.212392233564145], [4.937657921133615, 52.212384532677305], [4.937578281149106, 52.212374432650456], [4.937482851942479, 52.21234711443825], [4.937290379557325, 52.212258173583514], [4.93713172920066, 52.21217424176254], [4.93652148189542, 52.21206986544735], [4.936700387074702, 52.21149889578302], [4.936770366399937, 52.21150777315449], [4.936826558188461, 52.21136221171981], [4.936747724524463, 52.211347808967254], [4.936758126305131, 52.21131461116194], [4.937045906939258, 52.210780088840956], [4.937059068816325, 52.210732880307496], [4.937093004297241, 52.21065403242929], [4.936866780224828, 52.210612041141644], [4.9367409903640125, 52.21035944911393], [4.936768634822745, 52.210260336437976], [4.936801134291749, 52.21022515566736], [4.936823787860471, 52.21018121901857], [4.936635693126721, 52.210148028081406], [4.936427324404282, 52.20972963425169], [4.936574073334045, 52.2097596927635], [4.936924236123176, 52.20983287807678], [4.936955110215257, 52.20977751308928], [4.937029864150064, 52.2095915225231], [4.937123985724598, 52.20941737994653], [4.93714861777932, 52.20936579302624], [4.936191878539149, 52.2091868870008], [4.936151981557429, 52.209176731031064], [4.935016654427282, 52.206896843205534], [4.935028323874025, 52.20687282709507], [4.935069383055673, 52.20679269477437], [4.934812606938757, 52.206740363172514], [4.934696278253641, 52.20671665663865], [4.933857556433474, 52.20654570650498], [4.933430993586638, 52.20646303273349], [4.933333883820242, 52.206444207260475], [4.932822079257454, 52.20637417329225], [4.9327026121350155, 52.206361462975366], [4.932467792823274, 52.20632132653927], [4.932479184467931, 52.20637772497771], [4.932172584798766, 52.206339792226906], [4.932003552369156, 52.206299926302215], [4.931776771194238, 52.20625494799076], [4.931187568874956, 52.20617180954869], [4.930686069000156, 52.20608900721721], [4.930411679805652, 52.20602178574655], [4.930272425894396, 52.20599429210626], [4.929752667997747, 52.20595038700204], [4.924941866907187, 52.19913357689337], [4.924197298164699, 52.1989941771842], [4.919691293103818, 52.19726236817667], [4.919716792034448, 52.20343898688802], [4.9196659347602205, 52.20346627079669], [4.91962081785147, 52.20350274515449], [4.919590640703404, 52.203537445105916], [4.919530111334243, 52.203630491672655], [4.919523618816657, 52.203818485552], [4.919523760887239, 52.203922072602445], [4.919524007144904, 52.204095209062864], [4.919524089458822, 52.20415708265129], [4.919524099343989, 52.20416450676291], [4.919525375473263, 52.205071929329776], [4.9194818812368855, 52.20592677453007], [4.919478835445776, 52.20600930805949], [4.919444251352767, 52.20694477459718], [4.919442708433261, 52.20698724566382], [4.919442484792795, 52.20699322178252], [4.919440831752085, 52.20703921569942], [4.919440437883476, 52.20705026036259], [4.919440045712404, 52.20706114324887], [4.91943936460242, 52.207080042265765], [4.9194380591896145, 52.207116609171564], [4.919506097784804, 52.20734154209717], [4.919507032952691, 52.20740857812571], [4.91950814210094, 52.20748970798863], [4.919508423208303, 52.20752566100507], [4.919512083302296, 52.20798275000098], [4.919512488471491, 52.208033371880724], [4.91947495617186, 52.20983246274758], [4.919474007559577, 52.209878243720425], [4.919462555612603, 52.210427165694895], [4.919462218738386, 52.21042720031263], [4.919383538661306, 52.2104253337595], [4.919338984007787, 52.21042427644406], [4.919264786762461, 52.21042325446371], [4.919208787727212, 52.21042248430962], [4.919109209560306, 52.21042110999136], [4.918295606151327, 52.21043993002032], [4.918233218654577, 52.21044005081214], [4.918106044195753, 52.210440291754416], [4.917860413122846, 52.21043820136122], [4.9178215369281215, 52.21047310893934], [4.917817498885006, 52.210588408570274], [4.917741456395257, 52.210595862945034], [4.917803952036877, 52.210970307567045], [4.917780922601101, 52.21157459415186], [4.91783009327635, 52.21157507719097], [4.919030299390871, 52.21157493351147], [4.919162237905717, 52.21156997378442], [4.919150398023702, 52.21160231950538], [4.9191176345144125, 52.211691862629394], [4.919116198797721, 52.211767266001374], [4.9191258050595, 52.21177624710266], [4.91919731159073, 52.21180103168002], [4.919306829352851, 52.2118161699216], [4.919341837360984, 52.21183614505421], [4.919354388989015, 52.21184331324662], [4.919361976887241, 52.21188010409691], [4.919341623340164, 52.21267885611318], [4.919339184836494, 52.21348257742384], [4.919313999625035, 52.214650823277694], [4.919293907402916, 52.215707368685806], [4.919287037048255, 52.21579310460863], [4.9192540374085265, 52.2157961735877], [4.919252239105124, 52.21588103080578], [4.919286629899248, 52.215879261604854], [4.919280525549057, 52.21608017230798], [4.91924860686822, 52.21608200522952], [4.919248420752132, 52.216099728753605], [4.919247183056931, 52.21621759198463], [4.919319887364671, 52.21621817661215], [4.920952524329435, 52.21623118488668], [4.921605545329367, 52.21623376085211], [4.929295793825695, 52.216427117966916], [4.931957578122032, 52.21724865983822], [4.931951687675324, 52.21725802954642], [4.931839055550734, 52.21738126063125], [4.931752276224788, 52.21747619835274], [4.931737861465112, 52.21751352366661], [4.9317636506319795, 52.217523015518445], [4.931259028778539, 52.21788005654373], [4.931176672706966, 52.217849988491814], [4.930898970576602, 52.21775190005858], [4.930501107587397, 52.218151485749665], [4.930742488642778, 52.21824552499384], [4.930707819438327, 52.218270053953894], [4.9317867897770595, 52.21880409461131], [4.931613807418388, 52.219004272294434], [4.931855103542356, 52.21903426975634], [4.930673770892852, 52.22001081656142], [4.930102043542635, 52.220394970502895], [4.929999205093494, 52.22034545336017], [4.929997006213229, 52.220344393259154], [4.92997301222228, 52.220369475631834], [4.929910606588467, 52.22041849700603], [4.929899423552009, 52.22042729785442], [4.9298642709235985, 52.22045594117224], [4.929821921117251, 52.22045721527008], [4.929786388367755, 52.22049436868091], [4.9297459835225705, 52.220522856805644], [4.929692940838464, 52.22057212104711], [4.929662040953677, 52.22059988198124], [4.929737169655434, 52.220640133384094], [4.929363450084573, 52.220891237838906], [4.929296896635096, 52.22085956698207], [4.929150553769402, 52.22080543141711], [4.9290500447217935, 52.22075709990529], [4.929035007143658, 52.22074650770309], [4.929008574109036, 52.22077104114271], [4.9289836362861355, 52.220830903016875], [4.929016923326769, 52.220852836902225], [4.929181370650347, 52.22093242480103], [4.929246784323293, 52.220969627880216], [4.929158662204605, 52.22102883136617], [4.928356142590644, 52.22111828363043], [4.928330007479342, 52.22110104208812], [4.928324774260262, 52.221121783921056], [4.928291398775848, 52.221125501104346], [4.927659451558391, 52.22355361897874], [4.927520321046114, 52.22363384332969], [4.927343416571587, 52.22351837873041], [4.927188160528982, 52.223603986611046], [4.927138570101774, 52.22358616812469], [4.927046175415186, 52.22354106625322], [4.927044733828002, 52.223540359577925], [4.9270153334787965, 52.223526017129636], [4.926968197039538, 52.223503004110235], [4.9269064038438035, 52.22353307968603], [4.92659011221723, 52.22368694280349], [4.926555368522154, 52.22370247331379], [4.926555044607857, 52.223702660797564], [4.926666644214215, 52.223777147617106], [4.926739346818361, 52.22382441102416], [4.926782421923052, 52.22385240560127], [4.926780346538119, 52.22385354796923], [4.926866949936586, 52.223909601758535], [4.926856088297157, 52.22391548248745], [4.92662014752453, 52.22404333308856], [4.926599910496074, 52.224054300367975], [4.926685453623841, 52.224115248583885], [4.926435762846484, 52.2242592235134], [4.923167056760299, 52.22538711580355], [4.923164924573511, 52.225385264899266], [4.923131069581055, 52.225399539582874], [4.9199253751415215, 52.22650555144522], [4.919910046344125, 52.22647948868613], [4.919888596659653, 52.22646347719825], [4.919849709946969, 52.226463323362836], [4.919711043175924, 52.226499930859454], [4.919542067204575, 52.22653907864261], [4.919502326129265, 52.22655756230893], [4.919474939889568, 52.22657028866684], [4.919361629177924, 52.22662297671067], [4.919393057734885, 52.22666574897154], [4.919407617645827, 52.226684168999654], [4.918615512749141, 52.22695742698999], [4.919114024579907, 52.227364355155586], [4.92197664162774, 52.23139498858438], [4.925827950027173, 52.232381210791765], [4.924556282696116, 52.234305838868806], [4.930822073529257, 52.242297711514716], [4.939664249378936, 52.25254840080549], [4.93421018340622, 52.25400746012947], [4.933737067385282, 52.25522674968018], [4.934730157670676, 52.256357771862085], [4.939151533574712, 52.25900882934725], [4.939713096363769, 52.260309525600924], [4.940424288141526, 52.261912336668], [4.94101660805967, 52.263128745950794], [4.941520404618489, 52.264136470332865], [4.94173575577127, 52.26560683476265], [4.937099580392215, 52.26454127763146], [4.935888449880558, 52.26433533133966], [4.934926997607363, 52.264331449844896], [4.932820629324716, 52.26463259059568], [4.932703305848527, 52.26619464545255], [4.931504443342916, 52.26626311927033], [4.931550008287623, 52.26765022240327], [4.931388120242443, 52.26800858281963], [4.931237168187774, 52.26852753549221], [4.929680101709247, 52.26832143143], [4.929852203240542, 52.269674573993946], [4.9305846697752935, 52.269866725930825], [4.930681342394305, 52.26953888034574], [4.930980677007231, 52.26954328055363], [4.931278369825515, 52.26941052779754], [4.93297348848687, 52.26957928427198], [4.932950856273234, 52.26870369813386], [4.933525593707757, 52.26820361822526], [4.934246284439491, 52.26762331188515], [4.934456399382882, 52.26697886865255], [4.934571537947748, 52.26663243170548], [4.93502526904782, 52.26580104646016], [4.938772759229705, 52.26644645930809], [4.940810831276306, 52.26690199364788], [4.943626982619375, 52.26742396807815], [4.944095052221705, 52.26735196910281], [4.9447313053553055, 52.26808208165393], [4.9459219566403005, 52.267650800657805], [4.946308269068736, 52.267819380395515], [4.948040448481103, 52.26728735631807], [4.9486402344568, 52.267083455378774], [4.949363416245449, 52.26781807162647], [4.94963126049648, 52.268017416457326], [4.9515328292901355, 52.269399186686016], [4.954151853900299, 52.271183443501144], [4.954403541254536, 52.27117438866622], [4.957294429940044, 52.27182224719738], [4.9565722183633385, 52.27286534601196], [4.955036544151734, 52.27507957891507], [4.953977851910479, 52.276271348333836], [4.954443110608723, 52.276408759696984], [4.953429316809939, 52.277679610598305], [4.95252939452614, 52.27788736703189], [4.952340435352473, 52.277991587271664], [4.95208082723436, 52.27803642520291], [4.952046759192286, 52.27784764500887], [4.951790197332967, 52.27777743115083], [4.951570210085782, 52.278012461798134], [4.948806742840278, 52.27831198650706], [4.947804371458269, 52.278849324770896], [4.946221621238073, 52.27883975611416], [4.944549214870061, 52.27808583476118], [4.9429214314897845, 52.27797820253507], [4.942038682185784, 52.27814237965427], [4.940369419885679, 52.2788340880574], [4.93729328676148, 52.27922275031883], [4.936238232397901, 52.279919441471655], [4.933724384181517, 52.28050978343221], [4.932836154600459, 52.28038877639989], [4.931572064369712, 52.280298608203005], [4.928929478305373, 52.27930365922966], [4.926571224786268, 52.279320371115034], [4.92617342179131, 52.27832956339824], [4.926882682204149, 52.2771869235518], [4.927148027792806, 52.27662192806688], [4.927175738995371, 52.27545837780154], [4.928117602318533, 52.27373055449499], [4.927656483492548, 52.27272205036369], [4.9284089832606, 52.27206810399584], [4.928718335519816, 52.27093145831925], [4.928710054059745, 52.27067449903752], [4.929049048679021, 52.27039645242067], [4.92963103944162, 52.2703627820159], [4.929747119066745, 52.269915087200566], [4.929669093382648, 52.269255201528736], [4.929656171712293, 52.269212477114216], [4.929656327727203, 52.26920870281306], [4.929659157662861, 52.26913723324306], [4.929634136385706, 52.26900319916801], [4.929629818274547, 52.268980047677935], [4.929623282074395, 52.26896032096804], [4.929621519968726, 52.268955020292175], [4.929626308436216, 52.26895522757251], [4.929621247825679, 52.268937322123676], [4.929604716274052, 52.26888236921263], [4.929594654977643, 52.268852131023394], [4.929552003191681, 52.26873870077408], [4.9294774915631, 52.268542305948564], [4.92945610231753, 52.26848821501381], [4.929431565114825, 52.26842541162567], [4.929421683026541, 52.26840340700192], [4.929404848480051, 52.26837652200286], [4.9294022257554495, 52.268372287546704], [4.929394844681824, 52.26834783891737], [4.928391322264255, 52.26798136854177], [4.926204064674996, 52.26750142703864], [4.924676208219837, 52.26693467832761], [4.924658794203433, 52.266915951359465], [4.924633456556548, 52.2668773301774], [4.923888647019187, 52.26401996193015], [4.923886972908979, 52.2640062937892], [4.923872010405888, 52.26389998041089], [4.923861480499229, 52.2638322244386], [4.92384828602146, 52.263761518982214], [4.923842016249595, 52.263744660102844], [4.923810956543666, 52.26367339926179], [4.923782200994442, 52.26361157573281], [4.923698349920859, 52.26328986726486], [4.92339613013035, 52.263179883474834], [4.923345127541461, 52.263147308984685], [4.923256630408726, 52.263090382942785], [4.923136703113482, 52.263023177133675], [4.923067974377276, 52.2629894094416], [4.922973015996624, 52.262945319473644], [4.922866469576675, 52.26289856843327], [4.922670675757914, 52.26281499375598], [4.922610388796596, 52.26279349148023], [4.9224668988857525, 52.262741292012116], [4.922350153957739, 52.26270057621295], [4.922240715891257, 52.26266432905516], [4.922131415080662, 52.262630383233706], [4.922021851970696, 52.262601927875515], [4.921899978399155, 52.262571266863006], [4.921792407087697, 52.26254987462109], [4.921628946094972, 52.26252499955189], [4.921505430297724, 52.26250713939801], [4.921365200260653, 52.26249076814805], [4.92118623019736, 52.26247262618265], [4.920999096023136, 52.262454991018444], [4.920969733317485, 52.26245156766163], [4.920807016966297, 52.26243259044259], [4.920756141778727, 52.262425855495934], [4.918059179474108, 52.26163386483154], [4.918048829563876, 52.26162217544816], [4.918013541047188, 52.26157513657519], [4.91799978534021, 52.261551659534206], [4.917986496203063, 52.26151449578962], [4.917974778593313, 52.26146720893165], [4.918405105205612, 52.259952308979486], [4.918434793473116, 52.25987180534687], [4.918500807047813, 52.25968694354903], [4.918541219266551, 52.25957419790635], [4.918578782892569, 52.25946071293465], [4.918603473570316, 52.25938460249411], [4.918618990522379, 52.25932145217005], [4.918623508453848, 52.25927351967879], [4.918633206075583, 52.25918018291575], [4.9186379739034045, 52.25909320801037], [4.918640884095516, 52.25900599205396], [4.918637453909444, 52.258942263287], [4.918618327706535, 52.25881402910343], [4.918588083639931, 52.25870537140365], [4.918553556698898, 52.25858617188883], [4.918553442842099, 52.2585858568611], [4.918471069676523, 52.25798921942983], [4.917509773922795, 52.25688294790912], [4.9169985770046996, 52.2566210212536], [4.916986138004878, 52.256613125331555], [4.916795784649068, 52.25648960216737], [4.916671210520707, 52.256411522749815], [4.916629573964331, 52.2563877727363], [4.916599472512413, 52.25637567201489], [4.916506129237091, 52.256338674621205], [4.916322938565953, 52.25627484087558], [4.914538077782884, 52.255360270933934], [4.912898624252767, 52.2541549503776], [4.912870148184231, 52.254130739523006], [4.912842638856942, 52.254110640013536], [4.912799527058932, 52.254080042912506], [4.9127644556427015, 52.25405630887985], [4.911900083105832, 52.253420779354876], [4.91189918398051, 52.25341994885154], [4.911709990364087, 52.253250772433944], [4.911633416257417, 52.25319002964432], [4.911494810059384, 52.253079603644885], [4.911468539431589, 52.25305608440177], [4.911402477060022, 52.25299982379792], [4.911304575018442, 52.252919077721046], [4.911215820488457, 52.252845729499136], [4.911113328219942, 52.252771121488145], [4.9110613586246865, 52.252733693197094], [4.911026919665151, 52.25270988928199], [4.910970247137064, 52.25268223881963], [4.910896588105495, 52.252648983319446], [4.910805125328926, 52.25261396627942], [4.91080090769215, 52.25261259210377], [4.910579537210548, 52.25244981832497], [4.910184166750351, 52.252454532648215], [4.910176328780206, 52.25245344942598], [4.910089871724582, 52.25244337550213], [4.910016723106798, 52.25243774135101], [4.909963933647294, 52.25243592834052], [4.909935310607745, 52.252435237525226], [4.909714855916955, 52.25244550101883], [4.909675718862916, 52.252448821206855], [4.909568399202468, 52.252457294534665], [4.909504695945703, 52.252462627536396], [4.908625430469072, 52.25247309133081], [4.90211116935401, 52.25208200922366], [4.8999949156067855, 52.251031963818846], [4.89874750759891, 52.250677723863234], [4.895927603260987, 52.25098115122675], [4.894356311340698, 52.25198963236475], [4.893896847563834, 52.252071941126175], [4.89243653929756, 52.25285633282326], [4.8912204889964634, 52.252959953375026], [4.890337905784669, 52.252176004756514], [4.8896187097927655, 52.25164510025102], [4.888805428960639, 52.2511100555334], [4.887043332439573, 52.25070903872861], [4.885894028649677, 52.25111727188547], [4.884716334485388, 52.25229118921901], [4.883500213835986, 52.253222562664156], [4.88285275418807, 52.25339995522988], [4.882684840382406, 52.25306601128171], [4.881574650041208, 52.252845511467115], [4.881367164714799, 52.252028142494105], [4.880696987194207, 52.251931231362896], [4.880211192300949, 52.25307856011133], [4.8786643729855115, 52.252887814429876], [4.878816754798591, 52.24836248137065], [4.903525156350228, 52.248445128498425], [4.903631616756602, 52.24395417373759], [4.899079168802263, 52.24385562497996], [4.899183247220255, 52.234569260949655], [4.903941216856371, 52.234656641531785], [4.903883016279833, 52.22995643643722], [4.9002410684779605, 52.229911020401545], [4.9002782990135545, 52.22534417855127], [4.900351183525308, 52.222115356371], [4.901077905859912, 52.222297434518346], [4.90130934749016, 52.22235454355295], [4.901550889842071, 52.22241414737364], [4.901789225345941, 52.22247531940096], [4.9025353649921115, 52.2226668427673], [4.903997526775292, 52.223025880065194], [4.904182156894358, 52.22307636555198], [4.904183368175865, 52.223022685422876], [4.90435470636755, 52.22306403844846], [4.904089258647077, 52.21610747247225], [4.895349956594191, 52.2159521053424], [4.895474919015018, 52.206849829852395], [4.896237310231247, 52.20685466465979], [4.898636677938854, 52.206873387690045], [4.90117298196183, 52.20689613091725], [4.902690802219986, 52.20690587320007], [4.9029534449009375, 52.20689292021412], [4.903451049503378, 52.20679159775847], [4.903522776667387, 52.20677698947182], [4.903564270473561, 52.206768539931794], [4.903734323110822, 52.20672702865098], [4.903797661870122, 52.20671156794932], [4.903870916526549, 52.20669368508936], [4.903971498597007, 52.2066691280788], [4.9041061224785185, 52.20664199587284], [4.904115867849884, 52.20664181103876], [4.904155394368266, 52.20664477697399], [4.904208986243147, 52.206674171172914], [4.904347568204494, 52.206677344391935], [4.904532807210647, 52.20668159796204], [4.904543016000607, 52.206662935688364], [4.904559269045335, 52.20663326086991], [4.904578642845802, 52.20663288166027], [4.904580350229867, 52.20659949827112], [4.904598115342593, 52.20660041574195], [4.904597905980226, 52.20654543537761], [4.904597595310709, 52.206463328857346], [4.904587530121289, 52.206460627280606], [4.904587444001694, 52.20646047413286], [4.904797185376444, 52.20234995525282], [4.907915879117042, 52.202348138886165], [4.9078343009556225, 52.19925558760474], [4.905254550732725, 52.19928804015783], [4.906652355895039, 52.19772792003378], [4.906364422713798, 52.197225253459656], [4.90893637580282, 52.19660352815969], [4.910854450174922, 52.19673085803398], [4.912227609836918, 52.197185151371244], [4.912453725678925, 52.19693616745739], [4.9126411686579825, 52.19668150905293], [4.912739841008596, 52.19670875273156], [4.912764170708497, 52.1966793249226], [4.912773060933421, 52.19666857504754], [4.912824226625219, 52.196622968799225], [4.912890193544362, 52.19658841430622], [4.912946084662874, 52.19655093416019], [4.913004921860818, 52.19651148845993], [4.913056469948711, 52.1964491390082], [4.913100431493071, 52.19639598075725], [4.913263831256906, 52.19615292718743], [4.9133315223414264, 52.19604412053357], [4.913402166075019, 52.1959216908955], [4.91345596446013, 52.19581399685941], [4.914049180282952, 52.19582962380467], [4.9140933273204075, 52.19574365074763], [4.914132459004633, 52.19569061656642], [4.914365885035531, 52.195373969651115], [4.914400104752609, 52.19532754885169], [4.91454652462466, 52.19512891608902], [4.914623328131506, 52.195026517655904], [4.913796946310336, 52.194808052527456], [4.913754742571665, 52.194861182142354], [4.913707276257058, 52.194920932769556], [4.913644694726934, 52.19499507545808], [4.913587366586209, 52.195074452224816], [4.913538113966798, 52.19513847390523], [4.913518759789354, 52.19516364355117], [4.912643724115987, 52.19493385699228], [4.912676095042537, 52.19488950548232], [4.91267789647734, 52.19485079241933], [4.912653091088496, 52.19481368913127], [4.9126024809919615, 52.19479490751706], [4.912561013619523, 52.1947814745421], [4.912527441656141, 52.194777897177616], [4.912504248593471, 52.19478307090306], [4.912482841701715, 52.194797689205295], [4.912474592637296, 52.1948238021309], [4.91247546687942, 52.19490516502041], [4.912013868731403, 52.19477820423731], [4.911926125970618, 52.19493763076006], [4.911568399748924, 52.19487526960983], [4.911464992522672, 52.19502631878994], [4.911293554442985, 52.19500106370849], [4.911049759119482, 52.19495968873665], [4.910891861430135, 52.19493203394926], [4.91090890570063, 52.19486171767181], [4.910976961021749, 52.1948369336337], [4.910620739540947, 52.194783141238204], [4.9106272176644685, 52.19476408585973], [4.910673424321487, 52.19462823895671], [4.910666138464422, 52.19459423490679], [4.910643493293666, 52.19458097608767], [4.910607413448242, 52.19457259744912], [4.910559191717487, 52.19456993109387], [4.9104840946123165, 52.19457621611787], [4.910426339499843, 52.194599297792955], [4.910361676431533, 52.194733587046436], [4.9103264206517085, 52.194806786749425], [4.90998592657187, 52.19551384528363], [4.909965084676841, 52.195568488979], [4.909404869628055, 52.195540607549674], [4.909595130188138, 52.195033537280864], [4.909727374922679, 52.19468136498656], [4.909734360383749, 52.194662770095384], [4.909756551499757, 52.1946036738394], [4.909792703098681, 52.19450015240554], [4.909815348763537, 52.194473720374354], [4.909832214335763, 52.19443936451608], [4.9098456775418375, 52.19440176820703], [4.9086979354108715, 52.19430439316716], [4.908505281956944, 52.194289842631406], [4.907851503187692, 52.19418632683848], [4.9075712550327095, 52.19417611984912], [4.907046010553611, 52.19417980026611], [4.906446351703472, 52.1941522116985], [4.905464196269179, 52.19407945927869], [4.905437128496135, 52.19408855255447], [4.905212407335577, 52.19408579287055], [4.904738108845111, 52.19410934571954], [4.903813963399349, 52.19371536053736], [4.90454828370704, 52.17896692427697], [4.903735398445127, 52.17561931268428], [4.895822758702046, 52.176971119400626], [4.88593838704593, 52.177424502467375], [4.873087515949529, 52.181436303286105], [4.8683489373494835, 52.18257411159495], [4.865169678774096, 52.183565416851714], [4.855706845235397, 52.18432663271946], [4.8518939536824535, 52.18606729628417], [4.844204541343592, 52.18094128731156], [4.839716211293209, 52.18305311744971]], [[4.847424358235919, 52.104249627377], [4.848039910994258, 52.10391425483112], [4.848156144833425, 52.103836355493776], [4.848190130947842, 52.103860032936446], [4.848300698142907, 52.10380538692784], [4.8486083342954265, 52.10362891668575], [4.848751635331664, 52.103546718228394], [4.849633735370027, 52.10310308742975], [4.850482490222504, 52.103709180160365], [4.85104962817541, 52.10411005362769], [4.851231583197941, 52.10399688392119], [4.85125569878111, 52.103994216202835], [4.85128448084766, 52.10400408123046], [4.85151855923245, 52.10416363349651], [4.851535704615423, 52.10418477068867], [4.851600319643922, 52.10422151129079], [4.851501060421066, 52.104297459805714], [4.8513537471036425, 52.10441018516695], [4.850419946069402, 52.10513638830499], [4.850251310437113, 52.1052654006519], [4.850169242259989, 52.10532912152872], [4.850091844876066, 52.105389187463906], [4.8494140086950726, 52.105921882580944], [4.848988457252836, 52.10625025609904], [4.848924439711941, 52.10620989457377], [4.8488254762039915, 52.10614054837429], [4.848661102185852, 52.1060253692477], [4.848910445323632, 52.10586407363881], [4.848597072532772, 52.10564440963381], [4.848303744191102, 52.105405350036], [4.848248971104153, 52.1053550535127], [4.848241302146724, 52.10534342371068], [4.848455575061435, 52.10490413525827], [4.848460527508653, 52.104884401879644], [4.847898632182401, 52.10455096923921], [4.847652254906836, 52.10441360820033], [4.847424358235919, 52.104249627377]], [[4.834981757339274, 52.1182965355439], [4.834637520883156, 52.11802084693186], [4.834208662629123, 52.117675605543724], [4.8341554478966176, 52.11763277005497], [4.833985655896921, 52.11749609053232], [4.833773570644865, 52.11729193585156], [4.833691593783017, 52.117329265438215], [4.832663165046942, 52.11779747187803], [4.832600479047291, 52.117822613588245], [4.832497266015484, 52.11783798324943], [4.832485873476446, 52.11783830716184], [4.832426282254815, 52.11783995928235], [4.832374884871488, 52.117841380279955], [4.832367855724161, 52.11788892157306], [4.832334988387913, 52.117944286830244], [4.832259334885437, 52.117981321604056], [4.831698766650933, 52.11823645388732], [4.831638553222871, 52.11818123455089], [4.8315604422680485, 52.118115216958394], [4.83129191097246, 52.11788822253781], [4.831287561929189, 52.1178845438515], [4.831087808723814, 52.11771569404639], [4.830577950265631, 52.117284687688574], [4.830104684025315, 52.11688461844612], [4.829701416736823, 52.11654564722881], [4.829645586785598, 52.116498725672436], [4.829583067315885, 52.116446172825555], [4.829338683450404, 52.11624076075375], [4.830473279668667, 52.115705978810524], [4.830813870995274, 52.115534501140864], [4.831112239693741, 52.115366319779824], [4.831257183598957, 52.115297353893126], [4.831410277875105, 52.11522453436686], [4.831731153098391, 52.11509057662197], [4.832009554641506, 52.114974340448626], [4.832280745214853, 52.11486023583478], [4.832796666027284, 52.114629806094534], [4.832801673262676, 52.1146145407578], [4.832789836214588, 52.11459780305857], [4.832736602677216, 52.114567478337115], [4.83291366524055, 52.114501663493705], [4.832964728371345, 52.11454925319868], [4.833709751186331, 52.114231668202365], [4.83378027401968, 52.11420160121687], [4.834067530359692, 52.11407915498136], [4.834447124643241, 52.113897819009296], [4.834579108860636, 52.11383476543569], [4.834627440794888, 52.1138116766223], [4.834681940823193, 52.113785641606725], [4.834613487347342, 52.113737000425076], [4.83406227654859, 52.11334526410817], [4.834095191844023, 52.11332804437304], [4.834129503075921, 52.11331009414629], [4.83457182850088, 52.113061011530405], [4.834607658531232, 52.11308667889419], [4.8346457683837185, 52.11312160575927], [4.83468907370886, 52.113125979195246], [4.834758024083693, 52.11310127918592], [4.835199522720572, 52.112848945620726], [4.835182953645023, 52.11282523814871], [4.835258140929177, 52.1127824918322], [4.835512799725399, 52.112637526926235], [4.835623866163985, 52.11271580320309], [4.836050128676879, 52.11301522398931], [4.836810266141592, 52.113531549670746], [4.836890938437029, 52.113586349564756], [4.837114345922768, 52.11373266778028], [4.8372636909167035, 52.11373197122746], [4.8373407025524635, 52.113689232098984], [4.837442299857627, 52.11365356439214], [4.8375122390204135, 52.11364693360671], [4.837589218707509, 52.11365424928254], [4.837667365253314, 52.113679465790945], [4.837971664190465, 52.11352217945198], [4.8381106559201035, 52.113608367175495], [4.8381423305985845, 52.11357793691814], [4.838140545850169, 52.11357347946395], [4.838341342404044, 52.113485647124634], [4.838458519893806, 52.11336878902824], [4.838470067199444, 52.1133688427656], [4.83851842947992, 52.11335377893958], [4.838513885103397, 52.1133315120749], [4.838479341233482, 52.11330077357703], [4.838355512766263, 52.11321978910765], [4.838621519283514, 52.11309289161917], [4.8387364427621575, 52.11315600186242], [4.8387963050376985, 52.11318408069637], [4.8388714529146615, 52.11314550241417], [4.83887416860483, 52.113120491979636], [4.838995422744001, 52.11305433659409], [4.839030699615362, 52.11303127516808], [4.8391411070912325, 52.112959092075286], [4.839359872246645, 52.112796065605224], [4.839484218386958, 52.11271691820319], [4.839462772244539, 52.112694303218056], [4.8394052222006705, 52.11263362638242], [4.839248607499722, 52.112511926910344], [4.839599295430963, 52.11231948349949], [4.83988578938573, 52.112518086008315], [4.840160804306939, 52.11234866789047], [4.840720368259862, 52.11188624164854], [4.840758744096131, 52.11190449470975], [4.840713827048227, 52.11183617419051], [4.8404416024026, 52.11164306869263], [4.840432324952635, 52.11161383209512], [4.840470961839359, 52.111557008274794], [4.840738460792721, 52.11154435259228], [4.8408567727108345, 52.11152126196239], [4.840676407035895, 52.11139709941192], [4.840859865995714, 52.11128730522985], [4.840893690040334, 52.11126705880122], [4.8410190770057095, 52.111194152395676], [4.841077048889337, 52.111233474517185], [4.841125255133903, 52.111230920437364], [4.8411488914539555, 52.11121885991774], [4.841368385700021, 52.111192075790576], [4.8414567967955815, 52.111189465003726], [4.8416989796349466, 52.1110332567494], [4.841730749533296, 52.11093007571697], [4.841671282764332, 52.110806294146975], [4.841591028976632, 52.110730296343675], [4.841476442515873, 52.11061465455061], [4.841696632171202, 52.110455270548535], [4.841778971301413, 52.11040102135304], [4.841844887617218, 52.11036588588829], [4.841859808145988, 52.110387328769235], [4.841892713643905, 52.11042433245728], [4.842004775366174, 52.11045857428458], [4.842057645507816, 52.110468534948836], [4.842122679309909, 52.1104674514293], [4.842185471788219, 52.110453836991745], [4.842282342411308, 52.11040980225982], [4.842413627531437, 52.11030892348112], [4.842576480827456, 52.11038474501669], [4.84269175357122, 52.11041307781694], [4.842948877869736, 52.1102627423597], [4.842906892466035, 52.11019928980762], [4.842928569511494, 52.11019938987134], [4.842940900020637, 52.11017581688732], [4.842913479753457, 52.1101534445913], [4.842672818936674, 52.10997215653713], [4.842614726204349, 52.1099283944767], [4.842532823711, 52.10986669885817], [4.842351398741125, 52.10973379743425], [4.842349210517062, 52.10971571210875], [4.842383353613059, 52.10968111261714], [4.84259389980889, 52.1095972908832], [4.8426329104831956, 52.109558543290554], [4.84263798156228, 52.1095377141525], [4.842839938360691, 52.10943749383686], [4.843051052769508, 52.10955145863549], [4.843579649821814, 52.109194513886024], [4.844253960796066, 52.108865750651724], [4.844696393838853, 52.10862715583318], [4.845251679956059, 52.108453244696676], [4.845297712682573, 52.10842982637039], [4.845302099700736, 52.10841594183127], [4.845388004095909, 52.10846791973625], [4.845465547014484, 52.10851846599337], [4.845629164050176, 52.10862511627504], [4.845743520289127, 52.108716844457796], [4.845866490263015, 52.10879887788516], [4.84578507653003, 52.108860540426925], [4.845342497882607, 52.10919573451473], [4.845033358870567, 52.10946539665632], [4.844752601348628, 52.10971285295856], [4.844579886420545, 52.109855248785614], [4.844663445379394, 52.10991540462955], [4.8450601010493415, 52.11017441659259], [4.8451777011073265, 52.11024927143679], [4.84512893551376, 52.11025953644796], [4.844892084460169, 52.11032655967086], [4.844483310377471, 52.11046925357241], [4.844581751760588, 52.11053133851604], [4.844670935887642, 52.110587592400776], [4.8447544996252905, 52.11066070912993], [4.844814792642971, 52.11071347739912], [4.844878423511186, 52.110766683432836], [4.844943391939956, 52.110810727650424], [4.84500740632501, 52.110854003450186], [4.8450100990231055, 52.11085466298025], [4.845084802061831, 52.11090495371712], [4.844520086811806, 52.111257739181866], [4.844129733234234, 52.110950497015104], [4.844111058021815, 52.1109688367462], [4.843950830218219, 52.111065773071175], [4.843832927340107, 52.111137108187094], [4.84357710899352, 52.11129512747513], [4.843643508144399, 52.111330721136504], [4.843754811924188, 52.11139037633022], [4.843833170210692, 52.111434159293935], [4.843255578883826, 52.111804774829956], [4.843230807130627, 52.11186097142635], [4.843227857143041, 52.11190544026158], [4.84326592187985, 52.11194454361792], [4.843467806396879, 52.112093455941086], [4.843518877085934, 52.11213031821622], [4.842892928768839, 52.1125100117472], [4.842950052725479, 52.11256529199946], [4.842586054792548, 52.1127883694593], [4.842355392184102, 52.11292955059938], [4.842251750742056, 52.112981265946495], [4.842107359613691, 52.1130332602176], [4.84222009507818, 52.113114566961585], [4.842249863714077, 52.1131360334635], [4.842357491081401, 52.11321365828161], [4.84209457058469, 52.113358869352], [4.841909715761879, 52.11347732357385], [4.84180452126113, 52.11352934593272], [4.841913210031428, 52.11364682959059], [4.842001539092567, 52.11371117984085], [4.842199929045569, 52.113846470039384], [4.842243829264587, 52.11387640578836], [4.842331890352048, 52.1139364671921], [4.84172603492169, 52.11423636954343], [4.841666367323287, 52.11419566474031], [4.841627954748741, 52.114169466280316], [4.841557415168977, 52.114121223976056], [4.8414625315157345, 52.11417039955263], [4.84082417809912, 52.11448025856314], [4.840684360844952, 52.114539732470405], [4.840398854887217, 52.11472799626278], [4.840370713174641, 52.11474895199918], [4.840261815022669, 52.114800200804744], [4.840066585847504, 52.114681145666125], [4.839738864570267, 52.114462128937554], [4.839705225114457, 52.11443965513439], [4.839266718656473, 52.11416769465653], [4.839191669182527, 52.11419932579258], [4.83902923881354, 52.1142847583342], [4.838973478802851, 52.11431369267139], [4.838939310047108, 52.114351068393525], [4.838927840718019, 52.11440176225852], [4.838939556282269, 52.11444524755553], [4.839232927652488, 52.11468155293087], [4.839242102686776, 52.11471913015136], [4.839022854270731, 52.11482314682323], [4.838978020631559, 52.11484441112123], [4.838996740264105, 52.11492987674524], [4.8394937292669535, 52.11527056369885], [4.839154391594547, 52.11546414709996], [4.839106022453172, 52.11545460155905], [4.839060220381073, 52.11545716600215], [4.839033551361619, 52.11547937762107], [4.839022089844302, 52.11548656880107], [4.839134486684046, 52.115589583306814], [4.839211078104372, 52.11562885802089], [4.839611893014447, 52.11592770693525], [4.839749772172465, 52.116030497619], [4.839868698744555, 52.116119169645685], [4.840782272658399, 52.1167566495603], [4.839962722076752, 52.11719594756827], [4.839726821729943, 52.117327122396354], [4.8396280404040235, 52.11725755376401], [4.839441219255497, 52.117125998222136], [4.839179121612439, 52.11694308473953], [4.839056201724068, 52.116994222329325], [4.838973242092775, 52.11703351941395], [4.838056946441273, 52.11746753675927], [4.835820258747673, 52.11848301772333], [4.835715788248589, 52.118530445101186], [4.835433724060708, 52.118658501286], [4.834981757339274, 52.1182965355439]], [[4.893570130312082, 52.12631533218859], [4.893575344549796, 52.126266350803895], [4.893593671012491, 52.126081362194334], [4.8936031644510285, 52.12597285244518], [4.893624123148262, 52.125706873931215], [4.89358887766614, 52.1257036345149], [4.893529517796264, 52.12569816397105], [4.893220871694344, 52.12569493023216], [4.893163793484288, 52.12572348009503], [4.893157466070912, 52.125694808461716], [4.893111726202635, 52.125625066804794], [4.893046000844252, 52.12556138027917], [4.892946998573177, 52.12550266850696], [4.89284723238756, 52.125476067992366], [4.8928339971709764, 52.12547254310276], [4.8928144720093645, 52.12546733803209], [4.892728627168136, 52.12546672649036], [4.892723597271532, 52.12546730760621], [4.892561139586202, 52.12547242371725], [4.892475627357259, 52.125474743512676], [4.892411935660166, 52.12547938384279], [4.892375751312863, 52.12547655357766], [4.892298986841803, 52.12547355302773], [4.892224839099381, 52.12547425752616], [4.892164230487946, 52.125474776127305], [4.892136704924002, 52.12547466059103], [4.892032227153075, 52.12548848613904], [4.891951086115433, 52.12548904425886], [4.8918204256526, 52.12548699451347], [4.891484612676726, 52.12548172764556], [4.891482284982023, 52.12546645603716], [4.891348684475663, 52.12546616407072], [4.889644501079386, 52.12546369676943], [4.889585109662264, 52.125463751797604], [4.889527353715394, 52.12546381369698], [4.889108649203731, 52.12546421229686], [4.889118682767176, 52.1250449139291], [4.889118731809617, 52.12504313448838], [4.889122560719508, 52.12488829433067], [4.889126803371216, 52.12473301549823], [4.889141632249113, 52.124245059093724], [4.889142854479851, 52.12420484241119], [4.889145772961391, 52.123898476627225], [4.889554754595944, 52.12390178495969], [4.88962520017453, 52.12388974149523], [4.889682990458001, 52.12387985568168], [4.890005978194271, 52.123879150479475], [4.890839709251877, 52.12388470260517], [4.89141954141047, 52.123890610898776], [4.891596029320324, 52.1238918290431], [4.8924679714311665, 52.12389380913667], [4.892591477031225, 52.12389408447752], [4.892723099265236, 52.123897215989295], [4.892802848250018, 52.123895510019864], [4.892924788769622, 52.12389602112999], [4.892980159199408, 52.123896253171864], [4.893009776780021, 52.123135443011975], [4.893005302595153, 52.12312541149711], [4.892976514681327, 52.122795966102714], [4.893338221037506, 52.12280041143754], [4.893416186357964, 52.1228013670615], [4.893591619100827, 52.12279989935328], [4.893643254043252, 52.12279844366279], [4.8936947574691905, 52.12279699638747], [4.894049779146212, 52.122889809734176], [4.894039108139047, 52.12311840492229], [4.8940303360091875, 52.123391921676976], [4.894027324626077, 52.12366476143505], [4.894026735180844, 52.12371816637618], [4.894095375442947, 52.12373328378059], [4.894347984628638, 52.123759758079046], [4.894725854308161, 52.123811445312704], [4.894656047854382, 52.12416570811984], [4.894614140376462, 52.124313864013004], [4.894603564759916, 52.1243512463666], [4.894582150490233, 52.124435294697726], [4.894769803748424, 52.12445711054575], [4.895180187817982, 52.124521856963526], [4.895294839617287, 52.12453994293223], [4.895292140679043, 52.124885902283815], [4.895269644113491, 52.12565857074924], [4.895261325732892, 52.12631460555738], [4.895056326876447, 52.12630105012736], [4.894898188381695, 52.126287671971504], [4.894856868595743, 52.12628962068822], [4.894829155719927, 52.126306456585276], [4.894793724285739, 52.1263995423842], [4.894764288202214, 52.12642299531241], [4.894738181630936, 52.12644380165332], [4.893572113892934, 52.12636049678441], [4.893570130312082, 52.12631533218859]]]}}, {"type": "Feature", "id": "59634", "properties": {"OBJECTID": "59634", "LOCATIEGROEP_ID": "nl.imow-pv26.gebiedengroep.003000000000000000000813", "SYMBOOL_CODE": "vszt023", "GROEP": "maatregelengebied", "9e750651-8e97-4bc6-b09e-fc30b5f3e83c_id": "10223", "LOCATIE_ID": "nl.imow-pv26.gebied.003000000000000000000813e117187", "DOCUMENT_URL": "https://omgevingsbeleid.provincie-utrecht.nl/home?d=/akn/nl/act/pv26/2022/omgevingsverordening/nld@1089&o=", "NAAM": "Gebied beperken bodembewerking", "TYPE": "bodem", "LOCATIEGROEP_NAAM": "Gebied beperken bodembewerking", "LOCATIE_NAAM": null}, "geometry": {"type": "Polygon", "coordinates": [[[5.33386846473119, 52.196399891430076], [5.331613479089382, 52.20241610972956], [5.360397457038402, 52.20843151718575], [5.320774828303966, 52.21564457778103], [5.320073319704618, 52.21379595024863], [5.320736567619514, 52.205830371076466], [5.322328348399044, 52.19591205584627], [5.33386846473119, 52.196399891430076]]]}}, {"type": "Feature", "id": "59635", "properties": {"OBJECTID": "59635", "LOCATIEGROEP_ID": "nl.imow-pv26.gebiedengroep.003000000000000000000813", "SYMBOOL_CODE": "vszt023", "GROEP": "maatregelengebied", "9e750651-8e97-4bc6-b09e-fc30b5f3e83c_id": "10224", "LOCATIE_ID": "nl.imow-pv26.gebied.003000000000000000000813e117179", "DOCUMENT_URL": "https://omgevingsbeleid.provincie-utrecht.nl/home?d=/akn/nl/act/pv26/2022/omgevingsverordening/nld@1089&o=", "NAAM": "Gebied beperken bodembewerking", "TYPE": "bodem", "LOCATIEGROEP_NAAM": "Gebied beperken bodembewerking", "LOCATIE_NAAM": null}, "geometry": {"type": "Polygon", "coordinates": [[[4.93848540409518, 52.080031523525776], [4.936197262551738, 52.07992961877754], [4.931057209747711, 52.07937935654728], [4.9259171462056575, 52.07823805944446], [4.92648089287378, 52.07778968772305], [4.93516923258336, 52.0724904094655], [4.940309257060834, 52.06937170366776], [4.944553930236241, 52.06604890582621], [4.955981547458699, 52.07043262571742], [4.956293150465472, 52.070390945912315], [4.956508688301409, 52.06876018441922], [4.960822018644433, 52.06915663534654], [4.960764987364193, 52.06955517978837], [4.961698473662584, 52.069616347903285], [4.9595098321640325, 52.07719869857028], [4.958713960866362, 52.07702546433549], [4.958216531236608, 52.077922218302284], [4.957239343439964, 52.077793119987014], [4.956787950433229, 52.07794610456283], [4.956224692625528, 52.077702723358215], [4.9544994698870894, 52.07845944231808], [4.9545190264181995, 52.078441915312816], [4.953648250673948, 52.07832526689593], [4.953938703233293, 52.080051934176424], [4.94732293802137, 52.080039590035916], [4.943227516458138, 52.079970395176616], [4.93848540409518, 52.080031523525776]]]}}, {"type": "Feature", "id": "59636", "properties": {"OBJECTID": "59636", "LOCATIEGROEP_ID": "nl.imow-pv26.gebiedengroep.003000000000000000000813", "SYMBOOL_CODE": "vszt023", "GROEP": "maatregelengebied", "9e750651-8e97-4bc6-b09e-fc30b5f3e83c_id": "10235", "LOCATIE_ID": "nl.imow-pv26.gebied.003000000000000000000813e117183", "DOCUMENT_URL": "https://omgevingsbeleid.provincie-utrecht.nl/home?d=/akn/nl/act/pv26/2022/omgevingsverordening/nld@1089&o=", "NAAM": "Gebied beperken bodembewerking", "TYPE": "bodem", "LOCATIEGROEP_NAAM": "Gebied beperken bodembewerking", "LOCATIE_NAAM": null}, "geometry": {"type": "Polygon", "coordinates": [[[5.121183486977033, 52.180929578842495], [5.115343302004309, 52.17986332294868], [5.11529372875956, 52.179852791786736], [5.1152711996722635, 52.17985015137958], [5.100495408487961, 52.177150983389566], [5.079638517284752, 52.17319719108117], [5.079670044560102, 52.17315124589063], [5.079852799251709, 52.173190405981764], [5.079866157547591, 52.17316750349493], [5.079883495252187, 52.173137771531245], [5.079821388937673, 52.173123885233316], [5.079917610563857, 52.17303650315447], [5.079977404722383, 52.17300613567743], [5.080029047666308, 52.17298551686969], [5.079975801509411, 52.17293536033864], [5.080174431826893, 52.1725579694696], [5.080556608259743, 52.17194188560622], [5.080897106792259, 52.17136290247399], [5.085555115596711, 52.16457279788764], [5.093215521929767, 52.15775465283568], [5.091518757370993, 52.156967561656046], [5.09045719961556, 52.15858693050357], [5.08986270578649, 52.158390206569734], [5.089077132430065, 52.159118731597644], [5.089037742282583, 52.15909986520904], [5.088970557844704, 52.15906766233219], [5.088906935938873, 52.159121267623426], [5.088888973801852, 52.1591127555555], [5.088817229796368, 52.159172407152795], [5.0886786258347545, 52.159295551445325], [5.088753134057208, 52.15932526536094], [5.0885120951855, 52.15958666406534], [5.088457081866513, 52.159574427024516], [5.088350027350287, 52.15970634214555], [5.088294414744121, 52.15977486944245], [5.088341796748343, 52.159800641099956], [5.087556923670281, 52.16052846561578], [5.087491872908646, 52.160570121494224], [5.087359050128626, 52.1606124770278], [5.08728951379387, 52.16062782259216], [5.087188555674521, 52.160623692208574], [5.0868924648285985, 52.16054143631014], [5.086775352414625, 52.160555510055474], [5.08659791303365, 52.16077772632956], [5.086517984560543, 52.16087780155377], [5.086354183697012, 52.161138215125504], [5.086280148924786, 52.16133508768772], [5.086253585629677, 52.16140571036164], [5.085902519533925, 52.16179640268922], [5.085788250672464, 52.161893136099685], [5.085702352736951, 52.16199578405108], [5.085771558523813, 52.162040613042564], [5.085840860297418, 52.16205825362607], [5.085891152621759, 52.162073059374066], [5.08498720132933, 52.16291119554779], [5.084928428967744, 52.16292914682836], [5.084905077533759, 52.16293939622869], [5.084704383382697, 52.163027539411715], [5.084365338777003, 52.16320423638114], [5.084311642281358, 52.16323222196323], [5.08421636002545, 52.16332125492903], [5.084152552462558, 52.163421999061164], [5.0841131028156985, 52.16372161958025], [5.083764210494691, 52.16404509002076], [5.083547664384052, 52.1639830374778], [5.083437210789212, 52.163951385275354], [5.083024178067928, 52.16383303763837], [5.082900218491307, 52.163795247295205], [5.082785819337226, 52.163767925497716], [5.082709088070427, 52.16390076750805], [5.082269556655447, 52.16459379168357], [5.0822290760202495, 52.1645845013999], [5.082250689182752, 52.164623529068685], [5.082082076945178, 52.1648893708895], [5.082046319504962, 52.164945992532964], [5.0824105258652885, 52.165030431723864], [5.082485649631672, 52.1650478466209], [5.082513081636531, 52.16509739619246], [5.082299393731618, 52.16543808158989], [5.082227259897172, 52.16554986733743], [5.082252169954411, 52.16559844873717], [5.082156504463487, 52.16574863315418], [5.082121140452673, 52.16583100635353], [5.082117861075819, 52.16583606709099], [5.082054953752689, 52.16588301042054], [5.081537561949608, 52.16670384598055], [5.081909544370299, 52.1667795435376], [5.082063928026003, 52.166810960178495], [5.0822173911387765, 52.16684664352171], [5.080945654923236, 52.16865935108306], [5.08076409912894, 52.16878877395818], [5.080567261941367, 52.16895515131219], [5.080478126526394, 52.16906360218342], [5.080432152965105, 52.16915327246173], [5.080357685113397, 52.16922241205818], [5.080351951224858, 52.16928038748317], [5.080344269417885, 52.16935805046782], [5.079687766274843, 52.17012539702292], [5.079570710404877, 52.170152730019794], [5.079411729794407, 52.17019297715347], [5.079328541669959, 52.17021620083066], [5.079277004660202, 52.1702388329159], [5.079220266513474, 52.1702716527448], [5.07911916983251, 52.170337477424376], [5.079058226720847, 52.17040342481153], [5.079017355265645, 52.17048181896508], [5.079030033066356, 52.17059340163594], [5.079080080512503, 52.17071885140121], [5.07909284039727, 52.170750818926315], [5.079118866715999, 52.1708663192189], [5.079121506496261, 52.17092437035144], [5.079124706693071, 52.17099441288396], [5.0791237939899165, 52.171126632372946], [5.079082665218132, 52.17124221804386], [5.079028245361452, 52.17133708770953], [5.078946515101838, 52.171493875992084], [5.078846317257642, 52.171651299063534], [5.078822887647529, 52.17168469104454], [5.078742139062574, 52.171777505455154], [5.078678925092185, 52.17185016070595], [5.078648098929339, 52.17188560055139], [5.078606913478175, 52.17196047943418], [5.078520012299084, 52.172116319144564], [5.078032048180951, 52.1728116808466], [5.06113068815612, 52.16903804437162], [5.066821737679654, 52.160384268233024], [5.059901149466074, 52.15871225475658], [5.065685607472156, 52.14879598357458], [5.061541893354618, 52.147153550468175], [5.055788031660214, 52.151797351290305], [5.051834134138063, 52.156906543408155], [5.046813098873136, 52.15575364144773], [5.0453719561889345, 52.15818595050046], [5.037637531677691, 52.16009913856483], [5.034056564247201, 52.15915054483775], [5.038379029627778, 52.15381704171856], [5.0377880612917485, 52.153558128718046], [5.037883721427051, 52.15348415303739], [5.037928635769189, 52.15346777501629], [5.037939835530451, 52.15344074528741], [5.041545030162257, 52.15065254971599], [5.047797043468027, 52.14664931934259], [5.050023705296157, 52.14504562686117], [5.0506539643467105, 52.1446836094534], [5.05083633585534, 52.14459188551282], [5.050917549965482, 52.144533488201525], [5.050935342967455, 52.14452198032725], [5.0536748226230115, 52.142948296951005], [5.06200814396241, 52.14690477206714], [5.076021880068253, 52.15341573783182], [5.083208486980439, 52.14809726516272], [5.0843395143654675, 52.14730930175673], [5.088715226790309, 52.14517944752034], [5.101795450339349, 52.14140279471412], [5.112546746363853, 52.138743225767726], [5.111601693233004, 52.13778287469791], [5.108639929508805, 52.138506356600736], [5.107645167929522, 52.138228027512696], [5.10865356605539, 52.13930395679338], [5.10537017265237, 52.140107587817276], [5.103644316652807, 52.13857899859107], [5.104513227271499, 52.13810580698826], [5.102482417811311, 52.13624056038699], [5.101473971269256, 52.13674329343672], [5.098489456345145, 52.13446731176821], [5.099645158831351, 52.133966194419536], [5.097845183405815, 52.1323935657328], [5.098747380119979, 52.13201062065302], [5.09966345951864, 52.13272024023175], [5.100579330100413, 52.13240138103622], [5.102189104589321, 52.13363962199891], [5.102711482981296, 52.133385928866986], [5.1025641485338324, 52.13313276779858], [5.103013170792723, 52.132899730535094], [5.104512765785271, 52.1340927160877], [5.106901313454295, 52.13310868227608], [5.1060242431049145, 52.13232640927764], [5.10939659023229, 52.13088926982932], [5.112915872153361, 52.129406914271435], [5.113464723480766, 52.12987494534742], [5.115104950983003, 52.12916810246804], [5.113287622212248, 52.12736269949554], [5.114190254944558, 52.126996669623395], [5.114924526989988, 52.125407991142204], [5.116200940616856, 52.1248633531722], [5.116328633300747, 52.12501650562732], [5.117318270661263, 52.124584949113306], [5.116216717880676, 52.12352321304187], [5.117567782740068, 52.12288143636152], [5.118741638691066, 52.124012864741914], [5.119845973652727, 52.12353521473267], [5.121894221076296, 52.122659830958376], [5.124669436965397, 52.12185905029775], [5.125816837268523, 52.12368521283014], [5.126944172378612, 52.125577740649895], [5.128607785054551, 52.12824558872465], [5.1270718685229255, 52.12866995164903], [5.127070098208104, 52.12900419376736], [5.12832216229513, 52.13030797947318], [5.1293532299276094, 52.13048194408773], [5.130288680256751, 52.13033736337048], [5.131038076735551, 52.13018538776542], [5.132460110714367, 52.129542840232055], [5.133364563006866, 52.12902157978352], [5.132811480865661, 52.12843082932836], [5.135435906900306, 52.12766270819249], [5.137777352305365, 52.13017210775228], [5.141424221632871, 52.13541584421633], [5.140173664845501, 52.13571273079873], [5.135940523731694, 52.1375352763862], [5.136807904617016, 52.14018149443969], [5.138419439326001, 52.143298790099216], [5.1429459313226955, 52.1478115726001], [5.13564206679312, 52.14895146437923], [5.133694837711893, 52.14744568574694], [5.131909352200051, 52.148222442889775], [5.132910422575517, 52.14927252111395], [5.1306967346326555, 52.14952005923103], [5.128195742296047, 52.148581034093006], [5.127635104801068, 52.148513821664835], [5.127521218205938, 52.14840291115524], [5.127460049521763, 52.1484221186792], [5.127408438847033, 52.14843832725077], [5.127318512293891, 52.148475869785536], [5.123084920816672, 52.147968222789885], [5.122911678740424, 52.14812510663291], [5.122223501791485, 52.148346860907246], [5.121642578246061, 52.14859240105658], [5.121104173248133, 52.1488194021369], [5.12055949819044, 52.149058070966426], [5.119975428238189, 52.14928917008927], [5.1200720694297805, 52.14937368712031], [5.120078159535233, 52.14937900381196], [5.1206703406218494, 52.14989681882743], [5.120814094429527, 52.15002470974699], [5.11647171141113, 52.153956550410385], [5.1035558697436905, 52.158510524342695], [5.105821107946321, 52.16004024265827], [5.110740104565376, 52.15738020181657], [5.1142402414902195, 52.15646473532842], [5.115009357052242, 52.15605238177433], [5.114422406558705, 52.15555121469197], [5.115725741329662, 52.15510785898803], [5.116930210291794, 52.15610841369815], [5.11778445420644, 52.15579119487247], [5.119354151399994, 52.156963113364554], [5.119768914848986, 52.15673687396196], [5.120298635668155, 52.15706552258707], [5.121235968268148, 52.15649985051746], [5.121694502387427, 52.15627048527596], [5.123957253639125, 52.15803285349024], [5.124683906629196, 52.157738336360026], [5.1217509584897645, 52.15528128859735], [5.122281081611734, 52.15492589992888], [5.1217343255082115, 52.15451501778022], [5.122459797218414, 52.154074897471126], [5.122624165449879, 52.15383904418266], [5.122216141350213, 52.153507838869956], [5.123115343594752, 52.153134282839126], [5.124879866003848, 52.154635227081144], [5.125746669256836, 52.15429226397965], [5.126853379265381, 52.153863800070596], [5.127384933987934, 52.15428719918404], [5.127957107594377, 52.154028354451995], [5.1280797156029525, 52.154081850436526], [5.128631944596036, 52.153854479452924], [5.128976346711242, 52.15412873731736], [5.129534237890902, 52.15385636275671], [5.128115981829908, 52.15263641279143], [5.128378417425317, 52.15236788870876], [5.130059424371294, 52.151548058049435], [5.137731174192106, 52.15883196596598], [5.1411736296777475, 52.16190764296135], [5.1451851415595495, 52.16553124775853], [5.144764149124768, 52.16579359599286], [5.146939347418092, 52.1676623131217], [5.151970015249245, 52.17211994461979], [5.148594889488576, 52.17370435113668], [5.1551484978625215, 52.17943210707146], [5.145947059612035, 52.179868186048246], [5.144411465415397, 52.18001483151176], [5.142961954703271, 52.179751623940874], [5.121183486977033, 52.180929578842495]]]}}, {"type": "Feature", "id": "59638", "properties": {"OBJECTID": "59638", "LOCATIEGROEP_ID": "nl.imow-pv26.gebiedengroep.003000000000000000000813", "SYMBOOL_CODE": "vszt023", "GROEP": "maatregelengebied", "9e750651-8e97-4bc6-b09e-fc30b5f3e83c_id": "10239", "LOCATIE_ID": "nl.imow-pv26.gebied.003000000000000000000813e117178", "DOCUMENT_URL": "https://omgevingsbeleid.provincie-utrecht.nl/home?d=/akn/nl/act/pv26/2022/omgevingsverordening/nld@1089&o=", "NAAM": "Gebied beperken bodembewerking", "TYPE": "bodem", "LOCATIEGROEP_NAAM": "Gebied beperken bodembewerking", "LOCATIE_NAAM": null}, "geometry": {"type": "Polygon", "coordinates": [[[4.861886171093209, 52.023216083923], [4.86169224441867, 52.023161657433164], [4.862090073625991, 52.02292651014177], [4.861886171093209, 52.023216083923]]]}}, {"type": "Feature", "id": "59639", "properties": {"OBJECTID": "59639", "LOCATIEGROEP_ID": "nl.imow-pv26.gebiedengroep.003000000000000000000813", "SYMBOOL_CODE": "vszt023", "GROEP": "maatregelengebied", "9e750651-8e97-4bc6-b09e-fc30b5f3e83c_id": "10240", "LOCATIE_ID": "nl.imow-pv26.gebied.003000000000000000000813e117186", "DOCUMENT_URL": "https://omgevingsbeleid.provincie-utrecht.nl/home?d=/akn/nl/act/pv26/2022/omgevingsverordening/nld@1089&o=", "NAAM": "Gebied beperken bodembewerking", "TYPE": "bodem", "LOCATIEGROEP_NAAM": "Gebied beperken bodembewerking", "LOCATIE_NAAM": null}, "geometry": {"type": "Polygon", "coordinates": [[[5.029587787631487, 52.199555738314864], [5.0295738310408735, 52.19955783517956], [5.029549381900416, 52.199564178523254], [5.029418288230632, 52.199619389784566], [5.029394404119293, 52.199630049016534], [5.029371202918024, 52.19964127655269], [5.029348743350628, 52.199653045607654], [5.029342895071238, 52.199656362409755], [5.029174736668386, 52.199713222715395], [5.028575720175995, 52.199896790318284], [5.028089019852907, 52.19994268674398], [5.022098587210792, 52.18488723765732], [5.032504272519147, 52.1841180308596], [5.032549018396737, 52.18431457910658], [5.032619296098332, 52.18433257735297], [5.0326753079399245, 52.1843498945767], [5.032769756536302, 52.18437891264085], [5.032803816226124, 52.1843930810332], [5.032831280889166, 52.18440545899397], [5.032860929661824, 52.184417160418484], [5.032969689982075, 52.18447611521659], [5.033077382410506, 52.184560952025095], [5.033124656358801, 52.1846106983366], [5.03316388281099, 52.18466111257046], [5.033198723599401, 52.184716933378866], [5.033239811406318, 52.18479999742357], [5.033246791720742, 52.18481958513016], [5.0332530540075515, 52.18485042360461], [5.033262996962295, 52.184898377192404], [5.033328448341793, 52.18513046263628], [5.033394279355343, 52.18537560866952], [5.03345089842414, 52.18558023631843], [5.03350274719229, 52.18576505816608], [5.033533641019378, 52.18587806637957], [5.033566296177214, 52.1859478388106], [5.033585760249791, 52.185991965044806], [5.033605553363219, 52.186016723219964], [5.033634511085382, 52.186049355319355], [5.033681045044494, 52.186098649776895], [5.033695295849834, 52.18611238109841], [5.0336984594788445, 52.18611542849867], [5.033764727818623, 52.18616371243843], [5.033815242960466, 52.18619964468376], [5.033848915254279, 52.18622232319894], [5.033874541656366, 52.18623803892742], [5.0339082146319, 52.186255099956526], [5.033984692605305, 52.186288305569704], [5.034026773596629, 52.186303549186874], [5.0340919001363895, 52.18632620486981], [5.0341796982419655, 52.18634995293087], [5.034270057641783, 52.186375272486195], [5.034358230794382, 52.18639969563136], [5.034426650124198, 52.18642390689651], [5.034507867396167, 52.18644406683256], [5.034582864465895, 52.186472324257736], [5.034619460708293, 52.18648960952334], [5.034693037399795, 52.18653293543322], [5.034750872835712, 52.18656975197151], [5.034804687345239, 52.18660838103468], [5.034848255297396, 52.18664093959136], [5.034906854504083, 52.18669958107963], [5.034942772689309, 52.186747216535515], [5.034977237777944, 52.18680295477805], [5.035007805401214, 52.18694302432621], [5.035026349854601, 52.18710941966433], [5.035028631429695, 52.18713159974629], [5.035046398132642, 52.187303915815654], [5.035062004621198, 52.1874590674357], [5.035085734502758, 52.18766886305187], [5.035100240109095, 52.18782086559067], [5.035112528388442, 52.18796478134434], [5.035123675262616, 52.188073604732196], [5.035137010710295, 52.18818491531671], [5.035150000089114, 52.18830858329654], [5.035156881971142, 52.18836490433213], [5.035158516582211, 52.18837828327484], [5.035176507200242, 52.18842414849154], [5.03518800881639, 52.188447290799516], [5.035202187744679, 52.1884758428453], [5.035223096701042, 52.18850955605833], [5.0352245579074095, 52.188511555738835], [5.035259004267502, 52.18855876425859], [5.035282471564487, 52.18859629597638], [5.035299338777164, 52.18862146756488], [5.035356853733351, 52.18868819472557], [5.035386903229124, 52.18872369678246], [5.035430481149847, 52.188764577977395], [5.035496040435037, 52.18882748219083], [5.035553548377661, 52.188885895378625], [5.035599702216612, 52.188933965551584], [5.035662429902782, 52.18905376393938], [5.035698797095205, 52.189154249612315], [5.03570801072145, 52.18920056497287], [5.035706282116406, 52.189269605244164], [5.035704545456907, 52.18932111000424], [5.035686388350193, 52.18940387989195], [5.0356747272471525, 52.18943245381437], [5.0356364503988384, 52.189512997697996], [5.0355846748558095, 52.18960660579984], [5.035552241573194, 52.1896786015414], [5.035507410427641, 52.18977241903522], [5.035478237706936, 52.18982776980011], [5.035456865323497, 52.18987126172797], [5.035448705907952, 52.189887847148], [5.035430854437065, 52.189929920475834], [5.035422471171221, 52.18995263500689], [5.035403230543797, 52.19004103705821], [5.035374905321442, 52.190163179753256], [5.03534687830603, 52.190291992384125], [5.035342948137708, 52.19031005543338], [5.035319722180508, 52.19042161651628], [5.035309182099576, 52.190469302113016], [5.035306678809308, 52.190504841980335], [5.035304908556026, 52.19054015034537], [5.035305314320318, 52.19056286409453], [5.03531232492928, 52.190601083757976], [5.035335763534148, 52.19069985922762], [5.035380288570911, 52.19077478958402], [5.035404255726716, 52.190808439957145], [5.0354498326124055, 52.19086314155362], [5.035476814552933, 52.19089096771534], [5.035513230190959, 52.19092424169928], [5.035584478152011, 52.19097460661612], [5.035614891123469, 52.19099575593082], [5.035673840772496, 52.19103676367448], [5.0357772836374295, 52.191110485115026], [5.035882194570093, 52.19118353673525], [5.0359151412868215, 52.191207965121635], [5.03624794817575, 52.19156891292435], [5.036271338943253, 52.19163692231153], [5.036301067216818, 52.191722890462245], [5.036306984456569, 52.19181842292512], [5.036308411831421, 52.19184147225439], [5.0363230870483475, 52.192004215616734], [5.036338339088582, 52.19223307599597], [5.036349253218592, 52.19237013860322], [5.036382601554351, 52.19274152959037], [5.036388408096318, 52.19281212915108], [5.036398953976909, 52.19294026561887], [5.036417240006875, 52.193164658967135], [5.0364274029262965, 52.19327270623745], [5.0364352047309255, 52.19332765472213], [5.0364430244915726, 52.193367305783156], [5.036454161649115, 52.19340542077109], [5.036466459005884, 52.1934410675199], [5.036495882835681, 52.193510155333584], [5.03651609155351, 52.193551505950985], [5.036549587377146, 52.19360308834576], [5.036601936126161, 52.19367689096839], [5.036646304663575, 52.193733305175165], [5.036691277587172, 52.19377982543606], [5.036742360980038, 52.19383045332704], [5.036777807991654, 52.193862717372625], [5.036867098134966, 52.193922015100505], [5.036978693305038, 52.19399794368781], [5.037097864896349, 52.19406268666964], [5.037225054955022, 52.19412886440101], [5.037339148490354, 52.19419221693147], [5.0374935966590515, 52.194281358419715], [5.037531908139612, 52.19430654822116], [5.037578586168993, 52.19433724542417], [5.0376551199544215, 52.19439530039439], [5.0377183374685215, 52.194446808637146], [5.037719340200179, 52.19444762950721], [5.037791965222884, 52.194515541575555], [5.037856888054435, 52.1945995821384], [5.037888836321475, 52.19463990666141], [5.037944239644768, 52.19473870417273], [5.037986596446936, 52.19483198043254], [5.038055739146939, 52.194982400293306], [5.0381065617389185, 52.1951040854427], [5.038134078369397, 52.19516317259551], [5.038150531062913, 52.19521379635315], [5.0381730533164495, 52.19539525747661], [5.0381712130800915, 52.19544537776372], [5.038154819667578, 52.195540394720986], [5.038144253832776, 52.195587864737625], [5.038124591788726, 52.19567629285709], [5.038113004122688, 52.195710421751095], [5.038087965277318, 52.195783176982445], [5.0380667816978555, 52.19583053470895], [5.037938009969097, 52.19613920412003], [5.037839685737372, 52.196380985359525], [5.037765214662495, 52.19656506264355], [5.037618760186782, 52.19657833579191], [5.037352586740038, 52.19660315417628], [5.037122660872885, 52.196625607738895], [5.03712070562488, 52.196641780227054], [5.037119849529916, 52.196659537850245], [5.037180397565051, 52.19678873015669], [5.037250516585898, 52.19696201863771], [5.037333918163668, 52.197172439630194], [5.037400685870679, 52.197353573533825], [5.0374233046109245, 52.19741432706369], [5.037339906025809, 52.19761727923599], [5.037201069619372, 52.19794906187848], [5.0371400294641395, 52.197940108732176], [5.03712470889961, 52.19805270908922], [5.036855461186567, 52.19806367583382], [5.034303823100948, 52.19808398593793], [5.033922777860714, 52.19823579433788], [5.033709289937466, 52.1982905031969], [5.033644627477411, 52.19831597916584], [5.033611459938352, 52.19832442738815], [5.033574836725033, 52.19832965656077], [5.033278323296952, 52.19837362707732], [5.032887672246948, 52.19842476544782], [5.032840952472109, 52.19843231893916], [5.032244706176062, 52.19847408383537], [5.032042079758624, 52.19847408580548], [5.032028469727776, 52.19846578496132], [5.031908527440592, 52.198431126208995], [5.03189453586497, 52.19843032912713], [5.031880465570908, 52.19843023286573], [5.031866448124955, 52.198430846808584], [5.03185255673072, 52.19843216218797], [5.031838879218389, 52.19843417028032], [5.031825518116405, 52.19843685341842], [5.031812561254907, 52.19844020287871], [5.031800081981139, 52.1984441919182], [5.0317881829669915, 52.198448784894474], [5.031776937416379, 52.198453973039925], [5.031766418891782, 52.198459702648606], [5.031756686185744, 52.19846593794592], [5.031747383235138, 52.19847147347696], [5.0317388227971, 52.19847744266318], [5.031731078219294, 52.19848381876158], [5.031724179184929, 52.19849054793421], [5.031718169788757, 52.198497603350035], [5.031713108967278, 52.19850493125894], [5.0317090117773144, 52.1985124777789], [5.031705907830696, 52.1985201980594], [5.03170382666765, 52.19852805623771], [5.031702768790284, 52.19853598939983], [5.031702749255663, 52.19854394366356], [5.031703753795959, 52.1985518740462], [5.031705797396646, 52.19855973565321], [5.031708851306627, 52.19856746548241], [5.031712832939175, 52.1985909269904], [5.031383610913008, 52.19868061478141], [5.0313606366328525, 52.19869102549], [5.031190349889256, 52.19870379642954], [5.0311702108135945, 52.19870534455639], [5.031150242017028, 52.19870754931244], [5.031130501861663, 52.19871042884958], [5.031111034441873, 52.198713956337144], [5.031091912961765, 52.198718123008106], [5.031073181300476, 52.1987229289949], [5.031054898179252, 52.19872834751098], [5.03103713680233, 52.19873436978942], [5.0310199120113435, 52.19874096891138], [5.031003311637371, 52.198748136154144], [5.030987365148817, 52.19875584464304], [5.03097211656894, 52.19876407653521], [5.030896754438127, 52.1988194755129], [5.030768615281318, 52.19894106409802], [5.030750647812944, 52.19896736249227], [5.030522531252808, 52.19907070908357], [5.030261804364611, 52.1993446645153], [5.030257645977536, 52.19934702476136], [5.029640240409868, 52.19955580725943], [5.029617415605796, 52.19955476745323], [5.029587787631487, 52.199555738314864]]]}}, {"type": "Feature", "id": "59640", "properties": {"OBJECTID": "59640", "LOCATIEGROEP_ID": "nl.imow-pv26.gebiedengroep.003000000000000000000813", "SYMBOOL_CODE": "vszt023", "GROEP": "maatregelengebied", "9e750651-8e97-4bc6-b09e-fc30b5f3e83c_id": "10245", "LOCATIE_ID": "nl.imow-pv26.gebied.003000000000000000000813e117190", "DOCUMENT_URL": "https://omgevingsbeleid.provincie-utrecht.nl/home?d=/akn/nl/act/pv26/2022/omgevingsverordening/nld@1089&o=", "NAAM": "Gebied beperken bodembewerking", "TYPE": "bodem", "LOCATIEGROEP_NAAM": "Gebied beperken bodembewerking", "LOCATIE_NAAM": null}, "geometry": {"type": "Polygon", "coordinates": [[[5.296521447792777, 52.25206502097185], [5.296171665478739, 52.2525316585052], [5.296022723023741, 52.253680882679255], [5.297422809291801, 52.25519239328542], [5.297838841631649, 52.2558500018469], [5.298195933043603, 52.25648743194558], [5.298310819478482, 52.25683041967518], [5.2983475869500145, 52.257753140615755], [5.298128245907877, 52.25788434996762], [5.298210853757118, 52.258176460622245], [5.29848760104531, 52.25829246675102], [5.298494073532253, 52.25908792488546], [5.289313066360227, 52.25997375734847], [5.291319976306861, 52.26701628493713], [5.294025615355909, 52.275115443181605], [5.277225090421577, 52.2768245876856], [5.273647609360713, 52.269596464593064], [5.267280565465618, 52.25279059277437], [5.267422623152957, 52.25276160729352], [5.267801796057374, 52.25272552716258], [5.267861823401581, 52.252720410769285], [5.267850211254618, 52.252681751599845], [5.267848121118437, 52.25267477497371], [5.268127209014472, 52.25261782202286], [5.268572876295067, 52.252578049433914], [5.268565507101644, 52.2525131592576], [5.268537142961337, 52.252473782307554], [5.268494488841026, 52.2524387680618], [5.268423400911368, 52.25239060309632], [5.268373691038818, 52.2523380915007], [5.26831336761139, 52.25225130779728], [5.268308063036366, 52.25224155971186], [5.2682861766877895, 52.25218401591599], [5.26825334887253, 52.25206692605221], [5.268232496321284, 52.251874539598795], [5.268219724296416, 52.25169984022878], [5.268183674642402, 52.25148977747602], [5.268092239306862, 52.25106126481995], [5.268056955280501, 52.25094318374723], [5.267978902347636, 52.25083380467989], [5.267632689386857, 52.25086095787842], [5.267545850237411, 52.25043564005379], [5.267114469042634, 52.25006151782595], [5.267192134067651, 52.24989494513312], [5.267183977106208, 52.249824418696285], [5.266862483977804, 52.249842966440404], [5.265954098938268, 52.24905508632525], [5.260817703678204, 52.237179175850954], [5.2777918144932965, 52.23621762001766], [5.27709696308918, 52.23113809846149], [5.258943921561278, 52.231820926199696], [5.25790449516538, 52.22886327832071], [5.276521017904916, 52.228043046490875], [5.275969048135796, 52.22395204456399], [5.283557924139499, 52.22353920705725], [5.288394460897848, 52.22301026933955], [5.293241822994468, 52.22337377706294], [5.294208688507547, 52.22358813674348], [5.298073470629208, 52.22354781728779], [5.301426278923028, 52.223609076000756], [5.3037194337954965, 52.223965843122556], [5.308433487009621, 52.22611491734278], [5.308412922982548, 52.226156732963396], [5.308309347364475, 52.22611395384113], [5.308267165828487, 52.22610624112688], [5.308239003464464, 52.22612446761123], [5.307866508795218, 52.22642759331074], [5.307625657072356, 52.22665051823756], [5.307668235077154, 52.226665942994636], [5.307714864681432, 52.22668283547219], [5.308087727268001, 52.22681791159629], [5.307862586090447, 52.22727566321381], [5.3078377165811075, 52.22726886073544], [5.3075988537196945, 52.22723574197292], [5.307464250180274, 52.22724066655347], [5.307333702030016, 52.22725310753312], [5.3072398356713375, 52.22728812359456], [5.307137784164075, 52.227333155459874], [5.307103375842266, 52.227324153345364], [5.306938268809097, 52.227459946257845], [5.306743490273098, 52.22763778174921], [5.3066114428479745, 52.22775834434635], [5.306582258068496, 52.227782537645], [5.306410572698806, 52.22799289724051], [5.306277187307415, 52.22810764342658], [5.306038741171481, 52.22837466991412], [5.3059837420435185, 52.228428091706384], [5.305928490411363, 52.22849953386931], [5.305808046679765, 52.22860318845205], [5.305572844026533, 52.22879043137453], [5.305533868137137, 52.228821466370725], [5.30536111910957, 52.229000366319575], [5.305308243793996, 52.22906807089827], [5.305205691222141, 52.22918335848186], [5.30519975892312, 52.229193699345586], [5.305154341436912, 52.22927290443556], [5.305126030091257, 52.229370339672414], [5.305120679621509, 52.22941446612868], [5.305118227177439, 52.22943476789959], [5.305130944684227, 52.229475644310995], [5.305148805340077, 52.22951350438159], [5.305171710655273, 52.229562117371685], [5.305215442148212, 52.22961996628475], [5.305240644344525, 52.22965332853199], [5.305312156897284, 52.22972724888171], [5.305383841977106, 52.22983492753353], [5.3054959154031165, 52.2299882741482], [5.305515176301132, 52.2300371002583], [5.305493019336161, 52.23010702812227], [5.305403030905453, 52.23024226848746], [5.305311076861637, 52.2303077350318], [5.305264161726059, 52.23034113721931], [5.305166152756795, 52.23040371436933], [5.305145702346648, 52.23042875821165], [5.305133355800041, 52.23049640091362], [5.30514681248227, 52.230565310814356], [5.305149509665354, 52.23057909998851], [5.305194248667721, 52.23064678226328], [5.3053803502037296, 52.23081314965507], [5.3056185651242895, 52.23102610056232], [5.305744023049295, 52.23113826499431], [5.305855972126936, 52.231265950942806], [5.305899414966207, 52.23126672678542], [5.305856249846059, 52.23135448107157], [5.30045649254319, 52.231323107241415], [5.302293538504066, 52.244427187884185], [5.295518293311214, 52.24448792360395], [5.296113542760626, 52.24856740949181], [5.296521447792777, 52.25206502097185]]]}}, {"type": "Feature", "id": "59641", "properties": {"OBJECTID": "59641", "LOCATIEGROEP_ID": "nl.imow-pv26.gebiedengroep.003000000000000000000813", "SYMBOOL_CODE": "vszt023", "GROEP": "maatregelengebied", "9e750651-8e97-4bc6-b09e-fc30b5f3e83c_id": "10251", "LOCATIE_ID": "nl.imow-pv26.gebied.003000000000000000000813e117176", "DOCUMENT_URL": "https://omgevingsbeleid.provincie-utrecht.nl/home?d=/akn/nl/act/pv26/2022/omgevingsverordening/nld@1089&o=", "NAAM": "Gebied beperken bodembewerking", "TYPE": "bodem", "LOCATIEGROEP_NAAM": "Gebied beperken bodembewerking", "LOCATIE_NAAM": null}, "geometry": {"type": "Polygon", "coordinates": [[[5.591196708126798, 52.0066013026171], [5.58999866822031, 52.0086293247839], [5.588219282958911, 52.01020269245837], [5.574246455529448, 52.01913481125908], [5.574206142625782, 52.01907838488291], [5.5733617596891465, 52.01823529733649], [5.573287106932527, 52.01816710558278], [5.57279387231534, 52.01768707316359], [5.571073798240183, 52.01598080492747], [5.568420500119635, 52.01343664869039], [5.568519438188764, 52.01336192149264], [5.568595586442552, 52.01324573107671], [5.568701345271874, 52.01312898258476], [5.568742614864593, 52.01310465985959], [5.568853573408561, 52.01303824583356], [5.569111822716545, 52.01287799234482], [5.569683781276422, 52.01257839392031], [5.569839102280583, 52.01249693584403], [5.571263603750702, 52.011748886814935], [5.571345926769029, 52.0117056507441], [5.571551791808513, 52.01159754224659], [5.572172026109455, 52.011271808273136], [5.572208491367662, 52.01125244435211], [5.572245712332129, 52.011232674763555], [5.573362631829733, 52.01063957214126], [5.573464438022687, 52.01058550895622], [5.574910163171737, 52.00982169749133], [5.5755546784999375, 52.00948013257271], [5.57615333295688, 52.0091626092156], [5.577100471928429, 52.00866625837113], [5.577193625359973, 52.00861744600438], [5.5778503196014055, 52.00827100411724], [5.578781086529526, 52.00777968157656], [5.5789674143172805, 52.00768190125421], [5.579276884438608, 52.00749595242083], [5.579672400776397, 52.007215675012965], [5.5801133194327415, 52.00689048882996], [5.58005622785045, 52.006870260247396], [5.580005058451215, 52.006852134144786], [5.580068818391076, 52.006804257501734], [5.5801371655431, 52.00675291285467], [5.58045981093699, 52.00648059896714], [5.5808264147110265, 52.006125934160394], [5.580859452233656, 52.00609035853382], [5.580922845248218, 52.006022087882954], [5.580925732586694, 52.00602293700146], [5.580977670623749, 52.00596302620739], [5.581017216727043, 52.00592042904198], [5.581570129769605, 52.00532491339193], [5.581599339105331, 52.005293442482916], [5.58165320602787, 52.00523542469585], [5.581699886330348, 52.00517253819817], [5.581724674318736, 52.00513914211516], [5.581794523707299, 52.005159708305776], [5.581880809027801, 52.00503470189726], [5.582150096328649, 52.004644501946125], [5.582049933701723, 52.004575414158076], [5.582018035531354, 52.00455438077744], [5.582061665491685, 52.00452708332861], [5.583559211088717, 52.002729358521876], [5.5950903046420795, 51.993001954828706], [5.602877527219487, 51.98677716025742], [5.606771132842438, 51.98161220995948], [5.6081228814254915, 51.97918778796794], [5.60087290730793, 51.97701736229115], [5.603214446493591, 51.9741634878459], [5.610341187242849, 51.97556421742805], [5.611563263256559, 51.97298727168712], [5.6120125156660645, 51.97231842716283], [5.625490446257337, 51.97301035792804], [5.626014590348581, 51.97377145005526], [5.6216717168054435, 51.97672343773695], [5.61994953237048, 51.97704629237027], [5.618302252494333, 51.979306257038125], [5.617394211360343, 51.980288175659005], [5.6172539071085685, 51.98039544592175], [5.617146370238435, 51.98047779953471], [5.617088509312125, 51.98053132061914], [5.616964565792671, 51.98066729382717], [5.616936557925455, 51.980698025310915], [5.616727238871415, 51.9809268604403], [5.6164530604025495, 51.9812304417656], [5.616394395645452, 51.981295064500294], [5.616167753850227, 51.98154472209497], [5.616042024651252, 51.98167986187864], [5.615915006367848, 51.98181640619205], [5.615777058863586, 51.98196785608056], [5.615651095929135, 51.98210615074866], [5.6155268786660475, 51.982235813212874], [5.615309471380908, 51.9824627469715], [5.615177948208261, 51.98259307038475], [5.615083052921145, 51.98268710019594], [5.615059958046436, 51.98271694085281], [5.615041900072611, 51.98276117983077], [5.615030524564434, 51.9828084977965], [5.615026172524165, 51.98284865652887], [5.614932781916396, 51.982949640166304], [5.614991456697792, 51.98323271775417], [5.614989736268166, 51.98325222548485], [5.61498056902853, 51.98335601203182], [5.614960072731437, 51.9835879293553], [5.614929388027387, 51.983883179289], [5.614914274522413, 51.98402860169553], [5.614895196849034, 51.98419317664128], [5.614898907711747, 51.98427031517518], [5.61493442130818, 51.98438960069183], [5.614956363482809, 51.98445643937907], [5.615031672151935, 51.98457205247973], [5.61505940651971, 51.98463282187439], [5.615063587287192, 51.984641981734626], [5.615103134940734, 51.98468130934115], [5.615107012128667, 51.984685157762385], [5.615118767532528, 51.98469529163791], [5.615121984222684, 51.98469807174344], [5.615235118509822, 51.984892006445165], [5.615246593251988, 51.98495854180251], [5.61523669018617, 51.98507787935596], [5.615228871332894, 51.98517197400122], [5.615203692127746, 51.98526161720395], [5.613959375070506, 51.9862699290698], [5.614184030265284, 51.988621652422864], [5.613659889891884, 51.99041995122957], [5.611338700715442, 51.99194152489993], [5.609541637145722, 51.99383189015927], [5.608268718411573, 51.99378578119252], [5.6078198596118645, 51.9940424280583], [5.607761472101223, 51.99406281494915], [5.607285264469843, 51.99426035082531], [5.607248058127517, 51.994274127446694], [5.607050750625871, 51.994326978563], [5.606929529758399, 51.994331411638264], [5.605975720248797, 51.99415522423215], [5.605503143118518, 51.99405078806473], [5.605419678503726, 51.994052506950034], [5.604974118305034, 51.99397020135235], [5.603102180124541, 51.99456956132459], [5.602644615825189, 51.994940282373726], [5.602515013823605, 51.994997828439175], [5.602330806770552, 51.99517297679712], [5.602255894844813, 51.995255211900115], [5.6018854148213455, 51.995555366197195], [5.601733339066798, 51.99566680961134], [5.601613036365429, 51.995760515135586], [5.601610135015969, 51.995762767471895], [5.601606102247369, 51.99576592068948], [5.600048620140628, 51.996693957884865], [5.599866349775531, 51.996759119447226], [5.59962520619183, 51.99684829566402], [5.599493668352605, 51.996892620259025], [5.599429738160117, 51.99691872948709], [5.599378623058737, 51.99694822207497], [5.599316571858906, 51.99698679445512], [5.599219855103619, 51.997057067708496], [5.599001630863922, 51.9972485317265], [5.598648776187018, 51.99755810849778], [5.598627121130541, 51.99757608784372], [5.598364416673765, 51.997794298558404], [5.598318847075603, 51.99784528044217], [5.598258657875533, 51.997896279563314], [5.598083507164596, 51.998033996109655], [5.5979411957569045, 51.99814168695287], [5.5978426609721845, 51.99821650134463], [5.597788214607698, 51.998250331502256], [5.597797281639942, 51.99825241849602], [5.597764979445273, 51.99827616019559], [5.59724343598359, 51.998516205511976], [5.597240035945519, 51.99851777552852], [5.5971780032460074, 51.99856425632947], [5.597048480903139, 51.99867362200534], [5.597019344815397, 51.998714390441656], [5.5969735226891055, 51.99878349240877], [5.596959280111836, 51.99880498158329], [5.596885540262003, 51.99888280690624], [5.5921701086726, 52.00111596429076], [5.591894899433207, 52.001534546504615], [5.591667856895842, 52.00180287892149], [5.5914363250860415, 52.00206454946154], [5.5912996626506795, 52.002238968515414], [5.591172128178643, 52.00240658550245], [5.590989554908303, 52.00264996016284], [5.590948065881537, 52.0027557419261], [5.5909197922833185, 52.00282784907056], [5.5908899720690455, 52.002822471877096], [5.590808130664798, 52.00302480249254], [5.590799348675675, 52.00314643661643], [5.590767184646536, 52.00339763073278], [5.590755209035202, 52.00368499422621], [5.5907645338043706, 52.00374041710599], [5.590794258338067, 52.00389762263446], [5.590807386869105, 52.004001682888486], [5.590805725102196, 52.004062212088876], [5.590807735800437, 52.00412329219606], [5.590798807871304, 52.00419684884365], [5.590779147710924, 52.00435073334824], [5.590761273502809, 52.00449385591789], [5.590792922670362, 52.00467707884177], [5.5908357108370765, 52.004917429227454], [5.590832809105048, 52.00491664329389], [5.59078993935136, 52.00490504189691], [5.590812208958195, 52.00500796278745], [5.590825157823554, 52.0050628131221], [5.590849167339761, 52.00513517122446], [5.590884165693781, 52.00521883537679], [5.590909171693792, 52.0052764960874], [5.590924304137942, 52.005308674471095], [5.591027938048685, 52.00550352010816], [5.591103090551194, 52.00563539900943], [5.59111768742115, 52.005665043632796], [5.591196708126798, 52.0066013026171]]]}}, {"type": "Feature", "id": "59642", "properties": {"OBJECTID": "59642", "LOCATIEGROEP_ID": "nl.imow-pv26.gebiedengroep.003000000000000000000813", "SYMBOOL_CODE": "vszt023", "GROEP": "maatregelengebied", "9e750651-8e97-4bc6-b09e-fc30b5f3e83c_id": "10252", "LOCATIE_ID": "nl.imow-pv26.gebied.003000000000000000000813e117184", "DOCUMENT_URL": "https://omgevingsbeleid.provincie-utrecht.nl/home?d=/akn/nl/act/pv26/2022/omgevingsverordening/nld@1089&o=", "NAAM": "Gebied beperken bodembewerking", "TYPE": "bodem", "LOCATIEGROEP_NAAM": "Gebied beperken bodembewerking", "LOCATIE_NAAM": null}, "geometry": {"type": "Polygon", "coordinates": [[[5.079310532112499, 52.12953777935598], [5.081366879083312, 52.131143705826084], [5.082776070172125, 52.13222802481549], [5.082849233595337, 52.132276434289615], [5.083586956542445, 52.132856633045684], [5.084935109219586, 52.1339073871559], [5.085250478549489, 52.13415549988589], [5.0854202595945415, 52.134289073717156], [5.0854369473149745, 52.13430304782038], [5.081211926729732, 52.1359286764807], [5.082803676440974, 52.13735343878284], [5.075375473418251, 52.14048772698051], [5.0730541729163905, 52.13881883271122], [5.073518435059009, 52.138615312011716], [5.073916390867254, 52.136539275596824], [5.072722573553286, 52.135847240201706], [5.070600245103854, 52.13572511546194], [5.067814698184758, 52.133323253325216], [5.0713961582417335, 52.13067699696064], [5.074115409567637, 52.128030593352264], [5.07477863994888, 52.127704872905866], [5.0758398092108585, 52.128519180350985], [5.07650304657971, 52.12831560651398], [5.077267955206094, 52.12794489412892], [5.07744942879568, 52.12808500872142], [5.079310532112499, 52.12953777935598]]]}}, {"type": "Feature", "id": "59643", "properties": {"OBJECTID": "59643", "LOCATIEGROEP_ID": "nl.imow-pv26.gebiedengroep.003000000000000000000813", "SYMBOOL_CODE": "vszt023", "GROEP": "maatregelengebied", "9e750651-8e97-4bc6-b09e-fc30b5f3e83c_id": "10257", "LOCATIE_ID": "nl.imow-pv26.gebied.003000000000000000000813e117185", "DOCUMENT_URL": "https://omgevingsbeleid.provincie-utrecht.nl/home?d=/akn/nl/act/pv26/2022/omgevingsverordening/nld@1089&o=", "NAAM": "Gebied beperken bodembewerking", "TYPE": "bodem", "LOCATIEGROEP_NAAM": "Gebied beperken bodembewerking", "LOCATIE_NAAM": null}, "geometry": {"type": "Polygon", "coordinates": [[[5.0307093849893105, 52.17423519200625], [5.030372432869444, 52.1742351896142], [5.030335001660558, 52.17536020888955], [5.0271527126179745, 52.1752913241899], [5.021761523639397, 52.17494693065565], [5.022697467087492, 52.172467254943456], [5.023483663676967, 52.17042370990865], [5.0252432680359735, 52.16828821692332], [5.027714211654068, 52.16495849275009], [5.029286631324366, 52.162937567161734], [5.032805870837007, 52.163741358764554], [5.032019664095899, 52.16477478026389], [5.0301851638833615, 52.164591058717676], [5.0300354122240085, 52.16502738594692], [5.030559555869612, 52.16518813912992], [5.030260042214484, 52.165968918996185], [5.031196017709656, 52.16619855757079], [5.0310088232489765, 52.166634871836145], [5.029698471286303, 52.166520052497034], [5.029511274807361, 52.16684154287497], [5.029848231117082, 52.16695636038191], [5.029511283548113, 52.16782896291493], [5.0322443141087145, 52.168242301624126], [5.0317576268737625, 52.16927561442269], [5.030334952910343, 52.16906894846138], [5.030222635144111, 52.169390423519786], [5.034041392362833, 52.16991855753803], [5.033629573844825, 52.17099775161618], [5.035164569944889, 52.1712273713372], [5.034603000872091, 52.173821916674925], [5.030859134913103, 52.17366119575359], [5.0307093849893105, 52.17423519200625]]]}}, {"type": "Feature", "id": "59629", "properties": {"OBJECTID": "59629", "LOCATIEGROEP_ID": "nl.imow-pv26.gebiedengroep.003000000000000000000813", "SYMBOOL_CODE": "vszt023", "GROEP": "maatregelengebied", "9e750651-8e97-4bc6-b09e-fc30b5f3e83c_id": "10307", "LOCATIE_ID": "nl.imow-pv26.gebied.003000000000000000000813e117175", "DOCUMENT_URL": "https://omgevingsbeleid.provincie-utrecht.nl/home?d=/akn/nl/act/pv26/2022/omgevingsverordening/nld@1089&o=", "NAAM": "Gebied beperken bodembewerking", "TYPE": "bodem", "LOCATIEGROEP_NAAM": "Gebied beperken bodembewerking", "LOCATIE_NAAM": null}, "geometry": {"type": "Polygon", "coordinates": [[[4.867579903437117, 52.02093861337432], [4.867499110679044, 52.02104101981509], [4.866750178859462, 52.02132529188101], [4.8663790787788, 52.021532907163454], [4.866209222032602, 52.02154492807223], [4.865925281585396, 52.0215650185532], [4.865440046441477, 52.02155556190377], [4.8651563292013655, 52.021521434207145], [4.8649437332888334, 52.02148032281553], [4.86465618870803, 52.02140965754539], [4.8654210909172235, 52.02095749652181], [4.861142794842087, 52.01949849158579], [4.8560545989018165, 52.01913118102934], [4.85312253454011, 52.01806028318463], [4.847522725100468, 52.01790168590553], [4.855292445542852, 52.00811767742721], [4.855330293523817, 52.00807522588788], [4.855407458274457, 52.00798558358238], [4.855492444127537, 52.00788610739225], [4.855553326147976, 52.00781231872309], [4.855654228017693, 52.00769586347814], [4.85572622635727, 52.00761068279915], [4.8558008221869065, 52.0075226015901], [4.855915107983079, 52.00738891303545], [4.855987833417813, 52.00730374446542], [4.856076494903661, 52.00720113853082], [4.856158881468368, 52.007103214095004], [4.85624534962057, 52.00700127226124], [4.856378154628102, 52.006847020641935], [4.856385688628047, 52.006838057319555], [4.856390105420732, 52.00683281907622], [4.856393458729744, 52.00682883440032], [4.8563948029659585, 52.00682724054307], [4.856513630624044, 52.00668605765992], [4.856645314912881, 52.00653404776218], [4.856775908699805, 52.00638180809513], [4.856888019985173, 52.00624676953549], [4.856908074030956, 52.00622345432492], [4.856993739598024, 52.00612381831814], [4.857059793447794, 52.00604579170227], [4.8570846433378785, 52.006017176981686], [4.857115541414877, 52.00597466660337], [4.857126556382675, 52.00595950798789], [4.857120971892721, 52.005957586308384], [4.857077505713165, 52.00594336881355], [4.857030746317778, 52.00592806686226], [4.857239175383998, 52.00566551316247], [4.855326052020041, 52.00536346138422], [4.8552161197202555, 52.0053281439183], [4.854927654954091, 52.00523702874215], [4.854693596190621, 52.005164809724114], [4.854515792838838, 52.0051090057982], [4.854351762004171, 52.005059780469836], [4.854362784699947, 52.00505015894276], [4.854264860148608, 52.00501559602232], [4.8540885918158025, 52.00495327288233], [4.853896734200987, 52.004884146606], [4.853602035871028, 52.00479841087903], [4.8535865266119735, 52.00481789015124], [4.853442406987994, 52.00477841623893], [4.853401639761546, 52.00476644770406], [4.853336795466411, 52.00474740402129], [4.8532630084168895, 52.00473697548362], [4.85313141645175, 52.0047168738923], [4.852946380487181, 52.004690246777585], [4.852752634805407, 52.00466246527697], [4.852695255671955, 52.004653737760776], [4.8526188615235695, 52.004642128499455], [4.852347315515952, 52.004603458685075], [4.852133930795106, 52.00457267471547], [4.852043893413099, 52.00455961886421], [4.851864196906821, 52.00453355361623], [4.851574838338907, 52.00449143038877], [4.851449630516255, 52.00447345023736], [4.8513182438721305, 52.00445457894606], [4.851226591666902, 52.00444141624493], [4.8509797663561, 52.004404869203576], [4.850853103695553, 52.004386800893734], [4.850568985404353, 52.004346272017344], [4.850251619781653, 52.004302013452055], [4.850129791848799, 52.00428524275554], [4.849838998835937, 52.004245202980485], [4.849510728816994, 52.00419953539739], [4.84940527026941, 52.00418403416521], [4.849358065457715, 52.00417709523296], [4.84910430423762, 52.00414231021897], [4.848886932681, 52.00411037858121], [4.848732789592506, 52.00408993523069], [4.848528837938566, 52.00406232477821], [4.8483589166143854, 52.004039975115965], [4.848135416093361, 52.00401035998067], [4.84813199914085, 52.004009903905256], [4.848011853975393, 52.003993812840235], [4.847846495493122, 52.00397234621467], [4.847657169185804, 52.00394694946665], [4.847207298136452, 52.0038843502904], [4.846908224184859, 52.00384426526603], [4.846904633046783, 52.00384376341383], [4.846751245860484, 52.00382237715738], [4.846660407369524, 52.00380958314728], [4.846302837217518, 52.00376068904854], [4.84629092730526, 52.00375923214355], [4.846189801977381, 52.00374687586807], [4.846042759063616, 52.003727198659305], [4.8460295422178765, 52.00372543011672], [4.84596961052196, 52.003717235864066], [4.845866016758593, 52.0037030792849], [4.845655992628462, 52.00367330568308], [4.8456510200213545, 52.003672635647234], [4.8455902144905565, 52.00366445515737], [4.845408163943911, 52.00363976238197], [4.845234836717124, 52.00361510049982], [4.845057185237012, 52.00358795564652], [4.845056705431548, 52.003587890518475], [4.844841717520371, 52.003556807268275], [4.844797697746154, 52.00355033958091], [4.844693114495063, 52.00353497297233], [4.84446201437888, 52.003501945197726], [4.8442825271736165, 52.003476138955286], [4.843991117541854, 52.003434958307416], [4.843872291385224, 52.0034184286642], [4.843870721243241, 52.00341820569716], [4.843861751395133, 52.003416905929434], [4.843699696609112, 52.00339355217581], [4.843564901963851, 52.00337401829814], [4.843430820782676, 52.00335450553815], [4.843250623104782, 52.003327337199146], [4.8432496054727014, 52.003327188683535], [4.843032984438634, 52.00329527663578], [4.842857500851855, 52.00326971143001], [4.842746672876809, 52.00325301090205], [4.842650541576723, 52.003238526467825], [4.8426464131420595, 52.00323790515158], [4.842442585135138, 52.003207929755014], [4.842124309404325, 52.00316077772598], [4.841912836810713, 52.00313076600973], [4.841818118188113, 52.003117518837584], [4.84176131605707, 52.003109579620485], [4.841600080630501, 52.00307891027079], [4.841447117523008, 52.00305660223855], [4.841257067114866, 52.00303028398845], [4.8411571439823025, 52.00301632004336], [4.840980909921637, 52.0029927619337], [4.840884255178196, 52.00297949603516], [4.8407799855709115, 52.002963704943525], [4.840617924621653, 52.00294111990093], [4.8403054120086955, 52.002899373703656], [4.840194953675359, 52.002883562326836], [4.839935160782234, 52.0028465722603], [4.839780006830955, 52.00282491700506], [4.8397785094323345, 52.00282470330991], [4.839721768590983, 52.00281657463586], [4.839575446286467, 52.00279560734565], [4.83936759026899, 52.00276785494878], [4.839365656663097, 52.00276758528822], [4.839219704190372, 52.00274736530648], [4.839023126174086, 52.00272033892619], [4.838817463441232, 52.00269192164493], [4.838595792622093, 52.00266140702352], [4.838442499562502, 52.002637736300144], [4.838270649840848, 52.00261196545604], [4.838103869707293, 52.002588456101755], [4.837882278673133, 52.00255388677064], [4.837713215637687, 52.0025289370639], [4.837709712302696, 52.00252841736352], [4.837702792786201, 52.00252739634607], [4.837556036243673, 52.00250398867483], [4.837402564680447, 52.00248071124546], [4.837390732399822, 52.002478912243696], [4.837212715245333, 52.00245264364947], [4.837096461791359, 52.0024345551975], [4.836966391757426, 52.00241616834888], [4.836872667782195, 52.002400432068555], [4.836781835019701, 52.002387630438534], [4.836603118388353, 52.00236145652019], [4.836597637931705, 52.00236065788868], [4.836493007122277, 52.002344870286144], [4.836398534145617, 52.002332042340164], [4.8362464910615035, 52.00231112502413], [4.836244470231615, 52.0023108459156], [4.835968337531058, 52.002270840390594], [4.835864687877793, 52.002255829818516], [4.835818997698062, 52.00224921611395], [4.835817384061489, 52.00224898384709], [4.835811990674116, 52.00224821255172], [4.8357056503335665, 52.00223292857365], [4.835548321776283, 52.002210808118484], [4.835452412384365, 52.00219640871029], [4.83544547752413, 52.00219545939437], [4.835282356043651, 52.002173104697], [4.834989165103606, 52.002130095677096], [4.834985341575754, 52.00212956540496], [4.834761336434032, 52.00209864609099], [4.83455132726861, 52.002068852684914], [4.8342993213926, 52.00203176985317], [4.8342970101216345, 52.00203142642854], [4.834112070568907, 52.00200467119756], [4.834008729514323, 52.00198953459958], [4.834004920904921, 52.001988977400615], [4.833808545542315, 52.00196020849033], [4.833793383491755, 52.00195801596148], [4.833634858298806, 52.00193506937715], [4.833631107725019, 52.00193453041566], [4.833522218721605, 52.001918198815005], [4.833511387643333, 52.001916718723], [4.818203259466781, 51.99949529539045], [4.8182621855597985, 51.999454512505686], [4.818351183011938, 51.99937464081988], [4.818496727878259, 51.99923939548151], [4.818662240833731, 51.99908771685788], [4.81866256493818, 51.99908742180817], [4.818666881476703, 51.99908348778818], [4.8186893188422815, 51.99906302185177], [4.818746023229905, 51.999011325136514], [4.818869051979651, 51.99889684152044], [4.819107399176549, 51.998716562488056], [4.81918740849619, 51.99865167529586], [4.819300533180273, 51.99856363207576], [4.819409623481636, 51.99847561422711], [4.8200507062432365, 51.99799087183211], [4.82064916778547, 51.99753036909467], [4.820663152979541, 51.99751950658849], [4.821319048292207, 51.99701038031479], [4.821792495799469, 51.99663377905351], [4.821935716616043, 51.9965242699083], [4.822039360341623, 51.996442434415535], [4.8223821644121525, 51.99618065864925], [4.822622793636692, 51.99600189351296], [4.823078072183728, 51.995651113331405], [4.8235510145401745, 51.99529036702092], [4.823919762353008, 51.99500542223667], [4.8242959077387395, 51.99471423781811], [4.82473379908642, 51.994375457412296], [4.825070168416096, 51.994106434436944], [4.825637101083244, 51.99365091512842], [4.826115195183607, 51.99326840436871], [4.8265014833106, 51.992960210387174], [4.826811059651524, 51.99271883777214], [4.826968648948842, 51.99259468600492], [4.827334489395347, 51.99230701122127], [4.827654042761266, 51.9920576213118], [4.827965236240824, 51.99181516576832], [4.828543160170716, 51.99136555411584], [4.828899161650614, 51.99109471687681], [4.829368710547245, 51.99071821054302], [4.829775266935189, 51.99039573853899], [4.83028068934407, 51.990002797012934], [4.83075410654198, 51.98963416827449], [4.831326901379889, 51.989182721069476], [4.83188115260429, 51.98875588355768], [4.8324519073190695, 51.988319243048025], [4.832897303633171, 51.98797449946994], [4.833392725162141, 51.987590036439045], [4.833706267903163, 51.987344457856665], [4.834003344051553, 51.98710461649615], [4.834333539684731, 51.98684561403132], [4.834804512081706, 51.986472661128474], [4.835106891566703, 51.98623152059622], [4.83511658038805, 51.98622378214245], [4.835130708873386, 51.986212532095266], [4.835132135055046, 51.98621138827752], [4.835217848184357, 51.98614302050802], [4.835189196739303, 51.98609229070647], [4.835152787657137, 51.98603788422493], [4.835131945738607, 51.98600674069906], [4.835138889810976, 51.985985443927326], [4.835083124301074, 51.98597320083683], [4.834759914457151, 51.98590223101726], [4.834692461778719, 51.985887425125924], [4.8345738899245605, 51.98586138639844], [4.8345304362522326, 51.9858518524239], [4.8344779379456995, 51.98584030750384], [4.83447484418693, 51.985831466415], [4.834470919140217, 51.98582274725846], [4.834466191476647, 51.98581418612214], [4.8344606900889024, 51.985805801118346], [4.834454399977491, 51.98579762812992], [4.834447364480943, 51.98578969432543], [4.834432714963963, 51.985778246264836], [4.834417230400767, 51.98576722572057], [4.834400954351153, 51.98575664188526], [4.8343839154858, 51.98574653084663], [4.834366142696809, 51.985736910716774], [4.8343476941003765, 51.985727790756776], [4.834328583810108, 51.985719206985976], [4.834308870052851, 51.98571115967767], [4.83428858160937, 51.985703675931845], [4.834267761928116, 51.98569677392898], [4.834246454678734, 51.98569045387405], [4.834224717755411, 51.98568474300383], [4.8342025656033885, 51.985679650374415], [4.834180071005746, 51.985675176327554], [4.834169964531741, 51.98567309746577], [4.834160243958231, 51.98567041819726], [4.834150996515483, 51.98566714792056], [4.834142323657757, 51.98566332306595], [4.834134312171994, 51.985658988983104], [4.83412703428795, 51.9856541909535], [4.834120562346251, 51.985648965270514], [4.834114968465805, 51.98564336620342], [4.834110295540965, 51.98563745687237], [4.834106601244518, 51.98563128249027], [4.834103913692294, 51.98562492408452], [4.83410227611101, 51.98561841781176], [4.834101672835227, 51.985611853481856], [4.834102146869973, 51.985605285227024], [4.834103668325652, 51.98559877582532], [4.834106221869266, 51.985592388122924], [4.834109806614036, 51.98558619402253], [4.834114363667695, 51.985580247177246], [4.834119848584142, 51.98557461029657], [4.834243962877939, 51.985453257624336], [4.834526284631706, 51.985200968641195], [4.8349613484481155, 51.98479892192473], [4.835049367004203, 51.98471572532663], [4.835237244603233, 51.98453816102368], [4.835460292315454, 51.984343908171226], [4.835713464896196, 51.984119388494854], [4.836246896226029, 51.98363333447012], [4.836833238715081, 51.98310265566747], [4.836955931459191, 51.98299160312595], [4.837258982200545, 51.98272608378836], [4.837694601962189, 51.982349547503496], [4.837687648470358, 51.98234680055008], [4.837735175410092, 51.98230402221575], [4.837744876466453, 51.98229517803535], [4.837866602417329, 51.98218425485659], [4.838029201729952, 51.98203650828607], [4.838174606722359, 51.98190083351824], [4.838279964573448, 51.981804565448655], [4.838492508416744, 51.98161002416095], [4.838637098507443, 51.98148243453809], [4.838774670204833, 51.98136449248156], [4.838982768828624, 51.98117959206907], [4.839127295751097, 51.98105694514366], [4.839341636916656, 51.980864819573846], [4.845275598138, 51.97569704905785], [4.845276583872466, 51.97569737717871], [4.845377255340835, 51.9756926455415], [4.845558616519017, 51.97567582743598], [4.845709327727928, 51.97566128586689], [4.846033076316984, 51.97581081354164], [4.84610209052368, 51.975864153240586], [4.846136107471072, 51.97589043881548], [4.846158977664295, 51.975908116212466], [4.8461755463440666, 51.97592091990726], [4.846191780042106, 51.975936157903156], [4.846213770481576, 51.97595920627931], [4.846657500602832, 51.976204982799615], [4.846530476521968, 51.9763009700374], [4.847387596178318, 51.97669285172627], [4.847572190547876, 51.976735440366895], [4.847685471628593, 51.97679702670311], [4.848077663425436, 51.97687090193582], [4.848294361790121, 51.97697815491157], [4.848723248601383, 51.97714665461273], [4.8483848748127, 51.97742085019225], [4.848887283188705, 51.97761484431106], [4.8487855136713245, 51.977718041306105], [4.849054598539586, 51.97780611771632], [4.8501524491585375, 51.97818252321701], [4.8500589180875, 51.97827732783148], [4.849982585245472, 51.97835923171937], [4.849797937563116, 51.97855733663104], [4.849713813036927, 51.97865412541486], [4.849681996716493, 51.978692872656865], [4.849445559845352, 51.978938207885236], [4.849691183073324, 51.97902807211245], [4.849732927148134, 51.979043947459466], [4.849764989756676, 51.979056354012414], [4.849848486029807, 51.979088652964876], [4.850028663232737, 51.97915836233207], [4.8500905922296775, 51.97911497065596], [4.850135481825303, 51.97907236405744], [4.850186792056976, 51.979091635558014], [4.850417130977823, 51.97917812978107], [4.850430445629401, 51.979191816853024], [4.8504774213111945, 51.97924006485745], [4.850538250327964, 51.97925575731777], [4.850640800185516, 51.97925280042568], [4.850827926831314, 51.97932456262784], [4.851573413791589, 51.97960900604444], [4.8517264628215475, 51.97954220914209], [4.852061008500312, 51.9796679500107], [4.851794365143664, 51.97994228374739], [4.851933560375549, 51.979993638244885], [4.852399418694703, 51.980169375323875], [4.852504869268059, 51.980057527210654], [4.852590771221863, 51.97996642516987], [4.852968502855381, 51.97956581345813], [4.853281978350681, 51.979241166101176], [4.853586032290545, 51.97892628146625], [4.854314345073712, 51.97912940194558], [4.854414330910031, 51.97899664745503], [4.854760010080757, 51.978537685346495], [4.854849239529757, 51.978570339254574], [4.854902629317342, 51.97858988775358], [4.855029321676846, 51.97863626541483], [4.8552224348715765, 51.9787068073021], [4.855318144569675, 51.978741710269865], [4.8556478545430215, 51.97886192720251], [4.855675782129608, 51.978872111316115], [4.855722651804484, 51.97888920313443], [4.856095712022428, 51.979025236337755], [4.856240061268683, 51.9790778763589], [4.8563284536982465, 51.97911010290658], [4.8566297083053, 51.97921225693797], [4.856884964018077, 51.979298805859955], [4.856991491210802, 51.97933492469217], [4.857168150001141, 51.97913421992611], [4.857216185016842, 51.97909338653027], [4.8573248297378075, 51.97902535769135], [4.857430679514965, 51.97890184910891], [4.857678456181098, 51.978708187026236], [4.857777004409044, 51.978666744793124], [4.857883097643498, 51.978580412683456], [4.858184827236225, 51.97833485984263], [4.858165060173501, 51.97829915016883], [4.858107632996124, 51.97827751768005], [4.858029984947793, 51.978261142291124], [4.857987613270439, 51.97824646252063], [4.857920352210924, 51.9782231498324], [4.857834710366558, 51.978193471562236], [4.857820097356498, 51.97818973857532], [4.857072892635303, 51.97799885071713], [4.856990410421239, 51.97797777892011], [4.856827202091689, 51.97793608349607], [4.856532464372965, 51.97786078053659], [4.856463174467008, 51.977867595777816], [4.856419807390998, 51.97787807831307], [4.856408581814108, 51.97785131431567], [4.85633707790017, 51.97780290409585], [4.856084603669904, 51.97769490232438], [4.8558776915672395, 51.97763697309022], [4.85582240013458, 51.977636723405965], [4.85581138259992, 51.97763667364999], [4.8557198829229815, 51.977572137537905], [4.855412357356182, 51.97747826698928], [4.855352036697748, 51.97746026933626], [4.855258999695593, 51.977434645448305], [4.8551854313168015, 51.97741566201837], [4.855084816303426, 51.97739453385425], [4.854765505514634, 51.97733364047856], [4.854710731472932, 51.97732048534681], [4.854437086542669, 51.97723454946292], [4.854268082649259, 51.97723517731472], [4.854247759601227, 51.97722084772374], [4.853861490062454, 51.977089674300245], [4.853821697694119, 51.977076164206956], [4.853812036958838, 51.97700851006803], [4.8537251411699565, 51.97698678677597], [4.853651477146057, 51.97699554897507], [4.853583590330884, 51.97699338053327], [4.853478721379604, 51.97697272605565], [4.853295041137152, 51.97690413857697], [4.853219633110049, 51.976875995425424], [4.853199771338534, 51.97687431434946], [4.853145980639119, 51.97686789522013], [4.85307974889064, 51.97685998145637], [4.852989019883454, 51.976855875355774], [4.852936999571605, 51.976845014936366], [4.8526696264153575, 51.97675849218497], [4.852628725284412, 51.97674525528717], [4.852596769888087, 51.97673491731516], [4.852460640664255, 51.97669087602173], [4.852274798995994, 51.976645107520646], [4.852223716569532, 51.976632525285154], [4.852071862560277, 51.97659512633858], [4.851845431562324, 51.9765393662608], [4.85157014290469, 51.976478592552404], [4.851540602048789, 51.976472076343285], [4.851508154138066, 51.97645670235604], [4.851492349783822, 51.9764492240014], [4.851400114948079, 51.976405534114164], [4.85128270270062, 51.9763373171236], [4.851173163128309, 51.97633503845847], [4.851063978523355, 51.976304268240476], [4.850561660983314, 51.97611407686378], [4.850469607902893, 51.976077227203255], [4.850398703140991, 51.97604885109836], [4.850229459490603, 51.975981088668966], [4.850166377002742, 51.97595584011344], [4.850145692381308, 51.97594755731483], [4.850047890565095, 51.97594235602967], [4.8499343539264, 51.97588379088355], [4.8498730065358036, 51.97585344470886], [4.849855589128574, 51.97584458354803], [4.849788653098008, 51.97584582383676], [4.849719861872349, 51.97587314879593], [4.84972365748175, 51.97583087594248], [4.849697622284434, 51.9758063536375], [4.849654563552896, 51.975777762726324], [4.849435927845147, 51.975696362862614], [4.84933106111647, 51.97565893241391], [4.849221965981338, 51.975608799973294], [4.849101104625425, 51.97552765773656], [4.84896743804328, 51.975447553376014], [4.848879732866128, 51.97541852423819], [4.84879877516623, 51.97540574988623], [4.84852923850514, 51.97540990022928], [4.848098115248024, 51.975419313919915], [4.847851894269908, 51.975424684093724], [4.847824801612555, 51.97542527896763], [4.84781749375911, 51.97529100441613], [4.847551871743323, 51.975197206401454], [4.84740316235497, 51.975260880860375], [4.8472808478272125, 51.97528756334495], [4.847140305371218, 51.975286918338675], [4.846985403634892, 51.975251943633516], [4.846575635887206, 51.975183763445656], [4.846194646117296, 51.97512498114516], [4.8462601913463486, 51.97509173796941], [4.84687969333044, 51.975195379897244], [4.847209093175828, 51.97524542023462], [4.8474309843857295, 51.97519116899274], [4.847553164557082, 51.975136900480095], [4.847980799128909, 51.97491978791664], [4.848319119082678, 51.9747286995233], [4.848323734870612, 51.97472609606444], [4.848388542801942, 51.974687410377044], [4.848399361433479, 51.97468093437517], [4.848400328853197, 51.97468036355068], [4.8487071864965925, 51.97449718352974], [4.8489429030927065, 51.97435760336431], [4.849235362196363, 51.97418294896632], [4.849812691960835, 51.973825055414224], [4.850388750864756, 51.9734813818049], [4.851211070852616, 51.97298457835924], [4.853238682754867, 51.9717620428368], [4.853811780951666, 51.97141813235952], [4.85452496373658, 51.97098407104204], [4.855109781309885, 51.9706172420786], [4.855274256280192, 51.970518988079874], [4.858684416127238, 51.96878861165405], [4.859006588581392, 51.968751237809755], [4.859273035279505, 51.96872049811807], [4.859382252977583, 51.96870528550652], [4.859483947168096, 51.96867274545392], [4.859648296529383, 51.96857384662701], [4.859803512236272, 51.968481890578346], [4.859990345172451, 51.96833944461507], [4.860200731810235, 51.96815773487433], [4.860425648305724, 51.96797899305558], [4.860515201729359, 51.967913149830885], [4.860805962622427, 51.967784030130424], [4.860797946130588, 51.96772185776738], [4.860792075890228, 51.96767644929936], [4.8607890482461045, 51.96765294918181], [4.8608217559892575, 51.967604944912416], [4.860885807916508, 51.9675457825], [4.860936485293185, 51.967475567468], [4.861351719608069, 51.96685681423525], [4.861573252127978, 51.96653241677497], [4.861713234530777, 51.96632623803528], [4.861758329457125, 51.96627399239802], [4.862038079969249, 51.96594547673305], [4.862299547906534, 51.965630846733944], [4.862493142333641, 51.96540121294571], [4.862588101753816, 51.965290441484996], [4.862619259135225, 51.9652527664073], [4.862933553126999, 51.96488580662896], [4.8630676779521265, 51.96472545875714], [4.863383349504304, 51.964453043449545], [4.863460328508416, 51.96439018904743], [4.863733710197846, 51.96417776156938], [4.864071640712271, 51.96391119601028], [4.864304497700336, 51.96339736016607], [4.864559241565752, 51.96283778045311], [4.864777554967868, 51.96236118969124], [4.864928989243118, 51.96203621386181], [4.865084906916967, 51.96169711005067], [4.865094818563244, 51.96167556400248], [4.865094952849531, 51.96167527697096], [4.8655119292700455, 51.96076930255771], [4.865674000018663, 51.96043330822774], [4.865688719236551, 51.96039990082861], [4.865712293604121, 51.96040453547316], [4.865749373630568, 51.96040633572977], [4.865804504270615, 51.960416098775], [4.866029872760204, 51.960149271288536], [4.866526087783416, 51.95956119405042], [4.866771955457951, 51.959269809782704], [4.867539206768232, 51.958374059993375], [4.867663502735178, 51.95822893464953], [4.867670487493495, 51.958220013090006], [4.867707522377528, 51.95817275405447], [4.867729938360166, 51.95814413523103], [4.867732561184807, 51.95813875379633], [4.867777523900604, 51.958079008959764], [4.8678559988037735, 51.957992258226476], [4.868290958159058, 51.957487485829574], [4.868765480187907, 51.956930951431154], [4.869307740845218, 51.95629495063351], [4.869518558169741, 51.956055071388505], [4.870188000355149, 51.95528033350801], [4.870300094996645, 51.95514851743413], [4.870404196176368, 51.95502861166967], [4.870429097210858, 51.954999931340524], [4.870539478306562, 51.95494105707688], [4.870541439790982, 51.95494000506558], [4.870655509551092, 51.95487534041204], [4.8706582039558315, 51.954873806245715], [4.870665167546958, 51.95487042124725], [4.870691631679518, 51.95485759421371], [4.8707091426774936, 51.95484911418309], [4.870711234662003, 51.95484809869549], [4.87074514487415, 51.95483167304621], [4.870777167872837, 51.95481616490307], [4.870802066541206, 51.954804103971014], [4.870838993204002, 51.9548492168933], [4.870884065400577, 51.95488178184856], [4.870909420889452, 51.95486541747255], [4.871156320107882, 51.95470613053472], [4.87119526945969, 51.95467146250712], [4.871222881982626, 51.95464349499807], [4.8712794991577555, 51.95453349206501], [4.871605878264406, 51.95437582912152], [4.872648853943402, 51.951197085582734], [4.8726955929430735, 51.95108142099346], [4.872723008927475, 51.95101192600695], [4.872728633478833, 51.95099965452184], [4.872737898173663, 51.95097945324104], [4.872788235791119, 51.95086960185085], [4.872833933176004, 51.95076988700182], [4.872843213114074, 51.950748346512114], [4.872798449882335, 51.95074111285451], [4.872873118541006, 51.950513521334415], [4.873027051172426, 51.95015099235891], [4.873399600400038, 51.94926392235532], [4.8736235281694045, 51.948733885442955], [4.873828553970352, 51.94824602889712], [4.874003781356792, 51.947836276738045], [4.874019894313979, 51.947798371176376], [4.877901276232839, 51.94833837497468], [4.879646469275189, 51.948595858754565], [4.882377250236616, 51.94944730459936], [4.883273488739777, 51.94963546336237], [4.883615938862524, 51.94893397712955], [4.884928082417723, 51.949322015839655], [4.885783020124413, 51.950438971190835], [4.88469015080268, 51.9531029332031], [4.889797921692079, 51.954504284372796], [4.890390999958373, 51.95501506421167], [4.89396408821822, 51.955727120894736], [4.895167367566361, 51.95309589507081], [4.897816751391539, 51.95356450890608], [4.8966538667004205, 51.95614669155143], [4.900075244154674, 51.95686822076241], [4.907587393155609, 51.957675008139596], [4.913172495522358, 51.95953332579922], [4.914466549543672, 51.960443694233625], [4.907111888192067, 51.964965502382846], [4.898346962380244, 51.96192839085004], [4.898170305797662, 51.96257684838806], [4.898122332454273, 51.9626638268496], [4.897459270612221, 51.963893549298525], [4.882569309657067, 51.96093614790597], [4.879267022719771, 51.95945775985876], [4.8793715839369485, 51.958152428114424], [4.878294560109004, 51.95807561500802], [4.878598445762383, 51.956722428910616], [4.873904826428151, 51.9560617101297], [4.8709792214024255, 51.95493744198809], [4.870725755235258, 51.95585848153167], [4.872962855334119, 51.95713548906406], [4.8762195161914, 51.95792761450054], [4.877636319534459, 51.95961416051358], [4.877459235937302, 51.96045791206864], [4.878875189940023, 51.96157652752399], [4.881665901731199, 51.962719053993666], [4.883711069561879, 51.96342714525024], [4.89746550686306, 51.96516385191338], [4.906981901772618, 51.97421777789371], [4.913333754018033, 51.97715956371254], [4.915189642861272, 51.97723752725236], [4.910979944332109, 51.985057659486465], [4.9028782767984485, 51.99638966287706], [4.89686064942687, 52.005995061834646], [4.892390518566599, 52.004644841790395], [4.891935233845461, 52.00399556370662], [4.878500154152322, 52.01686438277218], [4.873716214324149, 52.018680865814446], [4.872742714140968, 52.01827115491817], [4.872801719800958, 52.018219981777804], [4.872684395895593, 52.01816725621819], [4.872402560002701, 52.01804556333934], [4.872419895741136, 52.01803036804462], [4.8724676649648, 52.01798846678981], [4.872515095438098, 52.01794687862466], [4.872541951566707, 52.01792722179942], [4.872688661126181, 52.017819814859315], [4.872867988935712, 52.017700874451684], [4.873076600312025, 52.01758548618024], [4.8728039887664725, 52.01739649431287], [4.872683912276078, 52.017444146838784], [4.872617763005531, 52.01746794634788], [4.872588497552161, 52.017467818439364], [4.872408936726045, 52.01759437946921], [4.872005537479678, 52.01788318819499], [4.871984249059144, 52.01790512532107], [4.871964198841, 52.017925800513886], [4.871456349811024, 52.01837834817399], [4.871232805261183, 52.01857410427734], [4.870854908843853, 52.01890503204987], [4.870788637697978, 52.01893787221193], [4.870749527009238, 52.01894372281656], [4.870712933070665, 52.01894356229968], [4.87060096706619, 52.01891897351485], [4.870221385837732, 52.018826957265254], [4.870182379371073, 52.018823774915745], [4.87007382714224, 52.01882028712699], [4.869946940511447, 52.018821230812165], [4.869817328354436, 52.01884625996832], [4.869714427891714, 52.01888194964009], [4.869611370742383, 52.018931192862844], [4.86951553656631, 52.018989500977106], [4.8694588477704865, 52.01903895691643], [4.869449138226658, 52.01905217193689], [4.869419180271286, 52.019092981823086], [4.869206550293391, 52.01954456162488], [4.868869192843155, 52.019914284026754], [4.868543186412999, 52.02020908420746], [4.868372258708694, 52.02015679235334], [4.868347892097976, 52.02015367390775], [4.868333181501162, 52.02015963123157], [4.868212130646404, 52.020287854860335], [4.868032068039493, 52.02047328924971], [4.8683066161190665, 52.0205578208464], [4.868313842138375, 52.0205653848699], [4.868227379832453, 52.02065686403967], [4.8680898760747375, 52.02081677960303], [4.867709686133624, 52.020961090482615], [4.867623754813516, 52.02089349696249], [4.867579903437117, 52.02093861337432]]]}}, {"type": "Feature", "id": "59630", "properties": {"OBJECTID": "59630", "LOCATIEGROEP_ID": "nl.imow-pv26.gebiedengroep.003000000000000000000813", "SYMBOOL_CODE": "vszt023", "GROEP": "maatregelengebied", "9e750651-8e97-4bc6-b09e-fc30b5f3e83c_id": "10308", "LOCATIE_ID": "nl.imow-pv26.gebied.003000000000000000000813e117192", "DOCUMENT_URL": "https://omgevingsbeleid.provincie-utrecht.nl/home?d=/akn/nl/act/pv26/2022/omgevingsverordening/nld@1089&o=", "NAAM": "Gebied beperken bodembewerking", "TYPE": "bodem", "LOCATIEGROEP_NAAM": "Gebied beperken bodembewerking", "LOCATIE_NAAM": null}, "geometry": {"type": "Polygon", "coordinates": [[[5.401782640363672, 52.24272012685228], [5.393293364095319, 52.24369477109642], [5.39395658511928, 52.247268294921746], [5.387256216803489, 52.24825643404721], [5.387250901228642, 52.248231762602984], [5.387203852058668, 52.24801334166376], [5.387137562275181, 52.24770560015706], [5.387054639102779, 52.24732059064895], [5.386934671810566, 52.246733706468085], [5.386845895423994, 52.246297466379886], [5.38679889404803, 52.24610974746745], [5.386787985685602, 52.24606619264961], [5.386785672330492, 52.24604051454919], [5.386775833281518, 52.245931106246324], [5.386683589825839, 52.24549731064112], [5.386569972283745, 52.24491579161944], [5.386429696785911, 52.24419755908282], [5.386410399824856, 52.24413181332772], [5.3860836607433695, 52.242450654499805], [5.3859537951731955, 52.24176474124926], [5.385884991903737, 52.24140138221603], [5.385862711597383, 52.24128367789093], [5.385806480826249, 52.24111418555862], [5.385687439648814, 52.24053200905479], [5.385567231374047, 52.23991894131021], [5.385561053910394, 52.23989541119122], [5.385554481214713, 52.23987033516637], [5.38548218588707, 52.23948479385384], [5.385396058813496, 52.239047329790566], [5.385301487810927, 52.23856796440484], [5.3852338944340366, 52.238225267739764], [5.384960487024995, 52.2368398213263], [5.384885361000937, 52.236469711435205], [5.384847351771404, 52.2362885257015], [5.384787477257302, 52.236002991185366], [5.38468431223975, 52.23551103296667], [5.384604975218727, 52.23513277977594], [5.38454289395756, 52.234836693351454], [5.384470774189025, 52.23449272864037], [5.384400879955707, 52.23415939648364], [5.384393928997703, 52.23412020950976], [5.384386319545666, 52.23407724764333], [5.3843366946624736, 52.23384381530679], [5.384308245835494, 52.23370996829031], [5.3841716686479115, 52.233049649095534], [5.384040731472893, 52.232383910160124], [5.384013909442669, 52.23224754649288], [5.3839147654214745, 52.232063743286524], [5.38389482177509, 52.23195490042801], [5.389861970029178, 52.23129515859369], [5.39067926795567, 52.23088103199061], [5.392886198250779, 52.23023333580432], [5.396353411850313, 52.230005254304984], [5.401782640363672, 52.24272012685228]]]}}, {"type": "Feature", "id": "59631", "properties": {"OBJECTID": "59631", "LOCATIEGROEP_ID": "nl.imow-pv26.gebiedengroep.003000000000000000000813", "SYMBOOL_CODE": "vszt023", "GROEP": "maatregelengebied", "9e750651-8e97-4bc6-b09e-fc30b5f3e83c_id": "10309", "LOCATIE_ID": "nl.imow-pv26.gebied.003000000000000000000813e117193", "DOCUMENT_URL": "https://omgevingsbeleid.provincie-utrecht.nl/home?d=/akn/nl/act/pv26/2022/omgevingsverordening/nld@1089&o=", "NAAM": "Gebied beperken bodembewerking", "TYPE": "bodem", "LOCATIEGROEP_NAAM": "Gebied beperken bodembewerking", "LOCATIE_NAAM": null}, "geometry": {"type": "Polygon", "coordinates": [[[4.998760551146546, 52.28849662793499], [4.998784603096743, 52.28888755045554], [4.9975984000236355, 52.28899074710683], [4.995430157844365, 52.28911925484157], [4.994961730199454, 52.28913234322405], [4.990056908307216, 52.289540979504125], [4.983585086659197, 52.290254729212144], [4.982907432549182, 52.28965464443449], [4.982905315992264, 52.28965207567354], [4.98290279431391, 52.289650539125304], [4.982897341854293, 52.289645712007726], [4.982680884484242, 52.28942862627058], [4.982026236863677, 52.2891599056073], [4.981473027597301, 52.28892262717451], [4.981083919022815, 52.2888170149749], [4.978670301178391, 52.28771502862125], [4.977982427621893, 52.287395955653764], [4.977849310063133, 52.28737635087994], [4.976715194627725, 52.2868609050371], [4.976049963743186, 52.28656228366932], [4.9754354254129645, 52.286336061140666], [4.975293145621919, 52.2862791940337], [4.974870664504261, 52.28601497179506], [4.9743938891846335, 52.285739701209806], [4.973818851024974, 52.28538279038106], [4.973277402478465, 52.2851355827754], [4.973205110320594, 52.284999847305706], [4.972795616841141, 52.28477724964102], [4.974426324774558, 52.282826070948545], [4.976030780894713, 52.280894937794216], [4.977589489721139, 52.2814150624691], [4.979931423168968, 52.2821065052254], [4.981589573134707, 52.28256609870453], [4.9817946298734475, 52.28255699621558], [4.982539836966884, 52.2827833814824], [4.982514554894957, 52.2829222016983], [4.984374903474604, 52.28338422731489], [4.986295183374681, 52.283958675548284], [4.988061657736458, 52.28465771067102], [4.989163964218891, 52.28534600092904], [4.9903817657061404, 52.28595345451197], [4.991500772501138, 52.2865283165987], [4.992900961598168, 52.287509159314574], [4.995336941471186, 52.28702510228393], [4.996374248523359, 52.286885494162284], [4.997723779533818, 52.286996910462044], [4.997493578459676, 52.28802535445784], [4.9987698862565395, 52.288000064567235], [4.998760551146546, 52.28849662793499]]]}}, {"type": "Feature", "id": "59632", "properties": {"OBJECTID": "59632", "LOCATIEGROEP_ID": "nl.imow-pv26.gebiedengroep.003000000000000000000813", "SYMBOOL_CODE": "vszt023", "GROEP": "maatregelengebied", "9e750651-8e97-4bc6-b09e-fc30b5f3e83c_id": "10310", "LOCATIE_ID": "nl.imow-pv26.gebied.003000000000000000000813e117181", "DOCUMENT_URL": "https://omgevingsbeleid.provincie-utrecht.nl/home?d=/akn/nl/act/pv26/2022/omgevingsverordening/nld@1089&o=", "NAAM": "Gebied beperken bodembewerking", "TYPE": "bodem", "LOCATIEGROEP_NAAM": "Gebied beperken bodembewerking", "LOCATIE_NAAM": null}, "geometry": {"type": "Polygon", "coordinates": [[[4.839716211293209, 52.18305311744971], [4.838542405436741, 52.18364586810444], [4.838923897922824, 52.183425869151755], [4.839716211293209, 52.18305311744971]]]}}, {"type": "Feature", "id": "59633", "properties": {"OBJECTID": "59633", "LOCATIEGROEP_ID": "nl.imow-pv26.gebiedengroep.003000000000000000000813", "SYMBOOL_CODE": "vszt023", "GROEP": "maatregelengebied", "9e750651-8e97-4bc6-b09e-fc30b5f3e83c_id": "10311", "LOCATIE_ID": "nl.imow-pv26.gebied.003000000000000000000813e117189", "DOCUMENT_URL": "https://omgevingsbeleid.provincie-utrecht.nl/home?d=/akn/nl/act/pv26/2022/omgevingsverordening/nld@1089&o=", "NAAM": "Gebied beperken bodembewerking", "TYPE": "bodem", "LOCATIEGROEP_NAAM": "Gebied beperken bodembewerking", "LOCATIE_NAAM": null}, "geometry": {"type": "Polygon", "coordinates": [[[5.365620525938866, 52.251224144022935], [5.365686616325044, 52.251312541760036], [5.365719412825326, 52.251356408021735], [5.365757521822892, 52.25140738456038], [5.3658053623911535, 52.251472824164196], [5.36697203383245, 52.253068609407556], [5.3677526470699455, 52.25413627084545], [5.3678575903328145, 52.254279813620876], [5.3700487174324465, 52.257276346937694], [5.3700634876396744, 52.25729655355488], [5.370084040071809, 52.257324643269286], [5.370271633392487, 52.25758118082555], [5.370080500457283, 52.257581180510186], [5.354163138697789, 52.26440099748477], [5.339174210767468, 52.250110704082566], [5.33254197322369, 52.25173483406111], [5.322195634293596, 52.24320750044157], [5.3227718967795905, 52.22495050072865], [5.328294500110098, 52.22488744243951], [5.326678774971322, 52.220352306723136], [5.324240759086071, 52.216250679186956], [5.326085341190619, 52.21585888646371], [5.330562563946127, 52.21485156330627], [5.35323461117681, 52.21046356951037], [5.358271020905807, 52.209682656287306], [5.358280013450242, 52.21003069469322], [5.359149166659125, 52.21034255661983], [5.364327556534958, 52.20989232387827], [5.364148549704013, 52.21174802671456], [5.364351275980313, 52.21241417253001], [5.366564380175288, 52.215958534335], [5.3670062848335425, 52.21891361982618], [5.367363562361482, 52.22000472114687], [5.368734488317977, 52.22310740333005], [5.367928216720388, 52.22315936900831], [5.367825873584075, 52.22316264194372], [5.367826355116153, 52.22316593156437], [5.36767097220457, 52.223175945577374], [5.367938541854359, 52.224131430344805], [5.367999638354594, 52.2243496195112], [5.368062007979327, 52.2247756521342], [5.367719538748899, 52.22484447025198], [5.367348255005282, 52.22487167796662], [5.367937381941595, 52.22741596469493], [5.367814434369189, 52.22742249686084], [5.366206131392121, 52.227568464812904], [5.366003995006557, 52.22758680906045], [5.364978562704176, 52.22766726062334], [5.364239618019373, 52.22772177516951], [5.363734334627358, 52.22776169927255], [5.363627001492395, 52.227770180514455], [5.363476474494432, 52.22778207740553], [5.3631618517395925, 52.22780692843144], [5.361781927831795, 52.22791595115555], [5.361626789162715, 52.22792820421499], [5.360306840896748, 52.22803247702704], [5.3602081174755964, 52.22800875377664], [5.360120176768787, 52.22799242088416], [5.3590235416314105, 52.22805845094817], [5.357702697035403, 52.22808625309328], [5.357460827585665, 52.22808817008227], [5.357520698854636, 52.22829694498602], [5.357563981353345, 52.22849270136041], [5.357844713827963, 52.22976249714039], [5.358137400705955, 52.231086293633815], [5.3581503460606825, 52.2311450141496], [5.3581642256341855, 52.231207770417434], [5.3581755657711385, 52.231259021668606], [5.358204346715292, 52.23138919012701], [5.35855100117133, 52.23295669370904], [5.358675476419802, 52.233519450097894], [5.358732460486919, 52.23377710814902], [5.359039213729645, 52.235163954228035], [5.359149530656858, 52.23553990408799], [5.35916374470996, 52.23558725517663], [5.3591812895186735, 52.23564573394567], [5.3591337223681474, 52.23565384768854], [5.3591453077328035, 52.23569112283315], [5.359525591589391, 52.23691236634588], [5.3598470482031155, 52.23791148840404], [5.360025224391607, 52.23847295197697], [5.36032742337566, 52.23932385031935], [5.360433460641337, 52.2396450980105], [5.3605700947606545, 52.240045471991024], [5.360677275446954, 52.2403453916447], [5.360764139401665, 52.240565782681585], [5.360849292231467, 52.24075963231665], [5.360974283296907, 52.241053389983676], [5.36117760465544, 52.2415486889229], [5.361384329453564, 52.24206560384015], [5.361850074357095, 52.24375274790187], [5.361661097101795, 52.24377396357013], [5.3615171014050444, 52.243816282998864], [5.360871140685919, 52.244014502123136], [5.360432448454514, 52.24415557529053], [5.360295918422034, 52.24419664560705], [5.3597143559302305, 52.24437161256487], [5.359592967061828, 52.24440814673699], [5.358532252221266, 52.244727249529575], [5.357888978277242, 52.244918568322355], [5.357791472550013, 52.244947565779455], [5.357630554168457, 52.24499537679599], [5.3574503919499, 52.24504890799346], [5.357011656626876, 52.2451792549834], [5.356907925775609, 52.24520984096538], [5.356136228486978, 52.24543950419977], [5.355986342028699, 52.24564104291883], [5.355948846774416, 52.24567780208099], [5.355984316427567, 52.2457321066136], [5.35700698801238, 52.24708561654051], [5.357065747984349, 52.247087662702626], [5.359198264926827, 52.24637657687593], [5.361536371786182, 52.24565286020951], [5.361744306864923, 52.24593609200246], [5.362297250425112, 52.2466669068567], [5.3627113550663355, 52.247235011674704], [5.362765990405198, 52.247309945056834], [5.362927688060297, 52.24753176963908], [5.362909807883861, 52.247533985970165], [5.36289195702497, 52.24756312969549], [5.36289794286036, 52.24759586441587], [5.362951645851905, 52.24769038189012], [5.363074599113028, 52.247832980055115], [5.363578669083952, 52.24847276847474], [5.364106541214806, 52.24918468620722], [5.36417938578733, 52.24928293673699], [5.364619811129603, 52.24987689750849], [5.364637415506042, 52.249900646554146], [5.364651815118971, 52.24992005389364], [5.365620525938866, 52.251224144022935]]]}}, {"type": "Feature", "id": "59644", "properties": {"OBJECTID": "59644", "LOCATIEGROEP_ID": "nl.imow-pv26.gebiedengroep.003000000000000000000813", "SYMBOOL_CODE": "vszt023", "GROEP": "maatregelengebied", "9e750651-8e97-4bc6-b09e-fc30b5f3e83c_id": "10312", "LOCATIE_ID": "nl.imow-pv26.gebied.003000000000000000000813e117182", "DOCUMENT_URL": "https://omgevingsbeleid.provincie-utrecht.nl/home?d=/akn/nl/act/pv26/2022/omgevingsverordening/nld@1089&o=", "NAAM": "Gebied beperken bodembewerking", "TYPE": "bodem", "LOCATIEGROEP_NAAM": "Gebied beperken bodembewerking", "LOCATIE_NAAM": null}, "geometry": {"type": "Polygon", "coordinates": [[[4.837767230052689, 52.184092879188306], [4.837139677195589, 52.18444546148621], [4.840293968278901, 52.18565889968011], [4.839978413915179, 52.18604447211345], [4.838423381355957, 52.18757590113329], [4.835128247945581, 52.19099394790375], [4.832378891981929, 52.19332251902764], [4.828913711128335, 52.1970127573252], [4.827017634780737, 52.198187439648855], [4.825458742165077, 52.19914107132029], [4.82496827816212, 52.19933561107564], [4.822257435726294, 52.20048732500448], [4.821651613018015, 52.20074214810953], [4.821419931653607, 52.20085440443751], [4.819531034374671, 52.20231794002201], [4.817539687520258, 52.203955184462814], [4.817461267786151, 52.204119547984874], [4.817486837560022, 52.20425130126122], [4.817553692306072, 52.204411539073234], [4.81763088035074, 52.204526760633726], [4.8176810065494795, 52.20464643552539], [4.817744301046767, 52.20493887914183], [4.818169911165298, 52.20595628297062], [4.818342618672457, 52.20645446829812], [4.818712868318101, 52.20746950889289], [4.818801454727811, 52.20782387525968], [4.81854331515874, 52.208507691677866], [4.8183400559132, 52.20909337982485], [4.818318448345946, 52.209526508033214], [4.818322330386058, 52.21006943099117], [4.818167787302078, 52.21112227270181], [4.823385508721669, 52.21547161737054], [4.8235815425222945, 52.2155433427103], [4.824539080433123, 52.215310085355036], [4.840182000933426, 52.21306221268244], [4.8459782928243005, 52.21218624258933], [4.846730652361317, 52.213892988001454], [4.846145777149636, 52.215174058299276], [4.8445663623659785, 52.21555317975556], [4.844884643078526, 52.21721312659419], [4.844612709964592, 52.21801620520986], [4.844711822772389, 52.21926858144136], [4.845581827893835, 52.219897707582405], [4.845771054095751, 52.22061604221343], [4.845476011612492, 52.221231059393105], [4.829068959601422, 52.22421851157731], [4.829571141627741, 52.2263505545264], [4.829510467529851, 52.22636162892081], [4.821453829547453, 52.228097405460474], [4.820304674611006, 52.22765263450117], [4.817840588445537, 52.2265718578172], [4.817554723359561, 52.226165794519794], [4.817818315160276, 52.22562921393163], [4.817676584835901, 52.225354090777586], [4.81714283717828, 52.22479062828753], [4.81640573398882, 52.224433399407204], [4.816279499120578, 52.224331970796456], [4.81545794932652, 52.22434306097994], [4.8153556116269645, 52.2244540978416], [4.815026873380457, 52.22512128595089], [4.814244768438106, 52.22668097747459], [4.814084100840451, 52.226805311159765], [4.813524628421135, 52.226678857449365], [4.813015227274913, 52.22661506621292], [4.812164611615001, 52.226661216354685], [4.811801716911014, 52.22674627340022], [4.811379105832386, 52.2268300765327], [4.810356794403643, 52.22684041321278], [4.809957060042208, 52.22682002607827], [4.809615279104232, 52.22668843365733], [4.809280407595902, 52.22653886206189], [4.8089842577322734, 52.226507186088796], [4.8085958438998695, 52.22660938334612], [4.808156069999747, 52.2268162356772], [4.807785182845703, 52.226937804470985], [4.807317185705135, 52.226996015274814], [4.806846122021245, 52.22710750808859], [4.806498779100401, 52.22734695848329], [4.806198465952904, 52.2275175033779], [4.805921637157873, 52.227650314548086], [4.8055026235653475, 52.22771826853698], [4.8051469852068545, 52.2276932916691], [4.804672516392743, 52.22757507932328], [4.80413684381799, 52.2274565539874], [4.803216607732859, 52.227172040401676], [4.802873842455287, 52.226949419874366], [4.802329219973192, 52.22663728503405], [4.802002366409669, 52.2265421638557], [4.800692218811095, 52.2265604189608], [4.800018594322394, 52.22654723945323], [4.799258953336945, 52.22646302709389], [4.798876130684435, 52.22643498386037], [4.797093754867735, 52.22641156845088], [4.796506364357735, 52.22641982265028], [4.795312481092706, 52.22641218360667], [4.794617201607348, 52.22654069578595], [4.79443650874589, 52.22343182838443], [4.794826896722219, 52.223444608465584], [4.794837582234715, 52.22344557883332], [4.794869253741269, 52.223448829545084], [4.7950535447767, 52.223455200325], [4.7950950238836985, 52.22345720586717], [4.7952948435406535, 52.22346684486226], [4.79534363336609, 52.223464968171584], [4.79535641249429, 52.2234647805392], [4.795426069291047, 52.223464230741584], [4.795578854197615, 52.2234692294656], [4.795714822036216, 52.223476516619094], [4.7958881713906205, 52.22348469182521], [4.795919672931587, 52.22337835936377], [4.797025837889949, 52.220353523282235], [4.799331563816219, 52.2191486715825], [4.799368656901746, 52.21913010716474], [4.799447755646734, 52.219088868246054], [4.799549641484901, 52.2190352492881], [4.799639256991571, 52.218988813555995], [4.799670567395246, 52.21897151455305], [4.8021971243293775, 52.21765112164888], [4.801967418588752, 52.21643267125255], [4.801949833771541, 52.21632318174815], [4.80192711732377, 52.216153195304386], [4.801923946568812, 52.21612945117704], [4.80189864139421, 52.215962723537636], [4.801882532974054, 52.215853376150136], [4.801853720834236, 52.21568741307042], [4.801840433159099, 52.2156061852421], [4.80183494684743, 52.215572695589145], [4.80181816626036, 52.215462185395886], [4.801799870488476, 52.215358974961624], [4.801779832214099, 52.215242498529896], [4.801766420665438, 52.21516180935415], [4.801758232776644, 52.21508002256504], [4.8017537586498005, 52.215046349173456], [4.801705770926553, 52.215044700160306], [4.8017020640287, 52.21502502494467], [4.801535554796647, 52.206415935458395], [4.8016047947612455, 52.206353766945725], [4.801627662725642, 52.20635920127406], [4.801652938885235, 52.20632163971236], [4.801615176831058, 52.20631072072292], [4.801603158082169, 52.206286815820135], [4.80158009739306, 52.20627155659047], [4.80154406512821, 52.20621584071789], [4.801689533413209, 52.20404149807491], [4.802960961918615, 52.201066007830065], [4.81192136106326, 52.20177983839525], [4.812323991685857, 52.20201882324096], [4.812984440717354, 52.20217116659477], [4.8136453609065635, 52.2022440361862], [4.814012175178438, 52.20255051225207], [4.814264247570769, 52.20297427276295], [4.814398415574977, 52.20339817085665], [4.814598892583383, 52.20432020225486], [4.814887931463807, 52.20485010055999], [4.815345866095782, 52.20474654781954], [4.815366302429739, 52.20478308431999], [4.81557023675547, 52.20479875818523], [4.815697714601567, 52.20483190295548], [4.815823787350145, 52.20484115056684], [4.8159217744285066, 52.20486505649147], [4.816080741990864, 52.204886219326966], [4.816147128611024, 52.204883987786715], [4.816218432282003, 52.20486221301353], [4.816367423798583, 52.20485588672614], [4.816550154177573, 52.204874386493614], [4.816690888318984, 52.2049097154275], [4.816691157725481, 52.20488866673105], [4.816713131643796, 52.20489088508384], [4.816693221516774, 52.204727422209594], [4.816694282796433, 52.20464450364387], [4.816398274064168, 52.20456592875773], [4.8159960065740535, 52.20443895985177], [4.815993872915671, 52.204419382557084], [4.815803404467903, 52.20437816763851], [4.8157325794681105, 52.204355804188246], [4.815690473342753, 52.20426710411305], [4.8156639533997225, 52.2041608089639], [4.815824188798523, 52.20395389765057], [4.815915845205086, 52.203952255895956], [4.815931979878432, 52.203900967274045], [4.8159444084616405, 52.203861480000484], [4.8164154397279715, 52.20333622243905], [4.816402708260495, 52.20332515053972], [4.816426054480734, 52.2032989643685], [4.816350589024611, 52.20327467338325], [4.8170429562527355, 52.202513558210526], [4.816846006594125, 52.2024112308708], [4.816913898768006, 52.20233561877579], [4.816920198921106, 52.20233484027921], [4.817284667155246, 52.20196047714284], [4.817278469728079, 52.20192462087141], [4.816487694100518, 52.20160608490731], [4.816443744441007, 52.20157005509906], [4.815909208822376, 52.201355100447394], [4.815905188453247, 52.20132181622339], [4.815724057720984, 52.201249295969404], [4.815664017483609, 52.20125668116245], [4.8155975188430435, 52.20124867448291], [4.815283447710006, 52.20112159060299], [4.814948427762372, 52.200994772863076], [4.814832460473185, 52.2009466999382], [4.815071647140845, 52.20066814199754], [4.815380401662079, 52.20077720663866], [4.815381097659126, 52.20077654489347], [4.815402420068017, 52.20078491715871], [4.815652014065424, 52.20054768157886], [4.815710904700442, 52.20057170406884], [4.815937167626539, 52.200362775179315], [4.8160044172018095, 52.20030979238969], [4.816106605220507, 52.20022195211737], [4.816097047827621, 52.20021781632737], [4.816116478539645, 52.20020142622155], [4.815523425730216, 52.19993479298692], [4.815476947130875, 52.19995927609982], [4.815476103048661, 52.19995893945482], [4.815473957515475, 52.19996085250915], [4.815211667752319, 52.20009900485764], [4.815203778205068, 52.20009827455808], [4.814457554580852, 52.19977569818903], [4.8144372997268325, 52.19976511986693], [4.8143952346646, 52.19974092669274], [4.815324663069023, 52.19920640038682], [4.818041008390548, 52.1981025712003], [4.819682806364469, 52.197256168573745], [4.820307654286496, 52.19712535619238], [4.822635655595007, 52.19615311893758], [4.822881151665816, 52.19576883989198], [4.823312222770307, 52.1953518853852], [4.823408854606086, 52.19497038151036], [4.82393054786753, 52.19437406937028], [4.823682145995616, 52.19337754666225], [4.825045199579464, 52.19277473534613], [4.825320533317149, 52.19252291538192], [4.825573373441116, 52.192270870927786], [4.826313097959074, 52.191837999385584], [4.826664533052525, 52.19145649858787], [4.827086486650469, 52.191317981933665], [4.828178856632073, 52.19080778422887], [4.828512218698689, 52.190810503753745], [4.829013110757324, 52.19056625873494], [4.828741478745148, 52.19024604186061], [4.829286341904425, 52.189521097577234], [4.830864971371516, 52.188928136051835], [4.831751606404145, 52.18863343107221], [4.832557983075807, 52.18800528088334], [4.832946666034118, 52.187808676975486], [4.833512737883238, 52.187831592384136], [4.833827001953448, 52.18761565374762], [4.833989800978395, 52.18732483511754], [4.834238438784802, 52.18689939972094], [4.83452839723953, 52.18670875460911], [4.8356186967438655, 52.18645038695409], [4.8361753038439135, 52.1858769685283], [4.836642924378523, 52.18545459030015], [4.836995152096593, 52.18487309607524], [4.837010295918305, 52.184419521193455], [4.838542405436741, 52.18364586810444], [4.837767230052689, 52.184092879188306]]]}}, {"type": "Feature", "id": "59645", "properties": {"OBJECTID": "59645", "LOCATIEGROEP_ID": "nl.imow-pv26.gebiedengroep.003000000000000000000813", "SYMBOOL_CODE": "vszt023", "GROEP": "maatregelengebied", "9e750651-8e97-4bc6-b09e-fc30b5f3e83c_id": "10313", "LOCATIE_ID": "nl.imow-pv26.gebied.003000000000000000000813e117188", "DOCUMENT_URL": "https://omgevingsbeleid.provincie-utrecht.nl/home?d=/akn/nl/act/pv26/2022/omgevingsverordening/nld@1089&o=", "NAAM": "Gebied beperken bodembewerking", "TYPE": "bodem", "LOCATIEGROEP_NAAM": "Gebied beperken bodembewerking", "LOCATIE_NAAM": null}, "geometry": {"type": "Polygon", "coordinates": [[[5.0355863379493435, 52.20633321040731], [5.035587643281778, 52.206338355384126], [5.035701953625358, 52.20675824277848], [5.03574240834407, 52.20690064194172], [5.0357600227803445, 52.20700452280644], [5.035784098577345, 52.20701625177409], [5.03583840311829, 52.20720383842349], [5.035889301803536, 52.20740225434083], [5.03592775290859, 52.20755214338664], [5.0360205833527845, 52.20788407363157], [5.0360840616862195, 52.20813311982976], [5.036106442497523, 52.208228260554456], [5.03616347213681, 52.20846030035992], [5.036190332330174, 52.20857745679648], [5.036214542810979, 52.20865953449828], [5.03622975081754, 52.2087125095324], [5.036250605063576, 52.208784205195585], [5.036267540305932, 52.208840798498066], [5.036289066291521, 52.20891452741751], [5.036294346352312, 52.208942594391786], [5.036306380527693, 52.20900662410888], [5.036313481919546, 52.209037500722474], [5.0363335539594924, 52.20912310733687], [5.036362615887325, 52.209237600848], [5.0363723062430195, 52.20927972004159], [5.0363974363483734, 52.20937888645357], [5.036418587655964, 52.20946496362469], [5.036437531710927, 52.209539646546816], [5.033517799138586, 52.20978564838155], [5.032506905652176, 52.206826103962136], [5.032244813626368, 52.205701889186344], [5.035277347254749, 52.20526595407747], [5.0355863379493435, 52.20633321040731]]]}}, {"type": "Feature", "id": "59646", "properties": {"OBJECTID": "59646", "LOCATIEGROEP_ID": "nl.imow-pv26.gebiedengroep.003000000000000000000813", "SYMBOOL_CODE": "vszt023", "GROEP": "maatregelengebied", "9e750651-8e97-4bc6-b09e-fc30b5f3e83c_id": "10314", "LOCATIE_ID": "nl.imow-pv26.gebied.003000000000000000000813e117177", "DOCUMENT_URL": "https://omgevingsbeleid.provincie-utrecht.nl/home?d=/akn/nl/act/pv26/2022/omgevingsverordening/nld@1089&o=", "NAAM": "Gebied beperken bodembewerking", "TYPE": "bodem", "LOCATIEGROEP_NAAM": "Gebied beperken bodembewerking", "LOCATIE_NAAM": null}, "geometry": {"type": "Polygon", "coordinates": [[[4.870899122259879, 52.05891452483181], [4.871679029350378, 52.059339406900136], [4.868416410906968, 52.06336571523844], [4.86792091366981, 52.06312069770322], [4.867868234984937, 52.06306463068419], [4.867858338946185, 52.06305408882087], [4.867813626612878, 52.063036634342204], [4.867752511347085, 52.063018954732364], [4.86770334309212, 52.063004725315075], [4.8676816003137295, 52.06299843656128], [4.867662473639778, 52.06299290536149], [4.866424116695823, 52.06238051752716], [4.8656806037575375, 52.06226480412466], [4.865539374933111, 52.062220783762555], [4.865478313369196, 52.06220117073358], [4.865322313022776, 52.06214713473384], [4.865191414338872, 52.06210518205803], [4.865163513510494, 52.06209682522545], [4.864828849780819, 52.06199657931657], [4.86446779512167, 52.061898687128334], [4.864302357107032, 52.06185382981652], [4.864008573620797, 52.06178333425031], [4.863541189025134, 52.061684131088896], [4.86320959853509, 52.0616520339643], [4.863074957225512, 52.06164606012938], [4.862934119263175, 52.06163379377273], [4.862801123584637, 52.0615956490914], [4.8626921953842706, 52.06156441549249], [4.862504531714959, 52.06150010504317], [4.86179831010585, 52.061250671414584], [4.861476332576965, 52.06112678851151], [4.861377402531479, 52.061088722304916], [4.861014399119342, 52.06096186867337], [4.860772432009859, 52.060886805667764], [4.8607537331238015, 52.060881005603356], [4.860491548135797, 52.06077936336135], [4.860321892133764, 52.0607194083063], [4.8601562445982225, 52.0606608641119], [4.8599398577844175, 52.06058452063396], [4.859888005766988, 52.06056459536041], [4.859810750472838, 52.06053490299381], [4.859308385785488, 52.060344682302556], [4.8590908211981985, 52.06026583324613], [4.859088541618023, 52.060265005098934], [4.858754268362912, 52.06014386390305], [4.858490918448208, 52.06004653528324], [4.858223881937862, 52.05994785027072], [4.857902978771281, 52.05981365283406], [4.857881228340356, 52.05980455789568], [4.857554699332225, 52.05964935568734], [4.857083278402548, 52.05944216890064], [4.856841084939271, 52.059351762807665], [4.85663478485199, 52.059279197716315], [4.856397771592579, 52.059187393890824], [4.856305076402218, 52.059151787287306], [4.856064014325566, 52.05908918529339], [4.8560630985147215, 52.05908894747062], [4.855970528981301, 52.05906490902759], [4.855791148924521, 52.05904270806472], [4.855699707921114, 52.05900715157974], [4.8549684530484, 52.05891601734855], [4.854893345317995, 52.05890120696296], [4.8545117609211195, 52.05882920326132], [4.854508983405754, 52.05882857051464], [4.8542105242021165, 52.058760608848836], [4.854036467669259, 52.05872377846233], [4.8537073589088235, 52.05866568970553], [4.853605390900917, 52.05864984905036], [4.85323109660385, 52.0585916891229], [4.852902739315118, 52.05855754618299], [4.852634761582684, 52.05852968044876], [4.852383658573212, 52.05851125645237], [4.852209457906162, 52.05849645287576], [4.852182423373532, 52.05849408304974], [4.852053674515503, 52.05848278432338], [4.851796356997892, 52.05846708124595], [4.851444809125848, 52.05847140636629], [4.851430287937164, 52.05847125943655], [4.8513976882460845, 52.0584709224288], [4.848509140934232, 52.05811078616374], [4.844947736237065, 52.05689618019512], [4.844913695307085, 52.05688130974992], [4.8448491044663, 52.05684745030798], [4.84473575314015, 52.05680177148245], [4.844712247150878, 52.0567922974931], [4.844704380325847, 52.05679053552474], [4.844693925573333, 52.05678815942623], [4.844608222583618, 52.05676870067017], [4.844598548620494, 52.056766867453945], [4.844550964062128, 52.05675787575467], [4.8445473560522325, 52.05675962083187], [4.843902567974172, 52.05653969975756], [4.843192176023279, 52.056211586267075], [4.843232136516291, 52.05617597958344], [4.843250384840533, 52.05615971421852], [4.843263400463986, 52.05614810756804], [4.84316420788689, 52.05609541883466], [4.843143085809246, 52.05608420282922], [4.843081994229694, 52.05605175174442], [4.843007299397405, 52.05601208314532], [4.842761967896886, 52.05589221486999], [4.842433385810481, 52.05573861473718], [4.842055598368307, 52.055547808335696], [4.841640348132715, 52.055364943613895], [4.841210901503566, 52.055171207740884], [4.8411771154725685, 52.055155968866615], [4.840506154566205, 52.054854626946394], [4.8400335112643775, 52.05463631012603], [4.839655753952204, 52.054473242806296], [4.839440978014991, 52.05436941875012], [4.839332372814522, 52.05431692566426], [4.839163987410277, 52.05423369320151], [4.839079787708615, 52.054192072352], [4.839093459508701, 52.05416740028998], [4.838868197454088, 52.0540807299038], [4.838557724442083, 52.053944685271645], [4.8382494865733765, 52.05380962095891], [4.838069341296488, 52.05373335193872], [4.837915979693327, 52.0536677687266], [4.837779693120423, 52.053606795029864], [4.8375918465089764, 52.05352023375426], [4.837256094569456, 52.05336327787766], [4.836998243358178, 52.053238377485826], [4.836821007231751, 52.05315827314858], [4.836776306773421, 52.053138074416324], [4.836671704223386, 52.05308780866003], [4.836598767079643, 52.0530554516106], [4.83654842391755, 52.053031747961846], [4.836440597600994, 52.05297810532074], [4.836392941250656, 52.05295644551233], [4.8363164909961, 52.0529217079482], [4.836099899491403, 52.052825662053436], [4.835965568670051, 52.052786240235], [4.835953612976898, 52.05278273279906], [4.835510752685534, 52.05258002374684], [4.835090017369511, 52.05239234620413], [4.834991927996788, 52.052348589998374], [4.834402080475071, 52.0520756814121], [4.834271250737653, 52.05201514267568], [4.833920897272402, 52.05185358754739], [4.833778662665129, 52.0517899386826], [4.833580216427248, 52.05170112800105], [4.833077952498991, 52.05147610926437], [4.832747036499569, 52.051326713268885], [4.832280283579781, 52.05111438786405], [4.832201506084064, 52.05107854905521], [4.8317757672781045, 52.05088042755507], [4.831281461964391, 52.05064759183922], [4.831050347836077, 52.05053938778911], [4.8307146223459085, 52.05038393218399], [4.830537464590635, 52.05030050198177], [4.830371627110041, 52.05022240113265], [4.8301031193963615, 52.050092248858384], [4.829872550927547, 52.04998048569636], [4.829711994336355, 52.04990580645632], [4.8296048939139204, 52.04986185925294], [4.829552701278489, 52.04975780670542], [4.829561015720877, 52.049750403781744], [4.829594287259626, 52.04971148929133], [4.829634238366407, 52.04966182048938], [4.8296631701937285, 52.0496201799701], [4.829678996647299, 52.04957848640564], [4.829706496622856, 52.04947620425675], [4.8296641164312115, 52.04945754177727], [4.829637431148708, 52.04944638686822], [4.8296120971926415, 52.04942973753085], [4.8295918800646644, 52.04941310342122], [4.829562972163285, 52.04937556640089], [4.82954110943759, 52.04934591847086], [4.829502864658667, 52.04932414759318], [4.829367873049658, 52.0492817309413], [4.829360815621016, 52.04927951337112], [4.829362203508513, 52.04926757453752], [4.829371341087296, 52.04918941090265], [4.829284547140721, 52.04910007892806], [4.829005602352901, 52.048805748902566], [4.828938363854136, 52.04873357804897], [4.828881008461927, 52.048672015214244], [4.828677640415987, 52.048453732775826], [4.828614028317077, 52.04838543489139], [4.828374586832876, 52.04813876666694], [4.828083953228887, 52.047839345490374], [4.828007369657456, 52.04776046043099], [4.827703932168986, 52.04744896916954], [4.827382594194395, 52.04711909190515], [4.82734062453884, 52.047076009391404], [4.827216153391281, 52.046951891907185], [4.827212347744456, 52.04694846726016], [4.827068081411038, 52.04681849402282], [4.827067058049246, 52.046817563364414], [4.8270174682675915, 52.04676605843784], [4.826943299646613, 52.04668902674172], [4.826896329125129, 52.04664024867842], [4.826824175545034, 52.0465653117686], [4.8268086403334705, 52.04654982297385], [4.818921357712425, 52.03793714966171], [4.8121581965154485, 52.03377601533407], [4.811492169397103, 52.03374421443671], [4.811389041356637, 52.033719864279846], [4.811340745683256, 52.033707386064634], [4.811172938586253, 52.03366401477378], [4.810921950107046, 52.03359781041774], [4.810759986046772, 52.033565891257226], [4.810739476129174, 52.03356291460657], [4.810731519429129, 52.03356176110891], [4.810556908491567, 52.03353644907891], [4.81028655944425, 52.03349923470145], [4.810255428284516, 52.03349379706905], [4.810190199845177, 52.03348239491334], [4.809977793236126, 52.03344526596732], [4.809923922213851, 52.03343688547063], [4.8099002155519, 52.03343319191548], [4.8098258232762054, 52.03342951052664], [4.809671477380733, 52.03342171586103], [4.808749144524073, 52.03336170425146], [4.807876640674594, 52.033289212095454], [4.8073812189731955, 52.03325946743479], [4.807256846746796, 52.03325199693942], [4.807126004124996, 52.03323214451231], [4.806946873880402, 52.033204962252235], [4.806908563682535, 52.03319914680385], [4.806704370126562, 52.033167301576114], [4.806895190127502, 52.03297154199255], [4.807059607462206, 52.03272023913913], [4.807258519277334, 52.03234604705484], [4.807442074847544, 52.031996110366194], [4.8076755459161085, 52.03155098121095], [4.807736251098226, 52.03143524990276], [4.8079036334133045, 52.03111612569394], [4.808021171710123, 52.0308920231582], [4.808317932790254, 52.03032622135352], [4.808606708672906, 52.02977561472442], [4.809005909386069, 52.02901445021526], [4.809341039041052, 52.02837539966467], [4.809480724986789, 52.028002207373035], [4.809508873001947, 52.027923401149856], [4.809593618169456, 52.0276861839538], [4.809602158970701, 52.02766228998014], [4.809602702621082, 52.027660809575764], [4.80960330640663, 52.02765918565346], [4.809613060300533, 52.027632744949386], [4.809614539984534, 52.02762873443306], [4.809623765134161, 52.0276037472407], [4.809627388532728, 52.02759394977938], [4.809627539565585, 52.02759353705793], [4.809644540677845, 52.0275474654769], [4.80965147139929, 52.02752865098542], [4.809657782952122, 52.027511523258866], [4.809659851375795, 52.02750592469865], [4.809722223951, 52.02733687286896], [4.810083385753287, 52.02668634387634], [4.807119252115833, 52.02559384656496], [4.806881686539311, 52.025495323557834], [4.806268085194166, 52.025239456590164], [4.80610398916531, 52.025171153627916], [4.806067062831541, 52.02515579012506], [4.805967225801148, 52.025114238727966], [4.805942850352452, 52.02516021947215], [4.80448882397789, 52.02462424117389], [4.804183959748527, 52.024497327064886], [4.804172374128435, 52.024507579299225], [4.8038973686408575, 52.02440620427929], [4.803946255547031, 52.02432531789197], [4.803961220883902, 52.02430055729894], [4.803972433802496, 52.02428199803345], [4.803945260810581, 52.02427077185248], [4.80374183309743, 52.02418674790371], [4.803687559736557, 52.02416433174109], [4.80366944442434, 52.0241568535692], [4.8042917771408495, 52.02332817508414], [4.803815902797119, 52.02307469361709], [4.807300492958849, 52.017272571306805], [4.807336370379815, 52.01728071167071], [4.807470625628961, 52.01731019838226], [4.80794181603789, 52.01741459799539], [4.808305542057367, 52.01749519659751], [4.808446201428134, 52.01752635854259], [4.808964712822659, 52.01762966536554], [4.80905298407304, 52.01745998585345], [4.809586516293038, 52.016427203630364], [4.809808626671724, 52.01599540642214], [4.810014778012177, 52.01603560635896], [4.8102122193253, 52.01607912488053], [4.810257279846772, 52.01609019461358], [4.8102746621612145, 52.01609446835267], [4.810301803045628, 52.01610113585988], [4.810366714864336, 52.01611706663384], [4.810393547455469, 52.016122788835276], [4.810625771853093, 52.016172355431046], [4.810905779495065, 52.01570292695059], [4.811010000449649, 52.01550303337846], [4.811145311355355, 52.0155045584049], [4.811184539080585, 52.01537549822911], [4.811199856528652, 52.01532505878541], [4.811227310791486, 52.01523476156597], [4.814062780046702, 52.015973040114666], [4.814688013297385, 52.017921190624506], [4.817443372970439, 52.0182405010898], [4.8174003419691065, 52.01916609838875], [4.819398618117591, 52.019542079851384], [4.820027189827189, 52.019984655948114], [4.820874072000089, 52.018741891674416], [4.822656824561127, 52.01866043533986], [4.822817372216519, 52.01962607335176], [4.82443164228018, 52.01836805729414], [4.825653973068998, 52.01831949624095], [4.827718704652734, 52.01857229777521], [4.823755039526944, 52.025869617390406], [4.83097702648305, 52.02732879598556], [4.83647100317362, 52.017768859572485], [4.84177791440277, 52.01968475576298], [4.843142062368352, 52.02070507284315], [4.843274698590202, 52.022031486179536], [4.841013727276687, 52.02574448343636], [4.843345229611005, 52.02624406699125], [4.843916316792484, 52.02549659455351], [4.846537792015786, 52.02622225838126], [4.847266624436121, 52.02538650999791], [4.853477825858317, 52.02707955527974], [4.85579672865032, 52.0241989619345], [4.856378800329716, 52.024134130288004], [4.858151512012767, 52.0225718732246], [4.858812571026637, 52.02413555799158], [4.859789323151224, 52.02428636503616], [4.860211997444604, 52.024036549626636], [4.860128991519842, 52.02414930461374], [4.86075120290976, 52.02437043138657], [4.860840746328896, 52.02439688871157], [4.860987977090405, 52.024440384895904], [4.861097177958928, 52.02442447822253], [4.8611762033523, 52.024443374095156], [4.860840867637832, 52.02463092608926], [4.859726216641652, 52.026559245213946], [4.859227501587547, 52.02641436623606], [4.859035181114016, 52.026649248348896], [4.858464771577923, 52.0264605143121], [4.856958258553038, 52.028499939812214], [4.857639936101107, 52.02868914549798], [4.8582732479575865, 52.02786068405819], [4.858443720800435, 52.027911037963186], [4.859119370256747, 52.026902834710164], [4.859572926818821, 52.02682441375105], [4.859129541688955, 52.02759142731461], [4.859810917758185, 52.02777984612585], [4.859928631524395, 52.02781515788786], [4.860064481045389, 52.02785590772881], [4.860300577484808, 52.02792673135894], [4.860658556873401, 52.02803411557988], [4.861044997722272, 52.02815002991398], [4.8613847287538094, 52.02825192842246], [4.861375614779592, 52.02832825210741], [4.861664280810033, 52.02841225082338], [4.861744849821908, 52.02832126252829], [4.861779030800719, 52.02832405759586], [4.8618656540636485, 52.02834801131778], [4.861917084753446, 52.028363484856946], [4.8619803363857175, 52.02838115030615], [4.857676475641381, 52.03454988811463], [4.8582606559051875, 52.03459287959612], [4.858005087690048, 52.03553728824206], [4.857536608766045, 52.03585318713696], [4.856381462533655, 52.0374893157179], [4.856405771870738, 52.038320830768086], [4.852135420093916, 52.03750142618033], [4.851362084125016, 52.03824109623521], [4.855265559038617, 52.03918768301459], [4.854615601037287, 52.04038659338659], [4.853505476014417, 52.040307567982865], [4.851401881500622, 52.04037145136233], [4.850672959129765, 52.040892877015146], [4.852351040040032, 52.041621727379855], [4.852286752084579, 52.04232665444166], [4.854278217880173, 52.04306258030423], [4.855165622139856, 52.04320596396025], [4.855364876757479, 52.04279626220153], [4.861984609648712, 52.04430778760571], [4.862346022768488, 52.04388367000606], [4.8638907348467075, 52.04455144912159], [4.864782972344057, 52.04480920197323], [4.8661414540917685, 52.04450258095983], [4.867268025706287, 52.04495366388348], [4.870016718402723, 52.04161039748168], [4.870325736838746, 52.044025530315906], [4.870823159226859, 52.04537973303364], [4.872491613060242, 52.04786302664782], [4.8743396690214755, 52.05088102333248], [4.87630715747993, 52.05244924675067], [4.870063136422892, 52.05691049215063], [4.871169332586622, 52.05790486566401], [4.870899122259879, 52.05891452483181]]]}}, {"type": "Feature", "id": "59647", "properties": {"OBJECTID": "59647", "LOCATIEGROEP_ID": "nl.imow-pv26.gebiedengroep.003000000000000000000813", "SYMBOOL_CODE": "vszt023", "GROEP": "maatregelengebied", "9e750651-8e97-4bc6-b09e-fc30b5f3e83c_id": "10315", "LOCATIE_ID": "nl.imow-pv26.gebied.003000000000000000000813e117191", "DOCUMENT_URL": "https://omgevingsbeleid.provincie-utrecht.nl/home?d=/akn/nl/act/pv26/2022/omgevingsverordening/nld@1089&o=", "NAAM": "Gebied beperken bodembewerking", "TYPE": "bodem", "LOCATIEGROEP_NAAM": "Gebied beperken bodembewerking", "LOCATIE_NAAM": null}, "geometry": {"type": "Polygon", "coordinates": [[[5.306227408381857, 52.23059996617622], [5.30626990801278, 52.23041025354532], [5.306344588243339, 52.230167453899774], [5.306431562031217, 52.22988466681938], [5.30646444690996, 52.22979827143508], [5.3065885861194495, 52.229610699506594], [5.306628022384245, 52.22956786348085], [5.306730187985439, 52.22946269468685], [5.306791496830321, 52.22939257748601], [5.306846242304041, 52.229341959352595], [5.306227408381857, 52.23059996617622]]]}}], "properties": {"sourceId": "agrest-ov-gebied-beperken-bodembewerking", "title": "Omgevingsverordening — Gebied beperken bodembewerking", "serviceUrl": "https://agrest.geodata-utrecht.nl/rest/services/Omgevingsverordening/FeatureServer", "layerId": 0, "role": "exclusion", "authoritative": true, "licenseNote": "Structured open data of provincie Utrecht on agrest.geodata-utrecht.nl; service is anonymously queryable; no license statement exposed by the endpoint itself (platform presented as open data).", "lastChecked": "2026-10-05T09:03:33Z", "where": "NAAM='Gebied beperken bodembewerking'", "fetchedAt": "2026-10-05T09:03:55Z", "userAgent": "ldttoolbox-geoconnector/0.1 (wind-turbine opportunity-map PoC; cache-first, single-page politeness; open data of provincie Utrecht via geo-point.provincie-utrecht.nl)", "pages": 1, "featureCount": 19, "bbox": null, "simplifyM": null, "queryFingerprint": "{\"bbox\": null, \"simplify_m\": null}", "crs": "OGC:CRS84/WGS84 (RFC 7946 default, no crs member)"}}