{"type": "FeatureCollection", "name": "agrest-ov-beperkingengebied-lokale-spoorweg", "features": [{"type": "Feature", "id": "49978", "properties": {"OBJECTID": "49978", "LOCATIEGROEP_ID": "nl.imow-pv26.gebiedengroep.003000000000000000000644", "SYMBOOL_CODE": "vsg015", "GROEP": "spoorweg", "9e750651-8e97-4bc6-b09e-fc30b5f3e83c_id": "669", "LOCATIE_ID": "nl.imow-pv26.gebied.003000000000000000000644e84632", "DOCUMENT_URL": "https://omgevingsbeleid.provincie-utrecht.nl/home?d=/akn/nl/act/pv26/2022/omgevingsverordening/nld@1089&o=", "NAAM": "Beperkingengebied lokale spoorweg", "TYPE": "beperkingengebied", "LOCATIEGROEP_NAAM": "Beperkingengebied lokale spoorweg", "LOCATIE_NAAM": null}, "geometry": {"type": "Polygon", "coordinates": [[[5.109316739692444, 52.092576417627306], [5.1092968944745145, 52.09258813623526], [5.109276337198365, 52.092599376793984], [5.1092551116959095, 52.09261013041839], [5.109233247207195, 52.09262038818898], [5.109210758436188, 52.09263013216393], [5.109187689270996, 52.09263934447022], [5.109164083599798, 52.09264800723487], [5.109139956015128, 52.09265612049197], [5.109115350405445, 52.09266366636858], [5.109090296011235, 52.09267063594525], [5.109064836721141, 52.09267701134918], [5.109039001664093, 52.092682801636876], [5.109012820192673, 52.092687979913066], [5.108986350675853, 52.09269254631531], [5.1089596223546785, 52.09269649192432], [5.108932664414131, 52.0926998168088], [5.108905535335249, 52.092702503130525], [5.108878249599321, 52.09270456889962], [5.10885086574327, 52.09270598728996], [5.108823398248518, 52.092706776311914], [5.10879592013219, 52.092706927149635], [5.108768431451457, 52.09270643081525], [5.10874100511165, 52.0927052964689], [5.108713670241974, 52.09270353316757], [5.108686456083624, 52.09270113199235], [5.108659391821785, 52.092698093012174], [5.108631646440216, 52.09269429741907], [5.108604138733703, 52.09268982827597], [5.108577014399544, 52.092684721879664], [5.108552080272886, 52.09267939595131], [5.108527980192267, 52.09267370347812], [5.108513600332294, 52.09267006527726], [5.108503650117289, 52.092667453196206], [5.1084753462318115, 52.09265962060424], [5.108447395196574, 52.0926513664005], [5.1084201602438055, 52.09264294310986], [5.108394747284294, 52.092634847691514], [5.108393392917403, 52.09263441306188], [5.10836744202459, 52.09262600178327], [5.108366524521695, 52.092625711995446], [5.108366393473871, 52.09262566674523], [5.108283793730805, 52.09259883974561], [5.1082383143773615, 52.092584072620035], [5.108131424161148, 52.092549368424805], [5.108109230636307, 52.09254216139469], [5.1079801471935555, 52.0925002410399], [5.107959701216965, 52.09249360436799], [5.107851063936933, 52.092458329531546], [5.107790250495639, 52.092438573477594], [5.107787978701489, 52.092437840060754], [5.107721980978669, 52.09241640889377], [5.10759291279842, 52.092374497136994], [5.107463830324627, 52.09233257621625], [5.107419545631291, 52.09231819809431], [5.107334748036861, 52.092290664141906], [5.107236334650462, 52.092258702634986], [5.1072058990111495, 52.09224882438394], [5.107205767909353, 52.09224878812032], [5.10715922575047, 52.09223374841053], [5.107077104429472, 52.092207649730746], [5.107012485450849, 52.09218752470983], [5.106992663889024, 52.09218141964909], [5.106947674978387, 52.092167695804385], [5.106946247680541, 52.0921672609847], [5.106867744540459, 52.09214363348871], [5.106816972101068, 52.092128403824155], [5.106766971541677, 52.09211341865123], [5.106766825905176, 52.092113373364526], [5.106739735656051, 52.09210524663416], [5.106712572795769, 52.0920970657964], [5.106685337549959, 52.09208879489942], [5.106658831059514, 52.09208066055107], [5.10663235443873, 52.092072418410986], [5.106614732960641, 52.092066857805555], [5.106605660247208, 52.092063969021645], [5.106579229394829, 52.092055412396086], [5.106552930893783, 52.09204669429446], [5.106547921801634, 52.09204501059111], [5.106526269863617, 52.09203761580117], [5.10650006197951, 52.09202841254761], [5.106481965040795, 52.092021889067055], [5.1064735648084, 52.09201880413639], [5.10644766670179, 52.0920090713127], [5.106421756383937, 52.09199896095531], [5.106396052450236, 52.09198851852514], [5.106370598845646, 52.09197771716283], [5.106345424810632, 52.09196654795012], [5.106320574346634, 52.091954975039684], [5.106296120300078, 52.09194301658149], [5.106273633727786, 52.09193144929271], [5.10625158723425, 52.09191951453734], [5.106229893664203, 52.09190714919153], [5.106205108604296, 52.09189214297032], [5.106181100085294, 52.091876635262686], [5.106159930987386, 52.091862087053244], [5.106139508284086, 52.09184719008441], [5.106119802904603, 52.091831926311194], [5.106100843919242, 52.09181631377933], [5.106082631214599, 52.09180037046514], [5.106065193973825, 52.091784096438445], [5.106048532026942, 52.09176751866345], [5.10603268909209, 52.091750646232825], [5.1060176359287, 52.091733488065195], [5.106003430733504, 52.091716071263875], [5.105990044322324, 52.091698395759494], [5.105977520299998, 52.09168048862063], [5.1059658585526755, 52.09166236782339], [5.105955059022972, 52.09164404235597], [5.105945150836799, 52.09162552127618], [5.105936133823599, 52.09160683154797], [5.105928007869444, 52.09158799114745], [5.105920772916668, 52.09156900906269], [5.1059144726261305, 52.09154990337431], [5.105909077700442, 52.09153069198853], [5.105904588025384, 52.09151139288138], [5.105901047318146, 52.091492015145406], [5.105898411633185, 52.09147258563996], [5.105896724631053, 52.09145312244549], [5.105895956957867, 52.091433652456175], [5.1058960871256795, 52.09141527216521], [5.105897048731456, 52.091396938798184], [5.10589882740857, 52.09137861636847], [5.105901437521569, 52.09136034086259], [5.105904819177248, 52.0913423548155], [5.105906171300568, 52.09133617424961], [5.105910886888235, 52.09131722067312], [5.10591650788315, 52.09129815241146], [5.105922930391375, 52.0912792478468], [5.105930110580841, 52.091260515862515], [5.105938019719602, 52.09124188448535], [5.105948742561756, 52.091219008462396], [5.10596030898914, 52.09119656587792], [5.105963305817705, 52.09119104536329], [5.105972985829227, 52.09117389225089], [5.105986242418449, 52.09115184018199], [5.106000198087323, 52.091129996504364], [5.106014735820574, 52.09110840587908], [5.106029797308132, 52.091087059178754], [5.106045309874582, 52.09106591128964], [5.106065555165672, 52.09103931892471], [5.106086280256709, 52.09101299734223], [5.106107148583606, 52.09098709853675], [5.106107310332035, 52.09098690118485], [5.106110207212092, 52.090983348815364], [5.106139203024354, 52.09094816672734], [5.106143657828951, 52.090942829444785], [5.1061757498827705, 52.09090486842641], [5.106177763813802, 52.090902500376046], [5.106212422065675, 52.09086251415998], [5.106247809204751, 52.090822628539186], [5.106284821286462, 52.09078189291244], [5.10632022675809, 52.090743715046585], [5.1063287032574065, 52.09073461234786], [5.1063929447196, 52.09066571900743], [5.106421238553044, 52.09063537075892], [5.1064656183148776, 52.09058777674571], [5.106523704152781, 52.09052547490815], [5.106538291656609, 52.09050983443796], [5.106610964744797, 52.09043189208426], [5.1066698434029005, 52.09036874718187], [5.106669887458495, 52.090368702346346], [5.1066766597895645, 52.09036142014596], [5.106683182714602, 52.090354353065536], [5.106692322096695, 52.09034422727744], [5.106700817769283, 52.09033436959931], [5.106707420517694, 52.09032620616282], [5.106696597727169, 52.090313920687464], [5.106695458224022, 52.09030250312697], [5.106679422972718, 52.09027445814958], [5.106675538216759, 52.090249408142306], [5.106675286112263, 52.09022445665838], [5.1066549506319845, 52.09018876158586], [5.106668244823112, 52.09013036176902], [5.106634793996091, 52.09010128665919], [5.106630335914044, 52.0900513293409], [5.106610357915572, 52.090023796278636], [5.106584325676853, 52.089986775377106], [5.106579697004064, 52.089977983015466], [5.106548017705441, 52.08994333050411], [5.106547099774031, 52.08994079368309], [5.1065312955489075, 52.08993410489055], [5.1065133051430855, 52.089927015416315], [5.106507642678492, 52.08992485378715], [5.1064950941844724, 52.089920195056365], [5.106475658819267, 52.089913174040845], [5.1064557277010785, 52.08990609791326], [5.106304124955079, 52.089852473526754], [5.106216378101514, 52.08982143536374], [5.106177593064749, 52.08980771701181], [5.105313816986835, 52.089502172833285], [5.105306944716272, 52.08949982849224], [5.1052803618090605, 52.08950873502968], [5.1052695596528475, 52.08951179210923], [5.105248945552288, 52.08951127543596], [5.105180808908441, 52.08951291908108], [5.105145618879056, 52.089498409048346], [5.105069527864704, 52.089491144396746], [5.105043056017638, 52.089482434524776], [5.105015751740058, 52.08949003600582], [5.104915858750067, 52.08947412168968], [5.10489422317505, 52.08947131055033], [5.104870796474031, 52.08946561893496], [5.104782649921275, 52.08941958663751], [5.104747717730423, 52.089403558118754], [5.104736613969861, 52.089403540506176], [5.10420796357274, 52.08940324354999], [5.104203163154352, 52.08940323202806], [5.1041976056353375, 52.089405267969234], [5.10416201962398, 52.08941881745429], [5.104131444062242, 52.08943377210922], [5.1040879278634765, 52.08944153219004], [5.1040345099416315, 52.089441475815725], [5.103990518569915, 52.089441316227386], [5.103941675718169, 52.08943077273142], [5.103898678202164, 52.089418832133035], [5.103848140156578, 52.08939949418975], [5.103838513195355, 52.089396684751], [5.103836238774218, 52.089396400654586], [5.103773864264335, 52.08938215743329], [5.10376479730407, 52.08938077843821], [5.103705222370787, 52.08936914845156], [5.1036944667978315, 52.089367145213885], [5.103636266353005, 52.089355060105575], [5.103625163282016, 52.08935263358637], [5.103568915489704, 52.089338656657674], [5.103556868119819, 52.08933558071913], [5.103504149831204, 52.08931955398159], [5.103489867212331, 52.08931462111478], [5.10345878254773, 52.08930169336795], [5.103452767620428, 52.0892999262184], [5.103425361586412, 52.08929133956689], [5.103398233987257, 52.08928256482962], [5.103371893565806, 52.08927390882598], [5.102611276847544, 52.089023312444205], [5.102418206428412, 52.0889594174268], [5.102302263611524, 52.08892087509268], [5.102104826357469, 52.088855476987035], [5.101867507456957, 52.088777156057574], [5.101738648510173, 52.08873468108331], [5.101704387903075, 52.088723416963354], [5.101672078739819, 52.088712741784086], [5.101639697269532, 52.08870196755199], [5.101607287436688, 52.088691067409215], [5.1015748931858, 52.08868001449795], [5.10154251480418, 52.08866876387852], [5.10151018153097, 52.088657306633706], [5.101477952016396, 52.08864559796539], [5.101445855556995, 52.08863361996844], [5.101413892440412, 52.08862132770325], [5.101382150326008, 52.08860870340632], [5.101350629386685, 52.08859572011411], [5.101319344558132, 52.08858232393437], [5.101283829718827, 52.088566436779836], [5.101249222110491, 52.08855014735149], [5.101204120066234, 52.088527576756796], [5.101160308077611, 52.08850406552663], [5.101117844392942, 52.08847963177982], [5.10107675796397, 52.0884543115404], [5.1010371215139045, 52.08842814093865], [5.100998978699321, 52.088401138058074], [5.100962358470772, 52.0883733389228], [5.100927333492798, 52.08834478865095], [5.100893903649015, 52.08831550521984], [5.100862156251321, 52.088285524795204], [5.100832091010103, 52.08825489231803], [5.100803751464766, 52.08822364384767], [5.100788154763402, 52.08820527927447], [5.100772968911518, 52.088186556174264], [5.100758367384081, 52.08816772663469], [5.1007442485071115, 52.08814871850437], [5.100724222260665, 52.08812030347968], [5.100705145861348, 52.08809166605763], [5.100686989090628, 52.08806296795058], [5.100669605926793, 52.08803422678022], [5.100652879299172, 52.088005496190824], [5.1006366778923375, 52.08797677586361], [5.100616586709421, 52.08794029835759], [5.100596830563672, 52.08790391154307], [5.100141885858844, 52.087063677897824], [5.100128273634033, 52.087038568018315], [5.100119261300254, 52.08702194509486], [5.099987931916129, 52.086851687654956], [5.099848972577232, 52.0866837393785], [5.099660753252643, 52.086468806962436], [5.099462066070244, 52.0862574708839], [5.0993047893048695, 52.086100253943584], [5.099141282649244, 52.08594546632376], [5.099096179406062, 52.08591232492224], [5.098698687879643, 52.08562057953663], [5.098666308530401, 52.08562124630813], [5.098634621811846, 52.08561858018832], [5.098578146412945, 52.0856137142144], [5.098500730314121, 52.08557557699261], [5.0984815498880875, 52.08556797104746], [5.098470810743972, 52.085561338508775], [5.098386033989162, 52.08550628559355], [5.098379732071807, 52.08550162331785], [5.098373445441677, 52.08549685322229], [5.098300688945624, 52.08543759630596], [5.098291846918435, 52.08543090548292], [5.098283168862054, 52.085423675776276], [5.098214366253613, 52.085368967475574], [5.09820444384844, 52.08536013483449], [5.09819302440681, 52.085350417690826], [5.098134520908666, 52.085300462319516], [5.0981202572682625, 52.08528836534171], [5.09810467434577, 52.08527497084353], [5.098054617682345, 52.08523192101388], [5.098036787938008, 52.08521627397586], [5.098016178338623, 52.08519957749903], [5.0979758521046135, 52.085163472324645], [5.097952981980925, 52.08514438844955], [5.0979291968570815, 52.085122408162704], [5.0978995086871475, 52.08509502053721], [5.097873605809163, 52.0850711385571], [5.097844141722973, 52.085042951528], [5.097830138064936, 52.085026774563595], [5.0977991272021095, 52.084996381646505], [5.097790691006206, 52.08497885215539], [5.0977778994833365, 52.08495798638168], [5.097773327113788, 52.08495211492783], [5.0977704049362265, 52.084939236821604], [5.097607671125715, 52.084819799050656], [5.097302978779777, 52.08459713448191], [5.096996693813619, 52.08437530108355], [5.096662720800283, 52.08413553932397], [5.095539734295195, 52.08334439467934], [5.095104446251886, 52.08305016161369], [5.095080259137274, 52.083034273665724], [5.0950659645593195, 52.083024917600454], [5.094762651081254, 52.08284508698777], [5.0944538017472345, 52.08266887302493], [5.093840702484822, 52.08233921192329], [5.093209860008272, 52.08202252708978], [5.092782789865445, 52.081816146409494], [5.092777828628076, 52.08181409372318], [5.092656513927598, 52.08176459887709], [5.092616559884865, 52.081748428344255], [5.092534803063498, 52.08171548940285], [5.092483979268837, 52.08169508522977], [5.092413046984559, 52.08166664034347], [5.092350946610632, 52.08164175881071], [5.09221117976027, 52.08158539539207], [5.092071369556563, 52.08152902270993], [5.0920696818124815, 52.08152833538997], [5.092066713731406, 52.081527123555546], [5.092063774649362, 52.0815259387579], [5.0920607337454085, 52.08152470876482], [5.092057372787002, 52.081523343149065], [5.092053575541724, 52.0815217697149], [5.092051451511131, 52.081520874576356], [5.0920495890038735, 52.08152014187815], [5.092045805754632, 52.081518658359606], [5.092042153860142, 52.08151716618176], [5.092038909372561, 52.08151583680945], [5.092035999587276, 52.08151463410825], [5.092033788086489, 52.08151372976234], [5.092030470420524, 52.08151243615886], [5.092026425827377, 52.08151076323555], [5.092023763451773, 52.081509651034445], [5.0920211881321045, 52.081508610955986], [5.092018016350394, 52.08150731771744], [5.0920146990410995, 52.08150597018593], [5.092011876550046, 52.08150480365512], [5.092009199349674, 52.081503727368904], [5.092005765571286, 52.08150234359317], [5.092002230149031, 52.08150088765805], [5.091999204014675, 52.08149963073609], [5.091996177821248, 52.08149838280206], [5.09199284616208, 52.0814969992816], [5.091990140201003, 52.0814958600063], [5.091987404885539, 52.08149474762171], [5.091984262282425, 52.08149345445538], [5.091981105091179, 52.08149216125242], [5.091977395203416, 52.081490614998785], [5.091974703950031, 52.081489457783825], [5.091972361453198, 52.08148850816822], [5.091969116969775, 52.08148717879396], [5.091965828899439, 52.08148582234615], [5.091962584594357, 52.081484466007936], [5.091959252996563, 52.0814830734986], [5.091956488980377, 52.081481889136725], [5.091953841018697, 52.0814808039344], [5.091950203837289, 52.08147929381433], [5.091946319662514, 52.081477630278066], [5.091943352181187, 52.08147632856115], [5.091941053687923, 52.08147534310279], [5.091938144026516, 52.081474122423295], [5.091934652551605, 52.081472639632], [5.091931175843213, 52.08147112991325], [5.09192847018181, 52.081469945696895], [5.091925662520823, 52.08146874324877], [5.091922025756504, 52.081467170212235], [5.091919262038832, 52.08146594090982], [5.091916643492914, 52.08146481982796], [5.091912977671181, 52.08146322874226], [5.091910330364083, 52.081462044671575], [5.09190782811007, 52.08146098679744], [5.091904045938209, 52.08145934149148], [5.0919006131748, 52.08145780491764], [5.091897660403109, 52.08145648526024], [5.091894518517049, 52.081455084236175], [5.091891871270235, 52.08145389117722], [5.091888991084807, 52.08145262562992], [5.0918854711483315, 52.081451034908774], [5.09188232944104, 52.08144960692061], [5.0918790132078255, 52.08144809760234], [5.091875726270131, 52.08144657038119], [5.091873195671651, 52.0814453866021], [5.091870548485296, 52.08144418455465], [5.091867246841186, 52.0814426752726], [5.091863669027561, 52.08144101250108], [5.091860687793208, 52.08143958491439], [5.091857968140491, 52.081438310780456], [5.091854986728587, 52.08143691015735], [5.091852092609489, 52.08143554570526], [5.091849387604886, 52.08143426261971], [5.091846187961886, 52.08143277156879], [5.091842639563733, 52.081431072918], [5.091840065617328, 52.081429826112924], [5.09183765143066, 52.08142868756519], [5.091833724804694, 52.08142682618086], [5.09183061316725, 52.08142526344531], [5.091828402683656, 52.081424206300554], [5.091825348806598, 52.08142273359047], [5.091822280460102, 52.08142124286786], [5.091819037647233, 52.08141966182714], [5.091815649663386, 52.08141797256556], [5.091812654437111, 52.08141645506168], [5.091809746325644, 52.081415000692594], [5.091807565435009, 52.081413880704936], [5.0918019170860065, 52.08141427101558], [5.0917578830534165, 52.08140630507878], [5.091745840394002, 52.08140738043239], [5.091729694700409, 52.08140458961106], [5.091673317284444, 52.081392431219676], [5.091612143933324, 52.081368675129994], [5.091581026243482, 52.08135547449256], [5.091559411292023, 52.08134363690373], [5.0914846384292805, 52.08130048629836], [5.091468746541547, 52.08129241108165], [5.091457676250443, 52.081285426529504], [5.0913828593025325, 52.08122690611634], [5.091376403535486, 52.08122144313461], [5.091370707072207, 52.08121587420095], [5.091305554933259, 52.08114967519832], [5.091300862163582, 52.08114454919678], [5.091296520285034, 52.081139307230664], [5.091241447342463, 52.081068945040975], [5.0912375147206905, 52.08106358725487], [5.091233947458773, 52.081058131516954], [5.091188009092118, 52.08098525759288], [5.0911848937192286, 52.08097985691657], [5.091182172881784, 52.08097435836195], [5.091146651318319, 52.08089920063819], [5.091144267326034, 52.08089350519056], [5.091142277571106, 52.080887756804415], [5.091116306348856, 52.08081117597215], [5.091114782885703, 52.08080550964942], [5.091099642725014, 52.0807279583375], [5.091098470510968, 52.08072212212298], [5.091097736118349, 52.080716260043914], [5.091098334949998, 52.08064119302292], [5.091097863721294, 52.080633039641896], [5.091098136781153, 52.080624843189874], [5.091139479116278, 52.080572061105016], [5.09116013219177, 52.080550604472954], [5.091187368814969, 52.080513066699844], [5.091191604924044, 52.0805056172221], [5.091207641209146, 52.080465345904585], [5.09122234545239, 52.08042134118295], [5.0912391907707075, 52.08037784516762], [5.091239309555035, 52.08037753088269], [5.091259924504498, 52.08033534760114], [5.091260456625638, 52.08033429733046], [5.091286419396534, 52.08029522836032], [5.091289039706612, 52.0802916576779], [5.091320706931403, 52.08025912837254], [5.09132802984205, 52.080254769552184], [5.091328870149559, 52.08025344142386], [5.091330343978035, 52.0802511711361], [5.091331714739959, 52.08024904439907], [5.091332967312676, 52.08024714206764], [5.091334397376894, 52.08024487166999], [5.0913361802849195, 52.08024218870571], [5.09133768281314, 52.08023999039458], [5.091338964501744, 52.08023809712427], [5.091340408440254, 52.0802359346184], [5.091341940500405, 52.080233682452864], [5.091343442968633, 52.08023149312962], [5.091344930611059, 52.080229339721484], [5.091346271007369, 52.0802273926699], [5.0913479208399774, 52.08022497901415], [5.091349702379708, 52.08022250277229], [5.091351174779949, 52.08022044819482], [5.091352706126035, 52.08021830388436], [5.0913543403598585, 52.08021604298695], [5.0913558712897, 52.080213961592065], [5.091357358217912, 52.08021191603908], [5.09135905110007, 52.08020961034828], [5.091361052764653, 52.080206936920746], [5.091362568155222, 52.08020499929617], [5.091363848653455, 52.0802032857844], [5.0913654821732015, 52.08020113274212], [5.091367071750743, 52.08019900655378], [5.091368866925652, 52.08019667415533], [5.091370559034218, 52.08019448530764], [5.091372206784716, 52.080192386229506], [5.0913738546538925, 52.08019026917539], [5.091375281683994, 52.08018845716223], [5.091376753131338, 52.080186546391516], [5.0913786806065415, 52.08018406152736], [5.09138079867502, 52.08018143333201], [5.091381945682309, 52.08018005204437], [5.091382843447261, 52.080178858881176], [5.09138531578416, 52.080175602408424], [5.091387124059722, 52.08017349474477], [5.0913883896117405, 52.08017183512377], [5.091390610269744, 52.08016913528092], [5.091392345427019, 52.080167054398025], [5.0913939041627545, 52.080165179798456], [5.091395374895539, 52.08016337688281], [5.091397110408837, 52.08016124207218], [5.091399051459711, 52.08015891003926], [5.091400904091815, 52.080156712605806], [5.091402374408165, 52.08015497260561], [5.0914039626753365, 52.08015304415151], [5.091405918253966, 52.08015072114302], [5.091407609052023, 52.080148730029485], [5.091409520569537, 52.08014645185084], [5.091411402019915, 52.0801443084181], [5.091413416187086, 52.080141949604105], [5.0914152383349425, 52.08013994983191], [5.091415811718714, 52.080139277163845], [5.091417253392825, 52.08013745619879], [5.091420282263218, 52.08013386856231], [5.091422280415763, 52.0801317254222], [5.091423118282498, 52.08013076579878], [5.091425206219541, 52.08012828133642], [5.091427528156802, 52.080125707580265], [5.091428997817693, 52.08012406644711], [5.091430732317977, 52.080122084430954], [5.091432789771555, 52.08011979762997], [5.091434391495303, 52.08011803998292], [5.091435876100036, 52.080116344958604], [5.091437684014396, 52.080114291221854], [5.091439962245902, 52.08011170836765], [5.091441974984434, 52.08010956526381], [5.09144328281115, 52.08010813045051], [5.09144466446831, 52.08010656100105], [5.091446207958402, 52.080104785231576], [5.09144832477178, 52.080102345781725], [5.091450881597586, 52.08009954791215], [5.091452482904149, 52.080097853180426], [5.09145436429102, 52.080095718734846], [5.091456729216412, 52.08009326193112], [5.091458110159792, 52.080091800336874], [5.0914597853556005, 52.08008996198093], [5.091461710089689, 52.08008789056067], [5.091463517288933, 52.08008594467876], [5.09146576539142, 52.08008350555799], [5.091467615997556, 52.08008161371347], [5.091468732754681, 52.080080394134704], [5.091470554897606, 52.08007839436166], [5.091472538516746, 52.080076242196135], [5.091474272359889, 52.0800743590467], [5.091475697659742, 52.080072807682555], [5.091478034535495, 52.08007018003432], [5.091479914494505, 52.08006826129894], [5.091481545984313, 52.080066413845024], [5.091483719898135, 52.08006416328767], [5.091484998190118, 52.080062782328326], [5.091487187760573, 52.08006037002459], [5.091489582095562, 52.0800578773416], [5.091491785362549, 52.08005559989344], [5.091492798637181, 52.08005458678099], [5.09149406275645, 52.080053142869396], [5.091496574922107, 52.08005047970812], [5.091497632554079, 52.080049376825976], [5.091530396891308, 52.080014135812256], [5.091653798920403, 52.07988141252811], [5.091756393860071, 52.07977136784941], [5.091861340307117, 52.07965860558012], [5.092007188264568, 52.079502002868026], [5.092120727972686, 52.07938004908978], [5.093022869236252, 52.07840856994025], [5.093285438063899, 52.07812541689089], [5.09354741595024, 52.07784289094383], [5.095444184518458, 52.07580009499628], [5.095495452110739, 52.07574487318646], [5.096132234160569, 52.07505864225817], [5.096175303602914, 52.07501221722742], [5.0963015430765335, 52.074876305249006], [5.09646904431506, 52.074695842047284], [5.096685593693023, 52.0744621012167], [5.097347336457077, 52.07374933836824], [5.0974508906780285, 52.07363772710221], [5.097574314530641, 52.07350520432346], [5.0978034458404, 52.07325927750318], [5.102340782227339, 52.068370638116605], [5.102434706840737, 52.06826948826058], [5.102800619982556, 52.067875596263804], [5.102818329570035, 52.06785653028579], [5.102836053669248, 52.06783747332817], [5.102860370508068, 52.06781141256342], [5.102884862382222, 52.06778534322778], [5.102909543761202, 52.067759283332116], [5.10293447292299, 52.067733242005055], [5.1029596788637654, 52.06770724628067], [5.102985234388245, 52.06768131431057], [5.103011154022688, 52.06765545511754], [5.103037510514652, 52.067629695841184], [5.103064230259891, 52.06760414416099], [5.103072813252598, 52.06759605758182], [5.103155409807921, 52.06752138575536], [5.10324203467632, 52.067448476256004], [5.103332599889898, 52.06737740076793], [5.103427002785164, 52.06730824891602], [5.103525140701052, 52.067241110324964], [5.103626896622974, 52.0671760386327], [5.103732153310812, 52.06711312342894], [5.1038407936975725, 52.06705242733966], [5.103841744877367, 52.067051917304454], [5.103879088964207, 52.06703199955755], [5.103917073673992, 52.067012245124424], [5.103955493868744, 52.06699280630933], [5.1039843432486345, 52.06697857556103], [5.104013248954758, 52.066964659524665], [5.1041006556909005, 52.06692453987643], [5.104190296041367, 52.06688633999304], [5.1042820531160045, 52.06685009554115], [5.104375824439428, 52.06681586918672], [5.104471493180821, 52.066783687609046], [5.104568927756815, 52.066753604416576], [5.104668025979398, 52.0667256373362], [5.104768641683955, 52.06669983994212], [5.104870672627791, 52.06667623894984], [5.104973987458667, 52.06665485201744], [5.105078469238821, 52.066635723802065], [5.105183957507387, 52.0666188629048], [5.1052903500249736, 52.06660429604271], [5.105397500858901, 52.0665920408406], [5.105445963431824, 52.06658726717265], [5.105495007185197, 52.06658283642187], [5.10554387389126, 52.06657872879937], [5.1055925204225625, 52.06657484533317], [5.105646914933005, 52.06657064301803], [5.105652240564449, 52.06657023329899], [5.105694743527819, 52.06656695529406], [5.1057370425986806, 52.066563631846314], [5.105772776324619, 52.06656073312432], [5.105808335778469, 52.06655771713005], [5.105843706658954, 52.06655453888903], [5.105979752128929, 52.06654155218872], [5.106055363843535, 52.06652605731931], [5.1060586785051045, 52.066523072187046], [5.1060888130813264, 52.066508394584304], [5.106117359361358, 52.06647956590926], [5.106147516207464, 52.06645901012415], [5.106235457448997, 52.066407619084735], [5.106246492394931, 52.06640142562114], [5.1062564598704006, 52.066395688005436], [5.106363116858502, 52.06634346963484], [5.106444144518941, 52.066345640058714], [5.106513063948598, 52.066336789139875], [5.1065249939945785, 52.06633203587862], [5.106536647460313, 52.066327201064695], [5.106561110086467, 52.066300672500525], [5.106551124984608, 52.06623943973084], [5.10666095152572, 52.066158394796986], [5.106682665313613, 52.06614926962367], [5.106713029387377, 52.066137459612804], [5.106859290834683, 52.06609508713028], [5.106935139719477, 52.066078810295835], [5.1069528587262205, 52.06602755731324], [5.106994374613921, 52.06597917418181], [5.107033529632024, 52.06592585095383], [5.107076696689925, 52.06589323685437], [5.10713475626953, 52.06583918554443], [5.10719566029208, 52.06576401891572], [5.107200313306146, 52.06575921234536], [5.1072132824318315, 52.065739846823526], [5.107250323765673, 52.06568163795985], [5.107252847730059, 52.0656768083541], [5.107256281360045, 52.06567110007462], [5.107304301327243, 52.065610966850485], [5.107319488105472, 52.06559376372848], [5.1073774645575725, 52.0655622362927], [5.107382594562308, 52.06555810495541], [5.107387989344113, 52.06555594264162], [5.107399228814931, 52.06554963271006], [5.107412689306751, 52.0654982886526], [5.107410421879231, 52.065401400478514], [5.107409191441509, 52.06537193454673], [5.107407597326711, 52.06534232394178], [5.1074057416733725, 52.065312559918], [5.107404531447339, 52.06529386178469], [5.107402614769508, 52.0652645290448], [5.10738785165734, 52.065038964437434], [5.1073704302797625, 52.064842083544924], [5.107343965148325, 52.0646455856344], [5.107315024293185, 52.06448124127962], [5.107280160183218, 52.06431734123881], [5.10724302987337, 52.0641684099873], [5.107200602818237, 52.06402002339934], [5.106827794026544, 52.062794705034236], [5.10655656266808, 52.06190321190927], [5.106494530349743, 52.06170545156539], [5.106428037492124, 52.061507527757335], [5.10639603665203, 52.061415763787785], [5.106332234640029, 52.06123533719261], [5.106312544148643, 52.06118031897124], [5.1060621322413535, 52.06047830754478], [5.105910296506883, 52.06002043228469], [5.105611280127121, 52.059045289733014], [5.1056037362078746, 52.059020644271314], [5.1055962667282015, 52.05899575630779], [5.105584909567446, 52.058956082591834], [5.105566141548907, 52.058879890427164], [5.105551458524516, 52.058803348496724], [5.105540888957066, 52.05872656472759], [5.1055344324298595, 52.05864960203655], [5.1055320884129305, 52.05857254131627], [5.1055338854248395, 52.05849548150433], [5.105539808354577, 52.05841850345756], [5.1055498420912695, 52.058341688032336], [5.1055640006859715, 52.05826511615415], [5.105582239866707, 52.05818886860895], [5.105604544410478, 52.05811304422776], [5.105630899321086, 52.05803770588925], [5.105661274795859, 52.05796295238887], [5.105695641202567, 52.0578888555577], [5.10571366877187, 52.057853170854706], [5.105732278408087, 52.057817667301315], [5.1057474318586795, 52.057789202174284], [5.106026396933952, 52.05726603163222], [5.106080295247729, 52.05716486413198], [5.106128881869379, 52.05707364277185], [5.106194539013877, 52.05695039249202], [5.106239096581773, 52.05686683732954], [5.106318461638638, 52.05671756310385], [5.106534149420148, 52.0563106905236], [5.1065687429846225, 52.056176643210826], [5.106598498463435, 52.05604215293565], [5.106620503019478, 52.055920676969144], [5.10663666302179, 52.05579884553319], [5.106646992309273, 52.055676784496725], [5.10665147578653, 52.05555458370646], [5.106650098189584, 52.05543235997221], [5.106645946111029, 52.05533874780482], [5.106636908858149, 52.05524527680319], [5.106623000534469, 52.05515202789286], [5.1066042496538975, 52.055059108997376], [5.106580670319111, 52.054966601041045], [5.1065522764631215, 52.05487461191167], [5.106519111290261, 52.05478323158969], [5.106491910600229, 52.05471724791891], [5.106461002825354, 52.05465188457802], [5.106426401996772, 52.054587231478614], [5.106388165996285, 52.054523360660475], [5.106346338068743, 52.054460353116156], [5.106300976094086, 52.0543982808848], [5.1062521233716724, 52.0543372159705], [5.106199852245874, 52.054277248422714], [5.1061442207061125, 52.05421843230385], [5.106085286515045, 52.05416085762827], [5.105991715715784, 52.054077026860526], [5.105893481398747, 52.05399526114033], [5.105790685123338, 52.05391564159174], [5.1056834573786745, 52.05383828536014], [5.105571928933277, 52.05376326465112], [5.105456244905775, 52.05369068765688], [5.105313199548177, 52.05360589315631], [5.105165938421763, 52.05352386572004], [5.105076365831473, 52.05347700294385], [5.105021257934555, 52.05350670257498], [5.104960538518948, 52.05353382712501], [5.10485440180739, 52.05355898228931], [5.104708931368395, 52.05360927273275], [5.104636344100026, 52.05361557014759], [5.104541958018913, 52.05361994570154], [5.104248916770727, 52.053681215531746], [5.104163677202345, 52.05368243993725], [5.104072289183173, 52.053823693456124], [5.103797245051926, 52.05421779065318], [5.1033893776983055, 52.054190276090964], [5.103294217393902, 52.05417857801836], [5.102767150181329, 52.05401747120068], [5.102676917772318, 52.053982909748804], [5.1025483297075125, 52.05388821491659], [5.102249513704507, 52.0536648299245], [5.102232749603397, 52.053655297926234], [5.102341340403215, 52.05351505812629], [5.102460854396479, 52.05335815367257], [5.102601498266136, 52.05318436650301], [5.102625034917984, 52.05318348858106], [5.102488021336165, 52.05305914846043], [5.102429182777206, 52.053017319360244], [5.102375261189843, 52.052977209858916], [5.102268973559909, 52.052851901119], [5.102179860590494, 52.05277473826896], [5.102173207513274, 52.05272740868519], [5.102138957048963, 52.052693665304645], [5.102145620714102, 52.05264999014736], [5.102143138685911, 52.05262077273553], [5.102097002177881, 52.0525693568976], [5.1020690261746715, 52.052550818608616], [5.102021531304175, 52.05252500662327], [5.102007578603174, 52.05251592181254], [5.101961972271937, 52.052495758916606], [5.101954124737174, 52.05249180312121], [5.101952234174013, 52.0524910615184], [5.101897573010431, 52.05246651743674], [5.101885966479944, 52.05246218402238], [5.10184301668377, 52.05244383412544], [5.1018053290188865, 52.05243249870762], [5.101761254935969, 52.052418999645674], [5.1017172989430035, 52.05240527615014], [5.1016734902554735, 52.05239131930374], [5.101629829045852, 52.0523771021427], [5.1015863591660615, 52.05236260679728], [5.101543066037786, 52.052347833232304], [5.101500008206403, 52.05233274563744], [5.101457345638519, 52.052317407317666], [5.101448589474413, 52.05231420428759], [5.101328836879622, 52.05226854176504], [5.101211710321592, 52.05222035084182], [5.101097369891332, 52.05216967685509], [5.1009859609840635, 52.052116583082864], [5.100877599777765, 52.05206114172071], [5.100772431663253, 52.05200341604733], [5.100670572813973, 52.051943478258615], [5.10057215403742, 52.05188139159823], [5.100477291444914, 52.051817237250404], [5.100386086624472, 52.05175108737594], [5.100298670204016, 52.05168303218264], [5.100215143766946, 52.051613143831275], [5.1001355942008075, 52.051541512423086], [5.10006012302701, 52.051468219106575], [5.099988831649783, 52.0513933630061], [5.099921792486959, 52.05131701621088], [5.0998590923024665, 52.05123928679724], [5.099800803452622, 52.05116025584168], [5.099746998119244, 52.051080031384345], [5.099697748597616, 52.05099870348916], [5.099653097966812, 52.0509163711363], [5.099653177969743, 52.050958408809024], [5.099652632324904, 52.05097981719972], [5.09965095844098, 52.05101346466813], [5.099645637004789, 52.05107253963856], [5.0996372986795855, 52.05113147242382], [5.099625929163633, 52.051190218047736], [5.099611572584484, 52.05124871370036], [5.099594200120101, 52.05130690538136], [5.099573870534809, 52.051364721327936], [5.099550584106459, 52.051422116598616], [5.099524370443162, 52.051479019358965], [5.099495258922858, 52.05153539372617], [5.099402928320249, 52.05172189660723], [5.099389752914967, 52.05174851422518], [5.099384963065555, 52.051758829884434], [5.099380770303799, 52.051769245871284], [5.0993771455305135, 52.0517797531266], [5.09937413265529, 52.05179032479341], [5.099371717157774, 52.05180095184804], [5.09936989903827, 52.051811634290594], [5.099368693049251, 52.051822345192676], [5.099368084727912, 52.05183306654279], [5.099368088595633, 52.05184380736458], [5.09936870488396, 52.05185453170597], [5.099369919014552, 52.05186523953149], [5.099371745624328, 52.05187592188867], [5.0993741703083275, 52.0518865517779], [5.099377193124729, 52.05189712021121], [5.09938081407389, 52.051907627188484], [5.099385033387308, 52.05191803675775], [5.099389821850176, 52.05192835783573], [5.099395208735764, 52.0519385725176], [5.099401165060368, 52.051948653768044], [5.099407676187706, 52.051958610539494], [5.099414756870216, 52.051968415903374], [5.099422392529386, 52.05197806982403], [5.099430568759982, 52.0519875453018], [5.099439270983595, 52.05199684230093], [5.099448484679422, 52.052005951797746], [5.099458224541922, 52.0520148558518], [5.099468446892692, 52.05202354536811], [5.099479166426172, 52.052032002406136], [5.0994903539849785, 52.05204022689468], [5.099502009626873, 52.05204820984556], [5.099514089731131, 52.05205593317587], [5.099526608876607, 52.05206339692106], [5.099539552599861, 52.05207058306954], [5.099552877164636, 52.052077491514254], [5.099566597265048, 52.05208410431481], [5.099580669164774, 52.05209042136419], [5.099595107557806, 52.052096424721924], [5.099609868649923, 52.052102123269215], [5.099802232493325, 52.05217349993372], [5.099821865308098, 52.052181115819124], [5.09984104353408, 52.05218914404651], [5.099859767229112, 52.05219757562807], [5.099878007235876, 52.05220641049293], [5.099895734512326, 52.052215630594304], [5.099912934594956, 52.05222521792081], [5.099929578326376, 52.052235172401616], [5.0999456512430115, 52.05224547602551], [5.099961138823638, 52.05225611976918], [5.0999760119682795, 52.052267094573736], [5.099990256270816, 52.05227837343995], [5.100003857152196, 52.05228995633255], [5.100016800206335, 52.05230181625221], [5.1000290708541325, 52.052313953163704], [5.1000406401103495, 52.0523263400321], [5.1000515079747055, 52.052338976857676], [5.10006166009834, 52.05235182765319], [5.100071067323065, 52.05236489234772], [5.1000797443426, 52.052378153000994], [5.100087662113746, 52.05239159156615], [5.100094820751256, 52.052405190067425], [5.100101220369638, 52.05241893052896], [5.100106817289354, 52.052432803856306], [5.100111640782655, 52.05244679214463], [5.100281879873497, 52.052986332553516], [5.100285787533201, 52.05299992312584], [5.100288951202036, 52.05301358379148], [5.100291370937021, 52.05302730556265], [5.100293046852534, 52.05304107046329], [5.10029396442641, 52.05305486946994], [5.100294123888318, 52.05306866663076], [5.100293539759047, 52.0530824709692], [5.1002922122681635, 52.05309624653328], [5.1002901268359135, 52.05310999328748], [5.100287298213532, 52.05312368430332], [5.100283726457813, 52.053137310592795], [5.100279411683262, 52.05315085417982], [5.1002743539469195, 52.05316430607636], [5.100268567999939, 52.05317763935382], [5.100262068420819, 52.05319085404763], [5.100254855439383, 52.05320391420572], [5.100217412360713, 52.05326813305773], [5.100201131102883, 52.05329482408913], [5.100183539716339, 52.0533211973427], [5.1000377280214195, 52.05353087660294], [5.1001265266213505, 52.053554390185866], [5.099569514313678, 52.05435400859371], [5.099560379390903, 52.054366605622], [5.099550575075448, 52.05437900327682], [5.099540086845075, 52.054391192534425], [5.0995289439738345, 52.054403155489894], [5.099517161098603, 52.054414883190624], [5.099504738276922, 52.05442636664843], [5.099491704840735, 52.05443757897034], [5.099478075369337, 52.054448520191805], [5.099463849978029, 52.05445917233659], [5.099449057941261, 52.0544695174998], [5.099433699258995, 52.054479555681134], [5.0994178177852545, 52.05448926901126], [5.099401398940573, 52.05449865745438], [5.099384486636851, 52.054507694153116], [5.099367095511493, 52.05451637015491], [5.0993492400865685, 52.05452469448318], [5.099330949752305, 52.05453263125694], [5.099312224393504, 52.054540198451996], [5.099293107980216, 52.05454736022313], [5.099273614976697, 52.05455413458162], [5.099253760136358, 52.05456049459907], [5.099233557981251, 52.05456644929885], [5.099233397316965, 52.05456649384686], [5.09912723980976, 52.05459626370011], [5.09910743219562, 52.05460207553277], [5.099087957304859, 52.05460829264122], [5.099068844296265, 52.05461491509687], [5.099050093227256, 52.054621933911875], [5.09903174789416, 52.05462934020543], [5.099013822934109, 52.05463712502541], [5.09899634750607, 52.054645288443275], [5.0989793217833865, 52.05465380349534], [5.09896277486727, 52.054662679240984], [5.098946721510808, 52.054671888752246], [5.098931190815257, 52.05468144108861], [5.098916197591671, 52.05469130033401], [5.098901756361884, 52.054701475512275], [5.098096029073321, 52.055288861757646], [5.098079288046924, 52.05530064006659], [5.098061907821012, 52.05531205727984], [5.09804388856956, 52.05532308643317], [5.098025259394291, 52.055333736585865], [5.098006035107158, 52.05534397182144], [5.0979862594477545, 52.055353792247026], [5.097965932474373, 52.05536318887431], [5.097945098042896, 52.055372143834425], [5.097923770791399, 52.055380648174925], [5.0979019799381025, 52.05538869297919], [5.097879740179382, 52.05539626030676], [5.097857095255295, 52.055403350264726], [5.097834059804165, 52.05540995390074], [5.097810677624343, 52.05541606233403], [5.097786963354376, 52.05542166661218], [5.0977629461546, 52.055426766806626], [5.097738655301627, 52.055431345012856], [5.097714119955943, 52.05543540130225], [5.097689369336215, 52.05543892675848], [5.097664447124668, 52.05544193047674], [5.097639353438418, 52.05544439448102], [5.097614146597744, 52.055446318914484], [5.097588855763263, 52.05544770384871], [5.097563495515776, 52.055448549319536], [5.09753809501592, 52.0554488553986], [5.097512698062255, 52.055448613205385], [5.097487319177572, 52.05544783176372], [5.097462016740222, 52.05544650222908], [5.0974368052147545, 52.05544464261326], [5.09741169929821, 52.05544223497624], [5.097386757194655, 52.05543929743745], [5.097361978904834, 52.05543582999706], [5.097337422690892, 52.055431841786564], [5.097313103191688, 52.055427323853955], [5.097289049509433, 52.05542228525917], [5.097265290746491, 52.05541673506203], [5.097241870526703, 52.055410691346374], [5.0972188035468715, 52.055404136172214], [5.0971961041546825, 52.055397105527625], [5.097173830728324, 52.055389590568446], [5.097151983210035, 52.055381600282715], [5.097130590701792, 52.0553731437306], [5.0971096967687135, 52.05536424798384], [5.097089316049305, 52.0553549040907], [5.097069477587, 52.05534513009914], [5.097050195903524, 52.05533493503333], [5.097031485462524, 52.055324336905414], [5.0970134045250175, 52.05531334484725], [5.096995938394801, 52.05530197679923], [5.096979130752943, 52.05529024185723], [5.096962981541087, 52.05527814900951], [5.0969475343238155, 52.05526572532811], [5.096932789100771, 52.05525297081324], [5.096918774856552, 52.05523991250099], [5.096905491474265, 52.05522656836746], [5.096892968113039, 52.05521293848488], [5.09688123369901, 52.05519905887716], [5.096870273651733, 52.0551849295086], [5.096860116955438, 52.05517057741526], [5.0968507781310235, 52.05515601162122], [5.096842257003001, 52.0551412590906], [5.096834582613572, 52.0551263378714], [5.096827740323977, 52.05511125691587], [5.096821744538325, 52.05509604322397], [5.0968166243570705, 52.05508070585567], [5.096812365024688, 52.0550652717391], [5.096808966482147, 52.055049749862384], [5.096806443133367, 52.05503416722541], [5.096804809440636, 52.05501854184009], [5.096804050706707, 52.055002891646545], [5.09680416681411, 52.05498723462078], [5.0968051722251415, 52.05497158877465], [5.096807052242473, 52.05495597204811], [5.0968098066904615, 52.05494041140518], [5.096813435568148, 52.05492490684565], [5.096817938583296, 52.0549095033094], [5.096823301213606, 52.05489419177247], [5.096829523225061, 52.05487900818668], [5.096836589920707, 52.054863970491795], [5.096844501183208, 52.05484909666379], [5.096853256953486, 52.054834395690385], [5.096862813375327, 52.05481988543955], [5.097184994725485, 52.05435461759142], [5.097193063507746, 52.05434240461177], [5.097200477255905, 52.05433002823322], [5.097207221274554, 52.05431750639604], [5.097213280868335, 52.05430485704041], [5.097218655979569, 52.05429208915444], [5.097223346492357, 52.05427922071416], [5.0972273522909175, 52.05426626969565], [5.0972306442168245, 52.05425323602715], [5.097233236733787, 52.05424013772063], [5.097238889085635, 52.05420706634176], [5.097243621827127, 52.05418316957516], [5.097249636855941, 52.05415938382098], [5.097256933995513, 52.054135736043], [5.097265498489969, 52.05411225316901], [5.097275315641477, 52.054088953138795], [5.097286385215527, 52.054065871904086], [5.097298677935223, 52.054043027368614], [5.097312208203729, 52.05402044653194], [5.097326946744224, 52.05399814729782], [5.09836569516979, 52.052497973216134], [5.098393302697568, 52.052458106636024], [5.09841923680012, 52.05242226262904], [5.098447018957796, 52.05238695344438], [5.098476634356738, 52.052352214996965], [5.098508053662214, 52.05231807417791], [5.0985412328452435, 52.052284575818625], [5.09857612793513, 52.05225175576232], [5.098612738698138, 52.05221964995951], [5.098650992122437, 52.05218827620607], [5.09869085870153, 52.05215768835695], [5.098732309218711, 52.05212789532708], [5.098775285010759, 52.05209895089996], [5.098838590447303, 52.05205766158162], [5.098853028001877, 52.05204792681758], [5.0988669425667865, 52.052037903152], [5.098880290348032, 52.05202759946595], [5.098893085808699, 52.05201703377139], [5.09890531437024, 52.05200620603272], [5.098916946759722, 52.05199513415477], [5.098927982861641, 52.051983836113735], [5.098938393518815, 52.05197231183839], [5.098948193194633, 52.05196057934063], [5.099026307742853, 52.05186306945693], [5.099040416805136, 52.05184546026672], [5.099073714844135, 52.05180243463161], [5.099105091962691, 52.05175885601463], [5.099111022258993, 52.05175030482791], [5.099171296072491, 52.05166342912209], [5.099179448292655, 52.05165168358963], [5.099193649251751, 52.05163109953501], [5.099199668488563, 52.0516223148698], [5.099210059644592, 52.05160699753254], [5.09921322450267, 52.05160226852415], [5.099219289490257, 52.05159316938528], [5.09923218788942, 52.05157336410962], [5.099263998629346, 52.051521247787456], [5.099293057817148, 52.05146852252888], [5.09931933595768, 52.0514152421926], [5.099342803498458, 52.051361469625164], [5.099363431003041, 52.05130724969693], [5.099381188861955, 52.05125265424215], [5.099396076796576, 52.05119772820194], [5.0994080798343235, 52.051142534457746], [5.099417153846143, 52.05108713581963], [5.09942332771083, 52.051031577299256], [5.099426586398688, 52.05097593076545], [5.099426915053571, 52.05092024112282], [5.099426000522859, 52.05089240265467], [5.099424590271038, 52.05086457196382], [5.099421943999196, 52.05082263588001], [5.099386223389495, 52.05028089700288], [5.099384763891327, 52.05025846805443], [5.099383392729944, 52.050235904499786], [5.099382198067205, 52.050213098696645], [5.099381994850068, 52.05020842437284], [5.099381310932927, 52.05019007792948], [5.099380969791428, 52.050122926778556], [5.099384083546269, 52.050055802042245], [5.099390651777628, 52.049988766636204], [5.0994006593722165, 52.04992190141613], [5.099405552972957, 52.04989540737282], [5.099410839944118, 52.049868950242555], [5.0994164508597954, 52.04984199056784], [5.099418630623884, 52.049831731446844], [5.099808789177527, 52.047984463234116], [5.099801587067337, 52.047839170477566], [5.09978795518638, 52.04769405078413], [5.099767892847151, 52.04754922099562], [5.099741428631759, 52.04740478004783], [5.099708211808448, 52.047263144888554], [5.099666782777822, 52.04712234354894], [5.099617213461921, 52.04698253798215], [5.0995791847133844, 52.04689117964248], [5.099536106920842, 52.04680067182291], [5.099488023093085, 52.04671113146874], [5.099434976352865, 52.0466226575486], [5.099377038917599, 52.04653535808987], [5.099314297579805, 52.0464493411549], [5.099246795514778, 52.046364696722996], [5.099174619511012, 52.04628153285574], [5.099103854473979, 52.04620794475692], [5.09902914426971, 52.04613584798399], [5.098950561157736, 52.04606534157572], [5.098868206780414, 52.04599648869013], [5.098782153509171, 52.04592937038971], [5.098692517443513, 52.045864067843894], [5.098599400219925, 52.0458006442104], [5.098502874203714, 52.04573918055165], [5.098403084757475, 52.045679740132535], [5.098299057736903, 52.04562193406632], [5.098191897202689, 52.04556634927893], [5.098081719357594, 52.04551304896385], [5.0979686695553355, 52.045462096386565], [5.097852864052441, 52.04541354575318], [5.09773443356372, 52.045367469281864], [5.097613523611021, 52.04532390327492], [5.097490279597967, 52.04528290201125], [5.097368848030298, 52.045245680094055], [5.09724552029436, 52.04521092512249], [5.097120398118788, 52.045178682281744], [5.0969936415949615, 52.04514898791309], [5.0968653672000945, 52.04512186027453], [5.096735734964826, 52.04509734469652], [5.096604861363914, 52.04507545943811], [5.096472892024291, 52.04505622283082], [5.096339972513548, 52.045039662194824], [5.096206248398319, 52.04502580485091], [5.096071850901853, 52.04501464213248], [5.095878841422813, 52.045003352328344], [5.09568532504923, 52.044996051686795], [5.09549150580011, 52.044992740710626], [5.095297631364696, 52.044993429000236], [5.095103891243599, 52.04499810803704], [5.094910533126186, 52.04500678742453], [5.094663036674183, 52.0450222259887], [5.094416343242346, 52.045041899441735], [5.094170627796969, 52.04506579024762], [5.093926094458654, 52.045093880944385], [5.093664059893448, 52.04512776982288], [5.093403399342057, 52.0451654635277], [5.091443506945037, 52.04559014813912], [5.088991505337303, 52.046121413319845], [5.088926835732342, 52.046135414928465], [5.088862151749646, 52.046149380512645], [5.088793147297651, 52.046164188992115], [5.08874806938, 52.04617378200415], [5.08872388101601, 52.04617890688646], [5.088654557639571, 52.046193435844565], [5.088584973093292, 52.04620777534909], [5.088515171527951, 52.04622186259442], [5.0884451095136125, 52.04623565252949], [5.088374787291328, 52.04624910920179], [5.088304190765338, 52.046262160670004], [5.088233276386716, 52.04627477985875], [5.088162059094161, 52.04628691287653], [5.088090728989179, 52.04629847032398], [5.088075742638293, 52.046300814134426], [5.088018571387423, 52.04630951330306], [5.087948796626344, 52.04631953764229], [5.087787085882535, 52.046340168039556], [5.087624305046331, 52.0463573080962], [5.087460643834525, 52.04637093132583], [5.087296320998577, 52.04638102929353], [5.0871315261969166, 52.04638758450308], [5.086966463605319, 52.04639058848475], [5.086801322762702, 52.04639004172045], [5.086636322422136, 52.04638593577978], [5.086471652001823, 52.046378289122984], [5.086307515677534, 52.04636709328465], [5.086144102806181, 52.04635237571521], [5.085981631957933, 52.0463341549526], [5.085820292548151, 52.046312449461425], [5.085660273991019, 52.0462872777074], [5.085501780094763, 52.04625868515823], [5.085345000209981, 52.046226699269624], [5.085190138202017, 52.04619135652337], [5.085037354142836, 52.046152702278214], [5.0848868664098195, 52.04611078204311], [5.084738835009873, 52.046065650166376], [5.0845934491012565, 52.046017361071854], [5.084450883262717, 52.045965969146685], [5.08431131194874, 52.0459115467546], [5.08417490967183, 52.04585415727197], [5.084041836425557, 52.04579385505017], [5.083912266534103, 52.045730730430634], [5.083786330649006, 52.04566486465447], [5.083664217847364, 52.045596321137396], [5.083546058713614, 52.04552519010916], [5.083431983829244, 52.04545156179971], [5.083322152925576, 52.04537552651424], [5.083216696577609, 52.04529717448276], [5.083115730780576, 52.04521659589789], [5.083019400618814, 52.04513389001517], [5.082927807321847, 52.04504917395328], [5.082905332413832, 52.04502736460296], [5.082886465447184, 52.045008746369824], [5.0828829037605265, 52.045005186853814], [5.082844568845452, 52.04496630399448], [5.082807009478723, 52.0449269916951], [5.082770311957149, 52.0448874209542], [5.0827344177292435, 52.04484762757382], [5.082699282941985, 52.04480762941766], [5.082664849105139, 52.0447674532996], [5.0826310432131505, 52.04472711700785], [5.082597835867535, 52.044686656419515], [5.08256515412426, 52.044646080334566], [5.082532953886395, 52.04460544256838], [5.082515598121883, 52.044583286853396], [5.082501104638567, 52.04456464391421], [5.0824697067633124, 52.044523927311744], [5.082468363030328, 52.04452218013635], [5.082407598041663, 52.044442235201885], [5.082350638377144, 52.044366479567906], [5.082335343779253, 52.04435633731859], [5.082332531088613, 52.044345544267784], [5.08233276930621, 52.044342668678176], [5.081430911477213, 52.043139820961045], [5.081390611256996, 52.04308604814177], [5.080020665907338, 52.04125768350289], [5.079991013799069, 52.04121811225748], [5.0799613764416005, 52.04117852306645], [5.079930844043993, 52.04113768218047], [5.079900355489154, 52.04109683241242], [5.079869925660514, 52.04105592886041], [5.079839554372917, 52.04101499848847], [5.079809300050119, 52.0409740234728], [5.07977913360344, 52.040932994749426], [5.079749113271368, 52.040891921458496], [5.079719239053591, 52.04085080360018], [5.079693669211289, 52.040815386468054], [5.0796894966832715, 52.04080959619656], [5.079681772744261, 52.04079883519615], [5.07965997330199, 52.04076834441602], [5.0796306398209445, 52.0407270391946], [5.079601525636525, 52.0406856446566], [5.079572630686628, 52.04064416979018], [5.07954399863408, 52.0406026236976], [5.079515644238493, 52.04056097945326], [5.079487567375809, 52.04051925503326], [5.079459840734998, 52.04047747759219], [5.0794513156516805, 52.0404645393508], [5.0794323487034, 52.04043550301781], [5.079405279520084, 52.04039351156512], [5.079378546475224, 52.04035139515], [5.07935325997839, 52.04031088239927], [5.079328381747938, 52.04027035273343], [5.079197264148574, 52.040043427715325], [5.079078350107987, 52.03981395486025], [5.078971783473962, 52.0395821862498], [5.078877678935906, 52.03934837388597], [5.078864758324731, 52.03931343008723], [5.078848825780693, 52.039269283523744], [5.07883330172678, 52.03922508409811], [5.078818171092337, 52.03918090367622], [5.078815028848075, 52.03917157473688], [5.078811530408079, 52.03916105842892], [5.078788039751495, 52.03914355092999], [5.078786332544073, 52.03913960066171], [5.078770694567097, 52.03911619951299], [5.0787611678885, 52.03910273728291], [5.078758311216418, 52.03909850537201], [5.078763001696745, 52.039092531543155], [5.078773268444087, 52.039055653069326], [5.07876952392709, 52.03904489343554], [5.078759667566373, 52.03901157551329], [5.078756157485593, 52.039000636729696], [5.078729498014356, 52.03896709504584], [5.078728657427946, 52.038964288541194], [5.078717488829165, 52.03894586953582], [5.078705170033109, 52.038927276742434], [5.07870326882462, 52.03892186988408], [5.07870114949832, 52.03889099002996], [5.078700039552404, 52.038878619425255], [5.078700956907191, 52.03887662645768], [5.0787146852857035, 52.03884713632608], [5.078695999113385, 52.03878172554623], [5.078671352799428, 52.03869291197945], [5.078647245772176, 52.03860410880681], [5.078623517586961, 52.03851533358468], [5.078600234117303, 52.0384276021471], [5.078599964201284, 52.03842658577869], [5.078598643212569, 52.038421584904995], [5.07807254821774, 52.03643553109167], [5.078044197886083, 52.03632839876276], [5.077766791881139, 52.03527844686827], [5.077739773426784, 52.03517492219451], [5.077708635832773, 52.03505590009386], [5.077374593706784, 52.03379605951474], [5.0773557452277895, 52.033725201212505], [5.077350985849065, 52.03370747302977], [5.077189993995248, 52.03316454204679], [5.077000638062115, 52.032625095412904], [5.076783119057469, 52.03208970876242], [5.076537652650324, 52.031558939773376], [5.076530884483173, 52.031545179020966], [5.076495215931848, 52.03147307177526], [5.076424509681698, 52.031330395888936], [5.076404892811375, 52.031328672332435], [5.076393327188817, 52.031321684976824], [5.0763375096887, 52.03130151205285], [5.076319951765085, 52.03128027162391], [5.07629394410609, 52.03123981915962], [5.076286882458177, 52.03121796827002], [5.076290381436458, 52.03118202484952], [5.076292746673213, 52.03115826638676], [5.076306841628463, 52.031147239159424], [5.076322331164865, 52.03112423438825], [5.0761251481932765, 52.03072634705902], [5.076115060054565, 52.030705971211525], [5.076104986933582, 52.03068553248554], [5.076097400794253, 52.03066998988892], [5.076094398347933, 52.030663780125174], [5.076083955739834, 52.030641992196635], [5.076073689063714, 52.03062005193297], [5.076063656419208, 52.03059798645224], [5.076053930727196, 52.03057578695891], [5.076044584970771, 52.03055343566951], [5.076035648292855, 52.030530932661115], [5.076027208185713, 52.03050826917679], [5.076019365964112, 52.030485544354214], [5.076014943975099, 52.03047181673195], [5.07601203719271, 52.03046232653836], [5.076005493802562, 52.03043932651289], [5.075999695759658, 52.03041601387037], [5.075994700226302, 52.03039255054895], [5.075990609202926, 52.03036893681826], [5.075987495421609, 52.03034519084675], [5.075985429929031, 52.03032157347916], [5.075985015130939, 52.030314157146776], [5.0759843804772675, 52.030285941618864], [5.075985319623482, 52.030257721260874], [5.0759878321921, 52.0302295500007], [5.075991918117801, 52.03020143682642], [5.075997547879869, 52.03017343558863], [5.075997798938767, 52.030170856648425], [5.075999695196241, 52.030157990605304], [5.076007734133024, 52.030125097181745], [5.07601101852329, 52.03011378077025], [5.076022404593485, 52.03009410879181], [5.076023814856365, 52.03009037344061], [5.0760356325102345, 52.03006310760098], [5.076048949148656, 52.03003611536486], [5.076063779215888, 52.030009414746125], [5.076080093254481, 52.02998305060726], [5.076097847422746, 52.02995704080821], [5.076117055978149, 52.02993143032681], [5.076137675079447, 52.02990623702295], [5.076147162458242, 52.02989557514814], [5.0761619870037915, 52.02987385394599], [5.076171306223481, 52.02986432413413], [5.076202546975311, 52.029837190457194], [5.076214364952595, 52.02982665157662], [5.076226806691887, 52.0298165188091], [5.0762338007016155, 52.0298102815103], [5.076261104977494, 52.029787640496345], [5.076289658319576, 52.02976558700382], [5.076316077820633, 52.029746547896174], [5.076335311617047, 52.029729871682385], [5.076347885487979, 52.02972168968278], [5.076386490508788, 52.02969792797741], [5.076400548280855, 52.02969009143815], [5.07643658338749, 52.029664983698495], [5.076481865779956, 52.029638597057925], [5.076490461452016, 52.02963462898678], [5.076540169250701, 52.02961096842356], [5.076548281313901, 52.02960739455195], [5.076575390888382, 52.02958757523562], [5.076594935559966, 52.029572274988546], [5.0766451819840155, 52.02956128911555], [5.076664047979063, 52.0295577076363], [5.076668421830713, 52.029557368628964], [5.076698776067743, 52.029561367490345], [5.076715761101088, 52.029555857576796], [5.076745943836872, 52.02954675122773], [5.076781057297693, 52.029536848930576], [5.076816531043986, 52.02952752281494], [5.076852233934332, 52.02951877253509], [5.0768881225047515, 52.02951056202348], [5.076924153353424, 52.02950284622493], [5.076960297525354, 52.029495598098464], [5.07699652618985, 52.029488772627225], [5.077032606143605, 52.029482378185236], [5.0770452400787365, 52.029480227328804], [5.077081258436724, 52.02947430908254], [5.077129440199462, 52.02946684991639], [5.0771620117934, 52.02946206406909], [5.0771777793712, 52.029459804600535], [5.077178712872037, 52.02945967223508], [5.077225999407877, 52.02945312746611], [5.077273955094347, 52.029446746225894], [5.077278651427732, 52.02944612941127], [5.077321895077121, 52.02944052671178], [5.077362411011027, 52.029435330276925], [5.077985519620817, 52.02935560682189], [5.078010415354391, 52.02935241845909], [5.07803517994235, 52.0293492297468], [5.078070518669429, 52.02934463067473], [5.078105624929744, 52.02933993211215], [5.078140527989729, 52.02933511615981], [5.078175184507046, 52.029330128775186], [5.078209565648608, 52.02932492494196], [5.078243686171207, 52.0293194777346], [5.078277488160728, 52.02931373307251], [5.0783110302118075, 52.02930764616876], [5.078339716222986, 52.02930209480025], [5.078368171253691, 52.02929622823336], [5.078395125802208, 52.0292903037968], [5.078413808350783, 52.029268898023595], [5.078416878960849, 52.02926524788979], [5.078464587969907, 52.029243855281365], [5.078485526834099, 52.02923334906783], [5.078540385304236, 52.02922116107239], [5.078587543742975, 52.02920141180573], [5.078614003372842, 52.02919328392181], [5.078664904799631, 52.02918861758445], [5.078677044078084, 52.02918633043486], [5.078679411062227, 52.02918540186548], [5.0787359577725075, 52.02917349683412], [5.078749944373867, 52.02916744847337], [5.07879350330053, 52.02914349222479], [5.0788058205333195, 52.02913863491249], [5.078817440148276, 52.029137748541764], [5.078825363259913, 52.029134066160815], [5.078863935255261, 52.02911272137448], [5.07888051140613, 52.02910303956973], [5.078896533532729, 52.02909340125334], [5.0789209438102665, 52.02907814032073], [5.078944787832497, 52.029062581291704], [5.078968211621045, 52.0290466796078], [5.07899117096767, 52.02903050705896], [5.0790213987934205, 52.029008367404565], [5.079051047015676, 52.02898574985327], [5.079080026847557, 52.028962851912894], [5.07910896757034, 52.02893927975055], [5.07913767784181, 52.02891531149912], [5.079240955148516, 52.02882489097082], [5.079339117689823, 52.0287323177995], [5.0794320043985905, 52.028637708423076], [5.07951954169972, 52.028541170519716], [5.079541221935311, 52.02851597939098], [5.07957426324253, 52.02847658966313], [5.07960650468789, 52.0284369641447], [5.0796380483934875, 52.02839708512679], [5.079668952644856, 52.02835695276201], [5.079699290113152, 52.0283165942051], [5.07972910432743, 52.02827603653471], [5.079758467958686, 52.02823530690529], [5.079787424720755, 52.028194405431364], [5.07981604728419, 52.0281533592673], [5.079844393686853, 52.02811220451757], [5.079879381725972, 52.028060829567785], [5.0798951766275104, 52.02803749255568], [5.079900520227035, 52.02802957893378], [5.079949541718182, 52.027956722902914], [5.080101995184091, 52.027729845692335], [5.080122800116526, 52.02769619430705], [5.080141960919249, 52.02766218809327], [5.08015947753386, 52.02762783603987], [5.0801753060052475, 52.02759317398565], [5.080189475232201, 52.027558237959234], [5.080273625513384, 52.02733657536292], [5.080286852366877, 52.02729879660702], [5.080287956447766, 52.027295024453466], [5.080279468000332, 52.027257917153946], [5.080279272460368, 52.02725455506959], [5.080279477760134, 52.02722883146787], [5.0802789281496965, 52.02721121322655], [5.080278026711375, 52.02720667185269], [5.080281349462694, 52.02716403165384], [5.080286310440133, 52.02712260013789], [5.080286545773888, 52.027115895577715], [5.080291503602202, 52.02707492244967], [5.080294460566461, 52.02705165079899], [5.080296134991886, 52.02703055094298], [5.080296144654779, 52.027029139825714], [5.080300389568379, 52.02698588184442], [5.080301077879538, 52.02697898971285], [5.0803084359746435, 52.02695135229104], [5.08030029677569, 52.026914317806394], [5.08028971694033, 52.0268762253456], [5.080277008102275, 52.02683837900463], [5.080262169897443, 52.026800832710656], [5.080245231225629, 52.02676362249104], [5.080226206292796, 52.02672680231082], [5.080087295384161, 52.02648554827693], [5.079936477597632, 52.02624703136251], [5.079773882625363, 52.02601148555265], [5.0795992365507034, 52.02577638440747], [5.079388330797648, 52.025513100202055], [5.0793750061204355, 52.02549720125705], [5.079361637372098, 52.02548135612437], [5.079348210291085, 52.02546551982578], [5.079334739385875, 52.025449701387394], [5.079321210086398, 52.02543390077118], [5.079307637024537, 52.025418109027044], [5.079294005506748, 52.02540234409302], [5.079280315594818, 52.025386596981036], [5.079266581920623, 52.025370858741155], [5.079252746451024, 52.02535509326894], [5.079034280896221, 52.02511539157699], [5.078804074235365, 52.02487991012931], [5.0785623582205766, 52.02464886518081], [5.0783240636836755, 52.02443545450251], [5.078075658392828, 52.024226483916195], [5.077817330580132, 52.024022133616036], [5.077549312110465, 52.02382259289832], [5.077530450711541, 52.02380899813033], [5.077511559998744, 52.023795430246736], [5.077492625464603, 52.02378188022118], [5.077473661616476, 52.02376835708001], [5.077454639501752, 52.02375483378243], [5.077435588073124, 52.02374133736917], [5.077416507516938, 52.02372784087622], [5.077397383139439, 52.0237143622411], [5.077378229634486, 52.023700883526274], [5.077359017863042, 52.02368740465498], [5.077339805978836, 52.02367394375656], [5.077320579474622, 52.02366049180469], [5.077301338350293, 52.02364704879928], [5.077282068160685, 52.02363359672604], [5.07726278335099, 52.02362015359934], [5.077243483983416, 52.02360671043109], [5.0772241700579785, 52.023593267221294], [5.077204856206236, 52.02357981502031], [5.0756587382913025, 52.02250339215432], [5.075648791794766, 52.02249647191204], [5.07563884536383, 52.02248954268095], [5.075628884366776, 52.022482613410375], [5.075618938004473, 52.02247567518962], [5.075608991645194, 52.022468736967916], [5.075599030719866, 52.022461798706814], [5.0755890844292875, 52.02245485149548], [5.0755791382042235, 52.022447895295265], [5.075569177350694, 52.022440948043645], [5.075559231194295, 52.02243398285376], [5.075549299610053, 52.022427017701524], [5.075539353522385, 52.022420043521855], [5.075529422069314, 52.02241306039193], [5.075519490619391, 52.02240607726115], [5.075509573866618, 52.022399076192066], [5.075499657116943, 52.02239207512218], [5.075489755001974, 52.02238506510196], [5.075479823939414, 52.02237802803977], [5.075469921955667, 52.02237100004186], [5.075460034606578, 52.02236396309365], [5.075450176461241, 52.0223569172337], [5.0754403038124245, 52.02234986234638], [5.075430460367413, 52.02234279854738], [5.075420616987968, 52.0223357257595], [5.075410788305754, 52.022328635033354], [5.0754009742582, 52.02232153535695], [5.075391174845359, 52.022314426730254], [5.075381390129704, 52.02230730016529], [5.075371634555259, 52.02230017367667], [5.075361879171504, 52.02229302022325], [5.075352138359934, 52.02228586680752], [5.075342426814568, 52.02227869549214], [5.07533272996645, 52.0222715062385], [5.075323047753043, 52.02226430803463], [5.075313394805839, 52.0222570919311], [5.075303756493348, 52.022249866877374], [5.0752941328780485, 52.02224262388538], [5.075284538529007, 52.02223536299376], [5.075274973383672, 52.02222809319049], [5.075265422935586, 52.02222080544904], [5.075255901753695, 52.02221349980796], [5.07524640983805, 52.02220617626722], [5.075236932557103, 52.02219884377634], [5.0752274846049525, 52.0221914843978], [5.075218065856429, 52.022184116107695], [5.075208676436757, 52.022176720929984], [5.075199316220702, 52.022169316840696], [5.07518998533349, 52.0221618858638], [5.075180698218864, 52.02215444601397], [5.075171425864047, 52.022146979237945], [5.075162182712937, 52.02213950355039], [5.075152983459522, 52.02213200101388], [5.075143813472319, 52.0221244805778], [5.075134687382908, 52.02211693329281], [5.075125590497122, 52.02210937709631], [5.0751165229400526, 52.02210179401224], [5.075107499218182, 52.0220941930673], [5.075098519331448, 52.02208657426141], [5.075089568773524, 52.02207892856808], [5.075080662050666, 52.02207126501379], [5.075071799225556, 52.02206357461068], [5.0750629656666035, 52.02205586630812], [5.075054190511739, 52.02204814018327], [5.075045444685551, 52.02204038717098], [5.0750367427570815, 52.02203260730988], [5.075028099232661, 52.02202480962648], [5.075019485036953, 52.022016985055735], [5.075010987208041, 52.02200918775729], [5.074955943427568, 52.02195708118545], [5.074947796527673, 52.02194910504916], [5.074939664637922, 52.02194106603493], [5.074931576520466, 52.021933018147934], [5.074923546806853, 52.02192495243889], [5.074915560928111, 52.02191686886917], [5.074907633453176, 52.021908767477406], [5.074899749750511, 52.021900657212996], [5.0748919098826075, 52.02189252908792], [5.074884128355882, 52.02188439212882], [5.074876390663939, 52.02187623730908], [5.0748687113757, 52.02186806466737], [5.074861061290698, 52.0218598831144], [5.07485346954668, 52.021851692727495], [5.074845921637422, 52.02184348447997], [5.074838402931361, 52.021835267321215], [5.0748309426289016, 52.021827032340525], [5.074823526098471, 52.021818788487295], [5.074816138708547, 52.0218105447108], [5.074808809784803, 52.021802274124454], [5.074801510001532, 52.02179400361487], [5.074794253990214, 52.02178572423279], [5.0747870271819755, 52.021777435939526], [5.074779844208301, 52.0217691297857], [5.074772704943932, 52.02176082374743], [5.074765594945193, 52.02175249980994], [5.074758528655725, 52.021744175987976], [5.07475149156926, 52.021735843254895], [5.074744483685787, 52.02172750161067], [5.0747375195741276, 52.02171915109395], [5.074730584602778, 52.021710800654176], [5.074723678834428, 52.02170244130318], [5.074716802268905, 52.02169407304115], [5.074709954906361, 52.021685695867966], [5.074703136684066, 52.02167731877171], [5.074696362233483, 52.02166893280298], [5.0746896024169645, 52.02166053788452], [5.0746828717406, 52.021652143043006], [5.074676155635618, 52.02164374823972], [5.0746694833023405, 52.02163534456408], [5.074662825602978, 52.02162693193861], [5.074656196981157, 52.02161852837814], [5.074649583055956, 52.02161010687994], [5.074642998208212, 52.02160169444667], [5.074636427994454, 52.02159327306372], [5.074629886920743, 52.02158485175766], [5.074623360481006, 52.021576421501955], [5.074616863181343, 52.02156799132319], [5.074610365884123, 52.02155956114403], [5.074603897726903, 52.02155113104187], [5.07459745858441, 52.0215427189927], [5.074591019569698, 52.02153428896713], [5.07458459518886, 52.021525849991875], [5.074578185379203, 52.021517411054944], [5.074571790078094, 52.02150898114429], [5.074565394842077, 52.02150054224534], [5.0745590287460365, 52.02149210342332], [5.074552662652391, 52.02148366460101], [5.074546311129897, 52.02147522581697], [5.0745399595471525, 52.02146679602059], [5.07453362259824, 52.02145835727459], [5.074527285588962, 52.02144992751617], [5.07452097771966, 52.02144149783479], [5.0745146552839335, 52.02143306811441], [5.07434168356903, 52.02120044410655], [5.0742461226787965, 52.02107150646208], [5.073397627131753, 52.019931300225146], [5.073392171414377, 52.01992398728554], [5.07338673032995, 52.01991666539649], [5.073381289184373, 52.01990935249518], [5.073375833472331, 52.01990203955482], [5.073370392330305, 52.01989472665298], [5.073364936621766, 52.019887413712034], [5.073359495420366, 52.01988010979776], [5.07335403965251, 52.01987280584435], [5.073348583823498, 52.01986551087866], [5.073343128059137, 52.019858206924766], [5.0733377732674585, 52.01985104705054], [5.073226283992768, 52.01974237039028], [5.073109652649697, 52.01963576516573], [5.072987995174007, 52.019531321552925], [5.072893139065575, 52.019454605977245], [5.072794511853734, 52.01937971384501], [5.072692214954406, 52.01930672631123], [5.072586335339264, 52.01923570651607], [5.072498337717725, 52.01918038283461], [5.072407282092391, 52.01912697438339], [5.072313270059704, 52.01907553535617], [5.072216417529799, 52.019026155937674], [5.072116855420827, 52.01897886343584], [5.072043891742414, 52.01894655342611], [5.071969286320847, 52.01891569506189], [5.071893111802286, 52.01888631549909], [5.071815455210495, 52.018858468896816], [5.071736403884373, 52.01883216447426], [5.071656030468117, 52.01880742938796], [5.0715744075417835, 52.0187842997824], [5.0714913869510045, 52.018763125796944], [5.07140732040554, 52.0187436117618], [5.071322280610192, 52.01872577584612], [5.071236340269294, 52.01870963621925], [5.071149615726841, 52.01869522015601], [5.071062179812959, 52.01868252785025], [5.0709741344298465, 52.018671568562155], [5.070850221012278, 52.01865873320303], [5.0707256477082465, 52.018648583406666], [5.070600589246643, 52.01864112862904], [5.070475176652242, 52.01863637820918], [5.0703495846532, 52.018634341604304], [5.070193716684689, 52.01863484792121], [5.070037944589232, 52.018638275449476], [5.069882414078499, 52.01864461559404], [5.06972725623295, 52.018653868709166], [5.069519735782687, 52.01866994622311], [5.0693130914956175, 52.01868981874992], [5.069107483567044, 52.01871348672701], [5.069103398631012, 52.018714311594366], [5.069090954120796, 52.018716830624165], [5.06907849504133, 52.01871934961332], [5.069066035960411, 52.01872186860115], [5.069053562246509, 52.01872439653632], [5.069041103099001, 52.01872692450952], [5.069028629382235, 52.01872945244206], [5.069016170168179, 52.018731989400564], [5.069003696448602, 52.018734517330465], [5.068991208095963, 52.01873705420762], [5.067393650263618, 52.019061559418375], [5.067365974139523, 52.019067182766506], [5.067338312576458, 52.01907280614768], [5.067310651006517, 52.01907842952232], [5.06728298942959, 52.01908405289047], [5.06725535691758, 52.01908968531928], [5.067227724398686, 52.01909531774159], [5.067200106376617, 52.019100959184996], [5.067172488219329, 52.01910661859793], [5.067144899191086, 52.01911227808351], [5.0671173100917075, 52.01911794655069], [5.067089735424977, 52.019123633026986], [5.067062189823091, 52.019129328564], [5.067034687854026, 52.01913503320139], [5.067007156613604, 52.01914075572918], [5.066979654309522, 52.01914650529377], [5.066952166438018, 52.019152272867544], [5.066924692999066, 52.01915805845049], [5.066897248560575, 52.01916386208232], [5.066869818490358, 52.01916969271141], [5.06684241735631, 52.01917555037729], [5.066815016086691, 52.01918142601288], [5.066787658256983, 52.01918733771302], [5.066771170497089, 52.01919091509108], [5.0659440375863225, 52.019406750953955], [5.065535328461501, 52.01952152897222], [5.065130917876762, 52.01964197988484], [5.06473213532011, 52.019769590426826], [5.064339982685886, 52.01990480382288], [5.0639548687187785, 52.02004748643839], [5.0635771292736305, 52.02019751343042], [5.063207158754523, 52.020354724167454], [5.062845293310108, 52.02051895786101], [5.062491869106622, 52.020690053725], [5.0621472514001695, 52.02086786004406], [5.061810820866369, 52.02105138648383], [5.061481462153635, 52.021239740199235], [5.060977955322167, 52.02154442115772], [5.060938307575348, 52.021571168017495], [5.060929830896824, 52.02157682506556], [5.06088911322313, 52.021604440798384], [5.060880841018877, 52.021610026504035], [5.060840238133838, 52.02163787623069], [5.060832082795028, 52.02164341731579], [5.06079558439561, 52.021681812551655], [5.060794967072455, 52.02168255685989], [5.060747344813375, 52.021715986737654], [5.060746450942844, 52.021716694326315], [5.060716996898979, 52.02173604512852], [5.06069746745382, 52.021748978911376], [5.060697115968244, 52.021749229606066], [5.060648933564525, 52.02178153436812], [5.060647732697335, 52.021782384915774], [5.060600414501032, 52.02181404490509], [5.060598393583843, 52.021815468421714], [5.060552313017802, 52.02184722170568], [5.060549837973236, 52.021848985512854], [5.060504353221778, 52.02188093817065], [5.060501731763895, 52.02188280044068], [5.060456539697753, 52.02191456513998], [5.060453757126212, 52.02191654380833], [5.06040886733524, 52.021948803677994], [5.060406245803885, 52.0219506749339], [5.060361664664128, 52.02198455351488], [5.06036033187925, 52.02198551155162], [5.06033295700077, 52.022007393706986], [5.060316145163369, 52.022021233787335], [5.060269527510023, 52.022054657271624], [5.060267857668513, 52.022055884017156], [5.060221704051707, 52.02208959639244], [5.0601766602958484, 52.022122943316056], [5.060173306427064, 52.02212534283594], [5.060127668025472, 52.02215831058584], [5.060082351780007, 52.02219104552009], [5.060078396833377, 52.022193955694085], [5.060033400115517, 52.02222681733156], [5.059989178901398, 52.0222592137209], [5.059983861872182, 52.02226309981923], [5.059939248403825, 52.022295333312684], [5.059895393970792, 52.02232736217047], [5.059889023360251, 52.022331874509206], [5.059844863824432, 52.022363776665635], [5.059801011817212, 52.022395454955856], [5.059794098390027, 52.02240047810684], [5.059750275055207, 52.022432210386874], [5.059706905466942, 52.0224636473023], [5.059699303659792, 52.02246916288354], [5.05965583221336, 52.02250057253232], [5.059613090671978, 52.022531777467144], [5.059604464340263, 52.02253792835337], [5.059561432199264, 52.0225690156147], [5.059518270650449, 52.02259985981926], [5.05950939490896, 52.022606243697304], [5.05946691619788, 52.02263734145203], [5.059426100874091, 52.022668093281794], [5.059415116434548, 52.02267593635752], [5.059373009117721, 52.02270603742379], [5.059330362882215, 52.022736110010115], [5.059319642626766, 52.022743684167004], [5.059277214331292, 52.02277382924623], [5.059234392742055, 52.02280395523854], [5.059223980511748, 52.02281124262264], [5.059180607194454, 52.02284109741342], [5.059136794111459, 52.02287131049048], [5.059127217689527, 52.02287786316333], [5.059083346652472, 52.02290802212994], [5.059038790407395, 52.02293823309999], [5.059029815112359, 52.02294426612538], [5.058984416148137, 52.02297415115203], [5.058937819745392, 52.02300440133913], [5.058930675520686, 52.023009082245096], [5.058883091429333, 52.02303890721295], [5.058834000581209, 52.02306955487316], [5.0588297558681745, 52.02307222151635], [5.0587814621748155, 52.02310342864456], [5.058731745496966, 52.02313396665875], [5.058727867111975, 52.023136346698145], [5.05867713433031, 52.02316636054081], [5.058625042053494, 52.02319698176511], [5.058623578796292, 52.02319784054815], [5.058571486907562, 52.02322839883251], [5.058520327253742, 52.0232589776719], [5.058518147062975, 52.02326024790917], [5.058467830249226, 52.023291116699724], [5.058419143553233, 52.023320219347795], [5.058412004564371, 52.02332417219416], [5.058361170893024, 52.023351992502704], [5.058308489617477, 52.02337943012608], [5.0583022442880266, 52.02338271134783], [5.05825017327147, 52.02341036636572], [5.058200042163584, 52.02343772118157], [5.058191227325908, 52.02344171427401], [5.0581649643910245, 52.02344880448388], [5.058131383964225, 52.023458354980484], [5.058125344430144, 52.02346138509885], [5.058073336506215, 52.023480420548864], [5.058061813569286, 52.02348614078259], [5.058016119325105, 52.023508456561814], [5.058004743190074, 52.02351402440114], [5.057958669291609, 52.02353644695504], [5.057947659490927, 52.023541728191184], [5.057900667462694, 52.02356417512017], [5.057890126842034, 52.02356905319463], [5.057842132502618, 52.02359108384131], [5.05783165120383, 52.02359581826558], [5.057783204559373, 52.02361792851696], [5.0577730603274125, 52.02362239423335], [5.057724024504041, 52.02364536567776], [5.057715298057071, 52.023649215170956], [5.057701112551789, 52.02365640198223], [5.057694282313299, 52.02364806880512], [5.057600287005745, 52.02368847730826], [5.0574552536111606, 52.02374670123607], [5.05741985527654, 52.023763670677894], [5.057403990074266, 52.02376943261744], [5.057388678886578, 52.023773164777275], [5.057388152863245, 52.0237733700324], [5.057370283495594, 52.02378023190118], [5.057352385181879, 52.02378706672167], [5.057334457988323, 52.0237938655058], [5.057316516484395, 52.02380062829441], [5.05729853146499, 52.02380736399387], [5.057280532069107, 52.02381407268575], [5.057262518296827, 52.02382075437004], [5.0572444756447394, 52.023827400017964], [5.057226404046809, 52.02383401861752], [5.057208318072563, 52.02384061020946], [5.05719020315241, 52.0238471747529], [5.057172073856043, 52.02385371228878], [5.057153915547631, 52.02386023176426], [5.057135757498691, 52.0238667152849], [5.05711755593448, 52.02387317171621], [5.057099354497416, 52.02387961016874], [5.057081138617954, 52.02388603060165], [5.0570628938589905, 52.023892414997995], [5.057044634657723, 52.0238987813747], [5.057026375583693, 52.023905129772594], [5.057008087564025, 52.023911451121904], [5.056989785102111, 52.02391775445158], [5.056971468197907, 52.02392403976153], [5.056953136917711, 52.02393029806378], [5.056934805764855, 52.023936538387154], [5.0569164601035395, 52.02394276967884], [5.0568980854967025, 52.023948973921904], [5.056879725586855, 52.02395516022704], [5.056861336665289, 52.0239613284715], [5.056842947804911, 52.02396748772513], [5.056824544502384, 52.02397362895902], [5.056806141327376, 52.02397975221403], [5.056787709140654, 52.023985857408405], [5.05676929158478, 52.02399195365276], [5.056750859586872, 52.02399803187732], [5.0567324568556185, 52.0240040922048], [5.056714010476941, 52.024010143418764], [5.056695564159557, 52.02401618564179], [5.0566771033339215, 52.02402221883305], [5.056658642569603, 52.02402824303342], [5.056640181866558, 52.024034258242864], [5.056621706655286, 52.0240402644205], [5.056603246141277, 52.02404625266019], [5.056584771052711, 52.02405224085601], [5.056566296025516, 52.024058220060965], [5.056547821059754, 52.02406419027502], [5.056529346155329, 52.02407015149821], [5.0565108712459885, 52.024076112718426], [5.056492396398059, 52.024082064947734], [5.056473921545221, 52.02408801717418], [5.056455446753804, 52.02409396040969], [5.05643697195749, 52.02409990364229], [5.056418511792254, 52.024105837924914], [5.056400037052486, 52.024111772163735], [5.056381576877477, 52.024117706440535], [5.054653324686495, 52.024673108522876], [5.054634849479419, 52.024679042483704], [5.054616388837285, 52.0246849764828], [5.054597913620434, 52.02469091043786], [5.054579423895618, 52.02469683536085], [5.054560919529375, 52.024702769227765], [5.054542400655161, 52.0247086940626], [5.054523881776056, 52.024714618894514], [5.054505333819093, 52.024720534653234], [5.054486771354227, 52.02472644137985], [5.0544681651082675, 52.024732356968045], [5.0544495736273785, 52.02473824563045], [5.05443095306875, 52.0247441252196], [5.054412318002127, 52.02474999577668], [5.054393668427568, 52.02475585730158], [5.0543749898419685, 52.02476170076519], [5.054356282245341, 52.0247675261675], [5.0543375602074985, 52.02477333354968], [5.054318809158654, 52.02477912287046], [5.054300043601922, 52.02478490315913], [5.054281249167785, 52.02479064741044], [5.05426242565587, 52.02479638258841], [5.0542435586299606, 52.02480209067576], [5.054224677229705, 52.02480777175495], [5.054205766885368, 52.02481342578472], [5.0541868275300805, 52.02481906175303], [5.054167844727664, 52.024824661642796], [5.054148847551057, 52.02483023452425], [5.054129850703689, 52.0248357624627], [5.053897429991787, 52.02490009847959], [5.0536614768485695, 52.02495933672394], [5.053422283274276, 52.025013406096676], [5.053180155777178, 52.025062244529956], [5.053159801733297, 52.02506607868493], [5.053139374970328, 52.025069894653704], [5.053118948471818, 52.02507367466702], [5.053098522237922, 52.02507741872479], [5.053078067128779, 52.025081126744354], [5.053057626787187, 52.02508480783777], [5.053037157570432, 52.025088452892945], [5.053016703121365, 52.025092071021945], [5.052996234367124, 52.0250956531541], [5.052975765743665, 52.02509921730666], [5.052955297318046, 52.02510275449172], [5.05293481452039, 52.02510626466787], [5.052914346490556, 52.025109747917824], [5.052893864021718, 52.02511321314689], [5.052873381683809, 52.02511666039644], [5.052852914113818, 52.02512008071974], [5.0528324320378495, 52.0251234920102], [5.0528119646628005, 52.02512688536245], [5.052791482848865, 52.02513026069376], [5.052771059512773, 52.02513360922305], [5.052750577893909, 52.02513695758326], [5.052730110908983, 52.0251402969933], [5.0527096586251465, 52.025143618465194], [5.052689191768306, 52.02514693989211], [5.052668739545504, 52.02515025236892], [5.052648302023789, 52.02515354690753], [5.0526278498620565, 52.0251568503892], [5.052607426904321, 52.02516014496211], [5.052587004010638, 52.02516343054349], [5.052566493560074, 52.025166733848906], [5.052545997676422, 52.02517003719213], [5.052525516292624, 52.02517334956118], [5.052505049542857, 52.02517665298013], [5.0524845972929375, 52.02517996542487], [5.052464144972876, 52.025183286854045], [5.052443721722527, 52.02518661735045], [5.052423356749055, 52.02518994800903], [5.052402962498298, 52.02519329655718], [5.052382597250197, 52.025196663160635], [5.052362246501833, 52.025200038789976], [5.052341910186043, 52.02520343243319], [5.052321588302863, 52.02520684409027], [5.052301295422159, 52.02521027380273], [5.052281016974075, 52.025213721529084], [5.052260767461262, 52.02521719629873], [5.052240532313741, 52.02522069807032], [5.05222032616871, 52.02522421789739], [5.0522001343216845, 52.02522777371428], [5.05217997140991, 52.02523135657461], [5.052159837433305, 52.02523496647831], [5.052139673977542, 52.02523862123566], [5.051930084860017, 52.0252789299997], [5.0517225643826675, 52.02532312717786], [5.051517302244468, 52.0253711683809], [5.051314488146933, 52.02542300922077], [5.051295041453204, 52.025428211844996], [5.051275652900448, 52.02543343260819], [5.051256278576284, 52.0254386983497], [5.051236918615575, 52.02544399109352], [5.051217543878087, 52.02544931075658], [5.051198183503879, 52.02545465742193], [5.051178822922895, 52.02546003104808], [5.051159447632471, 52.02546542260545], [5.051140086705285, 52.02547084116516], [5.051120681928434, 52.02547627757293], [5.051101306152132, 52.02548173203661], [5.051081930371174, 52.025487186497145], [5.0510625398806495, 52.02549265888882], [5.051043134747893, 52.02549814022372], [5.051023729542976, 52.0255036305434], [5.050098802861702, 52.025765068580256], [5.05008059481442, 52.02577021163217], [5.050062386695299, 52.02577536366924], [5.050044193209788, 52.025780506757194], [5.050025999652488, 52.02578565883033], [5.0500078060910045, 52.02579081090065], [5.0499896416656025, 52.02579596305157], [5.049971477236081, 52.025801115199684], [5.049953312734754, 52.025806276332986], [5.049935177301936, 52.02581144653494], [5.04991704186488, 52.02581661673403], [5.049898920926194, 52.02582179596008], [5.049880814553513, 52.02582697522504], [5.0498627226114925, 52.02583217250489], [5.049844688945957, 52.025837369948896], [5.049826626000584, 52.02584258528265], [5.049808577553494, 52.025847809643395], [5.049790543604737, 52.025853043031084], [5.049772538656786, 52.025858294475405], [5.049754533636891, 52.025863554904994], [5.049736557617836, 52.025868833391264], [5.049718596029341, 52.02587412989254], [5.04970066350929, 52.025879435462556], [5.049682745419835, 52.02588475904755], [5.049664841760904, 52.02589010064751], [5.049646967034945, 52.02589546929224], [5.049629121377446, 52.02590084700579], [5.049611290082729, 52.02590625172235], [5.049593473218524, 52.025911674453894], [5.0495756999251515, 52.025917115284045], [5.049557940994556, 52.02592258311724], [5.0495402110645395, 52.02592806900727], [5.04952251006743, 52.025933581942134], [5.0495048234330335, 52.02593912188006], [5.049487180301667, 52.02594468890459], [5.049469566103146, 52.02595028297401], [5.049451966334999, 52.025955895058544], [5.049434410002101, 52.02596154321776], [5.049416882601981, 52.02596721842186], [5.0493993987048045, 52.02597292071268], [5.049381870686075, 52.02597867680342], [5.049214987313769, 52.02603565046827], [5.049050907428022, 52.02609564298684], [5.048889748111831, 52.02615858280165], [5.048731669958143, 52.02622442544532], [5.048576804558058, 52.026293108391286], [5.0485610135407955, 52.02630035240401], [5.048545295234233, 52.02630761460007], [5.048529591289109, 52.026314903799864], [5.048513916275765, 52.02632222004532], [5.048498270194182, 52.02632956333646], [5.048482638474043, 52.0263369336314], [5.048467021115273, 52.02634433093003], [5.048451418117848, 52.02635175523247], [5.048435829549744, 52.02635919755071], [5.048420255343002, 52.026366666872754], [5.048404695565445, 52.02637415421064], [5.048389150217218, 52.02638165956429], [5.048373590157504, 52.02638918284994], [5.048358059097307, 52.02639672419333], [5.0483424841170335, 52.02640429237283], [5.048326967412866, 52.026411860718], [5.048311436065162, 52.02641943800717], [5.0482959046441875, 52.026427024282206], [5.048280373082066, 52.02643462853119], [5.048264841514674, 52.02644223277811], [5.0482492953036395, 52.02644984596898], [5.048233749019343, 52.02645746814583], [5.047972942401001, 52.02658530216666], [5.047956635571922, 52.026593290631816], [5.0479403286689895, 52.026601288082624], [5.047923992687384, 52.026609276459254], [5.047907642061516, 52.026617273779664], [5.0478912330120735, 52.0266252889058], [5.047874824160862, 52.026633277065685], [5.047858386162993, 52.02664126513928], [5.047841919086408, 52.02664924413864], [5.0478254229312025, 52.02665721406376], [5.047808883194922, 52.026665165884594], [5.047792299809547, 52.02667310858914], [5.04777568734548, 52.02668104221939], [5.047759016797979, 52.02668894871532], [5.047742361155459, 52.02669681031095], [5.047580018894932, 52.02677111497472], [5.04741450566956, 52.02684270482421], [5.04724592396513, 52.02691151722461], [5.047228254895533, 52.02691849498073], [5.047210527606536, 52.02692546357788], [5.0471927859460415, 52.02693240516634], [5.04717501541183, 52.026939310716116], [5.0471572596472285, 52.026946189341224], [5.047139489511221, 52.02695304095764], [5.047121719506242, 52.02695987459547], [5.047103935129904, 52.02696668122451], [5.047086165455094, 52.02697346991695], [5.047068425120678, 52.026980231726924], [5.0470506556397705, 52.02698699345003], [5.047032886221779, 52.02699374618252], [5.0470151314371785, 52.02700048996637], [5.046997391285985, 52.027007224801636], [5.045156524187277, 52.02770578447314], [5.045138593577525, 52.02771258139282], [5.045120662893673, 52.027719387297765], [5.045102717633623, 52.02772619315768], [5.045084772368126, 52.02773299901483], [5.0450668125950395, 52.02773979583896], [5.045048838177075, 52.027746601605955], [5.045030863822277, 52.02775339838217], [5.045012874959895, 52.027760186125356], [5.044994871521244, 52.02776697382345], [5.044976853575009, 52.02777375248846], [5.044958821052501, 52.02778053110834], [5.044940774022413, 52.027787300695124], [5.044922668703668, 52.027794070109756], [5.044904592658363, 52.02780082163037], [5.044886487534655, 52.02780756407544], [5.044868367972037, 52.027814288499464], [5.0448502338331425, 52.027821012878334], [5.04483207075318, 52.027827710205685], [5.044813893097004, 52.0278344074879], [5.044795686499726, 52.02784107771865], [5.044777465394967, 52.02784773891622], [5.04475921528046, 52.02785438205024], [5.044740936156319, 52.02786100712074], [5.044722642593295, 52.02786761417006], [5.044704320020604, 52.02787420315583], [5.044685968506955, 52.027880765090046], [5.044667587915023, 52.02788731794865], [5.0446491784508005, 52.02789383476769], [5.044630739908318, 52.02790034251108], [5.044612272493589, 52.02790681421493], [5.044593776069326, 52.02791326785512], [5.044575236202056, 52.02791968541328], [5.044556681896099, 52.02792608495019], [5.044538084078508, 52.027932457393064], [5.044519457388789, 52.027938793796224], [5.044500845608339, 52.02794508529891], [5.044294369384057, 52.02801209343363], [5.044084601139912, 52.02807507389967], [5.043871730753736, 52.02813397330387], [5.043655962815581, 52.02818872032074], [5.043437530854832, 52.02823927067504], [5.043423299917446, 52.02824239297799], [5.043409039836243, 52.028245515194115], [5.043394736247049, 52.02824861031703], [5.043380432793793, 52.02825168746216], [5.043366114905576, 52.02825474658707], [5.043351782582352, 52.02825778769178], [5.0433374212532165, 52.028260810733684], [5.043323060060081, 52.02826381579789], [5.043308669930084, 52.02826679381129], [5.043294265365148, 52.028269753804395], [5.04327986100524, 52.02827268683187], [5.043265413068514, 52.02827560175392], [5.043250965336913, 52.028278489710274], [5.0432365031704425, 52.02828135964629], [5.043222012067167, 52.02828420253156], [5.0432075065981, 52.028287018408506], [5.043192986763211, 52.02828980727714], [5.0431784379226405, 52.02829257808294], [5.043163889287225, 52.02829532192305], [5.043149311784115, 52.02829802972423], [5.043134719846319, 52.02830071950511], [5.043120099040886, 52.02830337324712], [5.0431054783718, 52.02830600901132], [5.043090828835071, 52.02830860873669], [5.043076164932704, 52.02831118145372], [5.043061472162861, 52.02831371813182], [5.043046765027484, 52.02831622780163], [5.043032043526493, 52.02831871046303], [5.043017307729104, 52.02832115712812], [5.043002542995212, 52.028323576742245], [5.042987764034016, 52.02832595137207], [5.042972970638282, 52.02832830798144], [5.042958148444309, 52.028330619563924], [5.04294331188494, 52.02833290413798], [5.042928461098356, 52.0283351437277], [5.04291358137549, 52.02833735626638], [5.04289877492033, 52.02833951508834], [5.042774018346066, 52.028356200903886], [5.042648407667453, 52.02837025055171], [5.04252210311765, 52.02838167348629], [5.042395236064714, 52.0283904431252], [5.042267966811769, 52.02839655993626], [5.042140426727751, 52.02839999733835], [5.042012775978047, 52.02840077377633], [5.041885160364481, 52.0283988806891], [5.041757711118054, 52.02839430947341], [5.041630602974882, 52.02838707861887], [5.041503952525212, 52.02837718846871], [5.0413779199334, 52.02836465747092], [5.041252650861547, 52.02834949504348], [5.041128290901825, 52.02833171959299], [5.041004985645626, 52.02831134952652], [5.040882866043182, 52.02828841219686], [5.040762063043655, 52.02826293495752], [5.0406427513081296, 52.02823494529076], [5.040525047212599, 52.02820447050833], [5.040409066992932, 52.028171555897984], [5.040294985306448, 52.0281362289438], [5.040182903815202, 52.028098534891704], [5.040072953321737, 52.028058519073745], [5.039965279197925, 52.0280162268653], [5.039859983101219, 52.02797170351329], [5.0397572104001895, 52.02792499439375], [5.039657047969307, 52.02787617167508], [5.039559641173509, 52.027825280733914], [5.039548352362965, 52.027819153424566], [5.039537049472821, 52.02781296315528], [5.039525775936591, 52.02780674600705], [5.039514560826078, 52.02780051105375], [5.039503375069532, 52.0277942492215], [5.039492233237616, 52.02778796055332], [5.039481135260754, 52.02778165403722], [5.039470081208522, 52.02777532068519], [5.03945905644047, 52.027768969442164], [5.039448075597156, 52.027762591363235], [5.0394371385390375, 52.027756204424406], [5.0394262309046445, 52.027749781618645], [5.039415381626131, 52.02774334999604], [5.039404547130849, 52.027736891451525], [5.039393756490496, 52.027730415059146], [5.039383009705063, 52.027723920818914], [5.0393722922038044, 52.027717408687764], [5.039361603916955, 52.02771088765376], [5.039350959554778, 52.02770433978392], [5.039340344476768, 52.02769777402324], [5.0393297731839475, 52.027691199402774], [5.039319231245002, 52.02768459790342], [5.039308718520502, 52.027677987501285], [5.039298235010332, 52.02767136819626], [5.039287780854093, 52.027664722012524], [5.039277355842456, 52.027658075913905], [5.039266974755523, 52.027651402979544], [5.0392566082424, 52.027644730087324], [5.039246285653922, 52.027638030359384], [5.039235977639297, 52.027631330673614], [5.0392256989088136, 52.02762461309701], [5.039215449392618, 52.027617886617705], [5.039205229160612, 52.02761114224762], [5.039195038142885, 52.02760438897477], [5.039191501031791, 52.02760204159567], [5.0391713150408455, 52.027597065412074], [5.039162080115147, 52.02759103401626], [5.039123134917676, 52.0275793601209], [5.039094451784239, 52.02756716826465], [5.039048892235503, 52.027536626573976], [5.03904209956139, 52.02753133043077], [5.039040707638339, 52.027522940340894], [5.03904307839762, 52.027500989216534], [5.039034875514504, 52.02749528443596], [5.039025049584252, 52.027488433357384], [5.039015194655282, 52.027481564215854], [5.039005368940548, 52.027474686171736], [5.038995543228829, 52.02746780812681], [5.03898574673128, 52.027460921179184], [5.038975950166957, 52.02745404321871], [5.038966153675484, 52.02744715626945], [5.038956386328379, 52.02744026940556], [5.038951806928897, 52.02743704708353], [5.038923902172341, 52.027429711105945], [5.038917148980379, 52.02742496335135], [5.038876154475644, 52.02739577433141], [5.038869328999397, 52.027390954454766], [5.038828318728681, 52.02736192715858], [5.038821551754952, 52.02735708048765], [5.038781052077531, 52.027327982779525], [5.038774038880647, 52.027322946625524], [5.0387337850787315, 52.02729409230927], [5.038726525379905, 52.02728890262391], [5.03868628537101, 52.02726015619017], [5.038678895456327, 52.02725484927013], [5.038638668681094, 52.027226282622635], [5.038631133770645, 52.0272208853886], [5.038635898867054, 52.027213340428304], [5.038512463976769, 52.02712589752421], [5.038499434783091, 52.02712438488716], [5.038489986661993, 52.02711768768094], [5.038452255635473, 52.027090494562046], [5.038442517586185, 52.02708360774156], [5.0384006604932425, 52.027056743938715], [5.0383925598370425, 52.02705103042726], [5.0383744806343795, 52.027028146893585], [5.038272797580149, 52.02695611997504], [5.038265960353811, 52.02695469756184], [5.038254488807188, 52.02694589110637], [5.038250901829275, 52.02694060441447], [5.037799063720658, 52.02662051682411], [5.0377856163823616, 52.026610985405824], [5.037772168979708, 52.02660146297393], [5.037758721512689, 52.026591949528424], [5.03774528862175, 52.02658243612469], [5.037731841166151, 52.026572922676124], [5.037718393576083, 52.02656342720198], [5.037704945991659, 52.0265539317263], [5.037691498342896, 52.02654444523702], [5.037678036129472, 52.026534958702996], [5.0376645737814965, 52.026525490143364], [5.037651111369107, 52.02651603057015], [5.0376376343219516, 52.02650657994013], [5.037624171640556, 52.026497156315735], [5.037610665253694, 52.02648773256005], [5.0375971588024, 52.026478317790804], [5.037583637716282, 52.02646891196466], [5.037570101925272, 52.026459524069715], [5.037556536859038, 52.026450154062665], [5.037542971728295, 52.02644079304197], [5.037529377322276, 52.02643144990917], [5.037515768281477, 52.026422115719555], [5.037502144465584, 52.02641280844891], [5.0374884914445905, 52.02640351007824], [5.037474823718624, 52.02639422963858], [5.037461126647237, 52.02638497607478], [5.037447414941005, 52.02637573145408], [5.037433659319098, 52.02636651366589], [5.037419888992144, 52.02635731380874], [5.037406089319807, 52.02634814082739], [5.037392260372174, 52.02633898573381], [5.037378402079095, 52.026329857516004], [5.0373645145107195, 52.02632074718593], [5.037350583026603, 52.026311663688276], [5.037336622267196, 52.02630259807835], [5.037322632092159, 52.02629356833214], [5.037308612641819, 52.026284556473634], [5.037294505705165, 52.02627555334164], [5.037124003924912, 52.02617061292695], [5.03710912336318, 52.02616179622488], [5.037094242526447, 52.026153015472794], [5.037079317774165, 52.026144261552815], [5.037064349246714, 52.026135516488985], [5.037049336803726, 52.02612679825717], [5.037034280585643, 52.026118088881496], [5.037019195092471, 52.02610939739319], [5.037004065753948, 52.02610072374892], [5.0369889072808585, 52.02609205001614], [5.036973719532646, 52.026083394170605], [5.036958488009394, 52.02607474718107], [5.036943241851579, 52.0260661091343], [5.036927966488944, 52.026057479986754], [5.036912632991804, 52.02604883268802], [5.036897328360014, 52.026040221425795], [5.036881980093684, 52.02603160104364], [5.036866631763057, 52.02602298964741], [5.0368512543681705, 52.0260143691745], [5.036835862338701, 52.02600575764427], [5.036820470385421, 52.025997137123994], [5.036805049297659, 52.02598851651501], [5.035920111923328, 52.02549348050607], [5.035892142843479, 52.02547783852691], [5.035864173853567, 52.025462187553124], [5.035836204953722, 52.025446527584656], [5.035808236214373, 52.025430849633615], [5.03578026756508, 52.02541516268797], [5.035752313716803, 52.02539944881512], [5.035724345600111, 52.025383698940274], [5.035696421213061, 52.025367949189175], [5.0356685116976605, 52.02535216352304], [5.035640631553369, 52.02533635097331], [5.0356128388487225, 52.025320538677946], [5.0353993165436135, 52.02519729318033], [5.03537016431438, 52.02518021841951], [5.035341055958324, 52.02516312580614], [5.035312006115901, 52.02514600639569], [5.035283029074687, 52.025128896183766], [5.035254052267352, 52.02511175900075], [5.035225104622009, 52.02509462189767], [5.035196186138571, 52.025077484874465], [5.035167282247185, 52.02506034788772], [5.03456338078143, 52.0247022134497], [5.0341442554834215, 52.02450630051622], [5.033714969315777, 52.024318948289725], [5.033275986755076, 52.02414036478409], [5.032827772392863, 52.023970740041925], [5.032370791008374, 52.02381023714653], [5.031905565349381, 52.02365905531414], [5.030951097010733, 52.02343197046055], [5.029727523310502, 52.0231408473404], [5.0297190307738635, 52.02313882618288], [5.0297105236687, 52.02313680498051], [5.029702002066758, 52.02313477474533], [5.029693480537225, 52.02313273552156], [5.0296849443675935, 52.02313070524088], [5.029676408342072, 52.02312865698369], [5.029667857748098, 52.02312660868162], [5.029659263662241, 52.02312453328231], [5.029650684074664, 52.023122466914565], [5.029642119128923, 52.02312039160245], [5.029633525117105, 52.023118307213274], [5.02962494581879, 52.02311620489177], [5.029616352023753, 52.0231140935374], [5.029607758229476, 52.02311198218242], [5.029599150081911, 52.02310984381867], [5.029590556576166, 52.02310769651054], [5.029581948573677, 52.02310554016955], [5.029573340715449, 52.023103365852], [5.029564733001496, 52.02310117355786], [5.029556110862597, 52.02309896324287], [5.029547503365498, 52.02309674398353], [5.029538896012702, 52.02309450674765], [5.029530274306658, 52.023092242502926], [5.029521667314218, 52.0230899603259], [5.029513060394388, 52.02308766916025], [5.0295044536906275, 52.02308535103001], [5.029495847203008, 52.02308300593524], [5.029487240859704, 52.023080642863896], [5.029478649229999, 52.02307826186021], [5.029470057816473, 52.02307585389201], [5.029461466619034, 52.023073418959235], [5.02945289020702, 52.023070957106135], [5.029444313939437, 52.023068477276496], [5.0294357524572515, 52.02306597052651], [5.029427191263061, 52.02306342782405], [5.029418644782555, 52.02306086718924], [5.02941011315923, 52.02305827064621], [5.0294015817521505, 52.02305564713862], [5.029393065130592, 52.023052996710746], [5.029384563366272, 52.02305031037463], [5.0293760763875035, 52.02304759711822], [5.029367604265999, 52.02304484795361], [5.029359146930077, 52.023042071868666], [5.029350704451456, 52.023039259875546], [5.02934227683015, 52.02303641197411], [5.02933386399447, 52.023033537152486], [5.029325480657163, 52.02303061747889], [5.029317228372231, 52.023027707191176], [5.029275405797958, 52.02301227319531], [5.029234405732895, 52.02299601477076], [5.02919430102445, 52.02297893213986], [5.029155105955789, 52.02296106129967], [5.0291168787328395, 52.02294241141625], [5.029079662920478, 52.02292300059947], [5.02904347287287, 52.022902855858476], [5.029008381364568, 52.022881986403746], [5.028974402605655, 52.0228604372204], [5.028941580303599, 52.022838208442494], [5.028909957950077, 52.022815327167784], [5.028879549754591, 52.022791838381416], [5.0288737591717325, 52.022787182854536], [5.028867954667725, 52.02278244639116], [5.028862194016023, 52.02277769208456], [5.028856491713994, 52.02277292896703], [5.028850833336219, 52.02276813901829], [5.028845233308096, 52.02276334025864], [5.028839691629548, 52.02275853268807], [5.028834179234199, 52.02275370722996], [5.028828739757626, 52.02274887300529], [5.028823329564178, 52.02274402089314], [5.028817977720371, 52.02273915997], [5.028812655087806, 52.02273429014738], [5.028807390804798, 52.02272941151386], [5.028802170302176, 52.02272452402519], [5.028796979082693, 52.022719618648956], [5.028791846140912, 52.02271471344986], [5.028786742410328, 52.022709799351276], [5.028781682460085, 52.022704876397476], [5.028776651721074, 52.02269994454419], [5.028771664690566, 52.02269501282366], [5.0287667214403635, 52.022690072248004], [5.028761807401366, 52.02268512277289], [5.028756922501687, 52.0226801733862], [5.028752066741317, 52.02267522408799], [5.028747254761216, 52.0226702659347], [5.028742471992285, 52.02266529888186], [5.028737718290753, 52.02266034090549], [5.028732979231236, 52.02265537398529], [5.028728283880119, 52.02265040719799], [5.028723603171006, 52.022645431466835], [5.028718951529254, 52.02264046481216], [5.02871432909868, 52.022635489258086], [5.028709735735387, 52.02263052278045], [5.028705142445002, 52.02262554731461], [5.028700592791016, 52.02262058096968], [5.0286960431380345, 52.022615614624556], [5.028691522624303, 52.02261064836797], [5.028687016680587, 52.022605682155536], [5.028682525306983, 52.02260071598731], [5.028678048431601, 52.02259575885119], [5.02867361512065, 52.02259081982394], [5.0286691673854085, 52.02258586277621], [5.028664734220213, 52.02258090577268], [5.028660300984096, 52.022575957756885], [5.028655882246113, 52.02257101877335], [5.028651478078208, 52.02256607983396], [5.028647073911275, 52.02256114089442], [5.02864268417056, 52.022556219975], [5.028318049710049, 52.02219210804996], [5.028312504888504, 52.02218588929766], [5.0283069455715985, 52.02217966151272], [5.028301400825159, 52.02217343377192], [5.028295856152231, 52.022167197042855], [5.028290297055814, 52.022160942293176], [5.028284752529919, 52.02215468758769], [5.028279208077545, 52.02214842389388], [5.028273634776737, 52.0221421241591], [5.028268090543396, 52.02213583350088], [5.028262560880524, 52.022129542886795], [5.028257046004098, 52.02212322535291], [5.028251531129227, 52.02211690781875], [5.028246030968772, 52.02211057235281], [5.028240530881853, 52.0221042278986], [5.028235060006331, 52.02209787454496], [5.028229603845273, 52.02209150325955], [5.028224162398633, 52.022085114042355], [5.028218735594476, 52.022078715881314], [5.028213338073628, 52.022072299832885], [5.02820795519525, 52.02206587484064], [5.028202601600223, 52.022059431961026], [5.028197262791593, 52.02205296216166], [5.0281919676912565, 52.02204649249525], [5.028186687377307, 52.02203999590912], [5.028181436346688, 52.02203348143558], [5.028176229096268, 52.02202695810712], [5.02817105120121, 52.02202040790328], [5.0281659025894, 52.02201383981215], [5.0281607831888895, 52.02200726282159], [5.028155722281457, 52.02200065904458], [5.028150676088377, 52.02199403733575], [5.028145688388408, 52.021987388840515], [5.028140744468503, 52.02198073149034], [5.028135829903902, 52.02197404726487], [5.028130973760251, 52.02196734524087], [5.028126176109593, 52.02196061643047], [5.028121407670142, 52.021953878720744], [5.028116740998222, 52.02194716828566], [5.028087290906015, 52.02190241613971], [5.028060351611307, 52.0218570604457], [5.028035980878674, 52.021811164298846], [5.028014178412994, 52.02176476365273], [5.027994987265132, 52.02171793953373], [5.027978421708172, 52.021670727939565], [5.027964510367419, 52.02162319187595], [5.027953267299355, 52.021575394304165], [5.027944706704041, 52.02152738020924], [5.027938828068738, 52.02147921250767], [5.027935645521292, 52.021430945172], [5.027935398003872, 52.021423654989576], [5.027935223906411, 52.02141629312553], [5.027935093515085, 52.02140893139485], [5.027935035895231, 52.021401578874304], [5.027935021981516, 52.02139422648714], [5.027935080911252, 52.021386874322125], [5.027935183474973, 52.02137953127847], [5.027935358810102, 52.02137219744499], [5.0279355779232455, 52.021364854756854], [5.027935855166977, 52.02135753022246], [5.027936190757389, 52.021350196877854], [5.027936584550318, 52.021342872699], [5.027937021977139, 52.021335557641414], [5.027937503109816, 52.0213282427172], [5.027938057013688, 52.021320937003125], [5.027938640054664, 52.02131363137793], [5.027939281298086, 52.021306334918535], [5.027939966247325, 52.02129903859242], [5.027940709398899, 52.02129175143207], [5.027941481615571, 52.021284473348516], [5.027942312106572, 52.02127719544277], [5.027943186231203, 52.02126992665832], [5.027944104061544, 52.021262658007174], [5.027945050956849, 52.02125539843291], [5.0279460560544065, 52.02124814802435], [5.027947090288878, 52.02124089770467], [5.027948182725609, 52.02123365655073], [5.027949289730603, 52.0212264154412], [5.027950454937706, 52.0212191834974], [5.027951649209724, 52.02121196063045], [5.0279528871872365, 52.021204737896745], [5.027954154229578, 52.021197524239966], [5.027955450336679, 52.02119031965999], [5.027956790077239, 52.021183124201336], [5.027958158954674, 52.021175928831525], [5.02795957153746, 52.02116873359499], [5.027960998544366, 52.02116155637883], [5.0279624690405385, 52.02115440625991], [5.027983769962124, 52.021063375861], [5.0280100202171765, 52.02097284591582], [5.028041160854286, 52.02088289713524], [5.028077176340606, 52.02079364631454], [5.028118022151226, 52.02070519218389], [5.028163653762494, 52.02061763347262], [5.028214012155672, 52.02053105987742], [5.028269038097452, 52.02044558805828], [5.02832868728447, 52.02036128977938], [5.028392885918339, 52.02027828165545], [5.028461545922208, 52.02019664430463], [5.028467485754773, 52.02018988529777], [5.028473484002624, 52.02018310849215], [5.028479525953594, 52.02017633181937], [5.028485596967356, 52.02016956422297], [5.02849169697202, 52.020162814690984], [5.028497826111436, 52.02015606524744], [5.0285039988100655, 52.02014933391264], [5.028510215139762, 52.02014261169859], [5.0285164460358525, 52.02013588952855], [5.02852273505938, 52.02012918551166], [5.028529053073756, 52.02012249955912], [5.02853540022281, 52.02011581369497], [5.028541790931001, 52.02010914593948], [5.0285482107737955, 52.02010247827247], [5.028554674175704, 52.02009582871412], [5.028561181136663, 52.02008919726447], [5.028567731728572, 52.020082574935486], [5.02857431138317, 52.02007596168291], [5.028580920100453, 52.02006935750662], [5.028587586945034, 52.02006277148337], [5.028594282780367, 52.02005620352443], [5.028601022246642, 52.020049644686175], [5.028607805343738, 52.02004309496855], [5.028614631999842, 52.0200365633596], [5.02862150228685, 52.0200300408713], [5.028628401564505, 52.02002353644726], [5.028635358969362, 52.02001705017621], [5.0286423454368085, 52.02001057298137], [5.0286493754632104, 52.020004113895176], [5.028656449048501, 52.0199976729176], [5.0286635808327835, 52.01999124110498], [5.028670741535878, 52.01998483634456], [5.028677945869725, 52.01997844070473], [5.028685208330628, 52.01997206321784], [5.0286924998541, 52.01996569480713], [5.0286998494327175, 52.01995935353735], [5.028707228002002, 52.01995303033172], [5.028714664770179, 52.019946716290995], [5.0287221450253226, 52.019940429346775], [5.02872966891108, 52.0199341515231], [5.028737236283843, 52.019927900795885], [5.028744861783566, 52.019921668221585], [5.0287525308420475, 52.01991545375567], [5.02876024345933, 52.01990925739832], [5.02876799963535, 52.019903079149394], [5.0287758138664715, 52.01989692804125], [5.0287836716563685, 52.019890795041526], [5.028791573004976, 52.0198846801503], [5.028799532408603, 52.01987859239984], [5.02880753537098, 52.01987252275773], [5.028815523188124, 52.01986652497459], [5.028871967530393, 52.01982571055485], [5.028930573016904, 52.019786080136946], [5.0289912811583335, 52.019747660504315], [5.029053989618219, 52.01971049628352], [5.02911866890148, 52.01967463232266], [5.029128135124488, 52.01966957378638], [5.029137717890454, 52.0196645156037], [5.029147329646938, 52.0196594754848], [5.029156970250302, 52.01965447140556], [5.029166654340567, 52.0196494944224], [5.029176352781416, 52.01964454444661], [5.029186094637393, 52.019639630554856], [5.029195850915762, 52.01963473468254], [5.029205636041121, 52.01962987484987], [5.029215450157046, 52.01962503308094], [5.029225293119979, 52.019620227351666], [5.029235150505344, 52.01961543964179], [5.029245036809572, 52.0196106789836], [5.02925495196079, 52.01960595436508], [5.02926488160629, 52.01960123877795], [5.029274840098804, 52.01959655923046], [5.029284813013844, 52.01959189770237], [5.029294800279656, 52.01958726318163], [5.029304816536041, 52.0195826467246], [5.029314832575084, 52.01957805723062], [5.029324877604774, 52.01957348580029], [5.029334951625167, 52.01956893243357], [5.029345025428197, 52.019564406029936], [5.029355113653815, 52.0195598976457], [5.029365216301982, 52.01955540728078], [5.029375347869077, 52.0195509439675], [5.029385479362408, 52.01954648964131], [5.029395625206561, 52.019542062322444], [5.029405770977027, 52.01953764399067], [5.029415945738143, 52.01953324372248], [5.029426120353786, 52.01952886142939], [5.0294363093920875, 52.01952449715568], [5.029446498284939, 52.019520150857005], [5.0294567016721405, 52.01951581358965], [5.029466919482023, 52.01951149434168], [5.029477137218211, 52.01950718408076], [5.029487354808928, 52.01950289179489], [5.029497586894128, 52.0194986085404], [5.029507818833876, 52.01949434326095], [5.029518050699955, 52.01949008696863], [5.029528297060482, 52.0194858397076], [5.029538543347298, 52.01948160143367], [5.029548789488806, 52.01947738113483], [5.029559035628381, 52.01947316083505], [5.0295692524146975, 52.01946896740988], [5.029579498335303, 52.01946477407223], [5.029589744253993, 52.019460580733764], [5.029600004667104, 52.01945639642654], [5.029610250438559, 52.01945222106221], [5.02962049620805, 52.01944804569696], [5.029630741903991, 52.019443879318835], [5.029640987526278, 52.019439721927796], [5.029651218578681, 52.019435564491566], [5.0296614641971695, 52.019431407098736], [5.029671680606001, 52.01942725860447], [5.0296819115092894, 52.01942311914156], [5.029690490915765, 52.019419639790684], [5.029699070320912, 52.0194161604392], [5.029707635156643, 52.01941268104281], [5.029716185351338, 52.01940921058958], [5.029724735544653, 52.01940574013573], [5.0297332712403495, 52.01940226064905], [5.0297418068629955, 52.019398790149744], [5.0297503279879665, 52.01939531061761], [5.029758834471868, 52.01939184002857], [5.029767341026179, 52.019388360451025], [5.0297757891635895, 52.01938489867186], [5.029784252011101, 52.01938141896038], [5.029792714928964, 52.01937793026029], [5.029801163277494, 52.019374441515374], [5.029809582488569, 52.01937095268147], [5.029818001770046, 52.019367454858966], [5.029826406553803, 52.019363948003665], [5.02983478220022, 52.019360441059334], [5.029843157845272, 52.019356934114384], [5.029851504496245, 52.019353409104454], [5.029859851145959, 52.01934988409396], [5.0298681687298865, 52.01934635000647], [5.02987645724814, 52.01934280684199], [5.029884745836674, 52.01933925468896], [5.029893005287887, 52.01933570244694], [5.029901235745015, 52.01933213213991], [5.029909466272421, 52.01932855284443], [5.029917667734148, 52.01932496447191], [5.029925840130149, 52.01932136702247], [5.029933998028421, 52.01931776054028], [5.029942126932656, 52.01931413599318], [5.029950226771162, 52.019310502369095], [5.029958312111938, 52.01930685971233], [5.029966383026666, 52.01930319903481], [5.0299744103076165, 52.01929952923622], [5.029982423090888, 52.01929585040487], [5.029990406880063, 52.01929215350865], [5.029998361675131, 52.01928843854756], [5.0300062874044755, 52.01928471450955], [5.030014184139715, 52.01928097240662], [5.030022051880901, 52.01927721223889], [5.030029890556307, 52.019273442994226], [5.0300377002376075, 52.01926965568475], [5.0300454809248505, 52.0192658503104], [5.03005270609303, 52.01926228593213], [5.030129428344929, 52.01921407220263], [5.030203583782811, 52.01916435860075], [5.030275113778236, 52.019113189894625], [5.030343915856605, 52.01906062869586], [5.0304099313917945, 52.01900671977249], [5.0304730870476275, 52.01895152582457], [5.030533338768007, 52.01889509166406], [5.030536987503834, 52.01889059063934], [5.03054137235652, 52.01888512111858], [5.030545742854765, 52.0188796245895], [5.030550069719828, 52.01887411893996], [5.030554367591142, 52.018868595226024], [5.0305586363970916, 52.01886306243573], [5.030562890705648, 52.01885752061318], [5.030567101524021, 52.01885195169417], [5.030571283205657, 52.018846382686725], [5.030575435893468, 52.01884079561499], [5.030579574155412, 52.01883519052297], [5.030583668784247, 52.01882957631048], [5.030587748915667, 52.01882395306572], [5.0305918145497275, 52.01881832078875], [5.0305958366222105, 52.01881267040334], [5.030599858765123, 52.01880701102976], [5.030603837274972, 52.01880134253576], [5.0306078013589834, 52.0187956560215], [5.0306117508741055, 52.01878996946296], [5.030615685963394, 52.01878426488425], [5.030619591987476, 52.018778551229204], [5.030623483514181, 52.01877282854193], [5.030627345975745, 52.01876709677834], [5.03063120850776, 52.01876135602659], [5.030635041974645, 52.0187556061985], [5.030638875511984, 52.018749847382345], [5.0306426799842034, 52.01874407948978], [5.030646484526936, 52.01873830260915], [5.0306502599329574, 52.01873252564018], [5.0306540354810405, 52.01872673069514], [5.030657796531774, 52.01872092671785], [5.030661557581585, 52.01871512274044], [5.0306652895662, 52.01870930968668], [5.030669036189183, 52.01870348768894], [5.030672768457799, 52.01869763868306], [5.030676500653955, 52.018691798665], [5.0306802037135485, 52.0186859585586], [5.030683921339967, 52.0186801184962], [5.030687624469055, 52.01867426940157], [5.030691327668709, 52.01866841131887], [5.030695030938822, 52.018662544248045], [5.03069871964018, 52.01865667713301], [5.030702422979886, 52.01865080107393], [5.030706111750787, 52.018644924970665], [5.030709815159973, 52.018639039923364], [5.03071351856824, 52.01863315487599], [5.031532936858761, 52.01732908993459], [5.031537495939861, 52.01732182326215], [5.03154206965819, 52.01731454764547], [5.031546643374979, 52.017307272028646], [5.0315512170902785, 52.01729999641161], [5.031555805371488, 52.01729272083839], [5.0315603937225095, 52.017285436277014], [5.031564982072037, 52.017278151715466], [5.031569584987405, 52.01727086719771], [5.031574187901274, 52.017263582679725], [5.031578805381028, 52.01725629820557], [5.031583422930581, 52.01724900474323], [5.031588054974651, 52.0172417203127], [5.031592687088512, 52.01723442689399], [5.031597348264261, 52.01722714255106], [5.031602009509788, 52.01721984921992], [5.03160667075385, 52.017212555888634], [5.031611361131019, 52.01720526264508], [5.031616080783867, 52.017197951513346], [5.031620785725334, 52.01719065831342], [5.03162551979988, 52.017183365201234], [5.031630253872936, 52.017176072088866], [5.031635017007763, 52.01716878805232], [5.031639794779679, 52.01716149507146], [5.031644587046047, 52.01715421112244], [5.03164939394949, 52.01714691822917], [5.0316542153473724, 52.017139634367716], [5.03165906587832, 52.017132350594], [5.031663930974974, 52.017125066864], [5.031668825133439, 52.01711779220978], [5.031673733928824, 52.017110508611346], [5.031678657218717, 52.01710323404472], [5.031683609570288, 52.017095968553754], [5.031688591126134, 52.01708869416255], [5.031693587176409, 52.01708142880311], [5.031698612359603, 52.01707416353136], [5.03170365203721, 52.017066907291444], [5.031708735415037, 52.017059651183125], [5.031713833358533, 52.01705239511861], [5.031718960363682, 52.01704514812978], [5.031724116501686, 52.01703790122872], [5.031729287134114, 52.01703066335929], [5.031734501466634, 52.0170234256216], [5.031739744860756, 52.0170161969596], [5.0317450173877925, 52.01700896838532], [5.0317503189763535, 52.01700174888666], [5.031755649626485, 52.016994538463756], [5.03176102397668, 52.01698732817244], [5.031766412821173, 52.0169801269129], [5.031771845294434, 52.01697293477295], [5.031777321467771, 52.01696574276462], [5.03178281213532, 52.016958559788044], [5.03178836099888, 52.016951385975005], [5.031793924356632, 52.01694422119366], [5.031799531343132, 52.01693706553195], [5.0318051820295695, 52.01692991000183], [5.03181086177744, 52.01692276354733], [5.031816585082758, 52.01691563520045], [5.031822352087906, 52.01690850698512], [5.031828148154505, 52.01690138784545], [5.031834002416968, 52.01689427786931], [5.031839871173478, 52.01688717692476], [5.0318457980546265, 52.016880094131785], [5.031851768635569, 52.01687301147036], [5.031857782773855, 52.0168659469165], [5.0318638259733985, 52.01685889143819], [5.031869927368753, 52.01685184512335], [5.031876072392535, 52.01684480792804], [5.031882260973599, 52.016837788840306], [5.031888493183111, 52.01683077887202], [5.031894769021112, 52.016823778023266], [5.031901088416296, 52.01681679528197], [5.031907466007121, 52.01680982170418], [5.03191388722633, 52.0168028572458], [5.031920351931496, 52.01679591988292], [5.03192687490348, 52.01678898269547], [5.031933441361281, 52.01678207260345], [5.031940051447513, 52.01677517163088], [5.031946719729225, 52.016768279821704], [5.031953446135161, 52.016761406163894], [5.031960216027026, 52.0167545596015], [5.031967044185536, 52.01674771321448], [5.031973915829836, 52.016740893922844], [5.031980801469497, 52.01673414657864], [5.032033623768503, 52.01668444835737], [5.032089204596061, 52.01663590892085], [5.032147470684688, 52.01658858197337], [5.032208334129708, 52.01654253016353], [5.032271736375183, 52.01649778926356], [5.032337604014504, 52.016454430953814], [5.0324058493595905, 52.016412490918775], [5.032476413644149, 52.01637203189474], [5.032549179976916, 52.0163330984665], [5.0326240897360295, 52.01629573539451], [5.03270102603232, 52.01625998726379], [5.032779930245987, 52.016225898834946], [5.032861153197207, 52.01619331836027], [5.032944110504616, 52.01616245979377], [5.033028743551084, 52.01613336789657], [5.033114935523583, 52.01610607826646], [5.03320258417698, 52.016080626545595], [5.033291587479873, 52.01605702141221], [5.033381857613796, 52.01603531652855], [5.033473263414799, 52.01601552048594], [5.03356571727878, 52.015997659983256], [5.033659102468208, 52.015981761632084], [5.0337533168841455, 52.01596784310021], [5.0338482439319705, 52.0159559130239], [5.033943766946584, 52.01594598902785], [5.03403979846814, 52.015938079836545], [5.034136833714053, 52.01593219592166], [5.03423412907619, 52.01592842493384], [5.034331597237436, 52.01592675762243], [5.034429092330031, 52.01592722051475], [5.03452649804462, 52.01592978629761], [5.034623712284975, 52.01593447264204], [5.034720589536895, 52.01594126113639], [5.034817013278416, 52.015950151432826], [5.034829763739624, 52.01595148388888], [5.034842586612442, 52.015952870489464], [5.034855409274079, 52.01595428405265], [5.034868202520147, 52.01595573347917], [5.03488098084695, 52.01595722780066], [5.034893758962653, 52.01595874908477], [5.0349065076628206, 52.015960306232266], [5.034919241585077, 52.01596189029874], [5.0349319606588185, 52.0159635102723], [5.034944664884017, 52.0159651661528], [5.034957354260758, 52.015966857940334], [5.034970028930252, 52.01596856765891], [5.03498268868072, 52.015970322272494], [5.034995333723982, 52.01597209481712], [5.035007963918887, 52.015973903268815], [5.0350205647690975, 52.015975738595934], [5.035033165337919, 52.01597760987372], [5.0350457365620365, 52.01597950802697], [5.035058307646077, 52.015981424154866], [5.035070849314961, 52.01598337614624], [5.035083376206118, 52.015985355056735], [5.035095888390278, 52.015987351898275], [5.035108385726269, 52.01598938464688], [5.03512086835524, 52.01599143532662], [5.035133336136091, 52.01599352191346], [5.035145789209958, 52.015995626431305], [5.03515822757691, 52.015997748880366], [5.035170651166382, 52.015999898248474], [5.035183045411359, 52.01600207449218], [5.035195439445877, 52.01600427769858], [5.035207818844058, 52.016006489848046], [5.0352201688272835, 52.016008737861114], [5.0352325187411795, 52.016010994860906], [5.035244839310717, 52.01601327873625], [5.035257159740448, 52.01601558058633], [5.035269450825794, 52.016017909311984], [5.035281741841868, 52.0160202470244], [5.035294003513695, 52.01602261161237], [5.035306265116214, 52.016024985187094], [5.035318497374464, 52.01602738563742], [5.035330729492988, 52.01602980406245], [5.035342946975299, 52.01603223143075], [5.035355149750916, 52.01603467673018], [5.035367323182264, 52.016037148905255], [5.035379496544478, 52.016039630067034], [5.035391655270509, 52.016042120172095], [5.035403813856833, 52.016044628251834], [5.035415943169578, 52.01604715421931], [5.035428057775645, 52.01604969811797], [5.035440172312506, 52.01605225100335], [5.035452272213341, 52.01605481283197], [5.0354643574075215, 52.01605739259184], [5.0354764279655795, 52.0160599812949], [5.0354884838875735, 52.01606257894124], [5.0355005396699415, 52.01606519456233], [5.03551256624926, 52.01606781908314], [5.035524592759479, 52.01607045259075], [5.035536619200663, 52.01607309508509], [5.035548616438756, 52.01607574647919], [5.035560613537269, 52.01607841584808], [5.035572596070263, 52.01608108517221], [5.035584578534136, 52.016083763483124], [5.035596546362048, 52.01608645073735], [5.0356084995539, 52.01608914693478], [5.035620452747138, 52.01609184313102], [5.035632347603445, 52.0160945481401], [5.03564427152468, 52.01609726222295], [5.035656210014373, 52.01609997634806], [5.035668119230529, 52.01610270836098], [5.035680028518671, 52.01610543138468], [5.035691923100298, 52.01610817233967], [5.035703817753854, 52.01611090430552], [5.0357156977009065, 52.016113654202655], [5.035727577719943, 52.01611639511058], [5.035739457669911, 52.016119145005305], [5.035751323054378, 52.016121894855345], [5.0357631738733355, 52.01612464466068], [5.035775024693748, 52.01612739446487], [5.035786875445109, 52.01613015325584], [5.035798711631014, 52.01613291200215], [5.035810547888779, 52.0161356617593], [5.035822384077548, 52.01613842050323], [5.03583420577125, 52.01614117021453], [5.037722491758995, 52.01658096439879], [5.0377327868688955, 52.0165833588484], [5.037743081909779, 52.016585762285054], [5.0377533624547635, 52.01658815668959], [5.037763643070856, 52.01659054210533], [5.037773909190979, 52.01659291848885], [5.037784175312194, 52.01659529487149], [5.037794426937429, 52.01659766222204], [5.037804635002371, 52.01660001146609], [5.037814872202688, 52.01660236079565], [5.037825094906947, 52.0166047010931], [5.037835317682378, 52.01660703240167], [5.037845540598907, 52.016609345733364], [5.037855748949417, 52.016611659020974], [5.037865972078175, 52.016613945386965], [5.037876180710888, 52.01661622272083], [5.0378863748475435, 52.01661849102262], [5.037896583762463, 52.01662073240278], [5.0379067781813065, 52.01662296475086], [5.0379169727411695, 52.01662517912199], [5.037927167442153, 52.01662737551634], [5.037937362284184, 52.01662955393386], [5.037947557267202, 52.01663171437444], [5.03795775246132, 52.01663384785017], [5.037967947796452, 52.016635963349025], [5.037978143272524, 52.01663806087103], [5.037988338959654, 52.016640131428176], [5.037998534857765, 52.01664217502048], [5.038008730896773, 52.01664420063592], [5.038018927146787, 52.01664619928652], [5.03802912360773, 52.016648170972246], [5.038039320279535, 52.016650115693096], [5.038049531729429, 52.01665203349229], [5.038059743390201, 52.01665392432664], [5.038069940764687, 52.01665577916489], [5.03808015291715, 52.01665760708159], [5.038090379847631, 52.016659408076535], [5.0381005924917055, 52.016661173075434], [5.038110819913703, 52.016662911152736], [5.038121033119345, 52.01666460424592], [5.038131261102813, 52.01666627041745], [5.038141605764403, 52.016667918957594], [5.038203927059714, 52.016677082885835], [5.038266695330122, 52.01668497178132], [5.038329852231836, 52.016691594458656], [5.038393325063595, 52.016696932725495], [5.03845705555137, 52.01670098640873], [5.0385209563565425, 52.0167037462612], [5.038584969134965, 52.01670522109807], [5.038649035752165, 52.01670539277071], [5.0387130686597414, 52.01670427899641], [5.038777009723159, 52.016701861626764], [5.038840785961265, 52.01669815842242], [5.038851411443656, 52.01669741687007], [5.038861906030637, 52.01669664796499], [5.038872415463714, 52.01669584315007], [5.038882925175809, 52.01669500238228], [5.038893449664169, 52.01669413469269], [5.038903974361673, 52.01669324003813], [5.038914499407849, 52.01669230044266], [5.038925024593241, 52.016691342870274], [5.038935564624694, 52.01669034938811], [5.038946104865093, 52.01668932894096], [5.038956645314534, 52.01668828152893], [5.038967185972936, 52.016687207151996], [5.038977741407441, 52.016686105853196], [5.038988297050871, 52.01668497758945], [5.038998852833394, 52.01668383134877], [5.039009408824812, 52.016682658143196], [5.039019979592313, 52.01668145801577], [5.039030550498854, 52.016680239911416], [5.03904112154438, 52.01667900383012], [5.039051707365936, 52.01667774082695], [5.039062293256694, 52.01667646883485], [5.039072893923451, 52.01667516992094], [5.03908349472913, 52.01667385303], [5.039094095604039, 52.01667252715017], [5.039104696687639, 52.01667117430534], [5.039115312407591, 52.016669812514685], [5.039125942833678, 52.016668432790155], [5.039136573328844, 52.01666704407666], [5.039147203962973, 52.01666563738622], [5.039157849233305, 52.01666422174984], [5.039168494572802, 52.016662797124525], [5.039179154548601, 52.01666136355333], [5.039189829160584, 52.01665992103623], [5.0392005330458245, 52.01665846062828], [5.039211207796026, 52.016657000133236], [5.039221897182444, 52.0166555306923], [5.039232601135362, 52.016654061293416], [5.0392433051573455, 52.01665258290554], [5.039254009248328, 52.01665109552874], [5.039264742472997, 52.01664960823701], [5.039275475696957, 52.01664812094433], [5.040480450913075, 52.016481096971035], [5.040720476546446, 52.016447450557045], [5.040944533706935, 52.016415976786], [5.041555550013498, 52.01633091889363], [5.041567683117706, 52.01632922877256], [5.041579801653853, 52.01632753860751], [5.041591920189141, 52.0163258484412], [5.041604038723519, 52.016324158273676], [5.041616142689945, 52.01632246806216], [5.041628246655409, 52.01632077784933], [5.041640350620016, 52.01631908763528], [5.041652440085898, 52.01631738838928], [5.041664529550867, 52.016315689142], [5.041676619014922, 52.016313989893526], [5.041688693980245, 52.01631228161298], [5.041700754377669, 52.01631057328855], [5.041712814843389, 52.016308855974835], [5.041724875308186, 52.016307138659904], [5.041736921274239, 52.01630541231297], [5.041748967239417, 52.01630368596485], [5.041760998705843, 52.016301950584754], [5.041772971972409, 52.016300206044484], [5.041784988939143, 52.01629846163122], [5.041797006043497, 52.01629669924076], [5.041809008579823, 52.01629493680628], [5.041820996617425, 52.0162931653399], [5.0418329701562925, 52.016291384841566], [5.04184495839967, 52.016289586408746], [5.041856917508029, 52.01628778788924], [5.041868876684668, 52.01628598038054], [5.041880821431785, 52.016284154851924], [5.0418927661778765, 52.016282329322074], [5.041904696494426, 52.01628048577233], [5.041916612381427, 52.01627862420269], [5.041928528267386, 52.01627676263181], [5.04194041515675, 52.01627488299828], [5.04195230211434, 52.01627299437564], [5.041964189209309, 52.01627108777572], [5.041965399797021, 52.01627089358455], [5.0421240202659945, 52.01623163068138], [5.042280465386323, 52.01618917038282], [5.042434559980939, 52.016143557125766], [5.042525655007047, 52.016114423402364], [5.042615334716297, 52.01608367657965], [5.042703540626785, 52.01605134345439], [5.042790185192454, 52.01601744175018], [5.042875195365881, 52.01598199822154], [5.042944817199081, 52.015951021720625], [5.04301280329225, 52.01591868317982], [5.043079065965248, 52.01588501829825], [5.043143561308403, 52.01585005391532], [5.043206201504964, 52.0158138437065], [5.043266928079811, 52.015776414468505], [5.043325392599777, 52.01573761238741], [5.04338163766301, 52.015697581402165], [5.043435590091991, 52.01565636624324], [5.043487176641071, 52.01561402062917], [5.0435363533370525, 52.015570580387475], [5.043583032231344, 52.01552611717009], [5.043627052817872, 52.01548066646448], [5.043668531085056, 52.01543430051759], [5.043707408220311, 52.01538709106602], [5.043743640116227, 52.01533909191287], [5.043777197232752, 52.015290356903634], [5.0438080355327095, 52.01524093085317], [5.043836314224653, 52.01519094905066], [5.043861989478447, 52.015140429346665], [5.043885017120075, 52.01508943453134], [5.043905411380447, 52.015038009588835], [5.04392311358857, 52.01498620827855], [5.043938137975827, 52.01493407558417], [5.0439524126829784, 52.01487140653348], [5.0439637466222464, 52.014808504203764], [5.043972124757575, 52.01474543146937], [5.043977546757299, 52.014682233271], [5.0439800122210805, 52.014618963536954], [5.043979595762728, 52.01451353074876], [5.043973745333899, 52.01440817200221], [5.043962431220715, 52.01430296810361], [5.043960466540936, 52.01429702117701], [5.043957732272498, 52.01428885192179], [5.043954954305811, 52.01428068253914], [5.043952176408948, 52.01427250416848], [5.043949354813922, 52.0142643256703], [5.0439465040870735, 52.01425614708713], [5.043943638863764, 52.01424795947345], [5.04394075907508, 52.01423977181722], [5.043937850223483, 52.014231575088004], [5.043934926806531, 52.01422337831617], [5.043931974464386, 52.014215154495346], [5.04392902198563, 52.014206948650475], [5.043926054941601, 52.014198742763085], [5.04392308796753, 52.01419052788756], [5.043920091930561, 52.01418230393909], [5.043917110461086, 52.01417408003291], [5.043914099928733, 52.01416584705375], [5.043911104032753, 52.01415760512902], [5.042952955794593, 52.011529489016375], [5.042901703866702, 52.01138844008642], [5.042807194379384, 52.011127613645556], [5.0428049832772714, 52.0111215491289], [5.042802786741159, 52.011115484654766], [5.0428005901366015, 52.01110942916858], [5.0427983935325775, 52.01110337368234], [5.0427961969292046, 52.01109731819609], [5.04279400025738, 52.01109127169775], [5.0427917890207565, 52.0110852251568], [5.042789592281076, 52.01107918764637], [5.042787380976597, 52.01107315009333], [5.042785155107379, 52.011067112497614], [5.042782943735103, 52.01106108393248], [5.042780717728996, 52.01105506431267], [5.042780260958392, 52.011053849569045], [5.042736224666744, 52.01098804394299], [5.0426889775754065, 52.010923082784736], [5.042638562838862, 52.01085903812225], [5.042585052879568, 52.010795964092694], [5.042528461857749, 52.010733914662524], [5.042478528108279, 52.01068314691526], [5.042425804014834, 52.010633476525015], [5.042370318298556, 52.010584957501365], [5.04231214330617, 52.01053765296985], [5.042251351452317, 52.01049161706781], [5.042188029716011, 52.01044690397531], [5.042121826183922, 52.01040381825585], [5.042053252158729, 52.01036216366298], [5.041982380050894, 52.01032199433402], [5.041909311469133, 52.01028335550393], [5.041834118821766, 52.010246301310175], [5.041756903715403, 52.01021087698788], [5.041662148385442, 52.01017025090009], [5.041565471487434, 52.01013139875959], [5.041466945562887, 52.010094356727436], [5.041366672351734, 52.01005915206257], [5.041264724393526, 52.010025820926394], [5.041255969845249, 52.010024033516856], [5.041246459095815, 52.010022091085276], [5.041236948277858, 52.01002015764092], [5.0412274228956795, 52.01001822415299], [5.041217897514326, 52.010016290664346], [5.041208357568805, 52.01001435713213], [5.041198817554754, 52.01001243258712], [5.0411892630458395, 52.01001049901052], [5.041179708468446, 52.010008574421136], [5.041170153891821, 52.010006649831055], [5.041160599385439, 52.010004716252126], [5.041151030245473, 52.010002791617644], [5.041019491465928, 52.009976276240515], [5.038382567875714, 52.00944472409081], [5.038475050751517, 52.009269440353485], [5.039931946970935, 52.00956375978237], [5.040022218047241, 52.009583089975884], [5.040111308913612, 52.00960436706175], [5.040199146825162, 52.00962758184015], [5.040285586420465, 52.00965269793279], [5.040417455935442, 52.00969276932448], [5.040480207717767, 52.00971099345634], [5.040543975231833, 52.009727836361215], [5.040608656726808, 52.0097432707733], [5.040674194076745, 52.00975727854362], [5.041239524765795, 52.009871230632974], [5.04124910837715, 52.00987316429107], [5.041258691989279, 52.009875097948395], [5.041268275602289, 52.00987703160495], [5.041277873781073, 52.0098789653035], [5.041287471891348, 52.009880907989306], [5.041297070071793, 52.009882841686284], [5.041306668114399, 52.0098847933585], [5.0413162807921195, 52.00988673608473], [5.041325893401347, 52.00988868779818], [5.0413355059421345, 52.009890648498825], [5.041345118483713, 52.00989260919866], [5.041354745591137, 52.00989456994051], [5.04136435806513, 52.00989653962685], [5.0413739850355475, 52.00989851834313], [5.041383611937548, 52.00990050604665], [5.0413932388404055, 52.009902493749365], [5.041402836614156, 52.00990448136575], [5.0414124633800945, 52.009906487042905], [5.041422090146896, 52.00990849271928], [5.041431731340892, 52.009910516413655], [5.041441357970809, 52.00991254006445], [5.041450984532287, 52.00991457270241], [5.04146062552099, 52.00991662335845], [5.041470251945616, 52.00991867397093], [5.041479892797485, 52.009920742601295], [5.0414895190852835, 52.00992281118823], [5.041499159800392, 52.009924897793034], [5.041508785882092, 52.00992699334235], [5.041518426460364, 52.00992909792164], [5.041528052335994, 52.0099312204334], [5.041537678143249, 52.00993335193234], [5.041547303882081, 52.00993549241847], [5.041556929483317, 52.009937650879905], [5.041566555016197, 52.0099398183285], [5.041576165846485, 52.009942003709575], [5.041585791173395, 52.00994419812059], [5.041595401797673, 52.00994641046412], [5.041605012353627, 52.00994863179482], [5.041614622772039, 52.0099508711008], [5.041624218487851, 52.00995312833922], [5.0416338286310545, 52.00995540359559], [5.041643424141001, 52.009957687796465], [5.041653004879157, 52.00995999891781], [5.041662585548984, 52.009962319026364], [5.041672166081334, 52.00996465711017], [5.041681746476109, 52.0099670131692], [5.0416913121684015, 52.009969387160716], [5.041700877792452, 52.00997177013943], [5.041710428575526, 52.00997418902666], [5.041719979290328, 52.00997661690112], [5.04172951530274, 52.00997906270807], [5.041739051108395, 52.00998153547832], [5.04174857228082, 52.00998401719294], [5.041758078681644, 52.009986525828154], [5.041767584875745, 52.00998906142655], [5.041777091001685, 52.00999160601224], [5.0417865823560035, 52.00999417751844], [5.0417960443736805, 52.009996775902444], [5.041805520818968, 52.00999939230437], [5.041814982561911, 52.0100020266388], [5.041824414899012, 52.010004696839076], [5.041833861732996, 52.010007376069325], [5.041843279230453, 52.0100100821774], [5.041852681956327, 52.010012815205975], [5.041862084475674, 52.010015575197784], [5.0418714722926925, 52.01001835312217], [5.04188083077323, 52.01002115792439], [5.041890189047288, 52.010023989689856], [5.041899532549827, 52.01002684837587], [5.041908861280923, 52.010029733982456], [5.041918160744697, 52.01003263747889], [5.041927459932883, 52.01003557692656], [5.041936744418876, 52.01003853430683], [5.0419459994991636, 52.010041527552964], [5.04195523980807, 52.01004454771964], [5.0419644654148135, 52.01004758581893], [5.041973676180947, 52.010050659826774], [5.041982857610686, 52.010053760712545], [5.041992024269101, 52.01005688851888], [5.042001176086949, 52.01006005223379], [5.042010298568442, 52.010063242826604], [5.0420194062786505, 52.01006646034006], [5.042028484652526, 52.01006970473134], [5.042037533620889, 52.01007298498862], [5.042046582383014, 52.01007629220915], [5.042055587174649, 52.010079635252985], [5.042064577195011, 52.0100830052174], [5.042073537879154, 52.010086402059756], [5.042082483722863, 52.01008983481076], [5.0420914001611505, 52.010093303427766], [5.0421002726981285, 52.010096798879985], [5.042109130394775, 52.01010033024083], [5.042117958755263, 52.0101038884797], [5.042126656031705, 52.01010744633369], [5.042179152058715, 52.01012984597954], [5.0422303432041025, 52.01015336530449], [5.042280156851743, 52.01017797713286], [5.042328564080292, 52.01020365441714], [5.04237547777669, 52.01023036095098], [5.042420840026723, 52.01025805162567], [5.042464621769387, 52.010286717369624], [5.042506736028333, 52.01031630400077], [5.042547153879961, 52.01034678447158], [5.0425858319731365, 52.01037811371593], [5.042622697687973, 52.01041026455835], [5.042657722237598, 52.01044319197537], [5.042690847704347, 52.01047685085806], [5.042722059796608, 52.01051120521341], [5.0427269684538185, 52.010516882143094], [5.0427318910560235, 52.01052264000724], [5.042736755260653, 52.01052841567677], [5.0427415611366895, 52.01053420016365], [5.04274630861517, 52.010540002455876], [5.042751012330288, 52.01054581360811], [5.042755643082546, 52.01055164252314], [5.04276024463663, 52.01055748034075], [5.042764787793038, 52.01056333596371], [5.042769272620744, 52.01056920040415], [5.042773699119836, 52.01057507366193], [5.042778096420643, 52.01058095582237], [5.042782420758532, 52.01058685574564], [5.042786715967146, 52.01059275558348], [5.042790952777983, 52.01059867322682], [5.0427951312600605, 52.010604599687554], [5.0427992805438375, 52.01061053505094], [5.0428033714987714, 52.01061647923175], [5.042807418690133, 52.010622432272676], [5.042811407552719, 52.01062839413103], [5.042815352651649, 52.01063436484941], [5.0428192685521545, 52.01064034447049], [5.042823126123776, 52.01064633290904], [5.042826940000783, 52.010652321219645], [5.042830724610288, 52.01065832742094], [5.0428344509598935, 52.01066433345174], [5.042838133545748, 52.01067034834258], [5.042841787002179, 52.010676363148136], [5.042845382129622, 52.01068238677123], [5.04284894805853, 52.01068841929694], [5.042852470223679, 52.010694460682785], [5.042855948694029, 52.010700501940754], [5.042859397965859, 52.010706552101425], [5.042862803542859, 52.01071260213419], [5.04286617992126, 52.01071866106966], [5.042869497970555, 52.01072472882266], [5.042872801524546, 52.01073078754502], [5.042876061245656, 52.01073686411546], [5.042879277271858, 52.010742940558046], [5.042882464168418, 52.01074901691535], [5.042885621935377, 52.01075509318737], [5.042888735938366, 52.01076117831952], [5.042891820742654, 52.01076727235441], [5.042894876486269, 52.01077335731604], [5.042897903031161, 52.01077945118039], [5.042900885812082, 52.01078555390497], [5.042903854097532, 52.01079164759878], [5.042906778618984, 52.01079775015278], [5.042909674010678, 52.01080385262154], [5.042912540272614, 52.01080995500503], [5.042915391901056, 52.010816066333845], [5.042918199834465, 52.01082217753486], [5.0429209932723404, 52.010828279705166], [5.042923757511396, 52.01083439077831], [5.042926492620631, 52.01084050176614], [5.042929198531021, 52.01084662165676], [5.042931889945898, 52.01085273251672], [5.04293455223087, 52.01085884329142], [5.0429371853170215, 52.01086496296893], [5.04293980390763, 52.010871073615746], [5.042942407864618, 52.01087719320795], [5.042944982691713, 52.0108833127149], [5.042947528457918, 52.01088942314861], [5.04295005959053, 52.01089554252773], [5.0429525762275045, 52.01090165287614], [5.0429550636655405, 52.010907772127396], [5.042957536607978, 52.010913882347985], [5.042959994916797, 52.01092000151389], [5.042962438729951, 52.01092611164918], [5.042964867909422, 52.01093223072985], [5.042967268027978, 52.01093834073731], [5.04296966814713, 52.010944450744695], [5.0429720391363455, 52.01095056066683], [5.042974410126208, 52.010956670588996], [5.04297675205501, 52.01096277143789], [5.0429790939155, 52.01096888127474], [5.042981421280329, 52.01097498208095], [5.042983748438728, 52.010981109851116], [5.0429860466740974, 52.010987210572125], [5.042988344910147, 52.01099331129304], [5.042990628650454, 52.010999402983316], [5.0429928977570135, 52.01100550361895], [5.042995166933243, 52.011011595266545], [5.042997421613715, 52.011017677883544], [5.042999676225798, 52.01102376948845], [5.043001916342118, 52.01102985206279], [5.043004156459098, 52.011035934636986], [5.043006382011303, 52.011042017168634], [5.043008607633108, 52.01104809071222], [5.043010833255516, 52.01105416425573], [5.043013058878579, 52.01106023779924], [5.043015269936801, 52.011066311300105], [5.043017495630004, 52.01107237585549], [5.043019706758471, 52.01107844036824], [5.043954986002239, 52.01364106435569], [5.044030565470525, 52.01384930754623], [5.044153580229214, 52.014190085060584], [5.044156504371685, 52.01419819194703], [5.044159428446496, 52.01420630782136], [5.044162352453536, 52.01421443268365], [5.044165276392914, 52.01422256653386], [5.044168200264528, 52.01423070937194], [5.04417109507324, 52.014238843137136], [5.044173989676639, 52.01424700386619], [5.044176869646003, 52.01425517354072], [5.044179734981166, 52.01426335216079], [5.044182585682227, 52.01427153972632], [5.044185421680416, 52.01427974522539], [5.044188228478056, 52.01428795962747], [5.044191020572752, 52.01429619196301], [5.044193783466933, 52.01430443320168], [5.0441965171604775, 52.01431268334335], [5.044199221653475, 52.014320942388146], [5.04420188231065, 52.01432921928155], [5.044204513698481, 52.014337514066035], [5.0442071013192145, 52.01434581771118], [5.044209659670518, 52.014354139247345], [5.0442121742546835, 52.014362469644205], [5.044214645071796, 52.014370808901674], [5.044217057417735, 52.014379174953426], [5.044219425996521, 52.01438754986577], [5.044221750808123, 52.014395933638816], [5.044223988496954, 52.01440428120526], [5.044236192164889, 52.01445421923097], [5.044246282277027, 52.01450433985153], [5.044254273667882, 52.014554607157976], [5.044255362748874, 52.014562672744155], [5.0442564077182634, 52.01457079213114], [5.044257379786738, 52.01457892029392], [5.04425830815607, 52.014587048329425], [5.044259178191006, 52.01459518518327], [5.044260004595393, 52.01460331292178], [5.044260758030086, 52.01461145842421], [5.044261453267742, 52.0146195947689], [5.044262104737308, 52.014627739974294], [5.044262697941079, 52.01463588500999], [5.044263218243661, 52.01464403882161], [5.0442636948468795, 52.01465219250592], [5.044264113184148, 52.01466034602053], [5.044264473255441, 52.0146684993654], [5.044264775060722, 52.01467665254063], [5.044265003964703, 52.01468481449171], [5.044265189169168, 52.014692976315565], [5.044265316107528, 52.01470113796967], [5.044265370213233, 52.01470929941165], [5.044265380619283, 52.01471746072637], [5.044265318123857, 52.01472563081694], [5.0442652119975255, 52.014733791792274], [5.044265032969595, 52.01474196154351], [5.0442647957441675, 52.01475012213697], [5.0442645001836, 52.01475829154877], [5.044264131790187, 52.01476646074846], [5.044263719696905, 52.01477462982088], [5.044263234839353, 52.01478278969314], [5.044262691646636, 52.014790958383756], [5.044262075689627, 52.01479911787416], [5.044261415963877, 52.01480728622536], [5.044260683473768, 52.014815445376385], [5.04425989264836, 52.01482361334572], [5.044259044106294, 52.01483170924141], [5.044251066757315, 52.014890046381296], [5.044239871676994, 52.0149481764082], [5.044225459334183, 52.01500603640526], [5.044207859331464, 52.015063563540195], [5.04418707220705, 52.01512068590746], [5.044163156766296, 52.015177331771326], [5.044136098844097, 52.01523344715926], [5.04410595724672, 52.015288960335006], [5.044072761647878, 52.01534379947708], [5.044036541584198, 52.015397910739814], [5.043997355863991, 52.01545122238624], [5.043955248592115, 52.015503680612916], [5.043910249376195, 52.015555222585604], [5.043862416958159, 52.01560578555487], [5.043811824647714, 52.01565530681371], [5.043758516553017, 52.01570373255809], [5.043702565916775, 52.01575100906881], [5.043644016848886, 52.015797082541624], [5.043582957229782, 52.015841890311776], [5.043519460236302, 52.01588538764793], [5.043453584548141, 52.01592752078832], [5.043385417979935, 52.01596823605612], [5.043315033642505, 52.01600749770815], [5.0432425193525185, 52.01604525206778], [5.043167948291775, 52.016081454403924], [5.043091422776933, 52.016116060070644], [5.043013030489756, 52.016149033367675], [5.042932859112925, 52.016180338594815], [5.042850996329964, 52.01620994005209], [5.042767544461518, 52.016237793094334], [5.042682591123804, 52.01626387100978], [5.042596253068033, 52.016288147172396], [5.042508617981195, 52.016310585882906], [5.042496665097501, 52.01631347205864], [5.042484610242896, 52.01631635793471], [5.042472541165222, 52.016319198826885], [5.042460443159234, 52.016322012668525], [5.04244834542821, 52.01632479055697], [5.042436218838036, 52.01632753240687], [5.042424092453757, 52.01633024729152], [5.042411951777418, 52.01633292618033], [5.042399796809158, 52.016335569073256], [5.042387627479706, 52.01633818495821], [5.042375443789194, 52.01634077383534], [5.042363260373879, 52.01634332675919], [5.0423510625974375, 52.01634585267515], [5.042338850529197, 52.0163483425952], [5.042326638597835, 52.01635081453798], [5.042314412374663, 52.01635325048486], [5.0423021717905065, 52.01635565942381], [5.0422899314125464, 52.01635804139747], [5.042277691240693, 52.01636039640595], [5.042265436638815, 52.01636273339443], [5.042253167745244, 52.01636503438703], [5.042240898988683, 52.016367317402285], [5.04222863043842, 52.01636957345235], [5.042216347527313, 52.016371802494454], [5.042204064753326, 52.01637401355928], [5.042191767618529, 52.01637619761616], [5.0421794852571695, 52.016378354750444], [5.042167173898863, 52.016380493822105], [5.042154877244747, 52.01638261495914], [5.042142580727888, 52.016384718118964], [5.04213026985031, 52.01638679427077], [5.042117959109965, 52.01638885244532], [5.0421056485068725, 52.01639089264257], [5.0420933380410435, 52.01639291486259], [5.042081027712489, 52.016394919105274], [5.042068703023361, 52.01639689634], [5.0420563929002125, 52.016398873616176], [5.04204406841652, 52.01640082388434], [5.042031758637228, 52.01640275621792], [5.042019434359016, 52.016404679519596], [5.042007110218112, 52.01640658484391], [5.041994800712548, 52.01640848122162], [5.041982476777196, 52.016410359579396], [5.041970167546367, 52.01641222000259], [5.041957843816666, 52.01641407139377], [5.041945534722243, 52.016415913838436], [5.041933225765254, 52.01641773830575], [5.0419209022401965, 52.016419562729084], [5.041908593419664, 52.016421369217895], [5.041896299234501, 52.01642316676013], [5.041883990550458, 52.01642495527032], [5.041871652731236, 52.01642674369381], [5.041859358750838, 52.01642851426818], [5.041847064838655, 52.01643027585326], [5.041834770994806, 52.01643202844907], [5.041822491717076, 52.01643378108628], [5.041810212507634, 52.0164355247343], [5.041797933366491, 52.01643725939295], [5.0417856542244, 52.01643899405038], [5.041773389648491, 52.01644072874923], [5.04176112514084, 52.01644245445882], [5.041748860701562, 52.01644417117913], [5.041736610828426, 52.01644588794092], [5.041724360954353, 52.01644760470137], [5.041712125646426, 52.01644932150335], [5.041281048483625, 52.01650942738931], [5.039181188518011, 52.01680092931594], [5.039171490643198, 52.01680227584889], [5.0391617928375805, 52.01680361339303], [5.039152094961608, 52.01680495992432], [5.039142367950555, 52.016806306368714], [5.039132640938976, 52.01680765281233], [5.039122899429407, 52.016808990224064], [5.03911314335201, 52.0168103275919], [5.039103416478214, 52.01681165605711], [5.039093645902256, 52.016812984392324], [5.039083846261017, 52.01681430365261], [5.039074046619256, 52.01681562291207], [5.0390642325492685, 52.01681692415161], [5.039054403911515, 52.01681822534733], [5.039044560775743, 52.01681951751117], [5.039034703142016, 52.01682080064311], [5.03902483101028, 52.01682207474318], [5.039014944380593, 52.016823339811296], [5.039005043322719, 52.016824586859585], [5.03899512776691, 52.01682582487594], [5.038985197782988, 52.01682704487241], [5.038975253370905, 52.01682824684897], [5.038965279893652, 52.01682943975057], [5.038955306485695, 52.01683062366331], [5.038945318719423, 52.01683178056815], [5.0389353019578875, 52.016832919409985], [5.038925270698415, 52.016834049219916], [5.038915225080724, 52.01683515202197], [5.038905165035, 52.016836236804], [5.0388950906310335, 52.016837294578146], [5.0388849872318, 52.01683833428928], [5.038874883971777, 52.016839356023596], [5.038864751786352, 52.016840350706836], [5.038854605242744, 52.01684131838214], [5.038844444341026, 52.01684225904954], [5.0388342545140095, 52.01684317266589], [5.038824064826221, 52.016844068305346], [5.038813846282959, 52.01684492790579], [5.038803613381657, 52.01684576049823], [5.038793366122332, 52.01684656608272], [5.038783104574803, 52.01684733567132], [5.03877281410203, 52.01684807820876], [5.038762523908358, 52.01684878479334], [5.038752204859343, 52.016849455338864], [5.038741871452407, 52.016850098876404], [5.038731509190119, 52.016850706374875], [5.038721147276945, 52.01685126893245], [5.038710902180872, 52.01685179588206], [5.038650035284965, 52.01685413243344], [5.038589076756576, 52.01685513842881], [5.038528099367371, 52.016854823071675], [5.03846719052615, 52.01685318662075], [5.038406394009903, 52.01685022021764], [5.038345811654783, 52.016845942140655], [5.038285516442029, 52.01684033462993], [5.038225580933196, 52.0168334338537], [5.038166063542166, 52.01682522200923], [5.038156038272535, 52.016823709241045], [5.038145926020141, 52.01682214228503], [5.0381358286156495, 52.01682053941932], [5.0381257606262215, 52.01681890068717], [5.038115722051992, 52.016817226088556], [5.03810569818564, 52.01681553355629], [5.038095718371757, 52.01681379621275], [5.038085753265784, 52.016812040935605], [5.03807581750508, 52.016810258780005], [5.038065896592359, 52.016808440714776], [5.038056019522076, 52.01680660480233], [5.0380461572298625, 52.01680474196825], [5.038036324282922, 52.01680285225579], [5.038026506044018, 52.01680094460972], [5.0380167171504135, 52.01679901008522], [5.038006957532109, 52.01679705767034], [5.037997212621874, 52.01679508732186], [5.03798749698701, 52.01679309908297], [5.037977810627418, 52.016791092953724], [5.037968139045994, 52.01678905990292], [5.037958482102653, 52.01678701790649], [5.037948854364642, 52.01678496700774], [5.037939255972012, 52.01678288923061], [5.037929657580273, 52.0167808114527], [5.037920103031142, 52.016778715827655], [5.037910548622912, 52.016776602225846], [5.037901023350001, 52.01677448870968], [5.037891512785296, 52.016772357259974], [5.037882016788673, 52.01677022585272], [5.037872550067505, 52.01676807655515], [5.037863097914367, 52.01676592730005], [5.037853660399409, 52.01676376909939], [5.037844222885366, 52.01676161089799], [5.0378348291439154, 52.016759443837444], [5.037825391771788, 52.016757267658555], [5.037816027236561, 52.01675509169498], [5.0378066626322475, 52.0167529247187], [5.0377973272332435, 52.01675074884011], [5.037787991765091, 52.016748581948725], [5.037778670935128, 52.01674640611187], [5.037769364603181, 52.016744239305474], [5.035836755159361, 52.01629356376674], [5.035634721897007, 52.01626546585703], [5.035431362096738, 52.01624122856327], [5.035226893931301, 52.016220888483645], [5.035072779914578, 52.016208653191676], [5.034918132758619, 52.01619939119716], [5.034763098103078, 52.01619310293394], [5.034607806949614, 52.016189797780974], [5.034503681878968, 52.016189494944314], [5.034399570170422, 52.01619119642437], [5.034295617692317, 52.01619487569368], [5.034191882557443, 52.0162005509034], [5.0340884815005635, 52.016208195439475], [5.033985530973575, 52.01621781864041], [5.033908619393701, 52.01622654016269], [5.033832191373055, 52.01623674613903], [5.033756334306558, 52.01624843683264], [5.033681092100772, 52.01626158541195], [5.0336065667181495, 52.01627619218417], [5.033532831129238, 52.01629223939357], [5.03345992917074, 52.01630970919682], [5.033387977514905, 52.01632858396967], [5.033317149612915, 52.01634903501093], [5.033247403389782, 52.01637085546753], [5.033178826385107, 52.01639402762818], [5.0331114479416454, 52.01641852461853], [5.033045370238027, 52.01644431978336], [5.032980651681201, 52.01647139532415], [5.032917350820592, 52.01649971546642], [5.032855526135282, 52.01652925342389], [5.032775343231074, 52.01657024099253], [5.0326972024913275, 52.01661270871956], [5.032621206097586, 52.016656629951974], [5.032547383680783, 52.01670194186581], [5.032475851920462, 52.01674862684011], [5.032406625882257, 52.01679662200718], [5.03230696977708, 52.01687015977613], [5.0322110713880015, 52.01694558732258], [5.032119018837547, 52.01702281503941], [5.032030900107881, 52.01710177129528], [5.031918868066046, 52.017209237816644], [5.031812296288142, 52.01731880597236], [5.031711316761216, 52.01743036831701], [5.030910532442256, 52.0187035354964], [5.030906976518284, 52.018709196291134], [5.0309034059541675, 52.018714866029654], [5.030899835389094, 52.01872053576814], [5.030896264751727, 52.018726214494386], [5.030892679545589, 52.01873189317649], [5.030889094267099, 52.01873758084646], [5.0308854944913275, 52.01874325948429], [5.0308818946431995, 52.01874894710996], [5.03087828015484, 52.01875464367939], [5.030874665737005, 52.018760331260744], [5.030871036678985, 52.018766027785894], [5.030867393052219, 52.018771724266855], [5.03086376413519, 52.01877740281577], [5.030860091370863, 52.01878309920833], [5.030856418605552, 52.018788795600734], [5.030852731200023, 52.01879450093692], [5.030849029297174, 52.01880019724094], [5.0308453127540425, 52.01880590248873], [5.030841567145692, 52.01881159866021], [5.030837821464934, 52.01881730381961], [5.030834046647493, 52.01882300889071], [5.030830257261245, 52.018828713917564], [5.030826453377647, 52.0188344099122], [5.030822620285824, 52.018840114806565], [5.030818772625182, 52.018845819656704], [5.030814910467167, 52.01885151547464], [5.030811019100902, 52.01885722019224], [5.030807098669402, 52.01886291583348], [5.030803163668998, 52.018868611430584], [5.030799199531882, 52.01887430693937], [5.030795206329394, 52.01887999337185], [5.030791198486572, 52.01888568874803], [5.030787161578414, 52.01889137504791], [5.030783095533457, 52.018897061259494], [5.030779000423144, 52.0189027383948], [5.030774861608142, 52.01890841539763], [5.030770708224223, 52.01891409235618], [5.03076652577487, 52.01891976023845], [5.030762314188713, 52.01892542803239], [5.030758058969229, 52.01893108670588], [5.030753774612867, 52.01893674529104], [5.030749461191138, 52.018942394799865], [5.030745118632452, 52.018948044220345], [5.030740732440447, 52.018953684520326], [5.030736317111518, 52.018959324731995], [5.030731858220716, 52.01896494683522], [5.030727370192969, 52.018970568850044], [5.030722838460377, 52.018976190732445], [5.030718263165824, 52.018981794506416], [5.030713658734286, 52.018987398191946], [5.030709010669343, 52.018992992757056], [5.0307043190424565, 52.01899856921362], [5.030699583710603, 52.019004145537785], [5.030694819313198, 52.019009712785504], [5.030689996714382, 52.01901527086869], [5.030685145050048, 52.01902081987541], [5.030680235184272, 52.019026359717586], [5.030675281684936, 52.01903189043919], [5.030670299191485, 52.01903740309645], [5.030665258496602, 52.01904290658907], [5.030660174168125, 52.01904840096114], [5.030655031638184, 52.019053886168614], [5.030649845546114, 52.01905935326755], [5.030644615820412, 52.019064811245954], [5.030639342461171, 52.01907026010379], [5.03063401104329, 52.01907568182104], [5.030628621352372, 52.01908110336158], [5.030623188099266, 52.01908650679355], [5.030617711284013, 52.019091892116954], [5.030612176338624, 52.01909725928771], [5.0306065831915845, 52.019102617293754], [5.0306009319859335, 52.0191079481591], [5.030595237146535, 52.01911326990388], [5.030589557517253, 52.01911851080067], [5.030557925528183, 52.01914650312626], [5.030524856419081, 52.019173843940266], [5.030490379396209, 52.01920052434173], [5.030454538448783, 52.01922650850997], [5.03041734843018, 52.019251760535845], [5.030378867755145, 52.019276262618774], [5.030371635670448, 52.019280698851304], [5.030364272257508, 52.019285161650046], [5.030356865425283, 52.01928958836397], [5.030349429598718, 52.01929399701314], [5.030341964920809, 52.01929836962163], [5.030334456823636, 52.01930270614528], [5.030326919732129, 52.01930702460416], [5.030319353717745, 52.01931131601035], [5.030311758852104, 52.01931557137581], [5.030304120495651, 52.0193197996444], [5.0302964677128825, 52.019324009892316], [5.030288771510824, 52.019328184055354], [5.03028106095397, 52.01933233120986], [5.030273306834811, 52.019336460255374], [5.030265538360876, 52.01934056229229], [5.030257755532163, 52.01934463732057], [5.030249929212677, 52.01934868525194], [5.030242088538489, 52.01935270617466], [5.030234218869915, 52.01935670903258], [5.030226334846708, 52.01936068488187], [5.0302184364687195, 52.01936463372249], [5.030210509096469, 52.0193685644983], [5.030202552801486, 52.01937246822133], [5.030194582080271, 52.0193763539237], [5.030186596932768, 52.01938022160536], [5.030178597430574, 52.019384062278384], [5.030170583573755, 52.019387875942755], [5.030162540651064, 52.019391680530234], [5.030154497941837, 52.019395458153255], [5.030146426238282, 52.01939921771139], [5.030138340108537, 52.01940295924883], [5.030130254120636, 52.019406682809766], [5.030122139138478, 52.01941038830581], [5.030114024369725, 52.01941406683737], [5.030105895103263, 52.01941773633622], [5.030097751410592, 52.019421387814326], [5.030089593291715, 52.01942502127179], [5.030081435314783, 52.01942863675268], [5.030073262840054, 52.019432243200846], [5.030065090578842, 52.01943582268451], [5.030056903748283, 52.0194394021234], [5.0300487025631675, 52.019442954553604], [5.030040501448364, 52.01944649799523], [5.030032300475496, 52.01945002346036], [5.030024085004916, 52.0194535398927], [5.030015869604664, 52.01945704733652], [5.030007639778275, 52.01946053675959], [5.029999410022227, 52.0194640171941], [5.0299911803365775, 52.01946748864011], [5.029982950792853, 52.01947094210953], [5.029974721247862, 52.01947439557839], [5.029966477276811, 52.019477831026464], [5.029958233376128, 52.01948125748601], [5.0299500041138705, 52.01948467500122], [5.02994176035394, 52.01948808348364], [5.029933487384957, 52.019491500865094], [5.029925258262208, 52.01949490040254], [5.029917014713436, 52.01949828191927], [5.029908785731476, 52.01950166347968], [5.029900556819919, 52.01950503605145], [5.029892327907179, 52.019508408622734], [5.029884099064789, 52.0195117722054], [5.0298758848609335, 52.0195151268437], [5.029867670655794, 52.01951848148145], [5.029859456521128, 52.01952182713064], [5.029851256953303, 52.01952517282345], [5.029843057384309, 52.01952851851568], [5.029832870032728, 52.01953267610111], [5.02982268275092, 52.01953682469768], [5.02981251003535, 52.01954097333756], [5.029802337317841, 52.019545121976584], [5.029792179094914, 52.01954927964692], [5.029782020941768, 52.019553428328365], [5.029771877354874, 52.01955757705318], [5.029761748334178, 52.01956172582132], [5.029751619239936, 52.01956588357654], [5.029741504711895, 52.01957004137514], [5.0297313901820315, 52.01957419917282], [5.0297213047864595, 52.01957835705813], [5.0297111900378, 52.01958254181806], [5.029701104566795, 52.019586708689594], [5.029691048158453, 52.01959088463666], [5.029681006316382, 52.01959506062714], [5.029670964400753, 52.019599245604695], [5.0296609515477355, 52.01960343965786], [5.029650953260993, 52.0196076337544], [5.0296409549006835, 52.01961183683808], [5.029630985603045, 52.0196160489973], [5.0296210307999845, 52.019620270187964], [5.0296110904914455, 52.01962450040993], [5.029601164677426, 52.01962873966331], [5.029591267997838, 52.01963297900433], [5.029581385741013, 52.01963723636471], [5.029571517978757, 52.019641502756485], [5.029561679279229, 52.019645778223854], [5.0295518550741605, 52.019650062722654], [5.029542045363661, 52.01965435625286], [5.0295322646441205, 52.01965866784668], [5.029522498419089, 52.019662988471936], [5.029512761185062, 52.019667327160825], [5.029503053013653, 52.01967167492538], [5.0294933593368025, 52.01967603172133], [5.029483694650847, 52.019680406580974], [5.029474058955888, 52.01968479950431], [5.029464437755429, 52.019689201459045], [5.029454860114027, 52.019693621521746], [5.029445296967177, 52.0196980506159], [5.029435762739471, 52.01970250676172], [5.029426257574488, 52.01970697198327], [5.029416781400435, 52.019711455268514], [5.029407334217257, 52.01971595661754], [5.029397916096748, 52.01972046704224], [5.0293885268954694, 52.01972500451868], [5.029379166685059, 52.01972956005887], [5.0293698500337, 52.019734133707026], [5.02936056237331, 52.019738725418975], [5.029351303703782, 52.019743335194654], [5.029342074025168, 52.019747963034106], [5.029332887833897, 52.01975261796964], [5.0293237452734365, 52.019757282025196], [5.029314631632128, 52.01976197313254], [5.0293055469817265, 52.01976668230366], [5.029296505818607, 52.019771418570855], [5.029287508214539, 52.019776172946166], [5.0292785395296615, 52.01978095437321], [5.02926961440383, 52.019785753908415], [5.029260732837051, 52.01979057155175], [5.029251894757608, 52.01979541629121], [5.029243027037408, 52.01980032385726], [5.029188568237673, 52.019831536106935], [5.029135674829913, 52.01986374179289], [5.029084390590337, 52.01989693206219], [5.029034759654734, 52.019931053122], [5.028986825800334, 52.01996609611935], [5.028979203989868, 52.01997187032241], [5.02897169893889, 52.019977617915565], [5.02896422280692, 52.01998339256082], [5.028956804802375, 52.019989185358796], [5.028949415716843, 52.019995005208926], [5.028942084758701, 52.02000084321173], [5.028934782719631, 52.02000670826673], [5.028927524239694, 52.02001259143017], [5.0289203092471055, 52.02001850169005], [5.028913137813665, 52.02002443005841], [5.028906009939377, 52.02003037653528], [5.028898925552465, 52.02003635010862], [5.028891870156429, 52.02004234174612], [5.028884858319623, 52.02004835149213], [5.028877889970205, 52.02005438833463], [5.028870965179975, 52.0200604432857], [5.028864083948942, 52.02006651634529], [5.028857231708876, 52.02007260746907], [5.028850423028022, 52.02007871670139], [5.02884364326634, 52.020084852985924], [5.028836921703992, 52.020090998435364], [5.028830229060772, 52.020097170937], [5.028823580048661, 52.02010335255927], [5.028816959955746, 52.02010956123375], [5.0288103834939, 52.02011577902885], [5.028803835951258, 52.02012202387616], [5.02879733203976, 52.02012827784411], [5.02879087168755, 52.020134549920684], [5.028784440326432, 52.0201408400615], [5.028778052524566, 52.02014714831094], [5.028771693713805, 52.02015347462468], [5.028765378534237, 52.020159810059056], [5.028759092273809, 52.0201661725457], [5.028752849644705, 52.02017254415302], [5.028746636078503, 52.02017892483671], [5.028740451431506, 52.02018533257265], [5.02873431041576, 52.02019174942925], [5.028728198463046, 52.020198175362204], [5.028722115501388, 52.02020461935952], [5.028716076099125, 52.020211081465526], [5.028710065759927, 52.02021755264784], [5.0287040844118, 52.020224041894565], [5.0286981466231575, 52.02023054924993], [5.028692223329199, 52.020237065637325], [5.028686343666626, 52.020243591145444], [5.028680492995161, 52.020250134717955], [5.028674685955109, 52.020256687411155], [5.028668893409822, 52.02026324913647], [5.028663129855664, 52.020269828926104], [5.028657409861001, 52.02027642682444], [5.02865171900138, 52.020283024811235], [5.0286460425646045, 52.0202896408181], [5.0286403803349735, 52.02029630180887], [5.028576995749075, 52.02037412635567], [5.028517782217187, 52.02045319495526], [5.028462784253029, 52.0205334088793], [5.028412075364639, 52.02061468746379], [5.0283656999247395, 52.02069694995566], [5.028323702379257, 52.020780106613365], [5.028286141815697, 52.020864058751485], [5.028253048041928, 52.02094872557125], [5.0282244655072645, 52.02103401732987], [5.028200424093298, 52.02111984423966], [5.028198678776324, 52.0211267508424], [5.028196991949229, 52.02113363065883], [5.028195334330831, 52.021140501576106], [5.028193705777169, 52.021147381570096], [5.028192106432183, 52.02115425266496], [5.02819053615201, 52.02116113283652], [5.028189009649188, 52.0211680041534], [5.028187512283152, 52.02117487555904], [5.028186058622515, 52.021181747097906], [5.028184634098688, 52.02118861872559], [5.028183253280351, 52.02119549048646], [5.028181916167468, 52.02120236238055], [5.028180608263384, 52.02120922537549], [5.028179343992911, 52.021216097491624], [5.028178108931267, 52.02122296070861], [5.028176932071775, 52.02122983309117], [5.02817578442126, 52.02123669657456], [5.028174680476311, 52.02124356019124], [5.028173634805626, 52.02125042398549], [5.028172618271925, 52.02125728786858], [5.028171645443905, 52.02126415188493], [5.028170730890164, 52.0212710160789], [5.028169845545453, 52.021277871373705], [5.028169018475119, 52.02128472684618], [5.028168235110497, 52.02129158245187], [5.0281675100203, 52.021298438235235], [5.0281668286358565, 52.02130529415184], [5.028166190957245, 52.02131215020164], [5.028165611625127, 52.02131899744114], [5.028165075998776, 52.021325844813916], [5.028164598647024, 52.02133269236434], [5.028164179641838, 52.021339531104374], [5.028163804270549, 52.02134637896569], [5.028163487245877, 52.021353218016685], [5.028163228567792, 52.02136004825734], [5.028163013523729, 52.0213668876192], [5.028162871395023, 52.02137371821523], [5.028162772468408, 52.02138061186029], [5.028162743217409, 52.021387901198416], [5.028168378574462, 52.021444642886635], [5.028177001759239, 52.02150124088364], [5.028188569508697, 52.02155764112774], [5.0282030969065215, 52.0216137807465], [5.0282205407610885, 52.02166959668993], [5.028240916011612, 52.021725044061185], [5.028264179537897, 52.02178005082182], [5.028290317212858, 52.021834562997775], [5.0283106962760025, 52.02186771964151], [5.028332535133854, 52.02190052120217], [5.028336957184987, 52.02190685337905], [5.028341379741094, 52.021913122639866], [5.028345860645871, 52.021919383090115], [5.028350399899291, 52.02192563472984], [5.028354982932579, 52.021931877514525], [5.028359624242645, 52.02193812047665], [5.028364309332561, 52.02194435458378], [5.028369052771255, 52.021950579880325], [5.028373839917933, 52.02195680530977], [5.028378670844463, 52.02196302188429], [5.028383530982111, 52.02196922955939], [5.028388449396655, 52.021975437411804], [5.028393411591149, 52.02198163640922], [5.028398402924743, 52.021987835495224], [5.028403437966427, 52.02199403471412], [5.028408502219238, 52.022000225033665], [5.028413610252117, 52.022006406498086], [5.028418747424144, 52.022012588051055], [5.028423928232378, 52.02201877872499], [5.028429123754805, 52.022024951467124], [5.028434362913463, 52.022031133330145], [5.028439631283269, 52.0220373062937], [5.028444914151519, 52.02204348828933], [5.028450240799873, 52.02204966142993], [5.028455582018635, 52.022055834614676], [5.028460937735819, 52.02206201683152], [5.028466322664252, 52.02206819014889], [5.028471736732004, 52.02207436355477], [5.028477165298262, 52.02208054599274], [5.028482608434914, 52.02208672847488], [5.0284880517169315, 52.02209289298079], [5.028493523922455, 52.02209908453908], [5.028499025267401, 52.022105276185876], [5.028504526541938, 52.02211147682042], [5.028510042386905, 52.022117677499054], [5.028515572802358, 52.02212387822179], [5.0285211030754375, 52.02213009692025], [5.028526647919017, 52.02213631566282], [5.028818143131761, 52.02246337570115], [5.028822619506409, 52.02246839574784], [5.028827095953923, 52.02247340680641], [5.0288315578334135, 52.02247841782043], [5.028836019785764, 52.022483419846374], [5.028840481810972, 52.02248841288408], [5.028844943909035, 52.022493396933676], [5.028849420648979, 52.02249837203947], [5.028853911815286, 52.022503365165385], [5.028858374131905, 52.02250832225048], [5.028862851018546, 52.02251327937981], [5.02886734261898, 52.02251821857731], [5.028871834292261, 52.02252314878671], [5.028876326038381, 52.02252807000794], [5.0288808324263865, 52.022532982285284], [5.028885353456329, 52.02253788561887], [5.028889874630967, 52.02254277097627], [5.028894410447484, 52.022547647389935], [5.028898960977738, 52.022552505871715], [5.028903526149988, 52.0225573554097], [5.028908105964072, 52.022562196003875], [5.028912700491945, 52.02256701866622], [5.028917309733611, 52.022571823396724], [5.028921933617111, 52.02257661918345], [5.0289265722144565, 52.02258139703832], [5.028931240022755, 52.022586165993715], [5.028935922616691, 52.02259090802927], [5.028940634421635, 52.02259564116531], [5.028945360940326, 52.02260035636956], [5.028950102172753, 52.02260505364196], [5.028954887257163, 52.02260973307116], [5.0289596869835345, 52.02261440355655], [5.028964501495434, 52.02261904712208], [5.02896935985938, 52.02262367284443], [5.02897423293702, 52.02262828063494], [5.028979149938495, 52.02263286159426], [5.028984081581942, 52.02263743360976], [5.028989042580045, 52.022641978749704], [5.028994047501999, 52.02264649705849], [5.028999067065869, 52.022651006423345], [5.029004130625424, 52.02265547996908], [5.029009223395984, 52.02265994461518], [5.029014345593147, 52.02266437339783], [5.029019511642289, 52.02266878433724], [5.029024692477012, 52.02267316835676], [5.029029931732864, 52.02267753457739], [5.029035200343442, 52.02268187392244], [5.029040585220705, 52.02268624957361], [5.029070528581739, 52.02270956612941], [5.029101773940609, 52.02273222151018], [5.0291342923750895, 52.022754188662226], [5.0291680403935315, 52.02277544048784], [5.029202974503897, 52.02279594988913], [5.0292390511423, 52.02281569875619], [5.029276226887879, 52.0228346510033], [5.0293144436069435, 52.02285278847633], [5.0293536723757075, 52.022870084121806], [5.029393869628949, 52.02288651982998], [5.029434977160464, 52.02290208643487], [5.029442604174479, 52.0229048420157], [5.029450173414795, 52.022907534503126], [5.02945777193794, 52.02291020910266], [5.029465399887276, 52.02291284783828], [5.029473071688594, 52.02291546873022], [5.02948075827518, 52.022918062702026], [5.0294884887854705, 52.022920629842126], [5.029496263147676, 52.02292317913854], [5.029504052295128, 52.022925701514794], [5.02951187072531, 52.02292820600304], [5.029519733079174, 52.02293068365957], [5.029527610146529, 52.0229331433839], [5.029535516568322, 52.022935576232236], [5.029543466770331, 52.02293800022484], [5.029551431757538, 52.02294039729724], [5.029559426099108, 52.02294276749363], [5.029567435082524, 52.02294512874574], [5.029575487917751, 52.02294747215411], [5.029583555538195, 52.02294978864222], [5.029591652369602, 52.02295209623027], [5.029599763914498, 52.02295438588606], [5.029607904742006, 52.02295665765384], [5.029616060282989, 52.02295891148928], [5.029624245034919, 52.02296115642474], [5.029632459069445, 52.02296338347211], [5.029640687817431, 52.0229655925872], [5.02964893120717, 52.02296779275793], [5.029657203807789, 52.022969984028606], [5.029665491121853, 52.02297215736696], [5.029673793149356, 52.022974312773044], [5.029682124316032, 52.022976468266954], [5.0296904701961385, 52.02297860582859], [5.029698830717924, 52.022980734445845], [5.029707220450627, 52.02298285416302], [5.029715610255811, 52.0229849648916], [5.029724029271908, 52.02298706672007], [5.029732462929729, 52.022989159604215], [5.029740896659964, 52.02299124349974], [5.029749359529483, 52.02299332748309], [5.0297578370406075, 52.02299540252212], [5.029766329193499, 52.02299746861671], [5.0297748359163705, 52.02299953475493], [5.029783342639972, 52.02300160089259], [5.029791834938562, 52.02300364900942], [5.029800385514773, 52.02300569730252], [5.029808950589295, 52.023007754627194], [5.029817515736328, 52.023009802963216], [5.029826109950876, 52.02301186037505], [5.029834704237934, 52.02301390879828], [5.029843313094981, 52.02301595726512], [5.029851921881154, 52.02301801471929], [5.029860545308981, 52.02302006322901], [5.032603290345368, 52.02367288778716], [5.032615491424402, 52.02367579175638], [5.0326276925050735, 52.0236786957244], [5.032639893587275, 52.023681599691166], [5.032652094600017, 52.023684512644664], [5.032664310183771, 52.023687425640716], [5.032676525769113, 52.023690338635475], [5.032688755854382, 52.023693260660814], [5.0327009713007325, 52.02369619162906], [5.032713201318162, 52.02369912263986], [5.032725431194974, 52.02370207162531], [5.032737661144535, 52.02370501162158], [5.032749905522969, 52.023707969636334], [5.032762106194626, 52.02371092751827], [5.032774335864717, 52.02371390346263], [5.032786565536382, 52.02371687940567], [5.032798809637019, 52.023719873367234], [5.032811039098796, 52.023722876271734], [5.032823282989516, 52.0237258971947], [5.032835512241338, 52.02372892706051], [5.0328477414238115, 52.02373196591311], [5.032859985106325, 52.023735013796184], [5.032872214078905, 52.02373807961015], [5.032884442911107, 52.02374116339874], [5.032896657104449, 52.02374425613025], [5.032908885726824, 52.02374736688026], [5.032921099639367, 52.02375049556113], [5.032933313411531, 52.02375364221673], [5.032945527043331, 52.02375680684696], [5.032957726036375, 52.0237599804201], [5.032969924818041, 52.02376318095586], [5.0329821088898825, 52.0237663994226], [5.032994292821414, 52.023769635863935], [5.033006476612651, 52.023772890280014], [5.033018645623129, 52.02377617161494], [5.033030814564316, 52.02377946193659], [5.033042968653808, 52.02378278816505], [5.033055108033501, 52.02378613232442], [5.033067247273033, 52.02378949445847], [5.033079371731835, 52.023792883511426], [5.033091481409981, 52.02379629948323], [5.033103576378497, 52.02379973338594], [5.033115671064788, 52.02380320323935], [5.033127751041481, 52.023806691023644], [5.03313981623754, 52.02381020572683], [5.033151866653026, 52.02381374734889], [5.033163902216967, 52.023817324877896], [5.03317593764084, 52.02382092038154], [5.033187943643635, 52.02382455174833], [5.033199934936931, 52.02382820104609], [5.033211911307773, 52.02383189523863], [5.033223858399623, 52.023835607318375], [5.033235805209528, 52.0238393553488], [5.033247722598505, 52.02384313924238], [5.033259625207037, 52.02384695005488], [5.033271498465715, 52.02385078774253], [5.03328335680203, 52.02385467032509], [5.03329520035801, 52.02385857982664], [5.033306941929482, 52.02386248902046], [5.033384008988538, 52.023889271694735], [5.033459783026378, 52.02391744360403], [5.0335341622027805, 52.02394698646857], [5.03360710309683, 52.0239778642079], [5.033678533005986, 52.02401005863004], [5.0336892751303575, 52.024015079321025], [5.033700060540448, 52.02402015407002], [5.033710801960719, 52.02402526463886], [5.033721499533013, 52.0240303930514], [5.0337321531864365, 52.02403554829572], [5.033742762920947, 52.024040730371865], [5.033753343377071, 52.024045930335525], [5.033763879914286, 52.02405115713098], [5.033774372532592, 52.02405641075832], [5.033784835872525, 52.02406168227318], [5.033795255364426, 52.024066971631925], [5.033805645507083, 52.024072287866225], [5.0338159918725776, 52.02407761295645], [5.0338263088887825, 52.02408296492224], [5.033836596626616, 52.02408833477565], [5.033846840516417, 52.024093722472976], [5.033857069768215, 52.02409911911367], [5.033867240531609, 52.02410454254258], [5.033877396656999, 52.024109974914886], [5.033887523503966, 52.0241154251748], [5.033897606502949, 52.024120893278706], [5.0339076748639755, 52.02412637032603], [5.033917699376958, 52.02413186521731], [5.033927709181085, 52.02413737803998], [5.033937675278961, 52.024142890730694], [5.033947626667926, 52.02414842135284], [5.033957548849355, 52.02415396087466], [5.033967456321988, 52.024159518327984], [5.033977320088234, 52.0241650756493], [5.033987169145626, 52.024170650902114], [5.0339970036359425, 52.02417622611032], [5.034006808847767, 52.02418181920633], [5.0340165849228145, 52.024187412214125], [5.034026346289062, 52.02419302315339], [5.034036093158991, 52.024198625060116], [5.034045810750421, 52.024204244854666], [5.034055513774695, 52.0242098646047], [5.034065202160991, 52.024215493298215], [5.034074875909254, 52.024221130935224], [5.034084535090351, 52.02422676852776], [5.034094165134569, 52.02423240603211], [5.034103824178907, 52.02423806159905], [5.034113425017961, 52.02424370800247], [5.034123025859437, 52.02424935440506], [5.034132597564062, 52.024255000719535], [5.034142169271097, 52.024260647033216], [5.034151740909746, 52.02426630233408], [5.034161283482327, 52.02427194855889], [5.034170826057314, 52.02427759478291], [5.034180354065032, 52.02428324096243], [5.03418988207521, 52.024288887141225], [5.034199410087785, 52.02429453331925], [5.034208923533087, 52.0243001794528], [5.035361623988175, 52.02498375604839], [5.03603680605445, 52.025372613811676], [5.036961347352417, 52.02588971588831], [5.036977551783995, 52.025898779227504], [5.036993756151898, 52.02590785155244], [5.037009975026343, 52.02591693290647], [5.037026193837138, 52.02592602324621], [5.03704242708423, 52.02593513160298], [5.03705860212744, 52.025944230796306], [5.037074806036686, 52.02595336602587], [5.037091009812113, 52.025962519229196], [5.037107198883569, 52.025971690362944], [5.037123373180861, 52.02598088841503], [5.037139532703951, 52.02599011338555], [5.037155677523064, 52.02599935628649], [5.0371718074978595, 52.02600863509379], [5.037187893558146, 52.026017940732956], [5.0372039648442986, 52.02602727329052], [5.03721996321589, 52.02603661461737], [5.037415694419917, 52.02615546264715], [5.037604399618094, 52.02627855888015], [5.037619227000396, 52.02628860674286], [5.037634039398438, 52.0262987084882], [5.0376487934518215, 52.02630881904676], [5.03766350366076, 52.026318947449646], [5.0376781700252335, 52.02632909369696], [5.0376927926853705, 52.026339239812735], [5.037707371500952, 52.02634940377289], [5.0377219211825555, 52.026359567644725], [5.037736427019633, 52.026369749361066], [5.037750918363022, 52.02637992204438], [5.0377653949323955, 52.02639012164659], [5.03777981336721, 52.026400303098164], [5.037794217238211, 52.02641048450473], [5.0378085920451925, 52.026420656835064], [5.037822966858647, 52.02643082916365], [5.037837312537923, 52.02644100140408], [5.038377341071284, 52.026823512377184], [5.038426068874495, 52.02683623115726], [5.038427389052386, 52.02683697209786], [5.038438330638357, 52.02684272997264], [5.038477210604425, 52.02686268202252], [5.0384877405688275, 52.0268670365171], [5.038533654804207, 52.02689492796574], [5.038574754858918, 52.026921699599356], [5.038593565832707, 52.026932936581254], [5.038632961347143, 52.02695968517257], [5.038671060690866, 52.02698635800938], [5.038676102728952, 52.02700315387028], [5.03867080914504, 52.02700746152204], [5.038669225395685, 52.027025621956014], [5.038801924354049, 52.02710033786828], [5.0388282159986275, 52.02709210156906], [5.038863016893568, 52.02711950161725], [5.038885930718841, 52.02713529870757], [5.038921173480034, 52.02716209783668], [5.038959168082992, 52.02718541767631], [5.038959312461902, 52.027185588878694], [5.039079508053288, 52.02724936483674], [5.0393090861270515, 52.02736409425585], [5.03948575976525, 52.02744666911157], [5.039666291382155, 52.027526001361444], [5.039850521168765, 52.02760202759937], [5.040038303883023, 52.0276746844627], [5.040192285002313, 52.02773004704621], [5.040349323382783, 52.02778203887394], [5.040509230135479, 52.02783058747231], [5.040671816159741, 52.027875647332465], [5.040836863418944, 52.02791714589672], [5.040956738121933, 52.0279438427263], [5.041078046332995, 52.0279679550497], [5.0412006424635525, 52.027989464458464], [5.041324380993714, 52.02800834355687], [5.041449087260716, 52.028024564863905], [5.041574644884322, 52.02803810107059], [5.041700878922997, 52.028048960649286], [5.041848414448102, 52.02805814783572], [5.041996367056678, 52.028064271089676], [5.042144562006479, 52.028067311921276], [5.04229283891796, 52.02806727884819], [5.042441037619222, 52.02806415342504], [5.042588983090758, 52.02805795311638], [5.042736456669984, 52.02804868627194], [5.0428834121282335, 52.02803667633288], [5.043029703730242, 52.028021922875304], [5.043175214675796, 52.028004452525145], [5.043319799092883, 52.02798428283572], [5.043463325749956, 52.02796142241573], [5.043675862470108, 52.02792320458071], [5.043886576770156, 52.02788126893148], [5.044095249627719, 52.02783566876901], [5.044301749723127, 52.02778642169808], [5.044573778387377, 52.02771584720572], [5.044842750085711, 52.027640957861095], [5.04510850406609, 52.02756180714732], [5.0468372924832305, 52.026906687835485], [5.046856376927799, 52.02689945357076], [5.046875446727524, 52.02689222824881], [5.046894487380036, 52.02688500283957], [5.04691351352412, 52.02687776839715], [5.046932554369132, 52.026870516017766], [5.046951522287161, 52.02686327241277], [5.046970475696875, 52.02685601977465], [5.046989385457173, 52.026848758019256], [5.047008266206808, 52.026841478200645], [5.047027117945774, 52.02683418031886], [5.047045911533135, 52.026826864289774], [5.047064661539306, 52.02681953015539], [5.047083426450851, 52.02681215112024], [5.047282803290356, 52.02673086235629], [5.0474781272795575, 52.026645921351545], [5.0476692230042435, 52.02655739952585], [5.047686362086255, 52.026549188794995], [5.047703442948538, 52.02654096890563], [5.047720509506464, 52.026532713019854], [5.047737561691972, 52.02652443012565], [5.047754614075349, 52.026516120265], [5.04777166665667, 52.026507783437914], [5.047788690090883, 52.026499446524326], [5.047805757502134, 52.026491073782324], [5.047822839613536, 52.02648268310382], [5.047839936356946, 52.02647428347682], [5.048202740110285, 52.026295987111666], [5.048217408929798, 52.02628878485789], [5.048232092382914, 52.026281573656206], [5.048246790469563, 52.02627435350668], [5.048261532262429, 52.02626713348099], [5.048276244705966, 52.02625994033363], [5.0482910155619845, 52.02625272937615], [5.048305830056161, 52.02624552753051], [5.048320673686172, 52.026238325766876], [5.048335546316033, 52.02623114206116], [5.0483504625841364, 52.02622396746733], [5.048365422490306, 52.026216801985285], [5.048380425966687, 52.02620965460312], [5.048395473013223, 52.02620252532065], [5.048410519647315, 52.02619544996427], [5.0485527511271515, 52.026130775591746], [5.048698065631648, 52.02606876142211], [5.048846331634865, 52.026009460995326], [5.048862975971847, 52.026003037320166], [5.048879707589685, 52.025996631869695], [5.0488964826420455, 52.025990262494425], [5.048913271988462, 52.02598392911048], [5.048930090266995, 52.02597762277184], [5.04894692283975, 52.02597135242455], [5.04896379891485, 52.025965109164304], [5.048980689284228, 52.025958901895486], [5.048997550169338, 52.02595273948043], [5.049154062038849, 52.02589733625123], [5.049312726655432, 52.02584430288209], [5.049473441706954, 52.025793684011816], [5.049492266181825, 52.02578795858941], [5.049511163434902, 52.02578224236083], [5.049530060412288, 52.02577656208116], [5.049548971684156, 52.0257709177922], [5.049567897318308, 52.02576530050593], [5.049586837247064, 52.02575971921027], [5.049605791605762, 52.02575415592933], [5.049624731186604, 52.02574861956756], [5.049643699699909, 52.02574311025015], [5.049662653503062, 52.02573761886394], [5.049681621736306, 52.02573214549236], [5.049700589761926, 52.0257266990817], [5.049719557647525, 52.02572127064398], [5.049738554668794, 52.02571584228665], [5.04975750777209, 52.025710440765], [5.049776460803151, 52.0257050482283], [5.049795413694326, 52.0256996736645], [5.0498143665809625, 52.02569429909759], [5.049833304757591, 52.02568894246192], [5.049852228359602, 52.025683585781415], [5.049871151957096, 52.02567822909793], [5.0508943605583, 52.02538888659318], [5.050913298476987, 52.025383529783255], [5.050932236323769, 52.02537818195831], [5.050951188803459, 52.02537282518387], [5.05097017041866, 52.025367468489584], [5.05098915196185, 52.0253621207802], [5.051008148003188, 52.02535678209738], [5.051027173179977, 52.02535144349458], [5.05104616907739, 52.02534612278155], [5.051065208680352, 52.0253408021902], [5.051084291853985, 52.02533549969648], [5.051103389525687, 52.025330206229214], [5.0511225016281145, 52.02532493077641], [5.0511416427986635, 52.02531966439164], [5.051160812902554, 52.02531442505083], [5.051179997504549, 52.02530919473643], [5.051199225609895, 52.02530399150766], [5.051218482648693, 52.02529881532276], [5.051237754118267, 52.02529365715229], [5.051257069091252, 52.02528852606727], [5.051276412930336, 52.02528343101411], [5.051295727355595, 52.025278371826694], [5.051483381036143, 52.02523131445914], [5.051673050163089, 52.02518746232735], [5.051864588870045, 52.02514684197082], [5.052057880432359, 52.025109480012745], [5.052078423461329, 52.02510571849133], [5.052099024564993, 52.025101984096146], [5.052119639966345, 52.02509828569071], [5.052140255095531, 52.02509462323369], [5.052160869952654, 52.02509099672497], [5.0521814991747425, 52.02508739721803], [5.052202128192034, 52.02508382467149], [5.052222771574417, 52.025080279126705], [5.052243400182126, 52.02507676050088], [5.05226402851793, 52.02507327782333], [5.052284671353271, 52.02506980417166], [5.052305299414038, 52.02506635743883], [5.052325927270176, 52.025062937666384], [5.052346555056021, 52.02505952687832], [5.052367182704385, 52.025056134062616], [5.052387839355233, 52.02505275930213], [5.0524084522260635, 52.025049393401716], [5.052429064959588, 52.0250460454737], [5.052449662985835, 52.025042715476644], [5.052470261008973, 52.02503938547596], [5.052490844392105, 52.02503606441822], [5.05251142770502, 52.02503275234492], [5.052531996445013, 52.02502944022657], [5.052552550544982, 52.025026137051285], [5.052573104641873, 52.025022833872306], [5.05259364416586, 52.02501953064844], [5.052614183686823, 52.025016227420934], [5.052634694132049, 52.02501291511904], [5.052655204574303, 52.02500960281364], [5.052675685940757, 52.02500628143388], [5.052696167304182, 52.02500296005053], [5.052716634228855, 52.024999620646284], [5.052737115854504, 52.02499626330388], [5.052757553767418, 52.02499290583374], [5.052777977241482, 52.024989530342665], [5.052798386209666, 52.02498614581874], [5.052818766236151, 52.02498273424453], [5.052839131756724, 52.02497931363749], [5.052859482905415, 52.02497586602152], [5.052879805045287, 52.02497240034339], [5.052900112813278, 52.024968907656394], [5.052920391572397, 52.0249653969072], [5.052940641389663, 52.02496185910781], [5.052960891471851, 52.02495828535303], [5.052981097975171, 52.02495469349466], [5.053001290173482, 52.02495106563954], [5.053021453429859, 52.0249474107343], [5.053041646224733, 52.02494370198035], [5.053213924110071, 52.024910466995834], [5.0533847792729985, 52.02487454924902], [5.053554095060677, 52.02483595740375], [5.05456083391234, 52.02454743523779], [5.054566778077061, 52.02454552855541], [5.054585223898414, 52.02453962148674], [5.05460368435133, 52.02453370546834], [5.054622130229651, 52.024527789405894], [5.0546405907395195, 52.02452186439369], [5.05465906581428, 52.024515939419764], [5.054677526381123, 52.024510005413745], [5.056231916506372, 52.024010910833915], [5.0566442136251375, 52.0238471356233], [5.057048910528793, 52.02367630890724], [5.057446091223044, 52.02349888040801], [5.057834738936518, 52.02331441592516], [5.0582153144650865, 52.02312364487263], [5.058587061666223, 52.02292635849031], [5.058949557461744, 52.02272262758759], [5.0590461064151135, 52.02266530936408], [5.059065905034445, 52.022651549692505], [5.059071250011712, 52.02264784347708], [5.059116503655141, 52.02261586376494], [5.05916177246084, 52.02258379419576], [5.059167029941576, 52.02258009672047], [5.059211921259306, 52.02254783732871], [5.059256767292563, 52.02251578452187], [5.059262288513677, 52.02251188104858], [5.059307149109761, 52.022479819274885], [5.059351602167643, 52.02244769343234], [5.059357402288163, 52.02244350310905], [5.059402072429604, 52.02241156660352], [5.05944621841567, 52.022379574693204], [5.059452355709828, 52.022375097681774], [5.059496835266402, 52.022343304420744], [5.059540921855882, 52.02231144713234], [5.059547468575258, 52.022306764526796], [5.05959203389963, 52.022275178196566], [5.059637328268586, 52.02224350399533], [5.0596429225964155, 52.022239555766554], [5.05968824609699, 52.022207872638496], [5.059734228552479, 52.022175723939796], [5.0597384321775785, 52.022172679645955], [5.059783761517393, 52.022140178572705], [5.059828407034676, 52.02210754075841], [5.059833313764659, 52.0221039771011], [5.059878176234496, 52.02207154659911], [5.05992229431064, 52.02203929377511], [5.059928255305188, 52.022035005000696], [5.059972619603231, 52.0220029415938], [5.060017461987956, 52.02197123902568], [5.060023466343053, 52.021966995307814], [5.060068439185635, 52.021935373976305], [5.060113808604421, 52.02190330431979], [5.060118773040245, 52.0218998127163], [5.060164171655859, 52.0218677251451], [5.060209906995423, 52.02183540479853], [5.06021413936618, 52.02183240550842], [5.060259889333642, 52.02180006720668], [5.0603055540505215, 52.02176742305229], [5.060309420548344, 52.02176464744774], [5.060355070558606, 52.021732012221456], [5.060401579080728, 52.02169951418246], [5.060404800475312, 52.02169729405205], [5.0604522513780354, 52.02166541879257], [5.060499436083709, 52.021632077701675], [5.060500870705799, 52.02163113792218], [5.060547882674993, 52.021597499722624], [5.060578368858296, 52.021578457423125], [5.060598538504358, 52.02156563329337], [5.06059924134275, 52.02156514988063], [5.060646731450363, 52.02153185451848], [5.060647097503325, 52.021531603864325], [5.060695489690587, 52.021498463782905], [5.060695855677478, 52.02149822211658], [5.060744480107276, 52.021465190517034], [5.060744655848789, 52.021465065169615], [5.060793818333961, 52.02143216087571], [5.060793994075259, 52.02143203552823], [5.060818488205408, 52.02141553819118], [5.06084312911733, 52.02139888845666], [5.060891605680529, 52.02136612603199], [5.060892996645094, 52.02136517713858], [5.060941357108949, 52.021332342466216], [5.0609896066252364, 52.021300729859625], [5.060993163434699, 52.02129845671305], [5.061041920885674, 52.02126710614916], [5.061090485932971, 52.02123615950059], [5.061094788481396, 52.02123351091223], [5.061143890143068, 52.02120288930208], [5.061192859835218, 52.02117237516429], [5.061197568921328, 52.02116991644942], [5.061237814368067, 52.02114905841605], [5.061250786895632, 52.02114220038415], [5.061251489524265, 52.021141743931445], [5.061311025123705, 52.02111675076723], [5.061317866450239, 52.02111157452826], [5.06135209349486, 52.02110292373138], [5.061654767267186, 52.020925821724774], [5.0620240964888605, 52.02072386192429], [5.062404219677272, 52.02052968753726], [5.062794727414484, 52.020343513048225], [5.063085724958545, 52.020214201325174], [5.063090940330389, 52.020208184607135], [5.063100559797287, 52.02020760887216], [5.063133576399956, 52.0201929411319], [5.0631505747836965, 52.02018129427857], [5.063165214950933, 52.020175429324674], [5.063210316487519, 52.020155680537016], [5.063224782987858, 52.02014965331063], [5.063270304680501, 52.02013022024226], [5.063284771554189, 52.02012413908047], [5.063330466196515, 52.020104958133686], [5.063345049470578, 52.02009889526095], [5.063390932345698, 52.020079867607514], [5.063405501035136, 52.02007380468715], [5.063451796779386, 52.02005005036044], [5.063461995767894, 52.020045880915525], [5.06351253581986, 52.02002548183668], [5.0635229102007635, 52.02002123197495], [5.063573595620553, 52.020000869222216], [5.06358392615531, 52.019996637210966], [5.063634784262888, 52.0199765625283], [5.063644999342907, 52.019972177395346], [5.06369668601053, 52.01994427625411], [5.0636993036546105, 52.01994290825255], [5.063698894082774, 52.01994111847885], [5.063701441544735, 52.01993938176884], [5.063752569876153, 52.01991212621867], [5.063811049298047, 52.01988973546367], [5.063869745888593, 52.019867525039636], [5.0638827001392555, 52.01986309347737], [5.063941541304758, 52.01984102722544], [5.06400065765336, 52.01981917741575], [5.064023587868235, 52.01979299484548], [5.064068115815555, 52.01978803870643], [5.064099955266533, 52.019789051846686], [5.064131094861491, 52.01979014395211], [5.06414442401589, 52.01978624369238], [5.064193824096644, 52.01976828598033], [5.064207347806748, 52.019763667192315], [5.064256877720922, 52.019745880585425], [5.064270387561835, 52.01974116288219], [5.064320206330001, 52.01972371859173], [5.064333803696228, 52.01971898314478], [5.064383578128001, 52.019701619599644], [5.064397219120658, 52.019696893253176], [5.064447225105855, 52.01967973704407], [5.064460894962673, 52.01967504672208], [5.064511032077477, 52.01965788185708], [5.06452451214645, 52.019653244936805], [5.064575046369629, 52.01963555082978], [5.064587708602763, 52.01963119029547], [5.0646395004075195, 52.019610812138794], [5.064648643164237, 52.01960762839847], [5.064704494023196, 52.019583962666864], [5.064707940706955, 52.019582776676835], [5.064769270376396, 52.01956097748348], [5.064770599309928, 52.01956053171269], [5.064833724146111, 52.019542323686174], [5.0648371700476345, 52.01954124554842], [5.064898292404004, 52.01952394880067], [5.064903957505257, 52.019522202620564], [5.064963066694862, 52.0195052778335], [5.064970469080876, 52.01950302407729], [5.065028031350908, 52.01948646354054], [5.0650367766459645, 52.0194838449384], [5.0650932040394245, 52.01946707453697], [5.065102519033287, 52.01946424177172], [5.065158295218464, 52.01945091203261], [5.065171405531955, 52.01944702903466], [5.0652237236336655, 52.01943241348645], [5.065238015630811, 52.01942830001905], [5.065289474235777, 52.01941367310366], [5.0653042049418255, 52.01940932713463], [5.0653553553795225, 52.01939500494642], [5.065370510160893, 52.01939043542348], [5.065419176923119, 52.01938114879153], [5.065780388991446, 52.019281054079684], [5.066237116373294, 52.0191657229893], [5.066699891714611, 52.01905995204027], [5.0667289565663385, 52.01905367649026], [5.066758079553425, 52.0190474190676], [5.066787202211121, 52.0190412065778], [5.066816339235999, 52.01903502108445], [5.066845490563978, 52.01902887157551], [5.066874641691241, 52.01902274902339], [5.066903792617891, 52.01901665342804], [5.066932957911926, 52.01901058482913], [5.066962123005509, 52.01900454318701], [5.066991331730911, 52.018998510644465], [5.067020496551953, 52.0189925049399], [5.067049661172676, 52.018986526192144], [5.067078825721391, 52.01898055642513], [5.067107975630239, 52.01897459559922], [5.067137139970983, 52.0189686527818], [5.067166289671857, 52.01896271890555], [5.067195439300861, 52.01895679401003], [5.067224574290092, 52.01895087805573], [5.06725370927159, 52.01894496209422], [5.068971944871367, 52.01859603148281], [5.068984462321497, 52.018593494686336], [5.068996979833958, 52.018590948900446], [5.0690094973449975, 52.01858840311328], [5.069022029358689, 52.01858586635214], [5.069034561434697, 52.01858332060164], [5.069047108013411, 52.01858078387721], [5.069059640022793, 52.01857824711202], [5.069072186598672, 52.01857571038491], [5.069084747740883, 52.01857317369572], [5.069097308817947, 52.01857064599329], [5.06910986995732, 52.018568109301484], [5.069122445535584, 52.01856559062369], [5.069135021176258, 52.018563062956545], [5.069147596751696, 52.01856054427604], [5.0691601868297544, 52.018558034621584], [5.069172791474258, 52.01855552500513], [5.069185381549555, 52.01855301534796], [5.069198000631522, 52.01855052374413], [5.0692106197758955, 52.018548023150935], [5.069223238791304, 52.018545540532386], [5.069235872373166, 52.018543057951895], [5.0692484766904915, 52.018540593267325], [5.069261124709866, 52.01853812869945], [5.069273772664162, 52.01853567311817], [5.069286435121072, 52.018533226562916], [5.0692991121445, 52.01853078004559], [5.069311789039021, 52.018528351502916], [5.069324465868438, 52.01852593194695], [5.06933717183212, 52.01852351246819], [5.069349877666975, 52.01852111096411], [5.069362598004584, 52.01851871848598], [5.069375318277118, 52.01851633499447], [5.069388052988647, 52.01851396951692], [5.069400802266618, 52.018511604077304], [5.0694135514158685, 52.01850925661238], [5.069426315004144, 52.01850692716133], [5.069439093095168, 52.01850460673624], [5.069451871121217, 52.0185022952978], [5.069464663586323, 52.01850000187328], [5.069477470554197, 52.018497717474695], [5.0694902919612055, 52.018495451090025], [5.06950311330322, 52.01849319369193], [5.0695159636521145, 52.01849095434711], [5.069528813872397, 52.018488732976934], [5.069541663964028, 52.018486529581295], [5.06955454312632, 52.01848433525093], [5.069567422096245, 52.01848216788313], [5.069580315569075, 52.01848000954126], [5.069593223481134, 52.01847786921329], [5.069606145832385, 52.01847574689917], [5.069619082622838, 52.018473642598984], [5.069632019284791, 52.01847155627336], [5.069644970322307, 52.01846949694966], [5.069657950430566, 52.01846744669111], [5.069670930346593, 52.01846542339511], [5.069683910134188, 52.01846341807374], [5.069696918928896, 52.018461430805516], [5.069709942162909, 52.01845946155118], [5.069722965204879, 52.0184575192594], [5.069736002686134, 52.018455594981475], [5.06974906911097, 52.018453697744675], [5.069762135343713, 52.01845182747048], [5.069775216079543, 52.01844996622204], [5.069788296559732, 52.0184481409243], [5.069801406047164, 52.01844633367958], [5.0698145299104596, 52.01844455343676], [5.069827653645394, 52.01844279116845], [5.069840806260363, 52.018441064929256], [5.069853958747121, 52.018439356664594], [5.06986712560977, 52.01843767540181], [5.069880306848329, 52.01843602114076], [5.069893502462823, 52.01843439388159], [5.069906712453381, 52.018432793624186], [5.069919936819865, 52.018431220368576], [5.069933160931035, 52.018429683063566], [5.069946414049601, 52.0184281638116], [5.069959666912905, 52.018426680510096], [5.069972934215883, 52.01842521522242], [5.069986230335567, 52.018423794951794], [5.069999526327162, 52.0184223926557], [5.070012822063603, 52.01842102631013], [5.07002614674403, 52.018419687005625], [5.070039485737056, 52.01841838369083], [5.070052824475019, 52.01841711632658], [5.0700661775891795, 52.01841587596409], [5.070079545079668, 52.01841466260333], [5.070092926819352, 52.01841349422038], [5.070106322935366, 52.01841235283916], [5.070119733427787, 52.01841123845962], [5.07013314360164, 52.01841016901866], [5.070146568088393, 52.018409135567474], [5.070160006951638, 52.01840812911796], [5.070173460064168, 52.018407167646195], [5.07018682551533, 52.0184062418897], [5.070290081918897, 52.018400335929236], [5.07039361427956, 52.018396605761], [5.0704972915658395, 52.01839504204373], [5.070600997187086, 52.01839565345172], [5.070704599985044, 52.01839844862056], [5.070807998190679, 52.01840340031253], [5.070911060581976, 52.01841052615211], [5.071013670758399, 52.018419807851195], [5.07111571225556, 52.0184312361102], [5.071217054104231, 52.01844479260281], [5.071317608974822, 52.018460468108294], [5.07141723132936, 52.01847824426212], [5.071515819332692, 52.018498102817176], [5.071613256707795, 52.01852000751175], [5.071709426986915, 52.0185439490484], [5.071804228459382, 52.018569891205146], [5.071897544782301, 52.01859780670916], [5.071989274179872, 52.018627668326985], [5.072079300433973, 52.018659430810395], [5.072167521766771, 52.01869306692644], [5.0722538511568125, 52.01872852251733], [5.072338157625318, 52.01876577926067], [5.07242038334759, 52.01880477408888], [5.072500397405644, 52.01884547969196], [5.072578141972519, 52.018887833002516], [5.072653500822009, 52.0189317887738], [5.072726386862716, 52.01897730183679], [5.072796727632923, 52.01902431807353], [5.072864436101886, 52.019072783327196], [5.07292943980558, 52.01912264347981], [5.072991666404944, 52.01917382643738], [5.072999573237764, 52.01918059765712], [5.07300747963201, 52.01918743179237], [5.073015327567538, 52.01919429273571], [5.073023131738385, 52.01920116254995], [5.0730308920185525, 52.019208059211074], [5.073038593965891, 52.01921496470425], [5.073046252085516, 52.01922188805641], [5.073053866314431, 52.01922883825552], [5.073061422210518, 52.019235797286676], [5.0730689342788535, 52.0192427741768], [5.073076402519374, 52.019249768925874], [5.073083826995098, 52.019256772545944], [5.073091193011966, 52.019263802974166], [5.073098529832098, 52.019270842312196], [5.0731058082562726, 52.019277899470374], [5.073113042915589, 52.019284965499565], [5.073120233747062, 52.0192920493878], [5.0731273808135935, 52.01929914214701], [5.0731344986203, 52.0193062528041], [5.073141558031077, 52.01931338128141], [5.073148573739839, 52.01932050964176], [5.0731555601257705, 52.019327664888], [5.073162502809711, 52.01933482001727], [5.073169401665713, 52.01934199300565], [5.07317625675667, 52.01934917486507], [5.073183082587722, 52.01935637462244], [5.073189850148598, 52.01936357422402], [5.073196603017664, 52.01937079176237], [5.073203297553558, 52.019378018133004], [5.073209977397631, 52.01938526244046], [5.073216598971452, 52.01939250659213], [5.073223191348254, 52.01939975965375], [5.073229754465071, 52.01940703061333], [5.0732362884478, 52.019414301494905], [5.073242778665395, 52.019421581247656], [5.073249225054832, 52.0194288788595], [5.073255656878278, 52.01943617643212], [5.0732620449365475, 52.01944348287596], [5.073268403797656, 52.01945079822974], [5.073274733461708, 52.019458122493525], [5.07328101942342, 52.01946544664049], [5.073287290693208, 52.01947278872433], [5.073293518260686, 52.01948013069129], [5.0732997311991035, 52.0194874816071], [5.073305915003291, 52.019494832444934], [5.0733120549792465, 52.019502201141954], [5.073318180389055, 52.01950956979986], [5.073324276664646, 52.019516938379745], [5.073330343742963, 52.0195243158697], [5.0733363961922295, 52.01953170230854], [5.073342419507189, 52.01953908866939], [5.073348413624955, 52.01954648394028], [5.073354378608335, 52.01955387913322], [5.073360328962628, 52.019561283275], [5.073366250182565, 52.019568687338904], [5.073372156773348, 52.019576100351635], [5.073378034229808, 52.0195835132865], [5.073383897120017, 52.019590926182154], [5.073389745381104, 52.01959834802678], [5.07339556450773, 52.01960576979343], [5.073401369068188, 52.019613191520946], [5.073407144431246, 52.0196206221586], [5.073412919796216, 52.01962805279595], [5.073418666026792, 52.019635483355344], [5.0734243976910625, 52.019642913875664], [5.07343011472616, 52.01965035334493], [5.073435817194941, 52.019657792775064], [5.073441505097397, 52.019665232166105], [5.073447192875975, 52.019672689532904], [5.073452851645869, 52.01968012884574], [5.073458495849412, 52.0196875681195], [5.073464140054828, 52.01969500739301], [5.073469755062862, 52.0197024555766], [5.073475370135609, 52.0197098947719], [5.073480970642038, 52.019717333928156], [5.073486556519242, 52.0197247820333], [5.073492142461147, 52.01973222115022], [5.073497713836714, 52.019739660228005], [5.073503285214129, 52.01974709930554], [5.073508842025201, 52.019754538344], [5.0735143988380615, 52.01976197738221], [5.073519941084568, 52.01976941638133], [5.073525483332912, 52.01977685538019], [5.073531011077784, 52.01978428535196], [5.0735365533298005, 52.0197917243503], [5.073542066510076, 52.019799154282765], [5.073547594260443, 52.01980658425369], [5.073553122075526, 52.01981400523638], [5.074558923843047, 52.02116665919447], [5.074896122990568, 52.02151993536573], [5.075250754008863, 52.02186666838222], [5.075432140158812, 52.022038445359605], [5.07562195845066, 52.02220672998151], [5.076009827312416, 52.02253963488634], [5.077434341986153, 52.02353162201925], [5.077454641888613, 52.02354575987703], [5.077474941741722, 52.02355990671934], [5.077495256115042, 52.02357406258445], [5.077515555745402, 52.02358824537172], [5.077535826311811, 52.02360241909089], [5.077556111212136, 52.0236166287969], [5.077576366800096, 52.02363086538681], [5.077596607645163, 52.023645128898906], [5.077616819177946, 52.023659419294994], [5.077636972321478, 52.023673727510406], [5.077947162122255, 52.023901853305425], [5.078244986289503, 52.024136165648294], [5.0785301259512625, 52.024376412127864], [5.078802262274086, 52.02462233134394], [5.079061105602803, 52.024873652983345], [5.0790763712394655, 52.024889053706055], [5.079091607437947, 52.024904499290564], [5.079106785181902, 52.02491997168464], [5.079121919164852, 52.02493545295042], [5.0791369947550375, 52.02495095203782], [5.079152026522365, 52.024966468984964], [5.079167014404985, 52.02498201277985], [5.07918194395656, 52.02499756540838], [5.079196815053457, 52.02501314484667], [5.07944393878798, 52.025282833759185], [5.079676023501269, 52.02555755219906], [5.079892794194278, 52.02583700292785], [5.080093990723725, 52.026120843801266], [5.080114429916778, 52.0261510973423], [5.080203071904658, 52.02628589030267], [5.080287467301399, 52.02642171475471], [5.080422221214769, 52.02665095852067], [5.080449343597038, 52.026701138200636], [5.080473547941685, 52.02675189450583], [5.080488257332664, 52.02678699565587], [5.08050121637722, 52.02682237087929], [5.080512381728711, 52.02685796613479], [5.080522025426315, 52.026894483208366], [5.080529977786269, 52.02693116665251], [5.080536224602844, 52.026967962501466], [5.080536238189463, 52.02696810634752], [5.08056066723268, 52.02698392620768], [5.080561152055312, 52.0269854734348], [5.080564475431612, 52.026989553727006], [5.0805719164437955, 52.02699236841885], [5.080644217691086, 52.02701143177242], [5.080666621347082, 52.02700809255265], [5.0806800148447255, 52.027003408620295], [5.080690243575655, 52.027001278078686], [5.080704787704266, 52.02699026946742], [5.0807495911678835, 52.02695857691865], [5.080796078300894, 52.02692783249043], [5.0808442052069065, 52.02689806303099], [5.0808939279284475, 52.02686930437678], [5.080945173490344, 52.02684157431235], [5.080997883242721, 52.0268149266123], [5.081052013413986, 52.02678937014901], [5.081107505416609, 52.02676494970918], [5.081164271645586, 52.02674169202766], [5.081222282900954, 52.026719606015114], [5.081281451455768, 52.02669873638252], [5.081341704399522, 52.02667909192706], [5.081402997840426, 52.02666069949758], [5.081465258807298, 52.026643576879444], [5.0815283996976435, 52.02662775080822], [5.08159236211172, 52.026613239107334], [5.084521926023781, 52.02598243723883], [5.084926129798365, 52.02589552604276], [5.08531502534778, 52.02581191782391], [5.0858779536890975, 52.02569070676157], [5.086220256616255, 52.02561689928665], [5.086544584564871, 52.0255226507822], [5.086864143135445, 52.02542240310392], [5.087178669248764, 52.025316263478466], [5.087410679693245, 52.025232329507475], [5.087638289787851, 52.025143925756765], [5.087861294790732, 52.025051159589395], [5.088079460946595, 52.0249541203194], [5.088222916921326, 52.024886695790556], [5.088362995299941, 52.024816619995846], [5.088499564525443, 52.024743955530795], [5.088632507553549, 52.024668774016185], [5.088761692773041, 52.02459114703611], [5.0888870178348755, 52.02451112827263], [5.088977881037558, 52.024449133282694], [5.089065274255465, 52.02438525990001], [5.089149094906683, 52.024319597754335], [5.089229255160503, 52.02425220954817], [5.089305667068425, 52.02418317596006], [5.089378213484947, 52.02411258658279], [5.089446835604877, 52.02404052216816], [5.089511445545161, 52.02396705440621], [5.089571650119767, 52.02389215534548], [5.089627666456386, 52.02381604125718], [5.089679421306426, 52.023738774879476], [5.089726870203933, 52.02366047295173], [5.089769939843776, 52.02358120719937], [5.0898085858223645, 52.023501085373006], [5.089842763916306, 52.02342018825893], [5.089872444293779, 52.02333862364344], [5.089905849242303, 52.02322927699989], [5.089933925288547, 52.023119368617266], [5.089956642735994, 52.02300898830602], [5.089973986339112, 52.02289824388885], [5.089985941031708, 52.02278721622343], [5.089992491509727, 52.022676022118944], [5.089994873693707, 52.02251010649814], [5.089988878281475, 52.02234422366164], [5.08997451886255, 52.02217853542934], [5.089951794456575, 52.02201320358267], [5.0899107969092725, 52.02179349210516], [5.0898591003406715, 52.021574643423925], [5.089796732789843, 52.02135684634693], [5.088280118993708, 52.01809639324077], [5.088259911846397, 52.01805291107606], [5.08824547846774, 52.018021811296606], [5.088227283826518, 52.01798238790249], [5.08821108690572, 52.017947050209756], [5.0881753698051595, 52.017867917491756], [5.088144188081884, 52.017796822721586], [5.088111261176806, 52.017718748684025], [5.0880818432961945, 52.01764533043679], [5.08805250052099, 52.01756722054302], [5.088026516274388, 52.01749230098789], [5.0879859357610755, 52.017358372903026], [5.087952717191524, 52.017223690524716], [5.0879268742283585, 52.01708837972835], [5.087908434740432, 52.01695262035333], [5.087897441462691, 52.01681654733456], [5.087893893247549, 52.016680322458505], [5.0878977890069645, 52.01654409852225], [5.087909142160259, 52.01640803734653], [5.087927907918347, 52.01627229161455], [5.087941686998605, 52.01619615180407], [5.0879582855822045, 52.01611662162347], [5.087975726994875, 52.01604175844672], [5.087995895575068, 52.01596205756636], [5.088015463514922, 52.015889401889304], [5.0880382331490654, 52.015808467239275], [5.088048656834646, 52.01577231629146], [5.08806040496569, 52.01573197122662], [5.088069736386372, 52.015700140817124], [5.088082837891162, 52.0156556286714], [5.088590666078126, 52.01393170786044], [5.088609057602683, 52.013869187753336], [5.088622100426043, 52.01382457651853], [5.088638441615435, 52.01376807329007], [5.088652805531556, 52.013717560164416], [5.088668147879258, 52.01366229476807], [5.088682067953754, 52.013610612049135], [5.088696285278655, 52.0135558471348], [5.08870924732867, 52.01350364965703], [5.088711164936114, 52.013495673010766], [5.08873000594228, 52.013155509026326], [5.088727902754649, 52.01281499532896], [5.088705346482953, 52.012474825251715], [5.088661897627602, 52.01213544707722], [5.088640024953807, 52.01206681177004], [5.088619318148487, 52.01200465989581], [5.08859909785631, 52.01194601464328], [5.088576894490213, 52.01188331967429], [5.088556155351, 52.011826048289784], [5.088532606480066, 52.01176200167085], [5.088513818278725, 52.011711440412526], [5.088487358098235, 52.01164057335383], [5.087551763644434, 52.0091385183318], [5.087421476885789, 52.00879684222588], [5.087290705329089, 52.00845390637347], [5.086747158271496, 52.007000046894575], [5.086741434587277, 52.006984815279175], [5.086737369688036, 52.006974162886436], [5.086732099474645, 52.00696081095993], [5.086727269549384, 52.006949131960575], [5.086715946040767, 52.00692409791183], [5.086703383094557, 52.00689928540359], [5.0866896095998575, 52.00687473046204], [5.086682811019563, 52.00686342394046], [5.086674828370705, 52.00685059539182], [5.086668342737633, 52.006840404204034], [5.086659002462615, 52.0068258734206], [5.086606043596938, 52.0067437749029], [5.086596588055141, 52.00672906405612], [5.086589756536435, 52.00671833268917], [5.086581212029622, 52.006704594891815], [5.086573650106638, 52.00669201907946], [5.0865582358550725, 52.0066645657342], [5.086544192503309, 52.00663683725321], [5.086531519928656, 52.0066088516131], [5.086526145461216, 52.006595858938006], [5.086520488455857, 52.0065815622531], [5.08651619441902, 52.00657034301058], [5.086510399313689, 52.00655492244832], [5.086263733671777, 52.00589609582636], [5.0865542341084495, 52.00585372156236], [5.086906999678192, 52.00679591932926], [5.086945517048833, 52.006898923374614], [5.086962386234152, 52.00694405116453], [5.087617536388079, 52.00869638584937], [5.087708806594231, 52.00894836823704], [5.08778923706505, 52.00917046421531], [5.088737608889482, 52.01170696546234], [5.088758846189302, 52.011763824621525], [5.088773971623519, 52.01180449854151], [5.088793001074281, 52.01185606704523], [5.088809837487957, 52.01190229999436], [5.0888279846739515, 52.01195294047273], [5.08884463799859, 52.012000431298176], [5.08886185479098, 52.01205080875581], [5.088877789981175, 52.01209897187026], [5.088893841766921, 52.01214931940645], [5.0889086958701215, 52.01219797412741], [5.088923334245894, 52.01224840796032], [5.0889367726603645, 52.01229749052388], [5.088949735013572, 52.01234807290666], [5.088961437640475, 52.01239752857406], [5.08897238864647, 52.01244830359956], [5.088982049770376, 52.012498104633124], [5.089000013252746, 52.01261366627152], [5.089011842529671, 52.01272951797058], [5.089017494573014, 52.012845551765], [5.0890169701717305, 52.012961641823146], [5.089010284740419, 52.01307765336133], [5.088997439068256, 52.013193460545985], [5.0889846583521265, 52.01327540041606], [5.088968401437195, 52.01336093574189], [5.088950736067731, 52.013441407150076], [5.088929817062737, 52.01352704750741], [5.088909210816551, 52.01360507566116], [5.0888849914272525, 52.01369194801802], [5.0888738521402175, 52.01373073976195], [5.088861240868597, 52.013774021866986], [5.088851224933642, 52.01380816956366], [5.088837156513162, 52.01385589712452], [5.088328316773694, 52.015580148995724], [5.088311206982941, 52.01563816023134], [5.088299058785089, 52.01567955592308], [5.088288682319751, 52.01571521266301], [5.088251851035518, 52.016004412747016], [5.0882303839153975, 52.01629420009254], [5.088225452465263, 52.016487586236146], [5.08822859121876, 52.016680992862085], [5.088239801239313, 52.01687427616122], [5.088259651657371, 52.0170673027531], [5.088287852194538, 52.017259928085565], [5.088324389229295, 52.01745202628339], [5.088392313734991, 52.01773907432385], [5.088475706067794, 52.01802456165125], [5.088495896808015, 52.01806834933516], [5.088515485984113, 52.018110598511264], [5.088543018394306, 52.018169792565345], [5.090254898218689, 52.02184737241474], [5.090271762372983, 52.021883610299604], [5.0902837849883555, 52.02190954451993], [5.09029895225855, 52.02194242553469], [5.0903124519345715, 52.02197192279121], [5.090342099696438, 52.02203800665353], [5.090367843092121, 52.02209747436162], [5.090394815079906, 52.02216283241168], [5.090418636148112, 52.02222439849494], [5.090442008240579, 52.02228997216568], [5.090462250555783, 52.02235295834059], [5.0904881829237505, 52.02244775899448], [5.090508750565645, 52.02254305845284], [5.09052395422119, 52.02263873987407], [5.090533765431807, 52.02273469533064], [5.090538155857328, 52.02283079891818], [5.090537140805513, 52.02292693382968], [5.090530706386132, 52.023022992172066], [5.0905188679069635, 52.0231188571368], [5.090501655305161, 52.02321440296339], [5.090479054631766, 52.023309530744555], [5.0904511249639, 52.02340411479178], [5.090417881552336, 52.02349804728165], [5.090379368906858, 52.023591202487616], [5.090335631359931, 52.02368348164646], [5.090286727934026, 52.02377476805506], [5.090232717653309, 52.02386494500966], [5.09017365942445, 52.02395391378204], [5.090109626785242, 52.02404156669213], [5.09004069327548, 52.02412779605947], [5.089966961576529, 52.02421249427662], [5.089888490603425, 52.02429556261346], [5.089805397611833, 52.0243768934988], [5.089717770601468, 52.02445639726343], [5.089625726773611, 52.024533975323585], [5.089529354133078, 52.02460953800966], [5.089428799026127, 52.024682986811385], [5.089324163973113, 52.024754241083784], [5.089215595326134, 52.024823202316526], [5.089103195491438, 52.024889807840765], [5.0889871108865865, 52.024953950158356], [5.088867487573363, 52.025015575699335], [5.0887444572256735, 52.02507460389322], [5.088618195230132, 52.0251309542804], [5.0884888185765345, 52.025184564230095], [5.088356517107188, 52.02523537129661], [5.08822142238697, 52.0252833128868], [5.088083724203367, 52.025328335544195], [5.087943568696117, 52.02537037671374], [5.087844539800521, 52.02539791647848], [5.0877400187047925, 52.025425316362], [5.08764073171356, 52.0254500150383], [5.087534271980832, 52.02547531556566], [5.0874366469964345, 52.0254976544104], [5.087327527560878, 52.025521923330764], [5.0872786744859795, 52.02553261170733], [5.087224116652739, 52.025544453996375], [5.087181057191212, 52.02555376392186], [5.087120853026898, 52.025566733277735], [5.086823362898541, 52.02563080662964], [5.08662934048061, 52.02567254706234], [5.086358741360475, 52.02573079162376], [5.085231363917956, 52.0259738049739], [5.084882943811848, 52.026048762338014], [5.08462681555054, 52.02610383128898], [5.081827611929827, 52.02670650829091], [5.081781588136413, 52.02671643772998], [5.081748988778635, 52.02672352575199], [5.081707910107295, 52.02673262309868], [5.081671543449899, 52.026740887766216], [5.081632051706067, 52.02675016896632], [5.081595578553086, 52.02675908947043], [5.0815573654271295, 52.02676889527675], [5.081521484363094, 52.02677859027681], [5.081464603735643, 52.026795142659815], [5.081408676625961, 52.026812883929054], [5.081353775944623, 52.026831805287095], [5.081299960154772, 52.026851879922724], [5.081247302229157, 52.02687309005054], [5.081195846122449, 52.02689539983373], [5.081145679378804, 52.02691879152495], [5.081096831321835, 52.02694323823753], [5.081049389680726, 52.02696869526033], [5.081003398227783, 52.0269951537207], [5.080958900981249, 52.02702256879376], [5.080915956407731, 52.02705091366892], [5.080874623035665, 52.02708015254736], [5.080834944761825, 52.0271102585804], [5.080796980238537, 52.02714117799327], [5.080760744160751, 52.02717289284953], [5.080726309690729, 52.027205358400316], [5.080693706279369, 52.02723852978292], [5.080662977887023, 52.0272723711607], [5.08063413927176, 52.027306855608884], [5.080607249149818, 52.02734192036463], [5.079970795068685, 52.02828280611834], [5.079954279054368, 52.028307174897996], [5.079937558719775, 52.0283315880831], [5.0799308479696945, 52.02834125083233], [5.079867022146971, 52.028428898699644], [5.079798629696054, 52.0285152313295], [5.0797257587015885, 52.02860015007419], [5.079700650943458, 52.02862794784493], [5.0796751653535495, 52.028655591824915], [5.079582762756459, 52.02875191939611], [5.079486304769692, 52.02884672628781], [5.079385864665649, 52.02893994976436], [5.079356849565815, 52.02896588568765], [5.079328409563891, 52.02899082542061], [5.079299431197357, 52.02901564689316], [5.079269798142555, 52.02904031384821], [5.0792394815650095, 52.02906478126898], [5.079208365202871, 52.02908900391019], [5.079176478877312, 52.029112882979334], [5.07915202327697, 52.02913050773378], [5.079148040429605, 52.02913332858969], [5.079126649296139, 52.02914818401013], [5.079100986897339, 52.02916541910642], [5.079074670377412, 52.029182418793674], [5.079047524509697, 52.02919923654205], [5.079019710505012, 52.02921573795021], [5.078991609009736, 52.02923166335692], [5.078982775241138, 52.02923639498143], [5.078960132264419, 52.029261637415374], [5.07895689925061, 52.02926560172408], [5.078909950695555, 52.02927391874088], [5.078869676048205, 52.029292805315805], [5.078826939925027, 52.02931152364579], [5.078784577822631, 52.02932882280942], [5.078780338155545, 52.02933084303365], [5.078762908155353, 52.02933753851725], [5.0787183872791575, 52.029355146589985], [5.0787016193436205, 52.02936091801744], [5.078654515548377, 52.02937694637204], [5.078637504586613, 52.0293820340531], [5.078588685198828, 52.0293953794138], [5.078573506288975, 52.0293989259213], [5.07855194291676, 52.02940489149015], [5.078503451539919, 52.029417150107065], [5.078454340317044, 52.02942842736915], [5.078431414575038, 52.029433319753245], [5.078395416590049, 52.02944054174969], [5.07837640482077, 52.02944415907657], [5.078358619521553, 52.029447420089625], [5.078322365423499, 52.029453742575626], [5.078285924303532, 52.02945971402157], [5.0782495293045145, 52.029465335038715], [5.078213180055561, 52.02947065955519], [5.0781769345330146, 52.02947573266396], [5.078140806874998, 52.02948061731936], [5.078108209700267, 52.029484900032905], [5.078075758853148, 52.029489093239825], [5.078043424943132, 52.02949323281571], [5.077404271487449, 52.02957500862291], [5.077344372369353, 52.029582706723126], [5.077328270794766, 52.02958479456018], [5.07728505534167, 52.02959051418248], [5.077238177477327, 52.029596943204545], [5.077230942902449, 52.02959795780545], [5.077211995537614, 52.02960066730921], [5.077192245436475, 52.02960356344875], [5.077146120906522, 52.02961062358847], [5.077111897096411, 52.029616205028695], [5.07709822743514, 52.0296185149525], [5.077078356766716, 52.02962198599818], [5.07704468261066, 52.029628153096766], [5.077011457920284, 52.029634644943435], [5.07697858038386, 52.02964150620979], [5.0769579002402745, 52.029646134576595], [5.076912819450042, 52.02966028004889], [5.076868533712478, 52.0296753443915], [5.0768250868023514, 52.0296913187326], [5.076815516044293, 52.02969511348351], [5.07681136599994, 52.029703111003414], [5.076792431556235, 52.02972708647424], [5.076737667768417, 52.02974437918406], [5.076716026022869, 52.02975528770173], [5.076680902669761, 52.02975397272247], [5.076660652109282, 52.02976388721116], [5.076622115495492, 52.02978409886085], [5.076584695431843, 52.02980509541281], [5.07654843588157, 52.02982684103135], [5.076523037505032, 52.02984362685451], [5.076498553562488, 52.02986092740971], [5.076491961736591, 52.02986590744182], [5.076475229085921, 52.02989174023165], [5.076459109182759, 52.029970002605886], [5.0764506403871525, 52.02997877967797], [5.076441915283576, 52.02998669320937], [5.076427067543217, 52.0299991655626], [5.076417278915819, 52.030013350025754], [5.076371770921341, 52.03005749666055], [5.076358727594526, 52.03007662500922], [5.0763484638754415, 52.03009627301742], [5.076327854672447, 52.03013264766148], [5.076318771182831, 52.03015020453928], [5.076304506952127, 52.030170974493664], [5.076247180601172, 52.03021516179079], [5.076241463861753, 52.030226318988475], [5.076241390442286, 52.030226399688196], [5.0762401486289725, 52.030231061267656], [5.076233667971192, 52.03026200838833], [5.076228862295532, 52.03029306778857], [5.07622573185487, 52.03032420351663], [5.076224276777419, 52.03035539759655], [5.076224512012601, 52.03038659613893], [5.076226295256422, 52.03039630806525], [5.076230942211548, 52.03041752341504], [5.0762362886748065, 52.03043873162316], [5.076242347846806, 52.030460130463894], [5.076243501648964, 52.03046395348], [5.076248905269162, 52.030481126152154], [5.076256116616287, 52.030502384222984], [5.076263852864111, 52.03052359873812], [5.076272055414571, 52.03054481448355], [5.076280724268384, 52.03056603145918], [5.076289771933381, 52.03058725842214], [5.076299183838325, 52.03060849533389], [5.0763089016344, 52.03062975102846], [5.07631889592906, 52.030651061380944], [5.076322960692185, 52.03065958390098], [5.0763290800403436, 52.030672318304454], [5.076337384250169, 52.03068939076911], [5.076345761138171, 52.03070649038938], [5.076354210579761, 52.03072363514135], [5.076362703743167, 52.030740780008024], [5.076532350917622, 52.031083514843935], [5.076562348655585, 52.03109073954832], [5.076581152204422, 52.0310920564667], [5.076594216999319, 52.031107703359375], [5.076636253547523, 52.03114195124622], [5.076596235883265, 52.03115912098111], [5.07658264916303, 52.03118513285253], [5.076592565001406, 52.03120518462967], [5.076621271288669, 52.031209529700774], [5.076689268963562, 52.03122791899036], [5.076677528116345, 52.03125883428758], [5.076670409321169, 52.031276746907444], [5.076657788057587, 52.031283301957686], [5.076637000249318, 52.0312949407523], [5.0767111119289465, 52.031444663219204], [5.0767116292979955, 52.03144570720991], [5.076753576808999, 52.03153072895296], [5.076999557716304, 52.03206330546527], [5.07721750379416, 52.03260050844605], [5.077407199426751, 52.03314177123044], [5.077568414389452, 52.03368652709658], [5.077578912569027, 52.03372578801013], [5.077592050197299, 52.03377534730309], [5.077925085609537, 52.03503410603627], [5.077951040943422, 52.03513334951494], [5.077981343416867, 52.03524889093949], [5.0782550403924835, 52.03627946312009], [5.078304982784299, 52.036467931914586], [5.078786816906587, 52.03829008666344], [5.078799643743116, 52.03833860234296], [5.078823169010596, 52.03842725116621], [5.078837008122668, 52.03847905016623], [5.078846899091909, 52.03851580164984], [5.078870964786135, 52.038604308064926], [5.078895512333854, 52.03869269888881], [5.078915535358507, 52.03876296673832], [5.078960092212119, 52.03887494089029], [5.078980397712653, 52.03889358151764], [5.078996500662143, 52.03890448133565], [5.0789856854989335, 52.03891094248652], [5.078977528059667, 52.03891877678928], [5.079043575920485, 52.0390847540227], [5.079181846370842, 52.0394049320527], [5.0793675745874305, 52.03979728293876], [5.079570877403604, 52.04018629985119], [5.0797473494105665, 52.04049904482845], [5.079934377808787, 52.04080946215994], [5.079944542683981, 52.04082348321998], [5.079974375029466, 52.040864358231744], [5.080004353426954, 52.04090519766385], [5.080034463116756, 52.04094602844209], [5.080064689647287, 52.04098683255245], [5.080095032957254, 52.041027618982866], [5.080125463650193, 52.04106842360914], [5.08015593830883, 52.04110920137729], [5.080186456748502, 52.04114997925132], [5.080224413848652, 52.041200645487656], [5.080965087440066, 52.04218901336874], [5.080984269196617, 52.0422145985537], [5.082243392790561, 52.04389420760801], [5.082432625422266, 52.04409093542443], [5.082631051984209, 52.04428418131947], [5.08283852782471, 52.0444737920748], [5.082999191151862, 52.04461104250819], [5.083166128425963, 52.044745405738006], [5.083339209154348, 52.044876782531496], [5.083518288262423, 52.045005073618306], [5.083663511073375, 52.04510259169105], [5.0838141200991975, 52.04519695962591], [5.083969912061756, 52.045288060033265], [5.084130712708758, 52.045375793574934], [5.084296333267066, 52.04546005188761], [5.0844119763156534, 52.04551539251928], [5.08453068317026, 52.04556822422765], [5.08465229396431, 52.045618474687764], [5.084776677921407, 52.045666080638135], [5.084903675048902, 52.04571098773063], [5.085033110775252, 52.04575314158031], [5.085164868833481, 52.04579248795241], [5.085298759949978, 52.04582899040158], [5.085434638761094, 52.04586258563133], [5.085572315868283, 52.04589325517377], [5.085711660420592, 52.045920944758954], [5.085852468500143, 52.045945626895076], [5.085994594494686, 52.045967274240255], [5.086137849060615, 52.045985859341585], [5.086282072066828, 52.04600134583351], [5.0864270885029255, 52.04601374225387], [5.086648298132664, 52.04602846307302], [5.0868702251971865, 52.0460383856384], [5.087092578210402, 52.04604349122737], [5.087315080201854, 52.04604377014461], [5.08753746865739, 52.04603923070981], [5.087811398296457, 52.04602862001907], [5.088084676848291, 52.046012892787054], [5.088357070871685, 52.045992066402555], [5.088628303196399, 52.045966158145795], [5.088980543760154, 52.04592648676652], [5.0893308416679375, 52.04588073344111], [5.089678919526818, 52.04582894242717], [5.093540950946566, 52.04499119387314], [5.093598800539903, 52.0449786557815], [5.093736613669381, 52.04494894278754], [5.093805818217226, 52.044934203817995], [5.093875123577493, 52.04491964482154], [5.093918402176704, 52.044910665551754], [5.093944792244201, 52.044905248475196], [5.094014488195493, 52.044891130787846], [5.094084502960813, 52.044877292484735], [5.094154588095537, 52.04486383181691], [5.094155492950052, 52.04486366329289], [5.094225356280603, 52.04485067840261], [5.094296208767857, 52.044838001526806], [5.094367232900327, 52.04482581938267], [5.094395454672191, 52.04482114378514], [5.094438982759439, 52.04481410638224], [5.094510713835224, 52.044803031449334], [5.094582601047383, 52.04479259501839], [5.09459530882197, 52.04479082895101], [5.094637968565138, 52.04478505664566], [5.094794134723048, 52.04476614678914], [5.094951255436183, 52.04475060065729], [5.095109170164491, 52.04473845380094], [5.095267674932818, 52.04472969672319], [5.095426580049851, 52.044724364904454], [5.095585681541343, 52.04472244885006], [5.095744804468795, 52.04472395711454], [5.095903744799597, 52.04472888919327], [5.09606231313574, 52.04473723563086], [5.096220305502455, 52.0447489869367], [5.096377532559086, 52.044764124669534], [5.096533819482129, 52.04478263941279], [5.096688947834895, 52.044804503667244], [5.096842757484733, 52.04482969007817], [5.0969950592031985, 52.04485816223214], [5.097145634491048, 52.044889901620614], [5.097294337904029, 52.044924862951724], [5.097440965748386, 52.044962991802514], [5.097585357941407, 52.045004251834655], [5.0977273253033015, 52.0450485976508], [5.097866693344708, 52.045095965914136], [5.098003302092208, 52.04514630231237], [5.098136976993255, 52.04519955249786], [5.098267558243288, 52.045255635195424], [5.098394885860933, 52.045314496094285], [5.098518799978009, 52.04537606290811], [5.098639169934521, 52.04544025443435], [5.098755835856434, 52.04550699838724], [5.098868652559178, 52.04557620454114], [5.098977489316083, 52.045647800682175], [5.099082200994386, 52.04572168759685], [5.0991826714961315, 52.04579778411902], [5.099278784778143, 52.04587600009467], [5.099370410275581, 52.045956236345866], [5.099457432055151, 52.046038384742296], [5.099539763161063, 52.04612236418867], [5.099617302289213, 52.04620805760167], [5.09968993344045, 52.0462953658382], [5.099757584343711, 52.04638418986157], [5.099820168321868, 52.046474403635024], [5.099877613041706, 52.046565917108886], [5.099929846341081, 52.046658613268924], [5.099976810690385, 52.04675236614803], [5.100018433808381, 52.04684707670684], [5.100054687258635, 52.04694262803595], [5.100085498929724, 52.04703889413075], [5.100110854902135, 52.0471357671041], [5.100130712158627, 52.04723313000886], [5.100145042316018, 52.04733085694495], [5.100153846029557, 52.047428840058416], [5.100157094972478, 52.04752694445952], [5.100154789799508, 52.04762506229279], [5.100152241338396, 52.047665601552254], [5.100148789250304, 52.04770611164559], [5.100148569788709, 52.04770851094241], [5.1001456635983935, 52.04773662773008], [5.100142131100852, 52.04776693609612], [5.100138190720148, 52.047797198527526], [5.100133915630364, 52.0478273702619], [5.1001314793929025, 52.04784356992969], [5.100129275639106, 52.04785761301199], [5.100124374342869, 52.047887684350634], [5.100119181491808, 52.04791775497855], [5.100113755740613, 52.04794777110986], [5.100108126186144, 52.04797774180354], [5.100102307578248, 52.04800764013116], [5.100100394256566, 52.048017306699734], [5.100096343015197, 52.04803756506709], [5.100090247823172, 52.048067399802974], [5.10008407990844, 52.04809720739681], [5.100077854078827, 52.04812695193213], [5.100071569873327, 52.04815670531289], [5.100069524995473, 52.048166425488965], [5.099898510253322, 52.04897608197872], [5.099901474148134, 52.04916173905375], [5.099912558865035, 52.04934727211344], [5.099931765311943, 52.04953255532373], [5.09995449473821, 52.04968453710303], [5.099984341511062, 52.04983605086414], [5.100021291930589, 52.04998697073426], [5.100065317717586, 52.05013717080398], [5.1001095127763865, 52.05026555707567], [5.100160668348573, 52.05039295361346], [5.100218741619191, 52.05051922548201], [5.100283646151599, 52.050644219662445], [5.10035532454741, 52.05076780118178], [5.100412868561622, 52.05085849664483], [5.100475582077069, 52.05094787441421], [5.100543363703112, 52.05103583536576], [5.10061614126099, 52.05112227145752], [5.100693813470418, 52.05120706558836], [5.100776308090325, 52.05129011870371], [5.100863509199252, 52.05137132265415], [5.100980247625234, 52.0514707183537], [5.101102382091372, 52.05156761934919], [5.101229767572172, 52.05166190842633], [5.101362258865467, 52.05175349533465], [5.101499710937196, 52.05184226285976], [5.101678459018025, 52.051950373871556], [5.101862741638388, 52.0520549027602], [5.102052340740419, 52.05215575010298], [5.102247067474927, 52.052252807560116], [5.102319398744858, 52.05228646322026], [5.102342120738334, 52.052276064960736], [5.102397973227178, 52.05225311845931], [5.102473297170548, 52.05222654283856], [5.102574389630662, 52.052281380941785], [5.1027354899662285, 52.05231094541706], [5.102857985197965, 52.052340497415315], [5.103029766468228, 52.05235950823639], [5.103095039993001, 52.05237742616647], [5.103206202429715, 52.052375617872265], [5.103310944537792, 52.05227577849755], [5.103319575092782, 52.0522758172662], [5.103332846609878, 52.05224979266224], [5.103373369567928, 52.05216804440385], [5.10342717756396, 52.052048892580935], [5.103479198589953, 52.05193561466341], [5.103533002665167, 52.05181699307875], [5.103557219235818, 52.051763886607546], [5.103574296875978, 52.05172614163188], [5.103864339689531, 52.05171293477047], [5.104239066236326, 52.05170739971214], [5.104409197831944, 52.051724166521275], [5.104888170773719, 52.05184234941354], [5.105018370601203, 52.05188007884312], [5.105233954221247, 52.05202516890189], [5.10512242652563, 52.05220318143926], [5.1049034529618025, 52.0525333930836], [5.105056482400311, 52.0526711700379], [5.105100435582246, 52.05269711612677], [5.105160264564815, 52.05272553598018], [5.105169155958773, 52.05268416694881], [5.105209587715364, 52.05268589954985], [5.10525785288841, 52.052717042046204], [5.105190282328309, 52.05276271079993], [5.105188418960881, 52.0528409929018], [5.105301548608243, 52.05294837506633], [5.105338314045378, 52.05298367848264], [5.10534448928324, 52.053040291468896], [5.105348985961291, 52.053060148001705], [5.105344708658028, 52.05307493222257], [5.105332747009208, 52.05315474511351], [5.10535648168468, 52.05321505826468], [5.1053795442629815, 52.053243174344786], [5.105392641042294, 52.05325172640723], [5.105398091880527, 52.05325433701038], [5.105449234877197, 52.053282376415716], [5.105453259791558, 52.05328453420069], [5.105496488837152, 52.05329825455882], [5.105540268130614, 52.05331257842049], [5.105583768639208, 52.05332718921947], [5.105627048397744, 52.05334213203534], [5.105670078192031, 52.05335741578676], [5.10571284321761, 52.0533730763911], [5.105755212432068, 52.05338908657124], [5.105782991379705, 52.05339986675791], [5.105810347035509, 52.05341072682027], [5.105901492390121, 52.053448694550326], [5.105990438937771, 52.053488580420456], [5.106077114126465, 52.053530330333814], [5.106161386972776, 52.05357390803046], [5.106243155763449, 52.05361925934427], [5.10632234799873, 52.053666321190704], [5.106398847383266, 52.053715039369145], [5.106472581358073, 52.053765359783156], [5.106543433625001, 52.05381722823224], [5.1066113463707286, 52.053870563690765], [5.1066762323966985, 52.05392532101554], [5.106737990092522, 52.05398142806484], [5.106796590743314, 52.05403881287014], [5.10685191804411, 52.054097421230814], [5.106903943390196, 52.054157163202134], [5.106952579632916, 52.05421798465242], [5.106997768950099, 52.05427980455544], [5.107039482621309, 52.05434255094179], [5.107077648186559, 52.05440615173789], [5.107112222456376, 52.0544705169634], [5.107143162015563, 52.054535592589595], [5.107170438308675, 52.05460127968205], [5.107194022554828, 52.05466751525821], [5.107213871561566, 52.05473420933638], [5.107229985762245, 52.054801290014545], [5.107242307383665, 52.0548686672758], [5.107250866017767, 52.054936269286706], [5.107255603834374, 52.05500401501764], [5.107256565061101, 52.05507182368104], [5.107253706447157, 52.05513961428123], [5.107247057696637, 52.05520729700729], [5.107236619241786, 52.05527479995468], [5.1072223915714146, 52.05534204223053], [5.107214990916715, 52.05537139782324], [5.1072066076701566, 52.05540166786897], [5.107197525253115, 52.05543182839521], [5.107187801983705, 52.055461879540445], [5.107177467076673, 52.05549181238583], [5.107166564270541, 52.055521627035134], [5.107155122667866, 52.055551332545434], [5.107143186063586, 52.05558092003256], [5.107130783560509, 52.055610398553654], [5.107117973477491, 52.05563976824727], [5.107104755757609, 52.055669038101115], [5.107091203299949, 52.05569820828839], [5.107077330683879, 52.05572727884364], [5.107063181592539, 52.05575625885877], [5.107048785129216, 52.05578515739091], [5.107034185033561, 52.055813974544], [5.107019410408875, 52.055842719375285], [5.10700450493876, 52.055871400976656], [5.10698948325932, 52.05590001039479], [5.106976056112835, 52.05592544180841], [5.106962600184703, 52.05595081023511], [5.106949129661275, 52.05597617862552], [5.1066562885695035, 52.05652723548997], [5.106587061810775, 52.05665735344271], [5.105971656425309, 52.05781237854248], [5.105957875197555, 52.057838285359594], [5.1059443427282085, 52.05786404895879], [5.105927424978074, 52.05789717473237], [5.105892399655644, 52.05797177339211], [5.105861423419816, 52.058047055815976], [5.105834540653057, 52.05812292324393], [5.105811766351264, 52.058199312797655], [5.105793130373995, 52.058276116693335], [5.105778662299111, 52.05835327208672], [5.105768377406438, 52.058430671158476], [5.1057622761130395, 52.05850825099378], [5.105760373699285, 52.058585903772304], [5.105762670695425, 52.058663548602524], [5.105769167575219, 52.05874111358027], [5.105779850400877, 52.05881849980232], [5.105794719758876, 52.058895617387776], [5.1058137323792465, 52.05897239432673], [5.105819666487484, 52.058993350804016], [5.1058295187131435, 52.059026585413136], [5.105839734406481, 52.0590599916632], [5.106134251000273, 52.060018737561215], [5.106276975068569, 52.060448781587894], [5.106428484051001, 52.060873552339494], [5.106481365327231, 52.06102121817618], [5.106527053123057, 52.061148733482796], [5.106612906796791, 52.06138918115828], [5.106643938349025, 52.06147745537389], [5.106674373687388, 52.06156548548168], [5.1067089782656465, 52.06166769975448], [5.106808836229057, 52.061982116793345], [5.107421427949093, 52.06399723266116], [5.107468971238232, 52.06416478496922], [5.107509904622579, 52.06433300466356], [5.10755751167189, 52.06457451122129], [5.107589287065405, 52.06479184712572], [5.107610282627687, 52.065009687740414], [5.107628123557201, 52.06525866464768], [5.107629839886657, 52.06528273886647], [5.1076314903180915, 52.065305689415645], [5.107632813543656, 52.06532499001761], [5.107635406923045, 52.06536742002837], [5.107636806164984, 52.06539790201389], [5.107637650464377, 52.06542850851643], [5.107637808459711, 52.06545925720061], [5.107637155580059, 52.06548907818641], [5.107636296560618, 52.065507537717664], [5.107635551651596, 52.065519400250075], [5.107632930996773, 52.065549063770284], [5.107629307645075, 52.065575821753754], [5.107634518757334, 52.065579716976096], [5.107646909713336, 52.06561787390982], [5.107648512339717, 52.0656204572973], [5.107649446328546, 52.065622688562726], [5.107650780927198, 52.06566586159824], [5.107639646954816, 52.065704322256636], [5.107636990631753, 52.065716342040815], [5.107616688498837, 52.06575402594901], [5.107595321227789, 52.065784786485786], [5.1075886244879065, 52.065796931505176], [5.107588254742509, 52.06579775753367], [5.107562759756951, 52.06583794578222], [5.107560766877288, 52.06584180593912], [5.107538462953543, 52.06588008728692], [5.107535794860084, 52.065884646913446], [5.107513508733549, 52.06592240698844], [5.107510754763701, 52.065926705755544], [5.107487868882889, 52.06596475202164], [5.107486187968154, 52.065967696130905], [5.1074798519564855, 52.06598511801752], [5.107476995924639, 52.066008084835495], [5.10747661997004, 52.06602857682239], [5.10749053182104, 52.0660777298316], [5.1074760190697654, 52.066089739449716], [5.107415708835715, 52.066121234428095], [5.107359408831093, 52.06612475892705], [5.107356852194332, 52.06612548089331], [5.107315122208098, 52.066156831184095], [5.107310708679661, 52.06616064963589], [5.107273418463798, 52.06619330474202], [5.107268667543692, 52.06619743697461], [5.107246440667703, 52.066225660759535], [5.107241338807807, 52.066236937700715], [5.107239512756036, 52.06624909426887], [5.107244052594611, 52.06629970808125], [5.107230520390851, 52.06631114475921], [5.107169057169037, 52.06636835183929], [5.107159882718975, 52.06637322855826], [5.107152817467055, 52.06637897314608], [5.107068382998911, 52.06643879505743], [5.107065802307647, 52.066441026961755], [5.107063313053773, 52.066442629916], [5.106954410542976, 52.06649022369392], [5.1069449352493965, 52.06649422783465], [5.106925533618808, 52.06649740842926], [5.106828342782136, 52.06652151705903], [5.106810006311583, 52.06653857780155], [5.106786051401492, 52.066546915701096], [5.106712642955073, 52.06658787059397], [5.106689048205004, 52.06658759872696], [5.10661676158075, 52.06658449654243], [5.1065722945575995, 52.066575393583854], [5.106563822617504, 52.06657520263816], [5.106560462554092, 52.066576129400566], [5.106497548818477, 52.06659234692015], [5.106490814384501, 52.066594155466404], [5.106430820794421, 52.066609822642654], [5.106422947545077, 52.0666118351986], [5.10636304952765, 52.06662620828102], [5.106354286960114, 52.06662817377282], [5.106294312958818, 52.066640704077834], [5.106284121200783, 52.06664266615823], [5.106224467798858, 52.06665290522526], [5.106211287428737, 52.06665469838883], [5.106153075284605, 52.066660689482276], [5.1061421984032185, 52.066660277057125], [5.106088492913009, 52.066668543867564], [5.106050863735235, 52.06667368519016], [5.106013777244304, 52.066678333449644], [5.105976722227538, 52.06668261326034], [5.105939756850649, 52.066686551725276], [5.105908002757746, 52.066689711662804], [5.105902603519114, 52.066690229075014], [5.105865947885484, 52.066693610993575], [5.105829205874959, 52.06669681293248], [5.105792567073858, 52.066699835344245], [5.105756045727188, 52.06670273219161], [5.105727608175807, 52.06670492928475], [5.105718649476606, 52.066705608961996], [5.105681413922742, 52.06670844116383], [5.105611188589522, 52.06671380109231], [5.105598144290928, 52.06671482153541], [5.105563607129124, 52.066717588242255], [5.105516170195446, 52.06672158244481], [5.105469081504899, 52.06672585609194], [5.105421990259753, 52.06673053417885], [5.1053638624709885, 52.066736992465664], [5.105305977888443, 52.066744197318194], [5.105131283592511, 52.06677817684701], [5.104958506377461, 52.066815693032915], [5.104857055954003, 52.06683969995653], [5.104756934410002, 52.06686572331285], [5.104658229405886, 52.066893736350934], [5.104561072353873, 52.06692371242527], [5.104465521805802, 52.0669556157277], [5.104375231609067, 52.06698819669524], [5.1042866221909895, 52.067022489368014], [5.104199766747626, 52.06705844898495], [5.104114753002699, 52.06709603980825], [5.104031668624206, 52.06713523508809], [5.104029737268629, 52.06713622812756], [5.103993623592497, 52.067155295008526], [5.1039578580744385, 52.067174650334344], [5.103923245717792, 52.06719383764688], [5.103817897945977, 52.06725502708542], [5.103716108785815, 52.06731845403866], [5.1036180099465644, 52.0673840469279], [5.103523689445326, 52.06745172508111], [5.10343329369382, 52.06752139897879], [5.103346925297853, 52.06759298798402], [5.103322156319847, 52.067614517756], [5.103297853715869, 52.06763609358659], [5.103270981244158, 52.06766044953371], [5.103244486783218, 52.06768498614746], [5.103218326638697, 52.06770969433469], [5.103192457116276, 52.06773456500223], [5.103166892800065, 52.067759598185354], [5.103141590166674, 52.06778475782707], [5.103116519991662, 52.06781005284508], [5.103091653164269, 52.06783547418135], [5.103066989855872, 52.067860994872035], [5.103042471730919, 52.06788661477669], [5.103018098846655, 52.06791232490747], [5.102993827565362, 52.06793810718292], [5.102969643303227, 52.06796396156795], [5.102945517006517, 52.06798987001645], [5.102921404809179, 52.06801585039874], [5.102897498015133, 52.0680416335332], [5.10204746512953, 52.06895869454237], [5.101917675656725, 52.06909862183616], [5.098046840538336, 52.07326833262238], [5.097873648994276, 52.073455399360874], [5.097671475969789, 52.07367366425028], [5.0975047487434315, 52.07385307048263], [5.096876202441541, 52.07453031411866], [5.096642938804767, 52.074781864456426], [5.096435530593586, 52.075004806081196], [5.096251006745351, 52.07520304161945], [5.0941042995839965, 52.07751618452357], [5.093963178594527, 52.07766811881939], [5.092058886809742, 52.0797167229852], [5.091920672033366, 52.079866064523614], [5.091839770711453, 52.07995386424646], [5.091724893851455, 52.08007914897672], [5.0917231157209315, 52.08008111291166], [5.091721220115656, 52.080083193397265], [5.091719353982714, 52.08008522901627], [5.091717546735276, 52.08008718389005], [5.091715827549133, 52.080089058091716], [5.091714137835309, 52.08009088742677], [5.091712477178482, 52.08009273481079], [5.091710581572222, 52.08009481529625], [5.0917087594393475, 52.080096815072984], [5.091707010839287, 52.0800987251532], [5.0917051446457, 52.08010076975987], [5.091703425458515, 52.08010264396134], [5.091701647326111, 52.080104607895926], [5.091699854664979, 52.080106562805994], [5.091698194006928, 52.08010841018984], [5.091696489347726, 52.08011029341571], [5.091694725802584, 52.08011225738678], [5.091692947669413, 52.080114221321196], [5.091691257597586, 52.080116104583574], [5.091689523524542, 52.08011802368798], [5.091687759919488, 52.08011999664684], [5.091685966901011, 52.08012200548431], [5.091684129881285, 52.080124050163825], [5.091682381219754, 52.08012596923159], [5.0916806910876815, 52.0801278614817], [5.0916788980686265, 52.08012987031909], [5.091677237468196, 52.080131708714696], [5.0916756059247765, 52.08013356515927], [5.091673915792133, 52.080135457409334], [5.091672078415167, 52.08013755601626], [5.091670167979818, 52.080139672416266], [5.091668404373001, 52.080141645374844], [5.091666787713519, 52.08014345691613], [5.091665273762797, 52.08014517883408], [5.091663465798271, 52.080147241562294], [5.091661672718253, 52.080149259387326], [5.091660129294528, 52.08015102617169], [5.091658394803332, 52.0801530081912], [5.091656601485414, 52.080155061967936], [5.0916549404676115, 52.08015696327879], [5.091653206035314, 52.08015893631029], [5.0916514421301855, 52.08016095420835], [5.091649751639315, 52.08016290038568], [5.091648208214706, 52.080164667169896], [5.091646532252133, 52.0801666223717], [5.091644841820198, 52.08016855956103], [5.09164326856633, 52.08017042513941], [5.091641416242423, 52.08017257763698], [5.09163976981127, 52.080174478984155], [5.091638314328846, 52.080176183072105], [5.091636741074436, 52.080178048650396], [5.091635064814044, 52.08018004879174], [5.0916333886128635, 52.08018203994515], [5.09163171235217, 52.080184040086415], [5.091630036150692, 52.08018603123978], [5.091628477424171, 52.08018790584245], [5.091626874636904, 52.08018982527509], [5.09162521296352, 52.080191825452836], [5.091623551290045, 52.080193825630595], [5.091621963090303, 52.08019574509978], [5.0916203454770566, 52.08019770044745], [5.091618683743776, 52.080199709613105], [5.091617110131514, 52.080201629118754], [5.091615521871851, 52.08020355757574], [5.0916138893733, 52.080205557826524], [5.091612286287986, 52.08020752219864], [5.091610712615806, 52.08020945069216], [5.091609080057457, 52.080211459930815], [5.091607550445657, 52.0802133435943], [5.091606167722253, 52.08021507482853], [5.091604475921223, 52.08021721873994], [5.091602711002349, 52.08021938943223], [5.0916013282785695, 52.08022112066645], [5.091599798309834, 52.080223058257445], [5.091598297813743, 52.08022495098193], [5.091596782432703, 52.08022688860954], [5.091595193577545, 52.08022890694562], [5.0915937810835885, 52.080230727986], [5.091592265345924, 52.08023271954115], [5.0915906174855134, 52.08023483659824], [5.091589234463921, 52.080236612772005], [5.09158786567394, 52.08023844290998], [5.091586393996403, 52.08024038963509], [5.091584583708797, 52.08024280289179], [5.091582980205182, 52.0802448301791], [5.091581846781032, 52.080246364300244], [5.091580257152633, 52.080248499479374], [5.091578785474432, 52.080250446204396], [5.091577416624227, 52.080252285330204], [5.091575826757901, 52.08025445646105], [5.091574075355255, 52.08025678897243], [5.091572780394373, 52.080258484474015], [5.091571720384231, 52.08025994687445], [5.0915702771686995, 52.08026200152783], [5.0915698797909865, 52.080262530828605], [5.091571795646065, 52.08027284497252], [5.09157770884163, 52.08028975741068], [5.09161993074529, 52.080339998850036], [5.0916324463394655, 52.08035562456663], [5.091633032720149, 52.080361818830816], [5.091633100556633, 52.080395722076126], [5.091645533566117, 52.080445942741925], [5.091623480754766, 52.08051371157602], [5.091621627534655, 52.080546917920906], [5.091604465020171, 52.08061418669091], [5.091621605294422, 52.08065188077583], [5.091665525688546, 52.08071890721692], [5.091678147006802, 52.080756095618995], [5.091719730629609, 52.08083680504052], [5.091733158263627, 52.080866778021175], [5.091751461739874, 52.080896250899166], [5.091794459795647, 52.08097488758836], [5.091822904201874, 52.08101070449239], [5.091859478062708, 52.081052599728196], [5.091903186679222, 52.08110982852777], [5.0919490504924045, 52.08118093132907], [5.091953565790759, 52.081188645429705], [5.0919533725855946, 52.081193606370796], [5.091986169440981, 52.08125522994851], [5.091983964022427, 52.0812821527389], [5.091985506362227, 52.081302667419244], [5.091995582083435, 52.081325531383456], [5.091995351518996, 52.081327310447605], [5.091996805782433, 52.08132800617209], [5.09199921996773, 52.0813291447166], [5.09200211408439, 52.08133050916508], [5.092004920908683, 52.081331837442576], [5.092007058806256, 52.08133284047378], [5.0920098078705704, 52.0813340787256], [5.09201350203171, 52.08133579571258], [5.092016483441851, 52.08133719633166], [5.092019014097307, 52.08133837111977], [5.09202164663384, 52.08133958211528], [5.092024453696435, 52.081340874440514], [5.092027304464769, 52.08134217586322], [5.092030053470931, 52.08134342310254], [5.0920331806465615, 52.08134484206231], [5.09203639493708, 52.08134632415673], [5.09203891112387, 52.08134748093204], [5.092040991143975, 52.08134841191297], [5.092044089558688, 52.081349767883864], [5.092047391320437, 52.08135125918509], [5.092050154975332, 52.08135249747254], [5.092053296859019, 52.08135389849238], [5.092056045866628, 52.0813551457311], [5.092058533292785, 52.081356239517326], [5.0920611953044475, 52.0813574056453], [5.092064293779621, 52.08135875262768], [5.092067450311801, 52.081360144695815], [5.092070301438286, 52.08136139218981], [5.092073268915694, 52.0813626939036], [5.092076163629612, 52.081363968470825], [5.092078942052195, 52.081365179830286], [5.092081822355931, 52.08136642739706], [5.092084615367152, 52.081367638792905], [5.092087408437745, 52.08136884120074], [5.092090303448836, 52.08137007082796], [5.092093300281838, 52.08137134565039], [5.09209648611097, 52.08137271981491], [5.092099468296718, 52.08137400358863], [5.092102188663736, 52.081375169861744], [5.092104981913089, 52.081376345305344], [5.092107978806199, 52.081377611139494], [5.092110902935771, 52.08137884982719], [5.092113914417502, 52.08138011569769], [5.092116809430052, 52.08138134532428], [5.092119515446707, 52.08138247560876], [5.0921226579866214, 52.081383777759406], [5.09212566946907, 52.08138504362963], [5.092128812009343, 52.081386345780174], [5.092131707022708, 52.08138757540637], [5.092134427687668, 52.08138869673902], [5.092137453818333, 52.081389953657556], [5.092140363598247, 52.0813911563562], [5.092143622608833, 52.08139249475026], [5.092146837795437, 52.08139384202255], [5.09214954381361, 52.08139497230633], [5.092152191774967, 52.08139605750428], [5.092155116203279, 52.08139725125116], [5.092158477155152, 52.08139861686413], [5.092161386876936, 52.08139982855023], [5.092164616949191, 52.08140113091886], [5.092168166660912, 52.081402631825306], [5.092170581743423, 52.08140363554724], [5.092172807829833, 52.08140453992716], [5.092175877964604, 52.08140576100243], [5.092179529973041, 52.08140723520026], [5.092183079922717, 52.08140870015454], [5.092185785942704, 52.0814098304374], [5.092188332143139, 52.08141086145137], [5.0921914457474315, 52.08141212757549], [5.0921945302345675, 52.081413384638516], [5.092197658427559, 52.081414650798976], [5.092200888383437, 52.08141597114246], [5.092203725462174, 52.08141713770532], [5.092206577247915, 52.081418286328656], [5.092209749028779, 52.081419579562116], [5.092212862634337, 52.08142084568565], [5.092216107179409, 52.08142216606526], [5.0922191333738835, 52.08142341399374], [5.09222189774897, 52.08142454442184], [5.09222483682855, 52.08142572921554], [5.0922279504349115, 52.08142699533865], [5.0922310349241, 52.08142825240076], [5.092233974004167, 52.08142943719425], [5.092237087611101, 52.08143070331715], [5.092240361275011, 52.081432032757014], [5.092243402059183, 52.081433280721335], [5.0922461373772725, 52.08143439310003], [5.09224900369426, 52.08143555074676], [5.0922521319495875, 52.08143680791782], [5.092255682081769, 52.08143824590606], [5.09225882462957, 52.081439548053154], [5.092261356245028, 52.081440579029014], [5.092264295326764, 52.081441763821715], [5.092267452641085, 52.081443039041254], [5.09227062442552, 52.081444332273016], [5.092273738034475, 52.08144559839497], [5.09227677887974, 52.08144683737047], [5.092279630609959, 52.08144799498], [5.092282686103094, 52.08144922500394], [5.092285916063981, 52.08145054534515], [5.09228876779473, 52.08145170295445], [5.0922917068778695, 52.08145288774652], [5.092294864193811, 52.08145416296527], [5.092298225154233, 52.08145552857427], [5.092301134942742, 52.08145673126899], [5.092303812147339, 52.081457807548546], [5.092307056816296, 52.08145910994979], [5.092310097663351, 52.081460348924445], [5.092312847573117, 52.08146146133807], [5.0923160923018305, 52.08146275475111], [5.092319249559938, 52.08146403895713], [5.0923221158807195, 52.08146519660217], [5.092325244140178, 52.081466453771256], [5.092328285047463, 52.081467683757516], [5.092331267779238, 52.081468886633914], [5.092334396039265, 52.08147014380278], [5.092337553357592, 52.081471419020374], [5.092340419620095, 52.08147258565292], [5.092343664350414, 52.08147387906516], [5.092346705140266, 52.081475127026835], [5.092349455111075, 52.081476230451635], [5.092352627018681, 52.08147750570534], [5.092355755279859, 52.081478762873665], [5.092357588554517, 52.08147950448198], [5.092605516006038, 52.08158005386303], [5.092619891332413, 52.081585860137736], [5.092727531397977, 52.08162939771679], [5.092849516167938, 52.0816790020214], [5.092910449029887, 52.081703997221325], [5.092940362190458, 52.08171633164281], [5.092971366248774, 52.08172916312413], [5.093032063764363, 52.08175447225641], [5.093092599458147, 52.08177999666759], [5.093131020674435, 52.08179635196485], [5.093417485852325, 52.08192273763272], [5.093697703686022, 52.08205432912359], [5.093971456213956, 52.08219100010632], [5.094238452462644, 52.082332633057376], [5.094498503568084, 52.08247911070823], [5.09457212921634, 52.082522193620164], [5.094625042158567, 52.08255359450025], [5.0946776186948535, 52.08258513833094], [5.094729917062311, 52.08261684323334], [5.094781937378433, 52.08264869123188], [5.0948337088205475, 52.08268068239933], [5.094885231564757, 52.08271278977221], [5.094936534729743, 52.08274502241111], [5.094987603961491, 52.08277734432835], [5.095018884049726, 52.08279725856188], [5.095349525039355, 52.083012650117595], [5.095672686346708, 52.08323230955294], [5.096906800578903, 52.08410205777444], [5.097148414431926, 52.08427562811158], [5.097789203309491, 52.08474194065417], [5.097940262546759, 52.0848528198429], [5.0979607180085855, 52.08485722026081], [5.097970604664279, 52.084860273499395], [5.097998778324523, 52.08487140694209], [5.09803462227707, 52.08488314341679], [5.09807894789633, 52.08490538977174], [5.098109512627936, 52.08492130172265], [5.098142373622424, 52.08494537148523], [5.098177138060845, 52.08496613829099], [5.098216364844874, 52.08498949560378], [5.098250929547418, 52.08500731380732], [5.098275890844374, 52.08502565673908], [5.0983281942685945, 52.085057413963575], [5.098352564043484, 52.085072474779864], [5.098374215631108, 52.08508597399404], [5.0984374845827, 52.085125460818105], [5.098455721136009, 52.08513686641775], [5.098471964731067, 52.085147368325714], [5.098543286991477, 52.085193705756], [5.098556639423108, 52.08520232206453], [5.0985689019910385, 52.08521026159723], [5.098645455468535, 52.085262166405556], [5.098655040366873, 52.08526904776998], [5.098664657403284, 52.08527547082019], [5.0987398603877265, 52.08533094951707], [5.098749227456268, 52.08533767754345], [5.098758139063048, 52.085344898799114], [5.09881702951456, 52.08540058021288], [5.09883015608338, 52.085412566467475], [5.098842966009801, 52.085430672828736], [5.098869592220036, 52.085471471929026], [5.098867298826373, 52.08550812869899], [5.098867295872481, 52.085508587083865], [5.0988595577402505, 52.085527550983954], [5.099415405861827, 52.08593551186218], [5.099472184376194, 52.08597726525062], [5.099519115590699, 52.086012073762355], [5.0995657384694475, 52.086047196085595], [5.099596648230793, 52.086070919128076], [5.099627264899264, 52.0860948481732], [5.099657573422781, 52.08611905508915], [5.099692768732581, 52.08614794771527], [5.099765953955081, 52.086211339321686], [5.099835481978085, 52.086276267917206], [5.099901251067266, 52.086342670343726], [5.099963174191905, 52.08641046550285], [5.10002119361493, 52.086479554391076], [5.100075222244717, 52.08654986489747], [5.100125202341032, 52.08662129801798], [5.100144346426355, 52.08665060082495], [5.100162934442784, 52.08668016292907], [5.100180303319254, 52.08670872438549], [5.100197175982735, 52.08673731159547], [5.100213640030412, 52.0867659157844], [5.10022973934709, 52.08679451908307], [5.100245561587868, 52.08682310372886], [5.100261150580171, 52.08685166084043], [5.100275253065147, 52.086877679694275], [5.1002892683140235, 52.08690365339363], [5.10053775111859, 52.08736449231347], [5.100596581949886, 52.0874735169019], [5.100808895990132, 52.08786672187871], [5.100813481494762, 52.08787520877287], [5.1008365115223375, 52.087917589561314], [5.100859952427342, 52.087959611819734], [5.100875942074262, 52.08798724404473], [5.100892443845665, 52.08801465280905], [5.100908866951428, 52.088040677216284], [5.100954073250399, 52.08808790247157], [5.101001722183642, 52.08813420786652], [5.101051726385099, 52.08817956622196], [5.101104042489413, 52.0882239145132], [5.10115059952148, 52.0882607617416], [5.101198840004509, 52.08829675916779], [5.101248749406655, 52.088331897766324], [5.101300254948322, 52.08836615039444], [5.101353342326562, 52.08839947207498], [5.10142513349706, 52.08844220464175], [5.101499151936678, 52.08848347750517], [5.101575310444839, 52.08852323652142], [5.101598922370075, 52.088531769474685], [5.1016298003536695, 52.0885426209696], [5.101661000207171, 52.08855333841479], [5.101692492519772, 52.088563957691015], [5.101724262471441, 52.08857451471458], [5.101756236822193, 52.088585054248206], [5.101777320244385, 52.088591981166665], [5.102786376955176, 52.088923410080746], [5.103482837229564, 52.08915309751171], [5.1034949517429276, 52.089157081414974], [5.103504475923471, 52.089153077675235], [5.103513676024956, 52.089147257564086], [5.103517574631119, 52.08914451659398], [5.103533405874727, 52.08914222677256], [5.103600759041277, 52.08913059644687], [5.103625916631995, 52.08913249052367], [5.103741674767699, 52.08914057052723], [5.1037452605295925, 52.08914114539648], [5.103748525463625, 52.089141692530085], [5.10388088493267, 52.08916643125386], [5.103884937378252, 52.08916704319256], [5.103889019347168, 52.08916760127358], [5.104013539752568, 52.08918833030693], [5.104025480172269, 52.08918985999341], [5.104039224626879, 52.08919222091402], [5.104130684010508, 52.08921259178851], [5.104159579516202, 52.08922331202487], [5.104202685275067, 52.089250415667436], [5.104216651708367, 52.089256902625515], [5.104230286743018, 52.08926503360396], [5.104232250373983, 52.089266009028506], [5.104377533597399, 52.08926608797288], [5.104770135297867, 52.089266310023156], [5.104801753933779, 52.08926635879433], [5.104829329757792, 52.0892665776363], [5.1048771650289675, 52.08925181692743], [5.104878380099671, 52.08925118168377], [5.104885377203721, 52.089252232066436], [5.104948545128371, 52.08925869292782], [5.104952497502007, 52.08925898101959], [5.104965596644466, 52.08925725071419], [5.105031130888657, 52.08924248736813], [5.1050895022236, 52.08926453098062], [5.105105059712103, 52.08926631189009], [5.1051711325773885, 52.089267943999246], [5.105223413758107, 52.08928164103416], [5.105252515565611, 52.08928977293041], [5.105306900738797, 52.08930070663305], [5.105362408718309, 52.08933260317932], [5.105368718811112, 52.08933616855133], [5.105371260258387, 52.0893403900321], [5.105400082234607, 52.08936747706742], [5.105399622952495, 52.0893685815026], [5.105406756825456, 52.08937108824887], [5.1054290046665916, 52.08937861949534], [5.106419296156996, 52.08972892817955], [5.1065704326672225, 52.089782398512476], [5.106591120849089, 52.08978973707673], [5.106612201305482, 52.08979734621298], [5.106633600461626, 52.08980532461475], [5.106653745469426, 52.0898131921716], [5.106655695769866, 52.08981397877436], [5.106676405047109, 52.089822611655975], [5.106679926563495, 52.08982413901843], [5.106701125804449, 52.08983375276115], [5.106722261957015, 52.089844121347916], [5.106742767660057, 52.089854973787105], [5.106762192167479, 52.08986605734098], [5.10676842842131, 52.08986979323511], [5.106781872958267, 52.08987815715318], [5.106800123775721, 52.08989026254941], [5.1068180635709215, 52.08990310422495], [5.106835198161917, 52.089916375410496], [5.106851338990461, 52.089929895896624], [5.106861554024812, 52.08993903408872], [5.106867225978986, 52.08994434154822], [5.106881524629167, 52.089958450862845], [5.106895177393269, 52.089973178817104], [5.10690792360164, 52.08998821020901], [5.106919719592908, 52.09000352695898], [5.106930550887708, 52.090019111056705], [5.106940403006763, 52.09003494449191], [5.1069492761744115, 52.09005099131305], [5.106957141263651, 52.090067242463135], [5.1069639984986885, 52.09008366199052], [5.106969761513792, 52.09010006094071], [5.1069729344341726, 52.09011065642911], [5.106974687938428, 52.09011723986441], [5.106978378395129, 52.09013373275705], [5.106981088880804, 52.09015060081944], [5.106982748408786, 52.090167529300594], [5.106983371794292, 52.09018448228332], [5.106982915431395, 52.09020143269989], [5.106982207879384, 52.0902095652222], [5.106982796023902, 52.09023214465331], [5.106982377547598, 52.0902430461883], [5.106979457037963, 52.09025271939934], [5.106973463638471, 52.090275426997415], [5.106949978090597, 52.09035355840243], [5.10691375309708, 52.09037595145877], [5.106910942797934, 52.09037967482735], [5.1068999444611425, 52.09039306787064], [5.10688871609272, 52.09040591209371], [5.106877476280326, 52.0904182529566], [5.1068663849651585, 52.09043018072014], [5.1068662821504045, 52.09043028833255], [5.106848360037257, 52.090449516142684], [5.1068446140272545, 52.09045353389112], [5.106775687333914, 52.09052745864286], [5.106715060470518, 52.09059247794455], [5.1067030143770324, 52.090605401097044], [5.106630341166605, 52.09068334350526], [5.106607982381276, 52.09070732439808], [5.106557667759072, 52.090761276879576], [5.106519531277583, 52.09080218967652], [5.106485198998032, 52.09083911182697], [5.106476369271292, 52.090848699051534], [5.106445455335726, 52.09088266326584], [5.106415095319913, 52.090916709683576], [5.106380908985306, 52.09095592410864], [5.106366900594239, 52.0909722580192], [5.1063474515993965, 52.090995230140585], [5.1063370720470145, 52.09100762692871], [5.10631666407961, 52.0910322685415], [5.106299547437091, 52.091053277823725], [5.106282737256116, 52.09107427884545], [5.106262201490126, 52.09110067281773], [5.106242482767502, 52.09112707772136], [5.106223653313361, 52.09115361057364], [5.106210308531002, 52.091173460381896], [5.106197590438394, 52.09119342852705], [5.1061856161636285, 52.09121345237192], [5.106174326099542, 52.09123372951226], [5.106169733138445, 52.09124247294477], [5.106166142902348, 52.09124954698623], [5.10615832143903, 52.09126585067751], [5.106151171746009, 52.09128206608887], [5.1061446784985725, 52.09129831002865], [5.106138856401787, 52.09131456455597], [5.10613343608845, 52.091331898609035], [5.106128847547105, 52.09134922565653], [5.106125149032112, 52.09136656381352], [5.106122310627201, 52.0913840298537], [5.10612092165658, 52.091396079543394], [5.1061197531276905, 52.09141252492431], [5.10611940223582, 52.09142889136173], [5.106119897713312, 52.09144525082867], [5.106121210434288, 52.09146159426761], [5.106123355104281, 52.09147790373742], [5.10612633183703, 52.091494161262275], [5.106130126098354, 52.091510357819374], [5.10613472341035, 52.09152647539787], [5.106140153126652, 52.09154248710355], [5.106146386064769, 52.09155839286674], [5.1061534223384495, 52.091574174711326], [5.106161247469782, 52.09158981462668], [5.1061698616288504, 52.09160528564872], [5.106179264759974, 52.091620596765225], [5.106189427906297, 52.09163571195482], [5.106200351068566, 52.09165063121719], [5.106212034416655, 52.091665327588395], [5.106224448824215, 52.091679792010716], [5.1062375944047735, 52.09169400650803], [5.106251441975363, 52.09170797101059], [5.106266006297355, 52.091721658589044], [5.106281243652606, 52.091735060151], [5.1062971540978115, 52.09174816670824], [5.10631372321081, 52.09176095126189], [5.106330907329605, 52.09177339573155], [5.106349970742427, 52.091786330030715], [5.106369678797423, 52.09179885241092], [5.106390060678106, 52.09181096294144], [5.106411247202185, 52.091822742826004], [5.106425878476305, 52.091830426514065], [5.106446810772382, 52.091840866564596], [5.106468197791017, 52.09185093019514], [5.106490126574857, 52.091860698505336], [5.106512567827602, 52.09187018940125], [5.106535463012886, 52.091879429707426], [5.106558812130661, 52.09188841942365], [5.106582556644699, 52.091897185374535], [5.106606667258557, 52.091905745466235], [5.106631129154901, 52.091914135615596], [5.1066558985020185, 52.09192236470613], [5.106680960482581, 52.09193046865466], [5.106706271264849, 52.09193845634481], [5.106731845158861, 52.09194637275085], [5.106757609093049, 52.091954235674876], [5.106783592025564, 52.09196208113796], [5.106799525625848, 52.09196687371858], [5.106815503004868, 52.09197166640111], [5.106815619513782, 52.09197170263043], [5.106914644477826, 52.09200139196428], [5.10699282749958, 52.09202483890781], [5.1070459592502955, 52.0920407931481], [5.107072073328677, 52.09204868379921], [5.107090904963482, 52.092054408996276], [5.10712497042918, 52.09206483518378], [5.107177662269881, 52.092081147842244], [5.107233964314291, 52.092098844223536], [5.107290017217508, 52.092116719747665], [5.107308337070273, 52.09212262345623], [5.107310725350241, 52.09212339311122], [5.107368116209755, 52.092141999807474], [5.107437695756082, 52.092164590145735], [5.107527342484456, 52.092193699450426], [5.107566777720622, 52.092206511095874], [5.107695859983571, 52.092248422916605], [5.107824927840731, 52.0922903435492], [5.107894799069685, 52.09231303317612], [5.107897070859255, 52.092313766590905], [5.107954010588098, 52.092332255086966], [5.108066521295701, 52.092368788340636], [5.108083093521586, 52.092374175471114], [5.108212176753379, 52.09241608672588], [5.108238243894304, 52.09242455224263], [5.108341260171348, 52.092458006827016], [5.1083866520470895, 52.092472746742246], [5.108470343887569, 52.09249991779877], [5.108470649646528, 52.09250002637833], [5.108494328620472, 52.09250771321907], [5.108494401468239, 52.09250773136734], [5.10852022132477, 52.09251608838013], [5.108545911262912, 52.09252422037853], [5.108552974871445, 52.092526403195464], [5.108570467347836, 52.09253165761084], [5.108595303319102, 52.09253867306018], [5.108616020014257, 52.092544033955726], [5.108636725592368, 52.09254883756124], [5.108656035718301, 52.092552775012145], [5.108675611524925, 52.092556227731926], [5.108695394699778, 52.0925591865946], [5.108715356114193, 52.09256164254315], [5.108735933247062, 52.09256364155105], [5.108756615882128, 52.09256510152049], [5.108777389314935, 52.09256604039279], [5.108798195288618, 52.092566440054306], [5.108819019210534, 52.092566300470494], [5.1088398172480405, 52.092565630525996], [5.108860545624443, 52.09256443011742], [5.108881175155116, 52.092562699176014], [5.10890167665544, 52.09256043763285], [5.108921991700789, 52.09255765433828], [5.108942120290538, 52.09255434929227], [5.1089619894082965, 52.09255053131078], [5.108981598997542, 52.092546209381794], [5.109000890689814, 52.09254138336784], [5.1090198351888505, 52.09253607117599], [5.109038417902215, 52.0925302727721], [5.109056580349765, 52.09252400599437], [5.109074307883359, 52.09251727979662], [5.109091571262788, 52.092510103098114], [5.10910832665604, 52.09250248478377], [5.109124544711367, 52.09249445174872], [5.109140210836681, 52.09248600395881], [5.109155295736234, 52.092477159321355], [5.109169770058448, 52.0924679447315], [5.109183619211477, 52.09245836015509], [5.109196784660061, 52.09244843241852], [5.109209280940352, 52.09243817054438], [5.109221078701229, 52.092427601427865], [5.109232134111226, 52.092416733953904], [5.109242461595134, 52.09240559512092], [5.109252017265777, 52.092394202801856], [5.109260801012008, 52.092382574972625], [5.109268783538671, 52.09237072954062], [5.10927595014273, 52.09235868444739], [5.109282315193385, 52.09234647567924], [5.109287834859598, 52.092334112121065], [5.109292523622269, 52.09232161178326], [5.109296352074925, 52.09230901054886], [5.109299334754355, 52.092296317440244], [5.109301456957676, 52.092283550398996], [5.109302703814545, 52.09227075433047], [5.10930310607284, 52.09225767764122], [5.109302970611792, 52.09225129579452], [5.109302155100657, 52.09223928581509], [5.109300771958909, 52.09222704080815], [5.109298939317832, 52.092214336350345], [5.109296846704383, 52.092201199852504], [5.109292350175805, 52.092173362199276], [5.109277875993197, 52.092083923780756], [5.1092692194552365, 52.09203046032916], [5.109266313033761, 52.092012090857], [5.109263672840617, 52.09199314677591], [5.1092617343394995, 52.09197399762322], [5.109260806693144, 52.091954203712376], [5.109261000212549, 52.091934798931185], [5.10926105130299, 52.09193362161479], [5.109262337473311, 52.0919144980392], [5.1092647951151156, 52.0918947121079], [5.109268375593488, 52.09187504566804], [5.109273079074495, 52.091855471755764], [5.109278890853306, 52.09183600831237], [5.109285810760953, 52.091816682301506], [5.109293764944169, 52.091797637358006], [5.109300300803608, 52.091783757209924], [5.109307345973168, 52.091770102963544], [5.109314989175242, 52.09175648607836], [5.109325602619156, 52.09173921804906], [5.1093370170351475, 52.091722203572175], [5.10934907152322, 52.091705505184834], [5.109362413922391, 52.091688189654384], [5.1093762357715535, 52.09167120781053], [5.1093904205044245, 52.09165453241436], [5.109404866035011, 52.09163815423713], [5.109419441205739, 52.091622046005526], [5.109430077506929, 52.091610485443475], [5.10944066919048, 52.09159905959628], [5.109451216479902, 52.091587732512316], [5.10945130458787, 52.091587642839166], [5.109492332917821, 52.09154362604152], [5.109513324516416, 52.09152109745371], [5.109537621133115, 52.091495044334366], [5.109564987951856, 52.09146568184215], [5.109637642732454, 52.091387737596826], [5.109710297259511, 52.091309793305584], [5.109782951533134, 52.09123184896839], [5.109855620144708, 52.09115390461956], [5.109902479389636, 52.091103627720834], [5.109928273911334, 52.09107596019042], [5.110000927424423, 52.090998015715314], [5.110001500334162, 52.0909973968855], [5.1100735806840865, 52.090920071194304], [5.110131397614968, 52.0908580365994], [5.110146233745876, 52.09084211763941], [5.110218901089925, 52.090764173060776], [5.1102613086212445, 52.09071868518864], [5.110291553589058, 52.09068622840189], [5.110364205834764, 52.09060828369708], [5.110436857826945, 52.090530338946266], [5.1105095095656505, 52.09045239414955], [5.110555559428199, 52.090402986931274], [5.1105821756421745, 52.09037444934114], [5.110584687475012, 52.09037174982517], [5.110584731582204, 52.09037169600021], [5.110595366617406, 52.090360243185465], [5.110605650123411, 52.09034900525878], [5.110615333882743, 52.09033800860216], [5.110624301054942, 52.09032727091787], [5.110634480095421, 52.09031404638027], [5.110643857834181, 52.09030062222474], [5.110650562017446, 52.090290094944216], [5.110656844385279, 52.09027935096021], [5.1106630004846885, 52.09026778876541], [5.110668896494455, 52.0902558125091], [5.110674678382386, 52.090243413545586], [5.110680462544714, 52.09023064607627], [5.110684871222475, 52.090220868407975], [5.110723913205174, 52.09013426104458], [5.110743412086333, 52.09009098427005], [5.110750083730991, 52.09007626846682], [5.110757180902937, 52.090061167173864], [5.110764877640196, 52.09004585157249], [5.110770073203732, 52.090036237530924], [5.110778994811078, 52.09002105063324], [5.110788820951999, 52.090005883831466], [5.110799448377078, 52.08999091664476], [5.110810774059331, 52.08997629264053], [5.1108199473310885, 52.08996524084159], [5.110829264288619, 52.08995454890155], [5.110842295669301, 52.08994016258214], [5.1108552660678725, 52.0899261985576], [5.110902446013709, 52.089875580460316], [5.110975095875298, 52.08979763536706], [5.111047745483424, 52.08971969022778], [5.111120409429142, 52.0896417450768], [5.111193058530378, 52.08956379984566], [5.111265707378103, 52.089485854568586], [5.111338355972371, 52.08940790924554], [5.1114110189041355, 52.08932996391075], [5.111483666991526, 52.08925201849583], [5.111556314825409, 52.08917407303496], [5.11162896240584, 52.08909612752815], [5.111701624323673, 52.08901818200952], [5.111774271397237, 52.0889402364108], [5.111846918272614, 52.08886228177824], [5.111919564839217, 52.08878433608769], [5.1119922111524305, 52.0887063903512], [5.112002859799981, 52.088694973391625], [5.112013538065825, 52.08868348459566], [5.112023733008562, 52.08867229127708], [5.112033298832365, 52.088661375119536], [5.1120421779489345, 52.08865061015584], [5.112049017733581, 52.088641665010805], [5.112055390834358, 52.08863268282406], [5.1120633160189355, 52.08862044158897], [5.112070453689064, 52.08860813559918], [5.112076833579368, 52.088595675043486], [5.112082470170587, 52.088583077931936], [5.112087334171356, 52.08857036217251], [5.112091440062515, 52.08855754577519], [5.112094758552766, 52.08854464664782], [5.112097304178199, 52.088531673812426], [5.112099076773679, 52.088518654233], [5.112100061638718, 52.08850560585132], [5.112100258718627, 52.088492537655384], [5.1120996685668585, 52.08847935976578], [5.112098749574505, 52.08846983026586], [5.112097378659583, 52.08846023679499], [5.1120951033464825, 52.08844823241073], [5.112092275303879, 52.08843594810648], [5.112088997329903, 52.088423276265225], [5.112085444457243, 52.08841022628341], [5.112081719594179, 52.08839667256813], [5.112057372607128, 52.08830805628514], [5.1120335396996825, 52.088221274762134], [5.112033011567839, 52.08821936805833], [5.112028275019187, 52.08820187520434], [5.112023760870283, 52.08818380763257], [5.112019819515195, 52.08816513020857], [5.1120166053719895, 52.08814445912968], [5.112014661381547, 52.08812366518212], [5.112013980908415, 52.088103826919124], [5.112014452975968, 52.08808400932221], [5.112016062992193, 52.088064212357324], [5.112018839970698, 52.088044463056306], [5.112022739751517, 52.08802482423261], [5.112027359490187, 52.08800674202546], [5.112032926777348, 52.08798879685056], [5.112039456313029, 52.087970970765966], [5.112046947985525, 52.087953281747424], [5.112055239640399, 52.087935999058445], [5.11205927037163, 52.08792827872253], [5.11206804869678, 52.087912525140624], [5.112077248591423, 52.0878970242077], [5.11208665108795, 52.08788179338895], [5.112112653120864, 52.08784120999564], [5.112131458946466, 52.08781297739544], [5.112140425631117, 52.08779980382407], [5.112150863065924, 52.08778472821172], [5.11217064452248, 52.087756803475536], [5.112190950435212, 52.08772900579228], [5.112203852446594, 52.08771175182209], [5.112211883930431, 52.08770117361682], [5.112233165524957, 52.087673674808094], [5.112257912182291, 52.08764264277518], [5.112272289813223, 52.08762505967962], [5.112283431873516, 52.087611648491766], [5.112300010849413, 52.087591985292796], [5.112324391841026, 52.08756346006535], [5.112324480045673, 52.0875633524141], [5.112368215108619, 52.08751230324686], [5.112436330368484, 52.087432818690935], [5.11246234196752, 52.08740246366765], [5.112504430795702, 52.08735333406052], [5.112533410889084, 52.08731950755318], [5.112572545570907, 52.08727384942354], [5.112604494081857, 52.08723656041642], [5.112640645568669, 52.08719435572411], [5.1127087598591485, 52.08711487100597], [5.112751641638787, 52.08706482637178], [5.112776917953475, 52.087035341409496], [5.112845323562129, 52.08695585728926], [5.11291397651865, 52.08687644560871], [5.1129340487683175, 52.08685330307336], [5.112983066934033, 52.086797034905075], [5.113052666599871, 52.08671781409389], [5.113122819449516, 52.086638756312325], [5.113193525315792, 52.08655988852311], [5.113264769661625, 52.086481201703556], [5.113336552485151, 52.086402695852485], [5.113408829739507, 52.08632441580725], [5.113429361928495, 52.086302325858995], [5.1134811924106645, 52.08624644150988], [5.113553015443115, 52.086168394010436], [5.113583361630505, 52.08613519058876], [5.113624430862468, 52.08609015677125], [5.113695905160286, 52.086011793791755], [5.113767379152502, 52.085933439755685], [5.113838852894075, 52.085855085675135], [5.113910326439898, 52.08577672256211], [5.113981799680172, 52.085698368392485], [5.114053272669803, 52.08562001417842], [5.1141247454087955, 52.08554165991979], [5.114196217951935, 52.08546329662872], [5.1142132708255135, 52.08544460496595], [5.114267456262059, 52.085385022632195], [5.114338271991199, 52.08530662178103], [5.114398470430949, 52.0852394763549], [5.114406461798799, 52.08523053373435], [5.114408636016704, 52.085228085020425], [5.11443274261002, 52.08520105972391], [5.114478957779163, 52.085149260501055], [5.114549716596152, 52.085070499866355], [5.114593121898563, 52.085022469091776], [5.11462085361496, 52.08499188387223], [5.1146363647068664, 52.08497475250798], [5.114691960383384, 52.08491340258577], [5.114763081491538, 52.084834921288895], [5.114834187760425, 52.08475643991427], [5.114875564616919, 52.084710786188225], [5.114905308314301, 52.08467796751721], [5.1149764286730806, 52.08459948608811], [5.115047534192733, 52.084521004581276], [5.115118654051938, 52.08444252306401], [5.115166125983453, 52.084390124267124], [5.115189759072011, 52.08436404146903], [5.115260878377023, 52.084285568851534], [5.115283321649922, 52.08426079554923], [5.115331982897647, 52.0842070871684], [5.115400501994268, 52.084131475665934], [5.115403101757732, 52.084128605474845], [5.115474205778789, 52.08405012370357], [5.115545324139313, 52.08397164192184], [5.115592662785923, 52.08391940442903], [5.115616618138142, 52.08389302568009], [5.115688669702579, 52.083814545960394], [5.115761609476993, 52.083736310919036], [5.115835393363631, 52.08365837438142], [5.115909991909057, 52.08358078121863], [5.115948308782022, 52.08354136678322], [5.1159852446859135, 52.08350352207189], [5.116060437430678, 52.08342649642856], [5.116135629916274, 52.08334947073607], [5.116210807499288, 52.083272453948936], [5.116285999466583, 52.08319542815822], [5.116361176585783, 52.08311840228492], [5.116436368034717, 52.083041376396004], [5.116511544635714, 52.08296435042455], [5.116565743251939, 52.08290882067348], [5.116586676884915, 52.0828873782312], [5.116648011827421, 52.082824197991584], [5.116661166316184, 52.08281051237127], [5.116697974005604, 52.08277195708165], [5.116734417238144, 52.08273334701588], [5.116777236414298, 52.08268739032762], [5.116806430687605, 52.082655711396164], [5.116855980930584, 52.08260156400105], [5.116877980468344, 52.0825775084198], [5.116949662002601, 52.08249918885645], [5.117021459832167, 52.08242089647962], [5.117093373902369, 52.082342640277126], [5.117165389569886, 52.08226442920326], [5.117237536065871, 52.08218625433671], [5.117309784212565, 52.08210811561038], [5.1173821485440465, 52.082030022045565], [5.117454629114104, 52.081951964653925], [5.117527211333783, 52.081873943401995], [5.117599909737077, 52.081795967310924], [5.117672724377681, 52.08171802739243], [5.117745640612705, 52.081640132600974], [5.117818673084259, 52.08156227398173], [5.117857479320396, 52.08152097253972], [5.117892012143858, 52.08148433512436], [5.117965918757524, 52.08140658626655], [5.118040451006118, 52.08132907248021], [5.1180654651203605, 52.08130325290516], [5.11811539000919, 52.08125180225279], [5.118190269589651, 52.08117466666277], [5.118265148911669, 52.08109753102404], [5.118298148019864, 52.08106353248504], [5.118306456587521, 52.081054958831224], [5.118340159809172, 52.08102030575645], [5.118354031041091, 52.08100612723502], [5.1183593591748195, 52.08100071058493], [5.1183879948330375, 52.08097179831146], [5.118411153915213, 52.08094872478499], [5.118417097546324, 52.080942842155416], [5.118456249530372, 52.08090451635667], [5.118496013394778, 52.080866317772504], [5.118536301123696, 52.08082832709451], [5.118577112662454, 52.08079055331003], [5.118618433422111, 52.080752996385385], [5.11866027804412, 52.080715647365196], [5.118702631831769, 52.08067852419174], [5.118745494838352, 52.080641617876395], [5.118788852367306, 52.08060494636131], [5.118832733702097, 52.08056849173654], [5.118877094970094, 52.08053227187778], [5.1189219653469324, 52.08049628685082], [5.1189672130549395, 52.08046061724801], [5.118968971861357, 52.08045924607335], [5.119013072471996, 52.08042510181669], [5.119015197538258, 52.08042347082017], [5.1190594264084925, 52.080389821182294], [5.119067544947363, 52.08038370078816], [5.119106348180779, 52.0803547125944], [5.119153544682486, 52.08032000008791], [5.11916832850666, 52.080309256991605], [5.119201440795552, 52.080285379033725], [5.1192496556171845, 52.08025111820759], [5.119298379544454, 52.08021709220865], [5.119347568759306, 52.08018330992481], [5.119397208512229, 52.08014979828625], [5.119447225594697, 52.08011660206653], [5.119457375085813, 52.08010992899711], [5.119497898306168, 52.0800835331475], [5.11954883121354, 52.08005085128478], [5.119575482456957, 52.080033978243875], [5.119600419641688, 52.080018314697206], [5.119652253624439, 52.0799861741199], [5.119695987883579, 52.07995946191828], [5.119704728539407, 52.07995417878333], [5.119757405138615, 52.07992259733252], [5.119810620125045, 52.07989123279334], [5.119864271061275, 52.07986013886095], [5.119918343252212, 52.079829333477825], [5.119972836751755, 52.07979880765537], [5.120027751506352, 52.07976857038097], [5.1200830875698635, 52.07973861266605], [5.120138815659622, 52.07970895241989], [5.1201949650052105, 52.07967958072006], [5.120251418529357, 52.079650560217324], [5.120270411300476, 52.07964090508266], [5.120308498289238, 52.079621702890755], [5.120365794380264, 52.07959325048983], [5.120423511835639, 52.07956506865698], [5.120481606624604, 52.0795372022324], [5.120531740447102, 52.07951354216999], [5.120540239748151, 52.079509561698835], [5.120598986931033, 52.07948235282197], [5.120658243166883, 52.07945538774494], [5.120717847509442, 52.07942874699594], [5.120777741501601, 52.079402448418406], [5.120801084020421, 52.07939232665982], [5.12083821770034, 52.079376357851764], [5.120898851832752, 52.07935068106264], [5.120959804899384, 52.079325328533464], [5.120981111471437, 52.07931657731774], [5.1210213400668225, 52.07930020198914], [5.1210829163092955, 52.07927551592136], [5.121103343620142, 52.07926742781682], [5.121145133164574, 52.07925102900502], [5.121207391043721, 52.07922699155243], [5.121226895443181, 52.07921954848599], [5.1212702748955365, 52.07920316220487], [5.121333185239312, 52.07917977329954], [5.121351723077295, 52.079172957198374], [5.121396706915904, 52.0791566014529], [5.1214602404458685, 52.079133879002924], [5.121475531366049, 52.07912847568017], [5.121477724149162, 52.07912769865961], [5.121587113512779, 52.07908913463348], [5.121713723109912, 52.079044497391074], [5.121840347041978, 52.078999860045], [5.1219669561340035, 52.078955222529565], [5.1220935650266695, 52.078910575889616], [5.122220188201069, 52.07886593813386], [5.1223467965354175, 52.07882130020874], [5.122473404617163, 52.07877666214704], [5.12260002703387, 52.0787320239816], [5.12265915741907, 52.07871116951177], [5.1226592305158265, 52.07871114271153], [5.12272634270198, 52.07868741195624], [5.1228522661153475, 52.07864248433307], [5.122977768469066, 52.078597178132256], [5.123102908110834, 52.07855149348583], [5.123227714319473, 52.0785054124843], [5.123292099537162, 52.078481423634486], [5.123352274510996, 52.078458953300604], [5.1234770103397755, 52.078412350568826], [5.123601760443172, 52.078365756725084], [5.123726495699494, 52.07831916271612], [5.123851230696032, 52.07827256857456], [5.123975980073041, 52.07822596534506], [5.124049209676234, 52.07819861631026], [5.124100729137404, 52.078179370970915], [5.124225652883781, 52.07813279483052], [5.124299129743205, 52.078105518096635], [5.124350881805315, 52.07808637203562], [5.124378146433425, 52.07807632122989], [5.124476444390959, 52.07804021949373], [5.124602253013171, 52.077994354984675], [5.124728307568099, 52.07794879648383], [5.124796150616112, 52.07792442802344], [5.124854739711282, 52.077903481366626], [5.12498131552194, 52.0778584989924], [5.125082688356626, 52.077822754125236], [5.125108268818469, 52.0778137779759], [5.125217065409582, 52.07777571259604], [5.125235263834041, 52.077769362510196], [5.125336765392296, 52.07773398622198], [5.1253622577037214, 52.07772509970252], [5.125489236577392, 52.07768086368903], [5.125616215252654, 52.07763661855022], [5.125743193624309, 52.07759238226204], [5.125870171744971, 52.07754814583658], [5.125997149667092, 52.07750390028574], [5.1261241272857925, 52.07745966358557], [5.126251104705848, 52.07741541776009], [5.126378081822481, 52.077371180785256], [5.126505058688173, 52.07732694367311], [5.126632035355144, 52.07728269743564], [5.126759011718765, 52.07723846004881], [5.126885987831392, 52.0771942225247], [5.1270129637453286, 52.077149975875244], [5.127139939355942, 52.07710573807644], [5.127159145718869, 52.077099048369924], [5.127266914715559, 52.077061500140324], [5.127393889876355, 52.07701725307887], [5.127520864734011, 52.07697301486808], [5.127532645766349, 52.07696890630018], [5.127647839392741, 52.07692876753201], [5.127774813748328, 52.07688452904658], [5.1279017878529745, 52.076840290423874], [5.127906129002929, 52.07683877199813], [5.128028761758615, 52.07679604267581], [5.128058696353016, 52.0767856193891], [5.128155735361191, 52.07675180377842], [5.128282708712771, 52.076707564743685], [5.1284020374792645, 52.076665978250965], [5.128409681865379, 52.0766633165837], [5.128536654714944, 52.07661907727429], [5.128663627365429, 52.076574828839654], [5.128745391304912, 52.076546345128826], [5.1287905997129775, 52.07653058925561], [5.128917571809585, 52.076486349534335], [5.129044543706983, 52.07644210068769], [5.12917151530152, 52.07639786069171], [5.129298486645115, 52.07635362055847], [5.1294254577894245, 52.07630937129993], [5.129552428630947, 52.07626513089198], [5.129679399273191, 52.076220881358786], [5.129806369612752, 52.0761766406762], [5.129933339701264, 52.07613239985637], [5.130060309590417, 52.07608814991119], [5.1301872791769085, 52.076043908816715], [5.1303142485124615, 52.07599966758491], [5.130441217648525, 52.07595541722786], [5.130568186482007, 52.075911175721416], [5.130695155064547, 52.075866934077666], [5.130822123447519, 52.07582268330865], [5.130949091527987, 52.07577844139025], [5.131076059408892, 52.075734190346644], [5.131203026987395, 52.07568994815361], [5.131329994314849, 52.07564570582333], [5.131456961442662, 52.07560145436777], [5.1315839282681, 52.075557211762835], [5.131710894842596, 52.07551296902063], [5.131837861217315, 52.075468717153136], [5.131964827289738, 52.07542447413629], [5.13203865078212, 52.07539874826687], [5.132091720076776, 52.07538024880027], [5.132218306811213, 52.07533593278482], [5.13230984697388, 52.07530352197772], [5.1323440783522285, 52.07529128231201], [5.132406739423829, 52.07526869588514], [5.132469197092971, 52.075245956188084], [5.13253149527162, 52.075223036351666], [5.132593619373021, 52.07519993634465], [5.132655569294464, 52.07517667414332], [5.132717345137692, 52.07515323177193], [5.132778946851197, 52.07512961821881], [5.1328404329328805, 52.0751058066461], [5.132853823811554, 52.07510058649748], [5.1329016133008825, 52.07508187753671], [5.132962707259856, 52.07505774148332], [5.133023597863815, 52.075033443174334], [5.133084314335836, 52.07500897368484], [5.13314484208938, 52.0749843329838], [5.133205210347524, 52.07495951214627], [5.1332588688683165, 52.074937247416464], [5.133265302062886, 52.074934573837076], [5.133325351328987, 52.074909392727555], [5.133385153326085, 52.0748840762338], [5.133444766551808, 52.074858597517796], [5.133504176470587, 52.07483294756049], [5.13356341220352, 52.07480713541295], [5.133622488489237, 52.0747811341429], [5.133655536685611, 52.074766482744586], [5.133681259007267, 52.07475502432861], [5.133739957747248, 52.074728698616624], [5.133798423904508, 52.074702219578064], [5.133856686701892, 52.07467557828789], [5.133914746088438, 52.07464878373444], [5.133972616751618, 52.07462181797337], [5.134030342551273, 52.07459466312296], [5.134043622447436, 52.07458838200679], [5.134087733308162, 52.074567417644076], [5.13414502311185, 52.07453995620646], [5.13420208028031, 52.07451235043239], [5.134258948673275, 52.07448458244002], [5.1343155990675164, 52.07445666115515], [5.134372046150502, 52.074428568633394], [5.134422921301689, 52.07440304371725], [5.134428216636271, 52.074400367634446], [5.134484271580574, 52.074371950646984], [5.134570433883746, 52.0743277701403], [5.134595712782917, 52.074314674742986], [5.134651245154592, 52.074285771199676], [5.134706646788681, 52.07425675949312], [5.134808220224377, 52.07420330016427], [5.134817451462983, 52.07419844838609], [5.1349283147495735, 52.0741400384312], [5.13503917774675, 52.07408162837131], [5.135150040454403, 52.074023218206314], [5.135260902872648, 52.07396480793629], [5.135371765001427, 52.07390639756123], [5.135482626790143, 52.07384799606907], [5.1355934883400165, 52.07378958548385], [5.13570434960037, 52.07373117479364], [5.135815210571319, 52.07367276399836], [5.135864438162596, 52.073646821493845], [5.1367957485371685, 52.07307424006642], [5.136835484120235, 52.07304487050803], [5.136854861438933, 52.07303051274728], [5.136928694475771, 52.07297577928137], [5.137021933865211, 52.07290666107807], [5.137024160117247, 52.072905011994905], [5.1371059158716355, 52.07284450690373], [5.137115421172115, 52.07283749838609], [5.13711772059619, 52.072835804516], [5.1371623025017845, 52.07280305661951], [5.137164360343741, 52.072800220749144], [5.137170781293474, 52.07278919699855], [5.137204238463348, 52.07275568846703], [5.1372080632085435, 52.07275248783147], [5.137250151793296, 52.072719563840316], [5.137252714749387, 52.072717690764605], [5.137299047487323, 52.07268741825209], [5.137303775719052, 52.072684363338055], [5.137351863928053, 52.0726609883881], [5.137364195516719, 52.072657176611074], [5.137375002909907, 52.07264944279698], [5.13740021951076, 52.072631511074675], [5.137434294967584, 52.07260738734953], [5.1374965284715906, 52.0725635674498], [5.1375934621593755, 52.07249601155648], [5.1376910936511955, 52.07242881658353], [5.137789349869112, 52.072362009338846], [5.137841894673749, 52.07232661755794], [5.137881759842141, 52.07229992636896], [5.1378883039399375, 52.072295554023206], [5.137940920113841, 52.07226041401532], [5.1379872993712565, 52.07222947621131], [5.137996112586273, 52.07222359865809], [5.138086265039361, 52.07216345218156], [5.138110420834017, 52.072147333658386], [5.138185230415266, 52.07209742806779], [5.138284180913809, 52.07203140383922], [5.13834850806909, 52.07198848671745], [5.138383145755413, 52.071965370569465], [5.138482110254956, 52.07189934620372], [5.138567635242336, 52.07184229048409], [5.138581074462306, 52.071833321753914], [5.1385865936132555, 52.07182963929026], [5.138680038377577, 52.07176729722015], [5.138778987415482, 52.071701272571524], [5.138838497194465, 52.071661571752486], [5.13887802392165, 52.07163520308345], [5.138977380759461, 52.0715691791268], [5.139037560654693, 52.07152956051071], [5.139077728096582, 52.07150333693267], [5.139128257819454, 52.07147062777283], [5.139179034718072, 52.0714380449445], [5.139230058692918, 52.07140560642339], [5.139281315158776, 52.071373312178444], [5.139332818700742, 52.071341162240074], [5.139384540148593, 52.07130915654667], [5.139436508672536, 52.071277295159135], [5.139488724272549, 52.071245578077296], [5.139541157778529, 52.07121400523943], [5.139593823725813, 52.071182585663905], [5.139646722164213, 52.071151310362445], [5.139699853044006, 52.07112018832267], [5.139753216414937, 52.07108921055638], [5.139806797642351, 52.07105838602054], [5.139860611361126, 52.07102770575748], [5.1399146575214925, 52.070997178754936], [5.13996890695372, 52.07096680495133], [5.140023403412777, 52.070936584438215], [5.140078103143874, 52.070906517123476], [5.140133035317029, 52.070876603067944], [5.140188185347446, 52.070846842240826], [5.14024356782014, 52.070817234672276], [5.140299153515902, 52.0707877892889], [5.140354957118919, 52.07075848814495], [5.140410963945296, 52.07072934918558], [5.140467203164996, 52.0707003724716], [5.140523645658031, 52.07067154895361], [5.140580305959848, 52.07064288764982], [5.140637169535382, 52.07061437954137], [5.140694250920151, 52.070586033646556], [5.140751550114362, 52.070557849964985], [5.140809037998006, 52.070529819447444], [5.140866743642128, 52.07050196013054], [5.140924637976172, 52.070474253977096], [5.14098275007115, 52.07044671902364], [5.141041065441418, 52.07041933726356], [5.141099583988277, 52.07039212667244], [5.141158291176788, 52.070365078231525], [5.141217201591987, 52.07033819197103], [5.1412763151846645, 52.07031147687862], [5.141335617419891, 52.07028492393554], [5.1413951228826305, 52.07025853317201], [5.141454816939079, 52.070232313545254], [5.141514699589706, 52.07020626505496], [5.141574770884125, 52.07018037871291], [5.141635045358029, 52.07015466353717], [5.141695508427105, 52.07012911949706], [5.141756145556346, 52.07010373757391], [5.14181698581682, 52.070078535804164], [5.141878000138263, 52.07005349615082], [5.141939203007082, 52.07002863661994], [5.142000579937598, 52.07000393920494], [5.142062145416314, 52.06997942191183], [5.142123899542181, 52.06995506676433], [5.142185827632477, 52.06993089170783], [5.142247944370668, 52.069906878796374], [5.142328810898356, 52.06987599296261], [5.14232910322955, 52.06987587672471], [5.142329395511576, 52.06987576947483], [5.142372758180191, 52.06985937538969], [5.142435557246272, 52.06983590308181], [5.142498807091227, 52.0698126653665], [5.14256252180886, 52.06978975215323], [5.1426267009088305, 52.06976725332106], [5.142669937899299, 52.06975246773366], [5.142713377670616, 52.0697379342175], [5.142757122315354, 52.06972365298405], [5.142801171735665, 52.06970964200888], [5.142845540271459, 52.069695946261845], [5.1428902425079, 52.06968256577286], [5.142935292833935, 52.06966953652366], [5.1429806911032845, 52.069656885477805], [5.1430264518033235, 52.06964463064118], [5.143072574738866, 52.06963280796517], [5.143119074397514, 52.06962143545563], [5.143165950633347, 52.06961054007607], [5.143213188667277, 52.0696001577477], [5.143260802938133, 52.06959031546438], [5.1433086765754945, 52.069581048936115], [5.143344093991644, 52.06957462382123], [5.143379582509043, 52.06956853140206], [5.1434153025089975, 52.069562780998254], [5.143454903053806, 52.06955684086983], [5.143504075472162, 52.06955010260072], [5.143553565114952, 52.06954403008532], [5.143603269892792, 52.069538623112265], [5.143653145956574, 52.06953389956692], [5.143703193308473, 52.069529859449034], [5.143753353661693, 52.06952649364992], [5.143803641554071, 52.069523811187565], [5.143853998601068, 52.06952182092925], [5.143904424853855, 52.06952051388707], [5.143954876561285, 52.06951988997055], [5.14400533909238, 52.06951995813761], [5.144055797913776, 52.06952070937007], [5.144106209274276, 52.06952214357777], [5.144156558542979, 52.069524269718755], [5.144206816601947, 52.06952707874489], [5.144256968917719, 52.069530561638295], [5.144306971641597, 52.069534736284844], [5.144356824824609, 52.069539593696874], [5.144406251558417, 52.0695450973518], [5.144430358674005, 52.069548032178766], [5.144453823636183, 52.069551046571135], [5.144456374120602, 52.06955138438256], [5.144505152047974, 52.06955819892081], [5.144554115642898, 52.06956574185611], [5.1446027985445575, 52.06957394931199], [5.14465073448895, 52.06958273943648], [5.144653327853739, 52.0695832391174], [5.144699220233322, 52.06959234858845], [5.144746886199035, 52.06960252228394], [5.144794198653985, 52.06961334237545], [5.144840939075419, 52.06962476347377], [5.144868567825563, 52.06963185794801], [5.1448878648386005, 52.069636975886226], [5.144933650601915, 52.06964963534138], [5.144979228463282, 52.06966298643429], [5.145024321707159, 52.069676956691964], [5.145068901214527, 52.06969153706706], [5.145112952450781, 52.069706718542164], [5.145156431712045, 52.06972249204014], [5.145199237150433, 52.06973881241205], [5.145229246345727, 52.06975074727959], [5.145241936253386, 52.069755923501745], [5.14528336492833, 52.06977332857559], [5.145324076174669, 52.06979125347178], [5.145327247940716, 52.06979268009771], [5.1453664122850675, 52.06981078156694], [5.145405252450639, 52.06982950253606], [5.145443404794301, 52.06984866249799], [5.145481684210119, 52.06986860467167], [5.1455192908271, 52.06988890497693], [5.145549841646186, 52.06990591015416], [5.145556544779186, 52.06990969889191], [5.14559277750253, 52.06993055361851], [5.145628658143026, 52.06995179410015], [5.145664027045988, 52.06997327620055], [5.145698898892789, 52.06999498197405], [5.145733332264241, 52.0700168666007], [5.145767327354053, 52.070038894128906], [5.145793661704938, 52.070056205189374], [5.145819675164953, 52.0700735245749], [5.145819994913142, 52.070073731955674], [5.145867456112038, 52.070105799757144], [5.1459166286845015, 52.0701396686596], [5.1459652454659635, 52.070173841998844], [5.1460133210892565, 52.070208310817364], [5.146060840969371, 52.07024307508605], [5.146107805154304, 52.0702781258175], [5.146154184474196, 52.07031346295277], [5.146200008098082, 52.0703490865522], [5.14624524695265, 52.07038497858077], [5.146289915525447, 52.07042115704499], [5.1463339847913625, 52.07045759492193], [5.146377483822622, 52.07049431024783], [5.146420368960864, 52.07053128495794], [5.146462669374988, 52.070568519112534], [5.146504370479385, 52.07060601268236], [5.1465454577367575, 52.07064375665043], [5.1465859457310845, 52.07068175104709], [5.146625819924961, 52.070719986855124], [5.146665065684288, 52.07075847303348], [5.146703697689504, 52.07079719163654], [5.146741701354771, 52.07083614263513], [5.146779076630712, 52.07087533501786], [5.146815809076147, 52.07091474179156], [5.146851927763313, 52.070954380992404], [5.146887389032685, 52.07099423455568], [5.146922207468029, 52.07103430251168], [5.146956383116406, 52.07107457587308], [5.146989915928208, 52.07111506362829], [5.147022791413618, 52.07115574777234], [5.147055009523163, 52.0711966372936], [5.147086555718499, 52.071237723174974], [5.147117459216583, 52.071278996488466], [5.147147676260802, 52.071320457145404], [5.147177236067957, 52.071362096217754], [5.1472061095627115, 52.07140389567064], [5.147229059135108, 52.071437971280226], [5.147251512607075, 52.07147209081577], [5.147261913374513, 52.07148814672915], [5.147288728259864, 52.0715303644107], [5.1473149442408, 52.07157276062867], [5.147340605553179, 52.07161524559277], [5.147365741462148, 52.07165780138666], [5.147390424988684, 52.07170041018303], [5.147414699935355, 52.071743063083254], [5.1474386392753475, 52.07178575124792], [5.147462286907979, 52.071828447802126], [5.147485701173371, 52.07187115286482], [5.147508955141647, 52.071913839620436], [5.147527716341784, 52.0719484459373], [5.14754644840037, 52.07198305219172], [5.147555157208537, 52.07199915856645], [5.147601286813371, 52.07208442341729], [5.147647431179198, 52.07216968827862], [5.14769356113533, 52.07225495309118], [5.147739691267014, 52.07234021788464], [5.147785821574365, 52.072425482659], [5.147831966594655, 52.07251075643184], [5.1478780972532645, 52.07259602116799], [5.147924242672988, 52.07268128591465], [5.147954110742511, 52.07273650639985], [5.147954951564137, 52.072737469831125], [5.147978716522505, 52.072766585518764], [5.147983557822614, 52.0727749902123], [5.148004059850861, 52.07280877307648], [5.148008103996586, 52.072816232402786], [5.148027052451458, 52.07285142323946], [5.148030847593558, 52.07285907979756], [5.148047198120187, 52.07289458893093], [5.148050013766136, 52.072905398318305], [5.1480551114079764, 52.07292316012275], [5.1480626508149605, 52.072937079980775], [5.14810878235165, 52.0730223446214], [5.148154914064015, 52.07310760924291], [5.148201060537662, 52.073192873874895], [5.14824719260124, 52.07327813845819], [5.14829332484044, 52.07336340302241], [5.148339457255317, 52.0734486675675], [5.148385604383646, 52.07353394111102], [5.1484317371497585, 52.07361920561792], [5.148477870091549, 52.073704470105724], [5.148524017794827, 52.073789734603906], [5.148570151087851, 52.07387499905344], [5.148616284556556, 52.0739602634839], [5.148662432786839, 52.074045527924774], [5.148708566606782, 52.074130792317], [5.148754700602359, 52.07421605669015], [5.148800849359652, 52.07430132107365], [5.148846983706581, 52.07438658540857], [5.148893118181241, 52.07447185871232], [5.148917211171428, 52.07451636245685], [5.14893928176469, 52.07455717699589], [5.148963286564345, 52.07460182436128], [5.1489851227629115, 52.07464284514325], [5.149030015260124, 52.074728619212095], [5.149047614356833, 52.074762764528366], [5.149074060637461, 52.0748146342295], [5.149091324844087, 52.074848679993416], [5.149117582035109, 52.07490046840923], [5.149161060031858, 52.07498626653157], [5.149204552829273, 52.07507205567824], [5.149248045793272, 52.0751578448078], [5.149291524289751, 52.075243642878775], [5.149335017586905, 52.075329431974076], [5.149378511002892, 52.07541523004031], [5.149421990046755, 52.075501019071964], [5.149465483843657, 52.075586808115936], [5.149508963172891, 52.07567260610136], [5.149552457302954, 52.07575839511111], [5.1495959515519, 52.07584419309169], [5.149639431428599, 52.075929982037806], [5.149682926058428, 52.07601577099619], [5.149726420807165, 52.07610156892545], [5.149769901183498, 52.0761873578202], [5.1498133962654284, 52.07627315571523], [5.149856876974882, 52.07635894457572], [5.1498682526028094, 52.076381356776956], [5.149900372437663, 52.07644473344854], [5.149912007811963, 52.07646768545258], [5.149943868019404, 52.07653053129217], [5.149955763189769, 52.076554014110954], [5.149987349228613, 52.07661632010138], [5.149999533370702, 52.076640333793286], [5.150030845143557, 52.07670211791082], [5.150043289085833, 52.076726662416974], [5.15007434127274, 52.07678790671511], [5.150088243253233, 52.07681533932126], [5.150088300981774, 52.07681545628238], [5.1501178216962265, 52.07687393814841], [5.15013923915457, 52.07691731273262], [5.15016004262329, 52.07696094673229], [5.150173482139273, 52.0769903377983], [5.150186410416061, 52.07701986265595], [5.150198768819458, 52.07704957511603], [5.150210440557497, 52.07707949292011], [5.150221338154871, 52.077109606904465], [5.150231374040629, 52.077139925881355], [5.150240087995841, 52.077169208571505], [5.150248295251202, 52.07720052154767], [5.150255349478116, 52.07723195803879], [5.150256711577294, 52.07723918718931], [5.150264991983934, 52.07725668563835], [5.150269052332161, 52.07726674246719], [5.150277406838438, 52.07730331376104], [5.15027889846643, 52.07731087573032], [5.150270802928658, 52.07734112231245], [5.150271993881201, 52.077355883126216], [5.150273375637963, 52.07738695768071], [5.150273677810581, 52.07741805702969], [5.150272856825991, 52.07744914513337], [5.150270927316443, 52.07748021303294], [5.1502679039142825, 52.07751125176977], [5.150263772172941, 52.0775422343505], [5.150258532090075, 52.077573160775046], [5.150252198345787, 52.07760401309648], [5.15024477108048, 52.077634764350854], [5.150236250291951, 52.0776654145379], [5.150226710341487, 52.077695694164554], [5.150225139309965, 52.077700373793924], [5.150215928422227, 52.07772635778106], [5.150204171574158, 52.07775656104478], [5.150191336114661, 52.077786600353555], [5.150178513488816, 52.07781421290637], [5.150164860899364, 52.077841536170546], [5.150155784309572, 52.07785867615668], [5.150146401857196, 52.077875725646315], [5.150129603977619, 52.07790474132814], [5.150113711751595, 52.07793076579978], [5.150111813905939, 52.0779337999526], [5.150093575034514, 52.07796221053026], [5.150074607158009, 52.07799054773415], [5.150055129941259, 52.07801865022044], [5.150035230811974, 52.0780465361409], [5.150014982563286, 52.078074232605985], [5.149994501845429, 52.0781017488383], [5.1499738469122205, 52.07812910293102], [5.149959876963527, 52.07814745543337], [5.149954691531612, 52.0781542579594], [5.149935551288475, 52.078179305158095], [5.149911607803564, 52.078210598386335], [5.149897491501588, 52.0782290314792], [5.14984939869121, 52.078291896130715], [5.1497872038922115, 52.078373202858415], [5.149736466680229, 52.07843952254636], [5.149733631617023, 52.07844322891074], [5.149725008914653, 52.078454500564135], [5.149707998564646, 52.078476729759856], [5.149707969151352, 52.07847677464094], [5.149685699236586, 52.078506012924464], [5.149664057315645, 52.0785351086597], [5.149649933605908, 52.0785548989065], [5.149636466318764, 52.07857469047428], [5.149623845330589, 52.07859443880546], [5.149612098767769, 52.07861434169468], [5.149606265547133, 52.07862498979531], [5.149600752866342, 52.07863571044616], [5.1495937602505295, 52.07865041881912], [5.1495925054284495, 52.07865322056934], [5.14958768955188, 52.07866458077711], [5.149582053944789, 52.07867921997961], [5.149577074866344, 52.07869384252889], [5.149572276689469, 52.078710110260076], [5.1495682066431785, 52.07872661314858], [5.149566560692971, 52.07873439350308], [5.149565014516391, 52.07874261447428], [5.149562475580147, 52.07875922830546], [5.1495607251789295, 52.078775690928694], [5.149559733231887, 52.078792173056804], [5.149559514327457, 52.07880867471917], [5.149560068609608, 52.07882516895186], [5.149561366951897, 52.07884164670816], [5.149563453165411, 52.078858099088194], [5.149566283631562, 52.07887449903982], [5.149569887478542, 52.07889085560976], [5.149574235723004, 52.078907132787194], [5.1495793429532215, 52.078923330601526], [5.149585209074612, 52.07893946702852], [5.149591127885705, 52.078953922791584], [5.149591646787588, 52.078955101275035], [5.149599131900033, 52.07897128590447], [5.149607188366867, 52.07898701329306], [5.149615989569705, 52.07900259837259], [5.149625506429413, 52.07901802310824], [5.149635724454477, 52.079033269494445], [5.149646658280769, 52.07904832857242], [5.1496582787337095, 52.0790632002832], [5.14967058600459, 52.079077848674686], [5.149683565458606, 52.07909228270524], [5.149697217239306, 52.07910647541075], [5.149711512171855, 52.07912042673218], [5.149726450352004, 52.07913411869333], [5.149742264085506, 52.07914775848753], [5.149746490585561, 52.07915125437241], [5.14975812564453, 52.07916063438971], [5.149773133693624, 52.07917216035984], [5.149788479030354, 52.07918335444856], [5.149807795552473, 52.079196677716645], [5.149827784548266, 52.079209732693286], [5.149848489256617, 52.07922261833393], [5.14986832415038, 52.079234477579604], [5.149888670099559, 52.07924624796987], [5.149909454118394, 52.07925793834559], [5.149930632205926, 52.079269593558365], [5.149952131233417, 52.07928124941315], [5.149971521727761, 52.07929164269111], [5.149991101537576, 52.07930209926326], [5.149991188825521, 52.07930214437924], [5.1500620313184164, 52.0793399469162], [5.150172295623274, 52.07939878885719], [5.150282574806011, 52.07945763072394], [5.150392839691167, 52.07951647245779], [5.150503119406765, 52.079575323105324], [5.150613384872354, 52.079634164632054], [5.150723650628063, 52.079693006055166], [5.150833931261803, 52.07975184740398], [5.150944197597925, 52.07981068861993], [5.151049678282926, 52.07986696753395], [5.1510543479006135, 52.079869457594754], [5.151109351548637, 52.079898590234016], [5.151164560873382, 52.07992746260505], [5.15122006311741, 52.07995612881057], [5.151275858375223, 52.07998457087431], [5.151331932011225, 52.08001279775454], [5.151388254944049, 52.080040791416685], [5.151466988076173, 52.080079327928495], [5.151502070328896, 52.080096349569956], [5.151598135569052, 52.08014296496505], [5.151616789882578, 52.08015201727597], [5.151731362470784, 52.08020794522996], [5.151845598025522, 52.08026421394553], [5.15195940911454, 52.08032080527312], [5.15207282496193, 52.0803777102841], [5.152185816439696, 52.08043491993354], [5.152298383454168, 52.08049245219856], [5.152410540688569, 52.080550289133484], [5.152522273508272, 52.08060843969836], [5.152633581961126, 52.08066689490646], [5.1527444660476895, 52.080725654758986], [5.152854925768654, 52.08078471925715], [5.152964946489229, 52.08084409736101], [5.15307452830412, 52.08090377109598], [5.1531836712137356, 52.080963740463204], [5.153259835501491, 52.081005919824534], [5.15329241884223, 52.081024032514684], [5.153400684552875, 52.08108447630634], [5.153508686840647, 52.08114513518907], [5.153616367352726, 52.08120600904803], [5.15372374067782, 52.08126709791289], [5.153830806909783, 52.08132838380864], [5.153937566002032, 52.08138987572404], [5.154044017954772, 52.08145157365988], [5.154150119096487, 52.08151345955456], [5.154197140471777, 52.08154101103715], [5.154255913098872, 52.081575551471495], [5.15426325784844, 52.08157987126711], [5.154329170867916, 52.081618775996176], [5.1543615018006905, 52.08163790354089], [5.154466623311492, 52.08170038042552], [5.154502414830012, 52.08172174380291], [5.154571467233869, 52.08176299148859], [5.154576048406591, 52.08176573289996], [5.154641508700953, 52.081804834296726], [5.154676209563725, 52.08182555731665], [5.154706969063147, 52.08184394464489], [5.154712190186249, 52.08184706481169], [5.154780807048177, 52.08188797895601], [5.1548330928979755, 52.08191888412077], [5.154885613823207, 52.081949484130895], [5.154921817439654, 52.08197022801481], [5.154956641006027, 52.08198984566063], [5.1549916553270405, 52.082009256946264], [5.15504565653425, 52.08203858349399], [5.155100214509376, 52.08206746170947], [5.15514595884628, 52.082091118462216], [5.155192244128358, 52.08211456054789], [5.155210884098847, 52.08212386392249], [5.155267388300339, 52.08215164035689], [5.155324346076766, 52.082179174978094], [5.1553720062274575, 52.08220197255555], [5.155419914293997, 52.082224797565125], [5.1554200016396745, 52.0822248336891], [5.155425677292677, 52.08222753227825], [5.155439357012598, 52.08223404855295], [5.155497830684461, 52.082261882675596], [5.155554805471975, 52.08228900376684], [5.155569984233634, 52.082296224040554], [5.155571366761136, 52.082296882885444], [5.155670442705503, 52.08234418393911], [5.155728303149963, 52.08237216953942], [5.155785797369207, 52.08240045998663], [5.155802429499676, 52.08240876165066], [5.155840989293473, 52.08242823356809], [5.155851465612382, 52.08243358404814], [5.155899756918653, 52.08245856674907], [5.155912007548112, 52.0824649902843], [5.155955930848404, 52.08248831058935], [5.155981783276714, 52.08250224785245], [5.156011533616981, 52.082518493697926], [5.1560499673698965, 52.0825398078529], [5.156085417334598, 52.08255978591273], [5.156120604083546, 52.08257988927892], [5.156174116753733, 52.082610868151704], [5.156227235090824, 52.08264194509614], [5.1562642371253835, 52.082663687803084], [5.156332874170122, 52.082704034825916], [5.156438426241653, 52.08276607934929], [5.156543993194833, 52.08282812380626], [5.156649545852103, 52.08289016813969], [5.156755098802313, 52.082952212378096], [5.156860652045357, 52.083014256521516], [5.156966205581291, 52.083076300569935], [5.157071759410112, 52.083138344523334], [5.157177313531821, 52.083200388381755], [5.15728286794648, 52.08326243214516], [5.157388422653973, 52.08332447581357], [5.1574939776543625, 52.08338651938698], [5.1575995329476445, 52.083448562865364], [5.157705088533821, 52.08351060624878], [5.1578106444129475, 52.083572649537196], [5.157916200584917, 52.08363469273061], [5.1579341496214575, 52.08364525265599], [5.157977873415509, 52.08367092668488], [5.158021554228908, 52.08369645680476], [5.158074298858878, 52.08372693896908], [5.158127351957112, 52.08375702623396], [5.158162834373057, 52.083776734083436], [5.158198580712948, 52.08379619076894], [5.158234649563005, 52.083815351463635], [5.1582656717266335, 52.0838314284307], [5.158297045248049, 52.083847272381966], [5.158320795114815, 52.08385898499316], [5.158344706348269, 52.08387052713955], [5.1583824021656275, 52.083888234879986], [5.158420464856268, 52.083905529869256], [5.158458952638599, 52.08392243918397], [5.158497894644543, 52.08393897186843], [5.158537261741118, 52.08395511887744], [5.158577039384491, 52.083970871194545], [5.158617212984798, 52.08398622879089], [5.158657782587285, 52.08400118267814], [5.15869874814541, 52.08401574184388], [5.158740080525832, 52.084029897243184], [5.15878177977366, 52.08404363988768], [5.158823816755564, 52.0840569607325], [5.1588662059679935, 52.08406987778147], [5.1589089329585995, 52.08408236404202], [5.158951968501962, 52.08409442844535], [5.158995312597168, 52.08410607099112], [5.15903895069971, 52.08411728266268], [5.159082882808658, 52.084128063459865], [5.159127094379461, 52.08413840436597], [5.159171556186606, 52.084148314312365], [5.159216282864072, 52.08415778433894], [5.159261245277976, 52.084166805401075], [5.159306428792023, 52.08417538645818], [5.159351833496479, 52.084183509534135], [5.159397444709353, 52.08419119257639], [5.159443262475101, 52.08419842659679], [5.159489243070313, 52.08420520252263], [5.159535401082981, 52.08421152038174], [5.159581721876717, 52.084217389133826], [5.159628190906572, 52.08422279976257], [5.159674793627588, 52.08422774325163], [5.159721515357705, 52.08423223754869], [5.159768341643304, 52.08423625566157], [5.159815272345803, 52.08423982455394], [5.159862293011565, 52.08424291723376], [5.159909388958526, 52.08424555164865], [5.159956545595864, 52.084247727770475], [5.160003748424168, 52.08424942759507], [5.160050982761303, 52.08425066907024], [5.160098263286433, 52.08425143424808], [5.160145546138891, 52.084251741020196], [5.160192831362812, 52.08425158039861], [5.160240104412961, 52.08425094336732], [5.160287350607451, 52.08424984787413], [5.1603345699902885, 52.08424828493113], [5.160381747970819, 52.08424625451028], [5.1604288553233, 52.084243765543505], [5.1604759067267025, 52.084240800082966], [5.160522858320585, 52.08423737602059], [5.1605697246928095, 52.084233493384446], [5.16061647670885, 52.084229143130685], [5.160663114321834, 52.08422433424737], [5.160709622941034, 52.084219066706574], [5.160756017199815, 52.08421333154855], [5.160798355122823, 52.084207687452526], [5.160846491394124, 52.08420078715551], [5.1608946590108244, 52.08419345547195], [5.1609409885888, 52.0841860753015], [5.160987450772605, 52.084178434713394], [5.16103407433112, 52.084170614655285], [5.161076989380661, 52.084163344726754], [5.161174603332949, 52.08414677813349], [5.161235245097984, 52.08413649517294], [5.161315642854864, 52.08412293343417], [5.16136315637952, 52.084115087986596], [5.16141096067513, 52.08410744081409], [5.16145902611028, 52.084100081740125], [5.161491964003932, 52.08409528225252], [5.16152504683125, 52.08409067178237], [5.161565267196266, 52.08408540085673], [5.161605719258105, 52.08408047190705], [5.161654927897079, 52.084074957493364], [5.161655278220311, 52.08407492221123], [5.1617040170021244, 52.08407000009045], [5.161750933873501, 52.084061829775315], [5.161766407983552, 52.08405997186765], [5.161825250370497, 52.08405350509029], [5.161837423322439, 52.084052431813056], [5.161898987406898, 52.08404725549366], [5.161909158823899, 52.08404673564451], [5.161969439403057, 52.08404728223212], [5.1619840735896405, 52.084047076495104], [5.162038667830372, 52.08404982324951], [5.1620419640046515, 52.08405002728114], [5.1620529950102965, 52.084049742750615], [5.162090740955342, 52.084049104761355], [5.16212839782696, 52.084048772184154], [5.162165761421734, 52.08404873564126], [5.162203065349035, 52.084048959626465], [5.16225256398693, 52.084049584363626], [5.16230190056368, 52.08405052335309], [5.162350973497506, 52.0840516685446], [5.162389309381694, 52.08405266741212], [5.162427455426902, 52.0840537018575], [5.162497081049485, 52.08405559622221], [5.162642823670743, 52.08405956796391], [5.162788580907439, 52.08406353955315], [5.162865310579281, 52.08406563596975], [5.162914353465076, 52.08406696063063], [5.162934236090547, 52.0840675017799], [5.163006925499224, 52.084069401670405], [5.163079586500835, 52.08407114866507], [5.163083233408607, 52.08407123648936], [5.1631538969486455, 52.08407272797575], [5.163224474037509, 52.08407400354209], [5.16329697785623, 52.08407509397553], [5.163369453578867, 52.08407596859746], [5.1634721003302735, 52.08407681054456], [5.163514539750428, 52.08407703487044], [5.1635872666416756, 52.08407728067052], [5.163660110741684, 52.08407742777917], [5.1636902230517325, 52.08407746688624], [5.163805945239651, 52.084077641246076], [5.1639518380963105, 52.08407785464298], [5.164097716365404, 52.08407806783164], [5.164180145833085, 52.084078187814484], [5.164243842474341, 52.084078317260484], [5.164292891011708, 52.08407851785043], [5.164342157403707, 52.084078916569126], [5.164391641248266, 52.084079594308], [5.164441327554393, 52.08408063193101], [5.164491215920755, 52.0840821103298], [5.164540941215038, 52.0840841097072], [5.164551355619199, 52.08408459675173], [5.164597912367652, 52.084087129405745], [5.164644714322849, 52.08409022875207], [5.164691426023091, 52.08409387618133], [5.16474119727613, 52.084098374242096], [5.1647908486984, 52.084103501220234], [5.16484030739025, 52.08410924799014], [5.164889573398248, 52.084115605564286], [5.164938617501262, 52.08412258287581], [5.164987425111919, 52.08413017989747], [5.165035967142815, 52.084138378598695], [5.165084229006397, 52.08414717895225], [5.165132181481442, 52.08415658989154], [5.165179824658737, 52.084166593440976], [5.165227129361548, 52.08417718954605], [5.165274081002086, 52.084188378179604], [5.165320635858698, 52.08420015027185], [5.165366808522168, 52.084212505850616], [5.165412555270636, 52.084225435846065], [5.16545787610544, 52.08423894025871], [5.165502741938467, 52.0842530010582], [5.165547123547697, 52.084267627178185], [5.165591021023402, 52.0842828006433], [5.165634405188098, 52.08429852139916], [5.1656772614979065, 52.084314780431], [5.165719575364481, 52.084331577712], [5.1657613322883655, 52.084348895239394], [5.165802357509391, 52.084366669769146], [5.1658257072532, 52.0843771397599], [5.165858226031615, 52.08439212997671], [5.165890349541126, 52.0844073980725], [5.165922063459284, 52.084422890092405], [5.165960557430024, 52.08444216082277], [5.165998583596423, 52.08446162840023], [5.166036171581274, 52.08448120300018], [5.166074675222412, 52.08450148936208], [5.1661128872881426, 52.08452173921223], [5.16612316058723, 52.08452718726293], [5.1661472577294925, 52.08453996852249], [5.166179809271903, 52.084557232690734], [5.166236458032652, 52.08458727809127], [5.166257819571563, 52.08459860712384], [5.166293106869535, 52.08461732346441], [5.166349741193128, 52.0846473687829], [5.166360640254988, 52.084653150542984], [5.166360742159374, 52.08465319567411], [5.16636823620836, 52.08465716445605], [5.166387240886803, 52.08466715881803], [5.166405810417771, 52.08467664004259], [5.166424207676562, 52.084685554693834], [5.166440482419206, 52.08469293739813], [5.166457123411032, 52.084700015191714], [5.16647410165032, 52.08470675206793], [5.166492582166231, 52.08471358163415], [5.166511400195684, 52.08472001635454], [5.166530555694003, 52.08472606521677], [5.166550019570627, 52.084731710190205], [5.166569777235537, 52.08473695124742], [5.166589814098907, 52.08474178836094], [5.1666101010256344, 52.08474621248799], [5.166630608880517, 52.08475021458603], [5.16665133761885, 52.08475380364279], [5.166672229014955, 52.084756952585145], [5.166693297613522, 52.08475967042825], [5.166714528780184, 52.08476196613272], [5.166734522499852, 52.08476372023609], [5.166754649430198, 52.084765088098465], [5.166774822078129, 52.08476606056825], [5.166798176738898, 52.08476673338817], [5.166822277190077, 52.08476705706294], [5.166847239438958, 52.08476717561787], [5.166857320770719, 52.08476719445677], [5.166857437486535, 52.084767194674875], [5.166992930135502, 52.08476742082081], [5.167138825086695, 52.08476766622483], [5.1672847200397545, 52.08476791144811], [5.167430614950547, 52.08476816547877], [5.167576509907375, 52.08476841034085], [5.167722404866068, 52.08476865502226], [5.167868299826627, 52.08476889952302], [5.168014194789049, 52.08476914384314], [5.168160089753333, 52.08476938798262], [5.1683059847194786, 52.084769631941406], [5.16845187964355, 52.084769884707555], [5.168597774613443, 52.084770128305124], [5.1687436695851945, 52.08477037172205], [5.168889564558798, 52.08477061495823], [5.169035459534257, 52.08477085801386], [5.1691813545115695, 52.084771100888794], [5.169327249490733, 52.08477134358312], [5.169473144428018, 52.084771595084746], [5.169619039410908, 52.08477183741782], [5.169764934395646, 52.084772079570165], [5.169834584643145, 52.084772198994614], [5.169872327816962, 52.084772232611385], [5.16990951737588, 52.08477210341079], [5.169948546998722, 52.08477160907819], [5.169981961282982, 52.08477077183038], [5.1700153338040264, 52.08476952104546], [5.1700490439747515, 52.084767839446016], [5.170051758360179, 52.084767691647656], [5.170089381998095, 52.08476529819859], [5.170127094869106, 52.0847625543675], [5.170165392404531, 52.084759586898954], [5.1701908170879065, 52.08475761137878], [5.170221481092052, 52.08475529495968], [5.170252567577937, 52.08475310514283], [5.170284003075666, 52.084751149649364], [5.170312562221844, 52.084749647248046], [5.1703411783738895, 52.084748423574446], [5.170371369099354, 52.08474742749082], [5.170401718827292, 52.0847467372858], [5.170447255416834, 52.08474623677529], [5.170492235429121, 52.084746184627235], [5.170521049560383, 52.08474625555444], [5.170528460971526, 52.084746278161106], [5.170565459582322, 52.0847464090564], [5.170602953496117, 52.08474669364689], [5.170640621005358, 52.0847472841383], [5.1706482359735535, 52.08474745092028], [5.170684485956527, 52.08474852414961], [5.17072102551357, 52.0847500562904], [5.170757460773265, 52.08475203763145], [5.170793033518367, 52.08475437690068], [5.170834861287311, 52.08475752757389], [5.170876046342915, 52.084760838838314], [5.170907387195366, 52.08476336804662], [5.170938334699998, 52.08476577968042], [5.170963886790993, 52.084767624152455], [5.1709891772721, 52.084769261413875], [5.171018552941378, 52.08477087919528], [5.171047900996669, 52.08477217334856], [5.1710774694151, 52.08477315331639], [5.171091867632738, 52.084773512263205], [5.171129535127857, 52.08477411158631], [5.1711674960191205, 52.084774378876666], [5.171206041314544, 52.084774476452154], [5.171219609581184, 52.08477449231686], [5.171365504542779, 52.084774741475435], [5.171511399549581, 52.084774981465365], [5.171657294558215, 52.08477522127467], [5.171803189568675, 52.08477546090328], [5.171949084580962, 52.08477570035134], [5.172094979595077, 52.08477593961866], [5.1722408746110125, 52.084776178705354], [5.172386769585632, 52.084776426599404], [5.172532664605243, 52.08477666532484], [5.172678559626675, 52.084776903869624], [5.172824454649925, 52.08477714223376], [5.1729703496749915, 52.08477738041725], [5.173116244701877, 52.08477761842006], [5.173262139730576, 52.08477785624227], [5.173280420361631, 52.084777889407256], [5.17340778725498, 52.084777985578405], [5.173553421649878, 52.084777809116666], [5.173679331867705, 52.08477742598791], [5.1736991595424096, 52.084777345044444], [5.173845276416138, 52.084776953382175], [5.1739914210534605, 52.08477685819482], [5.174079541917731, 52.08477694558891], [5.174137506006011, 52.08477704134821], [5.174283401040075, 52.084777277905864], [5.1744292960332094, 52.0847775232709], [5.1745751910709075, 52.08477775946733], [5.174721086110408, 52.08477799548307], [5.174866981151708, 52.084778231318175], [5.175012876194808, 52.08477846697265], [5.175158771239701, 52.08477870244646], [5.175304666243836, 52.08477894672762], [5.175450561292349, 52.08477918184014], [5.175596456342659, 52.08477941677203], [5.175603050793207, 52.084779428605444], [5.175611585646265, 52.084779443920254], [5.175742715112884, 52.0847798678889], [5.175755670370028, 52.08477993606034], [5.175889102602979, 52.084780867326415], [5.175908068265046, 52.08478104512026], [5.1759086956132725, 52.08478104624433], [5.176034803757574, 52.084782000173924], [5.176059488714269, 52.08478214324481], [5.176180186451335, 52.08478260197589], [5.176204127810815, 52.084782644817146], [5.1762042299372615, 52.08478264499988], [5.176211086999373, 52.084782657269166], [5.176325906401665, 52.08478284467927], [5.176471801470063, 52.0847830785273], [5.176617696540243, 52.08478331219473], [5.1767635916122074, 52.084783545681475], [5.176909486685952, 52.08478377898761], [5.176934186700663, 52.084783823033455], [5.177055381761474, 52.08478401211307], [5.177086194774913, 52.08478406702083], [5.177201276838778, 52.08478424505789], [5.177238202851098, 52.08478431081216], [5.1773471718757085, 52.08478448681007], [5.177390225518691, 52.084784554433334], [5.177493066956592, 52.08478471939362], [5.1775422335988015, 52.084784797832405], [5.177638962039248, 52.084784951796465], [5.17778485712368, 52.08478518401875], [5.177930752209881, 52.08478541606033], [5.178030894595587, 52.08478557576125], [5.178031157206507, 52.084785576227056], [5.1780772888577, 52.08478572995155], [5.1780989972723175, 52.08478593023283], [5.178121055121286, 52.08478628392667], [5.178157524496523, 52.08478728334122], [5.178194180976416, 52.084788831347595], [5.178230791172287, 52.08479091854397], [5.17826907605897, 52.08479367381249], [5.178307256013114, 52.08479703108259], [5.1783453019830565, 52.08480096333864], [5.178383009717158, 52.0848054702191], [5.178409444300551, 52.08480898641754], [5.178435629608713, 52.08481277181047], [5.178465166735029, 52.08481737205592], [5.178494177806803, 52.08482215112413], [5.178522634357697, 52.084826956167944], [5.178529908823867, 52.0848281914168], [5.178670572911598, 52.084852069852744], [5.178811222560208, 52.08487594809499], [5.178951872359293, 52.084899826169284], [5.179092522308745, 52.08492370407574], [5.179233187039961, 52.08494757285202], [5.179373837290281, 52.08497145042266], [5.179514487690967, 52.08499532782538], [5.179655138242121, 52.08501920506018], [5.1797958035331915, 52.085043082152765], [5.1799364543851825, 52.08506695905176], [5.180077105429129, 52.08509082679488], [5.180081464307917, 52.08509157147158], [5.180081653847901, 52.08509159876867], [5.18011930937573, 52.085098019457185], [5.180157620032702, 52.08510474687782], [5.180196147632944, 52.08511188811746], [5.180220767277418, 52.08511673095531], [5.180230693529887, 52.08511875271431], [5.180257250150271, 52.08512434495295], [5.180293074716254, 52.085132344270605], [5.180328722017725, 52.08514081963341], [5.180364089970009, 52.08514976187432], [5.180399149519344, 52.08515914397856], [5.180433871404266, 52.0851689838711], [5.180468255750282, 52.085179254588375], [5.180502287885361, 52.085189974081075], [5.180535953303727, 52.085201124347925], [5.180569237416413, 52.08521270536366], [5.180601863435792, 52.085224626763086], [5.180613034356823, 52.085228834768174], [5.180634588862137, 52.08523714153934], [5.180656404246938, 52.08524582626184], [5.180678072789732, 52.08525471744838], [5.180705506237165, 52.08526635109518], [5.180732443111452, 52.08527810071085], [5.180758869403162, 52.08528984043842], [5.180775496637828, 52.08529727570419], [5.180775642244309, 52.08529733887546], [5.180877065553274, 52.08534269933328], [5.18094788436646, 52.085374371297334], [5.180995130924147, 52.085395503951794], [5.181113196573925, 52.08544830845168], [5.181131250821795, 52.085456375324775], [5.1812312625026085, 52.08550111283298], [5.181349328751485, 52.08555390810771], [5.181467395237956, 52.0856067122518], [5.181585462003336, 52.08565951627735], [5.181658509476722, 52.0856921893715], [5.181703529047567, 52.08571232018423], [5.181784613809381, 52.08574859343961], [5.18182159637076, 52.08576512397254], [5.181939663972862, 52.08581792764221], [5.182057731853818, 52.08587073119331], [5.182175785423891, 52.08592353460046], [5.1821857737352355, 52.085927992065045], [5.1822647335191245, 52.08596330855962], [5.182293853862647, 52.08597633791437], [5.182310568982747, 52.08598380906702], [5.182310700003714, 52.085983872211024], [5.18235647723218, 52.08600435462319], [5.182412140400743, 52.08602936618928], [5.182471282315351, 52.08605619935549], [5.182475096855277, 52.08605795864859], [5.182475459601366, 52.08598822994853], [5.182508668433507, 52.08600693781054], [5.182533210647813, 52.08601930303117], [5.182559500335491, 52.08603239931158], [5.1825928237035095, 52.086064364729225], [5.182627808626591, 52.08608394748014], [5.18265191507699, 52.086121442520906], [5.182654859005278, 52.086125348443026], [5.182656926134287, 52.086126367678716], [5.182701729538669, 52.08615568352443], [5.182709429591227, 52.086159642633156], [5.182755754634308, 52.086184844567754], [5.1827645603309, 52.08618950665787], [5.18280947066084, 52.08621460725006], [5.182818857751098, 52.08621975569869], [5.182862863111935, 52.08624495357049], [5.182872467422934, 52.08625046191339], [5.182915450519483, 52.08627588269538], [5.182925082956918, 52.08628162477218], [5.182967028131679, 52.08630750212797], [5.182976644885156, 52.086313486850834], [5.183017595825796, 52.086339838833446], [5.183027167715793, 52.08634606615184], [5.183067665318628, 52.086372660009495], [5.1830768586610105, 52.086378715895485], [5.1831181710282666, 52.08640582346494], [5.183126273656767, 52.08641110448682], [5.183168148784975, 52.08643959717278], [5.18317470893772, 52.08644398570513], [5.183217497278543, 52.08647380119721], [5.183222151224092, 52.08647707191092], [5.1832653840563045, 52.08650861386058], [5.183268350558378, 52.08651078511164], [5.18331220263924, 52.086544125725574], [5.183313496610618, 52.08654512563675], [5.183354258772164, 52.086577777800315], [5.183357254668009, 52.086579904159706], [5.183357632659252, 52.08658020141887], [5.183402732091943, 52.08661519795655], [5.183442034921597, 52.08664794643578], [5.18344961957172, 52.08665485337791], [5.183484654545263, 52.086689266246644], [5.183518169949106, 52.08672417082311], [5.183525269795192, 52.08673181394324], [5.1835573676870705, 52.08676722837905], [5.183587620236198, 52.086804185564915], [5.183593076243841, 52.08681076525227], [5.18362353417734, 52.08684748909375], [5.183652253026316, 52.08688484807718], [5.183657300446334, 52.086891445032315], [5.183685216318504, 52.08692892845415], [5.1837117169051, 52.08696642740309], [5.183716658983072, 52.08697373422996], [5.183740514337522, 52.08701220830551], [5.183763825154587, 52.08705172405071], [5.18376722746709, 52.08705753620224], [5.183788653655642, 52.08709760595032], [5.18379085127485, 52.08710203186305], [5.183809765814487, 52.0871425736415], [5.1838312879236454, 52.08718402770673], [5.183832761959562, 52.08718714910307], [5.183852269915237, 52.087228761475664], [5.183870011662834, 52.08727055056049], [5.183871396365593, 52.08727406727661], [5.183887882645893, 52.08731601597866], [5.183900965896444, 52.08735873178411], [5.183901742383014, 52.08736124078938], [5.183915160789063, 52.0874040560393], [5.183926622151634, 52.08744729934042], [5.183927224985664, 52.087449493464376], [5.183939897006001, 52.08749281974321], [5.183949802467647, 52.08753490988898], [5.18395096098107, 52.08754004406363], [5.183959480415126, 52.08758212283137], [5.183965770713721, 52.08762349668851], [5.1839672697277095, 52.08763076161805], [5.183980769106507, 52.08767184230396], [5.183983503591172, 52.087709066539894], [5.18398435238481, 52.08772457239244], [5.183980507021833, 52.08776168642091], [5.1839807382942436, 52.08780072192927], [5.183980072637874, 52.08781236030942], [5.183977297532166, 52.087851552421625], [5.183972298989942, 52.087891990041065], [5.183970859646464, 52.087900499245734], [5.183961001303396, 52.087941180154736], [5.183952067809535, 52.08797097812603], [5.183949068734576, 52.08798558752924], [5.183948949887511, 52.08798605470309], [5.183937622284468, 52.088028971102176], [5.1839369256688785, 52.088031360723235], [5.183923580853894, 52.08807187383404], [5.183921924377111, 52.08807678744294], [5.183908036851687, 52.08811471105745], [5.183905231077189, 52.088122094399], [5.183891107610932, 52.0881573481532], [5.1838869189622825, 52.088167227788574], [5.183872603858277, 52.08819969491398], [5.183867962892365, 52.08820957376872], [5.183863540917229, 52.088222634771064], [5.183863378255898, 52.08822311085732], [5.183852679541534, 52.08825282488375], [5.183841338579589, 52.08828259172992], [5.183829458238624, 52.08831224978806], [5.183817082616408, 52.08834172722968], [5.183810211390295, 52.08835755232549], [5.183804137573975, 52.08837128458028], [5.183790814504957, 52.088400544671565], [5.183777039311395, 52.08842975904112], [5.183762870600358, 52.08845887386156], [5.183748381733378, 52.08848779937876], [5.1837471891799165, 52.088490152190744], [5.183733469349088, 52.08851680505584], [5.183718309761242, 52.08854562155527], [5.183702844157118, 52.088574347644105], [5.183687160121528, 52.08860297448529], [5.183677362401747, 52.08862061010874], [5.183671213391317, 52.08863160985898], [5.183655106919059, 52.088660074181725], [5.183638840091301, 52.088688502273136], [5.183622427621201, 52.08871686719443], [5.1836059133218555, 52.08874516003315], [5.183603295878188, 52.0887496135875], [5.183589296906829, 52.08877344370512], [5.183572651698176, 52.08880163744434], [5.183559462265091, 52.08882391402331], [5.183546287532362, 52.08884616366191], [5.183546228760066, 52.08884625344092], [5.183536980118554, 52.08886184072485], [5.183522599628503, 52.088886128565825], [5.183501837845559, 52.08892113711517], [5.183472547655917, 52.08897055674894], [5.183466695479261, 52.08898043349447], [5.183422510084992, 52.0890549849348], [5.183372472324916, 52.08913941309811], [5.183322434375689, 52.089223841238955], [5.183272381646355, 52.089308269332086], [5.183222343277822, 52.089392706415914], [5.183172304761144, 52.08947713448932], [5.183145101960175, 52.08952300736979], [5.183122251464167, 52.08956156251493], [5.18310997327889, 52.08958229467377], [5.183074829872238, 52.08964159092931], [5.1830722125691455, 52.08964599054332], [5.183056846467026, 52.08967192143212], [5.183057068495381, 52.089690419222265], [5.183052760089619, 52.08969769208425], [5.183033687505943, 52.08973327870677], [5.183029937942651, 52.089739590814084], [5.18300893744843, 52.0897755785569], [5.183005261489947, 52.089781746982034], [5.182983415326058, 52.08981758944703], [5.182979592177541, 52.08982403624602], [5.182957660148463, 52.089859501059294], [5.182953528527153, 52.0898663967256], [5.182931890331396, 52.08990141264032], [5.182927552538439, 52.08990872139887], [5.182906163829161, 52.089943414171024], [5.182901532357651, 52.08995112688204], [5.182880291776948, 52.08998532556321], [5.182875483314415, 52.08999345141679], [5.182855075336652, 52.09002744481067], [5.182850149601688, 52.09003568730458], [5.182835874316324, 52.09005913935185], [5.182840510245545, 52.090044065439116], [5.182846557435695, 52.090026693031085], [5.182822000665151, 52.09006813032258], [5.182771960635126, 52.09015255821597], [5.182742315970636, 52.09020256126913], [5.182727625941249, 52.09022734281501], [5.1827219058245735, 52.09023698606164], [5.182671865416186, 52.09032141391007], [5.182621824818574, 52.09040584173602], [5.18257382805497, 52.09048681268745], [5.182573783910999, 52.090486893503275], [5.182571754643557, 52.0904903144287], [5.18255903549353, 52.09051163897373], [5.1825458774390984, 52.09053321442096], [5.182531988898427, 52.09055498633602], [5.182517239411135, 52.09057676574324], [5.182506754553034, 52.09059130818364], [5.1824957448911855, 52.09060574185559], [5.182484064141025, 52.09062014739743], [5.182471639550513, 52.09063447974242], [5.182458383611635, 52.09064872975035], [5.1824431976900325, 52.0906638302705], [5.1824281193274455, 52.09067774455305], [5.182412327497545, 52.090691325037014], [5.1823957930582525, 52.09070456268336], [5.182378574375037, 52.09071745759318], [5.182360642347222, 52.0907299917395], [5.182342055381462, 52.09074215623546], [5.182322828192614, 52.09075392414216], [5.1823029607806355, 52.090765295459235], [5.182282497002337, 52.09077625228655], [5.182261451490446, 52.09078678566113], [5.182239838918926, 52.090796877632044], [5.18223776277338, 52.0907977818167], [5.182239258612813, 52.09079933036066], [5.182250229759435, 52.09080926324433], [5.182262151332217, 52.09081876635228], [5.182274965089008, 52.09082781261876], [5.182288641970598, 52.090836375029056], [5.182303123775689, 52.09084441752934], [5.182312150243061, 52.09084885533114], [5.182306945635045, 52.090851039372666], [5.182283552654905, 52.090851618903606], [5.182212492457734, 52.09085461426337], [5.182171329821377, 52.09086729674888], [5.182129850030794, 52.09088231556097], [5.1820819444690915, 52.090895336823884], [5.182039397132022, 52.09090767530913], [5.181999126910655, 52.09091664722317], [5.181939724863127, 52.0909260981452], [5.181899100786714, 52.09093267858843], [5.181858219340208, 52.090934926330426], [5.18179575952729, 52.09093659719432], [5.181751071910162, 52.0909319983654], [5.181684412123681, 52.09091725866587], [5.181670411549855, 52.09091565237056], [5.181700351572544, 52.09091608204314], [5.181719773105807, 52.09091606195543], [5.181750024420277, 52.09091543156809], [5.181780220627606, 52.09091409102118], [5.1818103034015, 52.090912031225166], [5.181840243516441, 52.09090926111727], [5.181869982604867, 52.09090578059599], [5.181899476849872, 52.090901598573204], [5.18192869702575, 52.09089672398629], [5.18195758480659, 52.09089114774596], [5.181986110884514, 52.09088489676554], [5.182010318780893, 52.0908784405281], [5.182034178700049, 52.090871498325775], [5.182057661334726, 52.09086409707193], [5.182080752092875, 52.09085623674127], [5.182103421791087, 52.09084791728342], [5.182117016540021, 52.09084255708434], [5.182099877298037, 52.09084764147774], [5.182075069862057, 52.09085438430827], [5.182049914613102, 52.090860605221785], [5.182024426102104, 52.0908663132314], [5.181998648145516, 52.090871499425056], [5.181972610009571, 52.090876145877466], [5.181946326245413, 52.0908802616018], [5.181919840669486, 52.090883837686086], [5.181893167956805, 52.09088685617968], [5.181866351800294, 52.09088933513461], [5.18183942146628, 52.09089125662566], [5.1818123915061305, 52.09089262966608], [5.181785320327958, 52.09089344536953], [5.181758470579675, 52.09089370419356], [5.18174099042617, 52.09089357487302], [5.181711854147174, 52.09089288595781], [5.181683361834909, 52.090891775719356], [5.181655847979718, 52.090890487418406], [5.181655614557165, 52.090890478023525], [5.181606189033952, 52.09088811789381], [5.18146071356555, 52.090881150123494], [5.181405408975238, 52.0908785010236], [5.181360564171634, 52.09087637348536], [5.181315952215699, 52.090874381157256], [5.181281055545477, 52.09087298101127], [5.18124633298245, 52.09087179687219], [5.181210135688362, 52.09087082586017], [5.1811739662545175, 52.090870142503206], [5.181135242070462, 52.09086972431274], [5.181096545579763, 52.09086962972765], [5.181057730825316, 52.09086986748097], [5.181032252355406, 52.090870200440804], [5.181001373834932, 52.09087078460696], [5.180985058691842, 52.09087116054197], [5.180937425251675, 52.090872560269446], [5.180889877658369, 52.09087432863783], [5.1808422555288205, 52.0908764384024], [5.180794544477707, 52.09087884459779], [5.180746657162531, 52.09088150213059], [5.180728500251168, 52.09088257587358], [5.180698900211066, 52.0908843665973], [5.180650850635449, 52.09088740130509], [5.180602742106402, 52.090890561722716], [5.180563930965302, 52.09089317216446], [5.180525119778229, 52.09089579158139], [5.180513223892898, 52.0908965976339], [5.180457889772947, 52.09090034752795], [5.1804523578112756, 52.0909007243161], [5.180312847437487, 52.09091018675019], [5.180262592787814, 52.09091358594139], [5.180173920914401, 52.09091959611587], [5.180167805080079, 52.09092001680589], [5.180022762659142, 52.09092984668307], [5.179877720174678, 52.09093967638157], [5.179851636782602, 52.090941437122474], [5.179732677626634, 52.09094950590157], [5.179728605303812, 52.09094977736696], [5.179587649606608, 52.09095933526866], [5.179442606931574, 52.09096916443151], [5.179440680225632, 52.090969295857995], [5.179297564193019, 52.09097899341581], [5.179154740012559, 52.09098867333855], [5.179154594055535, 52.090988682069145], [5.179152579798772, 52.09098881333648], [5.179128758620706, 52.09099045207555], [5.179105462443137, 52.09099215465257], [5.179082734664286, 52.090994002036794], [5.1790606186405235, 52.09099608418561], [5.179039114120711, 52.09099845502714], [5.179018147686936, 52.09100121330073], [5.179001121548072, 52.09100385269427], [5.17898454615529, 52.091006834426985], [5.1789685235652705, 52.09101017665537], [5.17895268840387, 52.09101400456717], [5.178936982220933, 52.09101833603536], [5.178925379811459, 52.091021910764866], [5.178922749319494, 52.09102276897189], [5.1789073445739096, 52.09102817054627], [5.1788931210277305, 52.09103372700184], [5.178879333299248, 52.09103969767578], [5.178866025246602, 52.0910460646696], [5.178853240727951, 52.091052810084875], [5.1788409797851065, 52.09105992493376], [5.17882927168477, 52.09106739129211], [5.178818145568246, 52.091075218199556], [5.178808099599338, 52.091082966122165], [5.178798181811353, 52.091091388374096], [5.178796965605252, 52.09109248276678], [5.1787898573041735, 52.09109921124158], [5.178781499759428, 52.091107860950544], [5.178773885795054, 52.09111663780572], [5.178766780690262, 52.09112581103388], [5.178762594335419, 52.091131762710994], [5.178758391294459, 52.09113816376089], [5.178752334012856, 52.09114793205138], [5.178746201551491, 52.09115817657519], [5.178719434660613, 52.091203249262634], [5.178708698412761, 52.09122134120003], [5.178664224202848, 52.09129619592477], [5.178658341559792, 52.091306054399496], [5.178652489689297, 52.091315571382516], [5.178646096250295, 52.09132544692946], [5.178638927692305, 52.091335698603274], [5.178628813056799, 52.09134876731348], [5.1786176047544075, 52.09136168129164], [5.178605464088619, 52.09137427004988], [5.178592391184516, 52.091386506624], [5.178578415266912, 52.09139838207729], [5.178562936149628, 52.09141030879786], [5.178546525211408, 52.091421793453364], [5.178529241028216, 52.091432791206906], [5.178511127584662, 52.091443257195664], [5.178492228655758, 52.09145319149666], [5.178472588184368, 52.091462558235186], [5.17845225007169, 52.09147133052443], [5.178431243543372, 52.09147949942764], [5.178409641642183, 52.09148704709775], [5.178387473635983, 52.09149395561019], [5.178364798018069, 52.09150019810396], [5.178341658564343, 52.09150577465637], [5.1783181283599236, 52.09151065843247], [5.178294879127232, 52.09151474276533], [5.17828585487309, 52.09151613790305], [5.178262931184545, 52.09151925209707], [5.178240403861048, 52.09152185467023], [5.178219016324335, 52.091524108724975], [5.178143569322048, 52.091531920440595], [5.177999682617681, 52.091546837113526], [5.177855781225812, 52.09156175358485], [5.17771189437199, 52.09157666091825], [5.177567992788605, 52.09159157703794], [5.17742409115159, 52.09160648399385], [5.177280203968448, 52.09162139978788], [5.177136302139984, 52.09163630639217], [5.1769924147653485, 52.09165122183464], [5.176894134535307, 52.09166140084653], [5.176881943631511, 52.09166282618193], [5.176870554258699, 52.09166446865873], [5.176859470128528, 52.091666363344196], [5.176845959838729, 52.091669089589665], [5.176832841791779, 52.0916721850432], [5.176829569015731, 52.091673078010054], [5.176819043491457, 52.0916803036007], [5.1768069930149, 52.091685998501724], [5.176762638498559, 52.09171601134947], [5.176760501803612, 52.091717346755885], [5.176718078633565, 52.09175244128023], [5.176717199618161, 52.09175318571937], [5.176716349278961, 52.09175403806627], [5.17668376081763, 52.09179226898316], [5.176679929188977, 52.091797187593734], [5.176666814832179, 52.091833601729185], [5.176665558631326, 52.091843180745734], [5.176677271219026, 52.09187829998162], [5.176681521799071, 52.0918866844299], [5.176687810707111, 52.09189293336114], [5.176715946232554, 52.0919265719149], [5.176722198055699, 52.09193140066646], [5.17674999281182, 52.091963043257095], [5.176762360830575, 52.09197051641857], [5.176765592398901, 52.09197218497371], [5.1767768037692745, 52.09197738209373], [5.176788439954092, 52.09198222943677], [5.176800442628147, 52.09198671791059], [5.176812695310034, 52.09199079337894], [5.176826859272619, 52.091994926183744], [5.17684125915822, 52.09199853810093], [5.176855967756664, 52.092001665212344], [5.176870941461004, 52.092004271488044], [5.176886107226926, 52.09200637477357], [5.176901450546649, 52.09200795706705], [5.1769178175358235, 52.092009064817276], [5.1769197870135315, 52.09200915820945], [5.176934406022354, 52.092009615701166], [5.17694921616152, 52.09200976793821], [5.17696494651655, 52.092009724076846], [5.176981523747994, 52.092009564878275], [5.177058879760254, 52.09200872304449], [5.177204763115278, 52.09200714933706], [5.177350661094275, 52.09200556648699], [5.177496559063196, 52.09200398345631], [5.177642457022043, 52.092002400244965], [5.177788354928747, 52.09200082584095], [5.177934252867468, 52.09199924226834], [5.1780801507961645, 52.0919976585151], [5.178182080870068, 52.09199655392262], [5.178225859104636, 52.09199605626914], [5.178371408360763, 52.091994138979686], [5.178516886657532, 52.091991789958755], [5.178662323132497, 52.09198901824598], [5.178807761557168, 52.09198582391898], [5.178953158235458, 52.091982188924504], [5.179098527629546, 52.09197814025234], [5.179243928186333, 52.09197366002957], [5.17938321515018, 52.0919690789741], [5.1793937700701616, 52.092184810698896], [5.179309969867156, 52.09218755716027], [5.179163940834603, 52.09219210826099], [5.179017767777094, 52.092196245476345], [5.178871582109529, 52.09219995106191], [5.178725354610483, 52.092203233954045], [5.178579114509832, 52.092206085216205], [5.178432847177878, 52.09220851381044], [5.178286625620415, 52.092210510878004], [5.178217586968944, 52.09221130534066], [5.178140493281464, 52.09221214840047], [5.17799459469694, 52.09221372323999], [5.177848696060287, 52.09221530688688], [5.17770279741361, 52.092216890353136], [5.177556898756857, 52.092218473638724], [5.177411000132168, 52.09222004775573], [5.177265101455292, 52.092221630680086], [5.177119202768345, 52.092223213423765], [5.176973304071327, 52.09222479598682], [5.176928431247526, 52.09222528223555], [5.176909592061105, 52.09222546435757], [5.176889775891652, 52.09222550092555], [5.176868925216611, 52.09222521207547], [5.1768663866445435, 52.09222511766751], [5.176840096209982, 52.09223038271172], [5.176828917540779, 52.092233733289376], [5.176776799282378, 52.09223276846816], [5.176759940831899, 52.092233754036556], [5.17675291086334, 52.092233031436336], [5.176682216489602, 52.09222595750355], [5.176632881155577, 52.092225878414915], [5.176619397846659, 52.09221043085073], [5.176739344173742, 52.092210483179734], [5.176726239145899, 52.09220767349742], [5.176705440666124, 52.09220249521379], [5.176685097585167, 52.09219667059996], [5.176665253510336, 52.092190235686196], [5.1766459376260485, 52.09218319052484], [5.176627237314995, 52.09217557122443], [5.176609167169571, 52.09216737781126], [5.176591785430816, 52.092158637353805], [5.176575150339587, 52.09214937692046], [5.1765592618536855, 52.0921396054996], [5.176544207312951, 52.09212936818771], [5.176529986632643, 52.09211868296099], [5.176516658137819, 52.09210755891213], [5.176504250757973, 52.092096050021304], [5.176492793591876, 52.09208417431691], [5.176482315695818, 52.0920719588153], [5.176472831534087, 52.09205943050665], [5.176464384712297, 52.09204662542138], [5.176456989609934, 52.0920335885257], [5.176450646183862, 52.092020328807635], [5.176445398081767, 52.09200687330959], [5.176441130176703, 52.09199288028017], [5.176438044848631, 52.09197875454323], [5.176436141842325, 52.09196455002675], [5.176435476179495, 52.0919509768849], [5.176435115269703, 52.091906782008515], [5.1764344150718555, 52.09181690027752], [5.176433910450411, 52.09175365048137], [5.176434179284661, 52.09174304506505], [5.176435180120136, 52.091731928638154], [5.176436925558116, 52.09172072366146], [5.176440053712127, 52.09170716628721], [5.176444305471247, 52.09169360193278], [5.1764496655229975, 52.09168018336757], [5.176456104513679, 52.091666946491046], [5.176463607723703, 52.09165391824098], [5.176472145757077, 52.09164114350479], [5.176481733077832, 52.091628649272366], [5.176492311191338, 52.09161646240303], [5.176503850744376, 52.091604618796225], [5.176516351651749, 52.09159313642765], [5.176529769883998, 52.09158206914669], [5.176544061665655, 52.09157141687476], [5.176559212193256, 52.091561224525336], [5.1765751630575485, 52.09155150098194], [5.176591884863589, 52.09154229113194], [5.176609333794099, 52.09153360388469], [5.176627451355591, 52.09152546609973], [5.176646222872111, 52.09151789572658], [5.176665589892639, 52.09151091063669], [5.1766854793747195, 52.091504528675536], [5.176705876600314, 52.09149877678061], [5.17672670865402, 52.09149364583357], [5.176747931592434, 52.091489171707906], [5.176769384781012, 52.09148538108089], [5.176788732241587, 52.091482548414284], [5.176807098887579, 52.09148038809829], [5.176808179178982, 52.09148028216896], [5.176920357233571, 52.09146865397043], [5.177064244044549, 52.09145373861522], [5.177208145309178, 52.09143883209819], [5.177352046520303, 52.09142391641733], [5.177495933001904, 52.09140900952274], [5.177639834021467, 52.0913940934903], [5.177783720311628, 52.091379186244154], [5.177927621139682, 52.09136426986009], [5.178071507238397, 52.09134936226236], [5.1781506328848375, 52.09134116163982], [5.178170123173038, 52.09133895816301], [5.178188885179111, 52.091336474762855], [5.178207459003152, 52.09133366745641], [5.178227991503613, 52.09133013558587], [5.178248248648624, 52.09132619876169], [5.178268464071574, 52.09132182144576], [5.17827950763917, 52.09131920751213], [5.178294511788919, 52.09131526137409], [5.178307224211607, 52.0913114909358], [5.178311084624817, 52.09130973611619], [5.178326152053146, 52.09130161064375], [5.178342756069065, 52.09129878185113], [5.178351440188917, 52.09129521998706], [5.178364995481681, 52.09128906021433], [5.178378056501338, 52.09128250409075], [5.178390593938744, 52.091275578528666], [5.178402593160249, 52.09126829249038], [5.178414068883227, 52.09126061903802], [5.178423908203602, 52.091253401078134], [5.178433296564848, 52.09124588571349], [5.178442307344388, 52.09123798319362], [5.178448756288462, 52.09123185577202], [5.178460250442988, 52.0912202276065], [5.178470986373821, 52.09120848125321], [5.17848103733287, 52.09119655392566], [5.1784913283756495, 52.0911832069105], [5.178500773981015, 52.0911696696493], [5.178509697344065, 52.09115547533558], [5.17853169923851, 52.09111843856757], [5.178535626118277, 52.09111181233593], [5.178543552790176, 52.09109856898919], [5.178552226350702, 52.091084742740186], [5.178562011210366, 52.091070415125834], [5.178573286203049, 52.09105570366067], [5.178585698071161, 52.09104126384693], [5.178599144044541, 52.09102723032316], [5.178612437306642, 52.091014652591646], [5.17862461230451, 52.09100406822765], [5.178627131766689, 52.091001987456266], [5.178641630956889, 52.09099051738417], [5.178657414151354, 52.09097905856895], [5.178673968677381, 52.09096803254172], [5.178691265351957, 52.0909574392507], [5.178709274866409, 52.09094730560782], [5.178727953362452, 52.09093764951136], [5.178747286165093, 52.09092848891113], [5.178767229416303, 52.09091984170539], [5.178787739300094, 52.09091171680453], [5.178808786508249, 52.09090414112051], [5.178830254183868, 52.090897141410764], [5.178849176321363, 52.09089155731162], [5.178853121212811, 52.09089044976299], [5.1788757365390925, 52.090884539626366], [5.178899458720204, 52.09087908084288], [5.178922126083348, 52.090874527984624], [5.1789447323569044, 52.090870559237324], [5.178967234060142, 52.09086711160787], [5.178989573120644, 52.0908641220775], [5.1790119103800505, 52.09086151902579], [5.179043778631955, 52.0908583395817], [5.179075323400394, 52.09085568985303], [5.179106253609279, 52.09085340754155], [5.179136380280807, 52.09085133951741], [5.179136584603299, 52.090851330889784], [5.179161952821245, 52.09084960499778], [5.179306995169604, 52.090839776180026], [5.17942728230917, 52.09083162927799], [5.1794520374545, 52.090829947183664], [5.179597079675817, 52.09082011800874], [5.179704653460546, 52.09081282927172], [5.179742121833613, 52.090810288655234], [5.179833099748468, 52.09080412107578], [5.179887163927939, 52.09080045912319], [5.180032191367201, 52.0907906293869], [5.180177233334478, 52.09078079949772], [5.180238931240259, 52.09077662048923], [5.180322275238173, 52.090770969430004], [5.180427046315453, 52.0907638728542], [5.1804673170783415, 52.090761139183655], [5.180498158730725, 52.090759045100704], [5.180555360917156, 52.09075518161649], [5.180612723309159, 52.090751381301565], [5.180661444362428, 52.090748257904885], [5.180706019572722, 52.090745531691205], [5.180710442024208, 52.09074526979316], [5.180759351218541, 52.09074247924325], [5.180808522016308, 52.0907399138321], [5.180857852070909, 52.09073761832053], [5.180907341134647, 52.09073564663622], [5.18095515023138, 52.09073409443145], [5.180989794657656, 52.090733211268734], [5.181003468285712, 52.09073292059517], [5.181051113143783, 52.09073217698863], [5.181057037599194, 52.090732115440176], [5.181106737530165, 52.090731878734104], [5.181156741563234, 52.09073214586905], [5.181206757829884, 52.09073292532289], [5.181258143253026, 52.09073423744131], [5.181307119106508, 52.09073597675689], [5.181355699547814, 52.090738029943665], [5.181423258457886, 52.09074120378064], [5.181423462696774, 52.09074121312503], [5.181501612483945, 52.09074495366717], [5.181621280740224, 52.09075068099335], [5.181646431189623, 52.09075185732664], [5.181672414095875, 52.09075287332043], [5.181697596372547, 52.09075347446316], [5.181717615630481, 52.09075355428594], [5.181737695028886, 52.090753247724095], [5.181757732385808, 52.09075256358751], [5.181777552603417, 52.09075150157132], [5.181803359479591, 52.09074954218561], [5.181828848146836, 52.09074697105288], [5.181854149968385, 52.09074377941396], [5.181879221210157, 52.09073995820482], [5.181904017973143, 52.0907355343133], [5.1819285111558955, 52.090730489712776], [5.1819526568596315, 52.090724851291306], [5.181976425859371, 52.090718627986185], [5.181999759788593, 52.09071181969615], [5.182022644013965, 52.090704435384005], [5.182045020045532, 52.09069650191244], [5.182066873291179, 52.09068801925636], [5.18208814530246, 52.09067900529043], [5.182108821405075, 52.09066947796561], [5.182128872374666, 52.090659446219455], [5.182148239762942, 52.09064892792673], [5.182166923487486, 52.090637941063676], [5.182184865100125, 52.090626503505185], [5.182202064477404, 52.09061464221544], [5.182218565722983, 52.090602285367126], [5.182231322093573, 52.09059198925901], [5.1822436130158085, 52.090581368770856], [5.182255335979616, 52.09057050461709], [5.182266901478581, 52.090558975072966], [5.182277986937851, 52.09054712112383], [5.182288562845487, 52.09053501462287], [5.18230061019035, 52.09052022325104], [5.182312104413383, 52.09050513431135], [5.182323133227701, 52.090489712004235], [5.1823337695080545, 52.09047397443246], [5.1823440564526555, 52.09045804750384], [5.1823615796040405, 52.09042962177958], [5.1823787690249805, 52.09040078202272], [5.18237879837221, 52.09040074612155], [5.182394179874345, 52.09037477939799], [5.182444235458097, 52.09029035169382], [5.182494276261378, 52.09020592394182], [5.182544316875492, 52.09012149616733], [5.182594357300436, 52.09003706837041], [5.182644412168463, 52.089952631588226], [5.182694452215037, 52.08986820374628], [5.182744492072392, 52.08978377588183], [5.1827945463317695, 52.08969934802013], [5.182844585810772, 52.08961492011071], [5.182857716894945, 52.08959276934551], [5.182892860550911, 52.08953347315437], [5.1828946251006665, 52.089530492178774], [5.182928004113629, 52.089474176952145], [5.1829446642014005, 52.08944606422435], [5.182994717703946, 52.089361636272685], [5.183044756426336, 52.08927720827329], [5.183094794959572, 52.08919278025142], [5.183144833303597, 52.089108352207], [5.183194886049435, 52.08902392416535], [5.183244924015125, 52.088939496075945], [5.183249585282415, 52.08893161262896], [5.183284742488885, 52.088872316339334], [5.1832949618326705, 52.08885505897607], [5.183319885011224, 52.088813020013376], [5.183344999420103, 52.08877063084173], [5.183386199769356, 52.088701116564884], [5.183386258500899, 52.08870103577397], [5.183395036695585, 52.088686229648864], [5.18341166705495, 52.08865810781282], [5.183428224234925, 52.08863003078812], [5.1834446499955344, 52.088601971510066], [5.1834609297872545, 52.08857392096547], [5.183477005247453, 52.08854587905358], [5.183492861867546, 52.08851782777335], [5.183508426694517, 52.08848976699887], [5.183523699769704, 52.088461687742196], [5.183538622771826, 52.08843358091473], [5.1835531665611025, 52.08840543747823], [5.183553446319933, 52.08840488070214], [5.183586476218758, 52.0883062758966], [5.18361432900126, 52.08820706893159], [5.183636960479353, 52.08810735860313], [5.183654341015502, 52.088007252719606], [5.183666484785345, 52.08790685017628], [5.183670615512536, 52.087842341068686], [5.183671667882375, 52.0877777727192], [5.183671703729087, 52.087773098993985], [5.183671221696288, 52.08774434538338], [5.18367003924042, 52.08771560853993], [5.183668170994177, 52.087686879500794], [5.183665587696195, 52.08765817619152], [5.183662318569641, 52.08762948967441], [5.183658348902743, 52.0876008468883], [5.183653678737711, 52.087572238845], [5.183648308035006, 52.087543674532434], [5.183642251304547, 52.08751517195174], [5.183635493998207, 52.087486722089594], [5.183628050666706, 52.08745833395901], [5.183619921229601, 52.08743002553587], [5.183611091097768, 52.08740179679486], [5.18360157486286, 52.08737364776094], [5.183591387075542, 52.08734558744721], [5.18358051306487, 52.08731763380418], [5.183568952872953, 52.08728977784377], [5.183556721050487, 52.08726202857888], [5.183543817557683, 52.087234394997296], [5.183530242354779, 52.08720688608686], [5.183515995401994, 52.08717951083523], [5.183501091290683, 52.08715226926744], [5.183485515431673, 52.087125161357946], [5.183469296924783, 52.08709820513299], [5.183452406590406, 52.087071400541774], [5.183434873569186, 52.08704475662246], [5.183416697862085, 52.08701827337477], [5.183397864797992, 52.086991968749146], [5.183378403599151, 52.08696583380778], [5.183358314184618, 52.08693988652623], [5.183337581964955, 52.08691412687902], [5.183316207063914, 52.086888527901856], [5.183296903758311, 52.08686618617802], [5.183294479770741, 52.08686342265433], [5.183271688730129, 52.08683802794544], [5.183248487142787, 52.08681308192463], [5.183224686401881, 52.08678835057608], [5.183200301057153, 52.086763842912625], [5.183175301928979, 52.08673955888344], [5.183149718157268, 52.086715507526584], [5.183123564291674, 52.08669169785491], [5.183096825701603, 52.08666813883083], [5.183069517018609, 52.08664482149118], [5.183041638161193, 52.08662176381148], [5.183037902159895, 52.08661876432155], [5.182943015210127, 52.08654353178124], [5.182843902492657, 52.08647038605698], [5.182740680282855, 52.08639942620833], [5.18260277560409, 52.08630977386313], [5.182460131211822, 52.08622298031508], [5.182422512410773, 52.086205064719195], [5.182364960304581, 52.08617830619525], [5.182306852779439, 52.086151780367416], [5.182248292458965, 52.08612537955654], [5.1821819417074355, 52.08609566655641], [5.182181868922459, 52.0860956304776], [5.182130413184961, 52.08607261247985], [5.182055122431413, 52.08603894709283], [5.182012344644126, 52.0860198179909], [5.181894276423443, 52.08596701439539], [5.181776208481614, 52.08591421068131], [5.181658140818699, 52.08586140684859], [5.181653801918766, 52.085859466853904], [5.18154007343469, 52.08580860289734], [5.181535545290287, 52.085806572687645], [5.181499130688294, 52.08579028573317], [5.1814990578631095, 52.085790258641964], [5.181460706684211, 52.08577313240825], [5.181422485727197, 52.08575624906675], [5.1813963781428445, 52.08574490552009], [5.181370255031193, 52.08573376866579], [5.181367648374814, 52.085732694537384], [5.181102503141772, 52.08565087155477], [5.180833792598169, 52.08557358969034], [5.180561735277732, 52.085500903231186], [5.1805312958673095, 52.08549566377928], [5.1805158423762485, 52.08549312003906], [5.1804750351607645, 52.08548667597701], [5.18043400786542, 52.08548050115659], [5.180392542349786, 52.08547444239803], [5.180362055303311, 52.085470047696106], [5.18027358309718, 52.08545730021449], [5.180250502745321, 52.085453979071076], [5.180212755162134, 52.08544846605729], [5.180174687737142, 52.08544270979242], [5.180136446825702, 52.08543661166448], [5.180105526048637, 52.085431371257165], [5.180077245142182, 52.08542632422772], [5.1800489945448644, 52.08542103456716], [5.180005556588308, 52.08541245555152], [5.18000409899125, 52.0854121563846], [5.179962193428209, 52.08540348117678], [5.179915172892672, 52.08539350268289], [5.179823886961977, 52.0853740628031], [5.179686003611916, 52.08534468096355], [5.179548120401593, 52.085315307950566], [5.179410237372554, 52.08528593477615], [5.179272354566607, 52.08525655245242], [5.179134471900264, 52.08522717895528], [5.178996574825653, 52.085197805270965], [5.178858692563834, 52.08516842246306], [5.178720810441594, 52.08513904848171], [5.17858292850064, 52.08510967433901], [5.178445046782948, 52.08508029104691], [5.1783071652047, 52.08505091658142], [5.178227613741784, 52.08503396796458], [5.178198536203289, 52.08502777758825], [5.178169691644179, 52.08502168648643], [5.178123603627953, 52.08501214035575], [5.178077747048614, 52.08500302604426], [5.17803404550074, 52.0849948233312], [5.177988679708465, 52.084986842350716], [5.177943121956732, 52.084979355355316], [5.177897343065009, 52.084972362292866], [5.177851386800584, 52.0849658632409], [5.177805238572374, 52.08495985817326], [5.177758927516079, 52.08495435612955], [5.177712482809248, 52.084949357161435], [5.1776658899028645, 52.0849448522548], [5.177619177890342, 52.08494085943735], [5.1775722884540745, 52.08493736961715], [5.177533054114586, 52.08493483713566], [5.177525746689768, 52.08493441069188], [5.177478400316587, 52.08493191769624], [5.177438257602011, 52.08493020148087], [5.1773978067826425, 52.08492885321404], [5.177386384519219, 52.084928545273286], [5.177357689713023, 52.0849278920137], [5.177337251239635, 52.08492754105906], [5.177291675491784, 52.084927037500286], [5.177245821278765, 52.084926803069806], [5.17723749069264, 52.0849267792491], [5.177199733000926, 52.084926703025566], [5.177193065538245, 52.08492670013954], [5.1770855843011665, 52.08492652665058], [5.177047170038451, 52.084926458196314], [5.176933575742683, 52.08492628266209], [5.176901274498263, 52.08492622506045], [5.176755378959852, 52.08492599174393], [5.176609483423222, 52.084925758246726], [5.176463587888376, 52.08492552456889], [5.176317692355316, 52.08492529071043], [5.176210473737887, 52.08492511689287], [5.176171796824038, 52.0849250566713], [5.176058450601026, 52.0849248717493], [5.176025901336958, 52.084924813463594], [5.175906442055681, 52.0849246264358], [5.175880005809284, 52.08492457906314], [5.175754433512289, 52.08492438092619], [5.175734110283399, 52.08492434448215], [5.175602424970847, 52.08492413522047], [5.175588214759304, 52.084924109720426], [5.175442319237001, 52.08492387477805], [5.175296423716491, 52.084923639655116], [5.175150528197776, 52.08492340435147], [5.175111442822829, 52.08492333405929], [5.175004865772535, 52.0849232411911], [5.17485923112046, 52.08492337450661], [5.1747135367013, 52.084923804140324], [5.174712529980419, 52.08492381131431], [5.174567433729851, 52.084924241845286], [5.174421288397352, 52.0849243826867], [5.174312333252058, 52.084924284900914], [5.174275159064873, 52.084924226769814], [5.1741292635942475, 52.08492398121367], [5.173983368082665, 52.08492374446487], [5.173837472572887, 52.0849235075355], [5.173691577064921, 52.08492327042535], [5.173545681558763, 52.084923033134636], [5.173399786054415, 52.08492279566326], [5.17325389055188, 52.08492255801124], [5.173107995094155, 52.08492231119061], [5.172962099595279, 52.08492207317725], [5.172816204098215, 52.08492183498331], [5.1727805326380345, 52.08492177911272], [5.17278032838449, 52.0849217787413], [5.172670090147738, 52.084921515318754], [5.172523933853696, 52.084920898789974], [5.172380142449407, 52.08491999877028], [5.172377837389047, 52.084919976594826], [5.172232163940857, 52.08491907296589], [5.17208653284172, 52.08491846583999], [5.171981255016802, 52.08491821981001], [5.1719408565948, 52.084918146069604], [5.171794961117847, 52.084917906611174], [5.171649065642726, 52.084917666972075], [5.171503170169432, 52.08491742715234], [5.171357274697967, 52.08491718715197], [5.171211379228333, 52.08491694697093], [5.17106548380394, 52.084916697621296], [5.170919588338001, 52.08491645707902], [5.170773692873898, 52.08491621635603], [5.1706277974116315, 52.08491597545245], [5.170481901951203, 52.0849157343682], [5.170336006492615, 52.084915493103274], [5.170190111035867, 52.08491525165773], [5.170044215624574, 52.084915001043555], [5.16989832017154, 52.084914759236746], [5.169752424720352, 52.08491451724926], [5.169606529271009, 52.08491427508113], [5.169460633823513, 52.08491403273236], [5.169314738377867, 52.08491379020294], [5.169168842934071, 52.08491354749291], [5.169022947535945, 52.0849132956142], [5.168877052095881, 52.084913052542866], [5.168731156657673, 52.08491280929086], [5.168585261221321, 52.084912565858254], [5.168439365786824, 52.08491232224493], [5.168293470354187, 52.084912078451], [5.168147574967404, 52.08491182548843], [5.168001679538517, 52.08491158133326], [5.167855784111491, 52.08491133699738], [5.167709888686328, 52.08491109248084], [5.167563993263033, 52.0849108477837], [5.167418097841604, 52.0849106029059], [5.167272202422041, 52.08491035784746], [5.167126307048546, 52.084910103620366], [5.166980411632755, 52.08490985820066], [5.166861944531534, 52.08490966385613], [5.166861725688604, 52.084909663447206], [5.166833874412378, 52.084909584436645], [5.166802201830784, 52.084909264587495], [5.166769597999071, 52.08490843965766], [5.166738164562981, 52.0849069607786], [5.166706778351725, 52.08490478091075], [5.166675541493386, 52.08490190024511], [5.166643841583819, 52.08489824573186], [5.166612349476962, 52.084893872554005], [5.166581152711407, 52.08488878087546], [5.166550280378972, 52.084882988726996], [5.166519776205245, 52.08487650517878], [5.166489669414785, 52.084869321297774], [5.166460032823359, 52.08486146418468], [5.166430881021654, 52.08485293386724], [5.166402243100922, 52.084843748376386], [5.166374323049133, 52.08483396202285], [5.166351867729226, 52.084825471190555], [5.1663299685931054, 52.08481662187338], [5.166308509146867, 52.084807368913054], [5.166287503891549, 52.084797730313035], [5.166265730283382, 52.084787101583], [5.166244846954687, 52.08477641160069], [5.166216834806793, 52.08476165463946], [5.166216631086688, 52.08476154640092], [5.166201439306274, 52.08475349159094], [5.166144790358692, 52.0847234461743], [5.166133527503372, 52.08471747496303], [5.1660881414872435, 52.08469340073033], [5.16603149269187, 52.084663355258996], [5.166022965575174, 52.08465882725811], [5.165974844017113, 52.08463330077236], [5.165964628891721, 52.08462788877025], [5.165938567291527, 52.08461407016028], [5.165912578254624, 52.0846003325732], [5.165875893212143, 52.0845810742112], [5.165839177777669, 52.08456206744632], [5.165802358736706, 52.08454336606948], [5.165765348196527, 52.084525041819944], [5.165728087531856, 52.08450714851591], [5.165690154094601, 52.0844895954824], [5.165687621190722, 52.084488449240375], [5.165650280832942, 52.08447193093519], [5.165612718635861, 52.08445602338937], [5.165574658067765, 52.08444059126208], [5.1655349632495176, 52.08442520997859], [5.165494769882224, 52.08441034006371], [5.165454077920415, 52.08439599050507], [5.165412916497321, 52.08438217034489], [5.165371285611972, 52.084368879582705], [5.165329228986717, 52.084356127288366], [5.1652867320311335, 52.08434391343396], [5.165243853056788, 52.08433224711684], [5.165200577428504, 52.08432113729712], [5.165156934323577, 52.08431058402931], [5.165112938285449, 52.08430059632839], [5.165068618491234, 52.084291174249], [5.165024004118159, 52.08428231784575], [5.164979080486149, 52.08427404506678], [5.164933891450778, 52.084266338018246], [5.1648884660552055, 52.08425922371881], [5.1648427897531155, 52.084252693152735], [5.164796920899965, 52.08424674642969], [5.164750844904811, 52.08424138352211], [5.164704605444448, 52.084236622488156], [5.164658158838561, 52.08423244526908], [5.164618067947658, 52.08422933163262], [5.164577828978531, 52.084226658118], [5.164537310670962, 52.084224415489075], [5.164518538442392, 52.084223535161165], [5.164471277780957, 52.0842217022152], [5.164424000073305, 52.08422036356155], [5.1643764577025575, 52.0842194378396], [5.164328680293627, 52.084218835224455], [5.164280653614265, 52.08421848378442], [5.16423239261135, 52.08421831164299], [5.1641795793439815, 52.08421821176431], [5.164086674455804, 52.08421808094853], [5.163940781140786, 52.08421786771834], [5.1637948878723, 52.08421764531951], [5.1637200008169915, 52.084217539362804], [5.163648907069783, 52.08421742257414], [5.163575756591032, 52.08421722993739], [5.163502577653261, 52.08421689339235], [5.163500447660459, 52.0842168803634], [5.16342815974976, 52.084216329749026], [5.163355770794722, 52.08421556318496], [5.163282434707116, 52.0842145610882], [5.163209041390306, 52.08421333413553], [5.16310502937282, 52.08421120407208], [5.163062447805934, 52.08421020635527], [5.162989349440533, 52.08420835066204], [5.16291630993395, 52.08420639616672], [5.162885661698599, 52.08420556489297], [5.162770552220129, 52.084202424735295], [5.16262479453247, 52.084198453123584], [5.1624790514602426, 52.08419448135939], [5.162415989945143, 52.08419277027128], [5.16237475125847, 52.08419164903307], [5.162333701918529, 52.084190591057926], [5.162285635222686, 52.08418950170723], [5.1622378008282475, 52.08418863748169], [5.162190096067284, 52.08418810604238], [5.162159415199527, 52.084187966598236], [5.1621288062839925, 52.08418802502083], [5.1620886104423365, 52.08418841566757], [5.1620735235351365, 52.084188701445825], [5.162064249027385, 52.08419073301625], [5.1620463301977715, 52.084194231110324], [5.161982083377053, 52.08420192802832], [5.161975150929647, 52.08420241811833], [5.161905994324702, 52.08420874841913], [5.161903338077477, 52.084208941081194], [5.161836129779883, 52.08421079900838], [5.161830030096294, 52.084211056991876], [5.16176815118701, 52.08421207120043], [5.161756388908832, 52.084212704840624], [5.161726412606023, 52.08420881860871], [5.1617202383453025, 52.0842094000142], [5.161673760799668, 52.084214317478704], [5.161627470458328, 52.08421972063841], [5.161574899728229, 52.08422649592425], [5.16153199104399, 52.084232507717395], [5.16148897813781, 52.08423893274632], [5.161442692997895, 52.08424618738437], [5.161396304221222, 52.084253738411824], [5.161349768401831, 52.084261513841014], [5.161296675793635, 52.084270499066626], [5.161209283036564, 52.084285323691056], [5.161138273654667, 52.084297366398324], [5.161103374928622, 52.08430328553519], [5.161068330345527, 52.084309195393914], [5.161020962320093, 52.08431706796593], [5.160973303309148, 52.084324778175564], [5.160925382855398, 52.084332254174576], [5.160887392361837, 52.08433792463665], [5.160849271782101, 52.084343352159046], [5.160814393709436, 52.08434805786153], [5.160779356329073, 52.084352529558096], [5.160730393749545, 52.084358349673145], [5.160681214637366, 52.08436371096068], [5.1606318920771495, 52.084368586596696], [5.160582455158183, 52.08437299461302], [5.160532918562302, 52.08437691706154], [5.160483282245613, 52.084380362930226], [5.160433560844605, 52.08438332325899], [5.160383768904601, 52.08438580706374], [5.16033393565151, 52.08438780541253], [5.160284046497563, 52.08438931827738], [5.1602341160337115, 52.08439034568612], [5.160184173394752, 52.084390896682955], [5.160134233262816, 52.08439095331993], [5.160084280958998, 52.08439053354504], [5.160034360298564, 52.0843896284545], [5.159984456648116, 52.08438824700824], [5.15993459927925, 52.08438637128658], [5.159884788102353, 52.084384019265535], [5.159835052343327, 52.084381182013445], [5.159785391958102, 52.08437786851839], [5.159735836172684, 52.08437406984873], [5.159686370353538, 52.08436979496452], [5.15963700913729, 52.084365034905964], [5.159587796247867, 52.084359798745666], [5.1595387024623784, 52.08435409541553], [5.159489771641777, 52.08434790702419], [5.1594410182854125, 52.084341251576014], [5.1593924132618145, 52.08433412002687], [5.1593440148841445, 52.08432652147768], [5.1592958085643446, 52.08431845590048], [5.159247823482482, 52.084309923351995], [5.159200059640032, 52.084300923832366], [5.159152531581807, 52.08429146635818], [5.159105239309107, 52.084281550929674], [5.159058212047742, 52.084271168615565], [5.159011464250735, 52.08426034640837], [5.158964981421661, 52.08424906630422], [5.158918807283841, 52.084237337376194], [5.158872927249087, 52.084225159596336], [5.158827370451272, 52.084212542009446], [5.158782151480783, 52.08419948464426], [5.15873725574934, 52.08418598747282], [5.158692712390594, 52.08417205954001], [5.158648535994863, 52.084157700874584], [5.158604726517101, 52.08414292046485], [5.158561298547536, 52.08412771833954], [5.1585182666761265, 52.084112094527306], [5.158475645493021, 52.08409604905698], [5.158433434907139, 52.08407959990494], [5.1583916349190115, 52.084062747071535], [5.158350289343123, 52.08404548165425], [5.15830938349889, 52.08402782160117], [5.158268931976074, 52.08400976694107], [5.158228949272417, 52.08399133567871], [5.158190716249732, 52.08397311452643], [5.158152922728573, 52.08395454368092], [5.1581119600648675, 52.08393376459019], [5.158074012616985, 52.083913926103016], [5.158036577021056, 52.08389385490866], [5.157999536563499, 52.08387355078073], [5.15794492527244, 52.08384289418128], [5.157890972042342, 52.083811951217974], [5.157837603051842, 52.083780892521354], [5.157784599048312, 52.08374979855821], [5.1577764245094055, 52.083744992014545], [5.1576790428337596, 52.08368774626003], [5.157573486866034, 52.08362570285481], [5.157467931191148, 52.08356365935462], [5.157362375809212, 52.08350161575934], [5.157256820720175, 52.08343957206918], [5.157151265924033, 52.08337752828393], [5.157045711420781, 52.083315484403705], [5.15694015721037, 52.08325344042847], [5.156834603292904, 52.08319139635827], [5.156729049668331, 52.083129352193055], [5.156623496336647, 52.083067307932815], [5.156517943297852, 52.08300526357758], [5.1564123905518935, 52.08294321912739], [5.15630682351004, 52.08288117455358], [5.1562012713499294, 52.08281912991338], [5.156107137220554, 52.08276378569018], [5.156095777698687, 52.08275711225646], [5.156043067013826, 52.08272618884971], [5.155990369736902, 52.082695508123145], [5.1559432560952745, 52.08266842456294], [5.155895776444056, 52.08264160091961], [5.155884517062143, 52.08263532313666], [5.155835026182873, 52.08260811802407], [5.155830879954075, 52.08260587185939], [5.155776278943187, 52.082576634379215], [5.155767433008071, 52.082571970185896], [5.155721499591527, 52.08254804366413], [5.155698524677441, 52.08253626014169], [5.155666061910152, 52.082519820141336], [5.155659921365436, 52.08251673416415], [5.155606837182482, 52.082490438681276], [5.155553372266451, 52.08246443004438], [5.155496165651971, 52.08243695796327], [5.155438637876999, 52.0824095391513], [5.155432132692085, 52.08240644345734], [5.1554320744769075, 52.08240641637868], [5.1554320162617815, 52.08240638930006], [5.155359891771911, 52.082372056896446], [5.155323189203115, 52.08235459281252], [5.155287709177801, 52.08233769736991], [5.155282368220371, 52.0823351612177], [5.155245010898848, 52.08231737225088], [5.1552075665410015, 52.08229949322022], [5.155149720266536, 52.0822716691764], [5.155092036263987, 52.082243512864906], [5.155050215766949, 52.08222274898741], [5.155013780886651, 52.08220435057435], [5.154977522219215, 52.0821857367834], [5.154921231258903, 52.08215625289724], [5.1548654825310125, 52.08212631166098], [5.154816574745697, 52.08209942184817], [5.154768281093783, 52.08207227257149], [5.154755640905664, 52.08206506618671], [5.154701969537174, 52.082034059387624], [5.154648751843219, 52.08200279280468], [5.154601484408217, 52.08197471971198], [5.15455446503789, 52.08194664708966], [5.1545497529248685, 52.08194383351467], [5.154543542817486, 52.08194012716481], [5.1544842925542325, 52.081904723079724], [5.154438800452088, 52.08187755223192], [5.1544188322513955, 52.081865621596215], [5.154345242290522, 52.081821659452], [5.154334131088493, 52.081815022289405], [5.1542293298790405, 52.08175265377757], [5.154172580064742, 52.08171903411216], [5.154124323365934, 52.08169054541969], [5.154106870570302, 52.0816802645195], [5.154040985941042, 52.0816415304957], [5.154018980626757, 52.08162862505163], [5.153913257990026, 52.08156687461009], [5.153807257246897, 52.08150535721186], [5.15370096399602, 52.08144403687557], [5.1535943490134875, 52.08138292253047], [5.153487426887577, 52.081322014204694], [5.153380197618018, 52.08126131189738], [5.153272646616351, 52.08120081557877], [5.153164788517606, 52.081140516288926], [5.153108655071136, 52.08110928815556], [5.153056724969248, 52.0810805041096], [5.152948193569795, 52.08102074256661], [5.152839252248588, 52.0809613126664], [5.152729901193186, 52.08090217845605], [5.1526200965913915, 52.08084334883523], [5.15250988220725, 52.08078482388983], [5.152399228863859, 52.08072660356062], [5.152288165689723, 52.08066869689244], [5.1521766635550605, 52.080611094837984], [5.152064751635546, 52.08055379745434], [5.151952429883119, 52.08049681372814], [5.15183968370906, 52.08044014362919], [5.151726542335878, 52.08038377822659], [5.151612976492142, 52.08032773543684], [5.151498971730966, 52.0802719882656], [5.151431600866183, 52.080239280792625], [5.1513845428291765, 52.08021650078889], [5.151307131442418, 52.080179027459984], [5.151269575783256, 52.08016076045735], [5.1512121744971955, 52.08013253089089], [5.151155037241391, 52.080104041170756], [5.151098207590364, 52.08007532733694], [5.151041685639387, 52.080046371413864], [5.150985485881689, 52.080017191407094], [5.1509296666217965, 52.079987796422095], [5.15090119766276, 52.079972666371155], [5.150819079504608, 52.079928846694784], [5.150708798454375, 52.0798700053335], [5.150598532282238, 52.07981116389787], [5.150488251812413, 52.079752322329405], [5.150377986220584, 52.079693480686586], [5.150267720918983, 52.07963463894025], [5.150157441319745, 52.079575797061025], [5.150047176598448, 52.079516955107536], [5.149936897579662, 52.07945811302112], [5.149845791457124, 52.07940949291744], [5.14984566050125, 52.0794094297373], [5.149826546198422, 52.07939921675638], [5.149804319191649, 52.079387289770914], [5.149782005480928, 52.07937520980941], [5.149759692783642, 52.07936294109614], [5.149737410561488, 52.07935042976203], [5.149715202721053, 52.07933764893128], [5.149690903184756, 52.079323183112884], [5.149666883072125, 52.079308295412964], [5.149643230100536, 52.07929295005614], [5.149620308485137, 52.07927723765727], [5.149608101117939, 52.079268494626426], [5.149588267484662, 52.07925366028724], [5.149569208251444, 52.07923859381557], [5.149564850802102, 52.07923503474394], [5.149550226216784, 52.079222727557855], [5.14953232358645, 52.0792068814491], [5.14951507927456, 52.07919068612992], [5.1494985366617305, 52.07917421359259], [5.14948272487509, 52.07915747288423], [5.149467643866299, 52.079140472993174], [5.149453322762417, 52.079123222966366], [5.149439761419455, 52.079105749768146], [5.149426974424365, 52.07908805342805], [5.149414961680974, 52.07907015192246], [5.149403752315919, 52.079052054298344], [5.149393317057608, 52.079033778472976], [5.149383757493124, 52.0790154235204], [5.149377207176471, 52.07900177539974], [5.149374799084045, 52.078996494542885], [5.1493669178231, 52.07897800815316], [5.149359753365706, 52.07895914570982], [5.1493534210265475, 52.07894016809969], [5.149347920709088, 52.07892109329892], [5.149343252316715, 52.07890193928353], [5.1493394303883, 52.078882715071025], [5.149336454874899, 52.07886342964952], [5.149334325679892, 52.07884410099501], [5.149333042706707, 52.078824747083495], [5.149332605906433, 52.07880537690297], [5.149333015182428, 52.0787860084294], [5.149334285073425, 52.07876665068016], [5.149336370382719, 52.07874757320635], [5.14933714434254, 52.07874193025732], [5.149339363076511, 52.07872794030245], [5.149343155404817, 52.07870881234381], [5.1493477939950605, 52.07868965014003], [5.149353278225176, 52.078670570534676], [5.149359593363435, 52.07865160046211], [5.149366754187198, 52.07863270399979], [5.149375454568369, 52.07861232761028], [5.149385028182986, 52.07859233048071], [5.149388418445334, 52.07858572209663], [5.149394297337424, 52.07857472356389], [5.149403912906211, 52.07855780942673], [5.149414140805725, 52.07854095944031], [5.14942827564507, 52.07851909299887], [5.149443050789268, 52.07849751546529], [5.149458261727489, 52.07847628035543], [5.149473777554646, 52.0784553155006], [5.1495043773004685, 52.0784150477076], [5.14950448017594, 52.0784149041058], [5.149531244496434, 52.07837991356067], [5.149536077296862, 52.07837360468661], [5.14953679713751, 52.07837265340183], [5.149598272504992, 52.07829230707973], [5.149660467534546, 52.078211000450864], [5.149692784105763, 52.0781687676785], [5.149722662290058, 52.078129702775946], [5.149730756115755, 52.07811912213875], [5.149748765215659, 52.07809558269131], [5.149766672042581, 52.07807206999933], [5.14977257751485, 52.07806428024326], [5.1497843740566625, 52.078048664748984], [5.149804501829338, 52.0780217051028], [5.149824264753237, 52.07799477168271], [5.149843590131186, 52.07796781940222], [5.149862390535758, 52.07794083010934], [5.1498805785398165, 52.07791378565219], [5.1498980812083, 52.07788668588425], [5.149914928860341, 52.07785931515305], [5.1499181815571715, 52.07785386593795], [5.149930680736102, 52.07783226578477], [5.149945749853064, 52.07780467575581], [5.149951158713634, 52.07779424249711], [5.149963072981304, 52.07777015146644], [5.149974141227486, 52.07774604974408], [5.149984436770456, 52.07772186557325], [5.149995350810184, 52.07769382676149], [5.150005215132918, 52.07766567797978], [5.150014059152944, 52.07763737434723], [5.150021853173939, 52.07760901467309], [5.150028626800751, 52.077580518124456], [5.150033781358492, 52.0775547506933], [5.15003306213853, 52.07754182439389], [5.150032291537713, 52.07753033608315], [5.1500374472354045, 52.07749609289867], [5.150036613237723, 52.07748555719637], [5.150042101893626, 52.07747657117375], [5.150040699620627, 52.07743012696607], [5.150038634675194, 52.07739036855337], [5.1500374074859545, 52.077368695834096], [5.15003554948454, 52.07732016547521], [5.1500313864041, 52.077271693395396], [5.150024903474573, 52.07722331551696], [5.150021064106971, 52.07720735395818], [5.150018174637596, 52.07719657144209], [5.150010954340674, 52.07717173185005], [5.150003033019261, 52.07714705263241], [5.149994425880652, 52.07712241697469], [5.149983708822525, 52.07709404701926], [5.149972262192048, 52.07706572053503], [5.149960115402557, 52.077037392640605], [5.14994739969028, 52.077009072588], [5.149934158959931, 52.07698073350105], [5.14992050971736, 52.07695241156649], [5.149899395062696, 52.076909738621964], [5.149877828635894, 52.07686699285929], [5.1498722274439075, 52.076855944225905], [5.149872184112117, 52.076855863245996], [5.149834361837803, 52.07678123100636], [5.149790866175496, 52.07669544211364], [5.149747370727472, 52.07660964421579], [5.1497038899851315, 52.076523855318236], [5.149660394822612, 52.07643806637419], [5.149616914461149, 52.07635226845442], [5.149573419631808, 52.07626647947612], [5.149529925016786, 52.076180681492716], [5.149486445107314, 52.07609489250951], [5.149442950777742, 52.076009103479905], [5.149399456662514, 52.07592330544512], [5.14935597725267, 52.075837516410644], [5.1493124834706245, 52.07575171834167], [5.1492690043939415, 52.07566592927296], [5.149225510945077, 52.075580131169716], [5.149182017615026, 52.07549434203735], [5.149138539037951, 52.075408552917274], [5.149095046088911, 52.07532275476272], [5.149051553258601, 52.07523696557902], [5.149008075229006, 52.07515116741966], [5.148964582731846, 52.075065378201714], [5.148921090401268, 52.074979588966656], [5.1488776128714004, 52.07489379075595], [5.148851890053279, 52.074843054971865], [5.148834135220849, 52.07480804645606], [5.148808324266029, 52.07475744530462], [5.14879039341417, 52.074722634163486], [5.148745732223546, 52.0746373368387], [5.148724979291026, 52.0745983674856], [5.148700194742007, 52.07455228040093], [5.148679092204663, 52.074513238427194], [5.148654103975503, 52.07446707002728], [5.148607955375433, 52.07438179660064], [5.1485618214892375, 52.074296532172305], [5.148515687778675, 52.07421126772492], [5.148469539657722, 52.07412600322887], [5.148423406298394, 52.07404073874325], [5.148377273114755, 52.07395547423854], [5.148331140106689, 52.073870209714684], [5.148284992688395, 52.073784945142215], [5.148238860031667, 52.073699680580155], [5.148192727550512, 52.07361441599899], [5.148146580659206, 52.07352915136915], [5.148100448577389, 52.07344387776181], [5.148054316623194, 52.07335861312333], [5.148008170258876, 52.073273348436175], [5.147962038655898, 52.07318808375948], [5.147915907228596, 52.07310281906367], [5.147869761391246, 52.07301755431919], [5.147826071203652, 52.07293679757101], [5.147819469284042, 52.07293305411096], [5.14781333804996, 52.07292311881746], [5.147791020193732, 52.0728906984215], [5.147786773513574, 52.07288293308165], [5.147769151176027, 52.07284799656595], [5.14776489381214, 52.07283950316888], [5.147764327407566, 52.07282268531545], [5.14773135410434, 52.07276176003026], [5.147685223555117, 52.07267649523894], [5.147639093181559, 52.07259123042851], [5.147592948398121, 52.07250596556931], [5.147546818423933, 52.07242069173271], [5.147500688577192, 52.072335426865], [5.1474545443207, 52.07225016194849], [5.147408414825256, 52.07216489704258], [5.147362285505363, 52.07207963211752], [5.14734943169633, 52.07205587742373], [5.14733279387283, 52.07202514926375], [5.147316141486825, 52.07199442107163], [5.147293018109552, 52.071951887341484], [5.147269763123375, 52.071909425243305], [5.14724634735803, 52.071867034717606], [5.147222697743117, 52.07182474257976], [5.1471987704751765, 52.07178255772855], [5.147174507165916, 52.07174048903302], [5.1471498493787795, 52.07169855435018], [5.147124753310897, 52.07165676257859], [5.147099160574398, 52.071615122587126], [5.147072983755845, 52.07157361622131], [5.14705820071399, 52.07155065750319], [5.147038699237326, 52.07152092114251], [5.1470188907754215, 52.07149131897421], [5.146990829729248, 52.07145034803515], [5.146962125880227, 52.07140958250511], [5.14693279395962, 52.07136899544929], [5.146902819431974, 52.071328577849606], [5.146872187616979, 52.0712883476517], [5.14684094227134, 52.071248304944305], [5.146809039592776, 52.07120845862571], [5.146776523386129, 52.071168799796716], [5.146743379019246, 52.071129337414895], [5.146709606445124, 52.071090080467826], [5.1466752056648986, 52.07105102895496], [5.146640191264697, 52.071012182905505], [5.146604563197443, 52.070973551306935], [5.146568321464161, 52.07093513415859], [5.146531480602454, 52.07089694047782], [5.1464940260285115, 52.070858970234156], [5.146455986913067, 52.070821223486654], [5.14641733403893, 52.07078370916316], [5.146378096576834, 52.070746427322604], [5.146338259846059, 52.070709395910725], [5.146297853113793, 52.0706725970104], [5.146256847162825, 52.07063603954953], [5.146215271115226, 52.070599732575], [5.146173124923294, 52.07056368507425], [5.146130408636129, 52.07052788805878], [5.14608712220587, 52.07049235051578], [5.146043280218056, 52.0704570724746], [5.145998868039893, 52.07042206289271], [5.145953914841586, 52.07038732182926], [5.145908405990296, 52.07035285824156], [5.145862356119754, 52.07031866317108], [5.145815765133334, 52.07028475459299], [5.1457686330799595, 52.07025112351881], [5.145721018104884, 52.070217806019244], [5.145660204899113, 52.07017619241726], [5.1456422141646, 52.07016408455137], [5.145624179394696, 52.070152030521044], [5.1455914217084375, 52.070130427928234], [5.145558473046037, 52.07010908558927], [5.145525245947695, 52.07008799433657], [5.1454916965136235, 52.07006718104417], [5.14545778084402, 52.07004667258601], [5.145423382407108, 52.07002644175855], [5.14540410276485, 52.070015364842334], [5.145388922604222, 52.07000677704454], [5.145353645169089, 52.0699872814165], [5.14531802959858, 52.06996828841689], [5.145281915752454, 52.069949743788264], [5.145245303435883, 52.069931683482054], [5.1452302465802084, 52.06992457895116], [5.145163627888855, 52.06989674988744], [5.145095572649573, 52.06987027503672], [5.1450261535873905, 52.06984519049825], [5.144955443523693, 52.069821514395386], [5.14488351523086, 52.069799273839784], [5.144810441529385, 52.069778486955094], [5.144736309726409, 52.06975918987115], [5.144661207274598, 52.06974139175404], [5.144597907874935, 52.069728246746095], [5.14453394528952, 52.06971637664744], [5.144469377754168, 52.069705799552935], [5.144404292722321, 52.06969652462991], [5.144338763013713, 52.069688570003734], [5.144272832376552, 52.0696819357638], [5.144206588263549, 52.069676631077854], [5.144140103542856, 52.069672665083594], [5.144073436546681, 52.06967003790107], [5.14399171035609, 52.0696688446701], [5.143909960060889, 52.069669404009886], [5.143828287743242, 52.06967171613124], [5.143746795583082, 52.06967576326907], [5.143665585613871, 52.0696815546227], [5.143584745431322, 52.06968907239763], [5.143504391702606, 52.06969831683573], [5.143424582805934, 52.06970927907069], [5.143345464724843, 52.06972193244138], [5.143300859158467, 52.06973097205615], [5.143256483988541, 52.06974055141618], [5.143212339311629, 52.06975065254572], [5.143168439808815, 52.069761257499245], [5.143124756505704, 52.069772330264634], [5.1430813186192506, 52.06978386191461], [5.143038111808796, 52.069795807479245], [5.142995136073376, 52.069808166958886], [5.142952362438845, 52.06982090434131], [5.142909805587116, 52.069834001681016], [5.142867436495257, 52.069847431953754], [5.142825357548999, 52.06986114144355], [5.142762308642803, 52.06988232147829], [5.142699708805599, 52.06990405068415], [5.142637397850505, 52.06992628378895], [5.142575332365657, 52.06994895778665], [5.142513425283989, 52.069971991603914], [5.142451560172663, 52.069995340058966], [5.142450975558491, 52.06999556354733], [5.1424508732694445, 52.069995599287324], [5.142439327273227, 52.069999988465575], [5.142426991983827, 52.07000469058688], [5.142414656691835, 52.07000939270688], [5.142402321348103, 52.07001410381357], [5.142390000537305, 52.07001882393722], [5.1423776942593875, 52.07002355307784], [5.142365387929714, 52.070028291205205], [5.1423530815974345, 52.07003302933126], [5.142340789798021, 52.07003777647431], [5.142328497946895, 52.07004253260402], [5.142316220628629, 52.070047297750776], [5.1423039433077475, 52.0700520628962], [5.142291680519721, 52.070056837058715], [5.142279417679959, 52.07006162020783], [5.142267169372992, 52.07006641237399], [5.14225492101428, 52.070071213526894], [5.14224268723764, 52.07007601470877], [5.142230453409139, 52.07008082487738], [5.142218234162711, 52.070085635075024], [5.142206014815281, 52.07009046324739], [5.142193810049869, 52.070095291448744], [5.14218160523263, 52.07010012863688], [5.142169400363559, 52.070104974811706], [5.142157210076557, 52.07010982101555], [5.142145034322375, 52.07011467623648], [5.142132858516349, 52.07011954044411], [5.142120697243187, 52.070124413668786], [5.1421085359181165, 52.070129295880186], [5.142096374590446, 52.07013417809029], [5.142084227795578, 52.07013906931749], [5.142072095582777, 52.07014396057377], [5.142059963268835, 52.070148869804775], [5.1420478455369585, 52.07015377906481], [5.142035727753205, 52.07015869731159], [5.14202360991756, 52.07016362454509], [5.142011506663979, 52.070168551807704], [5.141999417893898, 52.07017349707537], [5.1419873291212, 52.070178442341806], [5.141975240345832, 52.07018338760699], [5.141963166054056, 52.070188350877224], [5.141951106344233, 52.07019331417657], [5.141939046582547, 52.070198286462656], [5.141926986768938, 52.07020326773548], [5.141914956122075, 52.07020824906775], [5.141902910838542, 52.070213239356434], [5.14189088008782, 52.070218238662264], [5.14187886386985, 52.07022324698514], [5.141866847649189, 52.0702282553068], [5.141854831376582, 52.070233272615205], [5.141842829636773, 52.070238298940744], [5.141830842429706, 52.07024333428341], [5.141818855219942, 52.07024836962483], [5.141806882542915, 52.07025341398336], [5.141794909813975, 52.0702584673287], [5.141782937033058, 52.07026352966075], [5.141770993418848, 52.07026859205231], [5.141759035167952, 52.0702736634003], [5.1417470914497745, 52.070278743765414], [5.141735162264373, 52.07028383314767], [5.141723233076257, 52.07028892252869], [5.141711318420913, 52.07029402092686], [5.14169940371351, 52.07029912831184], [5.14168750358816, 52.07030423572598], [5.141675603410801, 52.07030935212686], [5.14166371776615, 52.0703144775449], [5.141651832069475, 52.07031961194977], [5.141639960954855, 52.070324746383754], [5.141628089738905, 52.07032989879253], [5.141616233154253, 52.070335042242554], [5.141604376468263, 52.070340203667286], [5.141592534364323, 52.07034536512121], [5.141580706743761, 52.07035054458032], [5.141568879169778, 52.07035571505025], [5.1415570514944235, 52.07036090349497], [5.1415452384010685, 52.07036609196888], [5.1415334398404475, 52.07037128945995], [5.141521641227759, 52.07037649593788], [5.141509842612327, 52.07038170241453], [5.141498058480292, 52.07038692689643], [5.14148628893025, 52.07039215140756], [5.141474519377462, 52.07039737591745], [5.141462749723255, 52.07040261840215], [5.141451009235847, 52.07040786094651], [5.14143925411154, 52.07041311244724], [5.141427528154038, 52.07041836400761], [5.1414157875596835, 52.07042362452442], [5.141404076082791, 52.07042889408883], [5.141392364553792, 52.07043417264008], [5.1413806529726225, 52.0704394601781], [5.141368955973503, 52.070444747745405], [5.141357258922318, 52.070450044299434], [5.141345576453076, 52.070455340882816], [5.14133390846717, 52.07046065547142], [5.141322240478546, 52.07046597005884], [5.141310572487096, 52.07047128464508], [5.14129893356374, 52.07047661726699], [5.141287280052779, 52.07048194985733], [5.141275641074498, 52.07048729146492], [5.141264016628898, 52.07049264208977], [5.141252392180465, 52.070497992713456], [5.141240782264707, 52.07050335235438], [5.141229186881625, 52.07050872101263], [5.14121757686148, 52.07051409862726], [5.141205996008228, 52.07051947630158], [5.141194415102804, 52.070524862962785], [5.141182834194592, 52.070530249622784], [5.141171267769596, 52.070535654288136], [5.141159715926655, 52.07054105898273], [5.141148164031523, 52.07054647266417], [5.1411366267183976, 52.070551886374936], [5.141125089353077, 52.07055730907252], [5.141113566520407, 52.070562740787416], [5.141102043635533, 52.07056818148916], [5.141090535332664, 52.07057362222022], [5.141079041512976, 52.07057908095656], [5.141067547739952, 52.070584530703826], [5.141056053865295, 52.07058999842595], [5.141044574572641, 52.07059546617732], [5.141033109812573, 52.07060094294606], [5.141021645000329, 52.07060642870164], [5.141010194770039, 52.07061191448659], [5.140998744487566, 52.070617409258425], [5.140987308737723, 52.070622913047494], [5.140975887569894, 52.07062841686598], [5.140964466349819, 52.07063392967132], [5.140953045077434, 52.070639451463556], [5.140941638337727, 52.07064498227306], [5.140930246180032, 52.07065051311201], [5.140918853970021, 52.07065605293783], [5.140907476292682, 52.07066160178092], [5.14089609861247, 52.070667150622995], [5.140884735464822, 52.070672708482334], [5.140873386849843, 52.07067827535911], [5.1408620381825285, 52.07068385122276], [5.140850689512385, 52.07068942708526], [5.140839355374853, 52.070695011965135], [5.14082803581934, 52.07070059687445], [5.140816716211532, 52.0707061907706], [5.140805411136277, 52.070711793684154], [5.140794106008775, 52.070717405584574], [5.140782829998673, 52.07072302653291], [5.14077153940088, 52.070728647449656], [5.1407602633851095, 52.07073426839582], [5.140749001852462, 52.07073990734729], [5.1407377403169745, 52.070745546297715], [5.140726493314082, 52.07075119426555], [5.140715246308295, 52.0707568422323], [5.140704013785614, 52.070762508204396], [5.140692795844957, 52.07076817420597], [5.140681577901459, 52.070773840206385], [5.140670374441055, 52.07077952421231], [5.140659170977803, 52.070785208217124], [5.140647967511651, 52.07079089222082], [5.140636793113516, 52.070796594260464], [5.14062561871253, 52.070802296299036], [5.140614444259134, 52.07080800732451], [5.1406032989727635, 52.070813718409944], [5.140592139049095, 52.07081943845181], [5.140581008242889, 52.070825167541614], [5.140569862799373, 52.07083090558783], [5.140558746522888, 52.070836643693994], [5.140547630193979, 52.07084239078711], [5.140536513862267, 52.07084813787916], [5.1405254120134956, 52.070853902976644], [5.140514324746867, 52.07085966810361], [5.140503252062283, 52.070865433260025], [5.140492179275729, 52.070871216391375], [5.140481106486364, 52.070876999521644], [5.140470048279099, 52.070882782681416], [5.140459004554754, 52.07088858384665], [5.140447960827597, 52.07089438501085], [5.140436931632945, 52.0709001951925], [5.140425902435432, 52.0709060053731], [5.140414887770473, 52.07091182457122], [5.140403887638018, 52.07091765278678], [5.140392887502698, 52.07092348100133], [5.140381901899936, 52.07092931823336], [5.1403709162446924, 52.070935164452344], [5.140359945122003, 52.07094101968882], [5.140348988581421, 52.07094687495481], [5.140338031988355, 52.070952739207726], [5.1403270899774025, 52.070958603490254], [5.140316147864447, 52.07096448574762], [5.140305220383118, 52.07097035904659], [5.14029429279983, 52.07097625032046], [5.14028337979855, 52.07098214162391], [5.140272481329867, 52.07098804194482], [5.14026158280868, 52.070993951252746], [5.140250698869611, 52.070999860590206], [5.140239829463033, 52.07100577894518], [5.140228960053575, 52.07101169729915], [5.140218090542071, 52.07101763362803], [5.14020725019764, 52.07102357001712], [5.140196409850385, 52.071029506405125], [5.140185569401012, 52.071035460768094], [5.1401747435833105, 52.07104140617268], [5.140163932248545, 52.07104736958277], [5.140153120910901, 52.071053332991866], [5.140142324105789, 52.07105930541854], [5.140131527248134, 52.07106528683213], [5.140120744972616, 52.071071268275354], [5.140109977229632, 52.07107725873614], [5.140099209434095, 52.071083258183855], [5.140088456220699, 52.071089257661235], [5.140077717539782, 52.07109526615613], [5.140066978806358, 52.071101283638015], [5.140056254655081, 52.07110730114953], [5.140045530451297, 52.07111332764805], [5.14003482082961, 52.07111935417608], [5.140024111105779, 52.0711253986792], [5.140013430598718, 52.07113143425451], [5.14000273540452, 52.0711374877742], [5.139992069377468, 52.07114354135407], [5.1399814032978375, 52.07114960392097], [5.139970737165734, 52.07115567547486], [5.139960085615733, 52.07116174705839], [5.1399494485981965, 52.07116782765952], [5.139938826162828, 52.07117390829025], [5.139928203674921, 52.07117999790801], [5.139917581134477, 52.07118609651285], [5.139906973126549, 52.07119220413523], [5.139896379700678, 52.07119831178727], [5.139885800807379, 52.07120442845689], [5.1398752219111365, 52.071210545125616], [5.13986465754741, 52.071216670811936], [5.139854093131128, 52.07122280548528], [5.139843543296968, 52.071228940188334], [5.139833007995272, 52.07123508390895], [5.139822472641069, 52.071241236616636], [5.139811951868992, 52.07124738935398], [5.139801431044353, 52.07125355107836], [5.139790924752222, 52.071259721820354], [5.139780433042225, 52.07126589259205], [5.139769941279656, 52.07127207235078], [5.139759464049598, 52.07127826112715], [5.139749001401678, 52.071284449933195], [5.13973853870118, 52.0712906477263], [5.139728090582824, 52.07129684554908], [5.139717642411883, 52.071303052358935], [5.139707208773453, 52.07130926818639], [5.139696789667531, 52.07131549303158], [5.139686370558656, 52.07132171787585], [5.139675965982291, 52.0713279517378], [5.139665575988079, 52.07133418562938], [5.139655185941271, 52.07134042850812], [5.1396448104269705, 52.07134668040446], [5.139634434909769, 52.0713529322999], [5.139624073925024, 52.07135919321307], [5.139613727522439, 52.071365454155924], [5.1396033956026566, 52.07137173310446], [5.139593063729691, 52.07137800306412], [5.139582731754394, 52.0713842909988], [5.139572414361318, 52.071390578963246], [5.139562111500695, 52.07139687594538], [5.139551823222249, 52.0714031729572], [5.1395415348912366, 52.07140947895615], [5.139531261092676, 52.07141579397284], [5.139520987291216, 52.071422108988585], [5.13951072802221, 52.07142843302204], [5.13950048328571, 52.07143476607324], [5.139490238546309, 52.07144109912359], [5.139480008339361, 52.07144744119161], [5.139469792714658, 52.07145378328939], [5.1394595770372655, 52.071460134374284], [5.1394493758923785, 52.07146649447693], [5.139439189329744, 52.07147285460929], [5.139429002714468, 52.07147922372881], [5.139418830631643, 52.07148560186602], [5.139408658545915, 52.071491980002385], [5.139398500992645, 52.07149836715648], [5.139388357971877, 52.071504763328335], [5.139378229533378, 52.07151115952998], [5.139368101091927, 52.071517555730736], [5.139357972548111, 52.071523969906586], [5.139347873171626, 52.071530384142896], [5.139337773792242, 52.07153679837833], [5.139327674310484, 52.07154323058886], [5.139317603996067, 52.071549662859866], [5.139307533678754, 52.07155609512995], [5.139297463308826, 52.07156253638716], [5.139287407471297, 52.07156898666219], [5.1392773662160565, 52.071575436967045], [5.1392673394933235, 52.07158189628965], [5.139257312717919, 52.07158836459939], [5.13924730052475, 52.071594832938935], [5.139237288278901, 52.07160131026561], [5.139227290615346, 52.07160778762213], [5.139217307484253, 52.071614273996445], [5.139207338885619, 52.07162076938855], [5.139197370284091, 52.07162726477979], [5.139187416215076, 52.071633769188914], [5.139177462093368, 52.07164028258509], [5.1391675079687635, 52.071646795980485], [5.139161447543266, 52.07165078292739], [5.139157597596784, 52.07165330946709], [5.1391476725371525, 52.071659840898086], [5.139137747474623, 52.07166637232824], [5.139127836894741, 52.07167292176425], [5.139117940946988, 52.071679462242095], [5.139108030311497, 52.07168602066435], [5.139098134258322, 52.0716925791165], [5.139088252737603, 52.071699146586475], [5.139078356628808, 52.07170571402496], [5.139068475052464, 52.0717122904812], [5.139058593473267, 52.071718866936656], [5.13904871184129, 52.071725452379255], [5.139038830206399, 52.071732037820986], [5.139028948518775, 52.071738632249904], [5.1390190668282365, 52.07174522667801], [5.139009199720027, 52.0717518211359], [5.138999317973831, 52.071758424550275], [5.1389894362247155, 52.0717650279638], [5.138979554472739, 52.0717716313765], [5.138969672667949, 52.07177824377634], [5.138963641128261, 52.07178227571433], [5.138959790860239, 52.07178485617535], [5.138949909099452, 52.071791459585555], [5.1389400272859005, 52.071798071982826], [5.138930145469482, 52.07180468437934], [5.138920263650089, 52.07181129677497], [5.138910381877623, 52.071817900181806], [5.1389005000523875, 52.07182451257582], [5.138890603639018, 52.071831124938186], [5.138880721807938, 52.07183773733051], [5.138870840023798, 52.071844340733996], [5.138860958186929, 52.07185095312459], [5.1388510763470885, 52.071857565514364], [5.138841194554189, 52.07186416891536], [5.138831312708506, 52.071870781303495], [5.1388214308599025, 52.07187739369072], [5.1388115490084285, 52.07188400607717], [5.138801667203855, 52.071890609474806], [5.138791770761251, 52.071897221828785], [5.13878188890096, 52.07190383421274], [5.138772007037748, 52.07191044659581], [5.138762125221496, 52.071917049990056], [5.138752301893061, 52.07192362654253], [5.138752243352442, 52.07192366237152], [5.138742361480524, 52.07193027475205], [5.13873319697791, 52.07193640328716], [5.138732479655514, 52.071936878143795], [5.138722597777697, 52.0719434905227], [5.138712715896959, 52.07195010290078], [5.138702834013302, 52.07195671527799], [5.138692937591358, 52.0719633186356], [5.138683055701859, 52.07196993101119], [5.138673173809433, 52.07197654338589], [5.138663291914144, 52.07198315575974], [5.138653410065778, 52.0719897591448], [5.138643528164595, 52.071996371516974], [5.138633646260486, 52.07200298388832], [5.138623764353459, 52.072009596258816], [5.138613882493475, 52.07201619964053], [5.138604000580603, 52.0720228120094], [5.138594118664812, 52.072029424377384], [5.138584222210736, 52.07203602772584], [5.1385743402891, 52.07204264009213], [5.138564458364545, 52.07204925245765], [5.138554576437068, 52.0720558648223], [5.138544694556649, 52.07206246819812], [5.13853481262333, 52.07206908056109], [5.138524930687092, 52.072075692923235], [5.138515048747929, 52.07208230528453], [5.138514433917564, 52.07208270845135], [5.1385051668557775, 52.072088908656994], [5.138495284910831, 52.072095521016635], [5.138485388377549, 52.072102133344615], [5.138475506476697, 52.07210873671459], [5.13846562452293, 52.07211534907174], [5.138455742566239, 52.072121961427996], [5.13844586060663, 52.07212857378345], [5.138435978694046, 52.07213517715007], [5.138426096728648, 52.07214178950381], [5.138416214760276, 52.072148401856744], [5.13840633278898, 52.07215501420883], [5.13839645086472, 52.07216161757205], [5.138386554302261, 52.07216822989168], [5.138376672322203, 52.072174842241246], [5.138366790389183, 52.07218144560198], [5.138356908403283, 52.072188057949916], [5.1383470264145155, 52.072194670296945], [5.138337144422772, 52.07220128264317], [5.138327262478077, 52.072207886000584], [5.138317380480492, 52.07221449834513], [5.138307498479987, 52.07222111068884], [5.138297616476613, 52.0722277230317], [5.138287719934844, 52.07223432635494], [5.138277837925626, 52.07224093869614], [5.138276578835548, 52.07224178990565], [5.138267955913434, 52.0722475510365], [5.138258073948306, 52.07225415438808], [5.138248191930271, 52.07226076672671], [5.138238309909315, 52.07226737906455], [5.138228427885495, 52.072273991401524], [5.138218545908688, 52.07228059474975], [5.138208663878971, 52.072287207085054], [5.1381987818463335, 52.07229381941956], [5.138188885225405, 52.07230043172238], [5.138179003236923, 52.07230703506723], [5.138169121195516, 52.072313647399234], [5.138162416083149, 52.07231812727739], [5.138159239151246, 52.07232025973034], [5.1381493571540044, 52.07232686307263], [5.138139475103838, 52.07233347540212], [5.138129593050749, 52.07234008773076], [5.138119710994741, 52.07234670005855], [5.138109828985878, 52.07235330339752], [5.138099946924028, 52.07235991572361], [5.138090064859256, 52.072366528048896], [5.138080168206173, 52.072373140342535], [5.138070286185576, 52.07237974367814], [5.13806040411204, 52.0723863560009], [5.138050522035579, 52.072392968322795], [5.138048267476419, 52.072394473556166], [5.138040640006281, 52.07239957165592], [5.138030757923985, 52.07240618397616], [5.1380208758387615, 52.072412796295545], [5.138020158501167, 52.07241327114781], [5.138010993800654, 52.072419399626156], [5.138001111709589, 52.07242601194387], [5.137991244251109, 52.07243261530361], [5.1379813768397495, 52.07243920967458], [5.1379715239608545, 52.07244581306347], [5.137961685664469, 52.07245241648239], [5.137951832829805, 52.07245901088168], [5.137942009113082, 52.072465614329786], [5.137932185393462, 52.07247221777703], [5.1379223616208884, 52.072478830211494], [5.137921658916718, 52.07247929610601], [5.137912567116425, 52.0724854247308], [5.137902772508963, 52.07249203722525], [5.13789299248409, 52.072498649749726], [5.137883197820781, 52.07250527123055], [5.137873432325496, 52.07251189277219], [5.137863666777203, 52.072518523301035], [5.1378539012260696, 52.07252515382906], [5.137844150257537, 52.07253178438709], [5.137834413821434, 52.072538423963174], [5.137824677332427, 52.072545072526395], [5.137814940840523, 52.072551721088814], [5.137805218931176, 52.07255836968126], [5.137795511554369, 52.07256502729177], [5.137785804174617, 52.07257168490145], [5.137776111327463, 52.07257835152915], [5.137766418477362, 52.07258501815607], [5.13775672557429, 52.07259169377015], [5.1377470472537885, 52.0725983694143], [5.137737383465831, 52.07260505407647], [5.13772771967498, 52.07261173873784], [5.137718070416677, 52.07261843241728], [5.137708421155432, 52.07262512609593], [5.137698786476826, 52.07263181980459], [5.1376891517452385, 52.0726385225005], [5.137679531596297, 52.072645225226424], [5.137669911394315, 52.07265193693959], [5.137660305724881, 52.0726586576708], [5.137650700102666, 52.07266536941323], [5.137641108962843, 52.0726720991617], [5.137631532455784, 52.07267881995228], [5.137621941260077, 52.07268555868718], [5.137619642313871, 52.07268717167536], [5.137612379282692, 52.07269228849504], [5.13760281725226, 52.07269902729009], [5.137593269804444, 52.07270576611525], [5.137583722303687, 52.072712513927634], [5.137574174749929, 52.07271927072719], [5.13756464177879, 52.072726027556826], [5.137555738488905, 52.07273233631491], [5.1375551233903325, 52.072732784416594], [5.137552736474899, 52.072734478109986], [5.1375512096450615, 52.07275979431459], [5.137556067027169, 52.07277281036163], [5.137546172402664, 52.07279472033664], [5.137524101876575, 52.072823902848626], [5.137497856004575, 52.07284330646291], [5.137454954617773, 52.07287029668315], [5.137422441602251, 52.07288884212292], [5.137362395230766, 52.07289611207256], [5.137342012934504, 52.072899798928866], [5.137325273849369, 52.07289883767567], [5.137319503346771, 52.07290308579657], [5.137310173894174, 52.072909950894015], [5.137300844338308, 52.0729168339666], [5.137299980225867, 52.07291747028889], [5.137291544051118, 52.07292369912439], [5.137282229075143, 52.072930582226434], [5.137272928681927, 52.072937465358706], [5.137266235312151, 52.07294242157916], [5.137263613650036, 52.07294435744727], [5.137254313150667, 52.07295125855394], [5.137245012648479, 52.07295815965995], [5.1372357120931795, 52.072965069753124], [5.137226396949421, 52.07297197981465], [5.137217096388425, 52.07297888990635], [5.137207781188718, 52.072985808954385], [5.137206917023423, 52.072986454263926], [5.137198480571719, 52.07299272803258], [5.137189165366249, 52.072999647079115], [5.137179850157898, 52.07300656612486], [5.137170534946663, 52.07301348516992], [5.137161234318148, 52.07302040424515], [5.137151919101152, 52.0730273232887], [5.137142603881274, 52.07303424233146], [5.137133303244174, 52.07304116140453], [5.1371239880185335, 52.0730480804458], [5.1371146727900125, 52.07305499948636], [5.137105372144222, 52.07306191855711], [5.137096056909938, 52.0730688375962], [5.137086741672771, 52.07307575663453], [5.137077441068621, 52.073082666715074], [5.137068125825694, 52.07308958575188], [5.137058810579887, 52.07309650478797], [5.137049495331196, 52.073103423823305], [5.137040194665253, 52.07311034288883], [5.137033252132351, 52.07311550529324], [5.137030879410801, 52.073117261922725], [5.137021564103233, 52.07312418994379], [5.137012234207146, 52.07313111793315], [5.1370028897224715, 52.07313804589084], [5.136993545184666, 52.07314498283578], [5.136984186058263, 52.07315191974897], [5.136974812343312, 52.073158856630435], [5.1369654386255075, 52.07316579351117], [5.136956035733387, 52.07317273032924], [5.136946647574801, 52.07317964021351], [5.136937200970032, 52.07318656794918], [5.136927754312141, 52.07319350467205], [5.1369182785804535, 52.07320042335627], [5.136908773624202, 52.073207350965724], [5.1368992541296, 52.07321426955548], [5.136889720096596, 52.07322117912551], [5.136880142303583, 52.07322808860181], [5.136870535386482, 52.073234989027455], [5.136860928566946, 52.07324187147634], [5.136854690127749, 52.073246316318524], [5.136851234079443, 52.07324878070247], [5.136841569061965, 52.07325563606188], [5.13683186023411, 52.07326250031552], [5.136822122332456, 52.0732693465305], [5.136812369942691, 52.0732761747377], [5.1368025884287425, 52.073282993894125], [5.136792777790659, 52.07328980399983], [5.136782952664461, 52.07329659609769], [5.136773098464461, 52.073303370156836], [5.136763215089978, 52.0733101441532], [5.136753317277611, 52.07331689115379], [5.136743390341149, 52.07332362910354], [5.136733434280531, 52.07333035800254], [5.136723449146043, 52.07333706886273], [5.136713449473147, 52.073343770703076], [5.136703435312086, 52.07335045453562], [5.136693377441149, 52.07335712928637], [5.136683319667755, 52.07336378606024], [5.136673218234836, 52.07337042476434], [5.1366631022634515, 52.07337705444856], [5.136652957167883, 52.07338367508194], [5.136642782998436, 52.073390277676495], [5.1366325942905195, 52.073396871251155], [5.136622391144814, 52.07340343782999], [5.136612144238876, 52.07341000431492], [5.136601882844837, 52.073416552792], [5.136591606962594, 52.07342308326121], [5.136581301956203, 52.0734296046795], [5.136570967875986, 52.07343610805891], [5.136560619257241, 52.07344260241841], [5.13655024156467, 52.07344907873902], [5.136539834747888, 52.07345554600872], [5.136529413442961, 52.0734619952705], [5.136518963064151, 52.07346842649336], [5.136508498146925, 52.07347484869623], [5.136498004155814, 52.073481252860276], [5.136487495626291, 52.07348764800429], [5.136476958022883, 52.07349402510941], [5.1364663913455395, 52.07350038417558], [5.136455810129836, 52.073506734221766], [5.136445199789847, 52.07351307521697], [5.136434575012143, 52.07351938921622], [5.136423921110208, 52.073525694164516], [5.136413252669859, 52.07353199009283], [5.136402555155578, 52.0735382679821], [5.136391843153296, 52.073544527863476], [5.136381102026728, 52.073550778693736], [5.13637033182628, 52.07355701148508], [5.136359547137788, 52.07356322626838], [5.136348747910888, 52.073569432031675], [5.136337919610064, 52.073575619755935], [5.136327062185053, 52.073581798429124], [5.136316190271954, 52.07358795909437], [5.136305289284986, 52.073594101720516], [5.136294373759616, 52.073600235326595], [5.136283429160381, 52.073606350893634], [5.13627247007313, 52.073612448452636], [5.136261496447429, 52.07361853699159], [5.1362505083840535, 52.073624598534536], [5.136245021719761, 52.07362761583918], [5.13623944733821, 52.073630668909196], [5.136228415662592, 52.073636703392935], [5.136217369498984, 52.0736427198687], [5.136206308847341, 52.07364871833637], [5.136195233657327, 52.073654707783966], [5.136184143979342, 52.07366067922348], [5.136173054399151, 52.07366663268603], [5.136161950280601, 52.07367257712845], [5.136150860845733, 52.07367850362495], [5.136139742286706, 52.07368442107029], [5.136128609088452, 52.073690347471484], [5.13611749067473, 52.07369623795076], [5.136106386894372, 52.07370211947206], [5.136095283111097, 52.07370800099231], [5.136084164839866, 52.0737138645045], [5.136073061202026, 52.07371971905876], [5.136061957561281, 52.07372557361191], [5.136050868553888, 52.07373141920715], [5.1360397795436565, 52.073737264801274], [5.13603537618902, 52.073739574345495], [5.136028690580903, 52.07374310140644], [5.135917800643096, 52.07380149436388], [5.135806925001711, 52.07385988724736], [5.135696034484968, 52.07391827999458], [5.135585143678828, 52.07397667263675], [5.135474267169166, 52.07403506520496], [5.1353633757840855, 52.07409345763693], [5.135252484109609, 52.07415184996374], [5.13514160673166, 52.07421024221669], [5.135030714478234, 52.07426863433334], [5.134954362467568, 52.07430884545875], [5.134919778025257, 52.07432705321515], [5.134864258689623, 52.074356253519355], [5.134808505853711, 52.07438546228555], [5.134715318272965, 52.07443389725943], [5.134696476334738, 52.07444361796218], [5.134640141814391, 52.074472474867406], [5.13458361851504, 52.074501169555575], [5.13456259816749, 52.07451177538912], [5.134526745583784, 52.07452977358641], [5.134469771644145, 52.07455817064723], [5.134412565116919, 52.07458641438437], [5.134355140588481, 52.07461450482864], [5.1342975272820475, 52.07464243305443], [5.134239696025564, 52.07467019899882], [5.134181734539513, 52.07469776689741], [5.134179248184266, 52.07469894798805], [5.134123423421927, 52.074725244136054], [5.134064996661453, 52.07475252335973], [5.134006366538154, 52.07477964033205], [5.1339475330522975, 52.07480659505279], [5.13388849625497, 52.074833378533725], [5.133829285318935, 52.07485999083716], [5.133787067782716, 52.074878820008735], [5.13376978324947, 52.07488648563982], [5.133710224037096, 52.074912755587505], [5.133650417654087, 52.074938872175984], [5.133590422445657, 52.074964835530494], [5.133530223978616, 52.074990618655384], [5.133469851324044, 52.07501623958909], [5.133409319221495, 52.0750416713988], [5.133386071685746, 52.07505138240721], [5.133348495936, 52.0750669946934], [5.133287586338514, 52.075092093068605], [5.13322645879609, 52.07511702915725], [5.133165157067999, 52.075141803053384], [5.133103666619294, 52.07516640573717], [5.133042002036726, 52.075190837239866], [5.132980221870217, 52.075215061735136], [5.132976815647473, 52.07521639361409], [5.132918121349966, 52.075239177650005], [5.132855919833008, 52.0752630865883], [5.132793544234948, 52.07528681535643], [5.132730994454122, 52.075310381930045], [5.132692813449852, 52.075324617523826], [5.1326913922856345, 52.07532571998994], [5.132674345629531, 52.07533253210591], [5.132659085624431, 52.07535348633284], [5.132654273773071, 52.075355749928136], [5.132649978322801, 52.07535698100869], [5.132630262882755, 52.075353433083144], [5.13261722616742, 52.0753579169483], [5.132567028217729, 52.075374283689484], [5.132551594515451, 52.07537960724975], [5.132503415065813, 52.0753949896348], [5.132485526486576, 52.0754010718697], [5.132440390228947, 52.075417395565026], [5.132422398759966, 52.07542361238921], [5.132403575758435, 52.075429845389564], [5.132288606900463, 52.07547036679046], [5.132161407173496, 52.07551469054291], [5.132134792215197, 52.075523944615036], [5.132034353981359, 52.0755588526897], [5.1319073733682785, 52.07560303283293], [5.1317803922993726, 52.075647248790744], [5.131741207521231, 52.07566090666407], [5.131653439998635, 52.07569149163833], [5.131526472809106, 52.07573574330494], [5.1313995054198935, 52.07577998584633], [5.131272537779682, 52.075824228250376], [5.1311455698370025, 52.075868479505104], [5.131018601694771, 52.075912721634566], [5.13089163330154, 52.07595696362667], [5.1307646646058185, 52.076001214469436], [5.1306376957105115, 52.07604545618698], [5.130510726512716, 52.07608970675516], [5.130383757115444, 52.07613394819803], [5.1302567874671166, 52.07617818950358], [5.1301298175162255, 52.07622243965983], [5.130002847365933, 52.07626668069074], [5.129875876964643, 52.07631092158437], [5.129748906260603, 52.076355171328665], [5.129621935357291, 52.07639941194767], [5.129494949564467, 52.07644366138542], [5.129367978159121, 52.07648790172976], [5.129241006502777, 52.076532141936795], [5.1291140345436075, 52.076576390994454], [5.128987062385188, 52.076620630926854], [5.128860089975826, 52.07666487072192], [5.128855602695719, 52.076666442791], [5.128733117263564, 52.076709119367614], [5.128606144352127, 52.076753358888055], [5.128512248241826, 52.07678607623167], [5.128479171189746, 52.076797598271156], [5.128352197724388, 52.07684184650491], [5.128225224059988, 52.076886085613395], [5.128168891900463, 52.0769057176562], [5.128098250092506, 52.07693033357252], [5.128016338858112, 52.07695887043886], [5.127971275926083, 52.076974572406336], [5.1278443015086665, 52.077018811102825], [5.1277173267881455, 52.07706305864992], [5.127642840351226, 52.07708900505519], [5.127590351868654, 52.0771072970718], [5.127463376698218, 52.07715153535629], [5.127336401224602, 52.07719578249146], [5.12726935420724, 52.07721914750348], [5.127209425552094, 52.07724002050134], [5.127082449576408, 52.077284267361875], [5.126955473401933, 52.077328505097086], [5.126828496976463, 52.07737274269494], [5.126701520247629, 52.07741698914344], [5.126574543320139, 52.077461226466696], [5.126447566141653, 52.077505463652585], [5.12632058865978, 52.0775497096891], [5.12619361097922, 52.07759394660036], [5.12606663304772, 52.07763818337427], [5.125939654812755, 52.07768242899882], [5.12581267637918, 52.07772666549807], [5.1256856976421465, 52.07777091084793], [5.125558718706604, 52.0778151470725], [5.125431739520071, 52.07785938315972], [5.125327329008446, 52.077895759732854], [5.1253047600298896, 52.0779036280976], [5.125177780341335, 52.077947863910204], [5.125172138097455, 52.07794982874759], [5.125051339760979, 52.07799216370139], [5.124925188199742, 52.07803688643979], [5.124907441932579, 52.078043219507585], [5.124799603340015, 52.07808194286363], [5.124674292749636, 52.07812744916857], [5.124549329625898, 52.07817336057811], [5.124491758876696, 52.0781946958398], [5.1244353423696625, 52.07821571007513], [5.12442481628871, 52.07821964136912], [5.124300067396155, 52.07826624507425], [5.124175332883981, 52.07831283969139], [5.124050598112019, 52.07835943417592], [5.123925848440112, 52.078406037483234], [5.123801113148702, 52.07845263170257], [5.12367637759751, 52.07849922578935], [5.123551627199196, 52.07854581971093], [5.123426891075553, 52.07859242252049], [5.123408060773988, 52.0785994540075], [5.123301688052926, 52.07863899718864], [5.123176107669696, 52.07868520236735], [5.123050120858946, 52.07873102001403], [5.122923771332138, 52.07877645921355], [5.122797117706844, 52.07882147515576], [5.12277049794344, 52.078830879900224], [5.122770366390363, 52.078830924545585], [5.122670378161077, 52.078866176186224], [5.122543755434424, 52.0789108144261], [5.1224171470427695, 52.078955452562255], [5.122290538398514, 52.07900009056176], [5.122163914914157, 52.079044728392006], [5.122037305711593, 52.07908937510639], [5.1219106963096515, 52.079134012696294], [5.121784072067622, 52.07917865011679], [5.121657462160571, 52.079223287433585], [5.121588916401159, 52.079247454766275], [5.121588346256242, 52.079247660207606], [5.12153155258162, 52.07926786327604], [5.121469142787231, 52.079290480440285], [5.12146623349306, 52.07929154346424], [5.121407358918168, 52.07931331469661], [5.121345587010887, 52.07933658037544], [5.121344665852018, 52.079336937821374], [5.1213229972124426, 52.07934525685826], [5.121015938154837, 52.07947998737564], [5.120714799404679, 52.07961970987259], [5.120419814964261, 52.079764317066626], [5.120204798510837, 52.07987743964753], [5.1199960422664255, 52.07999494423216], [5.119793780538562, 52.08011667858774], [5.119598247482713, 52.080242517445825], [5.119409662836008, 52.080372308541385], [5.119165634590176, 52.080552009937236], [5.1189301130037554, 52.08073597255708], [5.118703288731227, 52.08092403510045], [5.118684113143557, 52.08094212937272], [5.118645082827657, 52.080979655584706], [5.118629895035558, 52.080994451318595], [5.118602936979366, 52.081020967655334], [5.118602056507558, 52.081021828504994], [5.11857615362622, 52.081047538312326], [5.11856837535937, 52.08105526831391], [5.11854562698584, 52.08107797429551], [5.118492085941742, 52.08113167289648], [5.1184895320427515, 52.08113425564248], [5.118416524921438, 52.081208204922945], [5.118341486931252, 52.08128505267601], [5.118340268542307, 52.08128630822858], [5.118266666103663, 52.08136213456617], [5.118191800874769, 52.081439279223595], [5.1181545003772895, 52.08147769903837], [5.1181171403272385, 52.08151630745503], [5.118043076782027, 52.081593480810824], [5.117969653519988, 52.08167088028375], [5.117926295797642, 52.08171699796463], [5.117896797655277, 52.081748496720344], [5.1178240131813615, 52.08182632898836], [5.11775133024881, 52.081904215371424], [5.117678763608793, 52.081982128939146], [5.117606313153431, 52.08206008766771], [5.117533964294561, 52.082138091523944], [5.117461746263887, 52.0822161315868], [5.117389629884701, 52.08229420778983], [5.117317615157307, 52.08237232013309], [5.117245716616498, 52.082450477638275], [5.117173948905695, 52.082528671350914], [5.117102268204867, 52.08260691015906], [5.117046652675518, 52.08266773987719], [5.1170306303682045, 52.082685256878115], [5.116967511960081, 52.08275398786141], [5.116958451572566, 52.08276375511041], [5.116921917772854, 52.08280289533406], [5.1168850195146485, 52.08284198078209], [5.116836011940742, 52.0828931993188], [5.116810335329605, 52.08291974514374], [5.1167532884058184, 52.082978306443216], [5.1167351293254635, 52.08299690605922], [5.1166599384656015, 52.083073932139705], [5.116584761935518, 52.08315095820459], [5.1165095705574055, 52.083227984186884], [5.116434393509065, 52.083305010153595], [5.11635920166699, 52.08338202704969], [5.116284024100399, 52.08345905291824], [5.116208831685626, 52.083536078704064], [5.116135885075976, 52.083610808657205], [5.1161337270360665, 52.083613023750544], [5.116059205582433, 52.08368998806597], [5.115985572391439, 52.08376718806715], [5.115912797906855, 52.08384468660425], [5.115840838309662, 52.08392249256597], [5.115783661579057, 52.083985196595265], [5.115769693493637, 52.08400062392986], [5.115698575480491, 52.08407910584689], [5.115627471806708, 52.08415758775346], [5.115591574792034, 52.08419719640629], [5.1155563532939485, 52.08423606958232], [5.115485249175291, 52.08431454241276], [5.115474394827313, 52.08432651647854], [5.115414130162979, 52.08439302415348], [5.1153572141298, 52.084455845419036], [5.115343010900874, 52.08447150585012], [5.115271905978312, 52.08454998753632], [5.115200786216634, 52.08462846914481], [5.1151296808492495, 52.08470694175491], [5.115066639115292, 52.08477650777499], [5.115058560588007, 52.0847854232752], [5.114987454666404, 52.084863904785145], [5.1149163339055805, 52.084942386217264], [5.114845227484499, 52.085020867639045], [5.114827454624342, 52.08504046552614], [5.114784241299377, 52.085088155283266], [5.1147741649105996, 52.08509929519016], [5.114703422893581, 52.08517775040298], [5.114633117439963, 52.085256350391205], [5.114624567765948, 52.08526593887768], [5.114598051911688, 52.085295691017315], [5.114590001773936, 52.08530470541947], [5.11456270807834, 52.08533520176273], [5.11449184684651, 52.08541394418948], [5.11442057784041, 52.08549252384423], [5.114404083059489, 52.085510623615164], [5.114349061490591, 52.08557095008563], [5.114277589097479, 52.08564930448019], [5.114206116453725, 52.08572765883024], [5.1141346435044825, 52.08580602212373], [5.114063170359436, 52.08588437638476], [5.113991696963799, 52.08596273060125], [5.113920223317467, 52.08604108477326], [5.1138487493655775, 52.08611944788869], [5.113777275217935, 52.08619780197171], [5.113774073089089, 52.08620131787066], [5.113705420877228, 52.08627625399758], [5.113633071544753, 52.08635448911684], [5.11361929538273, 52.08636930544933], [5.1135607820777835, 52.08643243671165], [5.113489089944005, 52.08651048451711], [5.113417936345852, 52.08658870430231], [5.113347335820403, 52.08666710509005], [5.113277259189594, 52.08674568681359], [5.113207720935338, 52.086824467483595], [5.113144275381111, 52.08689705151551], [5.113138750570074, 52.08690339324115], [5.113070040931998, 52.086982589206166], [5.113001593288061, 52.08706184865631], [5.112933407474072, 52.08714119855593], [5.112865469011019, 52.08722062089559], [5.11279857117592, 52.087299236690775], [5.1127978363711835, 52.08730009783565], [5.112747014691255, 52.08736006481141], [5.11273036293624, 52.08737974588023], [5.112728040744174, 52.08738249981265], [5.11266293264566, 52.08745945690254], [5.112657538733881, 52.08746584385043], [5.112595516704795, 52.0875391679191], [5.112528085988223, 52.087618869873864], [5.11251982611421, 52.08762863864205], [5.112519782067235, 52.0876286834798], [5.112499690580552, 52.08765249101521], [5.112479905967242, 52.08767621836951], [5.112471409038625, 52.087686570806596], [5.112462235153174, 52.08769786541322], [5.112441193481715, 52.08772433119382], [5.112420647251925, 52.087750896994], [5.112405951592449, 52.08777037584926], [5.112400713960735, 52.08777743725489], [5.112381084891706, 52.08780432875629], [5.112362009848989, 52.08783128446224], [5.112345344290366, 52.08785553138428], [5.112343518566536, 52.087858214561756], [5.112325360522996, 52.08788552293415], [5.112307756839458, 52.087912841584284], [5.1122905748220875, 52.08794039490469], [5.112289351497894, 52.087942396392435], [5.112285489473853, 52.0879487868948], [5.112300284148841, 52.08797020401383], [5.112299481453534, 52.087982111337745], [5.112294579029966, 52.08798922744844], [5.1122649689961035, 52.088077978533306], [5.112241130410027, 52.08812265657666], [5.112236723644951, 52.088127463906304], [5.112237815592009, 52.088137344343785], [5.112239981502878, 52.088150534896215], [5.112242862738208, 52.088163664200195], [5.112246459243327, 52.08817674124369], [5.112250756649267, 52.088189730040874], [5.112255755011785, 52.088202621603564], [5.112261439796213, 52.088215406909825], [5.112267825704094, 52.088228068017706], [5.112274883665297, 52.08824058688308], [5.112282584830535, 52.08825290951022], [5.112292086671254, 52.08826662948643], [5.112302363585635, 52.088280063650636], [5.112313459069806, 52.08829325704442], [5.112325474430183, 52.088306344724764], [5.112333957246629, 52.08831493912094], [5.112343007829471, 52.088323741565716], [5.112356325689997, 52.088336194126136], [5.112370181919467, 52.08834889061785], [5.11242344632748, 52.08839748743161], [5.112432456705493, 52.088405714539086], [5.1124522448883285, 52.08842423113878], [5.112471562875896, 52.08844328592378], [5.112490004669013, 52.088462464497034], [5.112497222961913, 52.08847027397273], [5.112504309610441, 52.08847813706964], [5.112514653994263, 52.08849010631627], [5.11252476211901, 52.088502533403215], [5.112534415511245, 52.08851535490506], [5.112543873326647, 52.08852913767411], [5.112552512580971, 52.088543161213494], [5.112560333604562, 52.088557371595755], [5.112567336176111, 52.08857180477293], [5.112574209117067, 52.088588340856305], [5.1125800009731615, 52.08860509912298], [5.112584639341503, 52.08862198952384], [5.112588138977053, 52.08863898512902], [5.112590485453245, 52.08865605894096], [5.112591678989548, 52.088673175007905], [5.112591705159342, 52.08869030633206], [5.112590578717529, 52.0887074259836], [5.112588299883457, 52.08872449801075], [5.1125848541754415, 52.088741504403515], [5.112580271049433, 52.08875840029009], [5.112574550504175, 52.08877518567031], [5.1125673527583375, 52.088792542846036], [5.1125589304871415, 52.08880971740749], [5.112549298666289, 52.08882664647285], [5.1125384720508915, 52.08884330311201], [5.112526612407336, 52.08885948097589], [5.112517143720179, 52.08887122430179], [5.112505402034662, 52.088884822862], [5.112493576053338, 52.08889789092843], [5.112481913709478, 52.088910447054936], [5.112443549283859, 52.08895160391653], [5.112370903357765, 52.089029549928505], [5.112298257178169, 52.08910749589453], [5.1122256107451856, 52.08918544181463], [5.112152949467822, 52.08926338765475], [5.112080302527913, 52.08934133348295], [5.1120076553345, 52.08941927926522], [5.111937005476862, 52.08949508151636], [5.111935066638697, 52.0894971622222], [5.1119215970138905, 52.08951170942476], [5.111908873898653, 52.08952587188173], [5.111897130252073, 52.089539731029966], [5.111885834770867, 52.08955426532868], [5.111875206983643, 52.08956936743382], [5.111874308580605, 52.089570722534525], [5.11186484861905, 52.08958573748504], [5.111855853793366, 52.08960104113916], [5.111846840885532, 52.08961691099878], [5.111826408942073, 52.089653157107406], [5.111817336266033, 52.08966925152679], [5.111807497269883, 52.08968657552116], [5.1117969987368825, 52.089704374341835], [5.111785550670708, 52.089722350705], [5.111778792736151, 52.08973218584363], [5.11177171418278, 52.08974195731639], [5.1117586686055985, 52.08975870756764], [5.111743985498957, 52.089775993275964], [5.111729073406405, 52.08979255041379], [5.111714281850195, 52.08980848765456], [5.111698917744324, 52.089824989804], [5.1116262545080255, 52.08990293530995], [5.111553605609377, 52.089980880804085], [5.111480956457215, 52.090058826252225], [5.1114083070516445, 52.090136771654485], [5.111335642801371, 52.09021471697659], [5.111262992888845, 52.09029266228692], [5.111255736643894, 52.09030045593713], [5.111255119709573, 52.0903011196104], [5.111242149992154, 52.09031497582283], [5.111228653207617, 52.0903291184184], [5.111214381581148, 52.0903435018766], [5.111199087614998, 52.09035803573711], [5.111181320839756, 52.09037367832749], [5.111164925014632, 52.09038705913134], [5.111147889548565, 52.090400051948336], [5.111130155910005, 52.090412683605386], [5.111111738745404, 52.090424945148484], [5.111092681884113, 52.090436827691775], [5.111073351550495, 52.09044809840289], [5.11106670414014, 52.09045180389578], [5.111045944790264, 52.09046291845859], [5.111024808442179, 52.0904736456477], [5.111003967128254, 52.090483852216124], [5.110983551394171, 52.0904936643028], [5.110983492862486, 52.090493691129886], [5.110960208843909, 52.09050485369149], [5.110839412724099, 52.09056276837024], [5.1107459251007255, 52.09060757943633], [5.110724718877208, 52.09061778509975], [5.11070219420148, 52.090628832546074], [5.110680676484284, 52.090639855385376], [5.110661101850656, 52.09065048730295], [5.110642079567896, 52.09066146205946], [5.110623624282814, 52.09067277070145], [5.11060534036167, 52.090684681943166], [5.110587652620629, 52.09069692713918], [5.110570604833821, 52.090709506392464], [5.110554182576895, 52.09072239270529], [5.110538356333692, 52.09073563993706], [5.1105256941595885, 52.09074689924003], [5.110513468331019, 52.09075838426729], [5.110499167932895, 52.090772641738006], [5.110484966163047, 52.09078746568674], [5.1104775338270345, 52.09079538470846], [5.1104707622155345, 52.09080264016334], [5.110470703460752, 52.090802702941964], [5.110466032372415, 52.09080770732117], [5.110393379979457, 52.09088565208618], [5.1103444062749785, 52.090938198197044], [5.11032072733302, 52.09096359680521], [5.1102480744330485, 52.09104154147834], [5.110211204413569, 52.09108109225135], [5.110175421279651, 52.09111948610549], [5.11013064829248, 52.09116751200939], [5.110102767872715, 52.09119743068672], [5.110030099620822, 52.091275375187706], [5.109957445706893, 52.091353319677005], [5.109891328315855, 52.09142425981315], [5.1098847914838155, 52.0914312731083], [5.109812137062899, 52.091509217505696], [5.109739482388541, 52.09158716185708], [5.109733444969953, 52.09159363703484], [5.109666812868988, 52.09166510612824], [5.109652005644577, 52.09168099813039], [5.109626372114723, 52.09170850419226], [5.109626313413329, 52.09170855798252], [5.109615663328567, 52.09171999269669], [5.109605174360619, 52.091731328920496], [5.109594890284723, 52.09174256675697], [5.109583546787961, 52.09175522221282], [5.109572597763053, 52.09176779770382], [5.109562086818231, 52.09178032029684], [5.109552072209186, 52.09179280810544], [5.109542626839302, 52.091805270289406], [5.109533617486611, 52.09181801212947], [5.109526959096304, 52.09182813498952], [5.1095206198801755, 52.09183855520713], [5.1095148352588575, 52.09184895875432], [5.109509634471919, 52.091859336711956], [5.109504750405093, 52.0918704074965], [5.109500508038097, 52.091881533720525], [5.109496922186403, 52.09189267946674], [5.1094934979876685, 52.09190599171779], [5.109490978476227, 52.0919193060995], [5.109489348726323, 52.091932676505145], [5.10948860784613, 52.091946246741706], [5.109488609636938, 52.09195536064613], [5.109488745931376, 52.09195926178831], [5.109489509592761, 52.09197022902897], [5.109490933763987, 52.09198292353419], [5.1094928222508855, 52.09199604157202], [5.10949498524907, 52.092009600671666], [5.109497388219068, 52.09202446360613], [5.109502728176725, 52.09205748935314], [5.109509291156404, 52.09209800503989], [5.109517202800671, 52.092146927744736], [5.10952373723641, 52.0921873444941], [5.109525184576264, 52.09219630900517], [5.109526405476283, 52.092204140486615], [5.109528765001729, 52.09222130426271], [5.109530018608363, 52.092233270331825], [5.109530506147592, 52.09223935640116], [5.109530836579398, 52.09224489382848], [5.10953117737756, 52.09226051589111], [5.109530825377092, 52.09227255907164], [5.10953056412499, 52.09227703451366], [5.109529080547058, 52.092292715196486], [5.109526632006441, 52.09230869920108], [5.109523249917504, 52.09232462707872], [5.109518948926826, 52.09234048987576], [5.109513432453208, 52.09235705087925], [5.109506895266946, 52.09237349263377], [5.1094993521820795, 52.092389779221676], [5.1094908180126195, 52.092405874725486], [5.109481292925049, 52.092421752181046], [5.109470806158179, 52.09243740266906], [5.10945937247037, 52.09245279925977], [5.109447006564529, 52.09246792401143], [5.109433708663054, 52.092482740971974], [5.109419522597055, 52.09249724125633], [5.109404463069467, 52.09251140692265], [5.109388530303125, 52.0925252020189], [5.109371782665434, 52.09253862668219], [5.109354205787427, 52.09255164492612], [5.109335858092588, 52.0925642478999], [5.109316739692444, 52.092576417627306]]]}}, {"type": "Feature", "id": "49979", "properties": {"OBJECTID": "49979", "LOCATIEGROEP_ID": "nl.imow-pv26.gebiedengroep.003000000000000000000644", "SYMBOOL_CODE": "vsg015", "GROEP": "spoorweg", "9e750651-8e97-4bc6-b09e-fc30b5f3e83c_id": "670", "LOCATIE_ID": "nl.imow-pv26.gebied.003000000000000000000644e84634", "DOCUMENT_URL": "https://omgevingsbeleid.provincie-utrecht.nl/home?d=/akn/nl/act/pv26/2022/omgevingsverordening/nld@1089&o=", "NAAM": "Beperkingengebied lokale spoorweg", "TYPE": "beperkingengebied", "LOCATIEGROEP_NAAM": "Beperkingengebied lokale spoorweg", "LOCATIE_NAAM": null}, "geometry": {"type": "Polygon", "coordinates": [[[5.181059937045956, 52.090878742540944], [5.1811215799096395, 52.09088018949227], [5.1811831319592345, 52.09088234630854], [5.181244593115083, 52.090885230965775], [5.181305963462719, 52.09088882548828], [5.181339265331852, 52.09089116658801], [5.181338856521993, 52.09089121980272], [5.181307951530173, 52.09089438357287], [5.1812589582625375, 52.0909059015985], [5.181218796260425, 52.09090717966579], [5.181169721027927, 52.0909111385627], [5.181118508825597, 52.09090702243767], [5.1810738986303955, 52.09090464353502], [5.181016988018281, 52.09089269780393], [5.180977644904493, 52.09088726314864], [5.180948385222435, 52.090881693318664], [5.180939603674217, 52.09088112968945], [5.180892146185412, 52.09087917716436], [5.180934245980537, 52.09087852277294], [5.180997093169819, 52.090878273154686], [5.181059937045956, 52.090878742540944]]]}}, {"type": "Feature", "id": "49980", "properties": {"OBJECTID": "49980", "LOCATIEGROEP_ID": "nl.imow-pv26.gebiedengroep.003000000000000000000644", "SYMBOOL_CODE": "vsg015", "GROEP": "spoorweg", "9e750651-8e97-4bc6-b09e-fc30b5f3e83c_id": "671", "LOCATIE_ID": "nl.imow-pv26.gebied.003000000000000000000644e84635", "DOCUMENT_URL": "https://omgevingsbeleid.provincie-utrecht.nl/home?d=/akn/nl/act/pv26/2022/omgevingsverordening/nld@1089&o=", "NAAM": "Beperkingengebied lokale spoorweg", "TYPE": "beperkingengebied", "LOCATIEGROEP_NAAM": "Beperkingengebied lokale spoorweg", "LOCATIE_NAAM": null}, "geometry": {"type": "Polygon", "coordinates": [[[5.180666155323732, 52.090887814595035], [5.180712437503731, 52.090885172260634], [5.18073392102706, 52.09088415827239], [5.180719615188928, 52.090885472445294], [5.180666155323732, 52.090887814595035]]]}}, {"type": "Feature", "id": "49981", "properties": {"OBJECTID": "49981", "LOCATIEGROEP_ID": "nl.imow-pv26.gebiedengroep.003000000000000000000644", "SYMBOOL_CODE": "vsg015", "GROEP": "spoorweg", "9e750651-8e97-4bc6-b09e-fc30b5f3e83c_id": "672", "LOCATIE_ID": "nl.imow-pv26.gebied.003000000000000000000644e84633", "DOCUMENT_URL": "https://omgevingsbeleid.provincie-utrecht.nl/home?d=/akn/nl/act/pv26/2022/omgevingsverordening/nld@1089&o=", "NAAM": "Beperkingengebied lokale spoorweg", "TYPE": "beperkingengebied", "LOCATIEGROEP_NAAM": "Beperkingengebied lokale spoorweg", "LOCATIE_NAAM": null}, "geometry": {"type": "Polygon", "coordinates": [[[5.161970864655461, 52.083952514818115], [5.162010600693775, 52.08395357939987], [5.16206584197644, 52.08396688835175], [5.162137085971196, 52.08397476308131], [5.162146078524845, 52.08397656886987], [5.162163341205891, 52.08398458321707], [5.1622402015396345, 52.08400418903696], [5.162275967320595, 52.08401726299458], [5.162332567360603, 52.084021505457486], [5.162357962525549, 52.08402539178802], [5.162406079284132, 52.08403100220055], [5.161556140272588, 52.08402922597338], [5.16156052651474, 52.084027355861885], [5.161582348392313, 52.084016540038526], [5.161595123939414, 52.08401169295288], [5.161657087096798, 52.08399101311465], [5.161694163256358, 52.08396983624711], [5.16174347260133, 52.08395878534218], [5.161847375590651, 52.083944773838766], [5.161970864655461, 52.083952514818115]]]}}, {"type": "Feature", "id": "49982", "properties": {"OBJECTID": "49982", "LOCATIEGROEP_ID": "nl.imow-pv26.gebiedengroep.003000000000000000000644", "SYMBOOL_CODE": "vsg015", "GROEP": "spoorweg", "9e750651-8e97-4bc6-b09e-fc30b5f3e83c_id": "673", "LOCATIE_ID": "nl.imow-pv26.gebied.003000000000000000000644e84636", "DOCUMENT_URL": "https://omgevingsbeleid.provincie-utrecht.nl/home?d=/akn/nl/act/pv26/2022/omgevingsverordening/nld@1089&o=", "NAAM": "Beperkingengebied lokale spoorweg", "TYPE": "beperkingengebied", "LOCATIEGROEP_NAAM": "Beperkingengebied lokale spoorweg", "LOCATIE_NAAM": null}, "geometry": {"type": "Polygon", "coordinates": [[[5.180666155323732, 52.090887814595035], [5.180646972730223, 52.09088981229823], [5.180624032708837, 52.09089024848427], [5.180666155323732, 52.090887814595035]]]}}], "properties": {"sourceId": "agrest-ov-beperkingengebied-lokale-spoorweg", "title": "Omgevingsverordening — Beperkingengebied lokale spoorweg", "serviceUrl": "https://agrest.geodata-utrecht.nl/rest/services/Omgevingsverordening/FeatureServer", "layerId": 0, "role": "conditional", "authoritative": true, "licenseNote": "Structured open data of provincie Utrecht on agrest.geodata-utrecht.nl; service is anonymously queryable; no license statement exposed by the endpoint itself (platform presented as open data).", "lastChecked": "2026-10-05T06:43:52Z", "where": "NAAM='Beperkingengebied lokale spoorweg'", "fetchedAt": "2026-10-05T06:44:01Z", "userAgent": "ldttoolbox-geoconnector/0.1 (wind-turbine opportunity-map PoC; cache-first, single-page politeness; open data of provincie Utrecht via geo-point.provincie-utrecht.nl)", "pages": 1, "featureCount": 5, "bbox": null, "simplifyM": null, "queryFingerprint": "{\"bbox\": null, \"simplify_m\": null}", "crs": "OGC:CRS84/WGS84 (RFC 7946 default, no crs member)"}}