{"type": "FeatureCollection", "name": "agrest-ov-waterbergingsgebied", "features": [{"type": "Feature", "id": "53331", "properties": {"OBJECTID": "53331", "LOCATIEGROEP_ID": "nl.imow-pv26.gebiedengroep.003000000000000000000506", "SYMBOOL_CODE": "vszt026", "GROEP": "waterberging", "9e750651-8e97-4bc6-b09e-fc30b5f3e83c_id": "4023", "LOCATIE_ID": "nl.imow-pv26.gebied.003000000000000000000506e64978", "DOCUMENT_URL": "https://omgevingsbeleid.provincie-utrecht.nl/home?d=/akn/nl/act/pv26/2022/omgevingsverordening/nld@1089&o=", "NAAM": "Waterbergingsgebied", "TYPE": "water en watersysteem", "LOCATIEGROEP_NAAM": "Waterbergingsgebied", "LOCATIE_NAAM": null}, "geometry": {"type": "Polygon", "coordinates": [[[5.5848081579569575, 52.01118343742282], [5.584804460967799, 52.01118404584165], [5.584597519237411, 52.01122197287926], [5.5844881532735045, 52.011289810266064], [5.584394811703221, 52.01132843613571], [5.584208971303484, 52.01140532671355], [5.584159799558131, 52.01142567737311], [5.584056069129302, 52.01150008424659], [5.583771142610146, 52.0117044571885], [5.583599915239673, 52.01178274249844], [5.583540111264026, 52.01181008546258], [5.5833699929076985, 52.01191561168419], [5.583114755382512, 52.012058867960754], [5.581874973153636, 52.01284547592916], [5.581698476055702, 52.012943037776175], [5.58160771857997, 52.012960876533484], [5.581516882496323, 52.01296397477823], [5.58139249674192, 52.01294943967205], [5.581306337898004, 52.01292599700046], [5.581229772869107, 52.012911391768604], [5.5811580110716, 52.01290266580574], [5.581076719472456, 52.012899851739604], [5.580923653399587, 52.01288536341811], [5.580713147933806, 52.012856237846776], [5.580526509321795, 52.01281528020753], [5.580397257588974, 52.01278011524822], [5.5802497642507145, 52.012743793657854], [5.57966743822863, 52.01262508888016], [5.579144780053774, 52.012289408676494], [5.578827839940745, 52.01187113150389], [5.578631690744519, 52.01135544099752], [5.578566662245751, 52.01125832196259], [5.578430081548029, 52.011139316265236], [5.578250485460179, 52.011015976105575], [5.578020695351695, 52.01087504641794], [5.577819575648562, 52.01073849198137], [5.577589487944659, 52.0105269150241], [5.577546017643812, 52.01041217967716], [5.577459261109015, 52.010222445272674], [5.5774229720781525, 52.01010769825649], [5.577386499862705, 52.00995320589381], [5.577378860800482, 52.00983841251913], [5.577356893925527, 52.0097280554978], [5.577350571401748, 52.00965916250818], [5.577332431867885, 52.00960288103366], [5.577315048087659, 52.00957021921181], [5.577275846185175, 52.009510196752686], [5.5772662437362905, 52.00949551663642], [5.57730242201174, 52.00945058028351], [5.577362187772673, 52.009434664490314], [5.577380735542195, 52.00944989638572], [5.577389972904688, 52.00945748542691], [5.577443281580721, 52.009433598552015], [5.577481910724199, 52.00941363626835], [5.577525029470495, 52.00939452058033], [5.577605177477261, 52.009390265265196], [5.577677932132106, 52.00939762558347], [5.577787009135928, 52.00939744884484], [5.577895941477397, 52.00935988150315], [5.578041259590394, 52.00932973316143], [5.578222803936439, 52.00926960421873], [5.578392038268859, 52.009164635113045], [5.578621524493412, 52.00897729908005], [5.578657669058288, 52.00892489320016], [5.578741581436364, 52.00870788126267], [5.578764857433951, 52.00848348990776], [5.578776399353055, 52.008348855442335], [5.578857570263445, 52.00823354889441], [5.578857031796988, 52.008233648641784], [5.578908955534957, 52.00816915484824], [5.579102882682518, 52.00816883852152], [5.579224074404208, 52.00816864067583], [5.5792971110348315, 52.00818780997389], [5.579309009217673, 52.00819093639193], [5.579467050359908, 52.00830285930903], [5.5794817250621564, 52.00833865312981], [5.5794915573119175, 52.0083626444259], [5.579528392404627, 52.008474765402624], [5.579565081593076, 52.00854948687409], [5.57962592775007, 52.00860921250799], [5.579820114158489, 52.00866872875341], [5.579889046615479, 52.008671447087295], [5.580001943240147, 52.008675908913], [5.580183754718186, 52.00867561067208], [5.580413843974222, 52.00863035495467], [5.580534843227138, 52.008585287184886], [5.5806246785085944, 52.00852449633612], [5.580667780774915, 52.0084953307563], [5.580788664625507, 52.00842034133004], [5.5809217483557205, 52.00836777511569], [5.581066899345768, 52.0083002325575], [5.581309200799102, 52.00827739838503], [5.581540643476374, 52.008242690324195], [5.581601232147853, 52.00824259017378], [5.581637697320691, 52.008264964331204], [5.581674212953604, 52.008302303680466], [5.581753016714732, 52.00831100868727], [5.581807602329874, 52.00831703929968], [5.581843807642503, 52.008279588629335], [5.581843547580474, 52.008219754877175], [5.581831137345859, 52.008152472074485], [5.581782392001769, 52.00809272755069], [5.581745796912492, 52.00804043206634], [5.5817092165122455, 52.00798814553421], [5.581599868698521, 52.00792850116311], [5.581587392552728, 52.007919749343365], [5.5815147710068445, 52.00786881661963], [5.581441823555401, 52.00781658110591], [5.581332458663391, 52.00774945836417], [5.581283714422766, 52.00768971362972], [5.5812710782901735, 52.007570075099025], [5.5812097308054645, 52.007398169893555], [5.581123889818116, 52.00716647984643], [5.581014041500199, 52.00698717635652], [5.580928493453159, 52.00682278902874], [5.580964360183458, 52.00671055766992], [5.58098835047991, 52.00665068394005], [5.58114561309818, 52.006583121300004], [5.581217910217818, 52.00648578606789], [5.581265925549722, 52.00638100372763], [5.581301740825739, 52.006253816039404], [5.581386316330421, 52.00619384219868], [5.581507437809137, 52.00617868580838], [5.581592207689215, 52.00616358939501], [5.581652775645009, 52.00615601109749], [5.5817010640267695, 52.00611106232308], [5.58170086916466, 52.00606619373536], [5.581712693960902, 52.00599886182142], [5.58172445379927, 52.005916582697466], [5.581760397351211, 52.00581930725472], [5.581808605670529, 52.00575939327365], [5.581869173043449, 52.00575181486456], [5.5819417273871, 52.005714303963956], [5.5819900800533855, 52.005684311265036], [5.582062666723505, 52.0056542783879], [5.582062406389186, 52.00559444461313], [5.582122648027305, 52.005512085089435], [5.582194926736462, 52.0054147492678], [5.582303845664149, 52.00537716884274], [5.582388581168725, 52.005354593756365], [5.582582463483503, 52.00534679360341], [5.5826190101128175, 52.00539160178678], [5.58269211819373, 52.00548122708225], [5.5827532074728525, 52.00559329778935], [5.582826283487118, 52.0056754449005], [5.5828752090607665, 52.005780057625515], [5.5829725343471175, 52.005862164288466], [5.583106131300421, 52.00592924515272], [5.583227495164969, 52.005966433651125], [5.5833852106145265, 52.00600356137989], [5.583554879531647, 52.00600327817674], [5.5836639300039135, 52.00599561787368], [5.5837728674071805, 52.00596552320192], [5.583760454905382, 52.00589824058142], [5.583735925359917, 52.005830978212174], [5.583674964484269, 52.00574881142296], [5.5836020180101045, 52.0056965862195], [5.583516921895685, 52.00563690310329], [5.583407446334578, 52.00554733900956], [5.583334369504236, 52.005465201246245], [5.583270351414579, 52.00541296094301], [5.583311035474964, 52.00534481673949], [5.58333647642444, 52.00533772758496], [5.583402340690978, 52.005319380717], [5.583533453169811, 52.0052983362932], [5.583636384370161, 52.00537018654531], [5.584026841419489, 52.00564254910019], [5.584107802493191, 52.00569901202207], [5.584430668457469, 52.00592051451983], [5.584558752216377, 52.006008374631115], [5.584593655200449, 52.0060332581993], [5.584723610304499, 52.00612589669213], [5.584776089475002, 52.00609733402314], [5.585054222491507, 52.006276359991666], [5.585601022995816, 52.00659700819762], [5.5860261782329435, 52.00681316548037], [5.586220184577886, 52.0068352717399], [5.586377787091065, 52.00684248304409], [5.5864868245547585, 52.00683482015002], [5.586571660574045, 52.00683467634235], [5.586753783208785, 52.006909157921285], [5.586936321228886, 52.007073376332464], [5.587057576685817, 52.00708812661145], [5.587166629194186, 52.0070804630628], [5.587215013191513, 52.00705793733108], [5.587263182180639, 52.006990552022835], [5.587287149686518, 52.00693068602877], [5.587274765048355, 52.006870881886485], [5.587238012109311, 52.00678119760297], [5.587189428021654, 52.00675884578576], [5.586995321448893, 52.00671430683792], [5.586837385902662, 52.006632306417934], [5.58680083404482, 52.00658749955562], [5.586739833243993, 52.00649786525915], [5.586727382784448, 52.00642309587543], [5.586727049625756, 52.00634831491754], [5.586775299799145, 52.006295885969045], [5.586834132607662, 52.00625206767175], [5.586833124571184, 52.006251368306295], [5.586920468560856, 52.00623580528663], [5.587029604553896, 52.00625057617743], [5.587163123169634, 52.00629522710454], [5.587272426420855, 52.00634738824832], [5.5874424455226945, 52.00642188037064], [5.587672951101409, 52.00647384367321], [5.587791958450715, 52.006530005499116], [5.587830839511553, 52.006548355914745], [5.587940211193564, 52.006615472625896], [5.587940512900578, 52.00668278446944], [5.587940814568348, 52.006750087324164], [5.588001616940433, 52.006794852424306], [5.588086721222453, 52.006854532283164], [5.588232628596925, 52.00695898604738], [5.5884026370498985, 52.00703347679856], [5.588621298528706, 52.00714528372423], [5.588803190146137, 52.00716740647836], [5.588936780588423, 52.007227002584834], [5.588948408286041, 52.00728314966809], [5.588949167583533, 52.00728681553599], [5.588961554571262, 52.007346619497156], [5.58904666117917, 52.0074062986557], [5.589095482918828, 52.00748100534738], [5.589132408700561, 52.007608070519005], [5.589120493440462, 52.00765295988808], [5.589023639453853, 52.0076755696005], [5.588938970283916, 52.00771310564414], [5.588915004567892, 52.00777297196678], [5.588927459014036, 52.00784773211393], [5.588964216210294, 52.00793741585343], [5.589025156019396, 52.00801209278816], [5.589231537452618, 52.00808652889233], [5.589316578326869, 52.00813125166246], [5.58938956918283, 52.00819095139203], [5.58947464418895, 52.008243152139784], [5.589571837177625, 52.008295340960295], [5.589668943490858, 52.00832508640925], [5.589855730339153, 52.00834636321155], [5.589862958169584, 52.008347186654284], [5.590085851679343, 52.00810494883741], [5.590104171131413, 52.008085026425874], [5.590172285021631, 52.00800038419791], [5.590381375447008, 52.007740534853355], [5.590518463366199, 52.007536662085485], [5.590658269749739, 52.00732873977329], [5.590652049897793, 52.00730610935072], [5.5906336125587, 52.00723903561908], [5.590584871045906, 52.00717929471388], [5.590475717059848, 52.00716452714916], [5.590281741110193, 52.00714990600152], [5.590148284660973, 52.00712022379682], [5.5899419061997815, 52.00704579827619], [5.589820277713712, 52.0069487829476], [5.589601479023059, 52.00680706587057], [5.589504187931464, 52.00673245176634], [5.5893464502953405, 52.0066953322711], [5.589301338709113, 52.00668425550071], [5.589216515484718, 52.006654884123705], [5.589102208828539, 52.006621024289245], [5.588976801452606, 52.006573566323766], [5.588902997740693, 52.00653963678866], [5.588821788207806, 52.006494367854216], [5.588740568605929, 52.00644682487531], [5.5886961976112355, 52.00640604072081], [5.588673848712193, 52.00634931875697], [5.588658920289882, 52.006303936127324], [5.588658644555163, 52.00624263731813], [5.588658409655743, 52.00619041648461], [5.58866918358259, 52.0061313727489], [5.588683723820223, 52.006090478651004], [5.588708393661393, 52.006064235877616], [5.588718032613079, 52.00605399082785], [5.588834488569487, 52.00604481201785], [5.588967130703398, 52.00606274957813], [5.589092475255845, 52.006096590594034], [5.589280676015425, 52.006184809728154], [5.589490042867992, 52.006289988770334], [5.58975019939012, 52.006421747849146], [5.589855762276345, 52.00647375125229], [5.589903049233816, 52.00649245501216], [5.590048587045232, 52.006514638502324], [5.590169740339081, 52.006506951293], [5.590218054450746, 52.00646947712512], [5.590266232815472, 52.006402081571395], [5.590253795881743, 52.00633479967059], [5.590180874685424, 52.00629005664882], [5.590083515961353, 52.00620047784027], [5.590071263289849, 52.006170586366906], [5.590034660146482, 52.006118302437685], [5.590070687400287, 52.00604344976625], [5.590106733890063, 52.00597608419127], [5.590112752404568, 52.00596402067633], [5.5901126916481045, 52.005950610438646], [5.590105337588338, 52.005928269561615], [5.5900943976184365, 52.005914869107684], [5.5900725785239205, 52.005901496410694], [5.5899999336555535, 52.00587255399293], [5.5899091468624365, 52.00584141374103], [5.589832885979721, 52.00581472449498], [5.589734785973697, 52.00577017737978], [5.5896947789354074, 52.0057411785539], [5.589662000059434, 52.00570993820432], [5.58965091884733, 52.00566525014807], [5.589645579520078, 52.0056117168385], [5.5896861760620755, 52.00557141590966], [5.589962307875837, 52.00556857620343], [5.590139960426844, 52.005566031684275], [5.590252297914788, 52.005554665464025], [5.590299389923809, 52.005543402858045], [5.590335572456683, 52.005525462896316], [5.590357234921459, 52.00550753902225], [5.590368022708671, 52.005487395880394], [5.590371027912775, 52.00545961725527], [5.5903341681910765, 52.00534749963597], [5.590285278940303, 52.005257846231125], [5.590248371134062, 52.00513825051073], [5.5902358135441945, 52.005041056186315], [5.590235271106532, 52.00492139766164], [5.590295462909415, 52.00483155585866], [5.5902705172397305, 52.00467454870216], [5.5902212220471075, 52.004495149115044], [5.590208291816061, 52.004315686726216], [5.590139503207931, 52.0042212409566], [5.590018186772228, 52.00419153764929], [5.5899694686899934, 52.00413927458233], [5.589920716834335, 52.004079524409505], [5.589901741527518, 52.00405394084383], [5.5898597616163235, 52.00399736977071], [5.5898230590077365, 52.0039226514659], [5.5898227883278855, 52.003862817698625], [5.589870626154019, 52.003720650294774], [5.589894689959346, 52.00368321803638], [5.589894393519877, 52.00361771277729], [5.589894351502674, 52.003608428071885], [5.589894080770813, 52.003548603290206], [5.589869577151295, 52.00348882027827], [5.589833077890056, 52.003458961569926], [5.589820826137339, 52.003429070057834], [5.589808540574032, 52.00339170044646], [5.589808100824054, 52.00329448517239], [5.589819912715929, 52.00322715242329], [5.589819675915057, 52.003174805736265], [5.589746760296566, 52.00313006242171], [5.589734271950741, 52.00304781522275], [5.5896976525099955, 52.00298805303961], [5.589706101337826, 52.00291769707769], [5.589709329288356, 52.00289081689255], [5.589769789984444, 52.002860800121205], [5.589878647948089, 52.00281573460448], [5.589927093713842, 52.00280817293192], [5.5899753217749355, 52.00275574267315], [5.589999399538699, 52.00271831036316], [5.590035409563894, 52.00264345769148], [5.590180460504963, 52.00256094765571], [5.590204455645878, 52.00250855913042], [5.590192068305188, 52.00244874626946], [5.590106732464457, 52.00233672119862], [5.590082263097693, 52.00228441631911], [5.5900576098476416, 52.0021947119754], [5.590020787507411, 52.00209008128952], [5.589996216764243, 52.00201533310394], [5.589935249657428, 52.00193317850296], [5.589995573484361, 52.00187324921389], [5.59001960229437, 52.0018283298326], [5.590104191700528, 52.00177583678598], [5.590261660776843, 52.0017606086296], [5.590394829954152, 52.00173046594142], [5.590649037256189, 52.00167020110244], [5.59075790600775, 52.00162513474125], [5.590890889856857, 52.00155760101874], [5.590939130009197, 52.00150517033136], [5.591047711251312, 52.00140027892918], [5.59110793074898, 52.00131791476707], [5.59121673010481, 52.0012579007683], [5.591228777821649, 52.00124292354582], [5.591252964931063, 52.00121072189507], [5.591247136699684, 52.00115246169137], [5.591241369924514, 52.00110449283714], [5.5912133832481645, 52.00106341152489], [5.591163791885776, 52.0010267988534], [5.59088629412957, 52.00089921641654], [5.59063476222639, 52.000771579413986], [5.590357064314007, 52.00059597226947], [5.590183486014262, 52.00048420751985], [5.590096547363515, 52.000393639948754], [5.589983331024243, 52.00023375590654], [5.589904825745295, 52.00009514983876], [5.589880938438591, 51.999910475073406], [5.589877920207443, 51.999887084061356], [5.589885893917115, 51.999737659911425], [5.58995420299424, 51.99953476894236], [5.590048474935975, 51.99933183313779], [5.590203065928657, 51.999075421343065], [5.590370847039521, 51.99883164189188], [5.59047921953971, 51.99868188235839], [5.590575388923244, 51.99850970934448], [5.590696248733157, 51.99844219677095], [5.590901874723162, 51.99835958092051], [5.591059365560068, 51.99835182979857], [5.591131593813361, 51.99824700128593], [5.591159167639116, 51.99823938541293], [5.591240507372373, 51.998216899679896], [5.591325341624991, 51.9982167524286], [5.591482831886196, 51.99820900074], [5.591603928367509, 51.99819383395376], [5.591712704921789, 51.99813381949851], [5.591748825411344, 51.99808140053953], [5.591748552248425, 51.998021575714766], [5.591724117469944, 51.9979767492465], [5.591675404163457, 51.99792448683552], [5.591650969470174, 51.99787965136323], [5.591638445021352, 51.99778993518871], [5.591625837771713, 51.997685253841745], [5.5916859829574355, 51.99758793313489], [5.591746059552467, 51.99747564720044], [5.591842343609665, 51.99733339455357], [5.591914602566386, 51.99723604365042], [5.591962939418778, 51.997206046825106], [5.592071781494017, 51.99716098823874], [5.592107729759872, 51.99707117864261], [5.592107421921912, 51.99700387570605], [5.592070755507718, 51.99693663612856], [5.592070584518002, 51.9968992456075], [5.592098565463705, 51.99687898243626], [5.592149084921173, 51.996842393394246], [5.592252040035438, 51.99683161682127], [5.592470078773093, 51.996816280025925], [5.59250666258519, 51.996868563297056], [5.5926398157234365, 51.99683841805518], [5.592687999897815, 51.99677850853963], [5.592639301333025, 51.99672624649297], [5.592639026951468, 51.99666641267093], [5.59265097007785, 51.996629000980775], [5.592711317450405, 51.99657654836303], [5.592808111324119, 51.99654646647624], [5.5929049050679165, 51.99651638450976], [5.592953240440706, 51.996486378287145], [5.592989412336782, 51.99644892415855], [5.593037438393421, 51.99635162394922], [5.5930371978833575, 51.99629927721777], [5.593036888615785, 51.996231965288615], [5.593048590772643, 51.99614220682331], [5.593063730584831, 51.99610027742512], [5.593136137005835, 51.99603284713861], [5.593281421496125, 51.99601015807902], [5.59334180166633, 51.99596517425069], [5.593341595212541, 51.995920305621844], [5.593317159989953, 51.99587547947087], [5.593316953561364, 51.99583061084143], [5.5933530557623925, 51.995778191399815], [5.593364909379967, 51.99571834529218], [5.593400309362132, 51.99570952872557], [5.593485929630485, 51.995688220357465], [5.593643376173945, 51.99567298767419], [5.5937523308306565, 51.99565036181557], [5.593824893333892, 51.99562031266428], [5.593824651909591, 51.99556796592926], [5.593897096208499, 51.9955154914317], [5.5939452918434185, 51.9954555813658], [5.593962105688222, 51.99545165092807], [5.594042131554595, 51.99543297654027], [5.594114817142318, 51.995432848643574], [5.59426014831395, 51.995417636454285], [5.5944054447592535, 51.99539493699235], [5.594465719227419, 51.99532752725726], [5.594465546248493, 51.99529013673195], [5.594465061867683, 51.995185434271924], [5.5945010004045095, 51.99514524767315], [5.594525335964929, 51.99511802450435], [5.594610045920758, 51.99509544059794], [5.594682710887746, 51.9950878342199], [5.594755306542287, 51.995065271586505], [5.594839808293253, 51.994997809894976], [5.594948468736427, 51.99491535811096], [5.595032880446528, 51.994825470925825], [5.595081093918745, 51.994773029532915], [5.595177604596489, 51.994683120848286], [5.595298461723353, 51.99461560349356], [5.595479819039519, 51.99453301352939], [5.5958428945563705, 51.994442631766134], [5.59610907710398, 51.994359890265315], [5.596370680444362, 51.9942976223979], [5.596520570805899, 51.99426194219456], [5.596835591656498, 51.99426138091756], [5.5971024019552145, 51.99431325205228], [5.597429993318269, 51.99440989190945], [5.597854864350859, 51.994581138274306], [5.598255384080011, 51.99472250516232], [5.598595377283361, 51.994878944852005], [5.598983313758419, 51.99492311571057], [5.599274925152476, 51.9950945969111], [5.599494462214402, 51.995072026869195], [5.599613774590975, 51.99497773207402], [5.5996265626339925, 51.994941729276924], [5.5996352700136125, 51.994917220748235], [5.599602356534929, 51.99486352189502], [5.599569428617525, 51.99480983204656], [5.59948215297186, 51.99476966867204], [5.599340277923711, 51.99469601492314], [5.59911124094329, 51.99460907181353], [5.598882204850702, 51.99452212825647], [5.598675015002354, 51.99444859128234], [5.598456903202309, 51.994368350408195], [5.598304140153943, 51.994294705984544], [5.598064167702379, 51.9941943521263], [5.5980036282753245, 51.994123516961615], [5.597943747873814, 51.99405345356776], [5.597856159265762, 51.99394610287987], [5.597768367021044, 51.9937984315009], [5.5977772083179005, 51.99374028908521], [5.597800045735721, 51.99359007361249], [5.597929869219114, 51.99341512867983], [5.598081001173062, 51.99314608403404], [5.5982539757015966, 51.99289042832032], [5.5983948759725575, 51.99275578396353], [5.598546414966146, 51.99257409412671], [5.598687171915633, 51.99241256600709], [5.598894542666994, 51.99230142240139], [5.599100706096755, 51.99215994547677], [5.599350351431839, 51.99200494340568], [5.599425886459554, 51.99186370154719], [5.599479799613083, 51.99175609651935], [5.599544872053861, 51.99170222066449], [5.5995576217706935, 51.991698251822115], [5.599610089048595, 51.991681942352656], [5.599674114655667, 51.99168676117416], [5.599697199459982, 51.991688508100935], [5.599719001240047, 51.99170522267281], [5.59974090537714, 51.99172202693747], [5.599817365633009, 51.991745446722966], [5.599871721896796, 51.991762102388336], [5.599937049107221, 51.99176198419801], [5.6000022660111695, 51.991741705669014], [5.600067450959271, 51.9917147129863], [5.6001215220039935, 51.991640696227336], [5.600164685270798, 51.99155998502616], [5.600131645917827, 51.99147941184665], [5.600109113757698, 51.99131818660448], [5.600054358179951, 51.991251090065624], [5.599967025268737, 51.991197498790235], [5.5998687559104745, 51.991137195081386], [5.599868341347178, 51.99104984862792], [5.599867767283748, 51.990928895629075], [5.599922043687952, 51.990895199590305], [5.599998117532383, 51.99086818723852], [5.600078252854142, 51.99086254139333], [5.60007524790819, 51.990861324440864], [5.600226675288812, 51.99086105015649], [5.600465945742077, 51.99081358117611], [5.6006471293709525, 51.990788382052976], [5.60066175151818, 51.99078635113903], [5.600803103870531, 51.99075249655864], [5.600933612552836, 51.99072537569848], [5.600987584832903, 51.990631207189395], [5.6009869436478645, 51.990496816965454], [5.600975651507177, 51.990409490284776], [5.600877254369034, 51.99032231296064], [5.60077874407869, 51.99020826107526], [5.600713081522882, 51.99013447046965], [5.600560425199858, 51.990080989257024], [5.600451410119581, 51.990047589200785], [5.600429517037997, 51.99002075422632], [5.600385716352171, 51.98996707530315], [5.600353839324519, 51.98989502086369], [5.6004069060841015, 51.989812440027336], [5.600394246097919, 51.98980760037569], [5.60051639297414, 51.98974017411824], [5.600581478703158, 51.989693020810435], [5.600592176525513, 51.98965268936441], [5.6005809347534905, 51.98957879089986], [5.600580198849325, 51.989424249305664], [5.600579700360391, 51.98931956476559], [5.600571050780374, 51.98931612899955], [5.60064419584196, 51.98914863612791], [5.600785190726345, 51.98904086332827], [5.600947868026683, 51.988912899414366], [5.6011002962756065, 51.988919336355586], [5.60121989533176, 51.988892244000944], [5.601328843964276, 51.98891220612421], [5.601415803150346, 51.98888516402748], [5.601426435792268, 51.98883139527352], [5.601444586744121, 51.98876674609468], [5.601458543809622, 51.98871710584614], [5.601393010778612, 51.988670190059736], [5.60132730278451, 51.988589676698076], [5.601326949576025, 51.9885157584594], [5.601380836578152, 51.98840142937795], [5.601456776778411, 51.9883475326304], [5.601543559575127, 51.98828690188622], [5.601662946135046, 51.988212774257946], [5.601815050294535, 51.9881520151425], [5.601934646872153, 51.988124922059555], [5.602108271391976, 51.98801037386622], [5.602303773617254, 51.98792266007984], [5.602509985292032, 51.987794614311134], [5.602607525729839, 51.98770708837635], [5.602683398667468, 51.9876397536038], [5.6027702107339135, 51.98758583607083], [5.602944236984981, 51.987558633149185], [5.603085739294487, 51.987558373384346], [5.603126257097075, 51.98755294200909], [5.603238033727918, 51.98753794208956], [5.6033465910110225, 51.98747726099882], [5.6033463641508385, 51.98743022620268], [5.603280604238314, 51.98733627666229], [5.603214974143901, 51.987269201542944], [5.603203728696952, 51.98719531229369], [5.603243688569612, 51.987152733699894], [5.603279535083837, 51.987114539902784], [5.60337713731763, 51.9870404415648], [5.60350753637402, 51.98699316649092], [5.603583536558751, 51.98695271458056], [5.603790147712605, 51.986912013071034], [5.603975059880472, 51.98688479754961], [5.604094828892838, 51.98689129082203], [5.604127579252127, 51.98691139091296], [5.60423632908811, 51.986891029674496], [5.60432317041089, 51.98684383410058], [5.604366386624901, 51.98677655853848], [5.604365702851322, 51.986635454142544], [5.604415728066371, 51.98652836625723], [5.604441115332401, 51.986474048628835], [5.604516755351416, 51.986359677863994], [5.604581669001271, 51.986278924754934], [5.604744669670173, 51.98622486484164], [5.604759089857842, 51.986220559775376], [5.605016399556118, 51.98614372859369], [5.6051361340879655, 51.986143506686616], [5.605371676788685, 51.986158871040566], [5.605556159264404, 51.986044297554116], [5.605664480514016, 51.98593657951463], [5.605892553223856, 51.985835370822166], [5.606109914700972, 51.98576777051849], [5.606218398145092, 51.98569364953643], [5.606348658873973, 51.98561949684697], [5.60640377897981, 51.9855909554293], [5.606478937465823, 51.985552058161225], [5.606598176980513, 51.985451042054855], [5.606673941383166, 51.98536354435211], [5.606803757799375, 51.985202035699565], [5.6069011195203755, 51.985080908608104], [5.606900691290452, 51.98499355312257], [5.606867611740955, 51.98490625865228], [5.60680197984639, 51.98483918551145], [5.606605860302858, 51.98479923964153], [5.6064638407177645, 51.98469198780177], [5.606427246949903, 51.984635987674764], [5.606398045462884, 51.984591325845855], [5.60651715105427, 51.98446342635534], [5.606603952409232, 51.98440951496304], [5.606745378932013, 51.98439581356938], [5.606865075834689, 51.98438886679493], [5.606962995702523, 51.984381960610925], [5.6070281803220485, 51.984354964024355], [5.607093251392759, 51.98430780708588], [5.607093053566103, 51.984267486399986], [5.607092526103856, 51.98415997954988], [5.607049164268107, 51.98408048813298], [5.607040618291578, 51.984077295328206], [5.607015182631142, 51.98392493900204], [5.6070256426041825, 51.98383757213023], [5.607123297456836, 51.98377690789053], [5.60728635199702, 51.983736290664865], [5.607438730556059, 51.98373600528576], [5.607645521707368, 51.98373561768548], [5.607874552705446, 51.98382925846419], [5.607972835307373, 51.98389626970275], [5.6082668045585, 51.98391587778723], [5.608560574921789, 51.98389516445212], [5.60866951466905, 51.983915119797174], [5.608811105124204, 51.98393501349495], [5.608952462944394, 51.98390786322819], [5.609022175179307, 51.9838607503906], [5.609173221087117, 51.98376177485387], [5.609411935869121, 51.98360589093447], [5.609564772277996, 51.983469125113345], [5.609785036817333, 51.98330948230442], [5.6098397615878035, 51.98319943501153], [5.609833185659941, 51.98311225293604], [5.6098436673421235, 51.983109518648384], [5.609901352828523, 51.98309445301628], [5.610023294726297, 51.983062610442396], [5.610367292383125, 51.983088500058855], [5.610440802575012, 51.983050448255575], [5.610587604517022, 51.98293643269507], [5.610642520217177, 51.98286808990817], [5.610771380166325, 51.98284889778157], [5.610853206046996, 51.98284095835207], [5.610930958105737, 51.982833422099816], [5.611133748067029, 51.98286337115524], [5.611354914072559, 51.982885689793726], [5.611385897810855, 51.9829424990569], [5.611416972037457, 51.98301447123369], [5.61139973398833, 51.983031303057885], [5.611331419177606, 51.98309803589268], [5.611159592693729, 51.98312111250468], [5.611018631499447, 51.98317445629256], [5.611000581634943, 51.9832503061268], [5.611081015153208, 51.98337146671138], [5.611179669298681, 51.98345089626517], [5.611413218753396, 51.9834921473154], [5.611671819198104, 51.98363192366113], [5.611856446213202, 51.98371118845328], [5.612034536065567, 51.98371464100375], [5.6121514354915165, 51.98375990665052], [5.612268506486388, 51.98383929105955], [5.612489372995081, 51.98380095576935], [5.612532187170944, 51.9837667545048], [5.612538044194988, 51.98370988392428], [5.61253779642369, 51.98366060209772], [5.612549815320664, 51.983607503736664], [5.612580286318204, 51.983561947052095], [5.612660019061233, 51.98354283804783], [5.612797752261259, 51.98351639118555], [5.612789877981778, 51.98351367388336], [5.612979140332117, 51.98350431335348], [5.613144996535806, 51.983515373758344], [5.613298586194998, 51.98353024155472], [5.613378433374007, 51.98353388097863], [5.613451946328144, 51.983499620309125], [5.61351933542836, 51.983469155415506], [5.613561995342963, 51.98340462788063], [5.6135594390478785, 51.98337404595545], [5.613626861604607, 51.9833473739557], [5.6136880884073825, 51.98331313680066], [5.61376175405652, 51.98330920183167], [5.613829463985836, 51.98333940649728], [5.613897293605161, 51.98339613507407], [5.614002004353894, 51.98346038749305], [5.6140636485247395, 51.98350575783271], [5.614174579372086, 51.983585152200526], [5.614248802368933, 51.9836911595219], [5.614433707888917, 51.983827279093646], [5.614550244795562, 51.98388089309861], [5.614582271693495, 51.98389562573461], [5.614623636719032, 51.98391464564522], [5.614700413929954, 51.98394997351814], [5.614704528537482, 51.98395186206578], [5.614848386646778, 51.98401642445651], [5.614831485707374, 51.98424562932363], [5.6148462718406975, 51.98433661520542], [5.6149101344577685, 51.98446007927113], [5.615034052919634, 51.98463089360885], [5.615130763758278, 51.98481861344111], [5.6151709626999375, 51.98498594070708], [5.615160263662279, 51.985163478385296], [5.615095075587402, 51.98535797457055], [5.615026017395858, 51.98546709032816], [5.614942403393845, 51.985573708557794], [5.614844246094479, 51.98564018663011], [5.614669842384907, 51.985785180271044], [5.614509866290381, 51.98590766627104], [5.614389959407149, 51.986034577710384], [5.614346314960071, 51.98617510263096], [5.614271934921085, 51.986355010264155], [5.614208718607473, 51.986669719241156], [5.614134946769857, 51.987329370568865], [5.6141204881212925, 51.98743810171707], [5.614124266940266, 51.98751449408637], [5.61424568144232, 51.98858076292981], [5.614251350723324, 51.9886652949358], [5.614245935363736, 51.9887630609928], [5.614227977060518, 51.98885634818453], [5.614189787282187, 51.98899657482975], [5.613794841354448, 51.990291357811614], [5.613721911231777, 51.9903566627387], [5.613583803102635, 51.99048585537011], [5.613293126282011, 51.990720943588954], [5.612342518646777, 51.991542661537935], [5.612122511425477, 51.991719197218984], [5.612009753343261, 51.991780928046026], [5.6119115443138625, 51.99184066254452], [5.6115314309106985, 51.99202732709309], [5.611467897982967, 51.99210384790407], [5.611378865239215, 51.992222832566064], [5.61126266466481, 51.99237108054823], [5.611186180758403, 51.992452110988225], [5.611080934196659, 51.99255793164391], [5.610222869613631, 51.99338984623364], [5.610110093127088, 51.99349314561475], [5.610020998605876, 51.993557067702845], [5.609826467234794, 51.99364282397727], [5.60962629191342, 51.9936946062728], [5.609373512477548, 51.99373496478601], [5.609124057547574, 51.993758751253324], [5.608534689868362, 51.993821934624776], [5.60829077712305, 51.993862561738965], [5.608086995781177, 51.99391884228407], [5.607523154874926, 51.9941314012036], [5.607319489256514, 51.994214644752695], [5.607142957492731, 51.99426413149891], [5.606879212049577, 51.99429326992502], [5.606659181004889, 51.99428777559055], [5.606397428898858, 51.994248266448714], [5.60628257172219, 51.99421712074644], [5.6060170136499785, 51.99416435128995], [5.605541987582544, 51.99405937155684], [5.6055349655334235, 51.99402865399313], [5.605389293058818, 51.9940109480464], [5.60527641159194, 51.99400553985742], [5.605001572189132, 51.99400183384943], [5.604848823833431, 51.994029090253115], [5.604730612866035, 51.994047564024484], [5.604625140415958, 51.994065735487055], [5.604465475297011, 51.994119959748055], [5.604307474399235, 51.99419018867461], [5.604174924498067, 51.99425447417359], [5.604000899269484, 51.994350294651895], [5.603427640876907, 51.99464402355043], [5.6033041089340045, 51.994694818188975], [5.603175091560829, 51.99473437855624], [5.602724549356143, 51.99485794793112], [5.60264641947856, 51.99488842624147], [5.602519570326875, 51.99495522509645], [5.602421612440219, 51.99502281582061], [5.602229969187218, 51.99524140852861], [5.602135964145206, 51.99532584462327], [5.601949365303903, 51.99546128695628], [5.601753493728832, 51.99560657898154], [5.6013658772579005, 51.995905306803465], [5.60114857382783, 51.99609136229185], [5.601017971743097, 51.996181481679244], [5.600876588170113, 51.99625813824291], [5.600774984607251, 51.99632264226787], [5.6005155243243125, 51.99644782428848], [5.600321181953569, 51.99653384306275], [5.600161615031847, 51.996611664229086], [5.5999692510925305, 51.99668532008742], [5.599663980117083, 51.996792606749565], [5.599547727521209, 51.996839159816986], [5.599366318190063, 51.99692038092334], [5.599232231190756, 51.997001516419296], [5.599052726487992, 51.99714705301372], [5.598743035780516, 51.99742652278802], [5.598524083263479, 51.997603318508446], [5.598152932331506, 51.99792811667209], [5.598000656746164, 51.99805647131028], [5.597839462201097, 51.99818034763762], [5.597768953057443, 51.99823243458507], [5.597572781520833, 51.99831930593389], [5.597318454562863, 51.998425650415356], [5.597167992288958, 51.998506803804794], [5.597086390931536, 51.99857549333268], [5.597003296876639, 51.99866130794288], [5.596932704257792, 51.998745698038576], [5.596849735693004, 51.99886156877507], [5.596742847702283, 51.99896623787227], [5.596625274780468, 51.9990779636437], [5.596549136178246, 51.9991443870288], [5.596469511199463, 51.99919396373935], [5.596349676711841, 51.99925821771177], [5.595901560298688, 51.999478658001756], [5.595567373544687, 51.9996368313829], [5.595198864333479, 51.99980179667218], [5.594853941269224, 51.99995071120966], [5.594372811943872, 52.00017093429036], [5.594111429223032, 52.00027952227611], [5.593913708502464, 52.000381274620395], [5.593503207280887, 52.00052159090649], [5.593263346634145, 52.00061189324283], [5.593098252113819, 52.00068100489859], [5.592934785194938, 52.00076217560144], [5.592809734257455, 52.00083092915621], [5.592664391235362, 52.00088876145514], [5.5925373798918265, 52.00098112108472], [5.592323644833886, 52.00111069912058], [5.592202036828823, 52.00118758930131], [5.591995192036312, 52.00133400754324], [5.591892358498359, 52.001488387678954], [5.591782071596306, 52.001602055284295], [5.591691574513765, 52.00171568836826], [5.591510954854035, 52.00192638847043], [5.591359126235163, 52.00211202422171], [5.591123946860803, 52.00238572663604], [5.591033730660926, 52.002510593922466], [5.5909993244370755, 52.002550264426425], [5.590968974493549, 52.00263007804541], [5.590923838959312, 52.00271218229245], [5.590913121264328, 52.002757141709644], [5.590882490836917, 52.00277854167537], [5.590866011848387, 52.00280553472838], [5.590828171463483, 52.00284267646447], [5.590813853790466, 52.00289663027532], [5.590788686699274, 52.002966610799035], [5.590767586025449, 52.00307899944728], [5.59075887226552, 52.00316440213942], [5.590737639436194, 52.003250950021865], [5.590704347183309, 52.003484700034306], [5.590692159112476, 52.00355550295517], [5.590696049994371, 52.00361054875376], [5.590709032608065, 52.00366333177468], [5.590720755352021, 52.003791392883954], [5.590754803396836, 52.004021934388604], [5.59075553755227, 52.004135408737106], [5.590750606595828, 52.00424889289051], [5.590741754724989, 52.0043039607399], [5.590738725483689, 52.00439047709577], [5.590722811424409, 52.00449386856621], [5.590725344758808, 52.00459947514654], [5.590745159492678, 52.00485448008765], [5.59080775403077, 52.00500830306355], [5.59082175722824, 52.00504840199155], [5.590825157823554, 52.0050628131221], [5.590849167339761, 52.00513517122446], [5.590866688529673, 52.00517704371066], [5.590894901831144, 52.005257852386], [5.590948261423551, 52.00537909119749], [5.591073643094137, 52.005629140375866], [5.591147494917217, 52.00580793073868], [5.591209073523084, 52.0060898276135], [5.591215841960345, 52.00632238464423], [5.591211325702807, 52.00648194139482], [5.5911778953849005, 52.006685356614184], [5.591106699165517, 52.006943044928676], [5.591056174611238, 52.007041993345], [5.5910636971126175, 52.0070947947554], [5.591066007156585, 52.007154337336445], [5.591024517728513, 52.00723530273216], [5.590874772775184, 52.00748638588344], [5.590809869833216, 52.007575256392165], [5.590643735533224, 52.0078227184164], [5.590441504703445, 52.008091868106234], [5.5903349473587856, 52.00822940932177], [5.590204879143737, 52.00840490309414], [5.59011257426829, 52.008525270082394], [5.58997744476814, 52.008738136114346], [5.5899322299948455, 52.0088044927753], [5.589739052889652, 52.0090646464268], [5.58962689139867, 52.00922325588884], [5.589558276241136, 52.00929752630751], [5.589523953576217, 52.00935713192884], [5.589526246510128, 52.00938429919309], [5.589513334364389, 52.00940198314349], [5.5895247866964555, 52.00940613394664], [5.589334159005155, 52.009609414428915], [5.589274570524775, 52.009670186920374], [5.589180303094085, 52.00976022148138], [5.589098992569377, 52.00984574862875], [5.588765151829934, 52.01005473876421], [5.588514822618199, 52.010207966279545], [5.588322617777738, 52.01033103745933], [5.587749287567887, 52.010677224819915], [5.587460864129498, 52.01086337573611], [5.58716147452542, 52.01104392698614], [5.587160414013946, 52.01104454897227], [5.58708226532951, 52.011059916755805], [5.5869828182999095, 52.01107452971443], [5.586875278034368, 52.01109033377977], [5.586847517969879, 52.011045044644646], [5.58684220170627, 52.011048352323854], [5.586828357646112, 52.01098149494421], [5.586856463847364, 52.01096395627398], [5.586784021044359, 52.01091963280445], [5.586577793538643, 52.01079345633099], [5.586149553844323, 52.0105314397681], [5.586060373362773, 52.01058146589937], [5.585859970757568, 52.01069386897155], [5.5856644344909405, 52.010803540075], [5.585445039849192, 52.01092658949933], [5.5852310054336165, 52.0110466364283], [5.584986791776915, 52.01118360449773], [5.584958075426025, 52.011158827502584], [5.5848081579569575, 52.01118343742282]]]}}, {"type": "Feature", "id": "53336", "properties": {"OBJECTID": "53336", "LOCATIEGROEP_ID": "nl.imow-pv26.gebiedengroep.003000000000000000000506", "SYMBOOL_CODE": "vszt026", "GROEP": "waterberging", "9e750651-8e97-4bc6-b09e-fc30b5f3e83c_id": "3976", "LOCATIE_ID": "nl.imow-pv26.gebied.003000000000000000000506e64983", "DOCUMENT_URL": "https://omgevingsbeleid.provincie-utrecht.nl/home?d=/akn/nl/act/pv26/2022/omgevingsverordening/nld@1089&o=", "NAAM": "Waterbergingsgebied", "TYPE": "water en watersysteem", "LOCATIEGROEP_NAAM": "Waterbergingsgebied", "LOCATIE_NAAM": null}, "geometry": {"type": "Polygon", "coordinates": [[[5.574697123068473, 52.01786160600834], [5.574818434502436, 52.017876764290975], [5.574936692788864, 52.01790725211112], [5.575011606396426, 52.01797809390988], [5.575058430918293, 52.01802404741672], [5.575102088202169, 52.018054663200715], [5.575155052817166, 52.018081426155746], [5.575260919378223, 52.018123456256305], [5.575335656521549, 52.01815209878671], [5.575397936746927, 52.01817693225457], [5.575460249281908, 52.018209432525815], [5.575476186178384, 52.01823704556044], [5.575303524436053, 52.01834738169024], [5.575280350757011, 52.01836219526377], [5.575228816471413, 52.018395129339304], [5.575077395010126, 52.01849189502602], [5.574998400446948, 52.0185423727831], [5.574942609852458, 52.01857829759268], [5.574914656275205, 52.01858236890262], [5.574849377291374, 52.018582473078816], [5.574784035532437, 52.018571072493565], [5.5747186199762515, 52.01853856782563], [5.574706074529414, 52.01851365471456], [5.574699637154099, 52.01846188427509], [5.5746808858128025, 52.018436981055025], [5.57464657601835, 52.01841211161917], [5.57457810598829, 52.01839111656674], [5.574494149798452, 52.01838742135309], [5.574428800369885, 52.018374097119874], [5.5742917434739905, 52.01831102970775], [5.574269809320738, 52.01826695078368], [5.5743069667610285, 52.01823429167027], [5.5743409956783845, 52.01819204717232], [5.574362575580745, 52.01814789901388], [5.574362278914616, 52.01807693807858], [5.574390048601505, 52.01802895111336], [5.574427019785938, 52.01794834050056], [5.5745230629710445, 52.01786764478644], [5.574588244565875, 52.01784452230403], [5.574697123068473, 52.01786160600834]]]}}, {"type": "Feature", "id": "53332", "properties": {"OBJECTID": "53332", "LOCATIEGROEP_ID": "nl.imow-pv26.gebiedengroep.003000000000000000000506", "SYMBOOL_CODE": "vszt026", "GROEP": "waterberging", "9e750651-8e97-4bc6-b09e-fc30b5f3e83c_id": "4024", "LOCATIE_ID": "nl.imow-pv26.gebied.003000000000000000000506e64991", "DOCUMENT_URL": "https://omgevingsbeleid.provincie-utrecht.nl/home?d=/akn/nl/act/pv26/2022/omgevingsverordening/nld@1089&o=", "NAAM": "Waterbergingsgebied", "TYPE": "water en watersysteem", "LOCATIEGROEP_NAAM": "Waterbergingsgebied", "LOCATIE_NAAM": null}, "geometry": {"type": "Polygon", "coordinates": [[[5.432238267851671, 52.146484486796155], [5.432123748521728, 52.14649083117496], [5.432072248414116, 52.14651902804784], [5.431908012635361, 52.14656962085108], [5.43157944972171, 52.14659501049233], [5.431307585476074, 52.14653047156939], [5.431139494836419, 52.1464510361947], [5.430975351619631, 52.14635899801436], [5.430990494002601, 52.146351002092025], [5.4311922040559875, 52.14622677630714], [5.4312011637984705, 52.1462308444904], [5.431241198564514, 52.146205690218586], [5.43128467673117, 52.14617606763395], [5.43133127919453, 52.146144322705474], [5.431346459640471, 52.14613065533115], [5.431579527948887, 52.14597060014269], [5.431614274389756, 52.145946229691035], [5.431621168516426, 52.14593001283658], [5.431633534069718, 52.14592126289344], [5.431784034170149, 52.145811732748825], [5.431948216465677, 52.14571060991564], [5.431945998763428, 52.14571353184156], [5.431852505099569, 52.14583697185984], [5.431879984849398, 52.145938012856384], [5.431948521472639, 52.146013782099814], [5.432030747526857, 52.146089546081214], [5.432088283379948, 52.14612168297707], [5.432143312966483, 52.146131341959176], [5.43222685209627, 52.146147065845206], [5.432336437904745, 52.146146071086264], [5.432498633925287, 52.146146008681185], [5.433077176630015, 52.146119090080305], [5.433695335335151, 52.14608780281216], [5.434830687590228, 52.14600195377493], [5.435709996369227, 52.145963548228266], [5.436051152941395, 52.14597133431621], [5.4362764688664775, 52.145991040906864], [5.436443882860805, 52.1460464175172], [5.436540477159744, 52.14608202319645], [5.4366177752953995, 52.14613347366447], [5.436669318233925, 52.146173061849794], [5.436733726564705, 52.14622056296975], [5.436817463603971, 52.14626804691001], [5.436914094079541, 52.146335334763975], [5.436914160459209, 52.14639474503496], [5.436862701045152, 52.14643041296376], [5.436734004341499, 52.14647007712136], [5.4364765546603815, 52.14648602206998], [5.436180393369272, 52.1464926890601], [5.4349404973865045, 52.14646875194636], [5.4333429967689115, 52.146469389936875], [5.432238267851671, 52.146484486796155]]]}}, {"type": "Feature", "id": "53330", "properties": {"OBJECTID": "53330", "LOCATIEGROEP_ID": "nl.imow-pv26.gebiedengroep.003000000000000000000506", "SYMBOOL_CODE": "vszt026", "GROEP": "waterberging", "9e750651-8e97-4bc6-b09e-fc30b5f3e83c_id": "4005", "LOCATIE_ID": "nl.imow-pv26.gebied.003000000000000000000506e64987", "DOCUMENT_URL": "https://omgevingsbeleid.provincie-utrecht.nl/home?d=/akn/nl/act/pv26/2022/omgevingsverordening/nld@1089&o=", "NAAM": "Waterbergingsgebied", "TYPE": "water en watersysteem", "LOCATIEGROEP_NAAM": "Waterbergingsgebied", "LOCATIE_NAAM": null}, "geometry": {"type": "Polygon", "coordinates": [[[5.457182784779342, 52.12827501930907], [5.457036899348682, 52.128334992856054], [5.456801752087736, 52.12836508013748], [5.4565747562368925, 52.12842510107352], [5.456485611339057, 52.1284700665016], [5.456404562759391, 52.12850006212811], [5.456380773097184, 52.12850007612099], [5.456291017870571, 52.128500128871025], [5.456177472981418, 52.1285001955046], [5.456080129815337, 52.12848527858409], [5.455926007005323, 52.12847039476944], [5.455804303272279, 52.128435529568044], [5.455723109211761, 52.12838067836732], [5.455658154776133, 52.128325826648506], [5.4555283319465495, 52.128290965886386], [5.4554147646632725, 52.12827605783922], [5.455317429866175, 52.12826612860779], [5.455212005903428, 52.12827617524471], [5.455082274208244, 52.1282912241411], [5.454936332791459, 52.12831625887769], [5.454855268846106, 52.12834625344851], [5.454790459886801, 52.12839619191929], [5.454758092936155, 52.12844113239037], [5.454685155932161, 52.12847611049934], [5.454652743979404, 52.12850107969616], [5.454595978833979, 52.128501112233664], [5.4544580888595435, 52.12849120552235], [5.454409376159308, 52.12845629712395], [5.454403134548613, 52.12845247181457], [5.454336318539912, 52.12841142595529], [5.454279478796564, 52.12837153381736], [5.454238908604545, 52.128351594663485], [5.454230706302361, 52.12829670081256], [5.454278525130653, 52.12823279604413], [5.454278072684809, 52.12823297606159], [5.4543197628964375, 52.128191841300946], [5.454360257313669, 52.12815189362016], [5.454384578459459, 52.12808802019688], [5.4543925642604165, 52.12806703771078], [5.454465131171954, 52.127777529629974], [5.454464784599585, 52.12754795905357], [5.454480693091104, 52.12734832709535], [5.454464031183149, 52.12704888434651], [5.454390584922798, 52.126754480331925], [5.454349767948645, 52.12656984573041], [5.454381968422566, 52.12641511735555], [5.45437357776561, 52.126225475901414], [5.454430181882451, 52.12612063479739], [5.454511159625514, 52.12604572764877], [5.454609086510142, 52.12599666913335], [5.45464082406825, 52.12598077817812], [5.45481918319139, 52.12594075119787], [5.4551922011529, 52.125920564891814], [5.455500307088964, 52.125880461811036], [5.455767829293771, 52.12582041929688], [5.455944326858953, 52.12580533332764], [5.456002979274057, 52.12580031969783], [5.456189525227626, 52.12580519876336], [5.456270661901092, 52.12583509908078], [5.456457247723098, 52.125874913956686], [5.4566206123765095, 52.12588486621591], [5.456705368026848, 52.125884753251164], [5.456805982620939, 52.1258846937583], [5.456992428431066, 52.12583467306372], [5.457154592310371, 52.125814614448], [5.457269438786692, 52.125810825073835], [5.457308660356088, 52.125809534400396], [5.457390929252101, 52.12580681591215], [5.457462742955487, 52.12580444515477], [5.457613797714577, 52.125814682017186], [5.457681723458097, 52.12581928812205], [5.4577224651299705, 52.12582810787184], [5.45781963753049, 52.125849153342166], [5.458038640902945, 52.12586898395887], [5.458154121296393, 52.1258689143628], [5.458217045552089, 52.12586887639289], [5.4584441618312995, 52.12589368968439], [5.45861695305604, 52.12590808251605], [5.45862260517903, 52.12590855544728], [5.458703783700872, 52.1259634046829], [5.458776945912947, 52.126073157288346], [5.458866332513177, 52.12618289996383], [5.458915182738185, 52.12630264393932], [5.458915415648075, 52.126447377143414], [5.458931856663786, 52.1265821148235], [5.458940130155662, 52.12668690955141], [5.458964531511385, 52.12673181656042], [5.459110625039223, 52.12679660254247], [5.459224191327418, 52.12682149267155], [5.459370261275672, 52.12687130438213], [5.459386535620911, 52.126911218974776], [5.459378511612267, 52.12696113411352], [5.4593055887156225, 52.12700110340811], [5.459305282219689, 52.12700121145169], [5.459208328419705, 52.1270360992314], [5.459021880078475, 52.127086123420504], [5.4589002995971105, 52.12713609880888], [5.458819279125113, 52.12718107004919], [5.458663993721571, 52.127222131662215], [5.458649046139803, 52.127226086461455], [5.458421962848119, 52.12722622415957], [5.458387172775223, 52.127223297161805], [5.458275602092597, 52.1272138912993], [5.458186742853516, 52.12720640404303], [5.4581336201401855, 52.127200108553495], [5.457935282837866, 52.127176616573514], [5.457848670006698, 52.12717666862086], [5.457773082750699, 52.12717671399073], [5.457529740628194, 52.127201145225634], [5.457473059070197, 52.12720683253371], [5.457468176760117, 52.12721307310318], [5.457359745346037, 52.127351633491315], [5.457240677497678, 52.127496689425556], [5.457224498554798, 52.12751640069243], [5.457222200196176, 52.12757788877799], [5.4572094057789355, 52.12792072460335], [5.457182784779342, 52.12827501930907]]]}}, {"type": "Feature", "id": "53334", "properties": {"OBJECTID": "53334", "LOCATIEGROEP_ID": "nl.imow-pv26.gebiedengroep.003000000000000000000506", "SYMBOOL_CODE": "vszt026", "GROEP": "waterberging", "9e750651-8e97-4bc6-b09e-fc30b5f3e83c_id": "4015", "LOCATIE_ID": "nl.imow-pv26.gebied.003000000000000000000506e64979", "DOCUMENT_URL": "https://omgevingsbeleid.provincie-utrecht.nl/home?d=/akn/nl/act/pv26/2022/omgevingsverordening/nld@1089&o=", "NAAM": "Waterbergingsgebied", "TYPE": "water en watersysteem", "LOCATIEGROEP_NAAM": "Waterbergingsgebied", "LOCATIE_NAAM": null}, "geometry": {"type": "Polygon", "coordinates": [[[5.576097603810335, 52.01127141909023], [5.576133961863378, 52.01127882983681], [5.576155148060546, 52.01128065634354], [5.5761793942830495, 52.01128622598932], [5.576230871433313, 52.01129361240758], [5.576252087993315, 52.01129917792043], [5.576264231422023, 52.01130849708993], [5.576276382712029, 52.01131967679359], [5.576273463472944, 52.01134582802987], [5.576261461964881, 52.01137012433216], [5.576252482197999, 52.011392546239], [5.5762434878565506, 52.011414968168545], [5.576234484432223, 52.01143179049148], [5.576210370947967, 52.01145423672179], [5.576198400902735, 52.01148600212317], [5.576180347896289, 52.011512177678746], [5.576153244054523, 52.01154395840714], [5.576126116586265, 52.01157014853494], [5.576098943011023, 52.01158886957407], [5.576053627254284, 52.01160575020826], [5.576008273248369, 52.011617022278024], [5.5759598187405075, 52.011611500446655], [5.575914393906307, 52.01160597373329], [5.575802310692172, 52.011581876546884], [5.575662974065807, 52.01155408386294], [5.5755871483163775, 52.01151685958072], [5.5755506711898075, 52.011477702694556], [5.575508142688225, 52.01144042502368], [5.575426053862774, 52.011354656655534], [5.575401649619145, 52.01130801124072], [5.575343964244337, 52.01126515814641], [5.5752652350934815, 52.011257814927724], [5.57518961288699, 52.0112654050026], [5.575123214983183, 52.011312186618454], [5.575053786250233, 52.01135525194226], [5.575008502742325, 52.01138333136341], [5.574938917208737, 52.0113890510874], [5.57485417448023, 52.01138918635072], [5.574811756154676, 52.011378045805806], [5.574778427885295, 52.01137062981816], [5.574720836864175, 52.01135018373806], [5.574693489712312, 52.011324080803234], [5.574684298083091, 52.011296088368894], [5.574696308254893, 52.01127366175038], [5.57471738493374, 52.01124935113689], [5.574762582422904, 52.011200725042805], [5.574762410328797, 52.01115964046212], [5.5747984395196, 52.01108863049498], [5.574834563518376, 52.011043748931044], [5.574846354445814, 52.01096903854857], [5.574855185054128, 52.01090740166574], [5.57489422106597, 52.01083450834341], [5.574978759132751, 52.010785819362205], [5.575033084973128, 52.010750256348864], [5.575078148418555, 52.01066988417816], [5.575123376316297, 52.01062873603708], [5.5751776861551745, 52.01058943390865], [5.575256076881722, 52.010516477543945], [5.575328682791044, 52.010508892249796], [5.575413423853165, 52.01050875664559], [5.575555770935893, 52.01053280573063], [5.575622404063853, 52.01054576775816], [5.575680025938146, 52.01057369149488], [5.575701344285996, 52.010603533952626], [5.57572574058584, 52.01064830978645], [5.57572594500703, 52.01069686347531], [5.575692860751871, 52.010747331076665], [5.575674900926686, 52.01079218379524], [5.575653904682863, 52.01083889293697], [5.575660404041132, 52.01094345970771], [5.575702987250759, 52.01099381500406], [5.575754715599811, 52.01106095448308], [5.575812558448604, 52.011141161897164], [5.575861209123654, 52.011193367951144], [5.575876405671512, 52.01120828188288], [5.5759097576001855, 52.01122129714241], [5.575955254091163, 52.01124737066453], [5.575979547485895, 52.0112641395168], [5.576006816596182, 52.011271564893306], [5.576043120684368, 52.0112696370616], [5.576097603810335, 52.01127141909023]]]}}, {"type": "Feature", "id": "53335", "properties": {"OBJECTID": "53335", "LOCATIEGROEP_ID": "nl.imow-pv26.gebiedengroep.003000000000000000000506", "SYMBOOL_CODE": "vszt026", "GROEP": "waterberging", "9e750651-8e97-4bc6-b09e-fc30b5f3e83c_id": "4022", "LOCATIE_ID": "nl.imow-pv26.gebied.003000000000000000000506e64994", "DOCUMENT_URL": "https://omgevingsbeleid.provincie-utrecht.nl/home?d=/akn/nl/act/pv26/2022/omgevingsverordening/nld@1089&o=", "NAAM": "Waterbergingsgebied", "TYPE": "water en watersysteem", "LOCATIEGROEP_NAAM": "Waterbergingsgebied", "LOCATIE_NAAM": null}, "geometry": {"type": "Polygon", "coordinates": [[[5.414521337956667, 52.14855970646821], [5.414457079132323, 52.14860367244011], [5.414414209439583, 52.14859928729624], [5.4143498928148, 52.14857293159653], [5.414292711225517, 52.14850703627377], [5.4141998008449415, 52.14845432547295], [5.4141449775808335, 52.148445907398944], [5.414143370766799, 52.14844644704454], [5.414135489891806, 52.148436759857965], [5.414264063606064, 52.148392797207876], [5.414549745305541, 52.148282871348826], [5.4146677942062444, 52.14823157655399], [5.414792576363035, 52.148177358976255], [5.414828293046849, 52.1481685603625], [5.414828980161148, 52.14816925227189], [5.4148471815864685, 52.148187897954514], [5.4148521332826975, 52.14818598235604], [5.414756971537126, 52.148366311791], [5.414521337956667, 52.14855970646821]]]}}, {"type": "Feature", "id": "53333", "properties": {"OBJECTID": "53333", "LOCATIEGROEP_ID": "nl.imow-pv26.gebiedengroep.003000000000000000000506", "SYMBOOL_CODE": "vszt026", "GROEP": "waterberging", "9e750651-8e97-4bc6-b09e-fc30b5f3e83c_id": "4025", "LOCATIE_ID": "nl.imow-pv26.gebied.003000000000000000000506e64992", "DOCUMENT_URL": "https://omgevingsbeleid.provincie-utrecht.nl/home?d=/akn/nl/act/pv26/2022/omgevingsverordening/nld@1089&o=", "NAAM": "Waterbergingsgebied", "TYPE": "water en watersysteem", "LOCATIEGROEP_NAAM": "Waterbergingsgebied", "LOCATIE_NAAM": null}, "geometry": {"type": "Polygon", "coordinates": [[[5.431169901272806, 52.14779944065375], [5.43108779617014, 52.14783314915645], [5.431018203424062, 52.14794725005745], [5.431015268701923, 52.147949210522555], [5.430940805567122, 52.147999004484234], [5.43086778898462, 52.148004469343206], [5.430783695112431, 52.14799225898886], [5.430730552294714, 52.147956884180886], [5.430670753923559, 52.1478983858422], [5.4305444768553, 52.14774735420824], [5.430389319467691, 52.1476144527411], [5.430129113420376, 52.1475387527925], [5.430087964904615, 52.147471394218314], [5.429841474036591, 52.14742096271528], [5.429649804929117, 52.147421032116696], [5.429403442703267, 52.147505328877024], [5.4293076644618115, 52.147572736840004], [5.429129709451569, 52.1476149089797], [5.429047579378182, 52.14762335996036], [5.428979076857984, 52.14758127583987], [5.428937944648419, 52.14751391685964], [5.428896774269361, 52.14742130176558], [5.428855658110543, 52.147370786149565], [5.428773466580099, 52.14732870676049], [5.428691290921692, 52.14730347070886], [5.428540659709377, 52.147269837007215], [5.428362704198586, 52.14729516459169], [5.428171067580514, 52.14734576178], [5.428116417745025, 52.147463684626956], [5.428034327281817, 52.14753107780005], [5.4279659185188835, 52.14759005345667], [5.427829015013934, 52.14759852258245], [5.427541464689563, 52.14755651317891], [5.427294991409394, 52.14752291076119], [5.4271276436344875, 52.14748598238663], [5.426829143592868, 52.147451192283185], [5.4265556411962335, 52.147514739092706], [5.426499900719842, 52.14752782621983], [5.426268188827362, 52.14758220864954], [5.425830119915246, 52.147649727137455], [5.425528932309889, 52.14766666921001], [5.425350922755115, 52.14764988376763], [5.4251045008803445, 52.147675228653675], [5.424981279100069, 52.14767526835775], [5.424474652849219, 52.14761647835128], [5.424159718648204, 52.14758289109207], [5.4239132408094, 52.14754085990993], [5.4238035425770255, 52.147338782346765], [5.423792123684603, 52.14731075251999], [5.423779460426864, 52.14727964920408], [5.423773194701217, 52.147264281777765], [5.423765699241705, 52.1472458768102], [5.423748673430637, 52.147204052236106], [5.423782452057009, 52.14720450010277], [5.4239749259732095, 52.1472070734505], [5.424080659528688, 52.14720848734956], [5.424162885378184, 52.14720958498955], [5.42435116622356, 52.14721209612742], [5.424364782875154, 52.147212280565704], [5.424465032267136, 52.14720719757473], [5.425199911304742, 52.1471699048153], [5.426062424544503, 52.147135935793905], [5.426938610486064, 52.147068278026104], [5.427937991349839, 52.146992140403874], [5.428159886016565, 52.14697567823327], [5.42862250571692, 52.1469413708469], [5.428691605370919, 52.14693589078399], [5.42869602541427, 52.146944310923715], [5.428850396646351, 52.14693207763967], [5.429075370398568, 52.146912466875456], [5.429270040130316, 52.14688973873301], [5.429418705498768, 52.14686942658876], [5.429533213504645, 52.14684976471236], [5.429608167332184, 52.146839958803234], [5.4297405295523005, 52.14680621516396], [5.4298340120949184, 52.146784879860654], [5.4299142003936955, 52.14676436721925], [5.429964796950056, 52.146751999383966], [5.430140862250337, 52.14670898180118], [5.430243698561708, 52.14667656961006], [5.430439315952099, 52.1466083961565], [5.430594529926121, 52.146548182645645], [5.430661736528954, 52.14652003453782], [5.430694800156743, 52.146506899909234], [5.430743939404262, 52.146483872579346], [5.430826431099397, 52.14657844905761], [5.430867540489285, 52.14662054229499], [5.43108666597173, 52.146687834273266], [5.431237413870873, 52.14683935951049], [5.431319782254293, 52.147058283849745], [5.43131991592466, 52.147193031009515], [5.431361135054844, 52.14734460613465], [5.431443362564365, 52.147420370508286], [5.431594013274073, 52.1474708349077], [5.431895273418031, 52.1475296726195], [5.4321280836621675, 52.14757169234891], [5.432728324968687, 52.14762898417399], [5.433364989498888, 52.14767087129019], [5.433562708261235, 52.147670793465544], [5.433785122119128, 52.14766056712792], [5.434131100011091, 52.1476148156998], [5.434674770063141, 52.1475588361933], [5.435226695244905, 52.14751805840281], [5.4355827387111075, 52.14752771824338], [5.435778680303467, 52.1475330391875], [5.435943458284235, 52.147538040178055], [5.436058818064435, 52.14756333828145], [5.436108294124996, 52.147608931506], [5.436075392900208, 52.147649498776495], [5.435939117410645, 52.14769654430697], [5.435557106577295, 52.14779097657437], [5.434946861201491, 52.14787884945321], [5.434428142427934, 52.147935386427626], [5.433929733468772, 52.14796687264713], [5.433662651865764, 52.14797442952803], [5.433008044701882, 52.14792157673944], [5.432439736955448, 52.1478642650638], [5.4317491537635885, 52.1478025749981], [5.43140263066995, 52.14777408824637], [5.431169901272806, 52.14779944065375]]]}}, {"type": "Feature", "id": "53337", "properties": {"OBJECTID": "53337", "LOCATIEGROEP_ID": "nl.imow-pv26.gebiedengroep.003000000000000000000506", "SYMBOOL_CODE": "vszt026", "GROEP": "waterberging", "9e750651-8e97-4bc6-b09e-fc30b5f3e83c_id": "4026", "LOCATIE_ID": "nl.imow-pv26.gebied.003000000000000000000506e64985", "DOCUMENT_URL": "https://omgevingsbeleid.provincie-utrecht.nl/home?d=/akn/nl/act/pv26/2022/omgevingsverordening/nld@1089&o=", "NAAM": "Waterbergingsgebied", "TYPE": "water en watersysteem", "LOCATIEGROEP_NAAM": "Waterbergingsgebied", "LOCATIE_NAAM": null}, "geometry": {"type": "Polygon", "coordinates": [[[5.437276788134505, 52.107770024665975], [5.437194250449274, 52.107777870387416], [5.437067258797114, 52.107793563475006], [5.4369656762151655, 52.107805335885985], [5.4369105943054326, 52.10782515077991], [5.43688950995999, 52.107832736582786], [5.436794329206015, 52.10789141450936], [5.436768978077805, 52.10793442379849], [5.4367118694365475, 52.10796963589757], [5.436616662132751, 52.10800485501149], [5.436467365108974, 52.10806008605361], [5.436460886620168, 52.10806248856601], [5.4364579683790515, 52.1080635683495], [5.436336061306005, 52.107912522135855], [5.436338410341754, 52.10791152348543], [5.435788307823491, 52.1072334728467], [5.435666735525001, 52.10706397341732], [5.435612544893482, 52.106976839115916], [5.4355652571234465, 52.106888200950536], [5.435524989167146, 52.10679825661734], [5.435496601590775, 52.10672036928349], [5.43548213659078, 52.10672070778542], [5.435421282355993, 52.10653154433556], [5.435435618416882, 52.10653350682241], [5.435453910751338, 52.106535997974696], [5.435478436792071, 52.10653934042265], [5.435573722537005, 52.10657839903267], [5.435688040104517, 52.10660180160108], [5.435764260414687, 52.10662522880154], [5.435827785937526, 52.106652570988636], [5.435909630469107, 52.106666603305285], [5.435967478196051, 52.10664078374196], [5.43599916607293, 52.10658604264198], [5.436030862434483, 52.10653911210297], [5.43607520636097, 52.10644527690059], [5.436125869556529, 52.10632406159432], [5.436157522638037, 52.10623804221589], [5.436189240095874, 52.10621066951555], [5.436214620909586, 52.106195019805355], [5.436278098712065, 52.106179354180824], [5.436312201405705, 52.10618400470278], [5.436335252847043, 52.106187149852964], [5.436392450178527, 52.10623404328894], [5.436417900042598, 52.10628094101311], [5.436430681162934, 52.106355212507026], [5.4365154397488205, 52.10640435930608], [5.436579560441863, 52.106428599978585], [5.436717655874837, 52.106464934275444], [5.4369050895148, 52.10652855309683], [5.437048132786864, 52.10657702770308], [5.4371714212040745, 52.1066073008478], [5.4372601725163365, 52.10661030101099], [5.43735384044252, 52.106598127261805], [5.437427808715164, 52.10660416256481], [5.437486993075428, 52.10662536690873], [5.437502230129551, 52.10663660437637], [5.437511667456643, 52.1066435570489], [5.437521558810662, 52.10666478247278], [5.437511725692248, 52.106695121189205], [5.437496963181811, 52.106716357169404], [5.437420159715014, 52.10673335038166], [5.4373215782777065, 52.10675073033217], [5.437272299705003, 52.1067767446442], [5.437258243061208, 52.1068027529221], [5.437251236644789, 52.106841754844986], [5.437250387766381, 52.106878713868014], [5.437288538112108, 52.1069256059887], [5.437326675339452, 52.10696076876074], [5.437402897120522, 52.106984194900015], [5.437504517456168, 52.107007610118366], [5.437618823867037, 52.1070192904645], [5.4377373413336345, 52.1070115008782], [5.437878427498538, 52.10699267316313], [5.4379928346954385, 52.10699027789334], [5.438053852075714, 52.10699259736869], [5.438114890910802, 52.10701368374958], [5.438160684163124, 52.10704181431686], [5.43816416307738, 52.10705882709404], [5.438168361260487, 52.10707935386744], [5.438160783462208, 52.10712862038783], [5.438130321608726, 52.10716851335583], [5.4380617046461595, 52.107196702484984], [5.437806240723192, 52.10723200081471], [5.4377338030113735, 52.10725079893734], [5.437710936345124, 52.1072695757154], [5.437707155808158, 52.10729538189066], [5.437707177085676, 52.10731414882696], [5.437749157927805, 52.10733993532334], [5.437806395297248, 52.10736807009077], [5.437909321721084, 52.10740946938561], [5.438054802837617, 52.10748022296534], [5.438197250035879, 52.10753979660926], [5.438327579943644, 52.107597505849654], [5.438348810801768, 52.107616128734264], [5.4383427658731085, 52.10762731243777], [5.43831263439759, 52.10763724830107], [5.437690350511733, 52.107716647704066], [5.437616017602686, 52.107725424946906], [5.437417046831126, 52.10775295051899], [5.437368766016318, 52.10775855269226], [5.437353876509263, 52.10775811863702], [5.437276788134505, 52.107770024665975]]]}}, {"type": "Feature", "id": "53343", "properties": {"OBJECTID": "53343", "LOCATIEGROEP_ID": "nl.imow-pv26.gebiedengroep.003000000000000000000506", "SYMBOOL_CODE": "vszt026", "GROEP": "waterberging", "9e750651-8e97-4bc6-b09e-fc30b5f3e83c_id": "4031", "LOCATIE_ID": "nl.imow-pv26.gebied.003000000000000000000506e64989", "DOCUMENT_URL": "https://omgevingsbeleid.provincie-utrecht.nl/home?d=/akn/nl/act/pv26/2022/omgevingsverordening/nld@1089&o=", "NAAM": "Waterbergingsgebied", "TYPE": "water en watersysteem", "LOCATIEGROEP_NAAM": "Waterbergingsgebied", "LOCATIE_NAAM": null}, "geometry": {"type": "Polygon", "coordinates": [[[5.448290393983037, 52.13647344715513], [5.448341079331426, 52.136484754632846], [5.4483706894108215, 52.13648677051514], [5.448594685940595, 52.13650196029635], [5.448763847618057, 52.13656832883575], [5.448904927321376, 52.13671271835358], [5.449046003930653, 52.13685422256679], [5.449215199791178, 52.13694369847618], [5.44929984103514, 52.137024554423164], [5.449384478557196, 52.13710252517615], [5.4494175155676015, 52.137215189723904], [5.449412969620658, 52.13732787414484], [5.449380302143756, 52.1374694697138], [5.449342870586354, 52.13756772786128], [5.449313770778751, 52.13758651008505], [5.449245019856075, 52.13763090193594], [5.449248812267405, 52.137637533047226], [5.449193887157196, 52.13756165871683], [5.44920011879679, 52.137557727695196], [5.449154401455216, 52.13748566837307], [5.449071942300975, 52.137367286460396], [5.449020554762381, 52.13730345404732], [5.4489599391354595, 52.13723140247646], [5.448917769492875, 52.13717865631577], [5.448863184085357, 52.137094126244875], [5.44884715579313, 52.13708012242161], [5.448809844561606, 52.137044244070324], [5.448685653134407, 52.13692375358598], [5.44848879112714, 52.136758226251494], [5.448335313673376, 52.13663655525173], [5.448256662689432, 52.136565708083715], [5.448179512855532, 52.13651359098869], [5.448166954272636, 52.13650510387896], [5.448149892734363, 52.136493572183696], [5.448115638115539, 52.136470427962244], [5.448131859514561, 52.13646576379728], [5.448166638411384, 52.13645576015298], [5.4481860573438405, 52.13645016856338], [5.448290393983037, 52.13647344715513]]]}}, {"type": "Feature", "id": "53344", "properties": {"OBJECTID": "53344", "LOCATIEGROEP_ID": "nl.imow-pv26.gebiedengroep.003000000000000000000506", "SYMBOOL_CODE": "vszt026", "GROEP": "waterberging", "9e750651-8e97-4bc6-b09e-fc30b5f3e83c_id": "4032", "LOCATIE_ID": "nl.imow-pv26.gebied.003000000000000000000506e64993", "DOCUMENT_URL": "https://omgevingsbeleid.provincie-utrecht.nl/home?d=/akn/nl/act/pv26/2022/omgevingsverordening/nld@1089&o=", "NAAM": "Waterbergingsgebied", "TYPE": "water en watersysteem", "LOCATIEGROEP_NAAM": "Waterbergingsgebied", "LOCATIE_NAAM": null}, "geometry": {"type": "Polygon", "coordinates": [[[5.417011561313665, 52.14755107563518], [5.416617268761909, 52.14762394153379], [5.41632158000376, 52.14772104012208], [5.415878021479032, 52.147842432663644], [5.415546394643627, 52.14792620897273], [5.415493601848118, 52.14793954184649], [5.4154675657782905, 52.14791555032778], [5.415457434956298, 52.147906205312616], [5.415454145727336, 52.1479031681817], [5.415613140817363, 52.14784544517675], [5.415838537742091, 52.14776360909662], [5.416351043411173, 52.147557308498236], [5.416419078401949, 52.147528745874034], [5.41643792573797, 52.147529253490234], [5.416616821798306, 52.14745653228253], [5.417018107557735, 52.14729141239016], [5.417205972687562, 52.147219344125055], [5.4174064008457465, 52.14714591514686], [5.417561449848428, 52.14709377203412], [5.41772754368488, 52.14704176965076], [5.417873556835354, 52.14700180713681], [5.418046303720375, 52.14695880848057], [5.41820244457914, 52.14692402893751], [5.418354233988981, 52.14689286349508], [5.418482521598314, 52.14686975731988], [5.418654024726968, 52.14684622598366], [5.4188058809959365, 52.14682770597425], [5.418849634873544, 52.14682402710164], [5.418844972084967, 52.146820873591935], [5.419035149066501, 52.14680132730964], [5.4191522873080995, 52.146796513889285], [5.419478972452595, 52.14678898247294], [5.4195830385096455, 52.1467892414181], [5.419707531977396, 52.14679340436938], [5.419772563340415, 52.14679745787596], [5.420003891571298, 52.14681186403201], [5.420175623620208, 52.14682255649761], [5.4208953405550915, 52.14688905160368], [5.421118508887109, 52.14691155605015], [5.421615049722661, 52.14696160917985], [5.422403797878448, 52.14704020854309], [5.422403799715623, 52.14704252743119], [5.422403808986949, 52.1470542297271], [5.422403816592003, 52.14706382884536], [5.422403821904151, 52.14707053384739], [5.422354547199813, 52.147094798075436], [5.422246112010028, 52.14711302208551], [5.4216448180992804, 52.147198100128016], [5.421556138658781, 52.147258767747076], [5.421487191273385, 52.147349745859245], [5.421428110650752, 52.14742858733431], [5.421368968577222, 52.14744679615398], [5.421171838425481, 52.147489303407745], [5.420866270259316, 52.14756822466235], [5.42080820929293, 52.14764486348604], [5.420797335600012, 52.147659202362476], [5.420570618447189, 52.147701717074284], [5.419851013703965, 52.14780501112662], [5.419565121965609, 52.1478050903143], [5.419387640508678, 52.14776874695896], [5.419121392724555, 52.14767786173468], [5.419012785396905, 52.14745959214851], [5.418933838001459, 52.14734439712227], [5.418854860756617, 52.14718675200742], [5.418657628844227, 52.147107980810155], [5.418529436236469, 52.14705949820445], [5.418381541826149, 52.147041346007356], [5.418223872478549, 52.14712628788596], [5.418135205423922, 52.14721120239215], [5.4178789467265585, 52.14729616975904], [5.4176423918156775, 52.1473750556095], [5.417494569257053, 52.147441802362394], [5.417317164974317, 52.147514614398375], [5.417011561313665, 52.14755107563518]]]}}, {"type": "Feature", "id": "53338", "properties": {"OBJECTID": "53338", "LOCATIEGROEP_ID": "nl.imow-pv26.gebiedengroep.003000000000000000000506", "SYMBOOL_CODE": "vszt026", "GROEP": "waterberging", "9e750651-8e97-4bc6-b09e-fc30b5f3e83c_id": "4027", "LOCATIE_ID": "nl.imow-pv26.gebied.003000000000000000000506e64990", "DOCUMENT_URL": "https://omgevingsbeleid.provincie-utrecht.nl/home?d=/akn/nl/act/pv26/2022/omgevingsverordening/nld@1089&o=", "NAAM": "Waterbergingsgebied", "TYPE": "water en watersysteem", "LOCATIEGROEP_NAAM": "Waterbergingsgebied", "LOCATIE_NAAM": null}, "geometry": {"type": "Polygon", "coordinates": [[[5.4391120272462254, 52.14407499540561], [5.439079268951117, 52.14413334163375], [5.439035602854168, 52.14419615068282], [5.438889842693031, 52.144241064704346], [5.438805531592615, 52.1442262806183], [5.438787763442585, 52.14422316959867], [5.438729413190081, 52.1441962852773], [5.438671048398957, 52.14416940093334], [5.43855427154005, 52.14406182134688], [5.4384171816188145, 52.14398603187124], [5.438409921929828, 52.1439868529367], [5.438379098267721, 52.14387353734562], [5.438262343471216, 52.14378389739654], [5.438087280997843, 52.14370325255355], [5.437883070207999, 52.14363158100223], [5.437839311052426, 52.1436136599177], [5.437678870259034, 52.14356888805073], [5.437445517442088, 52.14352413816246], [5.437226799569095, 52.143515261468664], [5.437148416358495, 52.14350886841625], [5.437008071742684, 52.14349741440266], [5.436906040456328, 52.143533337471354], [5.436833172729692, 52.14356027817135], [5.4365269926969155, 52.14357834698663], [5.43649908516582, 52.143574062455166], [5.436468664512326, 52.143569401476654], [5.436410286750207, 52.14351560610493], [5.436337344711452, 52.14348872670508], [5.436278947435509, 52.14341700032201], [5.436220585138629, 52.143390114761566], [5.43600181897494, 52.143336385961334], [5.435914371530782, 52.14336333214653], [5.435841557505331, 52.14345305302047], [5.435797897314974, 52.143524830845145], [5.435695957803928, 52.14363250360546], [5.435653206853612, 52.14366761916594], [5.435658070481265, 52.14366660152313], [5.435564795218115, 52.14369534743894], [5.435513814987125, 52.143699556786764], [5.435377483010249, 52.14371082970008], [5.435196961035494, 52.14368313978505], [5.434903560920478, 52.14360461469411], [5.4348351531501695, 52.14355491212943], [5.434821424833616, 52.14354494107163], [5.434809333974563, 52.143536155757886], [5.434786585044607, 52.14351962714842], [5.434850906815122, 52.14347811272848], [5.434872946245354, 52.14348691197932], [5.434888423540708, 52.14349308940817], [5.435192586896602, 52.14325763420039], [5.43532654265214, 52.143171178295354], [5.435722738180114, 52.14295153872835], [5.43574011348239, 52.14294337049833], [5.435875983583645, 52.142886025135844], [5.436052089914306, 52.14281961203802], [5.436233885166597, 52.14275930810792], [5.4364208436751245, 52.14270528431065], [5.436612366741986, 52.142657711644375], [5.436768246759974, 52.14262507369509], [5.436926747319437, 52.142597674404776], [5.437087444896822, 52.1425755768583], [5.437249828331331, 52.14255885316802], [5.437413459487195, 52.142547557441894], [5.437712343245979, 52.14253016355122], [5.438104686429625, 52.14252105131266], [5.438584235918938, 52.14248151143321], [5.438997924371412, 52.142462392293105], [5.439147917692038, 52.142457283876176], [5.4394940348294325, 52.14245713043943], [5.439957127830732, 52.14242526800296], [5.440200851177997, 52.14241016649355], [5.440216539451633, 52.14240919771022], [5.4404716855362745, 52.14239338044199], [5.4410753581837685, 52.142244516624515], [5.441246666567704, 52.14220533144332], [5.44124539231444, 52.142202590704564], [5.441450081252751, 52.1421521100041], [5.442796294894826, 52.14184670885178], [5.443550842874785, 52.14167685494546], [5.444005026381714, 52.141574614214726], [5.444778135569556, 52.14139619593732], [5.44536551632546, 52.14123206554867], [5.445452655836241, 52.14120060953208], [5.445542735764556, 52.14117245955811], [5.44563542027101, 52.14114771465448], [5.445759056184884, 52.141120833114556], [5.445885738427161, 52.14110003476763], [5.445927992995043, 52.14109525006177], [5.445935718759775, 52.14108277092781], [5.445951039101153, 52.14105803742258], [5.446361538136239, 52.140948583103075], [5.446389765265423, 52.1409410639617], [5.44646661949678, 52.14092056868216], [5.446474393417168, 52.140922452234335], [5.446514837714495, 52.14090770958028], [5.446537267502984, 52.14090173026674], [5.446593414963465, 52.14088676395145], [5.446795246684865, 52.14080607588472], [5.447544867627305, 52.140506403867334], [5.447581464073606, 52.14048777103712], [5.447747935923829, 52.14040301895027], [5.448136216972446, 52.14020536210842], [5.448727492735323, 52.13985683404921], [5.449117481969861, 52.13956000897169], [5.449175820852995, 52.13951560472116], [5.4492128845099455, 52.1394873899764], [5.449229242122847, 52.13947494202356], [5.449263773675541, 52.139390769598016], [5.449291288188869, 52.13932370494171], [5.449298327601775, 52.13933321048072], [5.449324846182284, 52.13936903144953], [5.449395343016571, 52.139464212576684], [5.449457733028793, 52.13952806594537], [5.449603081897804, 52.139489655302846], [5.449748415909262, 52.13945124448878], [5.4499975543365915, 52.13937444450072], [5.450350586593176, 52.13932314100772], [5.450516654761506, 52.139259156371004], [5.450807261064489, 52.13913121784528], [5.45093172617232, 52.139016149601495], [5.451201650013114, 52.13895210768272], [5.451388468673619, 52.13887533863807], [5.451699841413837, 52.13874738656945], [5.452032058135375, 52.138670527702104], [5.4523020343527895, 52.13864482584734], [5.452530430016704, 52.138593584728675], [5.452554514642565, 52.13859182768756], [5.4528834908820025, 52.138567835372], [5.452987389645661, 52.138606110944416], [5.453008274290398, 52.13868276652094], [5.453070853073929, 52.13886162775372], [5.453154071474573, 52.138951029254045], [5.453341190375278, 52.1390787059517], [5.4534337976893195, 52.13913557456567], [5.453445143345915, 52.13914254283012], [5.453528343986561, 52.139219163201574], [5.453528349849083, 52.139223099922305], [5.453528458158711, 52.13929583038727], [5.453383208244742, 52.13939814118055], [5.453217105781156, 52.13943656813194], [5.453146172139685, 52.13943660791593], [5.45305093174767, 52.13943666126548], [5.452884734636049, 52.13941120142465], [5.452718541894666, 52.13939851322973], [5.452407148835761, 52.139513696102405], [5.451742643500166, 52.13961628255857], [5.451306666441567, 52.139757083559275], [5.450766790311706, 52.139872386383956], [5.450393018468654, 52.13994925501042], [5.45013195035075, 52.13997951360052], [5.45006970285981, 52.14012121499866], [5.450062129466807, 52.14028209440949], [5.450269037998727, 52.140409342940785], [5.450269092288292, 52.14044767652805], [5.450206847930755, 52.14049882436841], [5.4501483295515225, 52.14051977066261], [5.450074169255038, 52.140522210108], [5.449921935915485, 52.14050788369165], [5.449804748863516, 52.14044311602011], [5.4497344316188, 52.14040472992754], [5.449656315113626, 52.14035674880112], [5.449605500583041, 52.1403087531413], [5.449511747437431, 52.14025598064651], [5.449313254037515, 52.14017984082744], [5.449250937733739, 52.14017987371735], [5.449022459226813, 52.14017999402417], [5.448814805860526, 52.140218436598786], [5.448693302589398, 52.14023154170183], [5.448456221672934, 52.140275436736665], [5.448163878224471, 52.14038258120622], [5.447966323200044, 52.14043617073772], [5.447958553127753, 52.14053344236827], [5.448013953827175, 52.140582047545], [5.44814050929636, 52.14063060686318], [5.448227495001552, 52.140659745642765], [5.448440998015324, 52.140698534530095], [5.448654473383158, 52.14072760706953], [5.44877307888271, 52.14075185745221], [5.448867989432376, 52.140785854092194], [5.448986615443029, 52.14082469169463], [5.448986642442887, 52.14084415059556], [5.448994646536229, 52.140917092605115], [5.448994674525003, 52.14093726155339], [5.4489947207739, 52.140970588852795], [5.448947370888045, 52.141019247522834], [5.448925490167375, 52.14103122197009], [5.448876269487021, 52.14105818467864], [5.4487576967273785, 52.141058246791566], [5.448607497747648, 52.141058325300364], [5.44843358213696, 52.14106327844836], [5.448362434715365, 52.141058452983756], [5.448196423267094, 52.141053676708644], [5.447927610417909, 52.1410343658759], [5.4475402924766465, 52.14105401513726], [5.447345744320207, 52.141065340733334], [5.447287346247154, 52.141068732075226], [5.446939574899345, 52.14111268054907], [5.446662904784761, 52.141127408194784], [5.4462123071315585, 52.14112763514371], [5.44618071480532, 52.141142247423225], [5.446006991292688, 52.14129308931283], [5.445920183618324, 52.14140985021134], [5.445809653729583, 52.14151689790533], [5.445800059824908, 52.14151965299869], [5.445691124462634, 52.14155099428061], [5.44559628487111, 52.14157049133318], [5.445501419727093, 52.141570538397936], [5.445390748594789, 52.14157059320793], [5.4452326131992015, 52.14154635893922], [5.4451377481059655, 52.14154640571139], [5.445098231195996, 52.1415561501344], [5.445042914599763, 52.141570764796974], [5.444963880689691, 52.14159026255403], [5.44468738484106, 52.141731427957616], [5.444427840600844, 52.14182184748527], [5.444174932553642, 52.14187059509079], [5.443937836274386, 52.141924205994556], [5.443684896275134, 52.14194864914804], [5.443447725244194, 52.141943891357656], [5.443281741666743, 52.14196342954203], [5.443139491575347, 52.14200239713973], [5.442981447277681, 52.142051106007735], [5.442847105820621, 52.142094940968796], [5.442720669662406, 52.142129038095405], [5.4426021243179115, 52.1421534153959], [5.44253890054554, 52.142177757567985], [5.442507336480757, 52.14221668124904], [5.442475763790614, 52.142260467405855], [5.442554945115348, 52.14235768875403], [5.442578696872038, 52.14239172392092], [5.442602469313964, 52.142430612565406], [5.4425787936710055, 52.14246953254714], [5.442499783771757, 52.142498744610116], [5.442397049680374, 52.14252797674626], [5.442292525674112, 52.14258651933121], [5.442223241863948, 52.14262531679203], [5.442175922293807, 52.14271774402057], [5.442104820891937, 52.14275181459988], [5.442078897348037, 52.14275714756632], [5.441915133401051, 52.14279081184196], [5.44178824960976, 52.14283136151906], [5.441701771649476, 52.14285899463304], [5.4415041326523195, 52.14285908607168], [5.441227438113518, 52.14286407600917], [5.441053546904456, 52.14288360569824], [5.440911244993913, 52.142883670786134], [5.440784781717993, 52.14289832491277], [5.440658262847799, 52.14287892359459], [5.440373612581507, 52.14284015282732], [5.440089023642971, 52.142840281183986], [5.439923032162384, 52.14286953061199], [5.439733316686504, 52.14287447800961], [5.439464513659051, 52.142869735325235], [5.439211526062189, 52.1428601225531], [5.439045531547563, 52.142874783307846], [5.438887496635167, 52.14293807411504], [5.438753204825128, 52.1430305381666], [5.438658477149426, 52.14315215963069], [5.438571638787558, 52.1432494561841], [5.438571756680162, 52.14335158617565], [5.438845249820185, 52.1435055916699], [5.439034840225344, 52.14354138812027], [5.439180723667512, 52.14360410452165], [5.4391958113077905, 52.14362633403033], [5.439253747421116, 52.14371171186307], [5.439210228720448, 52.143900082526635], [5.4391120272462254, 52.14407499540561]]]}}, {"type": "Feature", "id": "53339", "properties": {"OBJECTID": "53339", "LOCATIEGROEP_ID": "nl.imow-pv26.gebiedengroep.003000000000000000000506", "SYMBOOL_CODE": "vszt026", "GROEP": "waterberging", "9e750651-8e97-4bc6-b09e-fc30b5f3e83c_id": "4028", "LOCATIE_ID": "nl.imow-pv26.gebied.003000000000000000000506e64981", "DOCUMENT_URL": "https://omgevingsbeleid.provincie-utrecht.nl/home?d=/akn/nl/act/pv26/2022/omgevingsverordening/nld@1089&o=", "NAAM": "Waterbergingsgebied", "TYPE": "water en watersysteem", "LOCATIEGROEP_NAAM": "Waterbergingsgebied", "LOCATIE_NAAM": null}, "geometry": {"type": "Polygon", "coordinates": [[[5.578134702444228, 52.015370969120006], [5.5782033477016695, 52.01543031426037], [5.578256523854598, 52.0155069417401], [5.578291054464504, 52.01558359949373], [5.578285038982036, 52.015631552057975], [5.578266640570668, 52.015692953035966], [5.578235660959836, 52.01571793649067], [5.578210860518959, 52.015733319545525], [5.578182875466532, 52.015729527056145], [5.57812063163377, 52.015716208815206], [5.578042793966582, 52.01568756408866], [5.577958809855976, 52.01567619551581], [5.577899755225455, 52.01567629129198], [5.577831281478335, 52.0156572215964], [5.577775239850615, 52.01563621723941], [5.577725371146297, 52.01560752697549], [5.577722178612165, 52.015586436960845], [5.5780973784814645, 52.015363362820615], [5.578134702444228, 52.015370969120006]]]}}, {"type": "Feature", "id": "53345", "properties": {"OBJECTID": "53345", "LOCATIEGROEP_ID": "nl.imow-pv26.gebiedengroep.003000000000000000000506", "SYMBOOL_CODE": "vszt026", "GROEP": "waterberging", "9e750651-8e97-4bc6-b09e-fc30b5f3e83c_id": "4033", "LOCATIE_ID": "nl.imow-pv26.gebied.003000000000000000000506e64988", "DOCUMENT_URL": "https://omgevingsbeleid.provincie-utrecht.nl/home?d=/akn/nl/act/pv26/2022/omgevingsverordening/nld@1089&o=", "NAAM": "Waterbergingsgebied", "TYPE": "water en watersysteem", "LOCATIEGROEP_NAAM": "Waterbergingsgebied", "LOCATIE_NAAM": null}, "geometry": {"type": "Polygon", "coordinates": [[[5.4494150433077735, 52.12909850306357], [5.449277517928186, 52.12916208472566], [5.449151525062536, 52.12927505802952], [5.449025575554089, 52.12940920682805], [5.44889961068496, 52.129543355496786], [5.448805664960259, 52.129640618613145], [5.44878107973931, 52.12965718732696], [5.448724803572199, 52.129695101067675], [5.448678866908516, 52.12969053223872], [5.44864384110466, 52.12968703624805], [5.448619308743608, 52.12963608728241], [5.448668624082896, 52.129549147862136], [5.448671887482918, 52.1295433938566], [5.448681292721688, 52.12952233012981], [5.448715987239454, 52.129444655938364], [5.448765148673372, 52.12938401535194], [5.448773225610832, 52.12937406144201], [5.448819009323606, 52.12931051948682], [5.448841820601945, 52.12922583187737], [5.448841732704828, 52.12916231394627], [5.448819300216027, 52.12913018472453], [5.448807271818327, 52.129112934125516], [5.448749760767977, 52.129049320429026], [5.448692362185766, 52.128950689516444], [5.448715217355247, 52.128887168571616], [5.448772435496273, 52.128802453979205], [5.448785600429148, 52.12878622380064], [5.448818228396713, 52.12874597655745], [5.4489099018302385, 52.12869653060774], [5.448950917553859, 52.12864956491211], [5.448990052270454, 52.1286047483149], [5.448989944602978, 52.128527128262675], [5.448997395927496, 52.12842427500534], [5.449006551238905, 52.12842334443321], [5.448997094190491, 52.12836467593329], [5.448920720578499, 52.128230777306015], [5.448892171985873, 52.1281898790438], [5.4488687895123205, 52.128156887479584], [5.448817310835708, 52.12808263787363], [5.448791703754657, 52.1280355003932], [5.448782816698106, 52.128019146940495], [5.448782682591171, 52.12792213984121], [5.448782670364647, 52.12791329568418], [5.448789090330799, 52.12790921178335], [5.448840391640337, 52.12787656755848], [5.448850686698055, 52.12787619365511], [5.449000498141521, 52.127870839084835], [5.449149611347778, 52.127898982859996], [5.449333150655606, 52.12794122836573], [5.449849359080183, 52.12805386140065], [5.4499103383330505, 52.12806008452889], [5.450193428332714, 52.12808896438594], [5.4505031364360335, 52.12814525153794], [5.4506226795387445, 52.12816357652192], [5.45064077753489, 52.12816635303194], [5.450744127599259, 52.128258037454714], [5.45074434904305, 52.12841328654883], [5.450779053235473, 52.12863202599976], [5.450779274803081, 52.128787275084136], [5.450802388862086, 52.128907225018416], [5.450813943686561, 52.12897073675019], [5.450779627303575, 52.12903426429828], [5.45072238247867, 52.1290978042215], [5.450700592315537, 52.12910740615156], [5.450642154317804, 52.12913313429261], [5.450516059227721, 52.129161424466254], [5.450321095001322, 52.12916152926337], [5.449954034664825, 52.12909821670023], [5.449678787109463, 52.12908425213392], [5.4494150433077735, 52.12909850306357]]]}}, {"type": "Feature", "id": "53340", "properties": {"OBJECTID": "53340", "LOCATIEGROEP_ID": "nl.imow-pv26.gebiedengroep.003000000000000000000506", "SYMBOOL_CODE": "vszt026", "GROEP": "waterberging", "9e750651-8e97-4bc6-b09e-fc30b5f3e83c_id": "4029", "LOCATIE_ID": "nl.imow-pv26.gebied.003000000000000000000506e64986", "DOCUMENT_URL": "https://omgevingsbeleid.provincie-utrecht.nl/home?d=/akn/nl/act/pv26/2022/omgevingsverordening/nld@1089&o=", "NAAM": "Waterbergingsgebied", "TYPE": "water en watersysteem", "LOCATIEGROEP_NAAM": "Waterbergingsgebied", "LOCATIE_NAAM": null}, "geometry": {"type": "Polygon", "coordinates": [[[5.452764639447272, 52.12520570938217], [5.452664474077343, 52.12523218982417], [5.452406890562345, 52.12525875756124], [5.452220873285859, 52.12529409340807], [5.4520062324188245, 52.12533825295224], [5.451891718984814, 52.12532950778003], [5.451719922483637, 52.12530317750432], [5.45157669862478, 52.12523279026363], [5.4514192133942885, 52.12520645171512], [5.451233144917198, 52.125206553169114], [5.451047038571919, 52.12518022970304], [5.450860970202967, 52.1251803305697], [5.450603358775025, 52.125198086166044], [5.450259893175019, 52.1252335036974], [5.450131044747938, 52.1252071480698], [5.450081388382916, 52.1251919040615], [5.45004512858857, 52.12518076936667], [5.450036785336182, 52.12510469960305], [5.450030631554218, 52.12504865387719], [5.450008081910027, 52.12501542838966], [5.449958914731165, 52.124942984592614], [5.449801838683416, 52.12491545725201], [5.449658273620658, 52.12489029535264], [5.449486480124182, 52.124863961820274], [5.449243168316212, 52.12487289865545], [5.448956924581641, 52.124881857542405], [5.4485847053595995, 52.12482039491719], [5.448155256931455, 52.124767769012], [5.4478975027911005, 52.12467982017859], [5.4477256393379125, 52.124600634818904], [5.447439242202785, 52.12449508328867], [5.447210159423322, 52.124442351124266], [5.446766391192484, 52.124389727466074], [5.4463517418274545, 52.12438142517838], [5.446327678186063, 52.12419537718683], [5.44631434564628, 52.12419499740753], [5.446279120276823, 52.12390551238805], [5.446273518499794, 52.12387664582123], [5.446255585921593, 52.12373277529528], [5.446251409497753, 52.123699602769676], [5.446199050157505, 52.123284007005516], [5.446178938228493, 52.123137027707195], [5.446169397254219, 52.1230995526248], [5.446151928811852, 52.123063169061716], [5.446049835034088, 52.12288931181725], [5.446046103566097, 52.12288329173942], [5.446020072169674, 52.12283103068327], [5.445859648609754, 52.12258254828342], [5.445869240562634, 52.12258140202425], [5.445605589699904, 52.1221592780361], [5.445384727061679, 52.12180455110001], [5.4452982742510905, 52.121661810803865], [5.44527096041286, 52.12166625537206], [5.445178544337451, 52.121518556565256], [5.445141625902359, 52.121458076670336], [5.445161129589842, 52.12145501114347], [5.444973247070348, 52.12114767873263], [5.444763796163792, 52.120802750856726], [5.4445198977620555, 52.120418777621694], [5.44442410507539, 52.12026422201078], [5.444401613127861, 52.12022531499433], [5.444201601823507, 52.11987928494291], [5.444194462112873, 52.119868026462285], [5.444194900063091, 52.11986796333408], [5.444168519461711, 52.11982500457576], [5.444077702048788, 52.11967707040143], [5.444065792530189, 52.11965801265116], [5.444061193033852, 52.11965786208022], [5.443786948548047, 52.11922536682356], [5.443793779308838, 52.119223458082836], [5.4437832893931555, 52.1192068263748], [5.443681170495898, 52.11904499290905], [5.443673184919098, 52.119045814652], [5.44347033362232, 52.11871989976938], [5.4432988604976975, 52.11843926899393], [5.443070696318256, 52.118065854980536], [5.442894281904741, 52.117776112119074], [5.442867173189418, 52.1177326860253], [5.442867129399688, 52.11773269503404], [5.442597511057763, 52.11729143140357], [5.442558127303049, 52.117227024071596], [5.442552391226172, 52.11722846485065], [5.44227351590286, 52.11678176707126], [5.442116867750313, 52.11651758454993], [5.442119831093002, 52.116517223645914], [5.442097800134014, 52.116481965074705], [5.441923133999102, 52.1161908626859], [5.441306049011672, 52.115150150535825], [5.441319172375288, 52.11514885022343], [5.441262596120055, 52.115049954448494], [5.441249539088038, 52.1150096403325], [5.441243535249332, 52.11498271507643], [5.441245477699169, 52.11494721162412], [5.4412533898197815, 52.114910483059774], [5.441259338693211, 52.11489211786073], [5.441271251284316, 52.114867629096814], [5.441289266145307, 52.11485494774218], [5.441420491325612, 52.114835733873136], [5.441609535009987, 52.11480870950774], [5.441738573951052, 52.11479271399683], [5.441787033970481, 52.1147846292739], [5.441836148962361, 52.11473921710418], [5.44189709351899, 52.11467344161165], [5.441901057502905, 52.11464393219528], [5.441912211405481, 52.11456073416628], [5.441988258957146, 52.114358765561505], [5.442064401114669, 52.11424602962953], [5.442186418557044, 52.114208402809744], [5.442483926452007, 52.11418947835507], [5.44266579438142, 52.11418254382634], [5.442807724510842, 52.114156699208856], [5.442876950574556, 52.114142465413046], [5.442932300694785, 52.11411120591348], [5.443001512430269, 52.114085620218475], [5.443149208983629, 52.1140599881634], [5.443513834415678, 52.11400018771078], [5.443693849208315, 52.113971708268224], [5.4437630638972205, 52.11394896232909], [5.44380458404287, 52.113926220700606], [5.443836862942595, 52.113903492498316], [5.443855294669308, 52.11387509055127], [5.443864478095294, 52.113829651827935], [5.443855168298408, 52.11377571039017], [5.443864239750715, 52.11364224332926], [5.443868690518969, 52.113514467891335], [5.443882364157965, 52.11338384779802], [5.443951379044469, 52.113193565665384], [5.444002088671726, 52.113142435446925], [5.444034392360911, 52.1131282188044], [5.444059996872151, 52.11312677733107], [5.444085163440019, 52.113125354040086], [5.444136003458779, 52.11317644413959], [5.444219318068626, 52.113346771150994], [5.444344393140071, 52.11368176478058], [5.444409248971042, 52.11385778102668], [5.4444348295177765, 52.11390555772512], [5.444478007728207, 52.113900979782535], [5.444579407289711, 52.11389657115558], [5.444806016135401, 52.11388673531966], [5.445156927873337, 52.11388186211762], [5.445423883473037, 52.11383476794633], [5.445530696299997, 52.11383941571525], [5.445706153899652, 52.11384402025671], [5.4458739661036795, 52.113829852438585], [5.445965516755754, 52.113829806710285], [5.446102798186483, 52.11380156065292], [5.446255285641664, 52.1137357369924], [5.446400068758665, 52.11361827201192], [5.446544953249837, 52.11356653598623], [5.446766154588307, 52.11354294748266], [5.446918728293904, 52.1135428700796], [5.447017936836593, 52.113570996998874], [5.447063761370857, 52.11361323521293], [5.447063967736822, 52.11361470913857], [5.4470714723538, 52.113669585996135], [5.447056329933558, 52.11375411678231], [5.446934380787837, 52.113838710869516], [5.446873423891862, 52.113899788264824], [5.4468430501006875, 52.11400311165249], [5.446858425634289, 52.11409233662967], [5.4469424422013555, 52.11416742458474], [5.447087422522401, 52.11418613572413], [5.447285766814024, 52.114186034522874], [5.447613771908114, 52.11415768907997], [5.447680427853587, 52.11413333330524], [5.447741239715191, 52.11411652142693], [5.447849503534529, 52.11409248566732], [5.447988104227458, 52.11406843412699], [5.448187345866998, 52.114041681549935], [5.448317288967016, 52.11402829387074], [5.448442888728332, 52.11400957843175], [5.448546834239074, 52.11398820472589], [5.448685419525591, 52.113953492614925], [5.448823975257382, 52.113908120598126], [5.448949555840708, 52.113865424666685], [5.449018805836695, 52.113828079122975], [5.449091145802236, 52.11377668368046], [5.4494113410204585, 52.11362624445858], [5.449577491311027, 52.113615191079674], [5.449624919017714, 52.11361203808765], [5.44973934581919, 52.113611977280726], [5.449826338850481, 52.11359991403232], [5.449931380680083, 52.113591049804874], [5.450183037173204, 52.1135595022396], [5.450337424861577, 52.113531089288124], [5.450575842738381, 52.11353263279182], [5.450684225005708, 52.11354256897298], [5.450722177199112, 52.11354921756665], [5.450760126687066, 52.11356419801847], [5.450781812936631, 52.11357917826524], [5.450803530461557, 52.11360583389316], [5.450825255146508, 52.11363748683681], [5.450841553783644, 52.1136724682703], [5.450843666590747, 52.113700302938604], [5.450843724167548, 52.11374062304025], [5.4508109707360255, 52.1137658430936], [5.450778224673611, 52.113786020870194], [5.450720900980124, 52.113811254180916], [5.450565252341009, 52.11384662501833], [5.4503850403604694, 52.11388704212745], [5.450180235725337, 52.11393251439907], [5.44996110780009, 52.11398753920781], [5.44991564293606, 52.11401636997999], [5.449857671216933, 52.1140485149809], [5.449822907021309, 52.11407707936249], [5.44981136088062, 52.11411991329099], [5.449811400984834, 52.11414845913052], [5.449834658774904, 52.11418056083689], [5.449869493290948, 52.114201951671106], [5.449944927685703, 52.11421261613904], [5.450014551154579, 52.114212578965386], [5.450145860076911, 52.1141842864515], [5.450393743523702, 52.11413563631261], [5.450619065619539, 52.11407312036346], [5.450979608718844, 52.1140036009737], [5.451054002494527, 52.11399108526596], [5.451227500209989, 52.11396187881685], [5.451689500446148, 52.11389924069552], [5.451813410917656, 52.11386450598903], [5.451880993531488, 52.11383674087878], [5.451914734478551, 52.11378819614516], [5.45192593446435, 52.11373966381105], [5.451892032582447, 52.113677296812796], [5.451835509548808, 52.11355948632723], [5.451756450624541, 52.11343474945656], [5.451711148416758, 52.11328226605772], [5.451699687486581, 52.113150562295935], [5.451722127721619, 52.1130812255939], [5.4517445980054555, 52.11303268708668], [5.451823384814232, 52.112970258152394], [5.45194731728412, 52.112942462017614], [5.452037479227243, 52.11294241233765], [5.452105161243679, 52.11298396244431], [5.45213907300597, 52.11305326811362], [5.452184325911501, 52.11317109368023], [5.452285910455595, 52.11327501958843], [5.452398806385098, 52.113406667094026], [5.452522953047908, 52.113524439767154], [5.452613167040896, 52.113559056305704], [5.452692024852323, 52.1135451439407], [5.452737055472265, 52.11351046115342], [5.452725601646753, 52.1133856872336], [5.452681247084149, 52.11317492553004], [5.452434707889806, 52.1125706649326], [5.452416876085179, 52.11237640831884], [5.452416781334437, 52.11231164987238], [5.452504439581572, 52.112257637304964], [5.452526800508433, 52.112254874558175], [5.4525921463502, 52.11224679398234], [5.45276765375163, 52.11227907999568], [5.45289054951518, 52.112322180743206], [5.452978415586535, 52.112419264880145], [5.453259736874362, 52.11280764917135], [5.453446490584873, 52.11325423839541], [5.453610728034685, 52.11362666210845], [5.453610830214224, 52.113626653062695], [5.453714044345669, 52.113860938653744], [5.45371431357036, 52.11404135446573], [5.453634762659786, 52.11434483403235], [5.453515308536676, 52.114705733348664], [5.453416184772118, 52.115033940743096], [5.4533291717863595, 52.11533882638042], [5.453280853491384, 52.11553012695255], [5.453253533798519, 52.115655623623304], [5.4532460999897605, 52.11579181381372], [5.453200615065575, 52.11598437106551], [5.453109205841913, 52.11608303854618], [5.453033067624573, 52.116181697406326], [5.452926532363173, 52.116369596970095], [5.45292682322739, 52.116566829221995], [5.4529247293242875, 52.11662208854296], [5.452937239160127, 52.116650195977265], [5.452966378882883, 52.116688522441514], [5.4530267174569556, 52.1167357744869], [5.45309536786399, 52.11679580276262], [5.453153628371224, 52.11684944636596], [5.453195227375547, 52.11688136633716], [5.453222276680976, 52.11689796994378], [5.453261772262063, 52.11690944340032], [5.453301260291778, 52.11691581167088], [5.453390614556851, 52.11691704669534], [5.453492420765359, 52.11691698935137], [5.453527741484056, 52.116909293694405], [5.4535609648812295, 52.11689521773911], [5.453583384753005, 52.116871701498084], [5.453842516906783, 52.11669310742983], [5.454094180374894, 52.11662721741852], [5.454414528317147, 52.11656598835207], [5.454655661232855, 52.11649848532014], [5.454884251165644, 52.11640152638694], [5.4549605501895755, 52.116401482451494], [5.4550152275338, 52.116411544447324], [5.455113176569871, 52.11642957176014], [5.455189489695512, 52.11644831256436], [5.4552429750014415, 52.11649993560211], [5.4553042181906735, 52.11663139442289], [5.455327333189927, 52.11678634293827], [5.455358026747488, 52.11690372625255], [5.4553581129233315, 52.116960080885946], [5.455404013714468, 52.11703518486545], [5.455472735516446, 52.11707271478103], [5.455655842702172, 52.11707730906364], [5.45591527905589, 52.11710063439752], [5.456012351049756, 52.117097863271155], [5.456250950416565, 52.11709104535722], [5.456456921551666, 52.11707684007598], [5.456617062728998, 52.11703447516315], [5.456746682069712, 52.11697805289496], [5.456876198378149, 52.116865266872246], [5.457051558533549, 52.11679003226597], [5.457104677339192, 52.116792517344024], [5.457349114427072, 52.11680393935261], [5.457761105248784, 52.11680839363371], [5.4580586764149235, 52.11683169136792], [5.458371489537633, 52.1168361942341], [5.458653834291578, 52.11687829356165], [5.458798873549885, 52.11692515861386], [5.45886767353567, 52.117009648741806], [5.458873230664855, 52.11703346352378], [5.458883036353198, 52.11707538651184], [5.458856551008704, 52.11713851630003], [5.45882983288252, 52.11720220347853], [5.458730789706612, 52.117286795774554], [5.458585914786135, 52.1173432384696], [5.458411669573887, 52.11737585364052], [5.458334223923157, 52.11739034419799], [5.458120645586118, 52.11741395877979], [5.4578765007092445, 52.11741410573466], [5.4576476721933025, 52.11744242035126], [5.457465063407461, 52.117505005080176], [5.457441788558004, 52.11751298233861], [5.457327484757964, 52.11759757357442], [5.457300132997965, 52.117640552456436], [5.457243754364844, 52.11772910872624], [5.457190523213849, 52.11783245732064], [5.457099185297964, 52.117973389336754], [5.457022935095083, 52.118006312680286], [5.456893261641823, 52.11802047376221], [5.4567788162247215, 52.11801584080279], [5.456593728407404, 52.11798888732213], [5.456464003786014, 52.117979571341884], [5.456341944368808, 52.117989035604495], [5.45622757181858, 52.11803136429525], [5.4561514517000615, 52.118139417574056], [5.456113518520539, 52.118280317497614], [5.456022531607636, 52.11865135886531], [5.455976889090178, 52.11873591756481], [5.455915916271984, 52.118773513993084], [5.455847292744687, 52.118801731398754], [5.455786269013977, 52.11881586016033], [5.4557284795281555, 52.1188158938454], [5.4556489350311095, 52.11881594016498], [5.455595518535083, 52.11881127052364], [5.455473363361273, 52.1187502951016], [5.455358815452905, 52.11868931514423], [5.455106827417587, 52.118548583224424], [5.454885391762664, 52.11843130980263], [5.454549475855019, 52.118285924240894], [5.454384952767595, 52.11821517503691], [5.454356191537844, 52.118206643888975], [5.454323725872462, 52.11820082023199], [5.454303153068287, 52.11820034662071], [5.4542849470030905, 52.11820084235824], [5.454245377559999, 52.11820914285725], [5.4541986918488155, 52.11822328958796], [5.454153584419161, 52.118238406104055], [5.454115599085796, 52.11825157714585], [5.454098996877075, 52.11826034987697], [5.454087122296832, 52.11826716952417], [5.454080810504199, 52.11827398600681], [5.4540792490050265, 52.118293949211], [5.454076830979733, 52.118356102506496], [5.454079259065096, 52.118524437105016], [5.454088158963552, 52.11866605572658], [5.454099282549507, 52.118820283222156], [5.4541114745489905, 52.11892753889694], [5.454034037202896, 52.118940552589926], [5.454035502101363, 52.118982714393475], [5.453763926681011, 52.11900123086565], [5.453127205938932, 52.119043042103264], [5.452996250264212, 52.11905197759444], [5.452577483738903, 52.11908055025281], [5.45232873949407, 52.11909683967953], [5.452368740607346, 52.11906344513391], [5.452433748764864, 52.11900736900905], [5.452512550210837, 52.118908547321446], [5.452572096421974, 52.118802105485386], [5.4526423440797736, 52.11864557661045], [5.4526991715625055, 52.11848785976251], [5.4527092613416555, 52.11845858926248], [5.452691575482484, 52.118445548558206], [5.452597243715267, 52.118437314130524], [5.452528521589781, 52.11842922718751], [5.4524804628490156, 52.118423573468], [5.45202238770054, 52.118415539933295], [5.45176194051792, 52.11842397013046], [5.4515329096332215, 52.118429614270184], [5.451501482617674, 52.11843515906945], [5.45146559313248, 52.11845451184447], [5.451452176542064, 52.11849594479946], [5.451456742548833, 52.11855394177246], [5.451456862026574, 52.11863680194095], [5.451439014739374, 52.118714144313586], [5.451398671780201, 52.11876388787636], [5.451358295570084, 52.118810881119806], [5.451240135780825, 52.118843859525796], [5.451038209170188, 52.11888537696218], [5.45049943629755, 52.118973283083086], [5.45041973887474, 52.11898923468895], [5.4502633127962135, 52.119024659436576], [5.450143682530115, 52.11905124707376], [5.4500357102246495, 52.119051511542665], [5.44996219531648, 52.119041115753355], [5.4499056171708435, 52.1190098587643], [5.449848999981344, 52.118950774969285], [5.4498206303660846, 52.11887777169517], [5.4497979503837355, 52.11883258319688], [5.449769649280085, 52.11880825879723], [5.449741367735116, 52.11879784778044], [5.449673513525767, 52.11879440550001], [5.449515232473591, 52.11880839389868], [5.449057349921509, 52.118846888524075], [5.448716204307802, 52.11887844454738], [5.448467485636625, 52.118902913867984], [5.448303553358033, 52.1189169125718], [5.448207427336828, 52.11891000578618], [5.448173486097672, 52.11889264063013], [5.448139521098605, 52.118857883726804], [5.4481209711011696, 52.1187672585044], [5.448116752509401, 52.11874663326556], [5.448105347036406, 52.118670142437196], [5.448082697398933, 52.11864581470479], [5.4480261400499295, 52.11862846121398], [5.447958286229625, 52.118625017946215], [5.447896121150501, 52.118638963453286], [5.447833960341247, 52.118666804349594], [5.447771851883997, 52.11872247198622], [5.447743674791073, 52.11878854818451], [5.447728513079042, 52.11883772026525], [5.447698640200235, 52.11893460813441], [5.447647993001945, 52.11909805371012], [5.447608561156707, 52.119209336228145], [5.4475521398530535, 52.119292809643206], [5.447508115702407, 52.1193663988781], [5.4474975829176895, 52.11940544808056], [5.44750336730865, 52.119450403007384], [5.447507548000471, 52.11947554924068], [5.447504186005361, 52.119494326862345], [5.447492404441974, 52.119560080002366], [5.447488593185343, 52.119602936660776], [5.447484897135929, 52.11964461583385], [5.447416309460124, 52.11971508980345], [5.4474053860683, 52.11973532734697], [5.447363046861032, 52.11981373321814], [5.447340285597101, 52.1199123610099], [5.447378526903194, 52.119978079549234], [5.447432007424287, 52.120029715089224], [5.447508387035578, 52.1200954140422], [5.447588717453776, 52.12013490195923], [5.447622906872995, 52.120151709897954], [5.447699327082371, 52.12023619358818], [5.447783356633487, 52.120311289854], [5.447875029280758, 52.12039107384204], [5.44796674529359, 52.12051311922647], [5.448055943593593, 52.12067295131539], [5.448109464238089, 52.12075275485623], [5.448185899252477, 52.12084663065634], [5.44821644178707, 52.12086539969255], [5.44827750761369, 52.12088884459634], [5.448361442671334, 52.12089350168238], [5.44839955731957, 52.12086530452959], [5.448575012131974, 52.12083703575916], [5.448628404419004, 52.12082292371184], [5.448742823745393, 52.12080407900157], [5.448880111846503, 52.1207664373053], [5.449032592908828, 52.12068182525651], [5.449158959624803, 52.1206344010647], [5.4492079943276615, 52.120615994794896], [5.449398665141087, 52.12056893189006], [5.449573371253174, 52.12058078437929], [5.449673370250169, 52.1205875711493], [5.449888281197985, 52.120511265654024], [5.449925028759275, 52.12049821348437], [5.45005213327311, 52.120457313214715], [5.450100441387629, 52.12044176513967], [5.4504205876985425, 52.12022558528053], [5.450656857450713, 52.120047010614485], [5.45085506792997, 52.11992480174227], [5.451106585654258, 52.11974152618277], [5.45135048530779, 52.119572338406606], [5.451685931587609, 52.11939370751307], [5.451800319716448, 52.119346682516756], [5.451891867064708, 52.11934663219211], [5.451909172119908, 52.119358774425606], [5.4519259191650375, 52.11934861777556], [5.4520582281782, 52.11927562536585], [5.452080986027133, 52.11926225666819], [5.452127632234545, 52.119309984083145], [5.452143468548545, 52.11932617168598], [5.45219026044059, 52.11938359702995], [5.4522318871320765, 52.11946336035094], [5.452268284058086, 52.11951121920782], [5.452299553680968, 52.11959737868968], [5.452315202223861, 52.11965482121715], [5.452294542849436, 52.119715474578484], [5.452273868817927, 52.11977612794375], [5.452222022835811, 52.11981765413942], [5.452170163420709, 52.11984001793923], [5.45211311065096, 52.11986558430479], [5.452082018448855, 52.11989113632287], [5.452087271530781, 52.11993901241051], [5.452118503905474, 52.11999963709527], [5.452139317129886, 52.1200443048674], [5.452139105896638, 52.120059665446796], [5.452139183591115, 52.120062883101795], [5.452190651482616, 52.120182349901704], [5.452175482315993, 52.120243404661856], [5.45209923144235, 52.12028101653281], [5.452007723158514, 52.12030924432142], [5.450260801351884, 52.12053090295322], [5.450070057379106, 52.12053570580086], [5.449933151929504, 52.12059501870519], [5.449787913860145, 52.12065794905378], [5.449783952382604, 52.12068591277358], [5.449765257839963, 52.120817623617036], [5.449803541685657, 52.120920920089354], [5.449857111969851, 52.12103359185594], [5.449903020932124, 52.121118099348806], [5.449994737353563, 52.12123544242925], [5.45010927122378, 52.12128704412792], [5.450210415728201, 52.12128698997598], [5.450269493346817, 52.12128695830615], [5.450414411547238, 52.12124461001978], [5.450498287459875, 52.121207004129616], [5.450602075641017, 52.12119738500669], [5.450948205115549, 52.121188326747706], [5.451034695187015, 52.12116164844336], [5.4512077916296375, 52.12117930562003], [5.451424139542658, 52.12118806779272], [5.4515971959862215, 52.12118797315674], [5.45177027988511, 52.12119674938907], [5.451856861366552, 52.121223333207666], [5.4522318804878, 52.121249757818944], [5.45249148010944, 52.121249613983025], [5.452635646743255, 52.12121403133237], [5.452816272697096, 52.12123773985732], [5.4528375949882255, 52.121240541197295], [5.453010718676598, 52.12127595596264], [5.453169363792313, 52.121275867082375], [5.45341453870328, 52.12126684917884], [5.453601982026709, 52.12124011211117], [5.4537173363577, 52.121222295664005], [5.453890274691301, 52.12113343242501], [5.454005615333228, 52.12110674456534], [5.454121913759019, 52.121095659183666], [5.454193070966468, 52.121088877687576], [5.454228310106393, 52.121083078337875], [5.454409352090161, 52.12105325176758], [5.454510185583439, 52.12097330892337], [5.4546254851358, 52.12091998010178], [5.454769623228421, 52.12085776346462], [5.454913773289423, 52.120813297907986], [5.455086802305819, 52.120786566774214], [5.455303040556822, 52.12072430784572], [5.455447148888283, 52.12065321925638], [5.455620081577199, 52.12056435347261], [5.455704959857893, 52.12055559471236], [5.455704944897471, 52.12055536103356], [5.455766127745649, 52.120557680234214], [5.455937366739822, 52.12056416847708], [5.456052773240224, 52.120581852241955], [5.456168221043195, 52.120626167261435], [5.456355701351347, 52.12062605718127], [5.456456654532343, 52.120625997782476], [5.456629737204847, 52.12063476688172], [5.456701908268572, 52.1206702357772], [5.456745199573162, 52.12068796145403], [5.4567886156417105, 52.12078557222738], [5.456846430312581, 52.120865432181915], [5.456832268398604, 52.12102521093362], [5.4568323793478095, 52.121096224911994], [5.4567315905341065, 52.12121168123099], [5.456486500184644, 52.12126507964778], [5.456342295153866, 52.121274044629885], [5.456284673496852, 52.12131846113965], [5.456328034105253, 52.12138056957897], [5.456328171787804, 52.121469334800324], [5.4564006187737535, 52.12169119646244], [5.456400797953104, 52.12180659304153], [5.4564874937601315, 52.12190417843747], [5.456588532756194, 52.121957381648656], [5.456689558147004, 52.122001704656334], [5.456718508064624, 52.12206382145803], [5.456704219978092, 52.122152595194194], [5.456675505258487, 52.122241377449285], [5.456545765117855, 52.12227695652964], [5.456401528442014, 52.12227704147585], [5.456228467793019, 52.122277143164645], [5.4559832330994515, 52.12225065544268], [5.455824908730007, 52.122271635986095], [5.455781360374761, 52.1222774047048], [5.4556948300487855, 52.12227745512576], [5.455622698088949, 52.122268625972204], [5.455600657760744, 52.12225508491771], [5.455564951872818, 52.12223314804149], [5.4554782856351824, 52.12214443309217], [5.45536264452389, 52.12197584970459], [5.45537692164898, 52.12187820499914], [5.455391184096374, 52.121780551310906], [5.455319026894164, 52.12174509059921], [5.455145926637002, 52.121727439461], [5.454972907502826, 52.12176304180706], [5.4548001035347795, 52.12194067184171], [5.454677659679864, 52.12195434995424], [5.454577609286964, 52.12205130672572], [5.454463250020436, 52.12213945438617], [5.454377496540882, 52.122218777379], [5.45436331953758, 52.122306867677395], [5.454349195568379, 52.12243019082245], [5.454420825718575, 52.12247419100553], [5.454549682102602, 52.12250935017023], [5.454592826058206, 52.12264144875384], [5.454593119126861, 52.12283523840335], [5.45457903429573, 52.122993794419564], [5.45463660881748, 52.12320515867933], [5.454679900421759, 52.12343414753603], [5.454680100507487, 52.12356627968546], [5.454608614915088, 52.12361916998559], [5.454551479312868, 52.12369847668003], [5.454408374384271, 52.123716174974085], [5.454330084950188, 52.12371183355004], [5.4542509339428635, 52.12370745661332], [5.454220315791479, 52.123709352551124], [5.454107815640802, 52.12371634633201], [5.453950322479932, 52.1236723947275], [5.453850042680297, 52.1236196022869], [5.453764089351867, 52.12355799343534], [5.453677990239498, 52.12340829343093], [5.45359203607646, 52.123355492671], [5.453477486611786, 52.12332913262124], [5.453277115849537, 52.123329245362676], [5.453134052266742, 52.123364558525104], [5.4529910518992395, 52.12345272977664], [5.452919590470157, 52.123523235475986], [5.452905501096759, 52.12367298305631], [5.4529057738522555, 52.12385795547967], [5.452891723669611, 52.12394524557507], [5.452877412947334, 52.124034135672936], [5.452877722511523, 52.12424415755585], [5.452873253552947, 52.124303193082184], [5.452835142024491, 52.12449219555056], [5.452835427469992, 52.12468597615834], [5.452821441239937, 52.124906198360144], [5.452821549226965, 52.12497952220551], [5.4528085279265985, 52.125131210544566], [5.452764639447272, 52.12520570938217]]]}}, {"type": "Feature", "id": "53341", "properties": {"OBJECTID": "53341", "LOCATIEGROEP_ID": "nl.imow-pv26.gebiedengroep.003000000000000000000506", "SYMBOOL_CODE": "vszt026", "GROEP": "waterberging", "9e750651-8e97-4bc6-b09e-fc30b5f3e83c_id": "4030", "LOCATIE_ID": "nl.imow-pv26.gebied.003000000000000000000506e64984", "DOCUMENT_URL": "https://omgevingsbeleid.provincie-utrecht.nl/home?d=/akn/nl/act/pv26/2022/omgevingsverordening/nld@1089&o=", "NAAM": "Waterbergingsgebied", "TYPE": "water en watersysteem", "LOCATIEGROEP_NAAM": "Waterbergingsgebied", "LOCATIE_NAAM": null}, "geometry": {"type": "Polygon", "coordinates": [[[5.439523918091253, 52.108488319154176], [5.439284244366924, 52.10850046056037], [5.439054311604789, 52.10849153829932], [5.438922207208254, 52.10846752665947], [5.438848806295974, 52.10843747611214], [5.438818147471543, 52.10842099660559], [5.438818045311381, 52.10842101462648], [5.438765593280512, 52.108392374926694], [5.438752309071567, 52.1083665582339], [5.438775068733111, 52.10830568151556], [5.438843524784247, 52.108263524696355], [5.439163124099158, 52.10820720880357], [5.4398937026676775, 52.10812261198674], [5.4406636027755155, 52.108013293733855], [5.441493080426613, 52.107900563452596], [5.4423377786325045, 52.1077878112032], [5.442442597176912, 52.10777350701297], [5.443060707078937, 52.1076891680673], [5.443524897881889, 52.10762340603298], [5.44373796097968, 52.10758116798974], [5.443783578818766, 52.10754837578696], [5.443787181787964, 52.10751192770939], [5.443765280491271, 52.10747285842408], [5.443721535963917, 52.10742890118021], [5.4436837734046915, 52.107405712315334], [5.4436539701944, 52.10739717904513], [5.4435882953747905, 52.10739472988316], [5.443234837253058, 52.10740048047597], [5.442681970055299, 52.10740632431223], [5.4424162228082205, 52.10742217846495], [5.442210698052547, 52.107434444597196], [5.441576276070256, 52.107451475501115], [5.44108688129402, 52.10747401812767], [5.4409142479724295, 52.10746623265917], [5.440842149558995, 52.107462975982976], [5.440785268440281, 52.10744145769556], [5.440724269166079, 52.10741838633222], [5.440678899935189, 52.107368191027184], [5.440698085029836, 52.10733563674407], [5.440751255402312, 52.107245399961805], [5.440986820210524, 52.107172750225565], [5.4413764676194365, 52.10711119218443], [5.4416482960591255, 52.10704410595], [5.441829525359555, 52.107016123090666], [5.441927272897803, 52.106974391262696], [5.441947289234059, 52.10696584333862], [5.441965343034447, 52.1069044558648], [5.441947172686112, 52.10687098402483], [5.441874623938556, 52.10684497955779], [5.441838364198714, 52.10683198179474], [5.441493946694834, 52.1068265598676], [5.441013608718814, 52.10684909800991], [5.440344323271414, 52.10686646181465], [5.440001357377125, 52.106866616418614], [5.4396987808444806, 52.10689159482308], [5.43939624031002, 52.10696004739705], [5.439144109280182, 52.10699741438817], [5.439053317054218, 52.10699745448849], [5.438979098881731, 52.10694042239661], [5.438973611424086, 52.10694123373465], [5.438962402332688, 52.10687950009171], [5.4390026756346606, 52.10681738424187], [5.439012696991318, 52.10676148344192], [5.438982372983878, 52.10670560941523], [5.438941969930035, 52.106655941540055], [5.438891466054367, 52.106606278094645], [5.4388812932948944, 52.1065317630461], [5.438881206850728, 52.10645724355992], [5.438895095589659, 52.106425815395326], [5.4389113863987335, 52.106388912478565], [5.438971781476334, 52.10627089139118], [5.439022118770119, 52.106190138964735], [5.439042190036313, 52.10610318017515], [5.439010321001888, 52.10601119303676], [5.438785444480904, 52.1059836089285], [5.438236810037007, 52.10596170207503], [5.437891002612388, 52.10592147766671], [5.437715106460991, 52.105901015836565], [5.437634093847568, 52.10583460233471], [5.437616008715406, 52.10575709755944], [5.437606935873478, 52.10568511653619], [5.437579905378997, 52.10563528965267], [5.437525880030738, 52.105579946706605], [5.437471773574772, 52.105452609863256], [5.437471026779186, 52.10545049800201], [5.437282308016353, 52.104915585649955], [5.436842206260993, 52.104969152189184], [5.436178986860131, 52.10504987319619], [5.436132693921032, 52.1050555010017], [5.436095332663894, 52.105060055499514], [5.436230699914625, 52.105486354019206], [5.4361910521660315, 52.105482622562114], [5.435996842481111, 52.105464304947425], [5.4357539879140635, 52.1054367225206], [5.435566414316502, 52.1053460210625], [5.435497919654965, 52.10513590971909], [5.435440901662479, 52.1050098494297], [5.4352815153430045, 52.10491885730591], [5.435099539570949, 52.10496796121003], [5.435042748623095, 52.10505204016562], [5.434982703700526, 52.10504198905273], [5.434975017481902, 52.10500673223979], [5.434949128943129, 52.10488892800962], [5.434951004156038, 52.104800062850465], [5.434951178669325, 52.10467692712083], [5.434960019305782, 52.10457736340145], [5.434977728158538, 52.10436323496465], [5.43501832183145, 52.10395747293127], [5.435043517534098, 52.10375669759144], [5.4351036969394855, 52.10317406151858], [5.435086537256869, 52.103164873784365], [5.435094336314113, 52.103060942283605], [5.435113033750676, 52.102857904571], [5.4351578003294945, 52.10237194069476], [5.4352483294820555, 52.10127067491463], [5.435256722473368, 52.10116326476836], [5.435308591113142, 52.10049944304547], [5.435320697881067, 52.10034448478354], [5.4353233371164595, 52.10032875468351], [5.435369682663541, 52.10005226447063], [5.435393594777963, 52.0999096149237], [5.435450107326641, 52.0997233511378], [5.435475847575227, 52.099638511707425], [5.435481558554396, 52.099629251708045], [5.435622336660928, 52.09940126676478], [5.435638720764975, 52.099382924464955], [5.435716195252844, 52.099296203113845], [5.435869656549413, 52.09912444162966], [5.435936558135967, 52.09905911598007], [5.436045096026081, 52.0989531291923], [5.4360895169594725, 52.098909752539086], [5.436183975381415, 52.0988477857792], [5.436198602777204, 52.0988381894689], [5.436449017565867, 52.09867390071429], [5.436747791597777, 52.09849323285107], [5.436929321243903, 52.09838346642729], [5.43786955089704, 52.09781490531714], [5.43874959098887, 52.097287600086254], [5.439773312941567, 52.096674172759585], [5.440031083802485, 52.096519714915026], [5.440133150415212, 52.096458550463005], [5.440430869730298, 52.09627495255855], [5.441313411712814, 52.095730684485765], [5.4414189431547975, 52.09566558955163], [5.441453780847431, 52.09564481114965], [5.441453400857589, 52.09564434394817], [5.441863478469296, 52.09539143778324], [5.442174659029905, 52.09520098030404], [5.4430638712990955, 52.0946567228576], [5.443450177694508, 52.09441846390811], [5.443485377108661, 52.09439674997355], [5.443593157287603, 52.09429165531027], [5.443769306462016, 52.09411989047181], [5.443831832493706, 52.0939679088827], [5.4438656289879575, 52.09389909828108], [5.443909991269031, 52.09378510877819], [5.443943465546247, 52.093669713395236], [5.444030491852988, 52.09331231660477], [5.444034047385652, 52.09329694536851], [5.444043311944064, 52.09326136629817], [5.444074188048334, 52.093123088621525], [5.444079934830614, 52.09309818901971], [5.444081907041678, 52.093088516953586], [5.444133052272966, 52.09285940548149], [5.444140147292648, 52.09282763837348], [5.444145984653141, 52.09280516548934], [5.444163573141117, 52.09280899485015], [5.444427357125871, 52.09286649788397], [5.444689084587415, 52.092912919101906], [5.444846133230793, 52.09295223666856], [5.445003233892032, 52.0930202078142], [5.445090661046975, 52.09318131102247], [5.445090744748194, 52.09324577307279], [5.445061793019979, 52.09333531701413], [5.4450560403822665, 52.093389041250774], [5.444986366395158, 52.09347144175975], [5.444934107592109, 52.093525179860286], [5.444817893940301, 52.09359328520503], [5.444719150260335, 52.0936864404873], [5.44462037924917, 52.093747364655876], [5.444498328312257, 52.09380472286186], [5.444405379170732, 52.0938656529981], [5.444341474353985, 52.093919396500674], [5.444300858296871, 52.09398387832673], [5.444283533983011, 52.09408416608753], [5.444296291367297, 52.09425776350091], [5.444337165527569, 52.09438308157392], [5.444401212647783, 52.0944510987148], [5.444505982919289, 52.094526250432565], [5.444628201890634, 52.09459781629914], [5.444756201440804, 52.094647888852414], [5.44490742048654, 52.09466571882875], [5.445081867380863, 52.09466921026972], [5.445244693779757, 52.094669129960714], [5.445395889721007, 52.09466905518663], [5.445587724517424, 52.094611661410084], [5.4457040049565135, 52.09460444911851], [5.4457912499560726, 52.09461156011872], [5.445884335916188, 52.094643744712805], [5.445913418902028, 52.09465447985851], [5.445954189413541, 52.09469743120504], [5.44598331493513, 52.09474038836229], [5.445956889678813, 52.09479753841658], [5.445936925133768, 52.09484068190139], [5.445873058932151, 52.09491233932933], [5.445803346425548, 52.09496609550296], [5.4457219938000545, 52.095012693980415], [5.445687144432061, 52.0950449333772], [5.445559311465215, 52.09512378590001], [5.4454256981012445, 52.09522412251191], [5.4453420290775405, 52.09533031243633], [5.445237530577891, 52.095466451677204], [5.445162031678356, 52.095538114455984], [5.445154641634153, 52.09554476923411], [5.445086513287184, 52.09560619097588], [5.44506912566905, 52.095645594022784], [5.445071095257835, 52.09567894758823], [5.4450878079772105, 52.09571542172267], [5.445107838913483, 52.09574492850562], [5.445139873237964, 52.09579165041021], [5.4451799128772755, 52.09583344292281], [5.445227915855427, 52.09586047316459], [5.445295911564591, 52.09588749350528], [5.445391903544188, 52.09591942538144], [5.44549586700261, 52.09593166946652], [5.445595819098556, 52.095934082561726], [5.44573972114995, 52.09592170637556], [5.4461072250352105, 52.09586876308394], [5.446443683505955, 52.09580118382945], [5.446662790502572, 52.09577217670145], [5.447022747135265, 52.095719027646474], [5.447382707815044, 52.095680321234674], [5.447852227894638, 52.095627113492604], [5.448079182771894, 52.09560773483558], [5.448125379783263, 52.09561491928937], [5.448160609872989, 52.095627286512126], [5.448185791881052, 52.095655118329915], [5.448190873078107, 52.09568916230688], [5.448155714862995, 52.095729410915155], [5.448139492808657, 52.09575481047836], [5.447904274603222, 52.09578279505222], [5.447024319112338, 52.09588999692611], [5.446573089951786, 52.09593927335177], [5.4465053767992035, 52.09594977857981], [5.446121589182059, 52.09602671130831], [5.445813961002319, 52.096091381123436], [5.44557641598006, 52.09613916281144], [5.445379370818514, 52.09617879881023], [5.444786693031896, 52.096302882681364], [5.444544317483154, 52.09635229148466], [5.444459449775222, 52.096369284265805], [5.444398969198847, 52.096376216515495], [5.444302448280859, 52.096387273775505], [5.444128012150244, 52.09640883976567], [5.444011707622151, 52.09641248226736], [5.443893746606154, 52.096410292230374], [5.443812298398988, 52.0963852639161], [5.443742490255132, 52.09636738440705], [5.44369011766114, 52.09633517856532], [5.443649352371667, 52.096295812663435], [5.443567890916811, 52.09626003451775], [5.443486443165784, 52.096235005977604], [5.443381769903131, 52.09623864228619], [5.443271310996602, 52.096260176404684], [5.4431260211471795, 52.09634261182904], [5.442945839180266, 52.09641432295039], [5.442806317386407, 52.096453783533384], [5.442626094380754, 52.096493263155665], [5.44238767514394, 52.09651127950037], [5.442155100556564, 52.09654719675857], [5.441998129704928, 52.09657950109354], [5.441928387955507, 52.09661535084278], [5.441893534613412, 52.09664759809799], [5.4418861641414304, 52.09668264580462], [5.441896193358539, 52.096709290605375], [5.4419262181460635, 52.09673796637389], [5.441969537128085, 52.09675434932059], [5.442056167060243, 52.09676865378441], [5.442142766735444, 52.09675836698597], [5.44246582114172, 52.09668647314476], [5.442688967486678, 52.09664947217683], [5.442915438202499, 52.09661041994208], [5.443124370969351, 52.09657435065292], [5.443278285136339, 52.096549011989225], [5.4433946198107765, 52.09655737818749], [5.443432783959816, 52.09658238256991], [5.443442427703672, 52.09658039160308], [5.443466671287565, 52.09665285037582], [5.443473453649147, 52.09667312409358], [5.443487203443031, 52.096721535953556], [5.443483820462072, 52.096746793900145], [5.443463319335354, 52.09677206903165], [5.44341545804522, 52.09679946044678], [5.443072213347535, 52.096946344522514], [5.442596354769332, 52.09714049524498], [5.442160696926053, 52.09732223975732], [5.441718351627036, 52.09750399474365], [5.441490474559387, 52.09760313020146], [5.4414100397308465, 52.09763204582985], [5.441356433174465, 52.097665083528106], [5.441336353021211, 52.097689845774426], [5.441336408153237, 52.09773523522435], [5.441403492189505, 52.09776820828864], [5.441457158649831, 52.09777231800735], [5.441551252865579, 52.09777878184475], [5.441793751688297, 52.097737603188484], [5.442038326576924, 52.097676110150054], [5.442273880239033, 52.09763693807315], [5.442600032212371, 52.097586559732804], [5.44294435074575, 52.097569661217804], [5.4434336572632205, 52.09756384653324], [5.443669272736203, 52.09757489666596], [5.44383245080136, 52.09762503418405], [5.44399563597356, 52.09769191614458], [5.444104502457454, 52.0977923045488], [5.444195265270908, 52.09790943731587], [5.444240743408655, 52.09803775511342], [5.444298880195801, 52.098170318072086], [5.444304354333061, 52.0981828087524], [5.444313624493387, 52.09834461546931], [5.444250363250256, 52.09847298604931], [5.444096408321857, 52.0985511845022], [5.444014984726191, 52.09865166494842], [5.4439969512822195, 52.0987242069355], [5.443997043715594, 52.098796749148356], [5.444096807176235, 52.098863661591786], [5.444214675496324, 52.0989138204993], [5.4444141179434355, 52.098980684272995], [5.444595370523833, 52.098986177450975], [5.444676958907383, 52.0990140363709], [5.444794785027837, 52.099030723356805], [5.445066718453944, 52.09909755047829], [5.445320504827278, 52.09913647816673], [5.445519906119443, 52.0991698597394], [5.445601517351564, 52.09921446267566], [5.445619709253979, 52.09926466966325], [5.445619775075, 52.09931489464666], [5.445612258578967, 52.099325710962006], [5.445592637041787, 52.09935397003648], [5.445556413957723, 52.099376305263206], [5.445338987499285, 52.09940989336618], [5.445112490277877, 52.099449067093545], [5.444922201563218, 52.09946589638424], [5.4447229146064515, 52.09952179167459], [5.4445779699616885, 52.09954976131852], [5.444423271945164, 52.099631358015166], [5.444305537316364, 52.0996872128617], [5.444142557915694, 52.099798896087876], [5.444106440954757, 52.099893773060224], [5.444115639519296, 52.09999979119362], [5.4441109634522595, 52.10005239130279], [5.444106704534961, 52.10010022756314], [5.444007165875585, 52.10021187985812], [5.443762664369525, 52.10035150071221], [5.443527154116088, 52.1004353101857], [5.443264460618672, 52.10051355060346], [5.443202998320725, 52.10053362317317], [5.443110461940921, 52.10056384897483], [5.443047103206935, 52.10061967667232], [5.443010884814406, 52.100647592663826], [5.4429837297198596, 52.100675504342185], [5.442974743186619, 52.10073688773241], [5.442992932770184, 52.10078710410139], [5.443029249135482, 52.10083730286912], [5.443056474227366, 52.1008651887168], [5.443165963075476, 52.10089883267754], [5.443183381445769, 52.10090419022344], [5.443301204966384, 52.100915297145775], [5.443509619684585, 52.10090403436142], [5.443708985505292, 52.100892775559885], [5.443799618957896, 52.10090389505464], [5.443926484323755, 52.100909415442544], [5.443990041808764, 52.100998662654774], [5.44400736737132, 52.10105705837226], [5.444008753587052, 52.10105682401393], [5.443999254539732, 52.10111583489201], [5.443954001330612, 52.10116608175426], [5.443745627966858, 52.10121081665291], [5.443591613787484, 52.101238798425435], [5.443301668523539, 52.101283571651024], [5.443182502085486, 52.101319571528705], [5.443154807353051, 52.10134802278102], [5.443150241737126, 52.101384983650725], [5.443168765413804, 52.10142194251414], [5.443215002066176, 52.10143329031736], [5.443335148130591, 52.10143323299025], [5.443478398322556, 52.10142179464685], [5.443617047208004, 52.10141887897138], [5.443718730394543, 52.101430208935106], [5.443788070940646, 52.1014529242206], [5.443815855631994, 52.10149555894462], [5.443815898971036, 52.101529677408], [5.443802077016957, 52.10156380254975], [5.443774378911071, 52.10158940474925], [5.443705095840505, 52.101612186732204], [5.443608071068115, 52.101637822203756], [5.443538795029448, 52.101666293495256], [5.443451026914207, 52.101694764610244], [5.44342336080591, 52.10174595557351], [5.443428026663203, 52.10178860144469], [5.443502041192828, 52.10183690352283], [5.443603746889983, 52.101865292815624], [5.443656906434649, 52.10186844904595], [5.443837042039424, 52.10183573590161], [5.44395475448263, 52.10175755534052], [5.444226567918087, 52.101707207758075], [5.4443801116240875, 52.10167560321947], [5.4444168231812595, 52.101668053401056], [5.4446795934001635, 52.101645607956165], [5.445337138902181, 52.10159571567021], [5.445518730583309, 52.101595625707844], [5.445627142655579, 52.10159557186605], [5.445853709139411, 52.1016122036838], [5.4461165592739675, 52.101639971004175], [5.446334121620876, 52.10169007775879], [5.446578852838236, 52.1017234347162], [5.44683258859919, 52.101723306262365], [5.447022871608113, 52.10170647389942], [5.4473490855718145, 52.10168399019642], [5.447566551279185, 52.10166155250076], [5.447793065144913, 52.10162795561988], [5.448073936990411, 52.10157759449194], [5.4482188936484475, 52.101555193119204], [5.44830951426243, 52.10155514604407], [5.448409229051341, 52.10157742038053], [5.448472727417294, 52.101616449189905], [5.4484762951353485, 52.10162119299932], [5.448527193803002, 52.101688954025114], [5.44855447660315, 52.10175590045975], [5.4485999250601616, 52.10185073618167], [5.448690715596623, 52.101973446956094], [5.448763302316422, 52.102040369632704], [5.448844968322596, 52.10211845061036], [5.448854109125297, 52.10217424337637], [5.448863265391689, 52.102241199239984], [5.448790863219176, 52.10230819786193], [5.44868215990653, 52.10234173509802], [5.448519104245541, 52.10238645471661], [5.448274459689896, 52.10242006240878], [5.4481537409915575, 52.10245158309675], [5.448087605910803, 52.1024596526508], [5.4480911346942165, 52.102467928778715], [5.448038916544601, 52.10248156366093], [5.4478486306315625, 52.10249840665055], [5.4476040076359675, 52.102548748610424], [5.447205322322116, 52.102593596243665], [5.446779697793219, 52.102652881938454], [5.446698183384124, 52.102686403557534], [5.446625747492287, 52.10273108363655], [5.4465533191444875, 52.102792499337546], [5.4465262463898005, 52.10287062778069], [5.446508230187168, 52.1029543421881], [5.446544611698336, 52.103049183257504], [5.446599128756736, 52.1031607508208], [5.446662732294228, 52.10328905841812], [5.446735355063882, 52.103372717979894], [5.4468079411296975, 52.10343964184564], [5.4469439075254265, 52.10345631747504], [5.447161427096247, 52.10346736083499], [5.447397059533415, 52.103467240402644], [5.447687022968758, 52.10343919278134], [5.448176370223679, 52.10341662274422], [5.448447274772449, 52.10335950693348], [5.448547838755448, 52.103338305714445], [5.44872001564011, 52.10333264317084], [5.448855974690564, 52.10334372605827], [5.448937558236295, 52.10336042789843], [5.448991995702379, 52.10339946117602], [5.448999206705499, 52.10341053061029], [5.4490464805915595, 52.103483128846484], [5.449037563749304, 52.10358915606743], [5.449037749507415, 52.103723068282896], [5.449010703750424, 52.103817941928334], [5.449065204677127, 52.10391277268015], [5.449092505140831, 52.103990882061375], [5.449047324418264, 52.10409134680923], [5.4490112530889245, 52.1042141239676], [5.449011369141995, 52.104297820217624], [5.44912034915417, 52.1044707460248], [5.449165739517621, 52.10452093809544], [5.449220295042365, 52.10464366750508], [5.449231001350615, 52.10466996076], [5.44924756609004, 52.10471061375437], [5.449157032146354, 52.1047776221415], [5.449003024532396, 52.104816765076784], [5.448667739744, 52.104850421183464], [5.448414002287929, 52.10487287079882], [5.4482146344986, 52.10488413754689], [5.448060641566551, 52.10494559645814], [5.447988195752488, 52.104984686823386], [5.447933969508064, 52.10509073735494], [5.447952227271084, 52.10518558732073], [5.448088283887952, 52.10527479477628], [5.448260574600533, 52.10533608449358], [5.448496232990996, 52.10535828805654], [5.448777196853159, 52.10535814122364], [5.449021880322428, 52.105341268153396], [5.449284716449438, 52.10535229274352], [5.449529423107571, 52.10535216325942], [5.449819413099519, 52.105335264504234], [5.450073136741647, 52.105301657759576], [5.450449650582553, 52.10531399406812], [5.450531238307465, 52.105330685811154], [5.450549406538395, 52.10535858377671], [5.450558510481699, 52.1053864776365], [5.450513268240341, 52.105442299540144], [5.450477106051648, 52.105509279640394], [5.450449998928968, 52.10555951020601], [5.450404756376989, 52.105615332066456], [5.450386706790662, 52.10567114828533], [5.45042306708162, 52.105743661929374], [5.450468445617586, 52.10579386248334], [5.450541008230794, 52.10582730372605], [5.450622588986003, 52.105838413858265], [5.450894444984928, 52.10581594967914], [5.451003203003621, 52.10581589070875], [5.4511029272356675, 52.105826999649146], [5.4511845161410255, 52.1058436909384], [5.451211774834702, 52.1058994736277], [5.451202838622309, 52.10598876532047], [5.451057941002292, 52.10606137729744], [5.450871247058796, 52.106109393596554], [5.4506988479710765, 52.1061303390019], [5.450463757517033, 52.10615198301794], [5.450405069198929, 52.10616539772027], [5.450219125364045, 52.106207911924024], [5.450110500262462, 52.106302829483866], [5.450095268902535, 52.1063184857464], [5.450029052486386, 52.10638657830976], [5.449983855727044, 52.10647588028643], [5.449938665528042, 52.106559600691334], [5.449903947634747, 52.10658577430062], [5.449857185580029, 52.10662102321362], [5.449739408024376, 52.106654566233345], [5.449648770295164, 52.106660195962654], [5.449431233583468, 52.10663799410291], [5.449268031860805, 52.10659901851944], [5.449252161752015, 52.10658602125739], [5.449213597086738, 52.10655440383716], [5.4491047210321195, 52.10647076493736], [5.449042546370435, 52.10644431900407], [5.4489868272925435, 52.10642061098608], [5.448696769142518, 52.1064040184247], [5.448325236422292, 52.10644327404952], [5.447971840310522, 52.10649925478914], [5.447419037665855, 52.10654418267476], [5.446911579039444, 52.10660582060317], [5.446558165002993, 52.106650634012105], [5.44644947146994, 52.10668975070536], [5.446386071405128, 52.10672884450156], [5.446327969953181, 52.106779017804755], [5.446295543872601, 52.10680700477302], [5.446223167402872, 52.10690190050875], [5.4462232856471955, 52.10699118725899], [5.446259684819982, 52.10710834555401], [5.446368601552769, 52.107225467356436], [5.446504646122078, 52.10729235941033], [5.446704099593549, 52.10733690201961], [5.446976041140374, 52.107359081258345], [5.4471210696162995, 52.107375743080624], [5.447256995469836, 52.10735335650976], [5.447411051055409, 52.10734212359525], [5.4475017130925325, 52.1073532312338], [5.447538010163365, 52.10739227446276], [5.447538047931544, 52.10742017319904], [5.447510906148344, 52.10744808588249], [5.447293449860373, 52.10749841320679], [5.447184740312624, 52.10753753058034], [5.446740790712663, 52.107660514393224], [5.446441682618869, 52.107649511403245], [5.4461153213917495, 52.107593877916635], [5.445879579028235, 52.10752703522737], [5.445652836214666, 52.10740996264161], [5.445371655542348, 52.10724270959613], [5.445108729412111, 52.10718146036104], [5.444809660977973, 52.107198342978634], [5.444557879238277, 52.10723244075796], [5.444159198998122, 52.10731633090029], [5.443959861876893, 52.10736107073201], [5.443942800012556, 52.10736261591832], [5.4438111214985385, 52.10737454357585], [5.443832666864039, 52.10742069556946], [5.443956287581792, 52.107683516985816], [5.443963986463901, 52.10769987142887], [5.444029248551181, 52.10783616089534], [5.443980346229766, 52.107846026389566], [5.443651877293814, 52.107888284401916], [5.443186537050271, 52.10794744130008], [5.442686965269052, 52.10800662151406], [5.442173735374822, 52.10808263153482], [5.4417836740431635, 52.10814596302759], [5.441341629946225, 52.108208517255996], [5.440942259678058, 52.108265037346946], [5.440453181644494, 52.10834047156796], [5.439968977462698, 52.10841591055789], [5.439523918091253, 52.108488319154176]]]}}, {"type": "Feature", "id": "53346", "properties": {"OBJECTID": "53346", "LOCATIEGROEP_ID": "nl.imow-pv26.gebiedengroep.003000000000000000000506", "SYMBOOL_CODE": "vszt026", "GROEP": "waterberging", "9e750651-8e97-4bc6-b09e-fc30b5f3e83c_id": "4034", "LOCATIE_ID": "nl.imow-pv26.gebied.003000000000000000000506e64980", "DOCUMENT_URL": "https://omgevingsbeleid.provincie-utrecht.nl/home?d=/akn/nl/act/pv26/2022/omgevingsverordening/nld@1089&o=", "NAAM": "Waterbergingsgebied", "TYPE": "water en watersysteem", "LOCATIEGROEP_NAAM": "Waterbergingsgebied", "LOCATIE_NAAM": null}, "geometry": {"type": "Polygon", "coordinates": [[[5.57453775436034, 52.017388903739175], [5.574504889238559, 52.01744798124431], [5.574481624688056, 52.01748977722252], [5.574358792127649, 52.01753909298624], [5.574338460571516, 52.01754725062502], [5.574272512204593, 52.01755414159846], [5.5741866875400605, 52.01756310444853], [5.574001088925188, 52.01755819526356], [5.573840577341738, 52.01750120460917], [5.573838314717489, 52.017500093669874], [5.573713783002326, 52.01743895612974], [5.573642019211868, 52.01742064422318], [5.573511106213087, 52.01738723602754], [5.573413625879546, 52.01737827643961], [5.573194685771471, 52.01740565026433], [5.5728879678136725, 52.017392616784434], [5.572493570244129, 52.0173662115027], [5.5724558093045236, 52.01735174614895], [5.571814862294997, 52.016715943914164], [5.5717457402301145, 52.0166241665814], [5.571467507142385, 52.016349179088856], [5.57134986391804, 52.01623290394387], [5.571104646204654, 52.01601141526143], [5.571073798240183, 52.01598080492747], [5.569554331947406, 52.01452388214887], [5.5694136549899875, 52.014114357448136], [5.569039659624048, 52.01370954384344], [5.5690781104299685, 52.01350759254881], [5.569103995992817, 52.01337161572194], [5.569116050638112, 52.01336289654431], [5.569281663411653, 52.0132430708562], [5.569366059839124, 52.01318201845937], [5.56982430805269, 52.012762405904844], [5.569936569836223, 52.01265901157194], [5.570214359031211, 52.01252328091306], [5.570399595696667, 52.0124449303733], [5.570601905514425, 52.01241339916268], [5.570787546432484, 52.01243391705389], [5.570956484244431, 52.01249089872365], [5.571133927141814, 52.012568683408126], [5.571277978031515, 52.01272977735226], [5.571438661987288, 52.01283360850855], [5.571540481584319, 52.01297915586596], [5.571557842003945, 52.013098823864084], [5.571642559096384, 52.01318715240409], [5.5717018746786335, 52.013254713169246], [5.571870866536955, 52.01332729686992], [5.572023120135099, 52.013431140461684], [5.572099404919175, 52.013519490911015], [5.572125007471976, 52.0135922996157], [5.572066378396241, 52.01369127044613], [5.572007691497153, 52.01377982406995], [5.571991317626339, 52.013899545002076], [5.572000073785603, 52.01397759332855], [5.572025912751162, 52.014107647207176], [5.57219522395495, 52.014253087879695], [5.572322229292144, 52.01437258320714], [5.572449120642706, 52.014460844755206], [5.572651739856885, 52.01450215850614], [5.57292646742816, 52.01457571538556], [5.5731206751139535, 52.01462224575266], [5.573230426506763, 52.01464809287862], [5.573289760947885, 52.01471564381559], [5.573374426703923, 52.01479357188704], [5.573459020722103, 52.01485068345637], [5.57361080649386, 52.01484003467328], [5.573745593820895, 52.0147981878284], [5.573838210279795, 52.01475640776508], [5.573964411068613, 52.01467814532457], [5.5740480137763715, 52.01450108078758], [5.5741656490677, 52.01439161589051], [5.57435966145236, 52.01439130727434], [5.5746212551898635, 52.01441691134531], [5.574739898733689, 52.01455202082369], [5.574856812414262, 52.014600927593385], [5.574925805022605, 52.014629786286406], [5.575137327361966, 52.01478556361525], [5.575382580495546, 52.014936082451854], [5.5755938139035806, 52.01501901046549], [5.575897736422955, 52.01508097285468], [5.5761594887684245, 52.01514299323795], [5.576368257511176, 52.01518330201621], [5.576480281322524, 52.015204927015645], [5.5766254868238585, 52.01518477547439], [5.57663202353407, 52.01518386613016], [5.576674363277885, 52.01522022689208], [5.5767504694531835, 52.015266941495426], [5.5768518269026695, 52.01529800291401], [5.576961486381267, 52.01529782601741], [5.5770541745739575, 52.01527685986351], [5.577079315236683, 52.015235186163984], [5.577087440449026, 52.01516231510192], [5.5770535787514435, 52.01513634907898], [5.576969104470319, 52.01510526059078], [5.5768255324226175, 52.015063868060196], [5.576749367883449, 52.01500674532053], [5.576715256729759, 52.014918329935135], [5.576596899892965, 52.01485607993182], [5.576453196964173, 52.01478345333541], [5.576343208971284, 52.01470556820292], [5.576266972357761, 52.014627637697146], [5.576207369884143, 52.01449763002787], [5.576156128559608, 52.014346801322894], [5.5761557332321185, 52.014253127449926], [5.576265082541478, 52.014180102733874], [5.576458925440722, 52.01414336195233], [5.5765767519658045, 52.01408072259238], [5.576627091729295, 52.01401819184068], [5.5766760526542685, 52.01400161970639], [5.57671974794338, 52.013986817715534], [5.576820970236914, 52.01398665454317], [5.576922258683845, 52.0140021035961], [5.577099430974883, 52.01401222590828], [5.577411473218386, 52.014001313324634], [5.57763076368898, 52.01399575428557], [5.577816547336425, 52.01404749469169], [5.577884410583513, 52.01413585504754], [5.577884787321581, 52.01422431582277], [5.577885053282387, 52.01428676506678], [5.577851524178155, 52.0143388608244], [5.57770841873654, 52.01440674655284], [5.57765832351802, 52.01452651391367], [5.577658655577587, 52.014604575465924], [5.577684223502748, 52.01466697473781], [5.577575052380741, 52.01478164258134], [5.577566269875987, 52.01478194441926], [5.5774148115177296, 52.01478710601519], [5.577271880685855, 52.014896615047725], [5.577238630045451, 52.01501115984211], [5.57726433016971, 52.015104783820696], [5.577332061333481, 52.01516191986226], [5.5774248596240446, 52.01516697393171], [5.577568366211395, 52.01519276240924], [5.577619074534253, 52.01521349686859], [5.57765327624505, 52.01532272839876], [5.577653409030044, 52.01535394402798], [5.5776200262267, 52.01543726430525], [5.5775358682728475, 52.0154842377915], [5.577358911094621, 52.015526157169674], [5.577232492929667, 52.015552373222064], [5.577089184029447, 52.015573421262566], [5.577077203678764, 52.01557882450796], [5.576996568917356, 52.01561520387826], [5.576903887481453, 52.01564137411244], [5.576897165680506, 52.01564330841921], [5.576794373954608, 52.015672775549355], [5.576642586124279, 52.01568342843765], [5.576507732832056, 52.015709666285915], [5.576457134453596, 52.01571495186381], [5.576423639183951, 52.01577225128434], [5.576423881087689, 52.01582948742728], [5.576440903713127, 52.015865889003464], [5.576491817736585, 52.01593866499695], [5.576534224103602, 52.01599063811286], [5.5765766159638765, 52.016042602248426], [5.576576902128295, 52.01611025558183], [5.576542013698933, 52.01614128491802], [5.576516631064476, 52.01616386805828], [5.576492220718701, 52.01618557777758], [5.5763031537052035, 52.01629976178692], [5.576251832890243, 52.01633076352889], [5.5762432445764425, 52.016335729804396], [5.5762388428534395, 52.01633861308742], [5.574556984777583, 52.017354358622086], [5.574544795955519, 52.01737627316445], [5.57453775436034, 52.017388903739175]]]}}, {"type": "Feature", "id": "53342", "properties": {"OBJECTID": "53342", "LOCATIEGROEP_ID": "nl.imow-pv26.gebiedengroep.003000000000000000000506", "SYMBOOL_CODE": "vszt026", "GROEP": "waterberging", "9e750651-8e97-4bc6-b09e-fc30b5f3e83c_id": "4035", "LOCATIE_ID": "nl.imow-pv26.gebied.003000000000000000000506e64995", "DOCUMENT_URL": "https://omgevingsbeleid.provincie-utrecht.nl/home?d=/akn/nl/act/pv26/2022/omgevingsverordening/nld@1089&o=", "NAAM": "Waterbergingsgebied", "TYPE": "water en watersysteem", "LOCATIEGROEP_NAAM": "Waterbergingsgebied", "LOCATIE_NAAM": null}, "geometry": {"type": "Polygon", "coordinates": [[[5.445723327921601, 52.16711485539014], [5.445548605707833, 52.16717314787995], [5.445373830349658, 52.16719114733166], [5.445177235285587, 52.167222594205384], [5.445075282080178, 52.16723159636024], [5.445038128299998, 52.16722146727917], [5.44494412536921, 52.16719584397917], [5.444973006016939, 52.167003272793416], [5.444914657713314, 52.16693613476923], [5.444761583948592, 52.1668376932628], [5.444637687525366, 52.16677506313125], [5.444528340871547, 52.16669451287215], [5.44433161776054, 52.16663639386216], [5.4440693295668, 52.16656935427498], [5.443814307194711, 52.1664799217192], [5.443457260593936, 52.16634127469671], [5.443078314387842, 52.16616233519603], [5.442662992529334, 52.16601923744919], [5.442305919912449, 52.16585372207465], [5.441921326330644, 52.16565123315868], [5.441194977533117, 52.16538146403968], [5.440572680734921, 52.16510590898148], [5.439909569380518, 52.16480529264708], [5.439368954029718, 52.16461118800632], [5.439001706333578, 52.16444835449811], [5.438858853749065, 52.16434811220064], [5.438746577532565, 52.16424785633144], [5.438654690464092, 52.16414759143511], [5.438562890822079, 52.16411001713711], [5.438440522775937, 52.164091258808774], [5.438267204586315, 52.164110145901915], [5.438073526562117, 52.16414157070325], [5.438012453466405, 52.16423563766287], [5.4379922366142885, 52.16438610409269], [5.437910817096364, 52.16451778521632], [5.4378599734431745, 52.16463692396076], [5.437788712072173, 52.164730995184584], [5.437762561471235, 52.16475398852761], [5.437717414789835, 52.16479371653455], [5.437656276032691, 52.16483135720229], [5.437617600526852, 52.16485516479802], [5.437544192910195, 52.164900360514174], [5.437462636514348, 52.1649129335396], [5.437408338943938, 52.16491295673385], [5.437406428215591, 52.16491644486023], [5.437330029599169, 52.16486283758088], [5.43729941107658, 52.164825236208344], [5.437299326327709, 52.16475000740269], [5.437309379262074, 52.16463088629073], [5.437370482680514, 52.16456190495865], [5.437523208037459, 52.1643737675889], [5.437645284920123, 52.164135490599065], [5.437746979090054, 52.16390348681249], [5.437848657924037, 52.16365894479258], [5.437909623362763, 52.16347084637553], [5.437919610359138, 52.16328276991798], [5.437802019278568, 52.16311853044578], [5.437587764868235, 52.16299324100197], [5.437391872466265, 52.16291055504606], [5.437098144882979, 52.16278656589909], [5.436843145486023, 52.16269890681334], [5.4364862143341695, 52.162617563509386], [5.4364516127320455, 52.162610477552384], [5.436302652069346, 52.16258002586985], [5.435782624737738, 52.16253008929828], [5.435507392343291, 52.16256781713137], [5.435373409732716, 52.16258846341991], [5.435018090028, 52.1626432460114], [5.434742948917881, 52.16278127717883], [5.4343048262962, 52.163051028116584], [5.4340807125627055, 52.16322665170398], [5.433876853744556, 52.16327688538876], [5.433858656603525, 52.16327576912238], [5.433672914326515, 52.16326442803649], [5.433499585821628, 52.1632582228582], [5.433336465300181, 52.16325828698531], [5.433163167621606, 52.16329596929594], [5.43311011659192, 52.1633972748525], [5.433091995547299, 52.16348406924487], [5.433143096798105, 52.16360316613482], [5.433214599748693, 52.163734793159044], [5.433424646223031, 52.16396813591105], [5.433428962773281, 52.16397293376053], [5.43371466295435, 52.164179695914235], [5.43397995065571, 52.16436139819911], [5.434174253733482, 52.16447528748605], [5.434204395232143, 52.164492963655476], [5.434510357824091, 52.16457433435949], [5.43474491964363, 52.164624392305846], [5.434887724698631, 52.16467448703552], [5.4350719638551634, 52.16472294690539], [5.435173294100212, 52.16474959971154], [5.435295676141139, 52.164780899561144], [5.435448662688242, 52.1648247248697], [5.435601656344995, 52.16487480556487], [5.435928062095891, 52.16498752300305], [5.435985591682814, 52.16504246024192], [5.43601991638669, 52.165075251881305], [5.436070979042825, 52.16515045950753], [5.436091444790836, 52.16520686813329], [5.436050782777524, 52.165326001848534], [5.435999905716873, 52.16542006350933], [5.435969403949067, 52.16550156957141], [5.435877720453837, 52.16557057181658], [5.435774983272963, 52.165596050094486], [5.435653973002558, 52.16560539352248], [5.435614419717839, 52.16560319878781], [5.435487545212489, 52.16559616848219], [5.435336249573449, 52.16557762553579], [5.435215174427918, 52.165540465079076], [5.435101645501858, 52.16548004969314], [5.434965407978027, 52.16539639169329], [5.434829156349145, 52.16531273354084], [5.434769646722378, 52.165264007190096], [5.434692890038128, 52.16520116776477], [5.434511222713868, 52.1650849733554], [5.434337482715034, 52.165000709543776], [5.43400090030496, 52.164894265321585], [5.433916773816704, 52.16488212914342], [5.4338275457036636, 52.164869257919726], [5.433460413942817, 52.164800438685354], [5.433043376624547, 52.16469488619826], [5.432996311033136, 52.16466356368527], [5.432861725491278, 52.16457403349469], [5.432657334148746, 52.164425290817874], [5.432536203094516, 52.16431371668275], [5.4323949377817, 52.16419302743007], [5.432362082766328, 52.16416495282268], [5.4322409196923145, 52.16403477340792], [5.432127328130619, 52.16390459996045], [5.431991035386251, 52.16375582107993], [5.431895551320167, 52.163652370563796], [5.43186230903602, 52.163616350644574], [5.4316747855289975, 52.163490887523274], [5.431562542226974, 52.16339062479516], [5.431491048828957, 52.16327780846836], [5.431450160009589, 52.163164980579076], [5.43140932126376, 52.16310229624077], [5.431409290265794, 52.16307112615806], [5.431409265158194, 52.16304587910996], [5.431445489844675, 52.16301018345148], [5.431453339639703, 52.162996968259066], [5.431562129323852, 52.16297685723437], [5.431704879541988, 52.162995614983956], [5.431806872492099, 52.16303319075559], [5.43197005731446, 52.163083281293055], [5.4321128479928955, 52.16312711482033], [5.432235242483948, 52.16317722056788], [5.432357611778991, 52.163202249911144], [5.432469807173694, 52.16323982118897], [5.432622747222276, 52.163246026771844], [5.432765479467418, 52.163245971535716], [5.432816425200719, 52.16321461091407], [5.4329182923794, 52.16311426619525], [5.4329811100189955, 52.162988060387804], [5.433060739667642, 52.16283836255992], [5.433101438094697, 52.162763117811004], [5.4331013280730875, 52.162656548120324], [5.433101069180901, 52.16240577633719], [5.433003913803786, 52.16229696155985], [5.432759147467809, 52.16221555423364], [5.432228793835542, 52.16203395996193], [5.432048110313931, 52.16199011406701], [5.43196518980216, 52.16196500646668], [5.431798677004644, 52.161929585459355], [5.431774096992121, 52.16193165301596], [5.431709341924689, 52.161934742433495], [5.431629671935557, 52.161959255663085], [5.431475301361037, 52.16202358651336], [5.431365753477698, 52.16207260289124], [5.4312661787413345, 52.162127727212635], [5.431156651559461, 52.16219817058374], [5.431106877309974, 52.16223185792718], [5.431072744990684, 52.162269655878376], [5.431057109500804, 52.162286963454925], [5.430997428015341, 52.162381871154565], [5.430952625531044, 52.16241861247104], [5.430902815210231, 52.16243088153319], [5.430833072649864, 52.16243090744373], [5.4307682987870445, 52.16241562504793], [5.430678609130743, 52.16238811029219], [5.430603844091877, 52.162348348414014], [5.430539034622634, 52.16229634127385], [5.430484198621434, 52.16225045119727], [5.4304243465889614, 52.162186200623545], [5.430374515310554, 52.16216172686278], [5.4303047612999364, 52.16214951092121], [5.430259925872545, 52.16215259223582], [5.430225066658329, 52.162164846545934], [5.430170319902818, 52.16221077685848], [5.430080675466268, 52.16224447833866], [5.429976067952019, 52.16225063722974], [5.429901324353635, 52.16223230209368], [5.429836509992074, 52.162174164808754], [5.4297467716007075, 52.16209462729262], [5.429680953382122, 52.16201026353948], [5.429646038589236, 52.161964365869004], [5.429644780137091, 52.16196271254656], [5.429611123868193, 52.161918468187785], [5.429556248420171, 52.16184502972194], [5.429491426348249, 52.16177772456978], [5.429391739555738, 52.16171654368771], [5.429307032874985, 52.1616859702052], [5.429212361817669, 52.1616737535539], [5.4291625577923215, 52.16167683622796], [5.429123019550054, 52.16168655729105], [5.4289457038383535, 52.16184709070654], [5.428843809997349, 52.161909826575354], [5.4285991789040935, 52.161978868317384], [5.428405465463136, 52.161985209968066], [5.428181154652424, 52.16196647669611], [5.42819110715111, 52.16169689859278], [5.427320121181894, 52.161624172366686], [5.427293841982096, 52.16162197929666], [5.427145151796255, 52.16220698162378], [5.424578731640151, 52.161491929532914], [5.4249659854708385, 52.16109036925773], [5.42555398585077, 52.160480618036274], [5.425601994963156, 52.160498766939035], [5.425686551907386, 52.16053072727573], [5.4260325215318055, 52.159716370719735], [5.4262026577660825, 52.15931588447133], [5.426147640451432, 52.15925393998888], [5.426056001032564, 52.15920890489211], [5.425808645968882, 52.159158294563134], [5.425629660565715, 52.15913084122068], [5.425625407361025, 52.159130186493634], [5.42553064226628, 52.15912008806442], [5.425432471866267, 52.15910962216257], [5.425414714386918, 52.15910773148902], [5.425088605008143, 52.159432346050174], [5.425019699025323, 52.159499750704484], [5.424877085496769, 52.1596429112092], [5.424241609614122, 52.16027545850436], [5.424136488609334, 52.16038010201366], [5.424101457731024, 52.160414770445136], [5.424004220837582, 52.16051099866354], [5.4239594370456965, 52.16052203187786], [5.423867843722191, 52.16053332237182], [5.423757924689977, 52.16052773019829], [5.423678385718247, 52.16051828166093], [5.423513812346804, 52.16049872101845], [5.423266424674264, 52.16043119910143], [5.422982445136603, 52.16042002410365], [5.422570252232038, 52.16044268168852], [5.422502399968978, 52.160445155807714], [5.422414541291246, 52.160448363910454], [5.422185493877763, 52.160414628805256], [5.421947308481345, 52.160375269521545], [5.421709152657383, 52.160392237044064], [5.421590087003613, 52.160426075544095], [5.421535167724471, 52.16046552162158], [5.421397775375643, 52.16049935629678], [5.421269534694212, 52.160499393577446], [5.421225975804102, 52.16048869260802], [5.421177914879731, 52.16047688741127], [5.4210770460488975, 52.16034172925196], [5.421012826019262, 52.16020092502845], [5.420884524580826, 52.160138999184454], [5.4207104330128475, 52.1600714598408], [5.420545517739063, 52.16002081492447], [5.42032563280384, 52.15998143817738], [5.420244280233714, 52.159948124906094], [5.4202156862571345, 52.159936412702486], [5.420133164348907, 52.15982378128113], [5.420041467334597, 52.159694246087504], [5.41999562110819, 52.15963229617556], [5.419876485712688, 52.159570375656706], [5.419748070146142, 52.15932819583508], [5.419688997661438, 52.15922432979931], [5.419616200041692, 52.15909636191628], [5.419579150226882, 52.15903121869456], [5.419374219799209, 52.15860705409131], [5.419232488919777, 52.15835406484716], [5.419215134826381, 52.15832308821057], [5.419203867141112, 52.158301996627536], [5.419094395480802, 52.15809698492844], [5.4190864057361265, 52.158082013218554], [5.4190316776428435, 52.157979529792094], [5.418930747011115, 52.15772045324996], [5.418865947683752, 52.157613181899045], [5.418835676894561, 52.15756307339612], [5.418787510043868, 52.1574381452311], [5.418728886220325, 52.15728032404868], [5.418660982606031, 52.157100736566356], [5.418648918744897, 52.15706886861716], [5.418629110831583, 52.15701766072559], [5.418591231328677, 52.15686998127436], [5.418475575646262, 52.156610674546336], [5.41845200351319, 52.156546578938425], [5.418374624742553, 52.156334529402464], [5.418300042472654, 52.15612919304837], [5.418288915212485, 52.156098547166984], [5.4182350955237535, 52.155951599822465], [5.418215003654302, 52.155889965931664], [5.418160483693547, 52.155743944489515], [5.418117202899839, 52.155621243729584], [5.4180378812636105, 52.15540548243765], [5.418006636243002, 52.15531669890631], [5.417966149962348, 52.15511351045272], [5.417911938372701, 52.154967120290806], [5.417844551321969, 52.15478509640516], [5.417828506186101, 52.154741778778266], [5.417690655598049, 52.15444854754739], [5.4175975708928314, 52.15425054065325], [5.4175716694746985, 52.15419546034087], [5.417296400273719, 52.15345763120156], [5.416969970822544, 52.15274321889617], [5.41693868495856, 52.15267475676668], [5.416746087891748, 52.15228050484854], [5.4167348374034825, 52.152259251221295], [5.416685944012693, 52.15216692150195], [5.416668694727566, 52.15213346376311], [5.416450396053426, 52.15170979128681], [5.416290247896096, 52.151432050039006], [5.416261901291363, 52.15125264891839], [5.4162240582424594, 52.15094014781619], [5.416245577233369, 52.15089044820002], [5.416261639840929, 52.150853333039855], [5.416487366905802, 52.150697021654764], [5.4164977069173545, 52.15068996354392], [5.416662650226788, 52.150577555070946], [5.416720032435025, 52.150540393509715], [5.4167482486888785, 52.150521880247695], [5.417022800926198, 52.150341683564044], [5.417260496075931, 52.15017408778272], [5.417364726078398, 52.150102984435], [5.417550131016448, 52.14998491603468], [5.417728858020476, 52.14990964064183], [5.417926424598636, 52.14988643614704], [5.418016859714224, 52.149898770842185], [5.41809580965875, 52.14990954459183], [5.418321671547057, 52.149961569994], [5.418547511178645, 52.150002018507756], [5.4189051018281535, 52.15004821929833], [5.419102709982523, 52.150082886141796], [5.419132246468833, 52.15009377148705], [5.419290948715258, 52.1501522846002], [5.419322827243233, 52.15016897546367], [5.419545100587675, 52.150285317170685], [5.41976297602175, 52.15040008678821], [5.420072221893186, 52.15056296084046], [5.4204958920197726, 52.15090429307362], [5.42083371467838, 52.15119040855067], [5.420844256174124, 52.151199339536525], [5.421154903329277, 52.15136708178859], [5.421432055575647, 52.15152452382949], [5.4218556729980465, 52.15177325745321], [5.422167326055926, 52.151928179934586], [5.422429454052983, 52.15198010575848], [5.422687264023195, 52.151985142257885], [5.422691559878951, 52.151985221850886], [5.422979008413294, 52.151979939591044], [5.423181939817714, 52.152005870686395], [5.423373998170304, 52.15208282927814], [5.423374202607874, 52.1520826764203], [5.424036193421341, 52.15241639930365], [5.424366024864669, 52.15254109282986], [5.424636614827995, 52.152587807053855], [5.424881865817844, 52.152665725901635], [5.425127099906805, 52.15272283718131], [5.425389213669753, 52.15274875433983], [5.425617489081994, 52.15274348487587], [5.425804292313807, 52.152750569037714], [5.42601430731574, 52.15280049070828], [5.4263259334215315, 52.15286704183075], [5.426678192291918, 52.15292940808131], [5.426955916446837, 52.1529584712751], [5.427159142208753, 52.15297923635283], [5.427335266897342, 52.1530041627663], [5.427423359480475, 52.15304996210274], [5.4274640441759345, 52.15310410045462], [5.42755889053706, 52.15312073153645], [5.427863703139385, 52.153145621871545], [5.428168499979969, 52.153137184174284], [5.428398764387538, 52.153116269634026], [5.428607172630771, 52.15313044224554], [5.428642623374873, 52.1531328475008], [5.428791659010837, 52.15315779027864], [5.4288729617357045, 52.153191088722195], [5.428913655112626, 52.15323689475773], [5.428902161629877, 52.15329015233106], [5.42890508557342, 52.15329180507271], [5.428878238315632, 52.15333315009481], [5.428885706214678, 52.153334405756034], [5.428825709842241, 52.1533660645436], [5.428785105084016, 52.153399406170124], [5.428697068738003, 52.1534160919309], [5.428629342108079, 52.153416115830176], [5.428548055540072, 52.15341614446317], [5.428338077217692, 52.15341205675608], [5.428216127780892, 52.1533829425415], [5.427741967488466, 52.153349779863625], [5.427342321858232, 52.15332492165527], [5.427098461958383, 52.15329167747642], [5.426874916755757, 52.153262596334535], [5.426746210970697, 52.15325846933058], [5.426590447730552, 52.15327518528669], [5.426468536612565, 52.15328772831382], [5.426366980029126, 52.1533335826912], [5.426204531470667, 52.15345860493564], [5.425994705879466, 52.15362947206842], [5.425839020734516, 52.153737827945655], [5.425683352690981, 52.153883681254996], [5.425554810831502, 52.154054511946505], [5.425507473204545, 52.154146177315894], [5.425500761335815, 52.15422532721486], [5.425507606056878, 52.154300302292675], [5.425555087661225, 52.15437527309514], [5.425636419013746, 52.15444190099575], [5.425778699050446, 52.15447517260846], [5.425995444027351, 52.15447510122605], [5.4263340924443275, 52.154450002455036], [5.426679557590059, 52.15446654149842], [5.427018254068265, 52.15449559302217], [5.427222247584016, 52.154517337411484], [5.427466480122758, 52.15456730773794], [5.42768357191593, 52.15461061786983], [5.427808428194734, 52.154667306591925], [5.427836752355219, 52.15472105360342], [5.427868223711949, 52.15478075851531], [5.427922617307538, 52.1549309099922], [5.427998679574349, 52.15503100014345], [5.428091088119039, 52.15520450694406], [5.428135819913902, 52.155318458299305], [5.428179332474249, 52.1554252376941], [5.428222795956702, 52.15547861082009], [5.428249971762933, 52.15552198605729], [5.4283042564624315, 52.15555200473478], [5.428434502564181, 52.15555529362091], [5.428570157576776, 52.15554523338612], [5.428646125891366, 52.155541872093565], [5.4287438065228395, 52.15555185015071], [5.428971783541904, 52.15561851368154], [5.429134610202563, 52.15566184041465], [5.429226879344417, 52.1556818325542], [5.429330027971146, 52.15572517135768], [5.4293976522433764, 52.15575217379222], [5.429438598145296, 52.15576851711004], [5.429471234734822, 52.155851940306185], [5.429471248485443, 52.15586640187653], [5.429471266210003, 52.155885042831756], [5.429471291848257, 52.155912006604794], [5.42942249384393, 52.15595207435245], [5.4293760084373615, 52.155949996858496], [5.429222625630767, 52.15594314908078], [5.4292000040111965, 52.155942141532456], [5.428934113158267, 52.155962261368316], [5.429005009142616, 52.15632933007079], [5.428854698237737, 52.156358396477074], [5.4282734104846755, 52.156470824354244], [5.428261707553719, 52.156473084414046], [5.428207160863539, 52.15617609742519], [5.427358592648663, 52.15629318862999], [5.427590857507384, 52.15689549780647], [5.427504006904383, 52.15690645694879], [5.427140180747957, 52.15695238366144], [5.426276393577772, 52.15704868316274], [5.425917957750774, 52.15706160963676], [5.425721106262087, 52.15708185224468], [5.425578966263959, 52.15713570049059], [5.4253821576426375, 52.15720639174306], [5.425289254686571, 52.15726695558003], [5.4251908973702285, 52.157357783450806], [5.425065206443836, 52.15747552989932], [5.425021531718377, 52.15754953256639], [5.425005146674423, 52.157579809171224], [5.424999752795066, 52.157663883953504], [5.425021689153783, 52.15773449501474], [5.425054533517576, 52.15777820169889], [5.425103797454753, 52.1578319965154], [5.425213207661946, 52.157882410378676], [5.42527181451315, 52.15790744973102], [5.425184728492458, 52.157902408734664], [5.425264883930905, 52.157920080010484], [5.425358883256282, 52.15794340013978], [5.425486747539481, 52.15798993395718], [5.42560707494254, 52.158023527489554], [5.425738353914917, 52.15804702386823], [5.425677399408064, 52.15816342847516], [5.425574558031607, 52.158359839258154], [5.4261160989486035, 52.15851436124771], [5.426362042036903, 52.15834276297846], [5.426452072491828, 52.15825544221902], [5.426472040932874, 52.15822946943421], [5.426496242438044, 52.15819801259656], [5.426506846125168, 52.158191492804626], [5.426584650161073, 52.15814358807776], [5.426623900431712, 52.158092208928274], [5.426673016224033, 52.15805895509371], [5.426741767129092, 52.15801965474676], [5.426815434569747, 52.15797127489829], [5.426854715212116, 52.15793802430328], [5.426952936837137, 52.15787756529576], [5.427086175050581, 52.15778791952086], [5.427288433783779, 52.15770040716617], [5.427611002984441, 52.15759604572628], [5.427813567965501, 52.15754190452756], [5.427900759141315, 52.15751859563207], [5.428135842765676, 52.15743780240071], [5.428349055663351, 52.15736373932852], [5.428651414109571, 52.15726399291812], [5.428906689352741, 52.15718194170027], [5.429103482775177, 52.15710116011888], [5.429203133669573, 52.157058351004274], [5.429297820470502, 52.15702037908764], [5.429352451187472, 52.15699654150101], [5.429379165576195, 52.15698271747359], [5.429418663480515, 52.15696574307413], [5.42947053157275, 52.15694126828234], [5.429521026571032, 52.15691742311691], [5.429648249800681, 52.15685737383783], [5.4296593487308895, 52.15684999074106], [5.429657916284021, 52.156849613765694], [5.429679928689235, 52.15683958427327], [5.429767650758922, 52.156777976249664], [5.429806613700608, 52.156752067914844], [5.429839530632875, 52.156730179363876], [5.430007852271828, 52.15661712196229], [5.430130257023087, 52.15653233015342], [5.430229758976608, 52.15650404471058], [5.4303216172939806, 52.156489891009066], [5.430451747877629, 52.15646159413642], [5.430558938809809, 52.156466255324595], [5.430650833757744, 52.15648976975341], [5.430719780173925, 52.1565368230023], [5.4307351545560945, 52.15659802508738], [5.430735223704209, 52.15666864319922], [5.430697011173396, 52.156743994145735], [5.430704751358841, 52.15682873843627], [5.430735463440743, 52.15691347421795], [5.43080443830596, 52.15698877645447], [5.430934812119851, 52.1570283108376], [5.43116215599886, 52.157034868097476], [5.4312257543671505, 52.157036641877], [5.431266274415045, 52.15704903002951], [5.431533019223301, 52.15707384424876], [5.431595378626937, 52.157078710142756], [5.431833104405896, 52.157149642699395], [5.431956541647217, 52.1571634551434], [5.432114840880872, 52.157200982265465], [5.43223083877205, 52.1572422374014], [5.432321981471307, 52.157270837979965], [5.432353758692785, 52.15727869021205], [5.432390954700644, 52.157298215667545], [5.432577343011008, 52.15736584091591], [5.432687449901037, 52.157404464413816], [5.432842462256735, 52.157427413415455], [5.432963414328349, 52.157467695210194], [5.433052870333778, 52.15748942011705], [5.433137944053993, 52.15747028756082], [5.433280872991188, 52.15743813573815], [5.4334181184908195, 52.15740728023799], [5.433531637231421, 52.157367616776845], [5.433618571885517, 52.15729773731287], [5.433679457109389, 52.15723386303265], [5.433783169105825, 52.15713783992296], [5.433856521375713, 52.15711807334855], [5.433887643982388, 52.15707293261681], [5.433848394617873, 52.157032763181405], [5.433783032967483, 52.157007874569075], [5.433687532642683, 52.15690698695209], [5.433653481179666, 52.156848327230996], [5.433558157224372, 52.15676182011913], [5.433417426201999, 52.15674117633892], [5.433285636838807, 52.15670480900237], [5.433122150417953, 52.15666697089755], [5.433052004224722, 52.15664945384759], [5.433021397503006, 52.156642697873664], [5.432982419713802, 52.156623892342935], [5.432826424800138, 52.156537929551035], [5.432686531666314, 52.15650681363858], [5.432564903404573, 52.156474144589005], [5.4324434663217565, 52.15639940285506], [5.432421805307097, 52.156337430446996], [5.4323209952500315, 52.156298937945365], [5.4322150500587485, 52.15623991889874], [5.4321368635396805, 52.156174822296464], [5.432204668191541, 52.15610336929709], [5.432320753987485, 52.15606117141339], [5.432489890716593, 52.156054023878845], [5.432526402321122, 52.15604817664026], [5.432686052628581, 52.15603849788659], [5.432813320075079, 52.15602814840491], [5.4329399330213155, 52.155949814357015], [5.433015911955704, 52.155928042970906], [5.433051250766764, 52.15591870871092], [5.433098569103022, 52.155920649612476], [5.433165409004127, 52.15594972640437], [5.433304842885309, 52.15601845640806], [5.433416674651232, 52.15601802601232], [5.433559520954997, 52.15603741963925], [5.433639569956057, 52.15603715435687], [5.433782053071367, 52.15607238458584], [5.433892897793924, 52.156105982422794], [5.433965463970791, 52.15617410903003], [5.434072011772729, 52.15622051620374], [5.434147551303488, 52.15623939665955], [5.434290533451931, 52.15626190815727], [5.434355181736787, 52.15629007737088], [5.434391136046082, 52.15632370475455], [5.434423778321613, 52.15638961809127], [5.434415551425061, 52.1564586396862], [5.4343783750173795, 52.15654041778115], [5.434356264173122, 52.15663563575909], [5.434371044727699, 52.15671088573797], [5.434376317629748, 52.15676370566559], [5.43440209696318, 52.15684802903019], [5.434450094709917, 52.15688327837128], [5.434513584690249, 52.156906873106564], [5.434668522851396, 52.156943193774275], [5.434707594637802, 52.15695330738461], [5.434879001121349, 52.156988650423656], [5.435019768132938, 52.15700063707235], [5.435121486608234, 52.157010599216754], [5.435194729440951, 52.15702557917618], [5.435263010298031, 52.15704653808947], [5.435264806010842, 52.15704495548043], [5.435381949880618, 52.15710305941218], [5.435486001409628, 52.157148450689746], [5.43559361690985, 52.157205551675624], [5.43570153008568, 52.157240560118744], [5.435854344049026, 52.157296833298666], [5.43592775128768, 52.1573145001242], [5.435975348969657, 52.1573165206473], [5.436014882907816, 52.15732107909444], [5.43606859092694, 52.157324894628076], [5.436118385768826, 52.157331596889485], [5.436188817870905, 52.15734127452444], [5.436259242795734, 52.15735766610072], [5.436338193103354, 52.15737928504496], [5.4363916303059, 52.15740240660869], [5.436466924949575, 52.1574217890026], [5.436491421472928, 52.15742594014525], [5.436573958420205, 52.15743992667921], [5.436706190722955, 52.15747601152669], [5.4367602149006204, 52.15748793372097], [5.43681969900174, 52.157521128005826], [5.4369082074917845, 52.15762163854208], [5.437071754484694, 52.157681446846794], [5.437126924911903, 52.157711784645144], [5.4371489269437365, 52.157745686742146], [5.437254664516079, 52.15785796387656], [5.437437366408938, 52.15792654471933], [5.437476100012999, 52.15794643641803], [5.437501422878364, 52.1579702346008], [5.437620328608199, 52.15808246083021], [5.437802929773702, 52.15812542556312], [5.437873995467829, 52.158151082448114], [5.437949568145769, 52.15819474015775], [5.438038342660526, 52.158268888139034], [5.438163082030318, 52.1583179082115], [5.4382874052774, 52.15836064577356], [5.438379419787071, 52.15840493420501], [5.4384788944752565, 52.15845532211198], [5.438539440701111, 52.15848224149088], [5.438551020664519, 52.158487386515304], [5.438625616678363, 52.158519458782216], [5.438727639238061, 52.15856116303001], [5.438783972771748, 52.15858442604381], [5.438828016982729, 52.15860833256906], [5.438864898321204, 52.158630345772984], [5.438893591628935, 52.15864858763681], [5.438922303569969, 52.158657697754975], [5.439149043863503, 52.15871491380252], [5.439265040394302, 52.15877105500396], [5.439345764101979, 52.15881861029351], [5.439413586383262, 52.158868193538886], [5.439530014095964, 52.15892998769089], [5.439630603568498, 52.158956987550475], [5.4397660918438735, 52.159009443505326], [5.439851429809621, 52.159040692292066], [5.4399137243970905, 52.15906176803065], [5.4399633121832185, 52.1590765938432], [5.439998905259014, 52.159083606425355], [5.440067531926913, 52.15908357559622], [5.440189540216433, 52.15908117483993], [5.440291206018158, 52.15907879213014], [5.440336967589484, 52.15908345417168], [5.440378394043991, 52.15909245932261], [5.440498837045822, 52.15914970281198], [5.440521384507583, 52.15916042417197], [5.440726936734815, 52.159203409917374], [5.440890788591636, 52.1592161609992], [5.440928360850727, 52.15921608092608], [5.441092311896986, 52.15922618024541], [5.4412696292217815, 52.159207682609924], [5.44128050211367, 52.15920780344203], [5.441457601583203, 52.15917855606807], [5.4415684107847, 52.159160079657], [5.441733960957211, 52.15909183860705], [5.4417807331337915, 52.15906246235465], [5.441873190165787, 52.15902284558798], [5.441968490713742, 52.15900208408784], [5.442029859358202, 52.1589943977857], [5.442188082983668, 52.159005927331876], [5.442388084046236, 52.15897919345744], [5.442553361320922, 52.158951567809346], [5.442691807832761, 52.15900628396964], [5.442794941677451, 52.159091341915854], [5.442824388243409, 52.15914948884599], [5.442808114320072, 52.159247788468114], [5.442826160136343, 52.15931602523501], [5.442819791851065, 52.15937719106189], [5.44280757614125, 52.15947198347125], [5.44280064734189, 52.159540735367095], [5.442795683468833, 52.159579736309475], [5.4427856161971295, 52.15962796127157], [5.442762894158151, 52.15966530783673], [5.442737638026342, 52.15969799086202], [5.442722197721042, 52.159715120143225], [5.442722973623507, 52.159716207315626], [5.442682057524339, 52.15975401184737], [5.442639077374965, 52.15977736475851], [5.442596113741857, 52.159802281544636], [5.442554438661022, 52.15981750872846], [5.442430747949448, 52.159914160070784], [5.442366028709242, 52.15999033611653], [5.442256605277846, 52.16003174980156], [5.442189373691805, 52.160050233454974], [5.442013093994295, 52.160106741906645], [5.441958297538105, 52.16011225904952], [5.441874027861227, 52.160120737908834], [5.441670748144947, 52.16012388811682], [5.441487292407938, 52.16012091703974], [5.441244323802221, 52.16010273851071], [5.4409914103703, 52.16007846123109], [5.440832747783066, 52.16006938398361], [5.440693924087089, 52.16007859690981], [5.44058531234239, 52.160128070839896], [5.440403324421981, 52.16021593833345], [5.440358007232713, 52.16022946767021], [5.440016836113883, 52.16022803051553], [5.439997462262753, 52.16023193098432], [5.439929951922498, 52.16022588543676], [5.4398663246543135, 52.16021618002784], [5.439855756227619, 52.160214207417255], [5.439741652342564, 52.16019289415917], [5.439632004089778, 52.16014524419447], [5.439592280060539, 52.16009340159043], [5.439583637152519, 52.16005114423307], [5.439587877725346, 52.16000359623857], [5.439622169291873, 52.15993490424835], [5.439762975691115, 52.159847595643726], [5.4399167957478305, 52.159766761328804], [5.439930352970797, 52.15972585121762], [5.439996661973115, 52.15955763047952], [5.440000338814416, 52.15954035404198], [5.439996633300044, 52.1595334709569], [5.439862274743402, 52.15939992572754], [5.439662463033067, 52.159317478935584], [5.439651327099843, 52.15930499069], [5.4396233462034544, 52.15930905671906], [5.4393753808173715, 52.159250089373366], [5.439265596323203, 52.15924603953559], [5.439087554748598, 52.159208261092964], [5.439080144108653, 52.15920706896863], [5.43890014574527, 52.15915771466146], [5.438859385537065, 52.15911817672456], [5.438818320740014, 52.15909315440277], [5.438718261815328, 52.15903198153511], [5.438903639929863, 52.15886979399427], [5.438878332074128, 52.15885999929387], [5.438835157677743, 52.15889323762341], [5.438616425252779, 52.15888661049392], [5.438047690338749, 52.15883977904323], [5.437883612384131, 52.15880622605498], [5.437785119831699, 52.1587457348005], [5.437686627556505, 52.15868525245103], [5.43762090520452, 52.15859113214951], [5.4375005368210525, 52.158530659021366], [5.4372817306435115, 52.15845677281444], [5.437183269917836, 52.15842319088524], [5.43701918706119, 52.1583963596622], [5.436789518850166, 52.15838301081121], [5.43669105116683, 52.15834269651866], [5.436515851508999, 52.15814774116324], [5.4363078978429655, 52.15798642305209], [5.436034309328985, 52.15781841786944], [5.435760774257534, 52.157697472801594], [5.435541989668618, 52.15762359233827], [5.435301373177587, 52.15760351313467], [5.43518109766632, 52.157623740173214], [5.435028029455542, 52.15765742636993], [5.434896830064581, 52.157684380529766], [5.434700095320488, 52.15778533166166], [5.434470459218743, 52.157812325076776], [5.434372757746861, 52.15780235177219], [5.4343028021050666, 52.15785651409209], [5.43427298587024, 52.15787961601297], [5.434247608448245, 52.157899264786906], [5.434394275527775, 52.15793268601969], [5.434453766822182, 52.15794624287675], [5.434500950612373, 52.15795700042374], [5.434469645043453, 52.15795374141055], [5.434444702723809, 52.15795648376568], [5.434393023120316, 52.158005641505696], [5.434360154062899, 52.15805767680208], [5.434313183562209, 52.15812417032306], [5.434280344925616, 52.15820511074807], [5.434256935681102, 52.158303394082154], [5.434252300434894, 52.15836987062285], [5.434238290674548, 52.158471035311656], [5.43424780888149, 52.15857218159576], [5.43425034129311, 52.158590003634764], [5.434250713265861, 52.15861008250704], [5.434259699437724, 52.158636512393294], [5.434274072260042, 52.15865743951286], [5.434286632984481, 52.15867835836851], [5.434304378596454, 52.15869644394951], [5.434393808306992, 52.15874553607294], [5.434515597330116, 52.15879860574732], [5.434580560085194, 52.15883030695358], [5.434639233145075, 52.15887021663584], [5.434743163599568, 52.15894957396598], [5.434749349067282, 52.15895314865789], [5.434881143257104, 52.15898671011348], [5.434978055833295, 52.159035205554105], [5.435051846760483, 52.159094747496766], [5.435100636560258, 52.159170675576476], [5.435107033546236, 52.15918062260049], [5.435246745604085, 52.159224183977976], [5.435333685046545, 52.15926588833039], [5.4354069879254805, 52.15931930048546], [5.4354682726016925, 52.159407851317674], [5.435612333888999, 52.159445163869215], [5.435699321807447, 52.15949040917218], [5.435763447925566, 52.159543851852696], [5.435832202510756, 52.159633424030325], [5.435977931147596, 52.15967102305813], [5.436088796275357, 52.159700250675556], [5.436254039548854, 52.159768346253244], [5.436290727437906, 52.15980074138788], [5.436343435366322, 52.15980932979963], [5.436424260917644, 52.159817978323595], [5.4366001605949315, 52.15983502654622], [5.436708829965483, 52.15984712352399], [5.436834070693315, 52.159845129334585], [5.436807082329056, 52.15984862803707], [5.43703485640652, 52.15989945728917], [5.437376475392803, 52.159937492705296], [5.437635298431255, 52.1599819440963], [5.437997612225452, 52.16001997782365], [5.4382367801597615, 52.16003884777089], [5.438318510041342, 52.16004529256366], [5.438477559602133, 52.160098998054096], [5.4385256005670675, 52.16011521827087], [5.438542597874064, 52.16012873767306], [5.438704497122433, 52.160257607598666], [5.438805340866466, 52.16033787046615], [5.438898521788004, 52.16036328333301], [5.439095230645019, 52.16040138637211], [5.439271238539738, 52.16043313480237], [5.439436870194746, 52.160452160683015], [5.439561114619274, 52.160483922672874], [5.439664710388338, 52.16055389240861], [5.439706225505029, 52.16064935256409], [5.439675365187975, 52.16081485193135], [5.439706541037354, 52.160916671154986], [5.439768720604949, 52.16098665927746], [5.439996564295311, 52.16108839934029], [5.440327901043002, 52.161170992928064], [5.440607397802818, 52.1611899566867], [5.440980109518971, 52.16125980275244], [5.44146666823745, 52.16130413239342], [5.441513541956545, 52.161308002527505], [5.441849697094222, 52.16133578127974], [5.44210896952881, 52.16131971596418], [5.442160189762462, 52.16131653728314], [5.442297600060271, 52.16131966371063], [5.442545709660503, 52.161317731673385], [5.442767176326264, 52.16126858917188], [5.442900038026474, 52.16123401272192], [5.4430210226402265, 52.16119157732875], [5.443112615518583, 52.16115944695373], [5.443256361591767, 52.16104140309994], [5.443280800972592, 52.16102133041289], [5.443496111420994, 52.160867255502126], [5.443590654230545, 52.160799603079475], [5.443863071068096, 52.160596129453104], [5.444111756928429, 52.1603966573101], [5.444245199521783, 52.160248058285084], [5.444262054886259, 52.16022927434199], [5.444314026673181, 52.16012957306859], [5.444487573467156, 52.160029812628395], [5.4446957698844045, 52.1598624008866], [5.4448403873509825, 52.15978045014415], [5.44493850758384, 52.15955613538307], [5.444940978941313, 52.159422214119736], [5.444992911278979, 52.15929402982368], [5.445039134891956, 52.15922637298423], [5.445091182504888, 52.15918718700108], [5.445166379110592, 52.159137311937464], [5.445201050628675, 52.159098134465886], [5.4452357227737584, 52.15904827933036], [5.445247260479646, 52.15900912224279], [5.445258778895964, 52.158966396957645], [5.445273304681054, 52.158898935420375], [5.44529335791958, 52.15884533951759], [5.445287467962876, 52.158777708298636], [5.445270023206245, 52.15871364200083], [5.44525262028917, 52.158681608640734], [5.445206253713215, 52.158638911909044], [5.445125002189853, 52.15848231938849], [5.445084372018088, 52.15840046838377], [5.445061177005028, 52.1583755562799], [5.444939546983606, 52.15831865956359], [5.4448931810844226, 52.1582759627061], [5.444800491028216, 52.15822261086714], [5.444748346805504, 52.158197721860404], [5.444678842545059, 52.15816215467158], [5.444644060170456, 52.15812657049126], [5.444609287884605, 52.15808743606516], [5.444557153090297, 52.15806965641751], [5.444522384651325, 52.15804475883685], [5.444481853067783, 52.158026973501094], [5.444400792820432, 52.15801633529044], [5.444313909106768, 52.157977217117], [5.444267530467195, 52.157923842362536], [5.444250091148454, 52.15787401277618], [5.444267352425154, 52.157785014954676], [5.444302015447596, 52.157728032661886], [5.444336709492102, 52.15770666050433], [5.444417727972616, 52.15768526581306], [5.444521893973951, 52.157663850800844], [5.444637662081895, 52.15765311667563], [5.444765017746313, 52.15765305442267], [5.444805716027972, 52.1576530344999], [5.444886571895858, 52.15765299487732], [5.4450660388957735, 52.1576529067334], [5.445181838617516, 52.15767777323211], [5.445338189985596, 52.15771328825073], [5.445473791255399, 52.157749352618104], [5.4455119017327185, 52.157759481101536], [5.445720411407634, 52.15784125756391], [5.445870990400255, 52.15789813904561], [5.445963681061877, 52.15795149004633], [5.446065760619317, 52.15797683888914], [5.446152901337936, 52.15801023932355], [5.446223705587952, 52.15803361736643], [5.446305369047983, 52.15804695938704], [5.446381628714582, 52.15807366911425], [5.446479630219793, 52.15808700279413], [5.446566735769109, 52.15809364588724], [5.446664719491035, 52.15809359640186], [5.446757275928439, 52.15810023659897], [5.446855259664506, 52.15810018695532], [5.446953225443515, 52.1580867632068], [5.447051159675563, 52.158049925847834], [5.447138229200787, 52.158029811483964], [5.447208970856386, 52.15800636187692], [5.447285166725869, 52.15799629246274], [5.447366786261353, 52.157966150188486], [5.447464710832214, 52.15792262547364], [5.44759529174568, 52.15787573142154], [5.4477510060278735, 52.15782773675291], [5.447897717605195, 52.15775795080331], [5.4480511104645055, 52.15767997321439], [5.448244517550625, 52.15759376869383], [5.448444607837119, 52.15751166785819], [5.448684777509008, 52.15745824419229], [5.448767556615877, 52.157433196493564], [5.448859285215664, 52.15742319882347], [5.448961790009764, 52.15739662168961], [5.449053518490738, 52.15738662386839], [5.449123644649349, 52.15736338015575], [5.449209956868068, 52.157346751973535], [5.44930707360635, 52.15732349392359], [5.449431147089575, 52.15729690499406], [5.449571417235515, 52.15726367425929], [5.449776433807708, 52.15722709239573], [5.449976048417818, 52.15718388895574], [5.450434621162887, 52.15708749056062], [5.450990282893559, 52.15696119786759], [5.451465190897183, 52.15696757254011], [5.451625150551597, 52.15696015092019], [5.451848819346783, 52.15688945504185], [5.452059881280993, 52.156822172112356], [5.452219960566689, 52.15673700404626], [5.452438206650715, 52.15660702567158], [5.452569114669144, 52.15649052340437], [5.452699954691098, 52.15633820413322], [5.45269979655188, 52.1562307265743], [5.45268502986245, 52.15609640121336], [5.452633889016375, 52.15598000003396], [5.452582781333685, 52.1558859967307], [5.452546196771652, 52.15576062645503], [5.452546058742629, 52.15566659481649], [5.45255036282303, 52.15566204453404], [5.452596949015913, 52.155612827715316], [5.452633296634716, 52.155576981622566], [5.452720588355406, 52.15551425122986], [5.452880666888038, 52.15544251021321], [5.4530699222680985, 52.15539762655936], [5.453232743591581, 52.15534329314781], [5.453451047824618, 52.15524912973298], [5.453545588109233, 52.15516847271179], [5.453603686872594, 52.15506992323821], [5.453654548465965, 52.15499825173342], [5.453676267135986, 52.154913159716635], [5.45380553389268, 52.15459390722358], [5.454567801879301, 52.15468900602299], [5.4549768794685685, 52.15473877997347], [5.455038716177346, 52.154746303192574], [5.455246967629571, 52.1547716367784], [5.455380608809672, 52.154787899485015], [5.455576013887024, 52.15481166704407], [5.457194522974792, 52.15501809407544], [5.457194552236543, 52.15503670806233], [5.457194580396237, 52.15505462099126], [5.457150987413684, 52.15511733772527], [5.4570272466053895, 52.155144276132596], [5.456932614481583, 52.15516224518732], [5.4567797085679315, 52.1551623356882], [5.4565613141090585, 52.155193805519296], [5.45637205685825, 52.15522526681134], [5.456299367422885, 52.15530591327134], [5.45617589613971, 52.155507495092614], [5.456117954971181, 52.15570455344357], [5.455979753684834, 52.155803150988824], [5.455863453191797, 52.15593756147984], [5.45573260445958, 52.15607644732637], [5.4556453503222455, 52.15616158682774], [5.45549259210019, 52.156260192259026], [5.455252475996687, 52.156367800015694], [5.455034135967691, 52.156439568849095], [5.454815761245852, 52.15648895735603], [5.454582817896497, 52.15652938384857], [5.4544008511560795, 52.156574274745786], [5.454197064490117, 52.156637081738644], [5.454036942270223, 52.156690902623005], [5.453847750627692, 52.1567716136604], [5.4537386582952, 52.15686571608131], [5.453636890881392, 52.15698220319154], [5.453576341852143, 52.157046357233085], [5.453558585619644, 52.15706516100299], [5.453463981338056, 52.15710550718998], [5.4533401995389355, 52.157110061801994], [5.453238244514406, 52.15710115809833], [5.45299799269338, 52.157123681605775], [5.452714078630429, 52.15717757882963], [5.4525976411758075, 52.15721794546197], [5.452466678571327, 52.15729862189992], [5.452364860956541, 52.157383758042336], [5.452299492100839, 52.15749126286165], [5.45219043396718, 52.15761222872998], [5.452148345634064, 52.157641049283406], [5.452059497126644, 52.15770185666983], [5.4518192918792225, 52.15776916458262], [5.451765740308461, 52.1577939107747], [5.451748747520793, 52.15779573565842], [5.45173517749349, 52.1577997786802], [5.451719609018882, 52.157806303463815], [5.451697197737985, 52.157820354890184], [5.451683244189935, 52.157832028865315], [5.451644646649278, 52.157849864079395], [5.451426269414789, 52.15789476132206], [5.451142316371014, 52.15792625686388], [5.450960282741208, 52.15793084061726], [5.450610834160413, 52.15798475927367], [5.450536397324302, 52.157998092506425], [5.450159478890626, 52.158065605363106], [5.450106555294178, 52.15808062552899], [5.450032392064477, 52.15810166094913], [5.449700913602668, 52.1581957073841], [5.449242349757255, 52.15833924456563], [5.449013241496914, 52.158457933856205], [5.448700389331366, 52.15864617012175], [5.448607185110045, 52.15871123744792], [5.448373005376599, 52.15887471495852], [5.447936506472396, 52.15917496698178], [5.447550966721938, 52.159479667229334], [5.447383762977631, 52.159681262109416], [5.447306098488629, 52.15975302543473], [5.447151031500729, 52.15989631810964], [5.446779846695765, 52.160048762069145], [5.446364927103577, 52.16017435297161], [5.446066382448154, 52.16019241565846], [5.445571147288119, 52.1601568365601], [5.445245371067904, 52.16018221785786], [5.445064952718024, 52.160211508496815], [5.44496870905527, 52.16022714085363], [5.4446848118149385, 52.16031683557315], [5.444481144263725, 52.16049605520532], [5.444226551773101, 52.16071559202692], [5.443935571807086, 52.16096201972753], [5.443804648438995, 52.161082988303924], [5.443571773261754, 52.16120400563255], [5.443309806155977, 52.161365338211425], [5.443069751290184, 52.16156696162953], [5.442916974810805, 52.16168793958397], [5.44285880680689, 52.16176857078114], [5.442698778836997, 52.161911940785544], [5.442582349937871, 52.161988114344844], [5.442480519459645, 52.16208667882186], [5.442407849308423, 52.16221209441522], [5.442342443843689, 52.16231511765117], [5.442328005957381, 52.162422601944755], [5.442277139887405, 52.1625121813883], [5.44226935475442, 52.162515941982996], [5.442175246662398, 52.16256148284379], [5.442166638430532, 52.16256148686666], [5.441993187672674, 52.162561567790675], [5.441869351037346, 52.16253476052439], [5.44173821981898, 52.16249451957304], [5.441599664554269, 52.162346813372245], [5.441519412521488, 52.162225944983156], [5.44147564298977, 52.16216775044026], [5.441329849565398, 52.16205138812714], [5.441220438899219, 52.16190366805465], [5.44106010322413, 52.16180970997561], [5.440841555559723, 52.161738158158634], [5.44057933901211, 52.16170245160877], [5.440382712654022, 52.16170254068185], [5.440018633584334, 52.16172957862502], [5.4397273223496905, 52.161720748134215], [5.439424002186385, 52.161752889192115], [5.439147308867157, 52.16178435260575], [5.438987117722876, 52.16179786019233], [5.4389304628692745, 52.161790919489164], [5.438877871505598, 52.161784471308835], [5.438768825620094, 52.16175473321169], [5.438746735772229, 52.16174871200222], [5.438630159839053, 52.16169054828918], [5.438571828923392, 52.16163683501574], [5.438528105156269, 52.161614465200635], [5.438418787335338, 52.16153838518642], [5.438309495624053, 52.16148470295376], [5.438265782415249, 52.16147128500404], [5.438163769123307, 52.1614175904872], [5.438083615160177, 52.16137284738122], [5.437952516317231, 52.16135499110962], [5.437828685457242, 52.161328179595564], [5.437719405786493, 52.161296885717256], [5.43766113682043, 52.16128347379543], [5.437544599588353, 52.161270086804976], [5.4373843188564575, 52.1612029885916], [5.437122057957274, 52.16112249655834], [5.436867060637737, 52.16101513598069], [5.436495543502328, 52.16090782375625], [5.436240593347227, 52.160840754648014], [5.436124038001535, 52.16080946232416], [5.4360075072581875, 52.160787121843406], [5.435912859603139, 52.16080955000236], [5.4358328216163665, 52.160867797893275], [5.4357746614341185, 52.16096632953851], [5.435753037638278, 52.16115889566436], [5.435789535405925, 52.161243960234756], [5.435811545705471, 52.161391721520744], [5.435877190360807, 52.161494686930006], [5.436001089314037, 52.16158420018682], [5.436190565300933, 52.161700541910285], [5.436358163526541, 52.16179002758652], [5.436562147950373, 52.161861593820674], [5.43677342117238, 52.16194210859574], [5.436940996433914, 52.162009204545775], [5.437108587278084, 52.16208973718841], [5.437363576175557, 52.16218366928004], [5.437531173502953, 52.16226867730083], [5.43762592559531, 52.16234924035797], [5.4378736796239195, 52.16247899129821], [5.438077720094235, 52.1625818957498], [5.4382452799677665, 52.162644513864805], [5.438398257956538, 52.16268474918791], [5.438609609933847, 52.16281451441827], [5.43868986033592, 52.16293986974374], [5.438748287461714, 52.16308761449263], [5.438749828533616, 52.16310581434887], [5.438762898261747, 52.163260337872146], [5.438763058904178, 52.16326022994673], [5.438763196215642, 52.163378672650744], [5.438770609613897, 52.16349509886877], [5.4388654487768875, 52.16363386662145], [5.439004045940195, 52.16382188678319], [5.4392548249809, 52.16400333195173], [5.439458876769708, 52.164119661931366], [5.439764956463972, 52.164294169716285], [5.44000540109671, 52.16438361759762], [5.440296777882108, 52.16443274918434], [5.4405225666531765, 52.16445055995591], [5.440784725347051, 52.16443700388499], [5.441010481835201, 52.16442794885972], [5.441097877726879, 52.164423423876315], [5.441156151826611, 52.164436834092704], [5.441207147385726, 52.164450247622426], [5.441250886152947, 52.16448156839136], [5.441265497738776, 52.16452633946817], [5.441272872601253, 52.164593511753345], [5.441302088748669, 52.16466514098706], [5.441360477715507, 52.16477258261117], [5.441447972556518, 52.16484866992777], [5.441579132331392, 52.16490682408758], [5.441761283276436, 52.16497390642325], [5.441921554693115, 52.165005181819524], [5.441972545609633, 52.16501411005036], [5.442125529556944, 52.165049864543626], [5.442322192859287, 52.165067685466106], [5.442373200592958, 52.16509005044737], [5.442446061104646, 52.16512583308912], [5.442511674376037, 52.165175065012846], [5.442569966595995, 52.16520190246447], [5.442650090738288, 52.16520186472377], [5.442730183502635, 52.16518839900013], [5.442814855198961, 52.16515492396094], [5.443011496765905, 52.16515483083203], [5.443193583248112, 52.165168181235586], [5.443368396795857, 52.16518601081192], [5.443484968654221, 52.16521729595241], [5.443630630359183, 52.16521722617162], [5.443812700181782, 52.165217138696256], [5.444060287818647, 52.16519015441716], [5.444293251436595, 52.165122874909315], [5.444431565016021, 52.165069068966524], [5.4445989929314305, 52.16501524866], [5.444737317397294, 52.164970403302824], [5.444926650435698, 52.16494792166084], [5.445086338896692, 52.16495638171795], [5.445086292453233, 52.16495438642378], [5.445181596256033, 52.16498362211925], [5.44523994240658, 52.1650507600343], [5.445334705536279, 52.165113403949604], [5.445378453715542, 52.16514920815048], [5.445429556839408, 52.16524321442645], [5.445480642588845, 52.16532379274409], [5.445560811079475, 52.16536853977952], [5.445699223986924, 52.16539085993373], [5.4457865948839, 52.165377379528536], [5.445924916477853, 52.16534148474545], [5.446063216922787, 52.16527872493553], [5.446139204903904, 52.16527868689456], [5.4461724706559345, 52.16527867022569], [5.446289012272516, 52.165296524667504], [5.446441970834546, 52.16530988468246], [5.446529391787135, 52.16532326857658], [5.446624079567793, 52.16532770576153], [5.446864426816709, 52.16534101207292], [5.447002858350467, 52.165376767619875], [5.447134057074165, 52.165457304475446], [5.447250638333448, 52.16549307085901], [5.447345348232426, 52.16552436334013], [5.447389165055243, 52.165609420525215], [5.447389268035839, 52.1656855481001], [5.447360326008828, 52.16582438122322], [5.44736152079403, 52.165854049713914], [5.447367859131388, 52.16601244945322], [5.44736819823305, 52.1662632120461], [5.447419597743984, 52.16657216321434], [5.4474273300198925, 52.16661553492052], [5.447456300543085, 52.16677812939079], [5.447507446338032, 52.16689900857648], [5.4475293889510095, 52.166966163991376], [5.447507567737319, 52.1669885730527], [5.447463900957427, 52.167015460292234], [5.44745839284326, 52.16701715284048], [5.447361978961451, 52.167046853295055], [5.446604560487977, 52.16707411197931], [5.4464079521795865, 52.16710555192369], [5.4462064268377635, 52.16713276069993], [5.446182560287837, 52.1671344174542], [5.446182681604725, 52.16713772494468], [5.446102222609704, 52.167130350224184], [5.4460292481864245, 52.16712365478805], [5.445854402367675, 52.16708791626642], [5.445723327921601, 52.16711485539014]]]}}, {"type": "Feature", "id": "53347", "properties": {"OBJECTID": "53347", "LOCATIEGROEP_ID": "nl.imow-pv26.gebiedengroep.003000000000000000000506", "SYMBOOL_CODE": "vszt026", "GROEP": "waterberging", "9e750651-8e97-4bc6-b09e-fc30b5f3e83c_id": "4036", "LOCATIE_ID": "nl.imow-pv26.gebied.003000000000000000000506e64982", "DOCUMENT_URL": "https://omgevingsbeleid.provincie-utrecht.nl/home?d=/akn/nl/act/pv26/2022/omgevingsverordening/nld@1089&o=", "NAAM": "Waterbergingsgebied", "TYPE": "water en watersysteem", "LOCATIEGROEP_NAAM": "Waterbergingsgebied", "LOCATIE_NAAM": null}, "geometry": {"type": "Polygon", "coordinates": [[[5.577012014395585, 52.01627938517251], [5.577030861982815, 52.01632345959476], [5.577099352687086, 52.01634636766685], [5.577167845140573, 52.01637310464739], [5.577224097332212, 52.016440137258954], [5.577305095591485, 52.01648219672083], [5.577448289890731, 52.01652607899147], [5.5775789624398895, 52.01655080065097], [5.57770028754928, 52.016569775904344], [5.5778153190891695, 52.01657151297745], [5.577868203660956, 52.016582932078194], [5.577896236443187, 52.01659439145549], [5.577918106202694, 52.016619289114175], [5.577935199388317, 52.016654800530524], [5.5777067349944796, 52.01680118330693], [5.577657845569925, 52.01682491929799], [5.577615207978143, 52.01685950282877], [5.577451779548362, 52.016963337751676], [5.577425412514775, 52.01696338040355], [5.577332735297818, 52.01687794513192], [5.5766450017492755, 52.01624398841835], [5.576639146727001, 52.01624767400269], [5.576638839561024, 52.0162473778886], [5.576688442112442, 52.01621662142567], [5.576695288912089, 52.016213221861506], [5.5767349742075165, 52.016193527792716], [5.576797106284794, 52.016183837285865], [5.576865515401088, 52.01618756491683], [5.576924666555866, 52.01620665021346], [5.57697143426718, 52.016239174769474], [5.577012014395585, 52.01627938517251]]]}}], "properties": {"sourceId": "agrest-ov-waterbergingsgebied", "title": "Omgevingsverordening — Waterbergingsgebied", "serviceUrl": "https://agrest.geodata-utrecht.nl/rest/services/Omgevingsverordening/FeatureServer", "layerId": 0, "role": "exclusion", "authoritative": true, "licenseNote": "Structured open data of provincie Utrecht on agrest.geodata-utrecht.nl; service is anonymously queryable; no license statement exposed by the endpoint itself (platform presented as open data).", "lastChecked": "2026-10-04T16:20:00Z", "where": "NAAM='Waterbergingsgebied'", "fetchedAt": "2026-10-04T15:58:52Z", "userAgent": "ldttoolbox-geoconnector/0.1 (wind-turbine opportunity-map PoC; cache-first, single-page politeness; open data of provincie Utrecht via geo-point.provincie-utrecht.nl)", "pages": 1, "featureCount": 18, "bbox": null, "simplifyM": null, "queryFingerprint": "{\"bbox\": null, \"simplify_m\": null}", "crs": "OGC:CRS84/WGS84 (RFC 7946 default, no crs member)"}}