{"type": "FeatureCollection", "name": "agrest-ov-overstroombaar-gebied", "features": [{"type": "Feature", "id": "58598", "properties": {"OBJECTID": "58598", "LOCATIEGROEP_ID": "nl.imow-pv26.gebiedengroep.003000000000000000000566", "SYMBOOL_CODE": "vszt054", "GROEP": "overige gebieden", "9e750651-8e97-4bc6-b09e-fc30b5f3e83c_id": "9220", "LOCATIE_ID": "nl.imow-pv26.gebied.003000000000000000000566e78935", "DOCUMENT_URL": "https://omgevingsbeleid.provincie-utrecht.nl/home?d=/akn/nl/act/pv26/2022/omgevingsverordening/nld@1089&o=", "NAAM": "Overstroombaar gebied", "TYPE": "water en watersysteem", "LOCATIEGROEP_NAAM": "Overstroombaar gebied", "LOCATIE_NAAM": null}, "geometry": {"type": "Polygon", "coordinates": [[[4.84719065829265, 52.01798650493105], [4.8471937532681855, 52.01798354399965], [4.847203421273327, 52.01797430343013], [4.847300999235681, 52.01788111083842], [4.8474741808751505, 52.01771566628634], [4.847475559544567, 52.017713686192536], [4.8475221662877495, 52.017646838144955], [4.847585746189124, 52.017555655654206], [4.84762105327183, 52.01749804068955], [4.847673240872373, 52.01741289101832], [4.847686718734294, 52.017390895496106], [4.8478521122841824, 52.01714116738054], [4.847959629643208, 52.01697592463256], [4.847990706433452, 52.016947762810254], [4.848084627589008, 52.016800982560994], [4.848201385524518, 52.01664853629711], [4.848281031554206, 52.01653426413053], [4.8482678945070745, 52.01653038397001], [4.848279455687954, 52.01651388044409], [4.848292607406117, 52.016517751682144], [4.848455741005625, 52.01631490431781], [4.848591424406374, 52.01613175035103], [4.848793735905106, 52.015866316444715], [4.848973833279477, 52.01561636634867], [4.849126071703368, 52.01542624061386], [4.84927759097556, 52.01523523953003], [4.849399373964418, 52.01508944839276], [4.849631929807044, 52.014799882775655], [4.849819931727473, 52.01456906760403], [4.850009900055353, 52.01433202322213], [4.850256789602758, 52.01404666537093], [4.850462963785933, 52.01380981999975], [4.850727553712114, 52.01349826005971], [4.850814382583124, 52.013404763893305], [4.850862931401081, 52.013347684653446], [4.85092841785384, 52.0132677354137], [4.850950148116625, 52.01324120205798], [4.851163336109452, 52.01302748733709], [4.851295131402778, 52.0128851194172], [4.851333354773223, 52.012876502844684], [4.851364598833075, 52.012844898371945], [4.851461929568649, 52.01274269491903], [4.851540503575353, 52.01266321835508], [4.851675345664695, 52.01251557874999], [4.851784004503085, 52.01239289727728], [4.851888990276776, 52.0122679249621], [4.851967807687594, 52.012167928925265], [4.852110303908992, 52.011997502318806], [4.8522454415724265, 52.01182476806135], [4.85230931043327, 52.01173838406344], [4.852380400424882, 52.01166571303187], [4.852429104149236, 52.011611195513446], [4.8525039622248825, 52.01153398445399], [4.8525451305081635, 52.011490838818645], [4.852612725089867, 52.01140218854644], [4.852698923987452, 52.01130221654723], [4.852747626928168, 52.01124769889299], [4.852841251393866, 52.01114548645869], [4.852942410511726, 52.01103189299832], [4.853006304098722, 52.010943225703045], [4.853197820177398, 52.01069092103412], [4.85332160689361, 52.0105386543417], [4.853340442834568, 52.010509087346975], [4.853381759747202, 52.010454535934755], [4.853393006598933, 52.01044089774613], [4.853423089176244, 52.01039770153559], [4.853441816373723, 52.01037725715956], [4.853453090261154, 52.01036134504686], [4.853490788973456, 52.010299928104224], [4.853498336185843, 52.01028628212125], [4.853585271866702, 52.01015465600356], [4.853633332090413, 52.01008663463522], [4.85369876539238, 52.01000298941225], [4.853775648675621, 52.00990817863112], [4.853842951242206, 52.00982162958681], [4.853901273875093, 52.009749169438436], [4.853966186016976, 52.00967496841254], [4.854030107094615, 52.00959467778019], [4.854081320309019, 52.00953454426174], [4.854143275087167, 52.00946279254049], [4.854192680897932, 52.00940151826295], [4.854256921237021, 52.00932370972427], [4.854318164453482, 52.00925172998161], [4.854385357305329, 52.009170564122925], [4.854445477295533, 52.009099918487365], [4.854488184375012, 52.00904827619731], [4.854541597024176, 52.0089868041846], [4.854601415024855, 52.00891211236544], [4.854632575033257, 52.00887612034959], [4.85463665133622, 52.00887015257935], [4.854719055425559, 52.008773730282364], [4.854781085288534, 52.0086979338262], [4.854870477848101, 52.008595556817944], [4.854952076159423, 52.00850189911137], [4.855028482187164, 52.008414950116496], [4.855134513570859, 52.00829604672337], [4.855237238136374, 52.00817960007546], [4.855330293523817, 52.00807522588788], [4.855407458274457, 52.00798558358238], [4.855492444127537, 52.00788610739225], [4.855553326147976, 52.00781231872309], [4.855654228017693, 52.00769586347814], [4.85572622635727, 52.00761068279915], [4.8558008221869065, 52.0075226015901], [4.855915107983079, 52.00738891303545], [4.855987833417813, 52.00730374446542], [4.856076494903661, 52.00720113853082], [4.856158881468368, 52.007103214095004], [4.85624534962057, 52.00700127226124], [4.856378154628102, 52.006847020641935], [4.856385688628047, 52.006838057319555], [4.856390105420732, 52.00683281907622], [4.856393458729744, 52.00682883440032], [4.8563948029659585, 52.00682724054307], [4.856513630624044, 52.00668605765992], [4.856645314912881, 52.00653404776218], [4.856775908699805, 52.00638180809513], [4.856888019985173, 52.00624676953549], [4.856908074030956, 52.00622345432492], [4.856993739598024, 52.00612381831814], [4.857059793447794, 52.00604579170227], [4.8570846433378785, 52.006017176981686], [4.857115541414877, 52.00597466660337], [4.857126556382675, 52.00595950798789], [4.857120971892721, 52.005957586308384], [4.857077505713165, 52.00594336881355], [4.857015208227218, 52.00592298140607], [4.856901872193296, 52.005883380750184], [4.856796862236882, 52.00584788021476], [4.856655622821971, 52.00579956975734], [4.856652635002115, 52.00579852263592], [4.856532511832568, 52.00575653609532], [4.856394915084339, 52.005709365282094], [4.856292108952907, 52.00567231026465], [4.856135975708376, 52.00561627396736], [4.855984661654624, 52.00556777343455], [4.855943118113785, 52.00555483154536], [4.855783633669311, 52.00550513438702], [4.855594222307045, 52.00544545966698], [4.855479912206831, 52.00541083275533], [4.85536777908935, 52.00537686272575], [4.8552161197202555, 52.0053281439183], [4.854927654954091, 52.00523702874215], [4.854693596190621, 52.005164809724114], [4.854515792838838, 52.0051090057982], [4.854351762004171, 52.005059780469836], [4.854362784699947, 52.00505015894276], [4.854264860148608, 52.00501559602232], [4.8540885918158025, 52.00495327288233], [4.853896734200987, 52.004884146606], [4.853602035871028, 52.00479841087903], [4.8535865266119735, 52.00481789015124], [4.853442406987994, 52.00477841623893], [4.853401639761546, 52.00476644770406], [4.853336795466411, 52.00474740402129], [4.8532630084168895, 52.00473697548362], [4.85313141645175, 52.0047168738923], [4.852946380487181, 52.004690246777585], [4.852752634805407, 52.00466246527697], [4.852695255671955, 52.004653737760776], [4.8526188615235695, 52.004642128499455], [4.852347315515952, 52.004603458685075], [4.852133930795106, 52.00457267471547], [4.852043893413099, 52.00455961886421], [4.851864196906821, 52.00453355361623], [4.851574838338907, 52.00449143038877], [4.851449630516255, 52.00447345023736], [4.8513182438721305, 52.00445457894606], [4.851226591666902, 52.00444141624493], [4.8509797663561, 52.004404869203576], [4.850853103695553, 52.004386800893734], [4.850568985404353, 52.004346272017344], [4.850251619781653, 52.004302013452055], [4.850129791848799, 52.00428524275554], [4.849838998835937, 52.004245202980485], [4.849510728816994, 52.00419953539739], [4.84940527026941, 52.00418403416521], [4.849358065457715, 52.00417709523296], [4.84910430423762, 52.00414231021897], [4.848886932681, 52.00411037858121], [4.848732789592506, 52.00408993523069], [4.848528837938566, 52.00406232477821], [4.8483589166143854, 52.004039975115965], [4.848135416093361, 52.00401035998067], [4.84813199914085, 52.004009903905256], [4.848011853975393, 52.003993812840235], [4.847846495493122, 52.00397234621467], [4.847657169185804, 52.00394694946665], [4.847207298136452, 52.0038843502904], [4.846908224184859, 52.00384426526603], [4.846904633046783, 52.00384376341383], [4.846751245860484, 52.00382237715738], [4.846660407369524, 52.00380958314728], [4.846302837217518, 52.00376068904854], [4.84629092730526, 52.00375923214355], [4.846189801977381, 52.00374687586807], [4.846042759063616, 52.003727198659305], [4.8460295422178765, 52.00372543011672], [4.84596961052196, 52.003717235864066], [4.845866016758593, 52.0037030792849], [4.845655992628462, 52.00367330568308], [4.8456510200213545, 52.003672635647234], [4.8455902144905565, 52.00366445515737], [4.845408163943911, 52.00363976238197], [4.845234836717124, 52.00361510049982], [4.845057185237012, 52.00358795564652], [4.845056705431548, 52.003587890518475], [4.844841717520371, 52.003556807268275], [4.844797697746154, 52.00355033958091], [4.844693114495063, 52.00353497297233], [4.84446201437888, 52.003501945197726], [4.8442825271736165, 52.003476138955286], [4.843991117541854, 52.003434958307416], [4.843872291385224, 52.0034184286642], [4.843870721243241, 52.00341820569716], [4.843861751395133, 52.003416905929434], [4.843699696609112, 52.00339355217581], [4.843564901963851, 52.00337401829814], [4.843430820782676, 52.00335450553815], [4.843250623104782, 52.003327337199146], [4.8432496054727014, 52.003327188683535], [4.843032984438634, 52.00329527663578], [4.842857500851855, 52.00326971143001], [4.842746672876809, 52.00325301090205], [4.842650541576723, 52.003238526467825], [4.8426464131420595, 52.00323790515158], [4.842442585135138, 52.003207929755014], [4.842124309404325, 52.00316077772598], [4.841912836810713, 52.00313076600973], [4.841818118188113, 52.003117518837584], [4.84176131605707, 52.003109579620485], [4.841600080630501, 52.00307891027079], [4.841447117523008, 52.00305660223855], [4.841257067114866, 52.00303028398845], [4.8411571439823025, 52.00301632004336], [4.840980909921637, 52.0029927619337], [4.840884255178196, 52.00297949603516], [4.8407799855709115, 52.002963704943525], [4.840617924621653, 52.00294111990093], [4.8403054120086955, 52.002899373703656], [4.840194953675359, 52.002883562326836], [4.839935160782234, 52.0028465722603], [4.839780006830955, 52.00282491700506], [4.8397785094323345, 52.00282470330991], [4.839721768590983, 52.00281657463586], [4.839575446286467, 52.00279560734565], [4.83936759026899, 52.00276785494878], [4.839365656663097, 52.00276758528822], [4.839219704190372, 52.00274736530648], [4.839023126174086, 52.00272033892619], [4.838817463441232, 52.00269192164493], [4.838595792622093, 52.00266140702352], [4.838442499562502, 52.002637736300144], [4.838270649840848, 52.00261196545604], [4.838103869707293, 52.002588456101755], [4.837882278673133, 52.00255388677064], [4.837713215637687, 52.0025289370639], [4.837709712302696, 52.00252841736352], [4.837702792786201, 52.00252739634607], [4.837556036243673, 52.00250398867483], [4.837402564680447, 52.00248071124546], [4.837390732399822, 52.002478912243696], [4.837212715245333, 52.00245264364947], [4.837096461791359, 52.0024345551975], [4.836966391757426, 52.00241616834888], [4.836872667782195, 52.002400432068555], [4.836781835019701, 52.002387630438534], [4.836603118388353, 52.00236145652019], [4.836597637931705, 52.00236065788868], [4.836493007122277, 52.002344870286144], [4.836398534145617, 52.002332042340164], [4.8362464910615035, 52.00231112502413], [4.836244470231615, 52.0023108459156], [4.835968337531058, 52.002270840390594], [4.835864687877793, 52.002255829818516], [4.835818997698062, 52.00224921611395], [4.835817384061489, 52.00224898384709], [4.835811990674116, 52.00224821255172], [4.8357056503335665, 52.00223292857365], [4.835548321776283, 52.002210808118484], [4.835452412384365, 52.00219640871029], [4.83544547752413, 52.00219545939437], [4.835282356043651, 52.002173104697], [4.834989165103606, 52.002130095677096], [4.834985341575754, 52.00212956540496], [4.834761336434032, 52.00209864609099], [4.83455132726861, 52.002068852684914], [4.8342993213926, 52.00203176985317], [4.8342970101216345, 52.00203142642854], [4.834112070568907, 52.00200467119756], [4.834008729514323, 52.00198953459958], [4.834004920904921, 52.001988977400615], [4.833808545542315, 52.00196020849033], [4.833793383491755, 52.00195801596148], [4.833634858298806, 52.00193506937715], [4.833631107725019, 52.00193453041566], [4.833522218721605, 52.001918198815005], [4.833344312494666, 52.00189392028244], [4.833116493507632, 52.00186069684795], [4.833110155459147, 52.0018597771684], [4.833025592100428, 52.00184655272632], [4.832911245776994, 52.0018299521804], [4.83259961487713, 52.001792288292876], [4.832412241911362, 52.00176816148606], [4.832310558139303, 52.00175570073738], [4.832148664231501, 52.00173678101274], [4.832146017621742, 52.001736471917724], [4.832022184047608, 52.00172047292741], [4.831883467484975, 52.00170211156914], [4.831753832448208, 52.00168539282437], [4.8316212852277785, 52.00166865120262], [4.831405919396616, 52.00164251209916], [4.831413483110568, 52.00162795975484], [4.831187603061218, 52.00159948756871], [4.830957729919377, 52.001570097245086], [4.830735886051081, 52.0015403129904], [4.830755678110946, 52.00151439432932], [4.830632272290325, 52.00149569939532], [4.830468549258895, 52.00147175321591], [4.830305972783562, 52.0014457898583], [4.830127026221111, 52.0014187960385], [4.830005438258263, 52.00140034274515], [4.829847170802423, 52.00137688891696], [4.829741907653776, 52.00136079568491], [4.829605428789917, 52.00134065355329], [4.829464242826534, 52.00131844860798], [4.829335019168494, 52.00129925734913], [4.829206882166731, 52.00128052051579], [4.829084214011047, 52.00126116231383], [4.829018500518632, 52.00125233875936], [4.828834032244427, 52.00122800429365], [4.828667410674327, 52.001204257570976], [4.828480753033746, 52.00118035258945], [4.828471106701564, 52.001207703236304], [4.828451586934983, 52.00125608465211], [4.828451015687723, 52.001266867938654], [4.82837366439282, 52.00125706298061], [4.82825310980034, 52.00124108456968], [4.828120596586229, 52.00122299090666], [4.827873683637368, 52.00119052948083], [4.827873233006393, 52.00119046442116], [4.827789822611658, 52.001178428144634], [4.8276416760375245, 52.00115864174097], [4.827433624142959, 52.00113143354225], [4.827227383885892, 52.001103775188376], [4.8269825312013195, 52.00105920541618], [4.826905782862436, 52.0010466519305], [4.826777831315167, 52.001021369821835], [4.8267775117431615, 52.00102130538196], [4.8267899182729535, 52.00100738759312], [4.826751771350714, 52.00096603939876], [4.826030273477821, 52.00087714973352], [4.825897856463304, 52.00086083370869], [4.825897449298571, 52.00086078682539], [4.825853464664922, 52.00085542675224], [4.825557975057763, 52.000819448035514], [4.8249552421198505, 52.00074425934497], [4.82495506760544, 52.000744240534665], [4.8245650284656225, 52.000695223975214], [4.824079290112012, 52.00063424324798], [4.823226444501265, 52.00052605708965], [4.822860044553242, 52.00047930532849], [4.822331024139887, 52.00041311232585], [4.821659372358374, 52.00032683488393], [4.821260229724298, 52.000276235585105], [4.820968454059458, 52.00023042094215], [4.820519135723681, 52.00016563682219], [4.820096372044727, 52.000102659745814], [4.819782754992436, 52.000055712248], [4.819480063513437, 52.00000966151364], [4.819282076610189, 51.999980761648246], [4.819271367405602, 51.99997893028475], [4.81895897821147, 51.99992370824815], [4.8186962970374285, 51.9998783250255], [4.818590402282625, 51.99985980087502], [4.818587627105534, 51.99985931108639], [4.818585215050417, 51.99985889495868], [4.818479982418455, 51.99986050778958], [4.818479662068814, 51.99986050624168], [4.818466932145581, 51.99986070539423], [4.818462635522166, 51.99986076552823], [4.8184571590876715, 51.99986084692628], [4.818361438313372, 51.99986224495028], [4.818277311217063, 51.99986347422695], [4.818167131008514, 51.99985791713298], [4.818054636933507, 51.9998361787224], [4.817945490876551, 51.99980996222567], [4.817805905521922, 51.99976688905378], [4.8179446493408795, 51.99967091751073], [4.818062405516632, 51.999590097537954], [4.81818527754319, 51.99950773820836], [4.8182621855597985, 51.999454512505686], [4.818351183011938, 51.99937464081988], [4.818496727878259, 51.99923939548151], [4.818662240833731, 51.99908771685788], [4.81866256493818, 51.99908742180817], [4.818666881476703, 51.99908348778818], [4.8186893188422815, 51.99906302185177], [4.818746023229905, 51.999011325136514], [4.818869051979651, 51.99889684152044], [4.819107399176549, 51.998716562488056], [4.81918740849619, 51.99865167529586], [4.819300533180273, 51.99856363207576], [4.819409623481636, 51.99847561422711], [4.8200507062432365, 51.99799087183211], [4.82064916778547, 51.99753036909467], [4.820663152979541, 51.99751950658849], [4.821319048292207, 51.99701038031479], [4.821792495799469, 51.99663377905351], [4.821935716616043, 51.9965242699083], [4.822039360341623, 51.996442434415535], [4.8223821644121525, 51.99618065864925], [4.822622793636692, 51.99600189351296], [4.823078072183728, 51.995651113331405], [4.8235510145401745, 51.99529036702092], [4.823919762353008, 51.99500542223667], [4.8242959077387395, 51.99471423781811], [4.82473379908642, 51.994375457412296], [4.825070168416096, 51.994106434436944], [4.825637101083244, 51.99365091512842], [4.826115195183607, 51.99326840436871], [4.8265014833106, 51.992960210387174], [4.826811059651524, 51.99271883777214], [4.826968648948842, 51.99259468600492], [4.827334489395347, 51.99230701122127], [4.827654042761266, 51.9920576213118], [4.827965236240824, 51.99181516576832], [4.828543160170716, 51.99136555411584], [4.828899161650614, 51.99109471687681], [4.829368710547245, 51.99071821054302], [4.829775266935189, 51.99039573853899], [4.83028068934407, 51.990002797012934], [4.83075410654198, 51.98963416827449], [4.831326901379889, 51.989182721069476], [4.83188115260429, 51.98875588355768], [4.8324519073190695, 51.988319243048025], [4.832897303633171, 51.98797449946994], [4.833392725162141, 51.987590036439045], [4.833706267903163, 51.987344457856665], [4.834003344051553, 51.98710461649615], [4.834333539684731, 51.98684561403132], [4.834804512081706, 51.986472661128474], [4.835106891566703, 51.98623152059622], [4.83511658038805, 51.98622378214245], [4.835130708873386, 51.986212532095266], [4.835132135055046, 51.98621138827752], [4.835217848184357, 51.98614302050802], [4.835189196739303, 51.98609229070647], [4.835152787657137, 51.98603788422493], [4.835131945738607, 51.98600674069906], [4.835138889810976, 51.985985443927326], [4.835083124301074, 51.98597320083683], [4.834759914457151, 51.98590223101726], [4.834692461778719, 51.985887425125924], [4.8345738899245605, 51.98586138639844], [4.8345304362522326, 51.9858518524239], [4.8344779379456995, 51.98584030750384], [4.83447484418693, 51.985831466415], [4.834470919140217, 51.98582274725846], [4.834466191476647, 51.98581418612214], [4.8344606900889024, 51.985805801118346], [4.834454399977491, 51.98579762812992], [4.834447364480943, 51.98578969432543], [4.834432714963963, 51.985778246264836], [4.834417230400767, 51.98576722572057], [4.834400954351153, 51.98575664188526], [4.8343839154858, 51.98574653084663], [4.834366142696809, 51.985736910716774], [4.8343476941003765, 51.985727790756776], [4.834328583810108, 51.985719206985976], [4.834308870052851, 51.98571115967767], [4.83428858160937, 51.985703675931845], [4.834267761928116, 51.98569677392898], [4.834246454678734, 51.98569045387405], [4.834224717755411, 51.98568474300383], [4.8342025656033885, 51.985679650374415], [4.834180071005746, 51.985675176327554], [4.834169964531741, 51.98567309746577], [4.834160243958231, 51.98567041819726], [4.834150996515483, 51.98566714792056], [4.834142323657757, 51.98566332306595], [4.834134312171994, 51.985658988983104], [4.83412703428795, 51.9856541909535], [4.834120562346251, 51.985648965270514], [4.834114968465805, 51.98564336620342], [4.834110295540965, 51.98563745687237], [4.834106601244518, 51.98563128249027], [4.834103913692294, 51.98562492408452], [4.83410227611101, 51.98561841781176], [4.834101672835227, 51.985611853481856], [4.834102146869973, 51.985605285227024], [4.834103668325652, 51.98559877582532], [4.834106221869266, 51.985592388122924], [4.834109806614036, 51.98558619402253], [4.834114363667695, 51.985580247177246], [4.834119848584142, 51.98557461029657], [4.834243962877939, 51.985453257624336], [4.834526284631706, 51.985200968641195], [4.8349613484481155, 51.98479892192473], [4.835049367004203, 51.98471572532663], [4.835237244603233, 51.98453816102368], [4.835460292315454, 51.984343908171226], [4.835713464896196, 51.984119388494854], [4.836246896226029, 51.98363333447012], [4.836833238715081, 51.98310265566747], [4.836955931459191, 51.98299160312595], [4.837258982200545, 51.98272608378836], [4.837694601962189, 51.982349547503496], [4.837687648470358, 51.98234680055008], [4.837735175410092, 51.98230402221575], [4.837744876466453, 51.98229517803535], [4.837866602417329, 51.98218425485659], [4.838029201729952, 51.98203650828607], [4.838174606722359, 51.98190083351824], [4.838279964573448, 51.981804565448655], [4.838492508416744, 51.98161002416095], [4.838637098507443, 51.98148243453809], [4.838774670204833, 51.98136449248156], [4.838982768828624, 51.98117959206907], [4.839127295751097, 51.98105694514366], [4.839350805674463, 51.98085660196747], [4.839526927597931, 51.980703280591975], [4.839584912084046, 51.980651346112246], [4.839756016660775, 51.980490369933875], [4.840035768341231, 51.98022886070994], [4.840129725436366, 51.98014536434945], [4.840297434247113, 51.97999516660712], [4.840512517044405, 51.97980107390515], [4.840699309220227, 51.97963385941731], [4.840844629933569, 51.979503798682344], [4.84100027597022, 51.97936006947238], [4.8411599684865685, 51.97921027372035], [4.8413214854006466, 51.97906117831861], [4.841502426046346, 51.97889707234582], [4.84166861728651, 51.978753606877994], [4.84179375656067, 51.97864167978286], [4.8418136481839555, 51.978620577447764], [4.841833908348053, 51.97859909031829], [4.842067835959114, 51.9783970555199], [4.842124901267911, 51.97834361447672], [4.842280288320176, 51.97819537022258], [4.842440702994304, 51.97805253306357], [4.842645702207416, 51.97786384571226], [4.842771495030015, 51.977755228317136], [4.842967622843669, 51.97757772581064], [4.843064484399876, 51.97748425448339], [4.843209535858263, 51.977347646064935], [4.843331762669095, 51.97723159619342], [4.843391434572965, 51.977172998281546], [4.843394747352828, 51.97716986766862], [4.8434735325069544, 51.97709541271054], [4.843647980614349, 51.97693489574603], [4.843692888215772, 51.97689353205626], [4.843810895259765, 51.97679521419374], [4.843859106174718, 51.97675027035448], [4.843996457663439, 51.976618119586405], [4.844112802770229, 51.97650788418025], [4.844150115828168, 51.97647702860111], [4.844250645798034, 51.97639392781258], [4.844285126444005, 51.976362582737835], [4.844306950972505, 51.97634273828123], [4.844468900327109, 51.97619226534062], [4.844605105269953, 51.97606436905378], [4.8447145069388196, 51.97596360172348], [4.844735966372855, 51.97594382741097], [4.844774763779774, 51.9759080978012], [4.844794501267139, 51.97588989749001], [4.844870095036297, 51.975820208689996], [4.844911306387787, 51.9757822250965], [4.844944607913599, 51.97575202490352], [4.845003882474507, 51.97569826906614], [4.845034564459604, 51.97567044767875], [4.845052261985913, 51.97562110226504], [4.845147363883695, 51.975552105393355], [4.845284396965604, 51.97543485434744], [4.84530667697704, 51.975415784802], [4.845344824785605, 51.97538315299492], [4.845376130695085, 51.975351837922034], [4.84548555625166, 51.97524156929471], [4.845552322107548, 51.975196485480296], [4.845533033914332, 51.9751678676478], [4.845593480648131, 51.97504339653506], [4.845621868218763, 51.974984932119774], [4.845641738122999, 51.97498825938567], [4.84687969333044, 51.975195379897244], [4.847209093175828, 51.97524542023462], [4.8474309843857295, 51.97519116899274], [4.847553164557082, 51.975136900480095], [4.847980799128909, 51.97491978791664], [4.848319119082678, 51.9747286995233], [4.848323734870612, 51.97472609606444], [4.848388542801942, 51.974687410377044], [4.848399361433479, 51.97468093437517], [4.848400328853197, 51.97468036355068], [4.8487071864965925, 51.97449718352974], [4.8489429030927065, 51.97435760336431], [4.849235362196363, 51.97418294896632], [4.849812691960835, 51.973825055414224], [4.850388750864756, 51.9734813818049], [4.851211070852616, 51.97298457835924], [4.853238682754867, 51.9717620428368], [4.853811780951666, 51.97141813235952], [4.85452496373658, 51.97098407104204], [4.855109781309885, 51.9706172420786], [4.85577402334765, 51.97022040634063], [4.85629227290705, 51.969933491879964], [4.856673380899273, 51.9697223308541], [4.857043921632873, 51.969497503623344], [4.857487355805807, 51.96922541011407], [4.857713879259027, 51.96907835565502], [4.857827515411964, 51.96900449737811], [4.857951210114674, 51.96894639588503], [4.858071888056164, 51.9689046934302], [4.8582231030921905, 51.96886487189848], [4.858385199802001, 51.968830249412186], [4.858593821823586, 51.968799125492026], [4.859006588581392, 51.968751237809755], [4.859273035279505, 51.96872049811807], [4.859382252977583, 51.96870528550652], [4.859483947168096, 51.96867274545392], [4.859648296529383, 51.96857384662701], [4.859803512236272, 51.968481890578346], [4.859990345172451, 51.96833944461507], [4.860200731810235, 51.96815773487433], [4.860425648305724, 51.96797899305558], [4.860515201729359, 51.967913149830885], [4.860805962622427, 51.967784030130424], [4.860797946130588, 51.96772185776738], [4.860792075890228, 51.96767644929936], [4.8607890482461045, 51.96765294918181], [4.8608217559892575, 51.967604944912416], [4.860885807916508, 51.9675457825], [4.860936485293185, 51.967475567468], [4.861351719608069, 51.96685681423525], [4.861573252127978, 51.96653241677497], [4.861713234530777, 51.96632623803528], [4.861758329457125, 51.96627399239802], [4.862038079969249, 51.96594547673305], [4.862299547906534, 51.965630846733944], [4.862493142333641, 51.96540121294571], [4.862588101753816, 51.965290441484996], [4.862619259135225, 51.9652527664073], [4.862933553126999, 51.96488580662896], [4.8630676779521265, 51.96472545875714], [4.863383349504304, 51.964453043449545], [4.863460328508416, 51.96439018904743], [4.863733710197846, 51.96417776156938], [4.864071640712271, 51.96391119601028], [4.864304497700336, 51.96339736016607], [4.864559241565752, 51.96283778045311], [4.864777554967868, 51.96236118969124], [4.864928989243118, 51.96203621386181], [4.865084906916967, 51.96169711005067], [4.865094818563244, 51.96167556400248], [4.865094952849531, 51.96167527697096], [4.8655119292700455, 51.96076930255771], [4.865674000018663, 51.96043330822774], [4.865688719236551, 51.96039990082861], [4.865712293604121, 51.96040453547316], [4.865749373630568, 51.96040633572977], [4.865804504270615, 51.960416098775], [4.866029872760204, 51.960149271288536], [4.866526087783416, 51.95956119405042], [4.866771955457951, 51.959269809782704], [4.867539206768232, 51.958374059993375], [4.867663502735178, 51.95822893464953], [4.867670487493495, 51.958220013090006], [4.867707522377528, 51.95817275405447], [4.867729938360166, 51.95814413523103], [4.867732561184807, 51.95813875379633], [4.867777523900604, 51.958079008959764], [4.8678559988037735, 51.957992258226476], [4.868290958159058, 51.957487485829574], [4.868765480187907, 51.956930951431154], [4.869307740845218, 51.95629495063351], [4.869518558169741, 51.956055071388505], [4.870188000355149, 51.95528033350801], [4.870300094996645, 51.95514851743413], [4.870404196176368, 51.95502861166967], [4.870429097210858, 51.954999931340524], [4.870539478306562, 51.95494105707688], [4.870541439790982, 51.95494000506558], [4.870655509551092, 51.95487534041204], [4.8706582039558315, 51.954873806245715], [4.870665167546958, 51.95487042124725], [4.870691631679518, 51.95485759421371], [4.8707091426774936, 51.95484911418309], [4.870711234662003, 51.95484809869549], [4.87074514487415, 51.95483167304621], [4.870777167872837, 51.95481616490307], [4.870802066541206, 51.954804103971014], [4.870838993204002, 51.9548492168933], [4.870884065400577, 51.95488178184856], [4.870909420889452, 51.95486541747255], [4.871156320107882, 51.95470613053472], [4.87119526945969, 51.95467146250712], [4.871222881982626, 51.95464349499807], [4.871287623427263, 51.95451770817753], [4.871366733776145, 51.95434411230429], [4.871371958397087, 51.95433379859695], [4.871382141621279, 51.9542704752817], [4.871395488833322, 51.954186258902844], [4.8715536639038755, 51.95381367461346], [4.871762222679776, 51.95332872263014], [4.8718739968972296, 51.953036389403074], [4.871993610210588, 51.9527580223678], [4.872158906251464, 51.95236614342333], [4.872394264832096, 51.95181488357729], [4.8725628160153285, 51.95140998514893], [4.8726955929430735, 51.95108142099346], [4.872723008927475, 51.95101192600695], [4.872728633478833, 51.95099965452184], [4.872737898173663, 51.95097945324104], [4.872788235791119, 51.95086960185085], [4.872833933176004, 51.95076988700182], [4.872843213114074, 51.950748346512114], [4.872777875842833, 51.9507377960471], [4.872792301943169, 51.95070383816699], [4.8727939168184795, 51.950700007196346], [4.872821842112558, 51.950634271549895], [4.873027051172426, 51.95015099235891], [4.873399600400038, 51.94926392235532], [4.8736235281694045, 51.948733885442955], [4.873828553970352, 51.94824602889712], [4.874003781356792, 51.947836276738045], [4.874111833865131, 51.947582035702574], [4.874217132041568, 51.947328151072256], [4.874663693155044, 51.946266755573305], [4.874975350938618, 51.94552137728753], [4.875090665437183, 51.945250475522805], [4.875098692871322, 51.94523271349686], [4.87510579481391, 51.94521703274328], [4.875113824497634, 51.94519779663271], [4.8751187434152286, 51.945186061257495], [4.875203060386523, 51.944979111510165], [4.875425181692164, 51.94445706277038], [4.875435408900722, 51.94443257800022], [4.875462591752054, 51.944367494613616], [4.875484242010588, 51.94431568095394], [4.875513936512525, 51.94424459526053], [4.875709819436643, 51.94377564297052], [4.875980373039578, 51.94313486058765], [4.876099690438948, 51.94284213342699], [4.876220269804746, 51.94256746028158], [4.876274728969119, 51.94243122637083], [4.876279307170238, 51.942419983824834], [4.876280788722273, 51.94241631401533], [4.876285157289268, 51.94240560087259], [4.876294060214903, 51.94238366296937], [4.876295316466407, 51.94238062136722], [4.876307839637204, 51.942349827662625], [4.876313988874015, 51.9423347179498], [4.876324368716393, 51.94230951469098], [4.87632879533147, 51.94229881078705], [4.876458339771299, 51.941991350777116], [4.876613049379801, 51.94162441592488], [4.876656129592051, 51.94152178490791], [4.876692647511162, 51.94143478314126], [4.876823291944182, 51.94112350742212], [4.876842759500707, 51.94107664561036], [4.8768445686552715, 51.94107229409838], [4.876905377322557, 51.94092600247359], [4.876910924660872, 51.94091263386131], [4.8769132121236325, 51.94090714289965], [4.876913765300821, 51.94090581502003], [4.876915125919657, 51.940902540165915], [4.87691566424807, 51.940901239187006], [4.876918744200276, 51.94089383713941], [4.87697068655341, 51.940768836427836], [4.876977280192863, 51.940752973582725], [4.876979746740575, 51.9407470789196], [4.876983394080676, 51.94073837601706], [4.876983737740791, 51.940737568554006], [4.876983827546621, 51.940737344234165], [4.876987026774966, 51.94072968203919], [4.876989284011495, 51.94072428981702], [4.877026431617243, 51.940635510974026], [4.87712903879235, 51.94039030367926], [4.877244520602308, 51.9401151579002], [4.877357743358873, 51.93985057254146], [4.877498045312878, 51.939511455948974], [4.87758428963154, 51.93930319145933], [4.877630955228587, 51.93920203172093], [4.877634294760605, 51.93919480155763], [4.877648890837141, 51.93916315379987], [4.877650873929479, 51.93915883898201], [4.8777057271982, 51.93902941926981], [4.87773942342215, 51.939034427970526], [4.877768056478818, 51.93903964842563], [4.877769346442431, 51.9389874495025], [4.877770888507532, 51.93885146199092], [4.877792920155559, 51.938030675583256], [4.877866829811526, 51.93803394391955], [4.879787699459757, 51.93811890096938], [4.881802799634966, 51.93828487536314], [4.885109973229777, 51.938586715358504], [4.888702415521791, 51.93902702312334], [4.89228159305082, 51.93949890298569], [4.892274879129758, 51.93950903158853], [4.894073214593955, 51.939786030706124], [4.897918223663657, 51.94024420193368], [4.89884959567268, 51.9403734160469], [4.90071318367864, 51.940631924447196], [4.9044337536251446, 51.94112271410105], [4.906422570114016, 51.94140907826939], [4.906918609448974, 51.94146483752391], [4.906938204705834, 51.941467038800894], [4.906990671768572, 51.941472933695735], [4.907460478923209, 51.94152574322067], [4.908205755244111, 51.94160950552996], [4.908498744141169, 51.94164631037835], [4.913525496754628, 51.9423576350356], [4.914011340842761, 51.94243593793897], [4.914582587849137, 51.94259703224021], [4.914919859834231, 51.942698769077595], [4.915515453525007, 51.94287843664475], [4.916379881931711, 51.94317845316258], [4.916636646475906, 51.94331503413945], [4.91800267885147, 51.94398698712007], [4.919187601286364, 51.94472895078483], [4.920217755612379, 51.94544250492716], [4.920350451486219, 51.94553843404852], [4.9205148140351325, 51.94566070768422], [4.920684907384069, 51.945787246316975], [4.9213284709492005, 51.94626599088542], [4.922357927301791, 51.94710003889008], [4.922564870741234, 51.94727890670874], [4.922593688746963, 51.9473038104028], [4.9227162699135505, 51.94740976378939], [4.9244937121895065, 51.948945947403786], [4.925180237266463, 51.949614655203106], [4.925209328352216, 51.94964299285834], [4.925289559533199, 51.94972113799821], [4.92546581762326, 51.94993138419965], [4.925857827423184, 51.950398985769134], [4.926301291212211, 51.950927944259654], [4.929475474039462, 51.950191449182], [4.929553903291147, 51.94987911304818], [4.92958700014807, 51.94981439096809], [4.929581092865366, 51.949746029658485], [4.929641259230068, 51.94950856715208], [4.929707690352797, 51.94941141894853], [4.929949788175186, 51.94885440031372], [4.929963744241648, 51.94882229429465], [4.930033565070663, 51.94874635358092], [4.9301308837303806, 51.948645424246344], [4.930679755698343, 51.94897485723321], [4.93073167236083, 51.949006014562826], [4.930813561485819, 51.948971933971684], [4.9310215120345795, 51.94888538303052], [4.931043324602099, 51.94886304172575], [4.93116514493818, 51.948738306574555], [4.931295847686909, 51.94866700543995], [4.931366111699697, 51.948610210816824], [4.9315180472148885, 51.94839870174854], [4.9319832136485955, 51.947751122557335], [4.932126498002571, 51.94755164156007], [4.932235954792534, 51.947340119989875], [4.932387361773216, 51.94708948149995], [4.932615468529439, 51.94666291390403], [4.9328608337836775, 51.94605534241676], [4.933258778987982, 51.94491810120895], [4.933240960718836, 51.944916810020636], [4.9334016122123625, 51.94442781706597], [4.934009992403195, 51.942783112097075], [4.933977953264961, 51.94277586087667], [4.934005551583099, 51.94271873844587], [4.934094208489275, 51.94254435563743], [4.934186320207436, 51.94231575040084], [4.9342480193604175, 51.94220555725253], [4.93428632991047, 51.942131676795], [4.934407699916874, 51.94178774674391], [4.934547065249153, 51.941388247965854], [4.935819407893413, 51.93806304584665], [4.936354068865719, 51.93663206638596], [4.936375895975949, 51.93655669286927], [4.936423631438157, 51.936391921663784], [4.93719511103367, 51.93434405833318], [4.937214641147362, 51.93429887671687], [4.937276937996676, 51.93415473518756], [4.937564529734729, 51.9333653635177], [4.937981807466219, 51.93231307388535], [4.938096882881933, 51.93193004328432], [4.938099439941587, 51.93192151411362], [4.93857740579709, 51.93072979293014], [4.939087393544706, 51.92935991664269], [4.9391755581059105, 51.92915152497354], [4.939201658299558, 51.92905649164442], [4.939227556537679, 51.92895545331631], [4.939235057525854, 51.92893807144501], [4.939332352571323, 51.92894982133825], [4.939365126609914, 51.92895683125033], [4.939368057312538, 51.9289574536207], [4.939450188458464, 51.92897500607024], [4.939456037747767, 51.92897600807487], [4.9394608855763416, 51.92897683548697], [4.939621241395409, 51.92900420432952], [4.940004682658686, 51.929078684683], [4.940163495459518, 51.92912238774798], [4.940364461119088, 51.929197916773184], [4.940519431509053, 51.92926258357687], [4.940714390689782, 51.929361827430476], [4.940798423699616, 51.92941198692336], [4.941008838899859, 51.92957132218946], [4.941249003927269, 51.92976720869792], [4.9413166757078235, 51.92979889760937], [4.941493786929027, 51.92986858167746], [4.941791047333306, 51.929971078738255], [4.942078216595289, 51.93006057563493], [4.942183360059303, 51.930102302065926], [4.94229315020805, 51.93016667866049], [4.942383810740023, 51.930237984715], [4.942525853589484, 51.93037989978853], [4.9426889220265, 51.93054970413706], [4.942773186971759, 51.930622432831406], [4.942872389582285, 51.930701995128885], [4.943013275226878, 51.93082301629065], [4.943198175380963, 51.93100418276403], [4.94328880269918, 51.931057088820474], [4.943577672814173, 51.93120653175892], [4.943757265168215, 51.93130859778504], [4.943909727594736, 51.93140321777646], [4.944040279235431, 51.93149486074374], [4.94428534379574, 51.93166514259815], [4.944508130939169, 51.93182548883306], [4.944869354588875, 51.93211596749061], [4.945107217186204, 51.932334667717306], [4.94516830237147, 51.9324039638423], [4.945212349618492, 51.93247147013164], [4.945251058135259, 51.93253184655367], [4.945386674833609, 51.93270196633768], [4.945551890418631, 51.93290824041137], [4.9456513415747985, 51.93304934447346], [4.945844045639942, 51.933228522590895], [4.945944227038917, 51.933289506995095], [4.946048218726109, 51.933337121956185], [4.946118801981388, 51.93336195188889], [4.946256661011139, 51.93340047164855], [4.946730099726541, 51.93350451541172], [4.947236725327866, 51.93361864950957], [4.947623429589327, 51.93370674336972], [4.947639620853774, 51.93371043518607], [4.947696234459884, 51.9337246056973], [4.947726013823831, 51.933629449500636], [4.947863826991351, 51.93321186248726], [4.948002313768655, 51.932827741431666], [4.948241965921072, 51.932120965619724], [4.9484546533192155, 51.93147526337113], [4.9485453997315325, 51.93123071433861], [4.948599630449733, 51.9312548526061], [4.948601251837577, 51.931255577721785], [4.949494329360373, 51.931653134466124], [4.949516177187161, 51.93163432227966], [4.949519446976076, 51.93163151210871], [4.949595488720883, 51.931566063325256], [4.949654442418167, 51.93141435264171], [4.949746050425395, 51.93117918974021], [4.950287977218193, 51.929887349590565], [4.950566119091467, 51.92922715471339], [4.950771395277042, 51.928719931122686], [4.950946778833441, 51.92830515829955], [4.951075797915557, 51.92798596615907], [4.951200971974875, 51.927703252323205], [4.951377832647541, 51.927294254820076], [4.951473453752066, 51.927096227260336], [4.951601742269105, 51.92681566374596], [4.9516685297873595, 51.92661484167862], [4.951757619542171, 51.92637039179892], [4.951844718257968, 51.926167793240595], [4.951979794261095, 51.9258433642867], [4.952020800551828, 51.92574485988346], [4.952060802921667, 51.92563440622599], [4.952176252008786, 51.925315728846975], [4.952364086686239, 51.924844939477964], [4.952610782178026, 51.92425668281888], [4.9528327635939515, 51.92372195884817], [4.953086131917923, 51.92307219149035], [4.953367836930392, 51.92238208049958], [4.953664750069458, 51.921642561932224], [4.9540017290445295, 51.92079912297053], [4.954325413056757, 51.9200383089702], [4.954684355693152, 51.9191817628725], [4.955062903511067, 51.91825156513218], [4.955412368762708, 51.917407223991276], [4.955684690092304, 51.91676506151285], [4.9560734132530495, 51.91579409049356], [4.956157452716007, 51.91559106386883], [4.956218043565326, 51.91560065189002], [4.9562278106647755, 51.915602197741606], [4.956317905908496, 51.915616468947555], [4.95644982358992, 51.91555125641974], [4.956506393919952, 51.91552688050659], [4.956586965524443, 51.915499006125884], [4.956685472310092, 51.91546815930422], [4.9568092001590625, 51.91543695531981], [4.957722926871939, 51.915353262617344], [4.958294319622121, 51.91531322920037], [4.958444254351634, 51.91530158790499], [4.9585577229106805, 51.91528522040843], [4.958733521413838, 51.91514171487076], [4.958918036472792, 51.91495275970232], [4.959113478289237, 51.91473650142832], [4.95936718665803, 51.914440835958004], [4.959531268836857, 51.91425104144817], [4.959656800097807, 51.91409229613603], [4.959693416242849, 51.91404599540491], [4.960246534513874, 51.91467949208466], [4.960312010231134, 51.914754728771484], [4.960380233898452, 51.91482682947019], [4.960490727502376, 51.91475770559123], [4.960641121796391, 51.914663666835246], [4.961417433011542, 51.914447794204776], [4.962132928215659, 51.91426079190876], [4.962709885503797, 51.91410670383787], [4.963148453871439, 51.91398697070342], [4.964377437037752, 51.91369237256686], [4.9646791659504865, 51.91356406094114], [4.964785223739406, 51.91351896096518], [4.964674496201977, 51.913474816675745], [4.964672688031695, 51.913473902352045], [4.964307805617662, 51.91328733115453], [4.964065713683614, 51.91316052405169], [4.963868325861304, 51.913063440166674], [4.96365835089614, 51.91296652631801], [4.963485272153683, 51.91289341144777], [4.963326189475888, 51.912829613791224], [4.963261944781528, 51.91280392707624], [4.963293194791986, 51.912785200155525], [4.96335920142456, 51.91274423549307], [4.963562408506088, 51.912616784899434], [4.964114590437354, 51.912294158719455], [4.964135386577544, 51.912281973434], [4.964160157814429, 51.9122674564867], [4.964192594988389, 51.91201432602595], [4.964188765752021, 51.91196871426972], [4.964164299529465, 51.9118334322233], [4.964162764989938, 51.91172929648625], [4.964164331505543, 51.911556617641715], [4.964172592869273, 51.91142927323837], [4.9641565511057255, 51.91128064680692], [4.96414346904143, 51.911157288331054], [4.964138146162559, 51.91103101858057], [4.96413264059899, 51.910919534033155], [4.964132746322535, 51.91080635290073], [4.9641294337095765, 51.91068577102648], [4.964128182781911, 51.910638002342715], [4.964151658784616, 51.91063284661301], [4.964268695438035, 51.91062038741876], [4.964484482384564, 51.91059428836743], [4.964656001545207, 51.91056659166809], [4.96495533007622, 51.910510501220706], [4.965262426191866, 51.910452046987835], [4.9656158852770815, 51.9103932548894], [4.966008090242251, 51.91033273997205], [4.966157925301115, 51.91031267540558], [4.966432171032454, 51.91026849082871], [4.966658093736611, 51.91025539428408], [4.966717304416693, 51.91025196580762], [4.966718642169815, 51.910251889697484], [4.967111913083969, 51.91020609785784], [4.967607082985939, 51.910139123357354], [4.967791941386357, 51.91009411316662], [4.96809741152647, 51.909997346310185], [4.968325513129006, 51.909899916497004], [4.968554458855563, 51.909803810538264], [4.968672499890695, 51.90975333874331], [4.96902112891269, 51.90960338618442], [4.969885608023327, 51.909248703408835], [4.970500475590672, 51.90899597459251], [4.971187577272061, 51.90871657807399], [4.9714455140550955, 51.90860200811924], [4.972062880526964, 51.90834743737217], [4.97219158688988, 51.908296280647505], [4.972369759482746, 51.908232714647575], [4.972722042036692, 51.908109450488425], [4.972966500338587, 51.90801692308041], [4.973269010420075, 51.90790112199047], [4.973406562100016, 51.907834409259756], [4.973693745746805, 51.90770041460399], [4.9737406249717, 51.90766741243568], [4.973763483344045, 51.90763272583628], [4.973770455990572, 51.907580869512856], [4.973777840583501, 51.90752372049006], [4.9737776219699565, 51.90752062772337], [4.973773390040061, 51.90746247608851], [4.973770474818643, 51.9072911385899], [4.973765104627955, 51.90697427978824], [4.973765837762993, 51.906616338637704], [4.973765980562992, 51.90654390189025], [4.973751315634552, 51.90628334945093], [4.973749675183806, 51.90613301323515], [4.97374793887054, 51.905974137729736], [4.973730449480457, 51.905624105116416], [4.9737259532582705, 51.90555521143499], [4.973719674255214, 51.9054589508882], [4.973722783726081, 51.90525193273493], [4.973705084327498, 51.90471459071983], [4.973683277212975, 51.90424949171713], [4.973668312193691, 51.90393004632826], [4.973630359268403, 51.90319029572766], [4.97362274019791, 51.903015436110834], [4.973585571967413, 51.9022758409662], [4.973561975150939, 51.901825485406995], [4.9735538684970875, 51.901559922364925], [4.973534157911993, 51.90120054277324], [4.973527290559433, 51.901049873461865], [4.973528731486808, 51.900768398617565], [4.97351188591964, 51.90030136631697], [4.973498482135351, 51.899929344235375], [4.973491154932347, 51.899917166161316], [4.973480844628862, 51.899156722290186], [4.973433765352914, 51.898228398822546], [4.973412938226651, 51.89767476728758], [4.973415668159726, 51.89743485911663], [4.973406469316568, 51.89739243753899], [4.973410699441999, 51.897250049557194], [4.973429564298838, 51.897255670792006], [4.973461240528043, 51.897263206707294], [4.973492430014964, 51.897268376957165], [4.973522619321001, 51.89727013708303], [4.973549652038996, 51.897269153624336], [4.973587080768352, 51.897264152987596], [4.973749024672277, 51.89723670602323], [4.973781949143294, 51.8972317344208], [4.973836595028771, 51.89722351350847], [4.973903642264806, 51.89721439240174], [4.974354975055692, 51.8970931075487], [4.9745309365087635, 51.89716719652178], [4.974666771176184, 51.897217379117926], [4.974799061238523, 51.89725328456304], [4.975757426511281, 51.89749645339492], [4.977477449568473, 51.897944519508165], [4.978216721810109, 51.898137432188456], [4.97963126805535, 51.89852019028348], [4.979645906717971, 51.8985241509882], [4.979677387136203, 51.898532664275265], [4.979678850962446, 51.89853306483928], [4.9803050404328815, 51.898702499015194], [4.98182006214889, 51.89911287612855], [4.9835317351429245, 51.89957400136642], [4.983538186739108, 51.89957556952388], [4.984591099551117, 51.89983241030242], [4.984814889838248, 51.899903402803616], [4.985039749989725, 51.899965320283776], [4.985114147894749, 51.899985807641286], [4.985854467988555, 51.90017941268178], [4.986359401495371, 51.90031700395944], [4.987704405311347, 51.90065982448303], [4.988078081701688, 51.90075531903207], [4.9882814906608495, 51.90080730618592], [4.9882913149923995, 51.9008103506321], [4.988569511675226, 51.90089662104021], [4.9899717339872165, 51.90126974753384], [4.991455178050167, 51.90166064004902], [4.991449530279194, 51.90167333956888], [4.991970409216012, 51.901814124216074], [4.992251138340583, 51.90188984204052], [4.9924568803565, 51.90194533523566], [4.99266613373168, 51.90195341724961], [4.992727597389273, 51.90197492596413], [4.9929113237829315, 51.90201750908959], [4.993321943845145, 51.90213461097743], [4.9937552512714545, 51.90222643119646], [4.994014358144858, 51.90227795663584], [4.994239303727478, 51.902324576502046], [4.99424401774842, 51.90232553603988], [4.994340574638605, 51.90234528265581], [4.994348595628892, 51.90234692736957], [4.994359864936992, 51.90223785530412], [4.994377201851559, 51.90223927947694], [4.994482898059442, 51.90224407291996], [4.99448007707034, 51.90226095262739], [4.9946970405763675, 51.90227487225044], [4.994835883909421, 51.902284315182115], [4.994968055710085, 51.90229233350238], [4.994993587974662, 51.90208878735677], [4.99505840337499, 51.9017126788557], [4.995122104400596, 51.901389274346414], [4.995183270772616, 51.901041493884165], [4.995237279088468, 51.900693006390284], [4.99525378445611, 51.90065973257803], [4.9953186671786804, 51.9005288985761], [4.995394652911918, 51.90051953434641], [4.995417770744516, 51.90042436171352], [4.995485267570343, 51.90020014722683], [4.995567757825851, 51.89988087677041], [4.995636745873107, 51.899605352578156], [4.995654561727002, 51.89954663701118], [4.995706109131051, 51.89937676682993], [4.995776146032573, 51.899134134463885], [4.995854491151621, 51.89888503112529], [4.995912972423608, 51.89864444548986], [4.995964850458499, 51.89838955532521], [4.996031525478268, 51.89808875686042], [4.996087728049079, 51.897814250425625], [4.9961313813773245, 51.897582684572065], [4.996185813547661, 51.897366290967256], [4.996228622880848, 51.897146470054615], [4.996271171767432, 51.89692480563926], [4.9963018694785655, 51.896689232735625], [4.996322021785644, 51.89647174529667], [4.996336357494693, 51.89619129295966], [4.996345087615681, 51.89594398905044], [4.9963377841331456, 51.89569602060215], [4.9963268584617255, 51.895453612887614], [4.996281355448939, 51.89523967317443], [4.996217368897976, 51.89500615819685], [4.996149280500132, 51.8947799730262], [4.996080283794619, 51.89459149998811], [4.995986319566317, 51.8943573008485], [4.995924985807877, 51.894193256641174], [4.995878427776683, 51.89403750393305], [4.995826015055965, 51.89381332120976], [4.995806057659349, 51.89365425943982], [4.995769299656007, 51.893477614381986], [4.995759325063421, 51.893279917867616], [4.995774577562375, 51.89298453884305], [4.995808760189458, 51.892772518102454], [4.995840634436916, 51.89253524131972], [4.995859384731973, 51.89241550672044], [4.995859927244125, 51.89241326143362], [4.995914655394405, 51.89218731416415], [4.995961684139996, 51.89196297711617], [4.996041038616882, 51.89167641326802], [4.996161858078682, 51.891332317925986], [4.996242670751541, 51.891076606877434], [4.996268437793044, 51.8909950961292], [4.996325002755855, 51.8907579372538], [4.996443732917935, 51.890515043747705], [4.996558215528993, 51.89030445819577], [4.996672682803431, 51.89010555736622], [4.996785386014048, 51.88994577696141], [4.996912336214632, 51.889767878255796], [4.997036559475838, 51.889564272590675], [4.997146009569783, 51.889375610369804], [4.997205189340195, 51.889211409377864], [4.997257182704516, 51.88901149166454], [4.997294811367323, 51.888843183327545], [4.997334106526494, 51.888717215759435], [4.997347294043475, 51.888688964098534], [4.997382105388478, 51.888614395154136], [4.997422120553264, 51.88852263970551], [4.9974480473983895, 51.88848095670896], [4.99748157724478, 51.88844529416835], [4.997574017015077, 51.888261186156356], [4.997798260828192, 51.8878340377225], [4.998073480598592, 51.88729154800843], [4.99866145561001, 51.88614175863825], [4.998830884574197, 51.88583301959138], [4.9988762673515765, 51.88574813950008], [4.999027690960743, 51.88543671605157], [4.999122361585233, 51.88524005738026], [4.999201367649541, 51.885072720935334], [4.999256693310436, 51.88493452748401], [4.999284343420753, 51.884857624297496], [4.999315877813451, 51.884769884950224], [4.999376092955417, 51.884612005047984], [4.999434976847761, 51.88441809528888], [4.999452273459162, 51.884283506417155], [4.9994476867700035, 51.88425280494901], [4.999441232954008, 51.884091550070316], [4.99942721903383, 51.88394632348911], [4.99940032696991, 51.883763438025916], [4.9993797828873925, 51.88358385426228], [4.999352058201418, 51.88343695551261], [4.99931927045532, 51.883301185634544], [4.999275812610928, 51.88317325434264], [4.999245316361046, 51.88306993107606], [4.999210618541457, 51.882975519390904], [4.9991811621848266, 51.88291502019377], [4.999178479141293, 51.8829095104437], [4.9991542468999075, 51.88285629110321], [4.99913982813458, 51.8828086949407], [4.9991137923473685, 51.882760835699365], [4.999044126995623, 51.88262194180764], [4.998928683082715, 51.882425712518256], [4.99883625390743, 51.882279076182435], [4.99871674868927, 51.88210093585413], [4.998714841578496, 51.882098089219646], [4.99856130446688, 51.88190016063416], [4.998442177142963, 51.881774351637304], [4.998300310462078, 51.88162452220121], [4.998036066034305, 51.88138754942702], [4.99775364711335, 51.88115320333631], [4.997348329538956, 51.88086222650456], [4.996974347002893, 51.880559209010094], [4.99677627526963, 51.8803885626686], [4.996673385545962, 51.88028883615363], [4.996528072093633, 51.88014578828877], [4.996526173875326, 51.880143615776106], [4.99642821689099, 51.880031231815124], [4.996347016502912, 51.87994101494374], [4.9962586515436325, 51.879841336369715], [4.996173868001637, 51.879745714420224], [4.996164641944497, 51.879722754339056], [4.996051911324825, 51.87958927008168], [4.995944342520486, 51.87944680552385], [4.995852462165806, 51.879334072776174], [4.99577155908912, 51.87921328697375], [4.995680725381794, 51.87906548487964], [4.995588419272741, 51.878921731567154], [4.995511269578138, 51.878787017093664], [4.995406560395364, 51.87857171964442], [4.995328986041419, 51.8784041780271], [4.995268652120929, 51.87825648629819], [4.995197671399306, 51.87808402296442], [4.995147379649943, 51.877948957403476], [4.995091855683963, 51.87775271734735], [4.995047399795703, 51.87761631396468], [4.995040789559436, 51.877546595919384], [4.995005480836677, 51.877362126165444], [4.994979922898721, 51.87714530377218], [4.994952452765419, 51.8769562940552], [4.994952151143434, 51.87695424369493], [4.9949413850530515, 51.87675986074607], [4.994951893127484, 51.87653891621042], [4.994973749358744, 51.87625389534896], [4.99501365103658, 51.87601612377207], [4.995077152576101, 51.875744760420936], [4.995133759395371, 51.87554630584304], [4.995176186160953, 51.875378589168555], [4.995241315883152, 51.875206867486234], [4.99531700197879, 51.875003496888056], [4.995408165942278, 51.874795288165814], [4.995416401928751, 51.87477834554217], [4.9958048276878735, 51.87397974497081], [4.995953082581507, 51.87372000676048], [4.996123369217632, 51.87336109183712], [4.996238125000912, 51.87311919156875], [4.996549127858019, 51.873207215769156], [4.99653579366477, 51.873226065038324], [4.996614577714662, 51.87324866314304], [4.99665354246234, 51.87325983941186], [4.996646299507405, 51.87327287547297], [4.996707825042428, 51.873291326422745], [4.996692239146329, 51.87331530958738], [4.996634134134384, 51.87340471276367], [4.9967168060788, 51.87347968112288], [4.996792562509846, 51.873548379508556], [4.996796928079284, 51.87355233992032], [4.996805865251445, 51.87355492232152], [4.996817728447701, 51.87355834137683], [4.997328063615079, 51.873705567071], [4.997661515072776, 51.873802839945895], [4.997970010757815, 51.87389282949252], [4.998242156165515, 51.87400016233839], [4.999292614701215, 51.87434386391894], [5.000430250586195, 51.874715940777264], [5.001212344742025, 51.874974241479805], [5.00126680641585, 51.87499222638967], [5.001242457133445, 51.87472591924761], [5.002362366698975, 51.87504610101014], [5.003519046368644, 51.875374841211844], [5.004337965170396, 51.87560615025513], [5.004662862127947, 51.875689892701836], [5.005374738988731, 51.87589354818805], [5.00547304041766, 51.87592065299883], [5.005770509868381, 51.87600266736871], [5.005987846380449, 51.87606258822235], [5.006010955026129, 51.87606895506801], [5.0061246581427055, 51.87610030687511], [5.00627401686778, 51.8761414906224], [5.00658773980675, 51.87622860708104], [5.0066346230851595, 51.8762416213278], [5.006638737884874, 51.876242740227234], [5.006775091746515, 51.876279782506856], [5.006942364987776, 51.87632522097963], [5.007189543167178, 51.87639253474525], [5.007459882519137, 51.87646873146565], [5.007621353992048, 51.87652210493784], [5.00786490004516, 51.876589854961], [5.007963624343632, 51.876617111845725], [5.0084443469699815, 51.876752256856314], [5.009150578760127, 51.87695080170514], [5.009323478526356, 51.87699951765899], [5.010004229855071, 51.87719130602003], [5.010185613416089, 51.877243382624606], [5.010256384939965, 51.877263707716914], [5.011033256420487, 51.87748470505597], [5.011133716215236, 51.87751328611276], [5.011836092889794, 51.87771024741134], [5.0118671701444555, 51.877719065419676], [5.012522141769482, 51.877904986225765], [5.012688322227402, 51.877952273589464], [5.013040171020715, 51.87805239257983], [5.013281083619142, 51.87812094986685], [5.013464629774663, 51.878172336161036], [5.013629572397463, 51.878218521667144], [5.01364561134974, 51.87822305786196], [5.013957813464149, 51.87831139010779], [5.014138458864503, 51.87836250546684], [5.01411949023672, 51.87833821256353], [5.014151411116177, 51.8783469787132], [5.014518537910593, 51.87844785184275], [5.015139639486233, 51.878620905030495], [5.015899901203378, 51.87883300882747], [5.016504266456039, 51.87900277505089], [5.01723092792288, 51.87920688137717], [5.018483885697541, 51.879559505962945], [5.019252500376778, 51.879775200536926], [5.019458866232764, 51.87983311152151], [5.020535987064642, 51.880135143361464], [5.0206769476904185, 51.88017467358693], [5.021837586896402, 51.88050266966772], [5.0221306418604605, 51.88059556754666], [5.022861993189756, 51.880804336394576], [5.023461844139896, 51.8809802905935], [5.023514599331642, 51.880995770075074], [5.023561703799303, 51.881009587173516], [5.02385251013575, 51.881083229667965], [5.023942398951911, 51.881108135729605], [5.025108484491555, 51.881431235495725], [5.025224133039254, 51.88146058829626], [5.025570928670694, 51.881554775620586], [5.025972487916494, 51.88166611830176], [5.02603856588672, 51.88168305776224], [5.0261082674089455, 51.881700925134375], [5.026649735262932, 51.88183971438425], [5.026703769136401, 51.881853569455245], [5.026928152214325, 51.88191109109048], [5.026955908456511, 51.88191820509296], [5.027002289373382, 51.881857540939535], [5.027134444731135, 51.881684713073675], [5.027160922687722, 51.88165008111214], [5.027254431529189, 51.881527811132266], [5.0271953312321305, 51.881510057814964], [5.027057533949682, 51.88149868772903], [5.027009563087446, 51.881489489404444], [5.026934603275866, 51.88146082039876], [5.026847085025991, 51.88143340715881], [5.02675105455536, 51.8814279353246], [5.0266905812189755, 51.88141482452913], [5.026630139025914, 51.881397830821165], [5.0264613400471605, 51.88134948560907], [5.026402979009881, 51.88133379249835], [5.026344586880796, 51.88132198223996], [5.026248718363619, 51.881294542908854], [5.026202891075982, 51.88127888819824], [5.026173713764085, 51.88126974726622], [5.02613001934394, 51.88124893076564], [5.026078067473385, 51.88121644892922], [5.026048973171268, 51.881196971592246], [5.026011625566192, 51.881167123262145], [5.02597011188421, 51.88113338812416], [5.025934861985831, 51.881100957566375], [5.025905843932837, 51.881064762053796], [5.025871015003938, 51.88103779770157], [5.025824569629418, 51.88100149464811], [5.02579468697679, 51.88098074746199], [5.025773149036703, 51.88095898328402], [5.025736658404614, 51.88093098011718], [5.0256983980967735, 51.88091536646136], [5.025670113224266, 51.880901841822414], [5.025646959102836, 51.88087698064782], [5.025567700141962, 51.88076723139425], [5.025466974441916, 51.88063055874165], [5.025453934975184, 51.8805922910457], [5.025403260486935, 51.880458873398126], [5.025355802078237, 51.880340952598175], [5.025331420694199, 51.8802592540889], [5.0252988962761025, 51.880151715882725], [5.025262971460258, 51.88005347015957], [5.025202584899357, 51.879881785951646], [5.025153847996597, 51.87971531490698], [5.025140811166625, 51.87967497985249], [5.02512487243517, 51.87958195498775], [5.025113503675636, 51.8795436923957], [5.025049520396881, 51.8794040315818], [5.025019963402773, 51.87934299030775], [5.0249360538339305, 51.87919086404789], [5.024886769848526, 51.87911963201776], [5.024863807984052, 51.87907466427625], [5.024838377362327, 51.87901525358483], [5.024802927882922, 51.878914123899676], [5.024795390711718, 51.878885238977794], [5.024785228183513, 51.8788595548081], [5.024777613592406, 51.878840287208526], [5.02476736232621, 51.87882742917626], [5.024757096543335, 51.8788145710983], [5.024746843650059, 51.87880011312821], [5.02473410912286, 51.87877281210055], [5.024736810370845, 51.87875838510097], [5.024747308547487, 51.87874238222146], [5.024752635078444, 51.87872476345759], [5.024755375039968, 51.878705527795596], [5.024752957815626, 51.87868468528301], [5.024742924556221, 51.87864295725571], [5.024727863274783, 51.87858358751053], [5.024710112183633, 51.878535426958784], [5.024636188985175, 51.878386072725874], [5.024620830854517, 51.87836358135857], [5.024603092852762, 51.87831382089823], [5.024582782878921, 51.87826244357795], [5.024567629928877, 51.87821269108912], [5.024544657512769, 51.87817093209634], [5.024490825590303, 51.87810020717596], [5.024478078450197, 51.878074514998005], [5.024467916285249, 51.8780488307985], [5.0244323520542595, 51.87796213596531], [5.024401608882789, 51.87791875301988], [5.024319412609578, 51.87783030523827], [5.024298948023634, 51.87779817150353], [5.024273570538406, 51.877732352127765], [5.024237761297753, 51.877676118086235], [5.02418895802205, 51.87762305274007], [5.024155591597483, 51.8775844704051], [5.024132490542846, 51.87755874619561], [5.024114494775311, 51.87754104640222], [5.024096576532376, 51.8775137382695], [5.024060715983586, 51.87746391272651], [5.0240325600478055, 51.877422137607596], [5.0240173044969, 51.877385211139], [5.023984132484549, 51.87732257645416], [5.023958484012502, 51.8772904266323], [5.023943165473632, 51.877263117523285], [5.023922701341021, 51.877230992709336], [5.023874287212312, 51.87712982262895], [5.0238309297866754, 51.87704630336398], [5.023810606669027, 51.87699493484644], [5.0238136461843865, 51.87694042972969], [5.023808681954733, 51.876913152623835], [5.023790790053188, 51.87688263567158], [5.023760203687589, 51.87681999992669], [5.02371917261368, 51.876768567336576], [5.023714235901503, 51.87673969037962], [5.023724978412356, 51.876691617806884], [5.023720260239881, 51.876633879840455], [5.023707837674278, 51.87656810040491], [5.023695311565376, 51.876515147064374], [5.0236851517986105, 51.8764910627293], [5.02366979326013, 51.87646696230863], [5.023649329756135, 51.876434828456084], [5.023605727290549, 51.876381778946595], [5.023590329914919, 51.87636249616626], [5.023580144390154, 51.87634161160485], [5.023572556587804, 51.87631914413866], [5.02356491542443, 51.87630148528989], [5.023554704002339, 51.87628380949743], [5.023536747748302, 51.87626130993856], [5.023506006671713, 51.87621791776307], [5.023475189390038, 51.87618576081796], [5.023452126779438, 51.87615361888346], [5.023380316950421, 51.876063602636115], [5.023341988526038, 51.87599774293701], [5.0232782997524295, 51.875866063665725], [5.023250312555186, 51.875801835895615], [5.023227498189976, 51.8757408329942], [5.023222677040922, 51.8756959210991], [5.023218076336743, 51.87562374812831], [5.023205460285479, 51.87558202093607], [5.023190233493056, 51.875543494505834], [5.023175199727308, 51.87547930684447], [5.023157725396573, 51.87539907634752], [5.023147810940731, 51.875342931166806], [5.023143067694634, 51.875288401939656], [5.023132960403329, 51.875257900010325], [5.02310509205494, 51.87518084614778], [5.023034884769238, 51.875025848642515], [5.02301345609866, 51.8749785303033], [5.023012984750762, 51.87497755809713], [5.02299853227332, 51.874947474128525], [5.022971121825324, 51.87487131149937], [5.022967059883118, 51.8748600364653], [5.022960611979755, 51.874842129597305], [5.022916723640256, 51.874688319171135], [5.022876238631046, 51.87451056524002], [5.0228670198403735, 51.87445465588308], [5.022857574897813, 51.87442669070362], [5.02283873357331, 51.87436476524174], [5.022836317669297, 51.87426495974196], [5.022877295233504, 51.8739816921032], [5.022907501585833, 51.87383609306925], [5.022927602453089, 51.87374235262885], [5.02295097529688, 51.873642636064915], [5.02295455419366, 51.8735987389094], [5.022990577574833, 51.87353098829096], [5.023033211108805, 51.87344130851801], [5.02304683035533, 51.873353543214996], [5.023050636802821, 51.8732797064557], [5.02308989944202, 51.87320997941181], [5.023138963507519, 51.873122314947324], [5.023141271526405, 51.8728369229424], [5.023145639394462, 51.87269723002637], [5.023142885491337, 51.87263734986747], [5.023140920823461, 51.872481673955534], [5.023141727800446, 51.87238188741415], [5.023153656267106, 51.87210450687776], [5.023163730266895, 51.87205464356904], [5.023167179670961, 51.872026718357276], [5.023148437422098, 51.871950816293506], [5.023050609088393, 51.87168906796742], [5.022971444569748, 51.871511194104585], [5.022942804740465, 51.87146520162955], [5.022852920779478, 51.87141702381446], [5.022761170619153, 51.871201197758985], [5.02272916400179, 51.87117115815881], [5.022713369943074, 51.871131191739494], [5.022716948865817, 51.87108729457719], [5.022694934153144, 51.87101937295239], [5.022679269429351, 51.87096344355503], [5.022657127212094, 51.870909489478386], [5.02257117932728, 51.87077350711967], [5.022504216727677, 51.87068149189764], [5.022446809802676, 51.87060546967774], [5.022392579541102, 51.87053345712472], [5.02236068683621, 51.87048944982063], [5.022338608266581, 51.87042950961134], [5.022324488965994, 51.870328094734], [5.022310744141932, 51.87027543402819], [5.022261101474096, 51.87010865311496], [5.022236742302603, 51.86996826871989], [5.022229072609958, 51.869864770576946], [5.022212582356165, 51.869803328660836], [5.022159852932121, 51.8696663615741], [5.022093455557982, 51.869526439747766], [5.02189822679992, 51.86925378132464], [5.021816542542113, 51.869115528579734], [5.021760322682571, 51.868981300888684], [5.021748886874255, 51.86881960914218], [5.02178171962396, 51.868697487155586], [5.021827044090341, 51.86860694426608], [5.022058377703514, 51.868355332439265], [5.022391652763742, 51.868096144944595], [5.022711918110319, 51.867872402304], [5.022980931974942, 51.867683977084226], [5.023109103371778, 51.86758580769403], [5.023423656744296, 51.8672792443626], [5.023565036612956, 51.8671219717666], [5.0236423545544024, 51.867011815654635], [5.023687737214197, 51.86691338940114], [5.023727446261994, 51.866728198619434], [5.023766454798316, 51.866629752611765], [5.023792493178169, 51.8665588608287], [5.023856885957978, 51.86647232203219], [5.023978901045819, 51.86634652930022], [5.024267070246762, 51.866150277532924], [5.024580970566002, 51.865922573210064], [5.024836851641645, 51.865781418087], [5.0250223634002, 51.86567947755541], [5.025163239908648, 51.865585290992286], [5.025342630097668, 51.86545179082524], [5.025534878335937, 51.86530255534278], [5.025733308830012, 51.86517699601429], [5.02602108330142, 51.86502806261245], [5.026110632594999, 51.864981023002684], [5.02629042842382, 51.86479626183826], [5.026469970033128, 51.86464304887169], [5.026758243731349, 51.86443101668834], [5.026956933741813, 51.86427392481115], [5.02702742374521, 51.86421893424721], [5.027111118472899, 51.864104858474626], [5.027194732797252, 51.86400260213086], [5.02727826921686, 51.86390822830835], [5.027387882340033, 51.863739025037624], [5.027439958692121, 51.8635972488261], [5.02744686739514, 51.863530243540566], [5.027454374591363, 51.863388321833966], [5.0274172984917715, 51.86324627257753], [5.027412941455796, 51.86299391908734], [5.0274042104385055, 51.862493166923485], [5.027406951102806, 51.86215015123979], [5.0274006228120545, 51.862104560698874], [5.027400485181588, 51.86210361649597], [5.027383024521131, 51.86197777043722], [5.027382173658648, 51.8619716107809], [5.027364794887107, 51.861846430109225], [5.027335857720158, 51.86148360580896], [5.027302155112219, 51.86091968748921], [5.0272971802054025, 51.86074111776722], [5.027333644644053, 51.86074140924959], [5.027414145612635, 51.86074090081139], [5.027408422229018, 51.86030890995979], [5.0273608794683495, 51.86028528664119], [5.027309939876806, 51.86027618713316], [5.027282486694931, 51.86027640862643], [5.027130051306003, 51.86027561788971], [5.027091939103971, 51.860218200032726], [5.027111274796046, 51.86021829525989], [5.027139380754565, 51.86021812973794], [5.027170549335336, 51.86021801853791], [5.02719409632172, 51.86021793790235], [5.027277106129783, 51.86021763499363], [5.027282680753569, 51.86021761612063], [5.027311973178369, 51.86021612390997], [5.027349263322572, 51.86021294839711], [5.02738656667533, 51.860208119048025], [5.027422040438848, 51.86020334700224], [5.027403599289365, 51.86017486921049], [5.027382370189625, 51.86014285043612], [5.027274044723137, 51.8599794870364], [5.0273854550843815, 51.85994752405229], [5.0274458782229665, 51.859926990864416], [5.027495614621777, 51.8599031171915], [5.027507815355242, 51.859884108139006], [5.027512074590076, 51.859854297680826], [5.027496249833277, 51.85982358980287], [5.027452730376546, 51.85973978354564], [5.027410159591531, 51.85964264139561], [5.027345713362951, 51.85954174697341], [5.027291784502537, 51.859436336609775], [5.027248024770686, 51.85935181046306], [5.027195510979009, 51.85924921775628], [5.027143441605654, 51.859143723134046], [5.027080204221462, 51.8590116335336], [5.027026401116918, 51.858890655518664], [5.026980993450946, 51.8587709076677], [5.02690796057883, 51.858607715033884], [5.027102503321443, 51.858628337730686], [5.028235617300074, 51.85861958168078], [5.029104914645829, 51.858614001592265], [5.0297243610989, 51.85862065220026], [5.030022186975078, 51.85861407084297], [5.030667373556616, 51.85860573018775], [5.031588552494445, 51.85860003749692], [5.0320996673065626, 51.85859886022985], [5.032602435863315, 51.85860497209735], [5.0335365458415335, 51.85863289279246], [5.034259545773615, 51.85864227604496], [5.035182269225773, 51.85866186213047], [5.035999449985042, 51.858678950268185], [5.03643528396725, 51.85874110394026], [5.036845812242692, 51.85880201202684], [5.037041445756897, 51.85883052229536], [5.037582020084024, 51.85890931578892], [5.037768022735638, 51.85893503674294], [5.03790611188566, 51.858950745683124], [5.038085276223398, 51.85896728662683], [5.038285702943371, 51.85898251523027], [5.038441798669578, 51.85899371990794], [5.038687430076702, 51.858992040034835], [5.039089450301127, 51.85898996031798], [5.040180118382553, 51.85898009131305], [5.041060483101699, 51.85895929197387], [5.041336185270952, 51.858958522096955], [5.041626870316705, 51.85898020371173], [5.042069511103651, 51.85902308535814], [5.042734882629391, 51.85909396136816], [5.042973388815826, 51.85913189942682], [5.043161195303945, 51.859163342719164], [5.043626520473313, 51.85922251795686], [5.043734655703735, 51.85922991703333], [5.043850831849193, 51.85922605908287], [5.044165290842733, 51.859204830397815], [5.044403236337365, 51.859181256354915], [5.04491176977009, 51.859123227119326], [5.045154897177807, 51.85909004907627], [5.045550473487636, 51.859028524201946], [5.045885312478255, 51.85897458750441], [5.046139140740571, 51.85893132657863], [5.046605036311028, 51.858869202334326], [5.04689760941345, 51.858833377641105], [5.047132170654202, 51.85880576147085], [5.047613807240041, 51.85875413229397], [5.048102330469578, 51.858680364643014], [5.048105338573047, 51.85858160890182], [5.048369963336433, 51.858538248488166], [5.048470289614089, 51.85852225985649], [5.048525367365012, 51.85851414934634], [5.048839423447226, 51.85847795930213], [5.048907823895498, 51.858462534484666], [5.049088596466685, 51.85842174430707], [5.049529088420161, 51.85832160434932], [5.049605529347704, 51.85829857109615], [5.049728686688772, 51.8582499112892], [5.049869770110086, 51.85818783822527], [5.050074933289564, 51.858105599200606], [5.050497869823322, 51.85787537918947], [5.0506225839776855, 51.857818183938825], [5.051260900583228, 51.85756886657274], [5.051581193491694, 51.85751268787768], [5.051805191752602, 51.85747728421476], [5.052139962514635, 51.857492387307616], [5.052666685050674, 51.857436201053495], [5.052999413724212, 51.85736068393063], [5.053337912672181, 51.85736233859754], [5.053508541106278, 51.85736317397647], [5.053808180457932, 51.857386468792484], [5.05429760897491, 51.857449984593785], [5.054857618054563, 51.85754659556172], [5.055606439595722, 51.85765104455115], [5.056355533079529, 51.85771894273958], [5.05678601370846, 51.85777131628004], [5.057334418172564, 51.85784230182156], [5.058248406133728, 51.857961812741706], [5.058784800661331, 51.858061997085514], [5.059185483862137, 51.85815448355402], [5.059379779055034, 51.85822081192494], [5.059786080606991, 51.85835351706322], [5.060221895550899, 51.85848630294264], [5.060639977056532, 51.85862268718514], [5.061098976852777, 51.85881401267266], [5.061516509055797, 51.85902714406276], [5.0618933655372285, 51.8591524526751], [5.062358152453462, 51.859362053627095], [5.0628458891915225, 51.85966309199278], [5.063068813796941, 51.85985375765527], [5.06311970193774, 51.85991531567029], [5.063414082104138, 51.86027134827686], [5.063630053567446, 51.86060818071866], [5.063681621090427, 51.860823954006946], [5.063644519858017, 51.86105774747464], [5.063577972359721, 51.86128416124492], [5.06347072494021, 51.86142274521894], [5.063291807330096, 51.86167808830958], [5.0630602812649705, 51.86186018348459], [5.062781648892416, 51.86202753302019], [5.062455775537737, 51.86219475131594], [5.062047082960495, 51.86238732044134], [5.06140174864261, 51.862652325618896], [5.061135410001745, 51.86275435982471], [5.060880833034285, 51.862851895954925], [5.0602181188609565, 51.86306933378535], [5.05946681714115, 51.86329383732248], [5.058685991296973, 51.86351459523377], [5.058218642285652, 51.86365216688883], [5.0576447825015265, 51.863825984702956], [5.056999681897778, 51.8640507703498], [5.056218442438372, 51.86432633084736], [5.055472617219102, 51.86460198615987], [5.055200292107783, 51.86470719887458], [5.054199740969439, 51.865099082786976], [5.053600884945903, 51.865451894497326], [5.053375534323497, 51.86559013383505], [5.0529956242623095, 51.86587412016844], [5.052603511150088, 51.866209241360856], [5.052389332191542, 51.86643156994415], [5.052198839889445, 51.866643008844925], [5.05206709413267, 51.8668948020693], [5.051995060317324, 51.867055407646355], [5.051940365259218, 51.867203847450675], [5.0518588956579755, 51.86750446494398], [5.051803177369593, 51.86789343973401], [5.051810970298781, 51.86826626392131], [5.051835758587009, 51.86848215460285], [5.051870693188149, 51.86875694809939], [5.051947528958868, 51.86908090172816], [5.052092541702467, 51.86947045817866], [5.052144807090495, 51.86958637751844], [5.052222455701374, 51.86975860048239], [5.052310581203277, 51.869984486887425], [5.052393468315556, 51.87012803376607], [5.052505307315456, 51.87029719903344], [5.0525970905267865, 51.87047866608847], [5.052978232915609, 51.87111395260678], [5.053165019961916, 51.871382445180984], [5.0533826408805345, 51.87164640502897], [5.053614080410484, 51.871897667170614], [5.054159660872041, 51.87234944244996], [5.054822364301163, 51.87274207946756], [5.055362254895168, 51.87304093180558], [5.055745343855966, 51.87319917476813], [5.055964457502562, 51.87326350224334], [5.056211203371919, 51.8733024251233], [5.0564510813446075, 51.87334132815113], [5.056951723973382, 51.87338096390723], [5.057548190389486, 51.87345059094711], [5.0581513551507316, 51.87354573371397], [5.059008267072193, 51.87365856143782], [5.059652402750328, 51.87378353544523], [5.060275922252505, 51.873908448550836], [5.061098100878148, 51.87408487389621], [5.061288138016112, 51.87412543534904], [5.061803793251682, 51.87423549790652], [5.0623727562530805, 51.87431776973257], [5.062743076698739, 51.87434852641163], [5.063387690923341, 51.87440977166782], [5.064430577967662, 51.87442962908456], [5.065296277065341, 51.87439646394483], [5.0657310957502215, 51.874347067850316], [5.065814559765351, 51.87433758873548], [5.066520830699383, 51.87423850715233], [5.067231883914618, 51.87414240050945], [5.067765046967869, 51.874087404240875], [5.067862749540497, 51.874084901397026], [5.068523744298665, 51.8740500953404], [5.069060844558238, 51.874070471303106], [5.069597679046541, 51.87412035288792], [5.070287659277119, 51.87415748620217], [5.07094450071447, 51.87415772791332], [5.071604968705449, 51.87411707864042], [5.072282430052841, 51.87405085436697], [5.072684481818811, 51.8740299546805], [5.072755552900028, 51.8740335514844], [5.073088771323733, 51.87405041505587], [5.073325536497726, 51.87404897143966], [5.073505589369367, 51.87403597871127], [5.073658695193269, 51.87403901196115], [5.073825334641751, 51.874071284294644], [5.074117653501715, 51.87414153459022], [5.074884819681102, 51.87432502424694], [5.075532348779743, 51.87447302914002], [5.075951058234326, 51.87460553983845], [5.076456972645839, 51.874695854626275], [5.077232755298729, 51.87484548354363], [5.077914286716463, 51.87495447458101], [5.078617943131276, 51.87506269283207], [5.0795183054888176, 51.87523364849898], [5.0798619209326805, 51.8753118026814], [5.080268839995986, 51.875434352936345], [5.080532403703803, 51.87552472692184], [5.080816198279696, 51.875661901513105], [5.081072867111865, 51.87583334027361], [5.081183806181677, 51.875911414484094], [5.081322934766024, 51.876051159182204], [5.081459208249499, 51.876155976516216], [5.081912913227725, 51.87649287125104], [5.082228111017677, 51.876731368819065], [5.082572292730498, 51.87702007771627], [5.082846326369812, 51.87726510028205], [5.083175888111901, 51.87763825105435], [5.083448855762127, 51.87804229138533], [5.08365973936872, 51.87836083527273], [5.083933435733608, 51.87866016199328], [5.084101590215224, 51.87881183386155], [5.0844256708524584, 51.879072504610875], [5.084812145786889, 51.879372119760326], [5.085285826706869, 51.87975339216118], [5.085342389428244, 51.879797427586475], [5.085551182038588, 51.879963106699556], [5.085686339536408, 51.880077317987734], [5.085696618246246, 51.88008654843113], [5.08600726375675, 51.88036531876135], [5.086339589708924, 51.88076896497589], [5.08654605501907, 51.88106685494808], [5.086690373987123, 51.88127591557635], [5.086812218687551, 51.881505681660634], [5.08692070003198, 51.88170973375284], [5.087065231205673, 51.88207267495929], [5.087133323548444, 51.882231043766595], [5.087210456972456, 51.88249954286771], [5.087284320637834, 51.88272922187949], [5.087381889077545, 51.88306782817192], [5.087424519425043, 51.88334667453984], [5.0874386705293135, 51.88343541662669], [5.08746476711759, 51.883634422255476], [5.087470849145665, 51.88378764412543], [5.087475851502929, 51.88388053346144], [5.08748674980417, 51.88412843286448], [5.0874922500365125, 51.88430142759931], [5.087551251550599, 51.884955498121236], [5.087649377890789, 51.88554082655842], [5.087872471470725, 51.88638534647422], [5.087998256632125, 51.886739825439435], [5.088159412984992, 51.887094358300914], [5.088445949113863, 51.88755071503589], [5.088692154470376, 51.88784479197671], [5.0890434935068525, 51.88808738027573], [5.089715455628206, 51.888399702071666], [5.090234348457341, 51.88860689221861], [5.090240129398327, 51.88860915390996], [5.09040112627018, 51.88866779603083], [5.090404560693971, 51.88866904509443], [5.090793461484362, 51.88877547771109], [5.09071049052548, 51.88888324535098], [5.0907338067009, 51.88889399130153], [5.090813088920081, 51.888929443523054], [5.090974556623548, 51.88897642816435], [5.091045275205291, 51.88898883052083], [5.091114141552852, 51.889000158556264], [5.091188639494195, 51.88900334831176], [5.091313241617025, 51.889012614447495], [5.091431737680608, 51.889018242784914], [5.091486441340501, 51.8890207084125], [5.091547023909449, 51.889026020129684], [5.091602517358693, 51.8890320920136], [5.091807696114989, 51.88903027988455], [5.09241454696388, 51.88905125426596], [5.093053662912047, 51.88898969445118], [5.09325055225558, 51.8889648399231], [5.09353711093833, 51.88891772032246], [5.093881848822657, 51.8888701520013], [5.094535998887788, 51.88878336441783], [5.094825398344788, 51.8887435382932], [5.095870873749079, 51.888511089343034], [5.096445015559582, 51.888254195239924], [5.096604468390159, 51.88822007437475], [5.096568308345239, 51.888054437760495], [5.097629283028765, 51.887851897730734], [5.097995195439043, 51.887836898313665], [5.098538604511845, 51.88786608006544], [5.0988861200988636, 51.887927002115], [5.099884191074449, 51.88821040363187], [5.100662228677608, 51.88833749255632], [5.102426976397224, 51.88853754756843], [5.102784660776099, 51.88860691375726], [5.103126887482251, 51.888658363697274], [5.103391228820577, 51.88868641671592], [5.1057593351748505, 51.88881093683975], [5.1067998204519585, 51.88865010566943], [5.1076024735714425, 51.888499611605546], [5.107883169118379, 51.88839721876679], [5.108105766607682, 51.8883405907348], [5.108171876076783, 51.88832384064153], [5.1082409351526525, 51.8883069447101], [5.108331769857992, 51.88828982176738], [5.108449003012411, 51.88826485163157], [5.108553416354903, 51.88824115429533], [5.108647954127218, 51.88822650269081], [5.10883831311992, 51.888193984469936], [5.109048402335711, 51.88817015042341], [5.109462487193569, 51.88811413461985], [5.110107861761298, 51.88805159802679], [5.110820986265437, 51.887986116246026], [5.1109951523286945, 51.887969205142895], [5.111280451730414, 51.887936213935575], [5.111737290582603, 51.88789047425989], [5.1121341924168195, 51.88784759465772], [5.112558663466302, 51.88779992443913], [5.112736806283508, 51.88777617992665], [5.112840451945375, 51.88787070053067], [5.112981295144382, 51.88799914890305], [5.113122196921418, 51.88812765116976], [5.113193731513992, 51.88819289348134], [5.1132634398849675, 51.88825512040097], [5.113306391929468, 51.888293456863636], [5.113348538330145, 51.88833529688266], [5.113356378570912, 51.88834307207996], [5.11339097362771, 51.88837741619746], [5.1135720356024486, 51.88854280070431], [5.113606141974403, 51.88857395276166], [5.113770955688123, 51.888740943997234], [5.113798993723608, 51.88876916966099], [5.113865017655972, 51.8888356121615], [5.1139714782188035, 51.88894101417331], [5.113973283420397, 51.88894275311751], [5.114045596335037, 51.88901180776088], [5.114062450620353, 51.88902790008741], [5.114080989735996, 51.88904881407177], [5.1140856063874915, 51.88905403803107], [5.114095460380453, 51.88906513455119], [5.114136143501981, 51.88911136617482], [5.114171835032008, 51.88915193252909], [5.114202800063849, 51.88918623201637], [5.11427458538585, 51.889265756695046], [5.114372026324594, 51.88937369007657], [5.114538558176474, 51.88956254381526], [5.114593053719398, 51.88962365603786], [5.114615807126971, 51.88964917274606], [5.114635216307705, 51.889670421226384], [5.114742509002862, 51.88978776095338], [5.1149040081034896, 51.88996141221603], [5.114995078925211, 51.89006148349729], [5.115053371418604, 51.89012668499493], [5.115078078179742, 51.890153563371484], [5.115105704696444, 51.89018045749], [5.115145508234822, 51.890213932278854], [5.1151467075043415, 51.89021499567746], [5.115231973135651, 51.89029030846385], [5.1153011234371535, 51.89035213736978], [5.11539350382339, 51.89043769521276], [5.11544747132249, 51.890485583975824], [5.115635824025118, 51.8906418589328], [5.115713800080729, 51.89070012163861], [5.115809280770478, 51.890770460081], [5.115835313170599, 51.890789629369856], [5.116008703786001, 51.890917340222146], [5.116067620131584, 51.890961402097176], [5.116201288261892, 51.89104454678065], [5.116435904149733, 51.89119276568642], [5.116613866673977, 51.89132169060087], [5.116748181049722, 51.89142092524819], [5.116817451281203, 51.891475517918884], [5.11687084219681, 51.89151828134453], [5.116915484615895, 51.89155919101036], [5.117006271403108, 51.89164010592162], [5.1171010222640785, 51.89172863399468], [5.117169475959944, 51.89179840586156], [5.1172329266785255, 51.89187158176127], [5.117290937511589, 51.89193623318945], [5.117440819258623, 51.892126626427675], [5.117475351268848, 51.89217976376088], [5.117485602346323, 51.89219757518036], [5.117582198878412, 51.89236634587537], [5.117588047650449, 51.892376992480244], [5.117604703611314, 51.89241448503611], [5.117628469107979, 51.89246557525436], [5.117671295106733, 51.89256990208493], [5.117696874808034, 51.89267466573913], [5.117730705770425, 51.89291048909519], [5.117761880439754, 51.893109607014615], [5.117798133692165, 51.8933680145604], [5.117907944621709, 51.89372769129381], [5.117960382371006, 51.89393037228165], [5.118014531434696, 51.89417005309867], [5.11803294471581, 51.89425152048613], [5.118044854086723, 51.89430552263815], [5.11817711660656, 51.89490547238914], [5.118220214916843, 51.895100941193384], [5.118263775853268, 51.89530171414462], [5.118306446461085, 51.89549837737421], [5.118307803601962, 51.89550466331558], [5.1183158626709595, 51.895541812507645], [5.118355166565091, 51.89570143612654], [5.11836923717599, 51.89576344278317], [5.1183697325016135, 51.895765646054706], [5.118390229920275, 51.89585595365329], [5.1183950808281145, 51.89587566714651], [5.118417604555596, 51.89596727369065], [5.11842632765849, 51.896002734586524], [5.118432051273641, 51.89603201364695], [5.118460065314271, 51.896187126233656], [5.11847428099482, 51.89625894845139], [5.118498764202481, 51.89637768620636], [5.118406204613959, 51.89645528649059], [5.118377779052439, 51.896471184747455], [5.11824036419605, 51.89651321440283], [5.118174981562479, 51.89653094255978], [5.118095054096427, 51.89655138781095], [5.117125304142814, 51.896815137235095], [5.116985546483251, 51.896910631561525], [5.116927567856244, 51.89698474180264], [5.1168864939325385, 51.8970502621005], [5.116872128591129, 51.897119798667084], [5.116843533875012, 51.89735711444609], [5.116845173604187, 51.897737054501135], [5.1168583467065165, 51.89789015587938], [5.116890472696075, 51.898032424968825], [5.116947868134774, 51.898104014069744], [5.117028798882866, 51.89817592688348], [5.117183788691793, 51.89823021289987], [5.117376408418393, 51.8982604065102], [5.117508723982332, 51.898267810909125], [5.117787429427818, 51.898285797427306], [5.118218116078298, 51.898283233291984], [5.118266615935914, 51.89828293978093], [5.1182672843723775, 51.898282923333454], [5.118703258697806, 51.89827563267244], [5.118849290604134, 51.89827318872624], [5.119065359664222, 51.89826957409646], [5.119145048946079, 51.89837977284905], [5.119333520493462, 51.898540868640595], [5.11937093164154, 51.898572844432245], [5.119408863265149, 51.89860526182494], [5.119453438153995, 51.89865908653245], [5.119494190392486, 51.898708291510395], [5.120135187702582, 51.899482268353225], [5.1201372217653285, 51.89948472678452], [5.120820164816542, 51.90030932736673], [5.121189538768781, 51.900773960804564], [5.121190721275573, 51.900775473517136], [5.1212567565076235, 51.900859573777296], [5.122161329970526, 51.90201156345903], [5.123369235622143, 51.90354973568695], [5.123926436646371, 51.90425924563857], [5.124186322980089, 51.90459243072362], [5.124563055700104, 51.90507547770148], [5.124833826624134, 51.905422635472], [5.1248405191958994, 51.905431207275946], [5.124866279661891, 51.90546423387154], [5.125086682625752, 51.90574266189891], [5.12508691345068, 51.90574295003939], [5.125446958361327, 51.906197787521016], [5.125537508129234, 51.90631216754038], [5.1255393257123165, 51.90631447259204], [5.125700807568842, 51.906518443972566], [5.125704904434424, 51.90652363034907], [5.126509709971394, 51.90754021524929], [5.126513720457006, 51.90754529354543], [5.126867013890503, 51.90799151873396], [5.1268924040543356, 51.90802375307881], [5.1268999489705065, 51.90803333333846], [5.127847492267221, 51.90923588708254], [5.1278549798230095, 51.90924540423404], [5.128213063048529, 51.90969982414144], [5.128213611301832, 51.90970051744827], [5.1282706137522505, 51.90977287298452], [5.128271465018953, 51.909773944467084], [5.128308791241746, 51.90982087368804], [5.1283265382334475, 51.909843176786], [5.128499636623217, 51.91006082299069], [5.128864394216241, 51.910519390146966], [5.128865764925299, 51.910521118912285], [5.129592546362389, 51.91143480119326], [5.129594176922198, 51.91143684510952], [5.1305882050430895, 51.91268644167306], [5.130596444780204, 51.9126967872086], [5.130598335138069, 51.912699164244415], [5.130580523864443, 51.91273867388387], [5.131111594288109, 51.91341127545435], [5.131114119532623, 51.91341447179922], [5.131441407367121, 51.91382896932858], [5.131443254470968, 51.91383130131472], [5.131939529732807, 51.91445978966412], [5.1319779006926245, 51.914508382780994], [5.132203337174557, 51.91479387271375], [5.132207090900833, 51.914798321071224], [5.132215204716947, 51.914807938164316], [5.132277545899554, 51.91488175936808], [5.13230388211586, 51.914902309770355], [5.132322882793657, 51.91490927194254], [5.132350201635727, 51.91491031986531], [5.132371047792794, 51.91489939932342], [5.132379549484828, 51.91488674425185], [5.132376937200629, 51.91486040288818], [5.133013299893411, 51.91472389975278], [5.133936241678557, 51.91454190080226], [5.135105115984537, 51.91433040120448], [5.135272887713372, 51.91429360315227], [5.135283685395644, 51.91429123539861], [5.135720816011935, 51.914195367132], [5.135740113730186, 51.91422722696234], [5.135963912902715, 51.914258265530805], [5.136070576717006, 51.91428743568042], [5.136108409719517, 51.91430299431389], [5.136174693615155, 51.91433026250283], [5.136256737881627, 51.91438005299984], [5.136265660802981, 51.9143854650177], [5.1362710892796875, 51.91438938650961], [5.136312316665323, 51.914419189777725], [5.136313199686767, 51.91441982983055], [5.1363264161938185, 51.914429385619464], [5.13642402747147, 51.91449995419071], [5.136435753022037, 51.914508428192285], [5.136569619112444, 51.914690097350864], [5.136571766777252, 51.91469331973733], [5.1365731649246875, 51.91469541698961], [5.136650917548032, 51.91481134291077], [5.136582583838621, 51.915232568471474], [5.13652607612386, 51.91548762565444], [5.136490367011457, 51.915557568325724], [5.136439375480784, 51.915891913953736], [5.136435015100587, 51.9158919046554], [5.136272921648194, 51.916574669049986], [5.13621395870665, 51.916904413500575], [5.136223399130841, 51.9169578240966], [5.136181906481374, 51.91728239259123], [5.13618471991736, 51.91742935714365], [5.136166502067654, 51.91756827722125], [5.1361671505844795, 51.9177385168178], [5.136060609648657, 51.91778997200436], [5.136030332052304, 51.91781085904335], [5.135971892569352, 51.91785117252661], [5.135942816495749, 51.917904141316065], [5.135776152126901, 51.918049934694295], [5.135709050474495, 51.918092575469885], [5.135702969054449, 51.918192332477865], [5.135674745403974, 51.918222742415885], [5.135776158405314, 51.91833477360023], [5.135864775382871, 51.91839572386474], [5.135870947439783, 51.91840192099871], [5.1359090642977865, 51.918440121789686], [5.136256787728512, 51.9187886301943], [5.136568537696852, 51.91909589452419], [5.136587865893157, 51.91911494594475], [5.136745455750142, 51.91927025773415], [5.137247636878936, 51.91976519660558], [5.137274425388644, 51.91979159820907], [5.137288549745134, 51.919805515128786], [5.1379171989023416, 51.92040954993967], [5.13844022336779, 51.920912077940855], [5.1384116726849, 51.920922803488125], [5.1384145348943795, 51.92092569478265], [5.138807906137284, 51.92132272090077], [5.1388434743419875, 51.92135741889184], [5.138854347211302, 51.92136803005201], [5.139743497315709, 51.92223558391074], [5.139760776713841, 51.92225232049775], [5.139765953138839, 51.92225736482727], [5.140219479627859, 51.922682259489235], [5.140251745652685, 51.922712473945055], [5.1402906694877, 51.922753308543115], [5.140305354550251, 51.9227687003475], [5.140679117467464, 51.92316069039384], [5.140763124290207, 51.92324879881407], [5.140774952786355, 51.92326292621318], [5.140877942857966, 51.923386020762706], [5.141046479913081, 51.923536028516565], [5.141271546397532, 51.92376974525857], [5.1414344685971916, 51.92399002905899], [5.141570353963092, 51.924156865775224], [5.141667223602311, 51.92425414147656], [5.141707401965096, 51.924289342560414], [5.141766736409363, 51.924341328773366], [5.142105427303211, 51.924638046098494], [5.1421373013952545, 51.92466597618497], [5.142215495929705, 51.92474928067689], [5.142342674083811, 51.924858186854024], [5.142345134103202, 51.92486027725634], [5.142347463823663, 51.92486226851631], [5.142431963567374, 51.924935788762966], [5.1424328751256905, 51.92493658162861], [5.142560025505991, 51.925045442567104], [5.14271772620608, 51.92515857338925], [5.142734616079689, 51.9251724953882], [5.143000890659354, 51.92539183224826], [5.143008054882774, 51.925397725457294], [5.14302379902574, 51.9253897585768], [5.143470961084351, 51.92571561233767], [5.143488862937414, 51.92572798135155], [5.143727902960562, 51.9258931237047], [5.143751144451892, 51.92591011471794], [5.144530578200602, 51.92647973965406], [5.144564677389083, 51.92650805116977], [5.144979515505868, 51.92685251006113], [5.145089109515572, 51.92694351729845], [5.145401982276933, 51.92715835153746], [5.145410026811707, 51.92716827315506], [5.145427834634098, 51.92719022317808], [5.1460194523022125, 51.927641750400944], [5.146437975246388, 51.92794829907504], [5.146717869545512, 51.92817465712621], [5.1470238238791834, 51.92842210027717], [5.14772508652049, 51.92893028898654], [5.147950396591373, 51.9290751890423], [5.148164495442702, 51.92923159783146], [5.148326080723818, 51.92934964550269], [5.148459847748602, 51.92948519058408], [5.148580044514142, 51.92965747001222], [5.148873562512788, 51.93017300317069], [5.148982236224475, 51.93036386453895], [5.149007036344457, 51.930540264633706], [5.148552906555077, 51.931022805219456], [5.148539717379967, 51.93103681813743], [5.1484258382475705, 51.931207364153394], [5.148335746869866, 51.93138856452309], [5.148207544659335, 51.93149068050322], [5.148027316157953, 51.93178448226135], [5.148024060020375, 51.93178979669594], [5.147973487039414, 51.931951581569756], [5.147946403036604, 51.93203825429235], [5.147963229906769, 51.932154956248354], [5.148048760416546, 51.93236698366851], [5.1481347619778095, 51.932506997970265], [5.148194354943043, 51.93260403956874], [5.14827623473691, 51.93273731317341], [5.14848329510614, 51.93291383171264], [5.148674145271683, 51.9330765290085], [5.148697843284026, 51.93309348399171], [5.148828704045683, 51.93318712835995], [5.149243518184232, 51.933438561120695], [5.149412474151035, 51.93352177460521], [5.149437441712099, 51.93352697535103], [5.149637748864306, 51.93356869911803], [5.150390277179669, 51.933364475069], [5.1506897457156136, 51.933321394593484], [5.150767906438683, 51.93333130398882], [5.150941999155004, 51.933353360443434], [5.151081666852661, 51.93339354878358], [5.151295898588054, 51.9335167763087], [5.151467134150006, 51.93361525348091], [5.1517071673337975, 51.93394023762554], [5.151710387063237, 51.93394459439177], [5.151710502586361, 51.9339447474236], [5.151791616419143, 51.93405459358385], [5.15179935537671, 51.93406506242382], [5.152062567065969, 51.93442143427749], [5.152887093670253, 51.93561107637291], [5.152899058288274, 51.93562833969311], [5.152901514000033, 51.93563146351163], [5.153043369984845, 51.935811538192766], [5.153181750215771, 51.93604496909785], [5.153229186341942, 51.93612271305552], [5.153378012886686, 51.936366617842395], [5.1534809910469965, 51.93653516364345], [5.153485648204289, 51.93654280393056], [5.153551583452256, 51.93665106369863], [5.153961330530477, 51.93729049278008], [5.153962253726017, 51.93729193273222], [5.154168377828416, 51.93747226822973], [5.154438184430321, 51.93770832176866], [5.154592110663386, 51.93784299172745], [5.154596198617404, 51.93784828490735], [5.154598365408645, 51.937851084540526], [5.154663180646225, 51.937934992248735], [5.154671223122493, 51.937943268356776], [5.154674502337067, 51.93794748134407], [5.154727396115718, 51.93800276480843], [5.154745577310958, 51.93802171203413], [5.154856144584189, 51.938136072370376], [5.155002738058076, 51.93828322097774], [5.155112724953282, 51.93839757992119], [5.155185868589898, 51.93847137399488], [5.155208384464888, 51.93849862585921], [5.155379841692591, 51.93869479104905], [5.155616236026512, 51.938932384878576], [5.1556954406462605, 51.93900711634926], [5.155877504779396, 51.93923406847347], [5.156019229602021, 51.93937066298185], [5.156177662748297, 51.93951325833082], [5.156219986753312, 51.93956310043057], [5.1563244775959225, 51.93965583066184], [5.156379659896667, 51.93969953199188], [5.1566343320613095, 51.93994810728376], [5.156894540428503, 51.940223657619114], [5.157145224844453, 51.94049669000491], [5.157229047349908, 51.94058797682831], [5.157242820627551, 51.94060193554776], [5.157261469528999, 51.940620838347606], [5.15750930344776, 51.94087199593919], [5.157530412293738, 51.940893357291806], [5.157554284672133, 51.94091749241769], [5.157761634097815, 51.94118008438504], [5.157883962728696, 51.941309636913665], [5.158108646044864, 51.941547571300084], [5.1582246423306595, 51.941673003501826], [5.158392895100547, 51.94185510929923], [5.158513043688488, 51.94198509734083], [5.158676253095994, 51.94217848216477], [5.15877253236782, 51.94229237054612], [5.159069003271107, 51.94259207486249], [5.159118159845445, 51.94265227461702], [5.1591292746094135, 51.942665895390604], [5.159567822222298, 51.94308406927986], [5.1598683312794895, 51.94339258783317], [5.159929347183345, 51.943463443255396], [5.159936865733282, 51.94347217638293], [5.160046280635549, 51.94357808952169], [5.160157967513483, 51.94366621020321], [5.160190195135961, 51.943701020970046], [5.160563694633467, 51.94410451355299], [5.160886716920266, 51.94445345701444], [5.1614203068471465, 51.94500065317857], [5.161588777361397, 51.94517341591154], [5.161942135425481, 51.94553782941305], [5.162527277473286, 51.94614126870611], [5.162751672484647, 51.94635058385335], [5.163005347185106, 51.94655132564142], [5.16314018254872, 51.94663760001053], [5.163202882483721, 51.94666432460465], [5.163243811299799, 51.94668183971561], [5.163362313886158, 51.94679436437085], [5.163428672847713, 51.946857462249774], [5.1635762839543204, 51.94703651911107], [5.163910591444436, 51.94749133008016], [5.164237991004474, 51.947932644603775], [5.164495671010302, 51.94826749530956], [5.165352671177086, 51.949446933685266], [5.165364807286642, 51.949463584815234], [5.1654920083848275, 51.94962579269096], [5.165721420073301, 51.949945037680905], [5.165962829058273, 51.95030987514718], [5.166522070532583, 51.95111932768263], [5.166846221964822, 51.95155137067396], [5.167050660823043, 51.95186499348324], [5.168198593495804, 51.95349068096613], [5.168651538695492, 51.95415505265193], [5.16878319707273, 51.95434815767246], [5.1687876169714375, 51.954354646394066], [5.1691138366170515, 51.95478947307186], [5.169159963705821, 51.95484694842924], [5.1692901757254734, 51.95500920255654], [5.169344372020212, 51.95507672365099], [5.169430033684134, 51.955183455702205], [5.169487599550603, 51.95525518945774], [5.169663898977871, 51.95547485537185], [5.169996025771172, 51.95583472856524], [5.170734722971466, 51.95668117231997], [5.171064308572066, 51.95705881646072], [5.171089223036364, 51.957087363898964], [5.171982105190282, 51.958075728178166], [5.1723790541948125, 51.95851777552445], [5.172910649422755, 51.959099114641106], [5.173193194659367, 51.959421002881534], [5.173615526112053, 51.95993041391747], [5.173631033759674, 51.95994911060868], [5.173670952684051, 51.95998659204525], [5.173675352180419, 51.95999151658789], [5.173686105495379, 51.96000342752216], [5.173991368818868, 51.96034156077625], [5.173996130489603, 51.960346827515224], [5.174303493729257, 51.96069720570521], [5.174323796651634, 51.96072035116046], [5.174344041739123, 51.96074342460172], [5.174412273063201, 51.96082121524859], [5.17441544221637, 51.960824834245464], [5.176204331932833, 51.96286398665677], [5.17621398508251, 51.96287498757056], [5.176335496379517, 51.96301348914586], [5.176355164618711, 51.96303590505707], [5.176357509170796, 51.96303857875935], [5.1766894695732555, 51.96341695695504], [5.177418247686816, 51.96424761936699], [5.177442070862689, 51.96427477030103], [5.178756010319573, 51.96579060398], [5.179067975582945, 51.96616874211147], [5.179132449298892, 51.96623825413459], [5.179148462774788, 51.96625552184352], [5.179322917883852, 51.96644362091897], [5.180226656080335, 51.967448325528885], [5.180243424741406, 51.967440840865244], [5.180423426349726, 51.96736179127029], [5.183128368143589, 51.96609535355111], [5.183489858688239, 51.96591254820307], [5.184077528392329, 51.965610031719294], [5.185722426244303, 51.96474798557603], [5.186234814368364, 51.96448363719772], [5.187335603022116, 51.96395051479564], [5.188536438342949, 51.96341807230568], [5.189148509746147, 51.96315621636843], [5.189720663422397, 51.9629142171598], [5.190920000421259, 51.962448772962475], [5.191655704027379, 51.96217997343348], [5.192201165940672, 51.961980674769585], [5.193362179970233, 51.961594391306534], [5.194328581727485, 51.96130152478083], [5.1946413448365245, 51.961208002116024], [5.195601019332532, 51.96094320232092], [5.195930507127616, 51.96085353243508], [5.196104353297568, 51.960806473857744], [5.197625257836311, 51.96045271217181], [5.198064188651375, 51.96036019249275], [5.198845475017988, 51.96019776986567], [5.200248706981422, 51.95993881835974], [5.201654153036494, 51.95972460596144], [5.203083174164501, 51.95956246444238], [5.204527213004014, 51.95946493620518], [5.205988819877731, 51.95943248301824], [5.207433614447634, 51.959477940824904], [5.208879075904444, 51.959623681431374], [5.21027537242922, 51.95984670095829], [5.2116458083447155, 51.96014577755173], [5.212488756055416, 51.960388023841915], [5.212603653295464, 51.96042104626063], [5.212613085516577, 51.96042366683412], [5.213426555700981, 51.96064999845346], [5.213470228649493, 51.96066604396973], [5.213802295175488, 51.96078804531207], [5.21423616656609, 51.960947451507714], [5.21544394361739, 51.96144767952056], [5.2156312270533975, 51.96153849093813], [5.2161906755755405, 51.961804762973], [5.216593578319032, 51.962005299437315], [5.2167023496324, 51.962063341136655], [5.2176677854375155, 51.962578492859606], [5.218714569724051, 51.9632044788547], [5.218859048949498, 51.963298432615545], [5.219228627887493, 51.96353792116846], [5.219737619054013, 51.96387044619455], [5.22063330835085, 51.964556250140774], [5.221507447231595, 51.96528518721447], [5.222292420607384, 51.96603693072921], [5.22259612947771, 51.96633054214026], [5.223956865572222, 51.96781407986482], [5.224372645714947, 51.96828412761148], [5.2251287317649355, 51.96941905087136], [5.2256174796104435, 51.97015877768091], [5.2260340424801495, 51.97080685874078], [5.22704838757784, 51.972384863160606], [5.227119225807131, 51.97249677269755], [5.227191888435712, 51.9726032198438], [5.227758906772038, 51.973341048314985], [5.228426231544734, 51.97415324278026], [5.229108982419688, 51.974906428571735], [5.229314797105298, 51.97509439623349], [5.229912519749953, 51.97564895890624], [5.230851006324808, 51.97634853755602], [5.231763751727609, 51.97691191251008], [5.231896627280163, 51.9769939163427], [5.233006667953751, 51.97755042297188], [5.234201406063562, 51.97806299598437], [5.234473498649319, 51.97814748764957], [5.2350430662370755, 51.978334981605705], [5.235464673857783, 51.97847029454422], [5.236867077139563, 51.97875747724225], [5.2374333881952175, 51.97881384471537], [5.238270389687402, 51.97889438878432], [5.239780308231849, 51.978939629691254], [5.241165301208626, 51.97886896444708], [5.242270383430723, 51.97872971840213], [5.242664348358642, 51.978674727482094], [5.244003374376034, 51.97837703861428], [5.245260152484397, 51.97799949219], [5.246523744645239, 51.97749823602176], [5.247575272024841, 51.97690533210347], [5.248599107324277, 51.97617924409709], [5.249748942635771, 51.97533102788581], [5.250460615258851, 51.97480602914796], [5.251250601633399, 51.974203197864455], [5.252259214196179, 51.97346093542305], [5.253204868960919, 51.97277609014436], [5.254185962907264, 51.97212969279935], [5.255228233504671, 51.971504424138104], [5.256271137668384, 51.97094139916174], [5.2562662980737835, 51.97093920066109], [5.257113446834418, 51.97048665800358], [5.257539613389893, 51.970260041189206], [5.258549020455399, 51.96976247404754], [5.259671882677223, 51.969238937388944], [5.260886974496125, 51.96870087413978], [5.261433093501161, 51.96848134662762], [5.262104259769672, 51.96820597995692], [5.263382188258141, 51.96771460638005], [5.2645611134991315, 51.967286087176625], [5.265893605176391, 51.96682496142385], [5.267198476500915, 51.966398064432774], [5.267311649135138, 51.966362020164276], [5.267584086991598, 51.966275255451635], [5.268922022055444, 51.965862250687714], [5.27037360372902, 51.965426621312], [5.2724128991743795, 51.96484913921839], [5.273710103291793, 51.96454162466768], [5.275113502125143, 51.96425955263835], [5.276520897042019, 51.96401970318167], [5.277879284354507, 51.96380456289331], [5.280967004932169, 51.96337377045355], [5.281219918788196, 51.96334120932774], [5.282608034776488, 51.963162515299906], [5.284083154217914, 51.96298133742678], [5.285046072558189, 51.962871963114395], [5.2864389471780315, 51.96273152673512], [5.287872271848078, 51.96260621714567], [5.288776373163202, 51.962538494910305], [5.289121437007224, 51.96251175519074], [5.289303524355055, 51.96250006020442], [5.290523636676405, 51.96242844317396], [5.290853565123111, 51.962409298958256], [5.293735987354838, 51.962335455062075], [5.295225272418392, 51.96224977417756], [5.295257300684913, 51.96224766897375], [5.295488836412543, 51.96223053816512], [5.296424080740921, 51.962164453188635], [5.296649385672678, 51.96214863656009], [5.2976840334324224, 51.96205158166061], [5.298328568278462, 51.96198578161668], [5.2995165327240255, 51.9618363709964], [5.300894137080279, 51.96156856001281], [5.30219315747525, 51.96121641181742], [5.303451695472814, 51.96077075217135], [5.304593755180494, 51.96027878009523], [5.305828370457973, 51.95971125208153], [5.306810086159446, 51.95923156030638], [5.30808650770473, 51.95858566887655], [5.309435062578898, 51.95793378907635], [5.310976435557862, 51.95720884565015], [5.310767897120412, 51.95704971817735], [5.314856945481896, 51.95561999229914], [5.316600706381483, 51.955220939621356], [5.318322080354799, 51.955019274018994], [5.3216112591146345, 51.954919169897074], [5.323439143698774, 51.95509710562207], [5.327270500887194, 51.95574824381318], [5.329075150972119, 51.95614006232975], [5.3308731783268515, 51.95655979428985], [5.33171660020585, 51.95680089827044], [5.332697728718043, 51.95706571686383], [5.333118383129909, 51.95720090435936], [5.333617411326156, 51.95739683231589], [5.3345513810083425, 51.957763845823514], [5.33509422435951, 51.957986985348555], [5.335220685385146, 51.95804409826273], [5.335486010641281, 51.95819022825636], [5.335764351445402, 51.958342529231544], [5.335782045858642, 51.958352217241035], [5.336270815968603, 51.95862239895382], [5.3366638998959415, 51.95885874202899], [5.337011442190156, 51.95907644984779], [5.337492170150255, 51.959370639508144], [5.338079562134895, 51.959771696426685], [5.338319352563967, 51.95995048146673], [5.338925051453073, 51.96041595115805], [5.3391677190862, 51.960604433896044], [5.3394468312319985, 51.96082357165813], [5.34046857681728, 51.961670282661586], [5.340761656920868, 51.96190168270071], [5.340762660019019, 51.96190248304514], [5.341165969289721, 51.96222155134135], [5.343551990164104, 51.96393523977287], [5.343702180739977, 51.96406809581364], [5.343968505515509, 51.964315054455774], [5.344262743327515, 51.96459013771716], [5.344459085385214, 51.96477647134109], [5.344494818788178, 51.96481005518243], [5.34460411274071, 51.96491277581032], [5.344764422664095, 51.965060788222054], [5.344925662864164, 51.96521095791179], [5.345144161176296, 51.965408003245464], [5.345442423716141, 51.96565781014078], [5.345641919371045, 51.965827245070095], [5.345882677402206, 51.96603451642215], [5.346015353422926, 51.96614546809621], [5.346216188122479, 51.966319279755865], [5.346455812068704, 51.96651531428397], [5.3467394431934245, 51.96674115027578], [5.3470947586079, 51.96699748890366], [5.3479353736725646, 51.967494989187486], [5.348089770562741, 51.96758837380115], [5.34825522327628, 51.967686327858225], [5.348424345658829, 51.96778199988528], [5.34867803447286, 51.9679209594441], [5.348825113928131, 51.9679984226129], [5.348961171496359, 51.96806677699158], [5.349134019011222, 51.96814880512455], [5.34929212824573, 51.968228545272844], [5.349435548461406, 51.96829918446333], [5.349726059181608, 51.96843818048122], [5.349924660474727, 51.96852705562749], [5.350237276501021, 51.96866834035108], [5.350542540508081, 51.968798251899116], [5.350921385892259, 51.96895780135551], [5.351112668613399, 51.96903301918049], [5.351410594318271, 51.96915609520208], [5.351579810537253, 51.96922220054266], [5.351734307790054, 51.9692791961862], [5.351951350309031, 51.969354447337025], [5.352153703063775, 51.969420588694895], [5.352333955360944, 51.96948214819668], [5.35251056082139, 51.969536893303854], [5.35252302893013, 51.96954083379014], [5.352705555344236, 51.96959847453813], [5.352882147170743, 51.96965321009412], [5.353066119078353, 51.96970568249273], [5.353250107680854, 51.96975588059624], [5.353595965112402, 51.96985852568646], [5.353813052763795, 51.96992012933734], [5.354037504439507, 51.96998173465328], [5.354203077123022, 51.97002508608382], [5.354423867647621, 51.9700798676044], [5.354618889923894, 51.970130075610605], [5.354835999748599, 51.97018484635375], [5.355042085936207, 51.97023051765107], [5.355116975884343, 51.97024571006117], [5.3554248298245914, 51.970308171233285], [5.355638266108868, 51.97035385244855], [5.3558774911984575, 51.97039726609969], [5.3560504806299365, 51.970431529833384], [5.356286010219474, 51.97047495066751], [5.356506845443917, 51.97051380121696], [5.356639812144771, 51.970533250142424], [5.356819705893186, 51.97055955099403], [5.357110474871742, 51.970607568330884], [5.35732763269991, 51.970641877367875], [5.357673626346259, 51.970694482235935], [5.35814846547256, 51.970751737731845], [5.3585496905195535, 51.97079984150486], [5.358770552446441, 51.970825052728394], [5.358986384476218, 51.97084222689826], [5.359146046729802, 51.970854938212746], [5.359403744485387, 51.97087562693023], [5.359793968149606, 51.970903248782435], [5.359959640394604, 51.97091703896671], [5.3603020214375565, 51.97093552509921], [5.360574469966301, 51.97094257053576], [5.360810099324871, 51.97095186317143], [5.3610457314106466, 51.97095661630132], [5.361428648541972, 51.9709637560252], [5.3617409888306495, 51.97096572012489], [5.361844719045773, 51.97096638055047], [5.362209248258914, 51.97096213474853], [5.362437521954022, 51.97095776951518], [5.3625807784228865, 51.970955606273336], [5.362641914095427, 51.97095483699765], [5.3630161208418565, 51.97095010533982], [5.363479557495276, 51.97092949928355], [5.363571037198348, 51.970924834725764], [5.3638791225380285, 51.97090912152337], [5.3641673302260235, 51.97089082404087], [5.3643712924303, 51.97087392079221], [5.364581411269786, 51.97085487018882], [5.364880392962643, 51.970824861408126], [5.365262692189441, 51.970784764599884], [5.365629814393929, 51.97074069100876], [5.365741394604047, 51.97072729190207], [5.366211814645157, 51.97067154152132], [5.366375714475395, 51.970649666216666], [5.366616733471395, 51.97061474426287], [5.366815708727157, 51.97058294248292], [5.367277609819755, 51.97050082402054], [5.367778103641888, 51.97041515074726], [5.368322606886817, 51.97031738425428], [5.368846414340515, 51.97021970192213], [5.369256483923034, 51.970146097446985], [5.369361995452199, 51.970127157263434], [5.36961531063918, 51.970080240767935], [5.36992024527074, 51.97002507110605], [5.37040965575309, 51.96993601444607], [5.3704587872600404, 51.96992729385155], [5.370752498966575, 51.969875167444144], [5.370980328085336, 51.96983473394743], [5.371548260851969, 51.96973688380579], [5.371844282987017, 51.96968726267955], [5.372128674331227, 51.96964664549884], [5.372518356003836, 51.96958647338977], [5.3727380436348104, 51.9695579987602], [5.37331032739223, 51.969483977311555], [5.373995622555657, 51.96940272118414], [5.3744040956842385, 51.9693607909307], [5.374994457767131, 51.96930373292666], [5.375292082260832, 51.96927795793716], [5.375560049962382, 51.96925016594972], [5.37601128791948, 51.969210643114145], [5.37631103447831, 51.96919039348099], [5.376330359723878, 51.96918946047034], [5.376908545118533, 51.969161405621904], [5.376919764766906, 51.969161038071945], [5.376981218169476, 51.96915902100023], [5.377504772421041, 51.969141798292384], [5.377824569312753, 51.9691270202323], [5.3782292172184185, 51.969118323704016], [5.3785096051193655, 51.96911360759456], [5.378713842376978, 51.96911017076265], [5.3793116367384535, 51.96910844986842], [5.379708788334918, 51.96910955387111], [5.379799767445566, 51.969107528174845], [5.380482556652133, 51.96912636251733], [5.381046078223789, 51.96914774851386], [5.381433768981864, 51.969168494390026], [5.381746940108877, 51.96918353714764], [5.381995995356921, 51.96919925045427], [5.38232786516203, 51.969224035661576], [5.382624592215498, 51.969249357910236], [5.383037938514304, 51.96928405811518], [5.3833194742696735, 51.96930688836459], [5.38356864624697, 51.969334525670654], [5.383999310378156, 51.96937810333631], [5.384165682451485, 51.96939922976025], [5.38480839842529, 51.969481647412685], [5.385395935266215, 51.969562568755194], [5.38602221168885, 51.96965611590714], [5.386603000663857, 51.969751538094805], [5.387069877570882, 51.96983074280809], [5.387243296093878, 51.96986632686936], [5.387778629322151, 51.969967010397376], [5.388060507271372, 51.97002475739113], [5.388486789023787, 51.97011221696707], [5.388686418783304, 51.97015756873325], [5.3887680432849745, 51.97017611019185], [5.389023715119863, 51.97023419680907], [5.389934079907646, 51.97047766791023], [5.390831209458427, 51.97069312519449], [5.39097606792198, 51.97073019670432], [5.3913082960742145, 51.97083228192476], [5.391437773634287, 51.97087206785498], [5.39196319523075, 51.971030598637356], [5.3926063272578455, 51.971230233519], [5.393278542067389, 51.9714353461326], [5.393951913025287, 51.97164262098344], [5.394627226115079, 51.97185215687074], [5.395397333494253, 51.97208800857029], [5.395894112982468, 51.972241490415], [5.396047989829755, 51.97228308503631], [5.3965509841283925, 51.97241902767831], [5.397014511213585, 51.97254441939244], [5.397577937663845, 51.972687992453615], [5.398248790432677, 51.97285504773683], [5.39871875494953, 51.97296378599727], [5.399337609624783, 51.97310277910691], [5.399954615074328, 51.973225123045125], [5.400499158740735, 51.97333363025719], [5.4008523167343085, 51.97340413756352], [5.401604562647738, 51.97353315307809], [5.402062163177939, 51.97361555311265], [5.402654838752154, 51.973706319485174], [5.4029411800710285, 51.97375411623027], [5.403650177427833, 51.97386303590764], [5.404256162265628, 51.97395604836245], [5.405266358698616, 51.97411762951166], [5.405733020652977, 51.9741913762118], [5.406248924118878, 51.97427697742883], [5.4067780426397825, 51.97435887103425], [5.407254316349194, 51.974435576183545], [5.407624295632465, 51.97448967480023], [5.407778051823087, 51.97451339456773], [5.407810467505551, 51.97449187113969], [5.407841694226656, 51.97447999223245], [5.407868109173731, 51.97447998755771], [5.4079377801072095, 51.97448517036867], [5.408146783685858, 51.974511845925115], [5.408447677995794, 51.974565576825185], [5.40850052751491, 51.974575957532515], [5.408556987800453, 51.97458929466749], [5.408593032808185, 51.974610068744674], [5.408601460551289, 51.974642703288815], [5.408986436986768, 51.97470384160423], [5.409354004271643, 51.9747571892097], [5.409700558432094, 51.97481387433205], [5.4099882517654185, 51.97485870553214], [5.410244114343088, 51.974899461677886], [5.410535403566774, 51.97494429082986], [5.410803273663349, 51.97498429734062], [5.411063327420432, 51.97502170725347], [5.411307184151952, 51.975060980487704], [5.411534811901306, 51.97509692198186], [5.41176904686718, 51.97513173812374], [5.4121228124074685, 51.97519064365996], [5.412463363482155, 51.975248813958046], [5.412708417367581, 51.97529030410842], [5.413088605588146, 51.97535736223837], [5.413230375353341, 51.975381410093306], [5.413514453895809, 51.97542960403912], [5.413919888279527, 51.97550851819496], [5.414252636001955, 51.97557892699643], [5.414630452147632, 51.97566230322601], [5.415069539489477, 51.97576420627298], [5.415550668250849, 51.9758772248643], [5.416020998800814, 51.97598802406675], [5.416257106566918, 51.97604783592468], [5.4172940992120875, 51.9763371100166], [5.418155579527132, 51.9766057037629], [5.418772188319508, 51.97680845617521], [5.419515469958683, 51.97707061826239], [5.42020484740192, 51.977329285465856], [5.4205969182673215, 51.977483087840405], [5.421152400536059, 51.977717285825655], [5.422029856543254, 51.978101794017235], [5.422672866686994, 51.978419872362274], [5.423363655296438, 51.9787554234284], [5.4239884200796995, 51.97911195160938], [5.424335949115315, 51.97931558592158], [5.424615139624678, 51.979479189737916], [5.424721052696914, 51.979541416954795], [5.424900205378621, 51.97965155446908], [5.425118032068051, 51.97979529497418], [5.425319111818115, 51.97992784125725], [5.4256012536169065, 51.98011265385424], [5.4257828916285735, 51.980230249387056], [5.426081685689597, 51.98042813313371], [5.426369211371288, 51.9806204112633], [5.426450117302932, 51.980676299621166], [5.426464492514623, 51.980686235725564], [5.426544874353263, 51.98074175567828], [5.426762425450924, 51.98089109284366], [5.426949461969058, 51.98101617188963], [5.427159027445791, 51.98115244221992], [5.427348948218452, 51.98127751065465], [5.427642278047449, 51.981469783662696], [5.427952345479258, 51.981673258367074], [5.428159034980036, 51.98180953689289], [5.428335108146954, 51.98192340031254], [5.428432910979347, 51.98198686738283], [5.428550260536793, 51.9820634052673], [5.428734610549793, 51.98218473433612], [5.4289358264021965, 51.98231540480835], [5.42912565692218, 51.98244234891639], [5.429338032249413, 51.98258048387479], [5.429522486642279, 51.98269994212357], [5.429913542023126, 51.98295754507649], [5.429978854016042, 51.98300026900112], [5.43004764732652, 51.98304528360037], [5.430162105666765, 51.983121820923685], [5.430223265568245, 51.98316042965097], [5.430265607095528, 51.9831871539113], [5.430360818943785, 51.98324502068967], [5.430473382445291, 51.983302880985406], [5.430597203911732, 51.983366345624084], [5.430698495771711, 51.98341861024564], [5.430805466759084, 51.98347273321843], [5.430982639373437, 51.983566072247406], [5.431202276503192, 51.98367619396663], [5.431303769880302, 51.983724727898384], [5.431515633174802, 51.98381804407544], [5.431865562536405, 51.98397856582432], [5.43220153956444, 51.984129753177065], [5.432314593175129, 51.984178281795664], [5.432524049370629, 51.9842622673571], [5.432745064519771, 51.98434624805454], [5.433130191505023, 51.98449743161917], [5.433266063563959, 51.98455155000908], [5.4334823020723935, 51.98461687175454], [5.433868989386216, 51.98473817560316], [5.43465698554762, 51.98496700368947], [5.435434204323662, 51.985156687448416], [5.435718107490716, 51.985219074046924], [5.435950153742792, 51.98527690655299], [5.436243938215128, 51.98534843772961], [5.436471055394952, 51.98539713030091], [5.4368191366526855, 51.98546559022399], [5.437322735981694, 51.985561432616365], [5.437606627158841, 51.985608579714004], [5.43794481943196, 51.98565722164305], [5.438051599520596, 51.98567190699899], [5.438199073792873, 51.98569218318582], [5.438478027111371, 51.9857225673925], [5.438594400774874, 51.985737212108], [5.439024109629737, 51.98579185983108], [5.439394394949523, 51.98583287941615], [5.440031232031206, 51.9858783530499], [5.440601433910232, 51.985917759615006], [5.440988977411456, 51.98592675945351], [5.4416479967916205, 51.98594325428139], [5.442146593575669, 51.985947632715416], [5.442408233860953, 51.98594752784307], [5.4428500467701, 51.98593211109472], [5.442988257890315, 51.98592290447828], [5.4433560034898, 51.98589684308613], [5.444654212100004, 51.98580181172862], [5.444817105840086, 51.985788024882666], [5.44500220020644, 51.98576355791817], [5.445562421013237, 51.98569320879779], [5.4459844219546625, 51.98563663330251], [5.446374329497961, 51.985573969516466], [5.446714886839076, 51.98551133846888], [5.4473022082742855, 51.98539829147837], [5.447692101735929, 51.98531734139064], [5.447887056253859, 51.98527762985215], [5.448402775422764, 51.98516155839586], [5.448817307678786, 51.985057734802936], [5.449177577854883, 51.98497068338248], [5.449638992034258, 51.984843975199695], [5.449969624683619, 51.98474932413584], [5.450273101195048, 51.98466078072065], [5.450522297924009, 51.98457531281446], [5.451045328352813, 51.98439064606271], [5.45140062345713, 51.984282261597734], [5.451807725966145, 51.98416471556328], [5.452370293344948, 51.98400746202164], [5.452649096363016, 51.98393568011679], [5.452989605599064, 51.98385473997847], [5.453194409514258, 51.98380891114122], [5.453544803317589, 51.98374930175644], [5.453885356290699, 51.98370950685181], [5.454045762670699, 51.9836941806436], [5.454191397628443, 51.983691059599735], [5.454433247577392, 51.98368483630496], [5.455065099043922, 51.98368756456578], [5.455437795833204, 51.983688903417836], [5.456027678182803, 51.983690122913444], [5.456416501448385, 51.98368992121737], [5.456482239371624, 51.98368988243098], [5.4568152201273765, 51.98368770800482], [5.457011991660739, 51.98368404978995], [5.45732740897696, 51.98367676110082], [5.4576312653985095, 51.9836676988456], [5.458238951555362, 51.983651333678516], [5.45881768123854, 51.983633203385196], [5.459405112454845, 51.98361328523398], [5.4597899757348145, 51.98360416754405], [5.460119858418955, 51.983595073774524], [5.460721749166693, 51.98357871735796], [5.461416263310576, 51.98356230832633], [5.462003698777417, 51.98355487974501], [5.462411717618364, 51.98354395906155], [5.462686615959805, 51.983533104663074], [5.463106168149561, 51.983507882957824], [5.463401302174155, 51.98348986820479], [5.463835322796518, 51.98346462551788], [5.464069688594971, 51.98345020805841], [5.464509481255906, 51.983421390799116], [5.4647669853835685, 51.9834033884055], [5.465339860577314, 51.98336199546188], [5.465762285572307, 51.9833331760883], [5.466040024258931, 51.983308011766624], [5.466323556134699, 51.98328284288482], [5.4667170318439675, 51.983248673648866], [5.467275403529965, 51.98319833786582], [5.467787514943364, 51.98315695645107], [5.468102889614465, 51.98313712735847], [5.468464564958589, 51.98311549471163], [5.468939089776621, 51.98309021413682], [5.469251573271414, 51.9830739522823], [5.469862099591889, 51.98304144523849], [5.4704205374824415, 51.983014337896996], [5.470990561604533, 51.98298721064834], [5.47132043747652, 51.98297809446006], [5.471630054016625, 51.98297077157492], [5.472095991004813, 51.98297050751888], [5.472373807409546, 51.98297392855725], [5.472629612228836, 51.982976160540915], [5.4729843266841005, 51.98298520469118], [5.473216614006567, 51.98299037373441], [5.473421225595534, 51.983016163542146], [5.473517612842467, 51.9830283166449], [5.474124860244343, 51.983100753798375], [5.474396828214319, 51.98313525549903], [5.474716263061424, 51.98316111053186], [5.475130753765964, 51.98320249702835], [5.475537355600635, 51.98324388799951], [5.475980909546689, 51.98328871906948], [5.476413878310607, 51.98333182179169], [5.4768415929867755, 51.98337492693149], [5.477266676545221, 51.98342666118256], [5.477638961365459, 51.983469769971094], [5.477664499531542, 51.983472671457385], [5.478064039717941, 51.98351804089787], [5.478491771827063, 51.983568042943745], [5.478927423719769, 51.98361804623696], [5.479376247149791, 51.98365940893132], [5.479790750317206, 51.98370250473079], [5.480218482521306, 51.983750774769554], [5.480659418589569, 51.983799041734486], [5.4810976917271, 51.98384730917608], [5.481506939648633, 51.98388866841323], [5.481615179985567, 51.983893830539536], [5.481931934894017, 51.98390068511067], [5.482349011502362, 51.98391270668856], [5.482808320809319, 51.98391263927211], [5.483130338175069, 51.983916034873246], [5.48355005712498, 51.98392458958754], [5.484033131019572, 51.98393487024513], [5.484302383714691, 51.98393310197651], [5.484600633434323, 51.98393131803589], [5.4847589884430565, 51.98392094008445], [5.484890944954764, 51.983914017363375], [5.485033465842809, 51.983905359965], [5.485529625949538, 51.983869028874565], [5.485793523149174, 51.98384826067322], [5.4859492320721595, 51.98383960907007], [5.486214004563034, 51.9838264431859], [5.486102118449794, 51.983620744182495], [5.4860525548563475, 51.98352926830055], [5.485975565370544, 51.983390942126334], [5.485918370608231, 51.98328442639558], [5.486072494568663, 51.98325766478423], [5.486296319315079, 51.98321967187941], [5.486556402677777, 51.98318109061426], [5.486785063162018, 51.9831447914532], [5.487048790625791, 51.983102296151806], [5.487307398398516, 51.98306189886764], [5.487536057686541, 51.983025607234715], [5.4879767258619205, 51.98295448401828], [5.48821926675924, 51.98291635454476], [5.488563498324458, 51.982858884179336], [5.4886781837285525, 51.982837573050865], [5.488782625635133, 51.982811749616964], [5.488894378007173, 51.98278095828701], [5.489080055890782, 51.98272184392106], [5.489291853395981, 51.982652594861264], [5.489533579263647, 51.98257113137859], [5.489872166765063, 51.982460056603074], [5.490277283870667, 51.98234032978562], [5.491226120488318, 51.982052896220914], [5.4918765970126096, 51.98185595358491], [5.492792406979804, 51.9815467224713], [5.493398297966967, 51.981343187182354], [5.493813325669576, 51.98119412874053], [5.494626491398929, 51.98090345612278], [5.495011264414905, 51.980760560033765], [5.495618910976336, 51.98053315702752], [5.496351051714437, 51.980272522791076], [5.497044542323657, 51.98000726425416], [5.498431516008455, 51.979477750540774], [5.499881290523026, 51.97892467406198], [5.5007510051133535, 51.978592046726924], [5.501879003938171, 51.978045457980215], [5.503205308938049, 51.977396529926295], [5.506414227872873, 51.975738133429225], [5.506551912798804, 51.97566824527268], [5.507448140884636, 51.97521340972815], [5.508045090078531, 51.97491297809318], [5.509089679073251, 51.974431983403704], [5.509453950561936, 51.974263939147875], [5.510979363292189, 51.97364322608862], [5.512353721734476, 51.97312914630194], [5.512481394982685, 51.9730813817752], [5.513356798891988, 51.97284759677781], [5.514534472002606, 51.97253553237709], [5.514576468655885, 51.97252405386459], [5.51509633977663, 51.97238348890367], [5.515383611950184, 51.97230558070945], [5.5158442647994805, 51.972191322565514], [5.516312312827646, 51.97208372372688], [5.516748747091776, 51.97198528090777], [5.516950201317243, 51.97193951539026], [5.517495940740212, 51.97183658075347], [5.51916793633815, 51.97150688792872], [5.519621778313817, 51.971423209446456], [5.520182647828431, 51.97132776839101], [5.521204654104108, 51.971147795865335], [5.5222591587153005, 51.97098100771731], [5.5230256463271, 51.97085734525074], [5.523799286997045, 51.970751942472745], [5.5248139564450325, 51.97061333773158], [5.525749053792349, 51.970453372256415], [5.5267787992002475, 51.97027671268697], [5.52823866947344, 51.97002491746761], [5.529691796547934, 51.96977194381836], [5.530355949532193, 51.96965533244399], [5.530429993113247, 51.96964238008292], [5.530631355002897, 51.969602676221854], [5.5314553121158525, 51.9694402303308], [5.532377158361598, 51.96926542479556], [5.533243311306907, 51.96910978119675], [5.534120308945613, 51.96895259864348], [5.535241692863891, 51.96875388195652], [5.536085863266378, 51.96860138197607], [5.536971398971258, 51.96840544613612], [5.537520484476507, 51.96828532762085], [5.538445237312439, 51.96798540886914], [5.538942162391113, 51.96782703412337], [5.540208133629514, 51.967281506987376], [5.5409175477451384, 51.96688417413457], [5.541349715258493, 51.96664163641537], [5.542406694873007, 51.96585487332859], [5.5428384873749525, 51.965438237986305], [5.543176314853128, 51.96511260558847], [5.543301969975071, 51.964981768125924], [5.543851075930729, 51.964355475885], [5.544099616922728, 51.964082531828176], [5.544383538010996, 51.96376305287961], [5.544661107160096, 51.96344656582688], [5.545065302246384, 51.96298571014637], [5.545709469714747, 51.96225612351714], [5.5461957658270205, 51.96182116494149], [5.546499542014925, 51.961549453201755], [5.5469182450444, 51.96117690749079], [5.54742658804798, 51.960774253358395], [5.548215565400535, 51.960138031432216], [5.548688731364009, 51.959807136947006], [5.5491823513973, 51.95946161547176], [5.549561074079531, 51.95919689303178], [5.549792606646872, 51.959053444449225], [5.550477103979536, 51.95863252064278], [5.551061128122416, 51.95827437189313], [5.552010210063654, 51.95777916861154], [5.552742321136531, 51.95740000486265], [5.553686653026923, 51.95697546902649], [5.554397685003648, 51.95665455945827], [5.55468265069128, 51.956545674703165], [5.555383964351978, 51.95626716144722], [5.555657820159853, 51.95615692401298], [5.556116252263504, 51.955999250500696], [5.556933776462782, 51.95571102430804], [5.557539685344125, 51.95551951610518], [5.558339150132918, 51.95526870628777], [5.559232518843185, 51.9550241172079], [5.56014148684187, 51.954768137243725], [5.5612525091559695, 51.95450179322846], [5.562353944811845, 51.95432819349966], [5.564071284693276, 51.954103395626944], [5.5641410353592065, 51.95409901219842], [5.564139162595583, 51.95409629158638], [5.564291582442637, 51.954080341517994], [5.56518409864061, 51.95398693532521], [5.567463080534189, 51.95374272888314], [5.569073541540521, 51.95355776777532], [5.570238297798142, 51.953418106399226], [5.571731727148604, 51.95324875987149], [5.572278160085146, 51.95318772412282], [5.572777171454308, 51.95313431985018], [5.573869994188548, 51.953014069754126], [5.574663715036739, 51.95292494598761], [5.5755743784346885, 51.9528265512993], [5.576491885890399, 51.95267908076142], [5.577101651663008, 51.95257233221046], [5.578480180551876, 51.95233099095377], [5.579445853320977, 51.9521579822079], [5.580794986682366, 51.95187594517302], [5.581765786808484, 51.9517055064924], [5.582273086998084, 51.95161103484156], [5.583386009995182, 51.951437883922], [5.583576744691637, 51.95140228644757], [5.584387730834498, 51.95125094143094], [5.585394809931735, 51.95106378361111], [5.586136440515387, 51.95092507309167], [5.5866165869928865, 51.95082894784525], [5.587133041646335, 51.95072377960509], [5.587658557059227, 51.9506123288323], [5.587834802828132, 51.950574762758755], [5.588365969388083, 51.95044625747081], [5.589149049849786, 51.9502491322662], [5.589796127731452, 51.95008267959611], [5.590991781904767, 51.9497757846177], [5.591867479106541, 51.94947632924314], [5.591935273477796, 51.9494534079613], [5.592736557938135, 51.949182559465726], [5.593400706049032, 51.94891339336273], [5.594441326825537, 51.94849377098363], [5.59520524445214, 51.94814512434214], [5.596211139368494, 51.94768776111996], [5.5966618807881385, 51.947483203909634], [5.597432095458023, 51.94709514500121], [5.5983837271234576, 51.94660188021753], [5.598899921805203, 51.94633133983186], [5.599542518831679, 51.94593524567123], [5.599896276276306, 51.94571879798568], [5.599987250121127, 51.94566635761357], [5.600147286914843, 51.94557850415734], [5.600881943925717, 51.94516759385133], [5.601000547567333, 51.945108639881845], [5.601498938297589, 51.9448658940693], [5.602005205845546, 51.944623005891806], [5.6024414756787335, 51.94444240650397], [5.603071877325826, 51.9441837904716], [5.603791751323852, 51.943929419351186], [5.603820233132182, 51.94391840117489], [5.605782324959744, 51.94315970907613], [5.605939647188888, 51.94312478453369], [5.606560757111704, 51.943543755212104], [5.606697021266636, 51.94363379665748], [5.606769538156986, 51.94368172131867], [5.607197989002773, 51.94396483161449], [5.607353045618914, 51.94405767739222], [5.607510888945091, 51.944152189553655], [5.607641718108207, 51.94423052840476], [5.608988326358541, 51.94503677457751], [5.609742671305208, 51.94548458974844], [5.610980282357816, 51.946182396504284], [5.611158912948104, 51.94628322784403], [5.61183226112493, 51.946656284892846], [5.612458703015839, 51.94703306826137], [5.612479535940915, 51.94704559388658], [5.612535917788696, 51.94708154661109], [5.612578562343759, 51.94710741388347], [5.613175824534437, 51.94746966147082], [5.6135435783591205, 51.94768271205754], [5.616427933586841, 51.94935354481838], [5.616802548363998, 51.949167421826196], [5.616850677322031, 51.9491442549404], [5.617156193915904, 51.94898294756905], [5.617600740341733, 51.94882014445036], [5.617636166562697, 51.9488387165988], [5.618142024736572, 51.94863754617527], [5.618643048040469, 51.948436122428234], [5.618550994180902, 51.94836624932546], [5.618499987966022, 51.94832753849726], [5.618790880953628, 51.948122267150055], [5.6192944040189685, 51.94831859258105], [5.61929793109667, 51.94831996980383], [5.619358343092947, 51.94834352549438], [5.619366286276093, 51.94834661973273], [5.619831041570762, 51.94826058177525], [5.619935288950417, 51.94824126631427], [5.620445612237476, 51.948166424892065], [5.6204372717467415, 51.948324742462795], [5.620433750694418, 51.94839168492996], [5.6204331948386805, 51.94840227418863], [5.620430971272979, 51.94844460425861], [5.620427105007521, 51.94850110306652], [5.620426672360965, 51.948507413674754], [5.620426186112278, 51.948514605237634], [5.620423117824182, 51.948559525598746], [5.620416601715407, 51.94865470609173], [5.6204113444285815, 51.948731826696665], [5.620350505938141, 51.94944093132074], [5.620216763492199, 51.9509261535672], [5.620170520964068, 51.951413470989124], [5.6201686733014276, 51.95143302408185], [5.620162494552839, 51.95149811121395], [5.620438477687989, 51.95153098200527], [5.620580598937371, 51.95155409620896], [5.621050739152802, 51.95166080468509], [5.621213749248696, 51.9516921996629], [5.621236639935533, 51.95169676504111], [5.621369144072403, 51.951716535844064], [5.6215152015582985, 51.95173832879091], [5.622065886116899, 51.95180551304989], [5.622219999459947, 51.95182664186589], [5.622425900548355, 51.951851001457314], [5.622827390249315, 51.951891462066826], [5.6230269651246925, 51.95191044933415], [5.623190283795311, 51.951928169836116], [5.623287931587459, 51.95193876856316], [5.623401448466158, 51.951943627776025], [5.623446479864046, 51.95194555960161], [5.623647295818672, 51.951946009562896], [5.623757935316771, 51.951934839194806], [5.623946923095963, 51.9519156371904], [5.6241227383186025, 51.95189494242945], [5.624143775320005, 51.951887224050274], [5.6243422108268275, 51.95181439647104], [5.6247116261121946, 51.951678817695274], [5.624864302872838, 51.951637297887316], [5.62491065747823, 51.95162819789966], [5.624962955306568, 51.951617926384365], [5.624987857186656, 51.95161490987317], [5.62502743733135, 51.95161482976939], [5.625082730364941, 51.95162351733439], [5.625103312093371, 51.9516287517649], [5.62515647797182, 51.95164227927752], [5.625204729988317, 51.95165632904922], [5.625245949117099, 51.95167179521519], [5.625636708948932, 51.951814347464015], [5.625671373722483, 51.95182816395543], [5.625691621601965, 51.95183623924582], [5.6258150476048625, 51.95188542401413], [5.625845610739214, 51.95189657028654], [5.626211859790638, 51.952030209122995], [5.626229770343976, 51.95203639255544], [5.626386175517, 51.952088520694964], [5.62648706014608, 51.95212213805969], [5.62682283390637, 51.95223050817787], [5.626884268022741, 51.9522503367842], [5.626955399845821, 51.952274693623444], [5.627099739903392, 51.952328103785455], [5.627151863081724, 51.952347672625386], [5.627185655104551, 51.95236405210242], [5.627223754528413, 51.952386166259295], [5.6272765788124675, 51.95243614982999], [5.627290070979574, 51.952448418181206], [5.627308561987814, 51.9524733047994], [5.627314460994589, 51.95257529133841], [5.627314273442559, 51.9526951679302], [5.627313753710664, 51.9530247678848], [5.627305966284873, 51.953466879522765], [5.627305659355659, 51.953648712299994], [5.627305546524593, 51.95371460533674], [5.627306663231001, 51.95395042757], [5.627300561518875, 51.95419111819542], [5.627286829528188, 51.95457447678328], [5.627255035557225, 51.95496170123857], [5.62720635515344, 51.95526262810395], [5.627184808737565, 51.95537382967861], [5.6271751766042355, 51.955406153085164], [5.627173304696393, 51.9554124756408], [5.627163658287625, 51.95544485300482], [5.627158753666125, 51.95546621907913], [5.627124249692656, 51.95561635718931], [5.627034182852047, 51.955907040957634], [5.626923927375421, 51.95620680799841], [5.62685688153262, 51.956382026662254], [5.6267575917451635, 51.956616201958795], [5.626662575279925, 51.956830783082935], [5.6265993008043464, 51.95696066621145], [5.626422160251925, 51.95730103401503], [5.626415881642814, 51.957313109011224], [5.62640940141907, 51.95732557091159], [5.626467667422515, 51.95733657973056], [5.626456892288996, 51.95735935089864], [5.6264951881476755, 51.95736574445395], [5.626409052240355, 51.95753017087451], [5.626387262404475, 51.95757174088409], [5.626384684557858, 51.95757667168505], [5.626205213425618, 51.95791453615204], [5.6259004776900445, 51.95849581358707], [5.6255781259606685, 51.95906810172004], [5.625227836513144, 51.95966864159313], [5.624978284947094, 51.96006505153103], [5.624482252226824, 51.96077795814462], [5.62407965991566, 51.96134571206393], [5.62368227842929, 51.96190474446402], [5.623290103959478, 51.962451487080465], [5.623237869334762, 51.96252876494772], [5.623172294280165, 51.962625780766054], [5.623148400143629, 51.96266112551969], [5.622863647771242, 51.963046761615416], [5.622451617738851, 51.9636094413095], [5.622019817933046, 51.96419712830006], [5.621604847199114, 51.96475799516024], [5.621059120767136, 51.96550174352681], [5.6203884819631, 51.96641571347812], [5.620357942253199, 51.96641071369737], [5.620334436605016, 51.96640684146045], [5.620258109363015, 51.96639437337384], [5.620250665219473, 51.96640953329344], [5.620144516216826, 51.96643222328001], [5.620258227663947, 51.96658232589909], [5.619313236749668, 51.96642052044043], [5.618616833361152, 51.96630473224], [5.618341308489921, 51.96625956931519], [5.618329293689567, 51.96625759755821], [5.6183394745511945, 51.96630181757526], [5.6183680469005175, 51.96636557777005], [5.618408069751921, 51.96644037094733], [5.618474982152724, 51.966531874237155], [5.6185417582319666, 51.96659972075152], [5.618636747798502, 51.966664455677204], [5.618862971308394, 51.96679886030216], [5.619273989375928, 51.967046951308454], [5.619490538204059, 51.967175378682555], [5.619538847029287, 51.96720312870907], [5.619595423477989, 51.967225721104626], [5.619670288592427, 51.9672534455284], [5.619785097725274, 51.967292451978885], [5.6200080269091695, 51.967368428479], [5.620461171904311, 51.96752203756036], [5.620995450175938, 51.96770179206204], [5.621386810334792, 51.96783483856483], [5.621636359027209, 51.967919010125485], [5.621934216075209, 51.96803298850359], [5.622198823040248, 51.96813567149997], [5.622345268770675, 51.96819625583361], [5.622423565015258, 51.96823940441947], [5.622483415151318, 51.96827802386375], [5.622492686908937, 51.96828400943552], [5.622594368283658, 51.968354911662644], [5.622656095974793, 51.96840185934082], [5.622672736914325, 51.96841451737296], [5.622951479541622, 51.96873068557809], [5.623081820660256, 51.96888281937336], [5.623203613663458, 51.968986622540626], [5.623409978960297, 51.96916692517911], [5.62343468824497, 51.96918901350866], [5.623735397600564, 51.969457785731485], [5.624120183037154, 51.969796244192295], [5.624455568192563, 51.97009327553314], [5.624750556083702, 51.97035380550529], [5.6248556890707615, 51.970448364777056], [5.624889157495202, 51.970494622389744], [5.624937756735729, 51.9705758405317], [5.62496461853175, 51.970630335706666], [5.625031948786402, 51.970796912997336], [5.625154599217176, 51.97109335691364], [5.625285777524192, 51.9713977110278], [5.625349770259735, 51.97156017827758], [5.625376475035222, 51.97163148164042], [5.625455813118962, 51.971869014301966], [5.625524650705427, 51.972074803829365], [5.625579055561309, 51.97223740722793], [5.6256290485207465, 51.97237487051265], [5.625681892290221, 51.9725201836926], [5.625835168253745, 51.97293082292325], [5.625910915536737, 51.973118990251955], [5.625973306062952, 51.9732912485517], [5.62602887530656, 51.97343416515762], [5.626054031752187, 51.97347940566723], [5.626107591727848, 51.97355651459136], [5.626149472429754, 51.973621279446846], [5.6261731070864185, 51.97369223831201], [5.626176781587652, 51.97375908519785], [5.62616890277301, 51.97383726274807], [5.626170614785327, 51.973844458829014], [5.6261594227198, 51.97388807443267], [5.626106616731633, 51.97394982296016], [5.626070319388432, 51.97399612312498], [5.626062155426883, 51.974020821357364], [5.626060627828197, 51.974045506103636], [5.626063256474539, 51.97406358505326], [5.626064193314598, 51.974070063653436], [5.6260483412622415, 51.97408039636133], [5.625925063618734, 51.974160794717456], [5.625781020803886, 51.97424729314923], [5.625778498728092, 51.974249221746426], [5.625761525576641, 51.97426222619086], [5.625716519851714, 51.974296706436846], [5.625480609124025, 51.97447007322707], [5.62516299703426, 51.97470479673384], [5.624962824042739, 51.97485303097244], [5.624673608454249, 51.97503690329496], [5.624174213087074, 51.97534955949639], [5.623657575345839, 51.97566986125668], [5.623570665671218, 51.97572374961583], [5.623161766447559, 51.975978065719815], [5.622915385569937, 51.97612900474703], [5.622722188081243, 51.97624737128124], [5.622460607512146, 51.976409026783884], [5.622261926271588, 51.97652847312634], [5.622193991298465, 51.976565523543464], [5.62218077004982, 51.97657274054328], [5.622062356746562, 51.97663414197571], [5.621898362764054, 51.97671859019639], [5.6217525570968, 51.97678554678869], [5.621563596314991, 51.97686075054382], [5.621344776005278, 51.97694008513432], [5.621323505226492, 51.976947183247454], [5.62111928207313, 51.97701531599567], [5.621019762893542, 51.97704416841136], [5.6209162088213604, 51.97707241756662], [5.620652898773668, 51.97714449594456], [5.620418663476036, 51.977215698122805], [5.620294356730751, 51.97726412149237], [5.620221493400018, 51.97730838908007], [5.620147033370577, 51.97736191764307], [5.620082608689957, 51.97743086802247], [5.620023503011274, 51.97751792806243], [5.619957461380751, 51.97761192272696], [5.61988831317984, 51.97771034570148], [5.619751414974678, 51.977893517690326], [5.619596801142428, 51.97811015168907], [5.619415393835255, 51.978361227295444], [5.619204675405064, 51.97863011217562], [5.619059492546459, 51.978819456600654], [5.618917519287022, 51.97898513754958], [5.618783761710311, 51.97913537837227], [5.61865817232782, 51.97926093931414], [5.618567969353761, 51.979347619396506], [5.618381074714058, 51.979502009016535], [5.618077317937407, 51.97975055467508], [5.617715051358847, 51.98004287899109], [5.617597540437403, 51.980132721780315], [5.6172539071085685, 51.98039544592175], [5.617146370238435, 51.98047779953471], [5.617088509312125, 51.98053132061914], [5.616964565792671, 51.98066729382717], [5.616936557925455, 51.980698025310915], [5.616727238871415, 51.9809268604403], [5.6164530604025495, 51.9812304417656], [5.616394395645452, 51.981295064500294], [5.616167753850227, 51.98154472209497], [5.616042024651252, 51.98167986187864], [5.615915006367848, 51.98181640619205], [5.615777058863586, 51.98196785608056], [5.615651095929135, 51.98210615074866], [5.6155268786660475, 51.982235813212874], [5.615309471380908, 51.9824627469715], [5.615177948208261, 51.98259307038475], [5.615083052921145, 51.98268710019594], [5.615059958046436, 51.98271694085281], [5.615041900072611, 51.98276117983077], [5.615030524564434, 51.9828084977965], [5.6150211255991636, 51.98289529710107], [5.615003841874363, 51.983091893578326], [5.614989736268166, 51.98325222548485], [5.61498056902853, 51.98335601203182], [5.614960072731437, 51.9835879293553], [5.614929388027387, 51.983883179289], [5.614914274522413, 51.98402860169553], [5.614895196849034, 51.98419317664128], [5.614898907711747, 51.98427031517518], [5.61493442130818, 51.98438960069183], [5.614956363482809, 51.98445643937907], [5.615031672151935, 51.98457205247973], [5.61505940651971, 51.98463282187439], [5.615063587287192, 51.984641981734626], [5.615103134940734, 51.98468130934115], [5.615107012128667, 51.984685157762385], [5.615118767532528, 51.98469529163791], [5.615121984222684, 51.98469807174344], [5.615235118509822, 51.984892006445165], [5.615246593251988, 51.98495854180251], [5.61523669018617, 51.98507787935596], [5.615228871332894, 51.98517197400122], [5.6151740516485225, 51.98536712423381], [5.615133458539076, 51.9855116432954], [5.6150184365068565, 51.98561955385235], [5.614936732489748, 51.98568384294871], [5.614836464756108, 51.985761910888655], [5.614755389055646, 51.98582103042658], [5.6145058661743485, 51.98600301181868], [5.614442826252272, 51.98607646839267], [5.614424384640346, 51.98612007881947], [5.614387592412421, 51.98622239965916], [5.614376524651039, 51.98625319663442], [5.614337474668028, 51.98636966025315], [5.614312591430422, 51.986472227701796], [5.614281283310106, 51.98663417459388], [5.614259530094271, 51.986774171820166], [5.614258963925778, 51.98678023095819], [5.614231040762055, 51.987081686074326], [5.61420204329862, 51.98736656002316], [5.614200420575751, 51.987382463274805], [5.614195303698937, 51.98743280705086], [5.614188387412887, 51.987559023659706], [5.6142152364050055, 51.987738007683646], [5.614242155373921, 51.98793076147685], [5.614284563322765, 51.988261193474365], [5.614315066072938, 51.9886180467669], [5.614318780556728, 51.98866155143937], [5.614319832875933, 51.98867385424428], [5.61432280461566, 51.988708686743834], [5.6143262389562025, 51.98878596060162], [5.614305848605429, 51.988876187529385], [5.614291141350181, 51.98892438366919], [5.614132973484907, 51.98940635737416], [5.614085065996477, 51.98956545995871], [5.614063173947217, 51.98963817174325], [5.613971469926415, 51.989977841682176], [5.61393105857766, 51.990110953855044], [5.613905259289517, 51.990179808216055], [5.6138128049889895, 51.99034278058722], [5.613543661251039, 51.99057752232828], [5.613315289911199, 51.990776717632656], [5.613099956042499, 51.990960391794985], [5.612897298787892, 51.99113197907028], [5.612516480537739, 51.991454423786955], [5.612270313919811, 51.991660455186675], [5.6122124799216575, 51.9917088684159], [5.612127059703192, 51.991775454584335], [5.611636141557124, 51.99200972612253], [5.6115247006441775, 51.99209927241071], [5.611472786057299, 51.992161246142366], [5.611335664001428, 51.992335707709834], [5.611327291304737, 51.992350068819746], [5.611272753069341, 51.99244359600289], [5.611142946281959, 51.99259052156257], [5.61093145025944, 51.99280860913375], [5.610645940262305, 51.993081233509656], [5.610508306508883, 51.99321265961381], [5.610233616487095, 51.993472085733806], [5.609972265310212, 51.99369153343738], [5.609548443814987, 51.993877339532595], [5.608640121959359, 51.99384906018714], [5.608401698855047, 51.99387210528862], [5.608249024202458, 51.99390199052173], [5.608208412117953, 51.993912960549174], [5.608129907003959, 51.9939341674096], [5.608111869035099, 51.993940466067876], [5.607761472101223, 51.99406281494915], [5.607285264469843, 51.99426035082531], [5.607248058127517, 51.994274127446694], [5.607050750625871, 51.994326978563], [5.6067340216240344, 51.99433857191664], [5.606569860805127, 51.99429503395434], [5.60628257172219, 51.99421712074644], [5.6060170136499785, 51.99416435128995], [5.605503143118518, 51.99405078806473], [5.605065263239436, 51.99405981547282], [5.604480915217402, 51.994160270187145], [5.604212080421583, 51.99429322556643], [5.604035490742823, 51.99438266022979], [5.603510771081296, 51.994666287168634], [5.603353928936611, 51.994723893263476], [5.60307391637845, 51.9948047980269], [5.602915030874622, 51.99484648022554], [5.602804772646777, 51.99486917089913], [5.602515013823605, 51.994997828439175], [5.602330806770552, 51.99517297679712], [5.602177405078023, 51.995341381331606], [5.601733339066798, 51.99566680961134], [5.601613036365429, 51.995760515135586], [5.601610135015969, 51.995762767471895], [5.601449229159577, 51.99588840097776], [5.600974871003178, 51.996254544079854], [5.600852526758367, 51.99631469066002], [5.6005914122033165, 51.996444064346505], [5.6002467953394195, 51.996614502979064], [5.600202474157811, 51.996636415569014], [5.600098348645212, 51.9966761791132], [5.599866349775531, 51.996759119447226], [5.59962520619183, 51.99684829566402], [5.599493668352605, 51.996892620259025], [5.599429738160117, 51.99691872948709], [5.599378623058737, 51.99694822207497], [5.599316571858906, 51.99698679445512], [5.599219855103619, 51.997057067708496], [5.599001630863922, 51.9972485317265], [5.598648776187018, 51.99755810849778], [5.598627121130541, 51.99757608784372], [5.598364416673765, 51.997794298558404], [5.598318847075603, 51.99784528044217], [5.598258657875533, 51.997896279563314], [5.598083507164596, 51.998033996109655], [5.5979411957569045, 51.99814168695287], [5.5978426609721845, 51.99821650134463], [5.597788214607698, 51.998250331502256], [5.597810430366117, 51.99825545991288], [5.5977751649717025, 51.99827146810236], [5.59724343598359, 51.998516205511976], [5.597240035945519, 51.99851777552852], [5.5971780032460074, 51.99856425632947], [5.597048480903139, 51.99867362200534], [5.597019344815397, 51.998714390441656], [5.5969735226891055, 51.99878349240877], [5.596959280111836, 51.99880498158329], [5.596862660381971, 51.998906945007235], [5.596638391293118, 51.99913014360628], [5.596605594316133, 51.99916979493553], [5.596556305538543, 51.999201539061616], [5.596502752291413, 51.99922752034923], [5.596481423917809, 51.999237858762946], [5.596342638470626, 51.999307071977164], [5.595937227571577, 51.99950792310372], [5.595756389605421, 51.99959360469999], [5.59559118765892, 51.999672427292396], [5.595612558660337, 51.99967742279201], [5.595604070421947, 51.99968084435547], [5.595551876805009, 51.99970196019465], [5.594711647664047, 52.000065229080505], [5.594567333035353, 52.000127097617536], [5.594413907108191, 52.0001963343601], [5.5939225894272, 52.000425022423734], [5.593761791759209, 52.00047503657973], [5.593641180782691, 52.000511416811555], [5.593379917790664, 52.00060570276877], [5.593250122048834, 52.00065892456335], [5.59304196155013, 52.00074591717088], [5.592967089022135, 52.000782225616845], [5.592861175934031, 52.00083894652289], [5.592671267287337, 52.0009433076468], [5.592484992159155, 52.00104314106724], [5.592349888298007, 52.001127047761486], [5.592247629778525, 52.00118716825147], [5.592169191618204, 52.00125289170233], [5.591997672005076, 52.00139229151772], [5.591996434512056, 52.001440137711015], [5.591996077548803, 52.00147035656583], [5.591972336903898, 52.0014822712878], [5.591932149441376, 52.00149930194808], [5.591908427802104, 52.001518568948356], [5.591667856895842, 52.00180287892149], [5.5914363250860415, 52.00206454946154], [5.5912996626506795, 52.002238968515414], [5.591172128178643, 52.00240658550245], [5.590989554908303, 52.00264996016284], [5.590948065881537, 52.0027557419261], [5.5909197922833185, 52.00282784907056], [5.5908899720690455, 52.002822471877096], [5.590808130664798, 52.00302480249254], [5.590799348675675, 52.00314643661643], [5.590767184646536, 52.00339763073278], [5.590755209035202, 52.00368499422621], [5.5907645338043706, 52.00374041710599], [5.590794258338067, 52.00389762263446], [5.590807386869105, 52.004001682888486], [5.590805725102196, 52.004062212088876], [5.590807735800437, 52.00412329219606], [5.590798807871304, 52.00419684884365], [5.590779147710924, 52.00435073334824], [5.590761273502809, 52.00449385591789], [5.590792922670362, 52.00467707884177], [5.5908357108370765, 52.004917429227454], [5.590832809105048, 52.00491664329389], [5.59078993935136, 52.00490504189691], [5.590812208958195, 52.00500796278745], [5.590825157823554, 52.0050628131221], [5.590849167339761, 52.00513517122446], [5.590884165693781, 52.00521883537679], [5.590909171693792, 52.0052764960874], [5.590924304137942, 52.005308674471095], [5.591027938048685, 52.00550352010816], [5.591103090551194, 52.00563539900943], [5.591136223738003, 52.005702662913365], [5.591154649983122, 52.005751283896586], [5.591171303082119, 52.00581348907068], [5.591186177802996, 52.00588812795994], [5.591202931651769, 52.00599161559767], [5.5912198351406985, 52.006137527112074], [5.591227555599017, 52.00627213845466], [5.591229926524794, 52.0064537042612], [5.591222866553854, 52.00654082081545], [5.59120857448284, 52.00665170563425], [5.591190595086809, 52.00676203957976], [5.591150972543724, 52.00697138872456], [5.591098693775726, 52.00722884647131], [5.59108415716691, 52.00726053697692], [5.59107148832047, 52.00728660664013], [5.591112700389702, 52.007301473511255], [5.5908839564005195, 52.00760984037594], [5.590826770598572, 52.00768868471134], [5.590812904700457, 52.00770779957937], [5.590745447539447, 52.007785960581465], [5.590626950974691, 52.007920754380734], [5.590570407986061, 52.00798418277597], [5.590358937177516, 52.00822659053658], [5.590156733480032, 52.008515360827104], [5.590118928774889, 52.008567997826646], [5.589925359387163, 52.00883755408928], [5.589513334364389, 52.00940198314349], [5.589527631533002, 52.00940716269051], [5.589510859394018, 52.00942801711416], [5.589488742768981, 52.00945552297963], [5.5894273599077895, 52.009551046864736], [5.589287862294201, 52.009694629851076], [5.5891597898478675, 52.009826832012926], [5.589131696240026, 52.00985649624404], [5.588962917066643, 52.00997344326795], [5.588901978977398, 52.01001613370489], [5.588819088049982, 52.010084073537186], [5.58872103699347, 52.0101623037683], [5.588626219975937, 52.010237490379225], [5.588593849344489, 52.01026196664928], [5.58854784094549, 52.01028866836046], [5.588458187883468, 52.010336548953354], [5.58830971411831, 52.01040591291489], [5.5882958623841175, 52.01041239010079], [5.588187958907693, 52.01043118904753], [5.5881628547751685, 52.01045213840823], [5.5880174775230405, 52.01054310424051], [5.587793420389283, 52.010686847770884], [5.587669030210518, 52.010764726561206], [5.587427187715754, 52.01091855745306], [5.587422190864807, 52.01092162193452], [5.587162686352984, 52.011080452798524], [5.586938408901068, 52.01121846960151], [5.586718147968841, 52.01135598480961], [5.586619088895994, 52.01141863850112], [5.586585910882032, 52.01143887317127], [5.586580710517132, 52.011442054807745], [5.586548883430667, 52.01146146925462], [5.586341242270618, 52.011581174794], [5.586098105291546, 52.01172104651044], [5.586014626166744, 52.011776276083104], [5.586453657685194, 52.01200271767081], [5.5864552928146685, 52.01200355978704], [5.586585699664742, 52.012094757296126], [5.586655732374836, 52.012143731846415], [5.5866869563623665, 52.01217520933634], [5.586710557253501, 52.0122218807465], [5.586750695154486, 52.012285916173624], [5.586761248414533, 52.012336618429806], [5.586766607705598, 52.01237888063247], [5.5867682313012805, 52.01241634949894], [5.586774230775307, 52.0125303450851], [5.586784648302357, 52.012707439010725], [5.58678732700381, 52.012752860601964], [5.586787426098383, 52.012755484975166], [5.5867886697724325, 52.01278614146234], [5.586793076299275, 52.01289567263179], [5.586794781701245, 52.01293514571481], [5.586809534999915, 52.013218912678624], [5.586823427746125, 52.01354812519794], [5.586839160455139, 52.013875051585224], [5.586911859840882, 52.013913765963316], [5.586903988027907, 52.014003894560766], [5.586902948499171, 52.014015769677066], [5.586902740906025, 52.014018214807386], [5.586901244054075, 52.01403533079385], [5.586835329589196, 52.01407764208573], [5.586834990698423, 52.01413231759919], [5.586839596147731, 52.01419493024663], [5.586841503806548, 52.01422093872433], [5.58684829761399, 52.014313702910094], [5.586861427368174, 52.01454353466031], [5.586871138792886, 52.01470909792495], [5.586893567649025, 52.01509687165953], [5.586893583418409, 52.015097141277316], [5.586905865935229, 52.01530347940566], [5.5869222458686005, 52.015713176485825], [5.586958718971767, 52.01571251233443], [5.5896216098571925, 52.01559481633117], [5.589631562187036, 52.0156567006054], [5.589677962735247, 52.015986225249776], [5.589677992966889, 52.015986467877816], [5.589710697611081, 52.01621863844046], [5.5897115251487435, 52.01622446133765], [5.589715784540832, 52.01625471710902], [5.589715814488284, 52.016254896820485], [5.589753768708972, 52.016523577180415], [5.589753904368548, 52.01652458361975], [5.589792626751657, 52.0167987364177], [5.589792897545525, 52.01680063245104], [5.589834622862576, 52.01709443713629], [5.5898694417447965, 52.01733954691158], [5.589880742178748, 52.017419099529036], [5.589911455189667, 52.0176291985255], [5.5899164311905345, 52.017663228071314], [5.589918460982835, 52.01767717418079], [5.5899573689789115, 52.017950050242625], [5.589958602894642, 52.017958739655654], [5.589988709600053, 52.018169900262734], [5.5899951943695365, 52.01821537810272], [5.590096787469027, 52.0189281967422], [5.590161320071231, 52.019383550789634], [5.59024210059525, 52.020266739457604], [5.588056991107249, 52.02039790730351], [5.587561440725143, 52.02042764942023], [5.587199611225106, 52.02044992668222], [5.587221641417286, 52.020903691663655], [5.587179812689147, 52.020906576080776], [5.587149140246338, 52.0209086955017], [5.58716950434317, 52.02131895168887], [5.587195087732727, 52.02131902503565], [5.587225333268774, 52.02131911741264], [5.587262754558093, 52.02221745464936], [5.587296937081349, 52.0222148888099], [5.587341287078772, 52.02311456233721], [5.587390016072072, 52.02411336746299], [5.587436365251038, 52.02507150514368], [5.5874635779458774, 52.02563718124548], [5.587464011756658, 52.02564621358579], [5.587511183774142, 52.026627961454174], [5.587476543594672, 52.026629943900495], [5.587454068542044, 52.02663161800635], [5.587445562110283, 52.02663225266929], [5.587449966626132, 52.02673088997216], [5.587452347806554, 52.026784374319725], [5.587452607597116, 52.026790333012045], [5.587494850421557, 52.0267875916121], [5.587485473172898, 52.02681504836039], [5.5874844962107195, 52.026954905427964], [5.587455267173013, 52.027120984046405], [5.587403428606983, 52.02729137050146], [5.5873983116221675, 52.02730381879062], [5.587338666173505, 52.027448934873014], [5.587255747423403, 52.02760966694458], [5.587181209908543, 52.02771899953505], [5.587065026516192, 52.027863905978414], [5.586924825700555, 52.02803089199181], [5.5869239995646, 52.02803188208938], [5.586921028228658, 52.02803541048324], [5.586842020816952, 52.0281295245393], [5.586740290334964, 52.028271260273065], [5.586644432211012, 52.02842625244459], [5.586581817103405, 52.028602337270904], [5.58654169795749, 52.0287125997871], [5.586532873790957, 52.02873686472561], [5.586530469774965, 52.02874346608956], [5.586529563313912, 52.028752599569486], [5.586504126732261, 52.029008957275146], [5.586503167313718, 52.029107639616484], [5.586502546222017, 52.02917104296054], [5.586503670078689, 52.029200908622826], [5.5865663134508585, 52.029815995213376], [5.586607162132557, 52.030222477163456], [5.586657500131931, 52.03070465900267], [5.586658930896967, 52.03071834550036], [5.586677857829447, 52.03092057331777], [5.586678940833122, 52.03093142914336], [5.586679123829195, 52.03093325342356], [5.586703367531464, 52.0311774737484], [5.586705058897339, 52.03120057936335], [5.586705710349881, 52.03120942257887], [5.586711623441599, 52.03129042256951], [5.588270816386108, 52.031228410201], [5.5882853568320545, 52.031227837070595], [5.588291009819492, 52.03122761169212], [5.5886029886896145, 52.031215411375555], [5.588617529127034, 52.03121483820409], [5.589588678144562, 52.031176589689295], [5.589645953720752, 52.031693569314015], [5.589646166391818, 52.0316954834198], [5.589756380599587, 52.03269762297077], [5.589875189910717, 52.03269408374332], [5.589907112418986, 52.03269272546233], [5.589945809822585, 52.03305775657339], [5.589954609286709, 52.03314083665701], [5.589951461574401, 52.03317943710616], [5.589950688301976, 52.033188884961966], [5.589949225283079, 52.03320691766923], [5.5899385687611725, 52.03333796497095], [5.589953171431398, 52.03350537065636], [5.5900228028667795, 52.03430324355581], [5.590027506608162, 52.03435715521998], [5.590030134181177, 52.03438706317611], [5.58920756084179, 52.034676727741], [5.58920470900318, 52.03467773031997], [5.5891780822021575, 52.03468710571318], [5.589126734084638, 52.03470506225568], [5.5890418037062926, 52.034734760962436], [5.588871744266505, 52.03479865259498], [5.588867190546407, 52.03480036814514], [5.588142375508131, 52.03505439945573], [5.586585955217973, 52.035556014413274], [5.585177829643708, 52.035984717234946], [5.583645023112838, 52.036415849462124], [5.583539823302714, 52.03644775315486], [5.583044508804463, 52.03657929302987], [5.582852700038927, 52.03662892102301], [5.582827282922896, 52.03663554259704], [5.582000553566489, 52.036851065444424], [5.581945440161559, 52.03686570846065], [5.581933910860163, 52.036868765530734], [5.581789358064023, 52.0369071682838], [5.581771904000955, 52.036911808059045], [5.581579428518744, 52.036962936091065], [5.581374404252218, 52.03701740113723], [5.581352393645752, 52.037023243790905], [5.5812295884374175, 52.03705586655204], [5.58122404211346, 52.03705734076329], [5.580982536294836, 52.0371214915649], [5.580673032292101, 52.03720371198325], [5.579313542056635, 52.03755942471834], [5.5775475127167935, 52.038018954819606], [5.575398256711907, 52.038576161697236], [5.5750163233823296, 52.038671659631206], [5.575011737211183, 52.038672808443835], [5.574876208593068, 52.038707655948485], [5.574790618886757, 52.038730154895426], [5.573505874472856, 52.03906776785842], [5.573396776893155, 52.03909437463236], [5.5712713605514175, 52.0395975035944], [5.568582450729187, 52.04023272667217], [5.568400321148003, 52.040236503718134], [5.568396900792102, 52.040237686429286], [5.568369934885202, 52.04024799238633], [5.568249963343621, 52.040293836701295], [5.568236864340908, 52.040298431809774], [5.568223066716416, 52.04030327067086], [5.568013089171327, 52.04037690064497], [5.568029875251615, 52.04040103489348], [5.568052364330631, 52.04043339348441], [5.5674186405554975, 52.04059717669462], [5.567385763970612, 52.04060567588091], [5.567450400643691, 52.040687791134054], [5.567486513468059, 52.040733665054724], [5.567488315413094, 52.04073594527396], [5.5678903816667225, 52.04124673405847], [5.568132266518767, 52.041554492761286], [5.56813963591151, 52.0415638650162], [5.568205198515177, 52.04164719181698], [5.5683367933097925, 52.041814446787], [5.5683479720754905, 52.04182866674366], [5.568350330853416, 52.04183165615284], [5.568621958678641, 52.04209682729555], [5.568623091142688, 52.042106514733305], [5.568657150195652, 52.042396508555065], [5.568712015963814, 52.04244741347115], [5.56935020959848, 52.04303964240281], [5.569754359186343, 52.04341487177828], [5.570044978652973, 52.043400776516705], [5.570057192011754, 52.043510969737945], [5.570057842663584, 52.043516810998064], [5.570058387498826, 52.043521726647285], [5.570069553990528, 52.043636109951464], [5.570090716127219, 52.043852978114174], [5.570108385191348, 52.04401047624811], [5.5701111689447265, 52.04403535100625], [5.570113407889945, 52.04405531910374], [5.570125540446567, 52.044163490108275], [5.570149695970661, 52.044413582626696], [5.570152222838201, 52.04443978802191], [5.570235101629693, 52.0444996277725], [5.570014192635563, 52.04450972334175], [5.570033679981446, 52.0450193637276], [5.569966644947425, 52.045177065361216], [5.570045539509117, 52.04517127128003], [5.56993541954989, 52.045287164251334], [5.569980740699262, 52.045683649134254], [5.569984894246685, 52.04569414079013], [5.570123774476716, 52.04604503633955], [5.5701694348965525, 52.04616037262377], [5.5702194996289975, 52.04628683830071], [5.570219926737387, 52.046287907220915], [5.570223890542228, 52.04629474999164], [5.570308627293382, 52.0464408186747], [5.570312400225902, 52.04644732019134], [5.570310024944448, 52.04644751263832], [5.569396255759214, 52.046521950595505], [5.56419806260971, 52.04694525291284], [5.5589997855270905, 52.04736833474857], [5.5571569108615435, 52.04751827247966], [5.553801395378328, 52.047791187149464], [5.5511910196716014, 52.047833800249045], [5.548580653479589, 52.04787634647879], [5.545970267720403, 52.047918843854966], [5.543359876914965, 52.047961274380874], [5.5429307314793155, 52.047338788268824], [5.540662994964365, 52.047341768493766], [5.53993438889405, 52.0466677284907], [5.539205804799266, 52.04599369288912], [5.5380258161847875, 52.04489186846908], [5.537115059916584, 52.04402333499256], [5.536270875845094, 52.04337701279988], [5.535174149185879, 52.04274072761973], [5.534077758839368, 52.04220179091939], [5.5332346065413915, 52.04184750504583], [5.532242271613351, 52.04174002180237], [5.532094506230693, 52.04174955155658], [5.530729640860782, 52.04183760071114], [5.5289963970518, 52.04207173095293], [5.527342290605162, 52.042373889188795], [5.526033248099793, 52.0427989251227], [5.525071887767283, 52.04335010985009], [5.524363064440679, 52.04388151521031], [5.523811595505942, 52.04424722671178], [5.523244795288642, 52.044765481382626], [5.522679368209184, 52.04574129778867], [5.522304272489305, 52.04700894304817], [5.522308483794315, 52.048402713111955], [5.522914178567958, 52.049408008165315], [5.523976019275628, 52.04982864334295], [5.525131797874178, 52.04997656796246], [5.526019261230106, 52.05016373461549], [5.526914988387625, 52.050464476272964], [5.528252678505488, 52.0507062593865], [5.529905809881857, 52.05083082682741], [5.531747875406657, 52.05077989822813], [5.53302285384378, 52.050341862866524], [5.533365124820157, 52.049583696843776], [5.53323383446443, 52.048865072982245], [5.533088048382998, 52.04854561023978], [5.539003436419442, 52.04839533146893], [5.544918784428605, 52.04824476456034], [5.550834077713482, 52.048093900550114], [5.556749345373472, 52.047942748390426], [5.557574677232979, 52.05037451773104], [5.557663694934274, 52.05062749361747], [5.557740493696425, 52.050891120058466], [5.557745442232378, 52.0509080914007], [5.557803373608421, 52.05109816857812], [5.557815701065074, 52.05113861511373], [5.55789230912608, 52.05139000891411], [5.557969405290356, 52.05164301081651], [5.558050327669278, 52.05190513002055], [5.558125287369411, 52.05214796038095], [5.558146602033274, 52.05222048131967], [5.558243821294508, 52.052588123887986], [5.558319214207154, 52.052871202158435], [5.5583490349181925, 52.05309758685413], [5.558386439918125, 52.05335896013725], [5.558429070497467, 52.05351521004118], [5.558502493251858, 52.053743787226665], [5.5585877448051, 52.05402667116284], [5.5585890301697365, 52.05403109143221], [5.558645387001892, 52.05431806204187], [5.558655067200825, 52.05436731167085], [5.558718935797477, 52.05476512142232], [5.558754633928603, 52.05508230407234], [5.558787033995779, 52.05561895371883], [5.558790675594596, 52.05566365517099], [5.558835418866566, 52.05621363406936], [5.558870772392158, 52.05639116917123], [5.55901324964786, 52.057031955782], [5.559152828677639, 52.05767254865812], [5.559160633149613, 52.05769627479291], [5.559173364864544, 52.057734886987426], [5.559212268626577, 52.05785296055947], [5.559384884847112, 52.05842310110139], [5.559411067534309, 52.05848999706815], [5.559420563192479, 52.058513594874725], [5.559448961944929, 52.058584181692375], [5.559507927566145, 52.05877709654385], [5.559549131313073, 52.05888992656504], [5.559563809052671, 52.05893010877568], [5.559567611064187, 52.058940502422146], [5.5595733199789175, 52.05895005738309], [5.55963044138045, 52.05905015490119], [5.559689559612763, 52.0591802157415], [5.559815219107295, 52.059549891198905], [5.559888572452721, 52.06022422249951], [5.559920744373927, 52.0605199102174], [5.559948121746431, 52.06088793206026], [5.55997470909036, 52.06139477597639], [5.559997224304237, 52.061821272372235], [5.560020051724666, 52.06218130141335], [5.560066859826645, 52.06320309657888], [5.5600671945227536, 52.06321045732501], [5.559964131784234, 52.063227326505], [5.559954688233916, 52.06322886834225], [5.560016855916302, 52.063248290185086], [5.560075139423344, 52.06326635151299], [5.56020265963822, 52.06332171044796], [5.560213568167714, 52.06333697414688], [5.560245018319299, 52.06344128850194], [5.56027330324319, 52.0635604288459], [5.560300749132839, 52.063707640187864], [5.560333466672655, 52.063883039369706], [5.5603869794039165, 52.0644235216768], [5.56038492259467, 52.06474709552623], [5.5603625830931955, 52.06483037597903], [5.560373416057838, 52.065609051121385], [5.560387192060949, 52.065897539124855], [5.560429436577112, 52.06637451909513], [5.560460899300715, 52.06659051016736], [5.560551743620054, 52.06694092930381], [5.560583879073497, 52.067014269597024], [5.560644780550838, 52.06715320740032], [5.560711459091564, 52.067333850306575], [5.5607293480829885, 52.067501496460196], [5.56073267010576, 52.06783503899276], [5.560724479287801, 52.067926603589925], [5.56075785026141, 52.06847941077529], [5.560781774549772, 52.06858988384803], [5.560741049283456, 52.068655997253934], [5.5607372503303605, 52.068661701293735], [5.560641203784453, 52.06880606549113], [5.560609039326954, 52.068857183115576], [5.560606632450588, 52.06886082683128], [5.5605742267207585, 52.0689099224849], [5.560567020657749, 52.06892085360813], [5.560030208111965, 52.06972338813119], [5.559923861124567, 52.06988686649118], [5.559799119118472, 52.0700496167306], [5.559679025365238, 52.07020770420043], [5.559574035610129, 52.07042875781727], [5.559511368357765, 52.07055468256235], [5.559222445065219, 52.07098036673212], [5.559218117317953, 52.07098899261588], [5.559214709013607, 52.07099776995279], [5.559212249219028, 52.07100667173627], [5.559210723176751, 52.07101565304767], [5.559210159884504, 52.071024668904194], [5.55921055927358, 52.07103370132989], [5.559211906517468, 52.071042687429916], [5.559212716166247, 52.0710446276695], [5.55923211932101, 52.07106485841715], [5.559232338996187, 52.07106509178587], [5.55928072239913, 52.07111551602552], [5.557936496025391, 52.07223393560239], [5.556595444930829, 52.074007699748805], [5.556148100487963, 52.07547674958464], [5.5563938851045505, 52.07640936629812], [5.556703255135461, 52.077439240492545], [5.55644658138357, 52.07920008281773], [5.555671221563446, 52.08099411445636], [5.555003816459415, 52.08209677841388], [5.554683640369791, 52.08310158626652], [5.554885830150532, 52.0842405427624], [5.554950009634106, 52.084602067500974], [5.5557336591273145, 52.086377642521256], [5.556032513273807, 52.08683830105609], [5.556169820453888, 52.08704997026698], [5.556164229419164, 52.08705305220345], [5.556147496716061, 52.0870614081369], [5.556130134687848, 52.08706925265237], [5.556112172481405, 52.087076576719824], [5.556093653731945, 52.08708334432417], [5.556074622244634, 52.08708956439031], [5.556055136279212, 52.087095209870405], [5.5560352249488805, 52.08710026274633], [5.556014946615422, 52.08710472293414], [5.555994330358163, 52.087108563427854], [5.555973434573023, 52.0871117931316], [5.555952317553985, 52.08711439398563], [5.555931023072731, 52.08711636592702], [5.555909594867083, 52.08711769990503], [5.555888091265158, 52.087118386847855], [5.555866556106584, 52.08711844466882], [5.55584504765163, 52.08711784632025], [5.555823595183538, 52.087116618724366], [5.555802271620801, 52.087114752788764], [5.555781120735089, 52.087112248450794], [5.555760200956297, 52.087109123602986], [5.55573954143185, 52.08710536921569], [5.555719200625341, 52.08710101216944], [5.555116069599423, 52.08652789741819], [5.554961263839322, 52.08644911320733], [5.5549273525481695, 52.0865102802432], [5.554905150747789, 52.086550326655626], [5.554917539402205, 52.08660904588654], [5.554953570827215, 52.08676277102295], [5.55499942671081, 52.086964424376085], [5.555094392456903, 52.087359718021716], [5.555169675010589, 52.08766517718555], [5.555195869014308, 52.08777099200725], [5.55520072680726, 52.08779403940854], [5.555234395445744, 52.08786603053007], [5.555263053971455, 52.08799469841195], [5.555264414418197, 52.08809646809166], [5.555156429093886, 52.089020170610056], [5.555148300838499, 52.08908974066726], [5.555044960279839, 52.09000432243166], [5.555042969345742, 52.090022004747034], [5.555027575252229, 52.09019281744783], [5.555023429223978, 52.090238869091266], [5.554742407727361, 52.09123315783808], [5.554740290840146, 52.09124064788738], [5.554718115012507, 52.09149839348844], [5.55470997447195, 52.091522187422356], [5.5553467368719085, 52.09174069568709], [5.555358911448066, 52.09178464778313], [5.555751754245144, 52.09171118402806], [5.55585739564518, 52.09174112468901], [5.555869540371863, 52.09181954590385], [5.555684403173594, 52.09199103313507], [5.55555199080838, 52.09215618901095], [5.5555183102949846, 52.09219821130647], [5.555453742949553, 52.09228018462631], [5.55540852874706, 52.09233617280691], [5.555363306919202, 52.09239016563602], [5.555327801914674, 52.092432154529064], [5.555309635699615, 52.09246342288918], [5.555284771263836, 52.0925062144857], [5.5552407111966335, 52.09258207350249], [5.555187873626889, 52.09266758919049], [5.555079825433486, 52.09282082756184], [5.554932310325411, 52.09303004562968], [5.554918172769925, 52.0930501090925], [5.554862929362995, 52.09314032879761], [5.554859671764854, 52.093143281512745], [5.55479245435507, 52.093204136343566], [5.554742746531313, 52.09324136363534], [5.554688454892724, 52.093282021868845], [5.554585605795889, 52.09334767294828], [5.554511310194551, 52.0933967903161], [5.554463452473327, 52.09343719662399], [5.5544349252440295, 52.093468632359404], [5.554390459363365, 52.093580956082], [5.554334630964718, 52.09372198572622], [5.5542735473986635, 52.093889923987994], [5.5542490410984415, 52.09395481642487], [5.554229412893783, 52.094028645030306], [5.554214999330798, 52.09409213898201], [5.55419319874558, 52.09414309611243], [5.554179949945782, 52.09417858168977], [5.554178505712514, 52.09419431279916], [5.554190347382366, 52.0942508307429], [5.554208526129199, 52.0943005627176], [5.554235984183717, 52.09435764272475], [5.554273857775165, 52.09440981845408], [5.554321586156714, 52.09446322053137], [5.554371221444258, 52.09451142479738], [5.554434313534809, 52.09456799576445], [5.5544778648838085, 52.0946203700866], [5.554500866572826, 52.09466413609441], [5.554516844945655, 52.09470677958648], [5.554537011738657, 52.09480791124912], [5.554481612905928, 52.09511846362768], [5.554462448347137, 52.09515636642923], [5.554445722941815, 52.09519874180325], [5.554444599474384, 52.09524166125886], [5.5544470083351465, 52.095292593022194], [5.55442927028402, 52.09539191800997], [5.554325141559634, 52.09542508790054], [5.553917976426921, 52.095533539539275], [5.553560911987308, 52.095623583398705], [5.553477760970962, 52.09564336667806], [5.5530099360332645, 52.095765787336106], [5.552921178898865, 52.095789011545236], [5.552806456414223, 52.09581904020147], [5.552131139968604, 52.09598857668524], [5.551474107856692, 52.09615920728302], [5.55069048927484, 52.09636211530587], [5.550562576591615, 52.09639356222054], [5.550528892483352, 52.09647665835986], [5.550470462172072, 52.09662083551244], [5.550462508849705, 52.096640826933594], [5.550542421320212, 52.09667636262159], [5.550613797416622, 52.09670809917895], [5.550881420887101, 52.096833721631036], [5.550896040141295, 52.09684073893356], [5.55090479674672, 52.096844852264276], [5.551108646495796, 52.096950204967044], [5.551130753894104, 52.096961624938196], [5.55138078509656, 52.097128211224636], [5.551581201848663, 52.09725971407381], [5.551617949280041, 52.097295542977626], [5.551785143492442, 52.097464293322815], [5.55182461962778, 52.09750390230734], [5.551866545856465, 52.09756283211533], [5.552015351472952, 52.097770499047904], [5.552085663451827, 52.09786900826937], [5.552191843405939, 52.09801774622395], [5.552259059371229, 52.098115477718835], [5.5523634270511675, 52.098267139163994], [5.552509722921634, 52.098481549995164], [5.552514126306877, 52.09848834775004], [5.5526129819372985, 52.09864076271218], [5.55274429130802, 52.09883530378943], [5.552926821346462, 52.09909893550284], [5.55294796048634, 52.099132179424316], [5.552950397302797, 52.099135995905556], [5.553025933493898, 52.09918998848235], [5.553152419093326, 52.09928337563819], [5.553195211403703, 52.09931524977727], [5.5519756865805, 52.100088620806815], [5.550289879988442, 52.100911970120904], [5.548556639278993, 52.101021450459314], [5.546789049084307, 52.100371598660416], [5.545209982766609, 52.09937098841047], [5.544042158367313, 52.09842823195112], [5.543825561190691, 52.09751503112055], [5.544603855308216, 52.09633763989285], [5.545855406100979, 52.0949065034537], [5.5470585804556976, 52.09323202303694], [5.5471515680938195, 52.09198254177986], [5.545935752751325, 52.09157205898762], [5.544184236861886, 52.09162957627177], [5.542670142595873, 52.09178410361991], [5.5416465859127975, 52.092114826519406], [5.540671609036309, 52.09278621356474], [5.53947565620818, 52.09355522787804], [5.5377891925663345, 52.09417883884406], [5.536613433271522, 52.09432297708026], [5.536102291531044, 52.093831916480056], [5.535774654072978, 52.093514432743504], [5.535729547330287, 52.09347010676114], [5.535630491333718, 52.09337273851423], [5.535513821743758, 52.09326626952277], [5.53538568011187, 52.093145694656755], [5.5352184976163725, 52.09299653287356], [5.535080155957022, 52.09287546716691], [5.535174400950874, 52.09286917395538], [5.536602867625502, 52.09278739412584], [5.537520840945986, 52.09273302531411], [5.538173353370589, 52.09269655271997], [5.5381774529953995, 52.092696322761306], [5.538200737726589, 52.09269502558273], [5.538293934641316, 52.09268972889167], [5.538286367731827, 52.092661435284455], [5.538300679423219, 52.09266048215958], [5.537160468723362, 52.08866423221041], [5.537130312688801, 52.0886695555922], [5.537127446202064, 52.088658872464144], [5.537118480633666, 52.08864381094075], [5.5367538698673, 52.08871357254038], [5.536159073354584, 52.0888187677648], [5.535728660667886, 52.08889914342221], [5.5352354110113735, 52.08898629263717], [5.53448190278847, 52.08911858007948], [5.534184051460373, 52.08917468721415], [5.533369704337158, 52.089319599778825], [5.533324119198044, 52.0893277186478], [5.53245499287968, 52.089482049420845], [5.53240775176995, 52.08949255180837], [5.531679085447858, 52.08962341548466], [5.531432029279649, 52.0896690900865], [5.530856059819184, 52.089774397218854], [5.530374968003549, 52.08921310522863], [5.530374543654948, 52.08921272824719], [5.526719812019805, 52.08494908336357], [5.526693278923671, 52.08491813302931], [5.529849927933245, 52.08425752110574], [5.530291808250128, 52.08416970180197], [5.530728659588678, 52.08407923549792], [5.531032397638128, 52.08401644272693], [5.531192658578052, 52.08397477592692], [5.531279762873531, 52.0839494938136], [5.531306078118361, 52.08393924218872], [5.531333153794621, 52.08392050491177], [5.531472511774206, 52.08383042674882], [5.531511036497276, 52.083806120783436], [5.531516575318554, 52.08380454108397], [5.531683722741856, 52.08375433551392], [5.531663271042881, 52.083709977648645], [5.5317800523101015, 52.0836361142977], [5.531807147401545, 52.08361898574699], [5.531667841248961, 52.08349009747036], [5.531646551920978, 52.083470898169836], [5.53158425447423, 52.08340717745868], [5.531506135986627, 52.08330979790377], [5.531477137998022, 52.08327074444105], [5.531460433907461, 52.08321666586514], [5.5314437164109815, 52.08315390484991], [5.531413730987829, 52.08308911980335], [5.5313995979020145, 52.08301795179022], [5.531374418014761, 52.08287353573698], [5.531343525372208, 52.08272643924591], [5.531290978634048, 52.082577976108944], [5.531281751269691, 52.082530512539236], [5.531274193908497, 52.08248969807923], [5.531245020971458, 52.0824187821404], [5.531213683793872, 52.08237793386139], [5.53114218791944, 52.082279530298116], [5.530999395205374, 52.082166922827845], [5.5308295140107395, 52.08203679458675], [5.5307033581503, 52.081952748443335], [5.530539884772724, 52.081854986918266], [5.530473932379874, 52.08181948354201], [5.530271643278507, 52.081786599683305], [5.530074348616078, 52.081755228394464], [5.5299536851072695, 52.08174117369953], [5.529547796121031, 52.08169384890946], [5.529461585953859, 52.08168273606598], [5.5291699910548955, 52.08157768533663], [5.528902114469444, 52.08148057772872], [5.528786385066587, 52.081439560740165], [5.528613816133502, 52.08135151457458], [5.5285151050348995, 52.08130366392798], [5.5282910380369765, 52.08115494686798], [5.528260331482933, 52.0811371154355], [5.52823022999113, 52.08113071606824], [5.528122485537394, 52.081123205292016], [5.527963341748916, 52.081109653020874], [5.527897169369112, 52.0811005733277], [5.527838177589069, 52.081092473702036], [5.527453891172072, 52.08092549393917], [5.527419970212848, 52.080910569258045], [5.527151948846974, 52.08079269544606], [5.526896257269579, 52.0806799026122], [5.525876618823386, 52.08008552442106], [5.525533585964426, 52.079757486816085], [5.524494623104529, 52.07862964251572], [5.524374290913608, 52.07848737614853], [5.524219604563318, 52.078358928345246], [5.524140276419056, 52.07828710727841], [5.524013285414872, 52.07819906421733], [5.523877766623637, 52.07815568356822], [5.523646282577722, 52.07814740456125], [5.523622644454097, 52.078130947878904], [5.523560430191486, 52.07809307242937], [5.523399699610461, 52.0779952438555], [5.522654413224589, 52.07754211754583], [5.522591070511657, 52.07763193615121], [5.5225834718524895, 52.07764199353675], [5.52255364379615, 52.07768146742578], [5.522407802271882, 52.07781228542145], [5.5223450802418075, 52.07784717718741], [5.522319242189849, 52.07786518296358], [5.522186097140543, 52.07793546954372], [5.521924492387753, 52.07802901139552], [5.521277833191881, 52.0782719510052], [5.521244718434193, 52.078276410852496], [5.521215071675778, 52.07826987435364], [5.5212009225077985, 52.078255509583585], [5.521108827084991, 52.07816631812385], [5.521076902464827, 52.078144405625245], [5.521049453511356, 52.07814106633068], [5.5210302493962775, 52.07814357786325], [5.520860875237267, 52.07820710917039], [5.520855806876135, 52.07820493083054], [5.520697410706762, 52.078266490037024], [5.520604776868377, 52.078299536299546], [5.5203572371337115, 52.07830769918971], [5.520223308050578, 52.07844438815486], [5.520213258613495, 52.07845464589328], [5.520205594430779, 52.07845762061314], [5.520133247146108, 52.078504044756656], [5.520048732741515, 52.0785942993417], [5.519992905461073, 52.07867751081564], [5.519864897392725, 52.07878494556421], [5.519842512577876, 52.0788021110114], [5.5197696170961015, 52.07884600091588], [5.519765671856398, 52.078848701775705], [5.519685878450398, 52.078903169346184], [5.519588614581257, 52.078959588949104], [5.519588021974966, 52.07896144115419], [5.519540676809115, 52.07898332638431], [5.519511006145609, 52.07904759734612], [5.519502024771488, 52.07904917136504], [5.519419617481171, 52.079137463725125], [5.519413929384976, 52.079206848876275], [5.51943067593368, 52.07922156147386], [5.519428153817662, 52.079227020054375], [5.518493122833669, 52.079222692155255], [5.518449694423928, 52.079222488936395], [5.517405635261592, 52.07817237046063], [5.51616059256266, 52.07653335008559], [5.515816759844015, 52.07509776786585], [5.51572713806567, 52.07414867313427], [5.514864480002255, 52.07358009304228], [5.5134655360704174, 52.073304150285416], [5.51176699083028, 52.07323294187305], [5.509430740805735, 52.073933090101285], [5.506591081617071, 52.07547094104924], [5.505028485661073, 52.07647294954839], [5.504968241591297, 52.07651157759795], [5.504917020875064, 52.075922515955384], [5.504894186153759, 52.075693046845416], [5.504847090580393, 52.07517418665937], [5.504843953173139, 52.075151530912954], [5.504843105580978, 52.075145392919715], [5.504782616019755, 52.07470777110503], [5.504707501419029, 52.07422164631681], [5.504701194993087, 52.07418084684504], [5.504691491913648, 52.074140769809276], [5.504620910553142, 52.07370270851929], [5.504597254416468, 52.073520427387756], [5.504598116791474, 52.0735044637395], [5.504586819486496, 52.073396025126], [5.504582440231478, 52.07336138952638], [5.504584378402764, 52.073349622226786], [5.504278087272218, 52.07334859720528], [5.50388999925218, 52.07334779635741], [5.502877954071073, 52.07334569495719], [5.502092373150259, 52.07334520646257], [5.502059115786047, 52.073282178736314], [5.502048585361759, 52.07326537236408], [5.501990306106242, 52.07317678004655], [5.501898070889445, 52.073076626217464], [5.501803807207896, 52.07298158849513], [5.501665858782186, 52.072852025144], [5.501504855094443, 52.07271826863425], [5.501359880603644, 52.07259539886162], [5.501261364202859, 52.07252482132964], [5.501195419714405, 52.07246647186641], [5.50109469781234, 52.07237730902877], [5.501011512498986, 52.072307049000116], [5.500954486479929, 52.07225681597566], [5.5008940377664, 52.07220845574729], [5.500807315708263, 52.072129435634956], [5.500763372874286, 52.07209051483404], [5.500738895845905, 52.07207225675134], [5.500704968420156, 52.07204288955489], [5.500658770458748, 52.07200611004811], [5.500583489998616, 52.0719408843902], [5.500478203193654, 52.07185089851808], [5.500367101683625, 52.07175690048282], [5.500265213933845, 52.071666839243925], [5.500158881725748, 52.07157244993963], [5.500075603374254, 52.07149882779866], [5.50000391814538, 52.07144157971246], [5.499942274192313, 52.071386892543835], [5.499915274583921, 52.07136283042028], [5.499905058435778, 52.07135447232612], [5.499891524588172, 52.07134339402763], [5.499882446522591, 52.07133520561437], [5.499721265206685, 52.0713293109349], [5.499650653655348, 52.071327481975], [5.499578032341786, 52.07132684131643], [5.499552974421511, 52.07132662257421], [5.499543289624708, 52.07132653295507], [5.499278004826603, 52.07132285822513], [5.499034511899269, 52.071319800334635], [5.498812882833293, 52.07131699083993], [5.498581000091738, 52.07131405581647], [5.498309637301634, 52.07131193959484], [5.49806816639588, 52.07131256290105], [5.497880292381016, 52.07131758438425], [5.49767590966864, 52.071335123462404], [5.497507790087213, 52.07134856558388], [5.497504669992549, 52.071349026900656], [5.4973446990042065, 52.07137250080905], [5.49712707399235, 52.07141437301847], [5.49663915245879, 52.0715266843525], [5.496331151282687, 52.071614523171874], [5.4961280452904475, 52.07167793342414], [5.495971124519437, 52.0717269197356], [5.495775045012706, 52.07177724525649], [5.495431153263397, 52.07185611779403], [5.4951652235278665, 52.071900556452626], [5.494951630574293, 52.07191074702278], [5.494804342108303, 52.07192068782122], [5.494684108133804, 52.0719240064835], [5.494654588922719, 52.0719246805933], [5.494540945738337, 52.071927256067816], [5.494511119107514, 52.07192746304323], [5.494424373493666, 52.07193092165768], [5.4942491185224025, 52.07192613784987], [5.494067152228347, 52.07190829124402], [5.493887297326989, 52.07188892346055], [5.493683069440078, 52.071863025175325], [5.493484262464321, 52.07182886161365], [5.493423358293494, 52.07181840060249], [5.493260678279159, 52.0717836737379], [5.493251995599874, 52.07178182103872], [5.493178850356275, 52.07176963624207], [5.493053412203991, 52.07174939124334], [5.492651667163316, 52.07162921326097], [5.492326937146253, 52.07155976560036], [5.492038616135493, 52.07152275844963], [5.491653131593763, 52.0714994718008], [5.491019784443171, 52.07145049934829], [5.490833371464501, 52.071432040485035], [5.490696483004868, 52.07141053574879], [5.4904560877371384, 52.0713467430746], [5.490335408537177, 52.07130830816403], [5.490174710315783, 52.07125197699797], [5.489888622232241, 52.071125118007764], [5.489870649461974, 52.071117080398125], [5.489458326127621, 52.07093154858776], [5.489329960173253, 52.0708729231625], [5.4892288458347975, 52.070823504695866], [5.489054718621927, 52.070741882264755], [5.48883676063572, 52.070645880614315], [5.488661435007361, 52.070562559893], [5.4885193692560605, 52.070494570854876], [5.4883793823920595, 52.07043628695967], [5.4882820021864, 52.07039258985901], [5.488244880815998, 52.070378447588304], [5.4882438153690725, 52.070378115945466], [5.488160404965312, 52.07035255363179], [5.487979106271285, 52.07029700113259], [5.487820842644921, 52.070250209982696], [5.487644436653015, 52.070210274028064], [5.487494245367179, 52.070185765930354], [5.487354667489732, 52.07017225897551], [5.487247842186279, 52.070163029278795], [5.487101491726138, 52.07016016065832], [5.486984901959568, 52.070160718024596], [5.486845784039053, 52.07017022849473], [5.486727355928876, 52.07018359514711], [5.486580286514943, 52.070205030197705], [5.486391437256007, 52.070235668128134], [5.48627064624406, 52.07025567848901], [5.486213448170772, 52.070263923765715], [5.4861411307612284, 52.07026792139522], [5.486068114122601, 52.0702723060547], [5.485977553748093, 52.070270935071235], [5.4858903923857, 52.07026329648931], [5.4858284838222735, 52.07025195156455], [5.485768490191277, 52.07023594020006], [5.485694915568095, 52.07021215652093], [5.485650724254483, 52.07019263550662], [5.485628066542908, 52.07018262379803], [5.485543716376948, 52.070133466764844], [5.485512545135972, 52.07011199338998], [5.485472478296311, 52.070084388596065], [5.4854581050603874, 52.07007447778868], [5.485301674815164, 52.069990965503486], [5.485116217601501, 52.0698856991139], [5.484970506833742, 52.06980146740543], [5.484867256633186, 52.06974576431347], [5.4848564220275255, 52.06973992208424], [5.4847992965491255, 52.06971446139383], [5.484720694370354, 52.069685270465705], [5.484671899398589, 52.069667649380925], [5.484631129891713, 52.06965848837907], [5.484611679021114, 52.069654118318745], [5.484595323033903, 52.06965109390108], [5.484522355804505, 52.06963760031299], [5.484520984556651, 52.06963746662681], [5.484489635478021, 52.06963440067219], [5.484440650746132, 52.06963003703567], [5.484430410350334, 52.069629128720294], [5.484311204375041, 52.0696197987392], [5.484227283696177, 52.06961949050708], [5.484149741839411, 52.06962163968503], [5.484075047074426, 52.0696252155681], [5.484016461427864, 52.06963233741476], [5.483958815895738, 52.06964255933913], [5.483897459080781, 52.06965639748651], [5.48372810175692, 52.06972371336635], [5.483659413972035, 52.06974676117859], [5.483616507756074, 52.06976115928045], [5.483492077029878, 52.069804439861684], [5.48330286154404, 52.069888749828365], [5.483180943054921, 52.06994082733604], [5.482926006792145, 52.07003164373947], [5.4826019384202604, 52.07014335899767], [5.482383875537757, 52.070222945185364], [5.482172915095523, 52.07030271398158], [5.482055441990645, 52.07034079232361], [5.4819248955383575, 52.07039022400793], [5.481744045665765, 52.07046042245908], [5.481674602329756, 52.070492736404894], [5.48160810229004, 52.07052374467841], [5.481458434287332, 52.07060098226592], [5.4812193563793175, 52.07071815321064], [5.480951497125095, 52.07086824290364], [5.480741204260506, 52.070983906891264], [5.4804848139611115, 52.07112397369708], [5.480451043975263, 52.071142336114995], [5.4802868556855415, 52.07123165467678], [5.480165891315476, 52.071297102521434], [5.480048361864952, 52.071352247216815], [5.479976120961937, 52.07138014024054], [5.479889721473772, 52.07140984199136], [5.479686666401426, 52.071466365959125], [5.479567766552878, 52.071501153304276], [5.479385445017867, 52.07154775562727], [5.479288935120106, 52.0715693666231], [5.479147924860581, 52.07159778034808], [5.478947610703161, 52.071626231198614], [5.478814595361435, 52.07164167751024], [5.4786840126496, 52.07165564773809], [5.478656897028154, 52.071662014396566], [5.478630895228005, 52.0716638681789], [5.478420351711492, 52.071675868955424], [5.478412608081968, 52.07167644120946], [5.4784159572939135, 52.07170949667962], [5.478212048208529, 52.07171354649638], [5.4779172411685275, 52.07179549368786], [5.477721426540063, 52.07184992344799], [5.47755693780422, 52.071895646354974], [5.477222221017087, 52.07201293652994], [5.477176763721274, 52.07205183566925], [5.477162170816905, 52.07206260553558], [5.47698018805075, 52.0722002888161], [5.476925809772253, 52.07224204388101], [5.476848810559037, 52.0722989700277], [5.476734762118121, 52.07236227889247], [5.4767177888649226, 52.07237170230731], [5.4766018523553655, 52.07243921888913], [5.47649195464481, 52.072499800981014], [5.476376106070586, 52.07264090246984], [5.476359272246957, 52.07264719788405], [5.4763500753714585, 52.07265053043669], [5.476174041531982, 52.07271644732549], [5.475925846989991, 52.07271383956893], [5.475658658358775, 52.072760949516244], [5.475612166423803, 52.07276456172587], [5.475511439634635, 52.07277284350743], [5.475424450302278, 52.07278000936649], [5.475331145391946, 52.072787197870845], [5.475247466803561, 52.07279428921334], [5.475154336349373, 52.07280121679345], [5.475060696694759, 52.072808818784395], [5.474936725586835, 52.07281987677204], [5.474857944692459, 52.07282545419044], [5.474580592626779, 52.072845092787524], [5.474579032347346, 52.07284529168412], [5.474513284415167, 52.07285497571515], [5.474430990512032, 52.07286917499957], [5.474356225153222, 52.07288459102182], [5.474285252757145, 52.072900381685905], [5.474208717772102, 52.07292089515119], [5.4741133972518625, 52.07294938586823], [5.47399716613803, 52.07298819225378], [5.473902934561263, 52.073021769234366], [5.473824970986119, 52.07305041769113], [5.473774489639631, 52.073072960953645], [5.473719641103619, 52.073099938517935], [5.473661482211768, 52.073134801013076], [5.473586886388251, 52.07317789962423], [5.47352658637825, 52.07321441742696], [5.473462296810489, 52.07325458727473], [5.473401843421975, 52.073294871119614], [5.47334006388008, 52.073335812032475], [5.4732605303826105, 52.073390409771555], [5.473194005421878, 52.07343645929387], [5.473082542317719, 52.073513433544264], [5.472999030504632, 52.07357025405942], [5.472915870353276, 52.07362801800383], [5.472849050707036, 52.073672890109286], [5.4727830826944555, 52.073713168662024], [5.472704348842646, 52.07375950541993], [5.472631234887018, 52.073800544079326], [5.4725240503676655, 52.073858154423796], [5.472413465778063, 52.07391511100629], [5.472314217773713, 52.07396625299771], [5.472210871940523, 52.074017964114894], [5.472114482037777, 52.07406894208565], [5.4720258558813875, 52.074114431665244], [5.471920134567201, 52.07416758232766], [5.471823786286948, 52.07421777806863], [5.471760601729811, 52.07424994681914], [5.4716495330917025, 52.074306498565896], [5.471365226999097, 52.074449711289255], [5.471103600931768, 52.074585276286015], [5.470904425365748, 52.07468628214444], [5.470677618665687, 52.074800888227784], [5.4705148802040355, 52.07486404583452], [5.470405354146066, 52.07491251505124], [5.470305343939447, 52.07494841214652], [5.47020545657786, 52.07497985998516], [5.470093437517581, 52.07501363520905], [5.469946231399331, 52.075052863875804], [5.469741264443837, 52.07510876081199], [5.469562780777715, 52.07515394306386], [5.469391257434786, 52.07519280158084], [5.469269580831186, 52.07521855644182], [5.469122167304072, 52.07524090466481], [5.468870612324977, 52.07527457812373], [5.468631085473433, 52.07529732223556], [5.468371571939006, 52.07532647016297], [5.468179499930242, 52.07534419221828], [5.468138896439177, 52.07534713230419], [5.4681026858856185, 52.07535139958476], [5.468062921969096, 52.075358842079446], [5.467951562790888, 52.07537177152366], [5.467644915863894, 52.07542327652525], [5.467490390480043, 52.07545810298273], [5.467373875825762, 52.07549204945942], [5.467320546117188, 52.0755075901969], [5.4671436931131465, 52.07556962025941], [5.467008826518549, 52.07562722640721], [5.466891056766954, 52.07568577354623], [5.466836906392037, 52.075723928550595], [5.466729439637437, 52.075801828804245], [5.466640249576026, 52.07587970762326], [5.466594804317805, 52.07592455272889], [5.46650946906569, 52.07601311563328], [5.466474594808621, 52.07605564363193], [5.4664397391722135, 52.076100481535796], [5.466382295203086, 52.07619017601462], [5.466332238267956, 52.07630813290244], [5.466308019211231, 52.07637942441815], [5.46629101438851, 52.076496622021665], [5.466265865595162, 52.07666899373112], [5.466249233029817, 52.07685649557595], [5.466213575509964, 52.07720695449481], [5.466206077343014, 52.07736332457469], [5.466204935426592, 52.07737748151471], [5.466201096348611, 52.077425435320336], [5.466199769154351, 52.077442055109294], [5.4661083815253795, 52.077731486613644], [5.465987825391862, 52.077959009950966], [5.465934721162604, 52.07801335129368], [5.46565333242422, 52.07828818708076], [5.465638347657198, 52.0783028296154], [5.46556147747305, 52.07834765931183], [5.465511414017448, 52.078381361882805], [5.4654347675190955, 52.07842912144939], [5.4653335369573774, 52.07848297322348], [5.465304738825196, 52.07849829899729], [5.465089927328549, 52.07859281596646], [5.464901247554901, 52.078674165766614], [5.464777589061647, 52.0787164103392], [5.464713596744625, 52.078735219581446], [5.464657734317041, 52.07874829804903], [5.464655080357387, 52.078748866044215], [5.464615460546459, 52.078757358875876], [5.464584531595732, 52.07876392253292], [5.464503755770229, 52.07877834755282], [5.464431689130962, 52.078793018461965], [5.464364039072982, 52.078805709058685], [5.464247596668548, 52.07882032807866], [5.46411003377186, 52.078836389900374], [5.4639842449875955, 52.07885360333013], [5.463899931092354, 52.07886366205707], [5.46383885114282, 52.078871305773085], [5.463835117479801, 52.07887175760905], [5.463588753705042, 52.07890146163636], [5.463508936729272, 52.07891391696912], [5.463361942244464, 52.07893419044257], [5.463136126357438, 52.07896066249047], [5.462897171008107, 52.07898967719424], [5.462687587813685, 52.07901445716519], [5.462506131167671, 52.079040234399145], [5.4623734603864165, 52.07906017389323], [5.462229710084633, 52.07908443456997], [5.462104986243639, 52.07911120859049], [5.461966166721199, 52.079144435870866], [5.461835261504377, 52.079173694236246], [5.461677653162761, 52.079216029002275], [5.461550139139518, 52.079249626126796], [5.461426958553802, 52.079283858528115], [5.461328347129281, 52.079311415171325], [5.461323215022431, 52.07931309917122], [5.461210964666268, 52.07934993098671], [5.461110325749801, 52.079377785328795], [5.46101445921125, 52.079407020746956], [5.460918756131098, 52.07943814347344], [5.4608068786292945, 52.07948031356644], [5.460716929151297, 52.079515252444054], [5.460666496749711, 52.079531660184635], [5.4605774976639125, 52.07956805442438], [5.460485315368831, 52.079602679936656], [5.460422076391346, 52.079629063294036], [5.460363779098144, 52.07965328641185], [5.459649828649496, 52.07998345489926], [5.459340067998847, 52.0801647005052], [5.459302364183916, 52.08018669040987], [5.459242922467761, 52.08022575292875], [5.459688177881317, 52.08060150291387], [5.460147783769261, 52.0809521027442], [5.45974964365212, 52.08184327059068], [5.459678098559761, 52.08200340967245], [5.459807132122595, 52.082019346737134], [5.460117042196464, 52.08214604806123], [5.460146839487246, 52.08215933187362], [5.46031947726909, 52.08223630604831], [5.460582405722205, 52.082348861219224], [5.460690057472667, 52.08239382404903], [5.460695488216288, 52.082396076651854], [5.461892745512962, 52.08289181236144], [5.461924162735028, 52.08290481606491], [5.462049919445151, 52.08295689365526], [5.462325858167091, 52.0830711443703], [5.462354720778116, 52.08308308900257], [5.462531824024901, 52.083156416917966], [5.462549735118807, 52.083162535282284], [5.462788331316621, 52.083244101369075], [5.4632436590705336, 52.08339975919931], [5.4633677098631015, 52.08344216535565], [5.4633959582175295, 52.083444376086014], [5.463424500971947, 52.08343957594968], [5.463478122797339, 52.08341790696937], [5.463682617416729, 52.0832894698936], [5.46373758826645, 52.08325494702339], [5.463755863295645, 52.08324347537804], [5.463826546459948, 52.08320045752713], [5.463976522244426, 52.08310729754966], [5.46405356642964, 52.08305617718553], [5.464938299622564, 52.08372441341577], [5.464930293607273, 52.083776666167175], [5.464928966504244, 52.08378534050005], [5.464927221071472, 52.08379674747264], [5.465474225413027, 52.08422626442603], [5.4661435977126045, 52.084718927557944], [5.4661622259681675, 52.08473394304594], [5.466229419301467, 52.08478811373643], [5.466237935889637, 52.08479424684053], [5.466262959774753, 52.08481226900537], [5.4663166012205515, 52.084834433374255], [5.466406912429672, 52.08490109975168], [5.467104012368246, 52.085394466734876], [5.467643736368241, 52.08576916944], [5.467958557224655, 52.08599489486139], [5.468082252796041, 52.08607636726949], [5.46825865263592, 52.086184488702465], [5.468370931418988, 52.08625330453501], [5.468644580242664, 52.086427905622706], [5.4689430864161475, 52.08661491924544], [5.469026922894228, 52.086679296151324], [5.469341740780945, 52.08691198357834], [5.469861943385921, 52.0872984729938], [5.470001137996507, 52.08740188125357], [5.469994621664697, 52.08743635494449], [5.469999266356535, 52.08743901213201], [5.470054871120713, 52.087470754652145], [5.470103976335087, 52.08749879865859], [5.470357653484685, 52.08764365943178], [5.470438112264511, 52.08770982633155], [5.470510643697713, 52.08776554571082], [5.470766052318009, 52.087921909053755], [5.471051530277448, 52.08809178638053], [5.47149754561863, 52.08835095200068], [5.4714994435188835, 52.0883669852875], [5.471506827535256, 52.08842935692897], [5.471835257730521, 52.08930221830072], [5.471843528805492, 52.089324215044954], [5.471850186706985, 52.08934190768351], [5.471871110578335, 52.08936512667842], [5.471885805545581, 52.08938142937204], [5.47190371490804, 52.089376958412686], [5.47194933502354, 52.089366014081115], [5.472245950977629, 52.08929393168975], [5.47266446153788, 52.08919246805041], [5.4726653803577365, 52.089192251670056], [5.472786019951504, 52.08916235963833], [5.472981220555006, 52.08926971427107], [5.4731895387735126, 52.089384276377324], [5.473445065540391, 52.08953928559158], [5.4738691366984975, 52.0897768690322], [5.474071007677843, 52.089890122071516], [5.474346408130213, 52.0900422564488], [5.474377701093676, 52.09006191704253], [5.474427620868009, 52.090093275217264], [5.474720981665573, 52.09022100188531], [5.47483283349145, 52.0902553517426], [5.474955644510766, 52.09028273658374], [5.47520723725666, 52.090323911515526], [5.475313647037375, 52.09033604658152], [5.475540084802282, 52.09035509314177], [5.475834471586911, 52.09035775683711], [5.476630188964187, 52.090345443151676], [5.47666733750528, 52.09034486663267], [5.476704972986178, 52.090346995128044], [5.476760859468314, 52.09034770758414], [5.4767846350931055, 52.09037989358561], [5.477183613441831, 52.09054906731599], [5.477929686988502, 52.09085645103585], [5.478630284024871, 52.09114736335904], [5.479317956690712, 52.091435755994134], [5.479926103129577, 52.0916914639377], [5.47996852896176, 52.09170904702144], [5.479983562534187, 52.0917179782519], [5.480080674545121, 52.091775649690554], [5.4800891629169906, 52.0917806942594], [5.480291557746024, 52.091874351295175], [5.480556949400015, 52.091997169092544], [5.480622150927827, 52.09202732608897], [5.480929289498634, 52.092121123500185], [5.48109484644601, 52.09216795391582], [5.481200733707865, 52.09219935441114], [5.48123779624269, 52.09220573325353], [5.4812409346547115, 52.09220627002634], [5.481290930282874, 52.092214813615065], [5.481306216465532, 52.09221877409569], [5.481581251366578, 52.09229000857276], [5.481927342459726, 52.09239185235949], [5.482383911079244, 52.092527517617796], [5.482673407952362, 52.09261124917481], [5.483115024558683, 52.09274713045605], [5.483649377698647, 52.09291689085151], [5.483892358096849, 52.09298658228922], [5.48394172520123, 52.093000733797595], [5.484009212637248, 52.09302009241887], [5.484385318963471, 52.09314308006682], [5.484725792921427, 52.09325274883828], [5.485168141207613, 52.093390482333426], [5.485515882046507, 52.093491729977266], [5.486082696439794, 52.09365676943773], [5.485975374701352, 52.094002350266116], [5.485963000813385, 52.09404220456576], [5.485943562940362, 52.094094737906744], [5.485938528378658, 52.09410788262339], [5.485920740687542, 52.094154392599], [5.485897178521965, 52.094216025272196], [5.485833294003698, 52.09434246843864], [5.485734178933579, 52.09454012622507], [5.485607477236314, 52.09476847413348], [5.485494043264544, 52.094992038172755], [5.485430695264009, 52.09511131720151], [5.48541064697196, 52.09515221146527], [5.485180137769647, 52.09562477815147], [5.485111841739953, 52.09578432745341], [5.485089107401309, 52.095845042480605], [5.484739537947653, 52.09662442344927], [5.484736131050802, 52.096681491215016], [5.484733104497821, 52.096732303002696], [5.484768666497045, 52.096891451354715], [5.4849465866704215, 52.09776241353278], [5.4849889544858526, 52.097969776857994], [5.48500487095884, 52.09806051565055], [5.485005949667859, 52.09806660863032], [5.485019114774394, 52.09812716794142], [5.485068878468901, 52.09837265224928], [5.485121153699042, 52.09863180521128], [5.485154726204443, 52.09876755025811], [5.485171056149275, 52.09883361656538], [5.485112716602597, 52.0988106288391], [5.483910751751252, 52.09833723536897], [5.4818037844268, 52.097414099281806], [5.480471717984661, 52.096626607974535], [5.4797276532846135, 52.09606903946581], [5.478825695020132, 52.09558947050537], [5.477860539535534, 52.0951099433362], [5.476926841518636, 52.09455250303174], [5.475682496336981, 52.09407155274626], [5.473932810122615, 52.09381486365063], [5.4719937452481355, 52.09369458862688], [5.470181239320678, 52.09362287161212], [5.46894048140707, 52.09362049578428], [5.468221563478914, 52.093754042936865], [5.467597688623408, 52.0940043380944], [5.466642070225413, 52.09435221274232], [5.465215032366033, 52.09479288001921], [5.463566943076153, 52.09537970208785], [5.461855936541624, 52.096180707506846], [5.460240174454497, 52.09726396042969], [5.459490812325111, 52.098177920531334], [5.459926297060155, 52.09865305510106], [5.461025536779967, 52.09903042402586], [5.462267470247866, 52.09965106912694], [5.463225119995584, 52.100400072243666], [5.463976989343051, 52.100973962748675], [5.464760287719799, 52.10143101050894], [5.465812254171328, 52.10182945170587], [5.466737236255563, 52.10192780583066], [5.467266108068131, 52.101529925260024], [5.467825914393594, 52.10076208348602], [5.468843699344439, 52.099750535523484], [5.470613043820919, 52.099148948673665], [5.472889493929472, 52.099228438232245], [5.475292873032104, 52.099541441289354], [5.477442930270069, 52.09964040552533], [5.478989769651183, 52.099791726474514], [5.47995266091733, 52.10039131676535], [5.4805049650170305, 52.101185923816736], [5.480820038469137, 52.101922313086575], [5.480478716776776, 52.10249533624463], [5.479220325594841, 52.10300094106284], [5.477455980582386, 52.103487444591075], [5.4755967967658705, 52.10400320397305], [5.474026802825868, 52.104210432214494], [5.472645599047483, 52.103940482006074], [5.471137610241638, 52.10349536693288], [5.469187231008758, 52.10317710187633], [5.467788639278358, 52.1034603907167], [5.467735047255423, 52.10442422050279], [5.4684094073786875, 52.105776955157104], [5.469194675288817, 52.107226966476794], [5.470194932106756, 52.108068360022756], [5.471747120709084, 52.1081207963006], [5.473583334285519, 52.107880947789745], [5.475435755713547, 52.107845508609216], [5.476862133832591, 52.10823383550555], [5.4779887574784105, 52.10893390993342], [5.47940067110504, 52.10994527443756], [5.481682961265387, 52.11126745931512], [5.483550113919578, 52.111893873930924], [5.483959787849575, 52.11122667325794], [5.48386199265482, 52.10987841880886], [5.484206762412309, 52.10846165295146], [5.485519262045781, 52.10735399658623], [5.486580957098178, 52.106856104021624], [5.487139609051205, 52.10718356728272], [5.4874238568161635, 52.1073535943157], [5.487573693615864, 52.10745051909013], [5.487846769421187, 52.107623215075435], [5.487873666353484, 52.107640224338134], [5.487893685058409, 52.107649419916015], [5.487895555424296, 52.10765028116409], [5.488144234372039, 52.10777447109227], [5.4884038541896025, 52.10790141040326], [5.48861798968853, 52.108008641701254], [5.488676915443126, 52.10803299333745], [5.488687331875967, 52.10803679526899], [5.488746601839065, 52.108058423208185], [5.488913615765464, 52.10811937044412], [5.48896555307768, 52.108145175044214], [5.489138234295066, 52.10824574517036], [5.489394109798305, 52.10839888556819], [5.487974055251884, 52.10919999745227], [5.48690839270308, 52.10991319531031], [5.486611751856625, 52.11042454893345], [5.486931648103824, 52.110886701898075], [5.487789116052423, 52.11132892772236], [5.489105172471849, 52.111780476122966], [5.490908926633435, 52.112285140569085], [5.492902460776087, 52.11278959813039], [5.493691931279286, 52.11297938711181], [5.493715331967516, 52.11298501040025], [5.493715970894053, 52.11298969256881], [5.493716699087029, 52.112995075720356], [5.49371845200731, 52.11303832437824], [5.493711523393028, 52.113065222736715], [5.493688219082938, 52.11309387958268], [5.493647457177098, 52.113111407096554], [5.493607383785638, 52.1131115781508], [5.493604988231528, 52.11311101407262], [5.493580885784328, 52.11310498693673], [5.493539499455112, 52.11307493251928], [5.493449564488894, 52.11302327882362], [5.493403711223305, 52.1129994121327], [5.493386377289712, 52.112997243688504], [5.493376418418375, 52.11300233089113], [5.493362878898511, 52.113011897345345], [5.49330739950166, 52.11307775748962], [5.49321776740832, 52.11318416626577], [5.493142907379136, 52.11319768870202], [5.493066021564086, 52.113286514352616], [5.49303291878478, 52.11336968309403], [5.492956047151889, 52.11347086715291], [5.492912108608646, 52.113503488111704], [5.492895122679997, 52.11351271606255], [5.490437895976511, 52.1137263665721], [5.486999511359364, 52.11412848023702], [5.485063443153185, 52.114587657884805], [5.48458491354293, 52.11510564642128], [5.484264649692036, 52.11569164950183], [5.483881173132454, 52.116297171585664], [5.483212966241193, 52.116873723002456], [5.482629108409596, 52.11745992720833], [5.4824567511631175, 52.118211309928306], [5.482411541423387, 52.119254636176635], [5.482209061683749, 52.12071670469293], [5.481294429052988, 52.12197328550159], [5.479555818025723, 52.12251010370707], [5.477373447802829, 52.12261887885341], [5.475127527919465, 52.12259137633612], [5.473027561250419, 52.123066701063976], [5.471102634592817, 52.12412598341933], [5.469462383845719, 52.12522398035431], [5.468216570508907, 52.12581544459972], [5.466872731386339, 52.12615872314249], [5.465054950736824, 52.12684302600044], [5.463047809395878, 52.12781947813003], [5.461135880478746, 52.12903922135188], [5.460375444877355, 52.12993533894288], [5.461116729967926, 52.13020746268176], [5.462585217086648, 52.13020653097626], [5.464006388659567, 52.13028349262578], [5.46530635231699, 52.130396208887504], [5.467064750427432, 52.13033337114087], [5.469487369446009, 52.130192163844335], [5.47278003525701, 52.13006975424432], [5.475609104435341, 52.13015689570136], [5.47731534238829, 52.130390870824684], [5.479116232054807, 52.13048845381119], [5.482229198144767, 52.13016634265562], [5.485618753500794, 52.12975793043392], [5.487838518308662, 52.1297203534997], [5.4894894422842455, 52.12995581761252], [5.491172439960115, 52.13036646877294], [5.491861505784444, 52.13076986753058], [5.490604865274211, 52.131184730184565], [5.488114810161052, 52.1318148084462], [5.485103558407117, 52.132863883192556], [5.482764651127219, 52.13398049263407], [5.481437464441432, 52.13477498408834], [5.480552824221506, 52.135393872056525], [5.47954153544435, 52.13598365083743], [5.478395802493312, 52.13659785551314], [5.477329330104167, 52.13730934589528], [5.476105159576171, 52.138293532529424], [5.47448625937822, 52.139725824523836], [5.473178133966824, 52.14100209709636], [5.472485878928111, 52.14167432433546], [5.471571698472425, 52.1421520096996], [5.469597773014731, 52.142844608412645], [5.4680061029045675, 52.143499594205345], [5.468375986734948, 52.14387089251122], [5.470075314595593, 52.14437756335593], [5.472471988218886, 52.145438613478916], [5.473871903438266, 52.14653441712824], [5.473530337341414, 52.14720315546868], [5.4722394234581975, 52.14795045387388], [5.470791301988667, 52.14928196707129], [5.470466493086107, 52.15048611380697], [5.471596020877274, 52.15081306364727], [5.473547684197822, 52.150711046398435], [5.475689291976212, 52.1506283311084], [5.477698856131166, 52.15047591410792], [5.479486275516475, 52.15004130800336], [5.4807671962596345, 52.14958761045569], [5.4812573391273025, 52.149377917754386], [5.481722650633876, 52.1498967515458], [5.481988673291216, 52.15019335545033], [5.482000814592215, 52.15020689949012], [5.481740253476266, 52.15032217259132], [5.48134176553574, 52.150500974372356], [5.481386518466439, 52.15053518263455], [5.481399031166441, 52.150544753769005], [5.481453808979041, 52.150586620697844], [5.481701601376435, 52.15078091211698], [5.482033717536532, 52.151023391374615], [5.4825013964614016, 52.151386692768384], [5.4825904920875965, 52.15145971953217], [5.482591766680791, 52.151461309364755], [5.482626224045289, 52.15150399213004], [5.482634422386838, 52.151545554701435], [5.482684142418678, 52.15166708524953], [5.482623291465207, 52.15169703744673], [5.481432354635836, 52.15231130641671], [5.479988552937246, 52.15312047745283], [5.478734667695538, 52.15394894207358], [5.47832734137854, 52.15470049647469], [5.478885454136807, 52.15544155868689], [5.480045173936372, 52.15624054895182], [5.4814426232842015, 52.15716590574654], [5.482214084171676, 52.15821356597697], [5.482116478516482, 52.15822656932594], [5.481495536102809, 52.15829730881432], [5.481458112937859, 52.15837436531593], [5.481675196016222, 52.15884863709488], [5.481902088859147, 52.15933627458497], [5.482116095322874, 52.15979568192471], [5.482019394547569, 52.1598097630097], [5.481913098256436, 52.15982667394138], [5.4817508854204835, 52.15987666929803], [5.481516983668377, 52.159978968677144], [5.481434968040922, 52.16001306261818], [5.481398325829654, 52.160024767247734], [5.481360001740071, 52.1600289772809], [5.481302530706488, 52.16003207012405], [5.481184100325956, 52.16004038864845], [5.481169034000778, 52.16004081411573], [5.481154027421062, 52.16004185071234], [5.4811391828662925, 52.160043489368825], [5.481124544197412, 52.16004573903813], [5.481110184446737, 52.16004858168623], [5.481096162032467, 52.160051999290864], [5.481082535410854, 52.16005599180554], [5.48106936296233, 52.16006052323214], [5.481056717738439, 52.16006558452461], [5.481044643524645, 52.16007114868461], [5.481025937408887, 52.1600781112556], [5.4810077584763945, 52.16008558571539], [5.48099015055045, 52.16009356304148], [5.480973142802365, 52.160102016247016], [5.480956779055483, 52.16011093630949], [5.4809410885003365, 52.16012030523018], [5.480926100308466, 52.16013009602215], [5.480911843689331, 52.16014029967466], [5.480898362428996, 52.16015088918932], [5.48088567108507, 52.16016183759103], [5.48083835576364, 52.16021313335809], [5.480822861846062, 52.16023264947373], [5.4807961868345085, 52.16027942586232], [5.480732976468238, 52.16035422865294], [5.480152936532462, 52.1608029426578], [5.480136623915308, 52.16081555660162], [5.48001238547593, 52.16092022907462], [5.4799703838260605, 52.16095547685424], [5.479944171778109, 52.160972556579125], [5.479788654046188, 52.16106859807195], [5.479668119240609, 52.161134727049586], [5.479598231144197, 52.16117634206178], [5.479482970740307, 52.1612349887582], [5.4793921731891295, 52.16127870522872], [5.479289201422848, 52.16132238620977], [5.479196697128446, 52.16136073807351], [5.479083260867942, 52.16140440008454], [5.478922737444614, 52.16146295570628], [5.478728966257796, 52.161529122761124], [5.478688964727935, 52.16154277953514], [5.478610453027954, 52.16157045140165], [5.478495319608182, 52.16160661823506], [5.478384026664406, 52.16164131695078], [5.478351257572042, 52.16164703167412], [5.478292197747981, 52.16167474219796], [5.478139940640672, 52.16171721096333], [5.478066137607326, 52.16173220585969], [5.477948303947067, 52.16175615965487], [5.477712407436524, 52.161799348408636], [5.477521789348923, 52.16183647107532], [5.477300755351488, 52.161865266929446], [5.477217497647904, 52.16187383317553], [5.477135496999775, 52.161882506257925], [5.476901623325836, 52.1619148793738], [5.476460662983644, 52.16199374191338], [5.476117441033715, 52.16205588341251], [5.475871695960317, 52.162109025546805], [5.475670858540194, 52.16214580238499], [5.475519830714223, 52.1621616805682], [5.475370450204107, 52.16215336184016], [5.475315768945812, 52.162149816589086], [5.475308825984585, 52.16214936340022], [5.475206257622882, 52.16213397188671], [5.474945953693592, 52.16209021520251], [5.474721358162083, 52.16206328376203], [5.4747075139510555, 52.16206127176852], [5.47450814000104, 52.16203234383389], [5.474046442244973, 52.16197961157328], [5.473556743384109, 52.16192675423765], [5.4732932104830505, 52.161897116299414], [5.472905614307897, 52.161852935801306], [5.472865765703494, 52.16184839893439], [5.472703513532775, 52.16222193803031], [5.46980273990921, 52.16236673690469], [5.468346353636541, 52.16235476209301], [5.4648636055220985, 52.16226625211659], [5.460684098865347, 52.1620223156871], [5.457137454156825, 52.161544206871795], [5.455042140515799, 52.161212817313015], [5.454055685288136, 52.161377258579364], [5.453766266785187, 52.161911233191645], [5.453762153070969, 52.16268842088941], [5.454280196227475, 52.163298199679254], [5.455494303240663, 52.163596044106555], [5.456898336824763, 52.163854828062355], [5.4579861572713915, 52.16434742677858], [5.457021392474841, 52.16492237577131], [5.453681599629748, 52.165284509279005], [5.4495816627549365, 52.16549119306569], [5.446336420297345, 52.1655999507936], [5.444257676490745, 52.165920614431315], [5.442495884477993, 52.16652341216252], [5.44092399185938, 52.167106629113775], [5.439415015005985, 52.16736853327955], [5.438153687957402, 52.16731392767384], [5.437177130995465, 52.167083941631766], [5.436136980476317, 52.166581397601], [5.434684823720322, 52.1657090779867], [5.433150883747982, 52.16478809383566], [5.431791462361966, 52.16417854467592], [5.430147386465557, 52.16384166965494], [5.4277595126320906, 52.163738680636065], [5.425397925156937, 52.163496088367616], [5.423811746885404, 52.1628832850215], [5.42251038952441, 52.162075660755534], [5.421003291253406, 52.161248622601526], [5.420199334026114, 52.160881658879504], [5.419607178392277, 52.160611359368524], [5.418575276342937, 52.16012000949539], [5.417321764724768, 52.15957030414316], [5.415260834663603, 52.15875792956684], [5.41341123401821, 52.158269980802764], [5.4131966099143805, 52.15842940243963], [5.412875934439564, 52.15866761710998], [5.413195751658644, 52.159707583990496], [5.413911567645845, 52.16114660477654], [5.415157661706197, 52.162468670732345], [5.417163572587946, 52.1636250371922], [5.419613066407089, 52.16507330094214], [5.422189974709854, 52.16727108529627], [5.424220570474789, 52.16906821526189], [5.425632803787539, 52.1696583660862], [5.427013188926051, 52.17001486116194], [5.428948457404619, 52.17111101060491], [5.429928800572217, 52.172494669536036], [5.428676055893878, 52.173304757379974], [5.426124681578979, 52.17390109646264], [5.423209185815088, 52.1746435188634], [5.420715974191765, 52.17558369878289], [5.4185868404514865, 52.17647505063179], [5.416489198202892, 52.17723007262103], [5.414090483032948, 52.17776121124099], [5.412285249098805, 52.17778269687493], [5.41142975290092, 52.17707383987044], [5.41038388225871, 52.175644607601015], [5.408007666016754, 52.17350494545424], [5.405045942151527, 52.17159005002807], [5.402686400199263, 52.17046840861009], [5.400453696642621, 52.169599822842606], [5.3978727159004, 52.16844403660816], [5.3948748419507915, 52.166610012451905], [5.392067143796873, 52.164498455717265], [5.389987925389208, 52.162756740094714], [5.389175278514284, 52.16203230458803], [5.388394316704, 52.16142224327799], [5.386663620725011, 52.15999442966451], [5.384901392505182, 52.15835240755339], [5.384025624282632, 52.157099804446304], [5.384360688246684, 52.156408614129425], [5.385313014295107, 52.15608736748452], [5.386423591691923, 52.156194469640894], [5.387233456645253, 52.15678831230496], [5.387982658152267, 52.157573610605425], [5.389175097030672, 52.15824208081713], [5.390747451006969, 52.158832638236674], [5.392636409583992, 52.15938422436793], [5.394031991751195, 52.15933871594955], [5.39443019738091, 52.1583976292924], [5.394226826356547, 52.15698928815534], [5.393817715241433, 52.15554201364579], [5.393139626736755, 52.15446793937376], [5.3921925437658835, 52.15372487156442], [5.3914670743500155, 52.153059659378265], [5.391453811280723, 52.15221918942787], [5.391865161889622, 52.15104446846173], [5.392086571683097, 52.149675039468804], [5.3921180774052395, 52.148305627061156], [5.391959688777346, 52.147130919157284], [5.392210156332002, 52.14632775507969], [5.39333097264613, 52.14584581213498], [5.395116405897079, 52.14553904377562], [5.397360714906255, 52.14526141991718], [5.3988427939144445, 52.14489620863046], [5.399090554463567, 52.14436561627436], [5.399021783862294, 52.14358193742861], [5.399554192626362, 52.14245747210493], [5.400827576006775, 52.14131182514017], [5.402275017491134, 52.14038030671946], [5.403754052888581, 52.13944877489646], [5.405122173970468, 52.13830306749753], [5.405622655390111, 52.137039040649455], [5.40507901854085, 52.1359017261956], [5.404219039585977, 52.13490074893753], [5.403770477326317, 52.13404574395595], [5.403727984470905, 52.13321176613126], [5.403432336124782, 52.13228047502363], [5.402630471100037, 52.13127136136043], [5.40106933971558, 52.130203931069914], [5.399785076745834, 52.12909588762731], [5.399402486329298, 52.12795852799854], [5.39905155552313, 52.12680169574959], [5.3978623307605575, 52.12563520819709], [5.396559808291487, 52.12446709979658], [5.3963012326072395, 52.12329889040279], [5.396865085963221, 52.12213062352653], [5.398029888373159, 52.12096229024446], [5.399110392658811, 52.120157409844964], [5.399589995926989, 52.11974198922461], [5.399500226598994, 52.11920980239794], [5.398872596541466, 52.11805462369547], [5.397738825443858, 52.11627318765039], [5.396383726408478, 52.11439440004495], [5.3952185299482265, 52.11271029012259], [5.394654349193613, 52.11151289368171], [5.394667338468129, 52.11046797564836], [5.3948858429266355, 52.10915046496902], [5.395199165114903, 52.10771611208148], [5.39549666645504, 52.10632070416773], [5.3952169949187025, 52.10432338311325], [5.3941467490381205, 52.10140125413097], [5.392697248539636, 52.09818707640037], [5.391279582429589, 52.09531360477005], [5.390554939017366, 52.09292362465381], [5.390668042659623, 52.090757525978056], [5.391255273217295, 52.08884452223266], [5.3919530934381985, 52.08721384236528], [5.392037204239922, 52.085623739565946], [5.391236360400838, 52.08383897238173], [5.389866714075438, 52.08189844262474], [5.38824437340895, 52.07984108166541], [5.388128442746084, 52.07744132987918], [5.390224369675804, 52.07473975538464], [5.3932679541425355, 52.07217438194456], [5.39599535780856, 52.07018333481775], [5.39763532325567, 52.06885108826866], [5.398627629913136, 52.067781730819924], [5.3995250897782565, 52.06669290678849], [5.40088048926981, 52.065302230736314], [5.402683420182828, 52.06415485891548], [5.4046918594529325, 52.06367916948806], [5.407111025503223, 52.06341755304202], [5.410146032446492, 52.06291237993435], [5.412575587849753, 52.06253544916461], [5.413662980298345, 52.06285971344187], [5.414340047918492, 52.06372925239889], [5.415538644314062, 52.06498806106219], [5.416868614567015, 52.06576006676977], [5.417581924834261, 52.06555869524627], [5.418073710314266, 52.064812189189304], [5.41873913631189, 52.06394881654441], [5.4191042701734995, 52.06284376122004], [5.418884766787306, 52.06141759468146], [5.418760152129333, 52.0601666332648], [5.41940990970844, 52.05958721146342], [5.420847285342986, 52.059784760856445], [5.422442929210565, 52.060391121414455], [5.4239124253179085, 52.06119221733449], [5.424971295271685, 52.0619739506513], [5.425424659294718, 52.062660141376476], [5.425435701500547, 52.06325885966486], [5.4252570477660855, 52.06368239934235], [5.425141354230641, 52.06384307147784], [5.42474669189314, 52.06409144876124], [5.423878482272922, 52.064739124587376], [5.423010465588188, 52.06563990664171], [5.422616364783912, 52.066647632698], [5.4225142747431665, 52.067377808368775], [5.422048557367778, 52.067738162066895], [5.420982519715548, 52.06802078893143], [5.419079372324446, 52.0685178221671], [5.417731845079747, 52.069199655316304], [5.4179007975103595, 52.06984214020034], [5.418701618438608, 52.07044552039396], [5.419249673261442, 52.07101001924585], [5.4197344965305145, 52.07150963034811], [5.420724787424038, 52.07189226928065], [5.421904541514601, 52.07211909002041], [5.422957767730481, 52.07215122046086], [5.423734221902238, 52.07181024415071], [5.424368146243749, 52.07106043248213], [5.424970260445623, 52.07007697411777], [5.425651287176289, 52.06903507330775], [5.42632447306828, 52.068101881542134], [5.426871394779167, 52.0673342346447], [5.427355293914592, 52.06674183788829], [5.427839334319462, 52.066334404307156], [5.428444523715965, 52.06598859326304], [5.429270799423802, 52.06559402069708], [5.430349782894511, 52.06517988152052], [5.431713067125038, 52.06477535901672], [5.43301069404055, 52.06454607760224], [5.434008467555188, 52.06457975770505], [5.434911655172889, 52.064788699087686], [5.435925530744882, 52.065085212263995], [5.436949923402231, 52.06537196918997], [5.437800506050153, 52.06559065374045], [5.438556207511697, 52.06571201500773], [5.439295971458476, 52.06570682660565], [5.439837768588857, 52.06525875486398], [5.439968268013914, 52.06430464048744], [5.439719504302647, 52.06319492391868], [5.439123501068725, 52.062280069158774], [5.438290847670627, 52.06158598049132], [5.437395095655596, 52.060930858158926], [5.4365626380388115, 52.06035358396829], [5.435919858751736, 52.05989304321055], [5.435116615122982, 52.05953155013038], [5.433792299456181, 52.05925786626112], [5.432057502483482, 52.059120629179716], [5.430022828115925, 52.059168441848065], [5.428117162126105, 52.05926160913179], [5.4266535946027865, 52.05920856855725], [5.425568903806489, 52.0589801460783], [5.4247999216204486, 52.05854717017557], [5.425733695773532, 52.05777777588731], [5.42873604604754, 52.05675454680715], [5.432212064081603, 52.055769996606806], [5.434567050967655, 52.05511680521238], [5.436016890177155, 52.05475599609642], [5.437829936695962, 52.054414499176396], [5.439990340326551, 52.054033864330385], [5.442482195542789, 52.05355568437834], [5.44459782864542, 52.05322853697594], [5.4460191313473345, 52.053281384724436], [5.447314486326718, 52.05362632947571], [5.449052312294729, 52.054175470625374], [5.450606029297052, 52.05477985443131], [5.451243802679557, 52.055355518330956], [5.451376201523287, 52.05591198771701], [5.451413832044358, 52.056458765672], [5.452054082741524, 52.05690948047971], [5.453499519905147, 52.05718450869654], [5.455418535322347, 52.05730348185903], [5.45747946394705, 52.057286034829666], [5.459371427381375, 52.056950648575814], [5.460994282577853, 52.056245452012114], [5.462332557718226, 52.05538464290666], [5.463370845379798, 52.054582435776425], [5.4634116891432996, 52.053842528648175], [5.462189095331807, 52.053025543706816], [5.460334785777414, 52.0521310591241], [5.458480426042731, 52.05115867253848], [5.456428341311596, 52.049908902179034], [5.45407595201744, 52.04839641962494], [5.452197493271629, 52.04694204208927], [5.451567007991492, 52.045866631928824], [5.452360669234952, 52.045142536279414], [5.4540068790656555, 52.04443742162859], [5.456158081925784, 52.04361517028736], [5.458466673311358, 52.042539652449285], [5.460541437452346, 52.0417400799789], [5.462569874518904, 52.04160250081024], [5.465072456598297, 52.041776109822266], [5.468569597176547, 52.04191003579035], [5.47144044850431, 52.04200049151478], [5.472464335824808, 52.04217986561276], [5.4727618980421555, 52.042301339192974], [5.473453764202086, 52.04221808007629], [5.475079227329578, 52.04188911602802], [5.477367537637842, 52.041462272804026], [5.480224220103697, 52.041073882052714], [5.483554836808201, 52.04086026640367], [5.486417520544339, 52.040846524148215], [5.4883963400381175, 52.040921101427905], [5.490185746805499, 52.04101527975703], [5.49248024168483, 52.04106030013291], [5.4945900412600714, 52.04088639565439], [5.495846517160852, 52.04038224917798], [5.496975908243758, 52.039566680335945], [5.498704403857606, 52.038458465437806], [5.500912429761465, 52.03765805415062], [5.503122092732145, 52.037519600707284], [5.505522000438956, 52.0376924422633], [5.5083006936479295, 52.03782590893468], [5.5111052818124255, 52.03781000827814], [5.513688658549331, 52.03771639702047], [5.516397859700354, 52.03746681799887], [5.519579893472589, 52.03698299939074], [5.522671598132889, 52.03622337164741], [5.524878915169363, 52.03536733303451], [5.526202682264603, 52.03466807352762], [5.526555465032788, 52.03443666148706], [5.526643758327659, 52.03437874527753], [5.523685238154971, 52.03043613653282], [5.520727253651821, 52.02649346887524], [5.517769775446382, 52.02255071540875], [5.514812817990872, 52.01860788513913], [5.515945132803518, 52.01820262492098], [5.518574773569807, 52.017240780511116], [5.521550912519292, 52.016103248917254], [5.523722839075989, 52.01517101366801], [5.525382052795132, 52.01428315908618], [5.527545030575359, 52.01306366530707], [5.530148756779086, 52.01157101287552], [5.5331302631627866, 52.00986365544544], [5.535747447640841, 52.008575305890496], [5.537562056626777, 52.00791098570624], [5.538966569818818, 52.007286122216236], [5.540353420643759, 52.00611607041712], [5.542237831865609, 52.004401788092586], [5.544736747194801, 52.00254062250679], [5.547645066032109, 52.00054255757346], [5.550757703267302, 51.99841756446627], [5.553101742273608, 51.996794953393405], [5.554407119359669, 51.9958163144795], [5.555522907284266, 51.994760050003954], [5.55729796937126, 51.99290451987738], [5.559659015990805, 51.991059456114485], [5.561849796952167, 51.99008105797381], [5.563694399808549, 51.989317318472885], [5.565016847370937, 51.988116238952706], [5.566707141652938, 51.98691134734877], [5.569235022400911, 51.98620163542604], [5.571794127950727, 51.985433414749735], [5.573578014761316, 51.98405303389189], [5.574578885073023, 51.98208974281855], [5.575326741672542, 51.97996135716361], [5.5758217060616, 51.977697066119376], [5.576063964290731, 51.97532609313053], [5.5764193735307925, 51.973629932878644], [5.57731510958019, 51.97297458638964], [5.578843239327956, 51.97276603183258], [5.581095826465196, 51.97241024198371], [5.583450801329047, 51.97204773953158], [5.585318607428984, 51.97202675511449], [5.5868398928487, 51.9720647535333], [5.588155258415693, 51.971879152314806], [5.589365864625887, 51.971187482651814], [5.590542410906009, 51.969940936135714], [5.59177969438277, 51.96820749710459], [5.593172590550079, 51.966055145642834], [5.594651631969081, 51.96438615514087], [5.596229342786488, 51.963622371647915], [5.598123369065382, 51.963111116865825], [5.6005512916560525, 51.962199714328385], [5.602804903312009, 51.96111333791638], [5.604366415070897, 51.96031052831664], [5.605738671450684, 51.959488581431735], [5.607424463739914, 51.95834475586609], [5.608763081079151, 51.957115570528686], [5.609094906522013, 51.95623874440137], [5.608924223914367, 51.95571335373322], [5.608755290878984, 51.955538428758494], [5.608339588875953, 51.95498276815372], [5.608139172513767, 51.95471468453437], [5.608424834394705, 51.954528036642564], [5.60839575141426, 51.95452152998154], [5.608120650349285, 51.954459965781865], [5.607805341799041, 51.95436000678211], [5.607619892792781, 51.954179187914505], [5.60734674522585, 51.95382437701689], [5.606625421628665, 51.95282635110751], [5.606330712789112, 51.95251820904727], [5.605982434657381, 51.95231774622657], [5.6050143484818165, 51.951883615263824], [5.604263908390111, 51.95156985840182], [5.603763239693542, 51.95129579609682], [5.6033826085553535, 51.95116897191119], [5.602665313105074, 51.95098238137281], [5.602285274640806, 51.9509294268888], [5.601600547572752, 51.95075625259367], [5.601100864467386, 51.950683576635015], [5.600210494069379, 51.95061131988553], [5.59895101107872, 51.95053972221446], [5.597974107986435, 51.9505282750711], [5.5963030773727125, 51.950611597825684], [5.59510919697821, 51.9506673673553], [5.594501858644892, 51.95075578821753], [5.59401377495247, 51.950830244076236], [5.593102350476039, 51.950925933758604], [5.592266671216847, 51.95093414549264], [5.591225283833332, 51.95109016070706], [5.5905528341194675, 51.95115845965789], [5.590031859616291, 51.951199519656264], [5.589142190905347, 51.95128138905641], [5.588577997305691, 51.951316063334154], [5.587742375972584, 51.95139107932022], [5.586961450068445, 51.95149971124818], [5.586788827240687, 51.95172808107975], [5.586692016639227, 51.95193637705476], [5.5867028963907295, 51.95192961740516], [5.5868659535195935, 51.952002936072795], [5.58756457880941, 51.952853660506406], [5.587837129972408, 51.95311469904636], [5.588121217874014, 51.95356362521091], [5.588329653743686, 51.954019421370106], [5.588330796060209, 51.95427417286798], [5.588179863782198, 51.95452947220989], [5.58792046223379, 51.95477119571769], [5.587746962674496, 51.95480519785129], [5.587573537403521, 51.95485914448576], [5.587097091696365, 51.95516161903299], [5.586739370414085, 51.955276269752346], [5.586294411795329, 51.95529724809244], [5.586294351949818, 51.95528376584903], [5.586066275503977, 51.95526392858543], [5.5850123143464705, 51.95501768653996], [5.584307093170373, 51.95509245837245], [5.58396030540323, 51.955213823460475], [5.583732407565889, 51.955234428404545], [5.58367785262726, 51.95518086890547], [5.583655693503637, 51.95510704068954], [5.583470955629324, 51.955067181040064], [5.583406383480644, 51.955167840211836], [5.583102430245499, 51.95515486505856], [5.582885238213437, 51.95512854992982], [5.581832984595521, 51.95532466820904], [5.58133389157152, 51.955392618016205], [5.5811596594692645, 51.95525892723658], [5.581168597330378, 51.954802759860044], [5.581037674910202, 51.95464877386676], [5.58080895289259, 51.95447471642209], [5.5806132080850475, 51.95441465589439], [5.580428952893927, 51.95443489496507], [5.580049399601709, 51.95454956123498], [5.579930041464491, 51.954543294552785], [5.579994878864594, 51.954502741144054], [5.580178053611052, 51.9541805539422], [5.579841105551065, 51.954053581895266], [5.579189016234593, 51.953900447212746], [5.5789827715503275, 51.95388083917547], [5.578625039715509, 51.95399546523552], [5.578114902872733, 51.95402971353651], [5.577767706753161, 51.95405696326005], [5.577518166959714, 51.95406410892466], [5.577477194467952, 51.95406911881475], [5.577479329541461, 51.954071757896294], [5.577402536556588, 51.954078902049375], [5.577098345719412, 51.95411759408755], [5.577041327976387, 51.95412611719172], [5.576888214014947, 51.95414546448609], [5.576734846962423, 51.95416003025125], [5.576633774977697, 51.95417761244794], [5.576574051863847, 51.95419315949415], [5.576530965156966, 51.95421429734477], [5.576487912453694, 51.95424694904593], [5.576438742406908, 51.95429507033817], [5.576436743138727, 51.954297024004035], [5.576435940447563, 51.95429985658902], [5.576420402373059, 51.9543546289165], [5.576417484375237, 51.95441811747553], [5.576434382450692, 51.9544891511952], [5.57646097774594, 51.954545006149544], [5.576501072460079, 51.954617970911066], [5.576546536143144, 51.954725603590646], [5.57654813784096, 51.95472940302994], [5.576567979465475, 51.95478775858189], [5.576571617870107, 51.95479846668555], [5.576574741613349, 51.95486299712909], [5.576575346857025, 51.954875417884814], [5.576563582779205, 51.954907551785276], [5.576557139897776, 51.95492516112002], [5.576514369102347, 51.954969613915935], [5.57651326574586, 51.954970145999276], [5.576503320951265, 51.954974925783965], [5.576456979756494, 51.954997228329404], [5.576438149819589, 51.955006246887926], [5.576328763391865, 51.955046591414565], [5.576060364405726, 51.95511246645077], [5.574918050612011, 51.955424148295265], [5.574852574118024, 51.95544201362857], [5.574834323234223, 51.955446995290345], [5.574685647014139, 51.95522421674557], [5.57464634786876, 51.95517395436694], [5.574642223386019, 51.95516866688131], [5.574018953158577, 51.95527723969012], [5.573574658931427, 51.95535097466872], [5.573514867635743, 51.95536124417471], [5.572727634631269, 51.95549640553383], [5.572336505545963, 51.95556612400648], [5.571957561391997, 51.955627624752935], [5.571868109699295, 51.95564213756115], [5.571904970559102, 51.95576509247923], [5.571907758286607, 51.95577437293399], [5.571866481961853, 51.95577325137303], [5.57177998652199, 51.955770915531495], [5.571610723363856, 51.955788321877684], [5.571550286065255, 51.95579740495109], [5.571212946151538, 51.95584848356821], [5.570960344094207, 51.955888490039705], [5.570511705497519, 51.95595912827236], [5.57010387725148, 51.95600610717366], [5.569543319468725, 51.9560586608041], [5.569470378964133, 51.95606271082949], [5.569377396877891, 51.956060886624186], [5.5693321399712445, 51.95605758620702], [5.569274615966675, 51.956053459890754], [5.5691965924131415, 51.95603813901038], [5.569136800142739, 51.95603429477534], [5.569057293713042, 51.956047900207096], [5.568851747123021, 51.95609063362468], [5.568724913291577, 51.955923702603926], [5.568625846650119, 51.95582021240274], [5.5686016535890985, 51.95579496588229], [5.568518417405788, 51.95572797030518], [5.568382618337994, 51.95564953283609], [5.568212530341888, 51.955574518629014], [5.568071331305438, 51.95550956246952], [5.567928343727984, 51.95545192530731], [5.5677490035773705, 51.955394622477726], [5.5676593726604535, 51.955375660207395], [5.567579758498378, 51.955362300131], [5.56746358932994, 51.955360510011666], [5.567241352030149, 51.95537630155208], [5.56699437854392, 51.955401676025616], [5.566258033421535, 51.95549100204935], [5.565410853256052, 51.955600139894386], [5.5652284014767, 51.95561952547835], [5.5651269999437325, 51.95566967159809], [5.564756033000417, 51.95572781140007], [5.564563632765448, 51.955762652755816], [5.564411244836511, 51.95579546502795], [5.564272075621975, 51.95583809029701], [5.564149550238292, 51.95589585346788], [5.563990612218623, 51.95599805516015], [5.563901313686886, 51.956063354126655], [5.563772507856201, 51.95620005194033], [5.563653612365929, 51.956367357602666], [5.563561324372717, 51.95648294091753], [5.563498400343823, 51.95655212783069], [5.563447190941719, 51.95659265166891], [5.563334679091262, 51.9566523673798], [5.563119377789061, 51.956758301584244], [5.56302344970249, 51.95681799216175], [5.562831434184813, 51.95694888723105], [5.562682528990379, 51.95706259503561], [5.562560245612939, 51.95717990314584], [5.562464556259977, 51.957301099309525], [5.562410030824254, 51.957364664449635], [5.562294510567101, 51.95747072691358], [5.562452259512071, 51.95787720873276], [5.56245775683721, 51.95788787853928], [5.562282466286078, 51.95799655581798], [5.561685332089177, 51.95835275752571], [5.561260615411038, 51.95862570363497], [5.56101640029751, 51.95878265796112], [5.560012209484298, 51.95922793265292], [5.559224141067371, 51.95977653461002], [5.558459631643676, 51.960251213737756], [5.556762067294497, 51.961008119919406], [5.555495193669362, 51.96163126085961], [5.5541561236098875, 51.962166001709925], [5.5519800695863415, 51.96310103468499], [5.5503777330172035, 51.96372458120896], [5.548608598559252, 51.96462950426182], [5.547485303541654, 51.965282121012095], [5.545764023812344, 51.96618692667881], [5.543612870076338, 51.96746220762171], [5.54210599626707, 51.968085513682304], [5.540861940091902, 51.968516334059856], [5.540346451300583, 51.96864218582695], [5.538851598833033, 51.969007113402554], [5.536769257216443, 51.96946845970191], [5.534543398342651, 51.97000383214932], [5.534370005030559, 51.970087082471615], [5.533060482437331, 51.97071574133882], [5.532222691270225, 51.970894304383414], [5.53107491632346, 51.971546793679074], [5.530542146813666, 51.971849286551645], [5.530523843455756, 51.9718596812613], [5.529844651810304, 51.9722452925642], [5.529377353049548, 51.97251059733475], [5.528588569385205, 51.97310336800143], [5.528237454838924, 51.973426268487046], [5.528163069482449, 51.97349468601662], [5.527895883875255, 51.97374039298741], [5.527322874469743, 51.97433289643796], [5.526463066951221, 51.975206609363944], [5.525794360689143, 51.97582899648249], [5.52527786865802, 51.97642118937416], [5.525041394208308, 51.97669231717798], [5.525006441286582, 51.97673239157918], [5.5238347977464075, 51.97747331719687], [5.522327754769152, 51.97817052120613], [5.520939500521201, 51.97867516951362], [5.519455427350343, 51.97909115093579], [5.518138209849566, 51.97925525855022], [5.516010111329746, 51.979962743113234], [5.5158163589422, 51.98002714899172], [5.512105289160951, 51.980889245915044], [5.51002192861608, 51.98136500276457], [5.508753527158263, 51.98163434054971], [5.5087101079012415, 51.981597282252345], [5.506869615554578, 51.9817713220777], [5.505192224847463, 51.98210558144814], [5.503129282266649, 51.98252278136717], [5.500883024666502, 51.98304460118881], [5.498837454326568, 51.98343923847643], [5.497120285759038, 51.98364758590389], [5.495090277404021, 51.98391658756018], [5.493616372860844, 51.98419094792238], [5.491848658263576, 51.984594469321884], [5.490651291511239, 51.98486686500025], [5.489054211512977, 51.98550922543163], [5.48740192638126, 51.986105555805246], [5.485639008522558, 51.986783963748465], [5.4847591057535885, 51.98716838496187], [5.483771912632917, 51.98770230717433], [5.481849390260686, 51.98868976652492], [5.480732450819566, 51.989213934506466], [5.479580833425466, 51.98992042610464], [5.478575880539843, 51.99050094002197], [5.477868344864154, 51.99114667687119], [5.4773692304911945, 51.99204335190532], [5.477070913984923, 51.992800267071175], [5.476925682334393, 51.993773912932774], [5.476385452377633, 51.99449870726913], [5.4757488096316225, 51.99502949043401], [5.4751327828418805, 51.99564114810338], [5.474096142817046, 51.99651826509458], [5.473930925668877, 51.996640967711635], [5.472747313270239, 51.997287742753315], [5.470640201445386, 51.99833974939794], [5.469657071220647, 51.99843462167057], [5.469250281083098, 51.99847387023474], [5.467596737732189, 51.998652529939534], [5.465151626402228, 51.99858002621481], [5.460116305558878, 51.9973257643436], [5.460007692596185, 51.99685058301809], [5.460076364653142, 51.99669127927472], [5.460145537900073, 51.99655388830122], [5.460283349253358, 51.99623752734327], [5.460347540297195, 51.9961172707697], [5.460358854339354, 51.996081877346185], [5.460572353192514, 51.995581777863215], [5.461067108506133, 51.994436879575254], [5.46120559955026, 51.99412557733981], [5.461216916591567, 51.99409270949393], [5.461216877083195, 51.99406882797848], [5.4612040905902575, 51.99404074803971], [5.4611690122616965, 51.99401240351315], [5.461116646425654, 51.993989966094155], [5.461020846561628, 51.99397542060984], [5.460282548058281, 51.99393768283671], [5.460002934622045, 51.993926899996694], [5.459522174227155, 51.9938977069926], [5.458703106026097, 51.99385495769315], [5.458031102182985, 51.9938166890241], [5.4579952959904565, 51.99381465233426], [5.457595768523603, 51.99379495685693], [5.457300236429612, 51.993780240325385], [5.457282468058183, 51.99376761358186], [5.457325555194579, 51.99367742761946], [5.457200893600961, 51.993687047448326], [5.45714058064449, 51.99381376252217], [5.456995204754762, 51.99410653048469], [5.456891354768443, 51.99432595719609], [5.456880052879795, 51.99437062606718], [5.456670058343473, 51.9948061099683], [5.456476387572328, 51.99520759960845], [5.45634100178568, 51.995488280719876], [5.4560507143689945, 51.996087853552424], [5.456002462981143, 51.99607074142788], [5.455949877312235, 51.996056732736065], [5.455890940722234, 51.99605058338606], [5.455805629678122, 51.996050633275324], [5.45577629084253, 51.996060762094444], [5.455733597550412, 51.99610741758379], [5.455691159560666, 51.996178224084815], [5.455648755382392, 51.99627121331998], [5.455612744571339, 51.996374607097636], [5.455606444252319, 51.99642516015958], [5.4555637439938875, 51.99646760014345], [5.455504875118521, 51.99650611270833], [5.455429358381937, 51.99652245215188], [5.45537702973489, 51.9965244509613], [5.455348345323408, 51.9965247552382], [5.455150818234096, 51.9964708059863], [5.455101817053346, 51.99644900210988], [5.4548797023091975, 51.99635018875886], [5.45467257845596, 51.99625594134327], [5.454563166707112, 51.99620615586717], [5.45449585006874, 51.996175589806484], [5.454178039791829, 51.99603436091169], [5.454101680665103, 51.99600324251846], [5.454063697851565, 51.99598777756682], [5.453841046428349, 51.99589705189702], [5.453478034333801, 51.995788545676035], [5.453286745293496, 51.99575472324011], [5.452972232572372, 51.99572246164043], [5.452570626355808, 51.99570524897206], [5.452168908244905, 51.995690983110414], [5.45176433607985, 51.995666327138046], [5.45161161028782, 51.99564613376967], [5.451413545477033, 51.9955972029151], [5.451399606088434, 51.995593759088344], [5.451244292016378, 51.99555538361746], [5.450897276588413, 51.99542655645566], [5.450518121123447, 51.99534412450393], [5.450255085306811, 51.99533309383823], [5.449851269773902, 51.99534658560889], [5.449452274454246, 51.995297992235756], [5.4490708315483785, 51.99521179978378], [5.448909739394822, 51.99517275915281], [5.448532542286611, 51.99508077434899], [5.448521836729336, 51.99507809248446], [5.446737316777785, 51.99555939246266], [5.443196106066451, 51.99665129128557], [5.440394420006078, 51.997792454781745], [5.437859321766059, 51.99914355251543], [5.434614613942094, 52.00080642259564], [5.431148835492348, 52.0024692768192], [5.427950669872283, 52.00382040667873], [5.424702200893367, 52.00496702112078], [5.421011884732292, 52.00613315134717], [5.417258190464995, 52.007182354066664], [5.413819683160277, 52.00797824161061], [5.411185530698112, 52.008618101868514], [5.409276921034097, 52.009121472129486], [5.407620502863852, 52.00923535655204], [5.405742958844119, 52.00870670908097], [5.40281092447942, 52.007607044393396], [5.398948321083293, 52.00652686366987], [5.39511754719434, 52.00599174750446], [5.392280776441811, 52.006527349560535], [5.390327405873922, 52.00765023669595], [5.388515896927497, 52.008656261719324], [5.386862075664849, 52.009740150234954], [5.385381712163051, 52.01109660104828], [5.3841168870779414, 52.01211879683982], [5.382962518564702, 52.01249843920862], [5.381713450459794, 52.01287806598792], [5.380164503108319, 52.01390020583995], [5.379222882150712, 52.01523226873545], [5.3789439790431866, 52.0161457582539], [5.377844639578474, 52.01668923448825], [5.374441676682877, 52.01691121383375], [5.370446998053144, 52.017111917739], [5.368108927084134, 52.01758534703081], [5.366748954538409, 52.018370439901105], [5.365688595433123, 52.019506054570115], [5.364806926122412, 52.02078771440288], [5.364067330821956, 52.0218941538348], [5.362917576453926, 52.02268898591255], [5.360805400509374, 52.02303576315233], [5.3580622265704205, 52.02295561097404], [5.355398101826798, 52.02270991791043], [5.352828632855538, 52.022522605871586], [5.3503694182206125, 52.02261759795248], [5.3478548018161165, 52.02289424202108], [5.345276997489368, 52.02320002135415], [5.342888361104171, 52.02368104768561], [5.3409412164809815, 52.02448347050688], [5.339985605486742, 52.02528626153769], [5.339740410120769, 52.025845943126576], [5.33921109117934, 52.02642498631411], [5.337403110305432, 52.02728582053875], [5.33519788083294, 52.02813347381077], [5.3335296972673945, 52.02854323246823], [5.331483158977643, 52.02858284783471], [5.328142837186825, 52.02831999362723], [5.324566017317721, 52.027914134183156], [5.321999218763941, 52.027576867253316], [5.319810920495198, 52.02745394785604], [5.317369561203226, 52.027691045967984], [5.315288358439087, 52.028037024751946], [5.314233025344302, 52.02836412840019], [5.313650660523262, 52.02900306434588], [5.312988297071855, 52.03028447121835], [5.312520043993788, 52.03187103561068], [5.312415427305672, 52.03308788731031], [5.311964441399136, 52.03375934475814], [5.310457114359059, 52.03370969437269], [5.308850924835799, 52.033019053082526], [5.307955368571148, 52.03216336223467], [5.306838406767648, 52.0315606369919], [5.3045680572001475, 52.03162884320653], [5.301483476202463, 52.03240547077596], [5.298713556150615, 52.03364955471617], [5.296510794505959, 52.035361302431326], [5.295127757500999, 52.03754095180873], [5.294607746171434, 52.03964012934636], [5.294404603905162, 52.04117491235509], [5.293886677868675, 52.04224214593617], [5.292422226487381, 52.04293867930105], [5.291066116056273, 52.04340488191874], [5.290547396932712, 52.04356022169786], [5.28974569637003, 52.043170152780505], [5.287540626814139, 52.04200006430915], [5.284762560615559, 52.040618505227116], [5.282851520857592, 52.039841246563455], [5.281601835582946, 52.039804442405405], [5.280807870901563, 52.04064421509077], [5.28059926224155, 52.04207025834339], [5.280800941520983, 52.04356481056236], [5.280750359741493, 52.044922848182935], [5.2797848345526885, 52.045939317117686], [5.278221215206538, 52.04615368671403], [5.2767539238143994, 52.04571585086293], [5.275286515328295, 52.045336410197834], [5.273722452037585, 52.045725951548796], [5.2723704106528535, 52.046548904891225], [5.271381973686196, 52.047177491259404], [5.270424880952985, 52.04788398214895], [5.269166839644828, 52.04894063698794], [5.26829613293718, 52.04979159951635], [5.26815308149622, 52.050146799302546], [5.267883225154255, 52.050677102438314], [5.266632087219697, 52.05205338015896], [5.265238039531245, 52.053680992237545], [5.264729861941327, 52.05472539325543], [5.2645382405703165, 52.05549753105862], [5.264093844443261, 52.056308341234455], [5.263386881193635, 52.056870632486536], [5.262617969378625, 52.05699475703534], [5.261533126147658, 52.05713801749987], [5.259878394713413, 52.05775767844176], [5.258367490644364, 52.05868576442886], [5.257535959623788, 52.05950748693571], [5.256862402262951, 52.06030991001621], [5.255825358486948, 52.061180072388986], [5.254346599941137, 52.0618517664191], [5.252726613130113, 52.06220202913921], [5.251011904447948, 52.062532683072135], [5.249248908335378, 52.063145579962345], [5.247819883076463, 52.06386107598895], [5.246928026772675, 52.06451877234011], [5.246351201851637, 52.0654494287994], [5.245867212342323, 52.06698378741343], [5.245516957726385, 52.0686838017123], [5.245246887512895, 52.06999450318131], [5.244693192944695, 52.07107120771506], [5.243491997849747, 52.07206924072814], [5.242042444756983, 52.07331358835732], [5.240639946715279, 52.074635849002135], [5.238765064942547, 52.07545127378125], [5.235898442581862, 52.07517504124149], [5.233477027497001, 52.07407993250724], [5.232303562999238, 52.07305456693734], [5.230907567288329, 52.07243777976329], [5.2278185495114915, 52.072568313504476], [5.224301054608597, 52.0732255138739], [5.222062854756023, 52.07396228025621], [5.220298255999478, 52.07477756590439], [5.218201513905402, 52.075670222120756], [5.2152636975144535, 52.0768163662905], [5.211913832457535, 52.0782441493315], [5.208753133621488, 52.079730536812164], [5.206382940063954, 52.081052548022456], [5.204683541344121, 52.08188554070645], [5.203428008468413, 52.08235900505534], [5.203056951481688, 52.08293118105517], [5.204010973647754, 52.08406034402093], [5.2055460260059245, 52.08545811346977], [5.206592065132616, 52.08666040656801], [5.207100835377515, 52.087861870887636], [5.207024103684862, 52.089257138786714], [5.206786372307805, 52.09073005054569], [5.206802288346776, 52.09200865077551], [5.2070088167403625, 52.09305388003935], [5.207342894854613, 52.0938267230944], [5.207871718967501, 52.09464854053934], [5.208684087112622, 52.095723896999075], [5.209749229568825, 52.096838573309356], [5.211036415705766, 52.09777833189802], [5.212345594058539, 52.098500688384625], [5.213433946872524, 52.09910588771418], [5.214206637135626, 52.09959378803292], [5.214568784336341, 52.099964256786485], [5.214927810708156, 52.100464524925094], [5.21530218782887, 52.10108164065036], [5.215013695914645, 52.10142520065449], [5.213384033174168, 52.10110478746522], [5.211287577307888, 52.10023524306409], [5.209744703744334, 52.099308082026596], [5.208296273195587, 52.09849786129814], [5.206483156573204, 52.097979130569655], [5.204123012394717, 52.09787975959129], [5.201634929914669, 52.09814035354281], [5.199461905278493, 52.098654499858675], [5.198046980560813, 52.09931586177986], [5.197161270997481, 52.100049452416016], [5.196291116120502, 52.100831740688655], [5.195452489293743, 52.101633541797625], [5.194661279736659, 52.102425671251844], [5.193878619554993, 52.10306692732002], [5.193222900558177, 52.10359155159928], [5.192946077083027, 52.10423362311598], [5.193300130121246, 52.10522720264033], [5.194169692506072, 52.10644067267751], [5.195229257072105, 52.10760576622523], [5.196415431250881, 52.10875158673469], [5.197664876893238, 52.109907221724626], [5.199180178900068, 52.111152518151165], [5.200585285565102, 52.112300262355014], [5.20094876646624, 52.112979063107566], [5.1993392106010985, 52.11281750432999], [5.19686731833912, 52.11216938956493], [5.195106905036844, 52.11155159444912], [5.193821310250939, 52.11083719398189], [5.192773900074722, 52.10989926264702], [5.19192165383331, 52.10893568762731], [5.19124272868367, 52.10811842265487], [5.1905322825682205, 52.10728163303308], [5.18958552972856, 52.10625946983572], [5.188367952725842, 52.10512001627937], [5.187023820133383, 52.104009546256584], [5.18561661471419, 52.102879484782044], [5.184209775119578, 52.1016812505991], [5.182742161674878, 52.10054130720225], [5.18116274406931, 52.09966401407008], [5.17955025599768, 52.09911762581427], [5.1779833565249325, 52.098970455024016], [5.176670245835877, 52.099198517830246], [5.17570389071133, 52.09964136424539], [5.175077648599715, 52.10009859355582], [5.174990069404315, 52.1001625476797], [5.174434584285789, 52.100625599250804], [5.174100712648213, 52.10102413719288], [5.17379891207813, 52.101325382794926], [5.173055790130215, 52.101353247062114], [5.171397931866698, 52.100931607679776], [5.169461247503939, 52.10042505979413], [5.168154923091515, 52.100328527213236], [5.1674155695567165, 52.100661398928715], [5.167179871922201, 52.10144302655925], [5.1673901663530595, 52.10315196324591], [5.168022886665304, 52.10576706705263], [5.169065912235425, 52.10855815626018], [5.17050704584626, 52.11079505530022], [5.172115525457602, 52.11278885439527], [5.173438264179085, 52.11504497679906], [5.174129407073899, 52.117124705122855], [5.173843028902212, 52.118589341160835], [5.1728045255433885, 52.11914398711284], [5.171625952433123, 52.11922134745854], [5.170541416417634, 52.11947409897936], [5.1697849559983595, 52.120554944516726], [5.169711941029155, 52.1220183450356], [5.170257350622185, 52.12315188266038], [5.171024609741572, 52.124207943146246], [5.1716170540992055, 52.125438909185284], [5.172088702541677, 52.12658204578299], [5.172767860828321, 52.12733613460241], [5.1736694363142774, 52.12789592412136], [5.174808287035295, 52.12845613398379], [5.176485563703752, 52.12945537921812], [5.1785077274007, 52.13113668018823], [5.180147689941929, 52.13340138711452], [5.180678133185858, 52.13615089593235], [5.180419175379997, 52.138546925543956], [5.180322177542729, 52.140135227681995], [5.180606426234586, 52.141393188183265], [5.181491300526485, 52.14279822362355], [5.183377056813165, 52.14507304258892], [5.185877014280274, 52.14804982371132], [5.188029815815901, 52.150870194450384], [5.188873763830477, 52.152675866616825], [5.189301922184141, 52.15367769039853], [5.190426452174683, 52.15469040913934], [5.191614079583547, 52.1557616251702], [5.192231489586721, 52.15693898907191], [5.192119227602371, 52.15787986860238], [5.191739397950369, 52.15846983828177], [5.191391055562387, 52.15909880367819], [5.191373220535072, 52.160156664023376], [5.191793774219348, 52.16171986047386], [5.192372186979983, 52.16339039784273], [5.192824929823279, 52.16484655153945], [5.192868412286274, 52.16576660110346], [5.1919032287390685, 52.16625014136006], [5.189972525913829, 52.166683395280565], [5.187756548383391, 52.16717453969587], [5.185935578923513, 52.167831820242945], [5.184737403349099, 52.16846255822248], [5.183840796660582, 52.168918575062136], [5.183102519347175, 52.169374849860176], [5.182379238880803, 52.17000638369993], [5.18206375180596, 52.170899847352985], [5.182159967455152, 52.17178429171087], [5.181941213051897, 52.17229825474539], [5.1806808143606435, 52.172080266019115], [5.17888475675747, 52.17129342680025], [5.177563866867905, 52.17047820283303], [5.176748847600105, 52.169839095317], [5.176470348628124, 52.16958061802106], [5.174710958488509, 52.16666989516496], [5.17295178306627, 52.16375914471724], [5.171192851587104, 52.16084835775309], [5.1694341346854324, 52.15793755220546], [5.173021900385727, 52.15794411582066], [5.176609652677749, 52.157950570293146], [5.180197406154731, 52.15795691564968], [5.183785175409868, 52.15796315191538], [5.183567295480209, 52.15772426313252], [5.1830506050785266, 52.15706625286376], [5.182440478188491, 52.1560770699681], [5.1819423032143765, 52.15484470263512], [5.181597210833352, 52.15359474954542], [5.1811723873739135, 52.152480949407654], [5.180462168684957, 52.1514834735082], [5.1792609360278, 52.15058248678383], [5.177481934946457, 52.149719389408965], [5.175385865198682, 52.14899199891993], [5.173288185527286, 52.1486150358042], [5.171504301602343, 52.14880325110645], [5.170122980805371, 52.14919336707327], [5.169074240649318, 52.1495256781362], [5.168435427219456, 52.15017026315076], [5.168283851146881, 52.151497216583444], [5.1685372076696146, 52.15308614637541], [5.168840199499134, 52.154237084990186], [5.16886070006214, 52.15490073970463], [5.1682665450610665, 52.1550278165028], [5.16711556552747, 52.15466709272055], [5.165886077385836, 52.15417966004849], [5.164876753366728, 52.15398468408568], [5.164386170775028, 52.154501348659664], [5.165488841032316, 52.15714977559208], [5.168086284816919, 52.16166039223316], [5.1707171389697715, 52.165917899449155], [5.171919123174948, 52.16780709661495], [5.171221204527537, 52.16753161808537], [5.169622455013862, 52.16693321397762], [5.167865359871011, 52.1663539619115], [5.1666922661089165, 52.16613598538501], [5.165915888811058, 52.166264327663505], [5.165043368509102, 52.16662614342955], [5.164358664861212, 52.167416645557815], [5.164145780890878, 52.16883108867411], [5.164123256211506, 52.17175322111049], [5.163920666356244, 52.17585296032845], [5.163713705835629, 52.17910996275906], [5.163711643069057, 52.179142333343385], [5.163632099697933, 52.17914683852123], [5.163621365212825, 52.17914744735263], [5.163352586470371, 52.179158262949336], [5.163296122018643, 52.17916120280846], [5.16327191880127, 52.17916246016393], [5.162924532798957, 52.17918054972266], [5.16259818453737, 52.17919881309262], [5.1625804448823, 52.179199803974065], [5.162489009193067, 52.17920542722641], [5.161833103918914, 52.17924021885158], [5.1613760871663, 52.17926505122874], [5.160782187493734, 52.17929663004192], [5.16066020917189, 52.1793051143871], [5.160558982182285, 52.17931552589817], [5.160117180153907, 52.17933822550011], [5.1597445478018304, 52.17935800080614], [5.159366801645886, 52.179377046035995], [5.158956592774103, 52.17939701598839], [5.158389869830559, 52.17943133166604], [5.158093996628587, 52.17944774517735], [5.157553355578988, 52.17947636415661], [5.156829498004295, 52.17951728735758], [5.156296077095249, 52.17954888067775], [5.155982302697596, 52.179566062804525], [5.153059443839519, 52.17972880018321], [5.152407750265925, 52.17976607339391], [5.15185725008252, 52.17979692961419], [5.151376940936924, 52.17982267451531], [5.150935244197997, 52.17984848573532], [5.150800081662515, 52.179855630264036], [5.1504989288942555, 52.17987400948826], [5.150170675628693, 52.17989114714391], [5.149391075193735, 52.179931112904356], [5.148771041933376, 52.17996878931025], [5.148382922850114, 52.17998997149993], [5.148313014064572, 52.17999399150403], [5.148181810644359, 52.18000155448852], [5.14810281943608, 52.18000611323526], [5.147897617426199, 52.1800196468259], [5.147790729388655, 52.18002426567026], [5.147723004805179, 52.180027202214546], [5.146738896070104, 52.180081224073376], [5.146494435913039, 52.1800948550344], [5.146256322957161, 52.18010812993542], [5.145626926542633, 52.180143227139965], [5.145531365433654, 52.1801485232284], [5.145448118306027, 52.18015321529548], [5.14362052866204, 52.18025527441229], [5.143358179653266, 52.18026993154001], [5.143207804221793, 52.1799356566208], [5.143048148695176, 52.17995112739489], [5.142783952201864, 52.17998038480202], [5.142737824939899, 52.17998549332498], [5.142618576165437, 52.17999649028504], [5.142533303835185, 52.18000255125383], [5.142439575494746, 52.18000955634187], [5.142342505192186, 52.180018091360836], [5.142219463474446, 52.1800301765796], [5.142122395849423, 52.18003820809938], [5.1420358609131265, 52.18004519184459], [5.141902220658771, 52.180062287965626], [5.141786725763301, 52.18007387609862], [5.141769962562278, 52.18007528831441], [5.141703041531191, 52.180080901476174], [5.141615180985658, 52.18008431395096], [5.141473384431254, 52.18009035545162], [5.141113371256638, 52.1801071951022], [5.14103529693103, 52.180109701783195], [5.140943905164623, 52.18011447256149], [5.140738374149532, 52.180110313771884], [5.140626019725765, 52.18011442937049], [5.140611443392151, 52.18011431804101], [5.140555828157138, 52.180113896299744], [5.140494872600553, 52.18011150400754], [5.140449914128043, 52.1801114100699], [5.140245123493222, 52.18011878347617], [5.1401687410143495, 52.18012203013205], [5.139839665289987, 52.18013876883235], [5.1395865147076245, 52.18014770254823], [5.13931066417161, 52.18016076745515], [5.13900102760132, 52.18017594477338], [5.138664882603089, 52.18019123625953], [5.13844506065422, 52.18020130723409], [5.1383280542984995, 52.18020841281259], [5.13827611005712, 52.18022873287825], [5.138267822439139, 52.180228301962785], [5.1382674862638, 52.180228283278254], [5.138207485282502, 52.18022512784323], [5.138117249067873, 52.180229710123236], [5.13799596110005, 52.18023899939481], [5.13778492535171, 52.180257015032815], [5.137625815635384, 52.180263231051676], [5.137427754362082, 52.180267108501766], [5.13702389533278, 52.180285640513134], [5.136856586224147, 52.18029129884767], [5.136841523830035, 52.180291815176936], [5.136655249798366, 52.180300363079056], [5.136393326997542, 52.18030635924585], [5.1363037875123325, 52.18030917998596], [5.135979903579191, 52.180322566461214], [5.1356655754913465, 52.180334426480265], [5.1355035489440075, 52.18034182881931], [5.135442323569257, 52.18034578780606], [5.13538233362056, 52.18037695584827], [5.135351671720504, 52.18039801208247], [5.135338248765407, 52.18040854426621], [5.135311958315002, 52.18039854754133], [5.135289739550036, 52.18038988970996], [5.135259836552147, 52.18038787553291], [5.13501707963863, 52.18040188182726], [5.134862385283833, 52.180410548266856], [5.134479326797843, 52.180434706511186], [5.1341017195115315, 52.18045663720316], [5.134067325265695, 52.180462819074116], [5.134018266773172, 52.18047405666051], [5.133980116413774, 52.18046966963892], [5.1339343216024025, 52.18046487972837], [5.13381309424308, 52.18046322652605], [5.133615187762675, 52.18046280168216], [5.133419604762119, 52.18046773830422], [5.133162070977571, 52.18047299972373], [5.132962774059602, 52.180483086668644], [5.132885131439888, 52.180484042964956], [5.1328771727281115, 52.18048490664074], [5.132815115215888, 52.180486004311994], [5.1326780689741085, 52.18047648737972], [5.132631044571036, 52.18047453449771], [5.13259102756907, 52.18047444821958], [5.13253595935093, 52.18047802350614], [5.132450760611157, 52.180488715121044], [5.132316596325644, 52.180501961417235], [5.132188433511818, 52.180513989176056], [5.132019051464688, 52.180529046536655], [5.1319159544302115, 52.18053498042353], [5.131795841811522, 52.18053779455883], [5.131636080210499, 52.18053752079873], [5.131457969395863, 52.18053468147543], [5.131406921273877, 52.180535793262116], [5.1312929006879315, 52.18054710468539], [5.13124681403282, 52.18055499506441], [5.131198721248691, 52.18056596393511], [5.13110556815396, 52.180581760452476], [5.131043861331583, 52.18058541052442], [5.130960797072511, 52.18058585046968], [5.130899769426395, 52.18058325533073], [5.130783740492724, 52.18057254148149], [5.13069271759108, 52.18056619604613], [5.130630759111316, 52.1805652974642], [5.130540684501087, 52.1805669442394], [5.130470622167152, 52.180569254624686], [5.130397551961778, 52.18057340095202], [5.1302834341098285, 52.18057868927751], [5.130179504745191, 52.180584377162795], [5.13018770311696, 52.18059014728094], [5.130157559781959, 52.180591798362144], [5.130107979045391, 52.18059451263238], [5.129855849755591, 52.180605557842235], [5.129830259219304, 52.18060622110216], [5.129812693529175, 52.18060977798569], [5.129789274332886, 52.1806142208992], [5.129769791339981, 52.18062064973357], [5.129746609477801, 52.18063463833494], [5.12973713592669, 52.18063195725281], [5.12969624924169, 52.180620399501485], [5.129683978663534, 52.1806184852772], [5.129664669354436, 52.18062015087137], [5.129646386093683, 52.180621369304035], [5.129616980648026, 52.18062436105785], [5.129542403152138, 52.18062617569465], [5.129353462943413, 52.18063259409396], [5.129131367243147, 52.18063309758045], [5.129102425333074, 52.180631776013904], [5.1287554943682006, 52.18063250020251], [5.128725918352108, 52.18063463750793], [5.12862034313942, 52.18063665334326], [5.128523113759023, 52.180636620143986], [5.128244252284484, 52.18064337902084], [5.128226606798978, 52.18064302574486], [5.128203025788798, 52.18064256956821], [5.12819016887166, 52.1806409235403], [5.12776909223717, 52.1806647159616], [5.127099141583225, 52.18069263266167], [5.126968698187702, 52.18069674934164], [5.126941487209815, 52.180699475627485], [5.126917928288674, 52.18070274923298], [5.1269086972472335, 52.180706144297574], [5.126888821884713, 52.18070707117986], [5.1268872862786905, 52.180707139698], [5.126229190159938, 52.18073788182755], [5.126179516935924, 52.180741340241404], [5.126178814872963, 52.180741383629105], [5.126097576571405, 52.18074704617437], [5.126074187966509, 52.18074618554106], [5.12604406430941, 52.18074692783462], [5.125805131937965, 52.180751162753445], [5.125741235190813, 52.18075165044279], [5.125708901544242, 52.18075526389446], [5.1256209644418, 52.18076630403409], [5.125562143332702, 52.1807739033338], [5.125497786839882, 52.1807779850441], [5.125445197079705, 52.180777625803294], [5.125380004520428, 52.18077717568001], [5.1253536347908755, 52.18077604764384], [5.1253217660952295, 52.18077516805622], [5.12519237003342, 52.1807751506489], [5.12512744186848, 52.180776983906604], [5.125026688400701, 52.18077945662551], [5.12478126338842, 52.18079374153607], [5.1244365536161505, 52.180809332987906], [5.124246578917607, 52.180817358737904], [5.124155005191458, 52.18082515403287], [5.124142571684602, 52.1808261060186], [5.124110587860274, 52.18082739193828], [5.121412578355274, 52.180952753301504], [5.121358977229425, 52.18095523913712], [5.12130401764062, 52.18095259876956], [5.121229462839833, 52.180950453516104], [5.121176259915784, 52.180947457528625], [5.121122190464251, 52.18094266197861], [5.1210479945839085, 52.180929372386515], [5.120938755815305, 52.18090809435516], [5.1207783827187185, 52.1808802295499], [5.120512823389067, 52.18083810583433], [5.120203469784215, 52.18078455770981], [5.119826102361392, 52.18071108133687], [5.119567892002263, 52.18066286033838], [5.119221815125594, 52.18058945294608], [5.118920396758583, 52.180529807666176], [5.118601473266738, 52.180463650485386], [5.118347047560855, 52.18041867107357], [5.118224359195234, 52.18039753965791], [5.117962900043099, 52.18035523977349], [5.117720739608214, 52.18031316311289], [5.117486151957524, 52.180276136494356], [5.117314377006089, 52.18024860044381], [5.11710087097573, 52.1802071272756], [5.116953360262194, 52.18018072475186], [5.116733994656999, 52.18014121485227], [5.116585130561081, 52.18011624683639], [5.116522531897448, 52.18010533580953], [5.116404230405817, 52.180081974558775], [5.1160197489391726, 52.180007058564314], [5.11546714032205, 52.17988962807419], [5.115401096125172, 52.179875598696846], [5.115353012231371, 52.179865385565854], [5.11529372875956, 52.179852791786736], [5.114944367052259, 52.179811918548886], [5.114696279695666, 52.17978366341998], [5.114511892996639, 52.1797629250044], [5.1143798390525195, 52.17974374529925], [5.114199035269211, 52.17971097084137], [5.114128571951611, 52.17969764956749], [5.1140434830574195, 52.179680357702374], [5.113985189826908, 52.17966851155384], [5.1139134163799875, 52.17965188854785], [5.1137644892094105, 52.179618647921075], [5.1136032711688495, 52.17958699645489], [5.113426546874662, 52.17955674688485], [5.1132886800455815, 52.17953197995874], [5.113222082644872, 52.17952014113166], [5.113145784111783, 52.179507174234836], [5.11300044601096, 52.179482479509325], [5.1128957812115825, 52.179462768537945], [5.112341130298832, 52.17935888142306], [5.111330687966453, 52.17916962082175], [5.111267764186531, 52.17917860553121], [5.111209904289781, 52.17917020140044], [5.111171003780135, 52.17915999005074], [5.109941454711739, 52.17891887500022], [5.109908218128338, 52.17891251438182], [5.109588674197401, 52.17885137355947], [5.10866092127965, 52.178694443272825], [5.108616546735354, 52.17868301378124], [5.10852837466227, 52.17866141442103], [5.108462943826301, 52.17865047444914], [5.108284549856237, 52.178607809866385], [5.108116049555323, 52.178572898025266], [5.107845303385812, 52.17852264434022], [5.107700418470101, 52.1784989328182], [5.107439740015554, 52.17845439139719], [5.107277768883492, 52.178425309022224], [5.107115074077642, 52.1783974201036], [5.106874402489106, 52.178349725183], [5.106214901886929, 52.17821902782954], [5.106061547100039, 52.17819172592221], [5.105895925267966, 52.178162246471985], [5.105874328172059, 52.1781580965145], [5.105716052823239, 52.17813215758757], [5.105558084394257, 52.178106264119734], [5.105408831711032, 52.17808237757628], [5.105349831859965, 52.178071990499106], [5.10532218342542, 52.17806994714843], [5.105212806323397, 52.17804739588353], [5.104966675354161, 52.177996655088215], [5.104886376140541, 52.17797902651132], [5.104864504463291, 52.17797439935117], [5.10484636650079, 52.17797120121042], [5.104718748974317, 52.17794554996504], [5.104543527689888, 52.177910796688465], [5.10444013736197, 52.177891854213534], [5.104323551632122, 52.177878812074674], [5.10408751799, 52.177843013612694], [5.103924000329869, 52.177807208924214], [5.103718711303371, 52.1777648324067], [5.103424094531596, 52.17769941149883], [5.103243863313986, 52.17767111556352], [5.1029816236005, 52.177620655440286], [5.102579759451445, 52.17754332582946], [5.1019092140825695, 52.177417494131184], [5.1012378261556615, 52.177295970784755], [5.101129041755353, 52.17727736286695], [5.100743038404682, 52.17720811861082], [5.100706092637648, 52.17720149473257], [5.100659462175179, 52.177191306089824], [5.099041909898446, 52.176902972828394], [5.098844181234679, 52.17686391382419], [5.098397037145971, 52.176775583925924], [5.0951281346658925, 52.176170545229866], [5.094814212135321, 52.17611432157906], [5.094641654937578, 52.176076863776366], [5.094463504976238, 52.176045144139195], [5.0943322069878, 52.176022905902464], [5.094169044102145, 52.17599538441476], [5.093973973228452, 52.17596248056912], [5.093041366872389, 52.175800705466095], [5.092999695219574, 52.17579279110605], [5.092518355260051, 52.175701351684275], [5.091917106623544, 52.175588219138454], [5.091668727565279, 52.17554350278918], [5.0914335297581745, 52.175499672793], [5.091358420725403, 52.175485679119134], [5.090766136699942, 52.17538177580481], [5.08911000828635, 52.17507495468964], [5.08833972130307, 52.17493337049602], [5.088143800329783, 52.17489775845335], [5.087900161779323, 52.174851410353654], [5.087661771439866, 52.174807322053], [5.087292246795085, 52.17473736545312], [5.08710304027052, 52.17470353936104], [5.086784904929323, 52.17464202563878], [5.086477964495845, 52.174585464970214], [5.086135274075067, 52.17452131638834], [5.0859668864972845, 52.17448969866746], [5.085318025694406, 52.17437034405216], [5.08511319482989, 52.174334317699945], [5.08504714134851, 52.174322113796414], [5.0847950902783685, 52.174275522027656], [5.084153688434549, 52.174156593545725], [5.083567981980956, 52.17404711634419], [5.083424359083942, 52.17402026836305], [5.08298484892162, 52.17394013252246], [5.082452223566314, 52.1738421473119], [5.08185775243294, 52.1737179616456], [5.080995310666285, 52.17353176241107], [5.08071139513109, 52.17347091422782], [5.080230389991338, 52.173367821972604], [5.079708914036029, 52.173257512872816], [5.079502751015087, 52.173210427089266], [5.079382784316883, 52.173185954722996], [5.079351264505504, 52.17317779236144], [5.079298017319344, 52.173161762791935], [5.07926182385809, 52.17315086486611], [5.079203733449811, 52.1731333755596], [5.078936587926335, 52.17306652693648], [5.078844281380097, 52.173043995738475], [5.078750092278336, 52.17302101015156], [5.078664591110339, 52.172988924419435], [5.078650608255528, 52.17298367485964], [5.078406018986007, 52.17294243674277], [5.078210111452281, 52.17289672371129], [5.078083231485847, 52.172868070500805], [5.078008458060918, 52.17285118405185], [5.077844695197219, 52.17281420999889], [5.077527577006629, 52.172742598414835], [5.077525723368862, 52.17274218010644], [5.077316554264836, 52.17269500171321], [5.077267352643565, 52.172683907243616], [5.077253106559397, 52.17268081393618], [5.077075417175835, 52.1726391195216], [5.076829644447001, 52.172581454020516], [5.076692585738492, 52.17255578351469], [5.076573309190114, 52.172533440244514], [5.076522820476903, 52.172522494872105], [5.076314555160832, 52.17246758743134], [5.076263061606589, 52.17245401481739], [5.076017499113677, 52.17240423061231], [5.075921300446192, 52.17238472479034], [5.075914643457788, 52.172383439935], [5.075611913039509, 52.172324785807724], [5.075549326796416, 52.172310895988005], [5.075459578155601, 52.172290966405996], [5.075023838896661, 52.17219447966651], [5.074965556406539, 52.172169339004014], [5.074685819815676, 52.17208402210387], [5.073467224146534, 52.1718520732537], [5.07328122054311, 52.171815006774], [5.073032724761261, 52.17176548716548], [5.072799060659918, 52.17171892762103], [5.072278485224289, 52.17160232337051], [5.0719889939946645, 52.17153748455727], [5.071983010234752, 52.17153612038544], [5.071701553776746, 52.17147212921115], [5.071634900500793, 52.17145696812444], [5.071494291609487, 52.17141539135695], [5.071261402692452, 52.1713465406858], [5.070770687164893, 52.17122762786058], [5.070658276457987, 52.17120478468331], [5.070590894554802, 52.1712017727761], [5.07054869134482, 52.171199888950945], [5.070542276109976, 52.17119960210393], [5.070498158566201, 52.17119763223395], [5.070364384363176, 52.17119841474165], [5.070254364601481, 52.17120121126513], [5.070252086226876, 52.17120092652115], [5.070217122344288, 52.17119650044447], [5.0702053070731266, 52.17119500367995], [5.0702162596587295, 52.171175951645644], [5.070229638956787, 52.171144529701685], [5.07020263657649, 52.17111821234466], [5.0701470965897935, 52.17110885052858], [5.070118640375396, 52.17110405541799], [5.070114318669286, 52.1711033247728], [5.069555088075677, 52.17097100152771], [5.069339330254264, 52.170946135294905], [5.069270757650835, 52.17093181256885], [5.068789046366412, 52.17083685966007], [5.068516124456238, 52.17078057757943], [5.068410126184384, 52.17075872026521], [5.068299011276397, 52.17073488965716], [5.067967010016102, 52.170663688451235], [5.0675206953534895, 52.17056648919489], [5.0671385371381925, 52.17047983432071], [5.067117901254053, 52.17047515855507], [5.06667656798761, 52.17037689104644], [5.066210361329712, 52.17028214943547], [5.065726993684571, 52.170175495129556], [5.065618116948864, 52.170151829867464], [5.0651475867925, 52.17004916285629], [5.064640011585732, 52.169935247664746], [5.064420287682962, 52.1698898690162], [5.064126958570227, 52.16982117148323], [5.0638194743080795, 52.169749315617295], [5.062947004181377, 52.169557905338685], [5.062651208844545, 52.169495282204345], [5.062095185268335, 52.16937396053885], [5.062036150619458, 52.16936126870955], [5.061685271063745, 52.16928581836332], [5.061592363031247, 52.16926584252341], [5.061272918364617, 52.16919754219476], [5.061039241733083, 52.16914819995068], [5.060796607097299, 52.169100603102834], [5.0603293697947125, 52.16899641594168], [5.059968614629665, 52.16891500106751], [5.059604936384509, 52.16883172545262], [5.059214582352661, 52.16874459066083], [5.05905198177105, 52.16870676677665], [5.058706166809334, 52.16862180336038], [5.058537532939209, 52.16858758412713], [5.058094044131827, 52.16848540459376], [5.057552653848833, 52.16837513947806], [5.056922749165815, 52.16823677051723], [5.0567216785321705, 52.168191321821254], [5.056275173353141, 52.16809094255375], [5.055763435788855, 52.16798455424188], [5.055515063803603, 52.1679277716455], [5.055210702012223, 52.16785043735445], [5.054737627826846, 52.16774253547796], [5.054220120686376, 52.16762879001355], [5.053968742794279, 52.16757380225411], [5.053883039188983, 52.16755302275633], [5.053270974307904, 52.16741476550025], [5.052448907289177, 52.16723281234932], [5.051777595531286, 52.16708677545723], [5.051022047534564, 52.16691817770849], [5.05032307288745, 52.16676675980643], [5.0500766350895985, 52.16671308108251], [5.049404946351193, 52.166566759930056], [5.048788934378186, 52.1664321890714], [5.048096093780429, 52.16626800360108], [5.047734818459017, 52.16618583964932], [5.0471275897296515, 52.1660604351098], [5.047006081759948, 52.16603973618518], [5.046860794842098, 52.16602074819426], [5.046795426905433, 52.16600786866947], [5.046680088098282, 52.16598514692814], [5.046660866371138, 52.165981496282015], [5.046615140012535, 52.16597280779315], [5.046603697463709, 52.16597063563658], [5.046421005632929, 52.16592898832191], [5.046265553715797, 52.16598941500383], [5.046250687172825, 52.165997308448546], [5.046236489455243, 52.166005662210374], [5.046222990069481, 52.16601444042288], [5.04621023293203, 52.16602363422516], [5.0461982620966515, 52.16603321678083], [5.046187092454278, 52.166043152181146], [5.046176753305666, 52.16605343152306], [5.046167288773636, 52.16606401898243], [5.046158699133363, 52.166074878608235], [5.046151013685845, 52.16608600149736], [5.046144261938232, 52.16609735178331], [5.046138458781828, 52.166108893557414], [5.046133604423276, 52.16612059985638], [5.046076196085412, 52.16626919401196], [5.045981654205489, 52.16661570395564], [5.045890809952492, 52.16694295427165], [5.045801334699458, 52.16730125293802], [5.0456974482963215, 52.167701258980436], [5.045657946188636, 52.167950552072064], [5.0456293192096275, 52.168163484292435], [5.0455977519887325, 52.1684759767928], [5.045549731285868, 52.168711322790045], [5.04551263336481, 52.16890602079933], [5.04549080963682, 52.16898623822393], [5.045443809138637, 52.16913593170791], [5.045344533191278, 52.16944066915453], [5.04530497635395, 52.16954972253242], [5.045197385447298, 52.16982338230216], [5.045041058934857, 52.17024566066591], [5.044929388846868, 52.17056855344779], [5.044805272441975, 52.17091494950969], [5.044720926753953, 52.17113409225759], [5.044658241265831, 52.17128694858187], [5.044637701845785, 52.17135756140569], [5.044637521604307, 52.171358190040664], [5.0445730054074165, 52.17157996077195], [5.044522236828183, 52.1717532003707], [5.044464154389252, 52.17195746316182], [5.044394989248683, 52.172215208114785], [5.044296699948611, 52.172650344888126], [5.044242299355132, 52.17302387070105], [5.044226999766055, 52.17316193539476], [5.044212888358609, 52.17335461443786], [5.044193942080397, 52.1735087300253], [5.044159500333162, 52.1736456605218], [5.044069160316366, 52.17397406102001], [5.044036312907184, 52.174125988036245], [5.044015466915736, 52.174295089984696], [5.044005097803901, 52.17446101367904], [5.043986373538997, 52.174593711524956], [5.043950039725598, 52.1747445587981], [5.043854605180844, 52.17506008248366], [5.043850368450131, 52.17507301283366], [5.043795351346529, 52.175240828916216], [5.04370444189229, 52.175452518658645], [5.043652875223855, 52.17555940629505], [5.043620643162857, 52.175648167524784], [5.043608058141826, 52.175687740863175], [5.043589301080705, 52.175822577661734], [5.0435703268004, 52.17597991069995], [5.043531194101817, 52.17623567517252], [5.043459857200114, 52.17658019188845], [5.043359092613862, 52.17707987194031], [5.043315251629445, 52.17728422042012], [5.043244131836962, 52.17762668832656], [5.043244010167834, 52.17762729915359], [5.043236600536888, 52.17766297775492], [5.043212959416238, 52.17776354709489], [5.04313993562136, 52.17810056266026], [5.043108894174077, 52.17824499862507], [5.043057803902881, 52.178477170549584], [5.043034290324032, 52.17856488742776], [5.043006864357112, 52.178695420530794], [5.042931855526563, 52.17905812671253], [5.04290609629774, 52.17919616060178], [5.042881003670063, 52.17926674178177], [5.042838792576179, 52.17948287798544], [5.042805031633368, 52.17972366582757], [5.042771943555502, 52.179898079531206], [5.042748395629247, 52.179990074501994], [5.042719708290716, 52.18024587800675], [5.042670697576738, 52.180444863227166], [5.04267024799219, 52.1804898286737], [5.042650460972689, 52.18055292931616], [5.042558553837176, 52.181035503177284], [5.042536728153369, 52.18112965123918], [5.042529320858273, 52.18117244824626], [5.042499316569369, 52.18138648975361], [5.0424753174243095, 52.18152345907027], [5.042448530645449, 52.18158974793155], [5.042436009193911, 52.18163020211507], [5.0424014105128565, 52.181772677040506], [5.042390456958327, 52.1818240292008], [5.04237703351595, 52.181947116017234], [5.042362280570971, 52.182028440900275], [5.042307644297714, 52.182268088974645], [5.042224367772613, 52.18258472505605], [5.042216694400269, 52.18265429637638], [5.04219933196771, 52.182823407954615], [5.042151726268756, 52.183055580516566], [5.04212766274112, 52.183196836793044], [5.0420988441081835, 52.18329309444943], [5.042072256918092, 52.18333904405017], [5.04204930946947, 52.18337001237663], [5.042012307243027, 52.18341271382854], [5.041947313886179, 52.18346923778593], [5.041875345904395, 52.183525732320135], [5.041687679360641, 52.18365891505634], [5.041665550482264, 52.183672871505216], [5.041657792142399, 52.183677765210604], [5.04155096769159, 52.18374516777274], [5.0415491633620935, 52.18375157988981], [5.041045754750799, 52.18376480934944], [5.040645133913436, 52.18377304450665], [5.04009471612092, 52.183786104954805], [5.0399466446438845, 52.18379093649027], [5.039857801269079, 52.18379276934947], [5.0394326679606065, 52.183814823654565], [5.039202679369404, 52.18382579439015], [5.0389239586499075, 52.183834454840465], [5.038450117561516, 52.1838509871218], [5.038232297925136, 52.18386520959942], [5.037988332449775, 52.18388147550333], [5.037876820891049, 52.183887509102036], [5.037626075446888, 52.18388448402074], [5.037535588255277, 52.1838777357555], [5.037424076645659, 52.18388376892642], [5.037345687550575, 52.18388563086549], [5.03723765587712, 52.18389167417195], [5.036962389165659, 52.18390354892915], [5.03679692770909, 52.18390510723848], [5.036699423930172, 52.18390369432958], [5.03645566147514, 52.183899617924475], [5.03627486432162, 52.18389151282972], [5.036198231742328, 52.183894988071664], [5.036080950020353, 52.1839021353023], [5.0359470659664245, 52.18391006890516], [5.03535293419524, 52.18394975230762], [5.035159543397583, 52.18396068041761], [5.034545424844861, 52.183996273556346], [5.033818676970201, 52.184029243508], [5.0336591238764195, 52.18403797850479], [5.033530280367056, 52.18404447739965], [5.033471019826241, 52.18404962074053], [5.033441586252144, 52.18404951457793], [5.033429216266682, 52.18404946852571], [5.0334257362744, 52.18404945809841], [5.033286255099407, 52.184066090231504], [5.033206076878779, 52.18407223131442], [5.033185875082047, 52.184073312213314], [5.032829718256986, 52.18409229590237], [5.03260943853952, 52.18410842404642], [5.032592701015401, 52.18410965006742], [5.032503227235234, 52.18411340790924], [5.032549018396737, 52.18431457910658], [5.032619296098332, 52.18433257735297], [5.0326753079399245, 52.1843498945767], [5.032769756536302, 52.18437891264085], [5.032803816226124, 52.1843930810332], [5.032831280889166, 52.18440545899397], [5.032860929661824, 52.184417160418484], [5.032969689982075, 52.18447611521659], [5.033077382410506, 52.184560952025095], [5.033124656358801, 52.1846106983366], [5.03316388281099, 52.18466111257046], [5.033198723599401, 52.184716933378866], [5.033239811406318, 52.18479999742357], [5.033246791720742, 52.18481958513016], [5.0332530540075515, 52.18485042360461], [5.033262996962295, 52.184898377192404], [5.033328448341793, 52.18513046263628], [5.033394279355343, 52.18537560866952], [5.03345089842414, 52.18558023631843], [5.03350274719229, 52.18576505816608], [5.033533641019378, 52.18587806637957], [5.033566296177214, 52.1859478388106], [5.033585760249791, 52.185991965044806], [5.033605553363219, 52.186016723219964], [5.033634511085382, 52.186049355319355], [5.033681045044494, 52.186098649776895], [5.033695295849834, 52.18611238109841], [5.0336984594788445, 52.18611542849867], [5.033764727818623, 52.18616371243843], [5.033815242960466, 52.18619964468376], [5.033848915254279, 52.18622232319894], [5.033874541656366, 52.18623803892742], [5.0339082146319, 52.186255099956526], [5.033984692605305, 52.186288305569704], [5.034026773596629, 52.186303549186874], [5.0340919001363895, 52.18632620486981], [5.0341796982419655, 52.18634995293087], [5.034270057641783, 52.186375272486195], [5.034358230794382, 52.18639969563136], [5.034426650124198, 52.18642390689651], [5.034507867396167, 52.18644406683256], [5.034582864465895, 52.186472324257736], [5.034619460708293, 52.18648960952334], [5.034693037399795, 52.18653293543322], [5.034750872835712, 52.18656975197151], [5.034804687345239, 52.18660838103468], [5.034848255297396, 52.18664093959136], [5.034906854504083, 52.18669958107963], [5.034942772689309, 52.186747216535515], [5.034977237777944, 52.18680295477805], [5.035007805401214, 52.18694302432621], [5.035026349854601, 52.18710941966433], [5.035028631429695, 52.18713159974629], [5.035046398132642, 52.187303915815654], [5.035062004621198, 52.1874590674357], [5.035085734502758, 52.18766886305187], [5.035100240109095, 52.18782086559067], [5.035112528388442, 52.18796478134434], [5.035123675262616, 52.188073604732196], [5.035137010710295, 52.18818491531671], [5.035150000089114, 52.18830858329654], [5.035156881971142, 52.18836490433213], [5.035158516582211, 52.18837828327484], [5.035176507200242, 52.18842414849154], [5.03518800881639, 52.188447290799516], [5.035202187744679, 52.1884758428453], [5.035223096701042, 52.18850955605833], [5.0352245579074095, 52.188511555738835], [5.035259004267502, 52.18855876425859], [5.035282471564487, 52.18859629597638], [5.035299338777164, 52.18862146756488], [5.035356853733351, 52.18868819472557], [5.035386903229124, 52.18872369678246], [5.035430481149847, 52.188764577977395], [5.035496040435037, 52.18882748219083], [5.035553548377661, 52.188885895378625], [5.035599702216612, 52.188933965551584], [5.035662429902782, 52.18905376393938], [5.035698797095205, 52.189154249612315], [5.03570801072145, 52.18920056497287], [5.035706282116406, 52.189269605244164], [5.035704545456907, 52.18932111000424], [5.035686388350193, 52.18940387989195], [5.0356747272471525, 52.18943245381437], [5.0356364503988384, 52.189512997697996], [5.0355846748558095, 52.18960660579984], [5.035552241573194, 52.1896786015414], [5.035507410427641, 52.18977241903522], [5.035478237706936, 52.18982776980011], [5.035456865323497, 52.18987126172797], [5.035448705907952, 52.189887847148], [5.035430854437065, 52.189929920475834], [5.035422471171221, 52.18995263500689], [5.035403230543797, 52.19004103705821], [5.035374905321442, 52.190163179753256], [5.03534687830603, 52.190291992384125], [5.035342948137708, 52.19031005543338], [5.035319722180508, 52.19042161651628], [5.035309182099576, 52.190469302113016], [5.035306678809308, 52.190504841980335], [5.035304908556026, 52.19054015034537], [5.035305314320318, 52.19056286409453], [5.03531232492928, 52.190601083757976], [5.035335763534148, 52.19069985922762], [5.035380288570911, 52.19077478958402], [5.035404255726716, 52.190808439957145], [5.0354498326124055, 52.19086314155362], [5.035476814552933, 52.19089096771534], [5.035513230190959, 52.19092424169928], [5.035584478152011, 52.19097460661612], [5.035614891123469, 52.19099575593082], [5.035673840772496, 52.19103676367448], [5.0357772836374295, 52.191110485115026], [5.035882194570093, 52.19118353673525], [5.035949789229367, 52.19123364788357], [5.036008013644577, 52.191275830720706], [5.036067763668585, 52.19133601193043], [5.036086934582491, 52.19135482677685], [5.036171788960399, 52.19143810070306], [5.036213526885341, 52.19147906599193], [5.036220439902491, 52.19148891935114], [5.036271338943253, 52.19163692231153], [5.036301067216818, 52.191722890462245], [5.036306984456569, 52.19181842292512], [5.036308411831421, 52.19184147225439], [5.0363230870483475, 52.192004215616734], [5.036338339088582, 52.19223307599597], [5.036349253218592, 52.19237013860322], [5.036382601554351, 52.19274152959037], [5.036388408096318, 52.19281212915108], [5.036398953976909, 52.19294026561887], [5.036417240006875, 52.193164658967135], [5.0364274029262965, 52.19327270623745], [5.0364352047309255, 52.19332765472213], [5.0364430244915726, 52.193367305783156], [5.036454161649115, 52.19340542077109], [5.036466459005884, 52.1934410675199], [5.036495882835681, 52.193510155333584], [5.03651609155351, 52.193551505950985], [5.036549587377146, 52.19360308834576], [5.036601936126161, 52.19367689096839], [5.036646304663575, 52.193733305175165], [5.036691277587172, 52.19377982543606], [5.036742360980038, 52.19383045332704], [5.036777807991654, 52.193862717372625], [5.036867098134966, 52.193922015100505], [5.036978693305038, 52.19399794368781], [5.037097864896349, 52.19406268666964], [5.037225054955022, 52.19412886440101], [5.037339148490354, 52.19419221693147], [5.0374935966590515, 52.194281358419715], [5.037531908139612, 52.19430654822116], [5.037578586168993, 52.19433724542417], [5.0376551199544215, 52.19439530039439], [5.0377183374685215, 52.194446808637146], [5.037719340200179, 52.19444762950721], [5.037791965222884, 52.194515541575555], [5.037856888054435, 52.1945995821384], [5.037888836321475, 52.19463990666141], [5.037944239644768, 52.19473870417273], [5.037986596446936, 52.19483198043254], [5.038055739146939, 52.194982400293306], [5.0381065617389185, 52.1951040854427], [5.038134078369397, 52.19516317259551], [5.038150531062913, 52.19521379635315], [5.0381730533164495, 52.19539525747661], [5.0381712130800915, 52.19544537776372], [5.038154819667578, 52.195540394720986], [5.038144253832776, 52.195587864737625], [5.038124591788726, 52.19567629285709], [5.038113004122688, 52.195710421751095], [5.038087965277318, 52.195783176982445], [5.0380667816978555, 52.19583053470895], [5.037938009969097, 52.19613920412003], [5.037839685737372, 52.196380985359525], [5.037765214662495, 52.19656506264355], [5.037618760186782, 52.19657833579191], [5.037352586740038, 52.19660315417628], [5.037122660872885, 52.196625607738895], [5.03712070562488, 52.196641780227054], [5.037119849529916, 52.196659537850245], [5.037180397565051, 52.19678873015669], [5.037250516585898, 52.19696201863771], [5.037333918163668, 52.197172439630194], [5.037400685870679, 52.197353573533825], [5.0374233046109245, 52.19741432706369], [5.037339906025809, 52.19761727923599], [5.037201069619372, 52.19794906187848], [5.0371400294641395, 52.197940108732176], [5.03712470889961, 52.19805270908922], [5.036595972557474, 52.198074239517396], [5.03610454996493, 52.198091878888214], [5.035492910387452, 52.198111261420756], [5.034780174178276, 52.198135659988665], [5.034731773097965, 52.19813394264968], [5.034683435216617, 52.19813163227581], [5.034635189789085, 52.198128728954444], [5.034587036746203, 52.19812524167353], [5.034539005413797, 52.198121161532676], [5.034491124975472, 52.19811649760718], [5.0344180145445465, 52.19810983487715], [5.034404617041088, 52.19810790738761], [5.034391024061839, 52.19810665340762], [5.034377293969699, 52.1981060910874], [5.034363543775426, 52.19810622077648], [5.034349846610565, 52.198107042693415], [5.034336319557062, 52.19810854820007], [5.034323035817512, 52.19811072852728], [5.034310083221132, 52.198113574949765], [5.034297549739355, 52.19811706076659], [5.034285523272615, 52.19812116826478], [5.034152820091145, 52.19815925795166], [5.0340864429354175, 52.1981815203434], [5.0339955902854605, 52.19821546571546], [5.033948441499885, 52.19822922003631], [5.033709289937466, 52.1982905031969], [5.033644627477411, 52.19831597916584], [5.033611459938352, 52.19832442738815], [5.033574836725033, 52.19832965656077], [5.033278323296952, 52.19837362707732], [5.032887672246948, 52.19842476544782], [5.032589382930773, 52.19847300716454], [5.032212590161347, 52.198535968098646], [5.032202153047237, 52.19853698831286], [5.032191618126274, 52.198537433004255], [5.032181043905093, 52.1985373023488], [5.032170547396709, 52.198536596698155], [5.032160187036134, 52.19853532521603], [5.032150050583271, 52.198533488166234], [5.032140225654641, 52.198531103788206], [5.032130770542171, 52.19852819922103], [5.032028469727776, 52.19846578496132], [5.031908527440592, 52.198431126208995], [5.03189453586497, 52.19843032912713], [5.031880465570908, 52.19843023286573], [5.031866448124955, 52.198430846808584], [5.03185255673072, 52.19843216218797], [5.031838879218389, 52.19843417028032], [5.031825518116405, 52.19843685341842], [5.031812561254907, 52.19844020287871], [5.031800081981139, 52.1984441919182], [5.0317881829669915, 52.198448784894474], [5.031776937416379, 52.198453973039925], [5.031766418891782, 52.198459702648606], [5.031756686185744, 52.19846593794592], [5.031747383235138, 52.19847147347696], [5.0317388227971, 52.19847744266318], [5.031731078219294, 52.19848381876158], [5.031724179184929, 52.19849054793421], [5.031718169788757, 52.198497603350035], [5.031713108967278, 52.19850493125894], [5.0317090117773144, 52.1985124777789], [5.031705907830696, 52.1985201980594], [5.03170382666765, 52.19852805623771], [5.031702768790284, 52.19853598939983], [5.031702749255663, 52.19854394366356], [5.031703753795959, 52.1985518740462], [5.031705797396646, 52.19855973565321], [5.031708851306627, 52.19856746548241], [5.031718839991864, 52.19862636652426], [5.031718068465425, 52.198631406433336], [5.0317163031182215, 52.19863634448352], [5.0317135737047165, 52.19864111784884], [5.031709939304275, 52.198645654803556], [5.0317054296714705, 52.198649892521665], [5.0317001185123456, 52.19865375932142], [5.031694094016469, 52.198657201540534], [5.03168742967516, 52.19866017446058], [5.031680228304703, 52.19866262446334], [5.031565137862704, 52.1986761553013], [5.031436142390531, 52.198685356893456], [5.031190349889256, 52.19870379642954], [5.0311702108135945, 52.19870534455639], [5.031150242017028, 52.19870754931244], [5.031130501861663, 52.19871042884958], [5.031111034441873, 52.198713956337144], [5.031091912961765, 52.198718123008106], [5.031073181300476, 52.1987229289949], [5.031054898179252, 52.19872834751098], [5.03103713680233, 52.19873436978942], [5.0310199120113435, 52.19874096891138], [5.031003311637371, 52.198748136154144], [5.030987365148817, 52.19875584464304], [5.03097211656894, 52.19876407653521], [5.030896754438127, 52.1988194755129], [5.030768615281318, 52.19894106409802], [5.030726316037346, 52.199002998112924], [5.0306699575963565, 52.199079872555124], [5.030640147734675, 52.199105461084066], [5.030457953741911, 52.19923328552015], [5.030246199368689, 52.199353524391746], [5.030067752635274, 52.199446045957096], [5.029849291230639, 52.19953414095669], [5.029827162844079, 52.19953928699711], [5.029804659484119, 52.19954376679141], [5.029781825104315, 52.19954757148458], [5.029758718285268, 52.199550692265774], [5.029735397607691, 52.19955312032413], [5.029711906953257, 52.199554855792385], [5.029688304902767, 52.199555889859894], [5.029664664663813, 52.19955621376026], [5.0296410153471856, 52.19955584555746], [5.029617415605796, 52.19955476745323], [5.029587787631487, 52.199555738314864], [5.0295738310408735, 52.19955783517956], [5.029549381900416, 52.199564178523254], [5.029418288230632, 52.199619389784566], [5.029394404119293, 52.199630049016534], [5.029371202918024, 52.19964127655269], [5.029348743350628, 52.199653045607654], [5.029327040188053, 52.19966533825073], [5.029306137383039, 52.19967814562759], [5.029286049706867, 52.19969144980751], [5.0292668359559825, 52.199705215017424], [5.02924849620269, 52.19971943227007], [5.029211725283306, 52.19974285122231], [5.029164504632129, 52.19976516891861], [5.028941009732432, 52.19982756845108], [5.0287821903606025, 52.19986342476305], [5.028441904929658, 52.19993184128345], [5.028409887882926, 52.1999370109455], [5.028377598195328, 52.19994152365128], [5.028345094376208, 52.19994537957838], [5.028312391198795, 52.19994856079557], [5.028279532473135, 52.19995107642388], [5.028246562154145, 52.19995291760877], [5.02821350949742, 52.199954084439106], [5.028180403758463, 52.19995457700371], [5.02814730344689, 52.19995439548053], [5.027942301170774, 52.199957960401726], [5.027945106556767, 52.200029144387905], [5.027950408552165, 52.20008638669401], [5.027901634467155, 52.200118019648016], [5.0278128980958305, 52.20016780344653], [5.027724723884625, 52.20020226446192], [5.027602571144325, 52.20024019915132], [5.027486172546321, 52.20028286091878], [5.0273555806704815, 52.20034237664111], [5.027246602269904, 52.20040621837863], [5.02715298372126, 52.200477153384995], [5.027061316171119, 52.200558232655816], [5.026983254622727, 52.200631740576625], [5.026903995922203, 52.200704930215394], [5.026775444592333, 52.200823007908284], [5.026652420242814, 52.200932240231616], [5.026400963350167, 52.20116805265568], [5.0263401405199035, 52.20121872054679], [5.026288260644897, 52.2012560596682], [5.026217184798248, 52.2013011416191], [5.0261491113758465, 52.201340327634256], [5.02606126206141, 52.20137396151108], [5.025968181165185, 52.20140152145389], [5.02587153616584, 52.20142482811456], [5.025764394137344, 52.20144560392552], [5.02563231164394, 52.201460946476715], [5.025456759095455, 52.20146856992109], [5.025223721129902, 52.201472313894826], [5.0236284059454475, 52.20151869855745], [5.023547896107471, 52.20152023028701], [5.023470495366893, 52.20152436905025], [5.023406058271975, 52.2015316844861], [5.0233355096092875, 52.20154581188679], [5.0232787014802405, 52.20156112305536], [5.023213778034084, 52.20158141546422], [5.023173081659129, 52.20159593137263], [5.0230976773191145, 52.20158307087452], [5.022769094872558, 52.20153418764521], [5.021939289200881, 52.20173340321246], [5.0216639654399, 52.20179893623775], [5.021658557161908, 52.20180022274845], [5.021505660762134, 52.20183466752472], [5.021469345432479, 52.20184285093118], [5.021292959948611, 52.20188574324996], [5.021384346759377, 52.20203661020718], [5.021424999922861, 52.2020256989421], [5.021431690113374, 52.20203576817284], [5.021724996962334, 52.20196803536959], [5.021763761504726, 52.2019590865009], [5.021770781642596, 52.2019574634314], [5.021942636033836, 52.201915895587994], [5.022184257595045, 52.20185745708745], [5.022464690190714, 52.201789637717376], [5.022791037631244, 52.201713052325225], [5.022984776105325, 52.201742797842165], [5.022987683475127, 52.20174323822927], [5.023006281514148, 52.20174609981891], [5.022987100931385, 52.20175724862131], [5.022851555670453, 52.20182377265528], [5.02262222888875, 52.202004890828164], [5.022555076085423, 52.202066924943615], [5.022505389510507, 52.202112807714485], [5.022516168891364, 52.20211835959222], [5.02251662043961, 52.20211859467281], [5.02247818268299, 52.20214660820417], [5.022468926471042, 52.20215334753192], [5.022482314665411, 52.20216007590086], [5.022445364838133, 52.202188588352804], [5.022452011188766, 52.20222550434588], [5.022452165476668, 52.202226313736396], [5.022425425148467, 52.202238841216534], [5.022418259147798, 52.20224219854548], [5.022418070604596, 52.20224200022857], [5.022412255314294, 52.20223581654417], [5.022361172387657, 52.20226102269445], [5.022249369343601, 52.202303927187955], [5.022195632184062, 52.20232455020657], [5.022051369197413, 52.20237991931644], [5.022031667328017, 52.20238321089819], [5.021637541343148, 52.20244906853308], [5.021631682028128, 52.202450048056775], [5.021624811991782, 52.20245119522217], [5.021634195471078, 52.202466422863125], [5.021606875188286, 52.202471137849045], [5.021607101863895, 52.20247203734406], [5.021607385650625, 52.2024731077866], [5.0215867424788145, 52.202475227948945], [5.021589605912685, 52.20248638185064], [5.021591221822354, 52.20249268739422], [5.021603895174345, 52.20254198948837], [5.021637451061824, 52.202538579079246], [5.021685444426753, 52.20253524030871], [5.021763071071468, 52.20253054615964], [5.021805846838115, 52.20252663394341], [5.021818073772794, 52.202525125847735], [5.021829418615739, 52.20252415429787], [5.021842546539419, 52.20252158841101], [5.0218661840690535, 52.202516439545455], [5.021918798135868, 52.202500819481635], [5.021983747193792, 52.20247942234764], [5.022028497632166, 52.20246480254125], [5.022021792415517, 52.202452971664215], [5.02209196768578, 52.2024310783185], [5.022130543885053, 52.202420160389764], [5.022163879183159, 52.202409729573695], [5.022193733117661, 52.20239927900055], [5.022237624706361, 52.20238412617255], [5.022349274788297, 52.20233848888612], [5.022476852089821, 52.20229674751825], [5.0224878673350535, 52.20229314142293], [5.022588295087682, 52.20226027705823], [5.0226782130822745, 52.20224074522606], [5.0228007498967475, 52.20216953449405], [5.022936562211327, 52.20209194719802], [5.023025933654335, 52.202038978304245], [5.0230282811553835, 52.20204707468295], [5.023048147038489, 52.20213292576152], [5.0230483812982865, 52.202152601069244], [5.023050975326352, 52.20219857335698], [5.023052204156864, 52.20220752013925], [5.023063434251189, 52.2023065568458], [5.023065753018798, 52.20231996500299], [5.023076148207458, 52.202361826892634], [5.023104375675265, 52.20246274054758], [5.023107853689098, 52.20247212568364], [5.023110336056383, 52.20248162459325], [5.0231117937410845, 52.202491210223116], [5.023112241810757, 52.20250082869218], [5.023111848841623, 52.20251849775587], [5.0231043724889455, 52.202550903166944], [5.023111767497537, 52.20263952001359], [5.023114287161633, 52.20272147974665], [5.023112130178247, 52.20274020394743], [5.023109925440957, 52.20274328001117], [5.023106874484945, 52.20274608382812], [5.023103095140954, 52.202748516894204], [5.023098690391706, 52.20275050762335], [5.023093777627779, 52.202752011437795], [5.023088532898386, 52.20275296596472], [5.023083088075301, 52.20275334464688], [5.023061392819148, 52.20274994323316], [5.022858128555054, 52.20272357489627], [5.022667265313036, 52.20268875089079], [5.0225602105684075, 52.20267683495803], [5.022557769838577, 52.202676566772105], [5.022549996830298, 52.20267543725651], [5.0225420431416214, 52.20267493633775], [5.022534054757433, 52.202675100418304], [5.0225261781770145, 52.20267590298675], [5.022518530496827, 52.20267733541676], [5.02251127269714, 52.202679389217586], [5.022504507687779, 52.20268200179153], [5.022498973187024, 52.202684402454594], [5.022494107526215, 52.20268729951908], [5.022490013688961, 52.202690621399746], [5.022486809360279, 52.20269428756863], [5.022484449994871, 52.20269837877967], [5.022483186326279, 52.2027026441451], [5.022483048419349, 52.20270698489054], [5.022465026896658, 52.20277308041708], [5.022453625672898, 52.20281491099401], [5.022451553325243, 52.2029466317267], [5.022454407555364, 52.202975033419015], [5.022489302725333, 52.20328539559944], [5.0225165837165475, 52.20342860366166], [5.022536335645296, 52.20352655220947], [5.022541692344657, 52.203553056182], [5.022576862860925, 52.203733291893464], [5.0225821714608605, 52.203760317014535], [5.022582382137814, 52.20376138722868], [5.022599319979683, 52.20384750794304], [5.022600275086594, 52.20385235538612], [5.022610513701643, 52.20390440913527], [5.022621035919692, 52.203941462902755], [5.022633205583972, 52.20393984669034], [5.022762098056347, 52.20392207089871], [5.022970430900592, 52.203892729847965], [5.023086789600622, 52.20387634412818], [5.023179962698657, 52.20386342807714], [5.023432856489144, 52.20382839038358], [5.023413097371043, 52.20367190358279], [5.0233973611615514, 52.203504670613256], [5.023373116287847, 52.20334220199192], [5.023342093732527, 52.203264576525655], [5.023315078621092, 52.20305084117693], [5.023623825917966, 52.20304543759741], [5.023810354468567, 52.2030326556157], [5.024095533467857, 52.203018486952814], [5.024386811953832, 52.203004363303265], [5.024566113231801, 52.20299523398918], [5.02458977704815, 52.20299403934913], [5.02467729090462, 52.202989598338], [5.0246885447475025, 52.20298903069085], [5.0246742867963325, 52.202862517747], [5.0249962616256125, 52.20284389398546], [5.025036839292686, 52.20327085525579], [5.025400217066618, 52.20325744451278], [5.0254306826327255, 52.203256324468335], [5.025508734529897, 52.20357437673388], [5.025560458198837, 52.20377672758966], [5.025562016396943, 52.20378481250945], [5.025599913625547, 52.203982096748945], [5.025934437437144, 52.20392861769677], [5.0259476311684645, 52.20395586451513], [5.026290829018674, 52.20389517570314], [5.026851841381404, 52.203800753873935], [5.027212985842308, 52.203740099164904], [5.0275575287078516, 52.203680902771055], [5.027887178752023, 52.203625336127146], [5.028271962149185, 52.203558979848665], [5.029021373875268, 52.203430921072275], [5.029406153840987, 52.20336457007922], [5.029715704594253, 52.203312038278234], [5.030020013722277, 52.20325999313829], [5.030709083623189, 52.20314159192248], [5.031179483495019, 52.203063638491614], [5.03132911407659, 52.20303840196164], [5.031714622657106, 52.202973375862726], [5.032257654703721, 52.20287997078184], [5.032311237660505, 52.202870865253566], [5.032854888358462, 52.20277844795997], [5.033514203219078, 52.20266566642256], [5.03405629969015, 52.20257491969108], [5.034690288379817, 52.20246566900822], [5.035268548505968, 52.20236839156211], [5.035332939473346, 52.202357555236595], [5.035384705695547, 52.20234864962458], [5.035890824147124, 52.20226158020347], [5.036649899088371, 52.20213798678062], [5.036698589645535, 52.20236581346247], [5.036709838905425, 52.20238997943093], [5.03672954298064, 52.20240301647132], [5.036740085137256, 52.20240548348307], [5.0367855762214315, 52.20262357568607], [5.036841034703107, 52.20288942331862], [5.03688277708258, 52.203089510515525], [5.0368870346665116, 52.203109898771615], [5.03690583519928, 52.20318212757754], [5.036910224987471, 52.20319686281949], [5.036985251676042, 52.203448603421066], [5.036985980571972, 52.20345265014871], [5.036999492117937, 52.20350359782083], [5.0371377644625985, 52.20402483998949], [5.037168297834668, 52.204139948948786], [5.037250533232558, 52.20415394416696], [5.037421020948798, 52.20496451273438], [5.037331750967235, 52.20497616630835], [5.036152067362207, 52.20513021513055], [5.036149812130517, 52.20513051401672], [5.035601570079385, 52.20519763182049], [5.035315192062122, 52.20523268569192], [5.035322171169013, 52.20526406534787], [5.03535414181821, 52.205407886465885], [5.035487451877359, 52.20594449397026], [5.035587643281778, 52.206338355384126], [5.035701953625358, 52.20675824277848], [5.03574240834407, 52.20690064194172], [5.0357600227803445, 52.20700452280644], [5.035821596737377, 52.207034527923035], [5.0358602805994055, 52.2070694262506], [5.035879614991296, 52.20719828963825], [5.035838417747683, 52.207203838466995], [5.035889301803536, 52.20740225434083], [5.03592775290859, 52.20755214338664], [5.0360205833527845, 52.20788407363157], [5.0360840616862195, 52.20813311982976], [5.036106442497523, 52.208228260554456], [5.03616347213681, 52.20846030035992], [5.036190332330174, 52.20857745679648], [5.036214542810979, 52.20865953449828], [5.03622975081754, 52.2087125095324], [5.036250605063576, 52.208784205195585], [5.036267540305932, 52.208840798498066], [5.036289066291521, 52.20891452741751], [5.036294346352312, 52.208942594391786], [5.036306380527693, 52.20900662410888], [5.036313481919546, 52.209037500722474], [5.0363335539594924, 52.20912310733687], [5.036362615887325, 52.209237600848], [5.0363723062430195, 52.20927972004159], [5.0363974363483734, 52.20937888645357], [5.036418587655964, 52.20946496362469], [5.036444712024817, 52.20956795283977], [5.036187948705772, 52.2095899205139], [5.036067981407665, 52.20960066401269], [5.0358974220226305, 52.209615067803895], [5.035885387420239, 52.20961611954729], [5.035579295219241, 52.20964290049713], [5.035233362867013, 52.20967348067398], [5.034982133193232, 52.209694878002594], [5.034713004870561, 52.20971878294009], [5.034402546757577, 52.20974614101479], [5.034084045217804, 52.20977486735447], [5.0337860149821045, 52.20980130824374], [5.033514831794356, 52.209825878397474], [5.033452621538378, 52.20983151626795], [5.033400586871717, 52.20983623186675], [5.033409584010495, 52.20986028351645], [5.033459885150968, 52.209994740603605], [5.033472023506281, 52.2100857256773], [5.033487657171412, 52.210141866078054], [5.033529074801615, 52.21023615649373], [5.0335712506356955, 52.21033448473692], [5.033638557907593, 52.21033008441666], [5.033665697529194, 52.210422381662944], [5.033687277650851, 52.21049806158302], [5.033721516017368, 52.210619554830885], [5.033686784677285, 52.21062478970954], [5.033700074298514, 52.21072565591225], [5.03373759174903, 52.210845109719145], [5.033752068886195, 52.210886650241996], [5.033798394597258, 52.211015316030974], [5.0338532963727, 52.21116956908102], [5.033855455834436, 52.211177700615295], [5.033904710064299, 52.21136337646369], [5.0339564924526, 52.21156056437441], [5.033962892385643, 52.211585641816015], [5.0340266088205965, 52.21183523794385], [5.034055673478313, 52.21194886015673], [5.034056053276046, 52.21195078470552], [5.034061370732815, 52.21197769243771], [5.0340924189282665, 52.21213461534231], [5.034119083720009, 52.2121338052478], [5.034202897927847, 52.21213124253733], [5.034234941296246, 52.21233070816038], [5.034229113595145, 52.212410710125624], [5.0342209290133875, 52.21253520419718], [5.034272160480807, 52.21269329286177], [5.034339379337719, 52.21290010778498], [5.034349003217349, 52.21306507368616], [5.034353826644375, 52.21311746065018], [5.034038579970402, 52.213118298148], [5.033902908486856, 52.21311909681739], [5.033729681766694, 52.213123036579134], [5.033743334455527, 52.21327785824453], [5.033755225365875, 52.21344266918864], [5.033775947224856, 52.21364339527411], [5.033787956201581, 52.213713995285865], [5.033873431112488, 52.21371088950988], [5.033973173156027, 52.213709498087695], [5.034231211072605, 52.21370155115476], [5.034394979150443, 52.21370239992214], [5.034430458121919, 52.21370652347995], [5.034556538778312, 52.21370497653586], [5.034759487263213, 52.21370445875529], [5.035256477402994, 52.213691083555524], [5.035642809274132, 52.21368845906698], [5.036040275398034, 52.21367290585038], [5.036140666125202, 52.213663443383616], [5.0362035259233435, 52.21366142814757], [5.036270407831809, 52.213659622561366], [5.036328525019927, 52.21365784483038], [5.036406386441501, 52.21365532578373], [5.036461209613631, 52.213653780878644], [5.036515288270905, 52.21365201802788], [5.036582197648553, 52.21365043704441], [5.036649447081219, 52.21364840763679], [5.0366772262148585, 52.21364741152393], [5.036689649023146, 52.21364736749605], [5.03669916934551, 52.21364800692344], [5.036707585164706, 52.21364955085162], [5.036718203420238, 52.213651982129136], [5.036728113992025, 52.21365509438704], [5.036742066341113, 52.21366335971952], [5.0367483398181525, 52.213669400230934], [5.036753902149404, 52.2136765621208], [5.036756382455641, 52.213683049761556], [5.036758047003499, 52.21369093709577], [5.036777607500565, 52.21379173160537], [5.036805184782945, 52.213935539056095], [5.036823173284042, 52.214022280789706], [5.036821775876533, 52.21402880186606], [5.0368047094767965, 52.21407044614828], [5.036794292089235, 52.21410014724615], [5.036791568142899, 52.21410789573041], [5.036782532617982, 52.214136774038806], [5.036779638165876, 52.2141401538936], [5.036775271141088, 52.21414286427463], [5.036766517998416, 52.214145130223905], [5.036759599117203, 52.21414672752115], [5.036750461376198, 52.21414766211782], [5.036709603105097, 52.214152097761904], [5.036662885076922, 52.214157414793654], [5.036666076619097, 52.21419626101508], [5.0366760795515475, 52.21419694681571], [5.0366847370027115, 52.21419754773184], [5.036709239328864, 52.21419835744478], [5.036746530410987, 52.21419912420422], [5.036793862878746, 52.21419940842857], [5.036799174473972, 52.21419938823327], [5.03683098898058, 52.21419882648572], [5.036846694886706, 52.214198100110124], [5.036859858335708, 52.2141969257843], [5.036870812183247, 52.21419577186764], [5.036881039813371, 52.21419393271523], [5.036887236374913, 52.21419301634977], [5.036914261553025, 52.21418932157223], [5.036931066669292, 52.21418836475935], [5.036944581274292, 52.214187191465456], [5.036980763294476, 52.21418571687334], [5.037011835032057, 52.21418471246738], [5.037065932985297, 52.2141842976067], [5.037116029209271, 52.2141847966159], [5.037165757877032, 52.214185519212414], [5.037209666888262, 52.214187608682714], [5.037231231561532, 52.21418798715166], [5.037242932273547, 52.21418861501892], [5.037251351742217, 52.214189709523396], [5.037259414757704, 52.21419147706436], [5.037266009168923, 52.21419393232296], [5.037273353986642, 52.2141977200146], [5.037281103650248, 52.21420398956751], [5.037286621719051, 52.21420935371862], [5.037290336418392, 52.21421517989873], [5.037291115222757, 52.21422035025259], [5.037290811799353, 52.214227314982196], [5.037288366575839, 52.21424057389052], [5.037283888615965, 52.21427046339427], [5.03727972334472, 52.21429407127657], [5.037279026036057, 52.214299021547966], [5.037277242520174, 52.214304409009124], [5.037274721463783, 52.21430868877279], [5.037270014842277, 52.214313654130805], [5.037263119196873, 52.21431974548012], [5.037256587131651, 52.21432425603442], [5.037246016417541, 52.21432879057517], [5.0372288811223935, 52.21433265853672], [5.037219743352948, 52.214333593169634], [5.037209145865405, 52.214334083069474], [5.037191590435552, 52.21433368951258], [5.037175884416492, 52.21433442492174], [5.037167474774987, 52.21433580211567], [5.037153265893269, 52.21433966974999], [5.037142325841375, 52.214344652582405], [5.037132876532871, 52.21434985554144], [5.037119413195005, 52.21435753625397], [5.037086687186795, 52.21437539709976], [5.037068845630299, 52.21438534775815], [5.037059036315997, 52.21439167313263], [5.037046649459802, 52.214396426969884], [5.037020740801261, 52.214403261867446], [5.037006880774484, 52.21440555763457], [5.036993366612509, 52.214408528518526], [5.036959405559211, 52.2144122387011], [5.036927988230831, 52.21441437454514], [5.036879754596798, 52.21441701776032], [5.036836989564876, 52.21441828405036], [5.036672893720681, 52.21442156315278], [5.036657498534977, 52.214421841032156], [5.036575611342573, 52.214422577679535], [5.036460076409796, 52.214422531285564], [5.036399374851414, 52.214421623011646], [5.036335392096064, 52.214421172331704], [5.036182179699109, 52.21441923414059], [5.0361115339172775, 52.21441761308707], [5.035954576149394, 52.214411906523125], [5.035791560643402, 52.21441734471099], [5.035653363033762, 52.21441883894163], [5.035551149704443, 52.214417986440246], [5.035533147101408, 52.21441492189693], [5.035522751090623, 52.214410271161846], [5.0355196840669585, 52.21440769148902], [5.035516893274497, 52.214405337336174], [5.035515467921912, 52.21439683053149], [5.035489124621352, 52.21439752505814], [5.0354877216649685, 52.21438432663174], [5.035458974697187, 52.21438367479646], [5.03545877911302, 52.214399187343545], [5.035437119327352, 52.21439972503446], [5.0354341584126345, 52.214409656843486], [5.035433857832253, 52.21441066259408], [5.035408192074319, 52.21442747443963], [5.035386489685795, 52.21444638327865], [5.035372303400808, 52.214456632180976], [5.035350772820429, 52.21446118783586], [5.035329562331759, 52.214462266119924], [5.035328916170195, 52.214486657377634], [5.0353608191643815, 52.21449159688907], [5.035510641058376, 52.214507870752136], [5.035564873800041, 52.21451267895421], [5.03559543163363, 52.214517497554986], [5.035622440376282, 52.214525199691025], [5.035643857346321, 52.21453690277379], [5.035670089913419, 52.2145446924679], [5.035697082180707, 52.21455077671427], [5.035729169530102, 52.21455275965291], [5.035771348059707, 52.21455723529194], [5.035751378369909, 52.214601360433306], [5.035736981321963, 52.21462906326875], [5.035727917704858, 52.214652126235606], [5.035709567286749, 52.21468201934176], [5.035699283721066, 52.21470020723028], [5.035681865168061, 52.21473067833102], [5.035667709698765, 52.21491511300455], [5.035669414571481, 52.21494940694402], [5.035672773910013, 52.21498728299378], [5.035677593758989, 52.21502550492988], [5.035680845513659, 52.215041773730334], [5.035683425542504, 52.21512465889784], [5.035837923707733, 52.215123428824235], [5.035846945677807, 52.21512978314596], [5.0358537834750745, 52.21513478278449], [5.035859462796057, 52.215143814547105], [5.035863316729295, 52.21515238249703], [5.035867096616584, 52.21515920657266], [5.036028690244092, 52.215161862152414], [5.036240372946549, 52.21515677495779], [5.036409521962018, 52.21515692686194], [5.03652297759228, 52.21515554703948], [5.036755436141324, 52.215154439323655], [5.036895417079974, 52.215153461397875], [5.036909314691437, 52.21515572262357], [5.036850683948855, 52.21530262684234], [5.036834455283129, 52.21534374331849], [5.036804980025717, 52.21541517265823], [5.036787276696114, 52.215461452798856], [5.0367614697679715, 52.2155241208123], [5.036738622274221, 52.2155807307634], [5.036693444610495, 52.21569140860865], [5.036695977819747, 52.215691182439635], [5.036713169741863, 52.21569135029279], [5.036719003963032, 52.21569187991364], [5.036943259808625, 52.215913773365614], [5.037023317975103, 52.21590779108719], [5.037075232016866, 52.216010550892776], [5.037103475557908, 52.216084739877076], [5.037131708307181, 52.21616590343544], [5.037144908357701, 52.21620299069524], [5.037092832427255, 52.216208336961564], [5.037037240436268, 52.216217942037126], [5.0369779725985016, 52.21622979215259], [5.036916898386213, 52.21624433325328], [5.036952241163381, 52.21627538340475], [5.036976643843143, 52.21629832997273], [5.037003972280832, 52.21632510506852], [5.0370232765474485, 52.21634512443091], [5.03704620288505, 52.21637346833814], [5.03707276557637, 52.21640832127349], [5.037092772989249, 52.216437564297884], [5.037106588849334, 52.216459598645855], [5.037117435501478, 52.216492652350894], [5.037127556494642, 52.21652680941643], [5.037130024879697, 52.216549744874506], [5.037127043729076, 52.21656973412621], [5.037118902671437, 52.216596475977816], [5.037106015887073, 52.216625675437655], [5.037089831913604, 52.21665734578522], [5.03707839622176, 52.21668250498584], [5.0370643912017155, 52.21671620406618], [5.037052597072635, 52.216747869443935], [5.03703967760624, 52.216784942202636], [5.037005325201666, 52.21688850684899], [5.0369846681679045, 52.216943775142774], [5.036973611602558, 52.216970948746564], [5.0369493099513285, 52.217022611066646], [5.036925745931056, 52.217069781616964], [5.036892676027526, 52.217123682876625], [5.036862916393369, 52.21716972054081], [5.036845287969448, 52.2171914998754], [5.036828047738867, 52.21720857069747], [5.036803857457993, 52.21722741848255], [5.036768317982416, 52.21725479806738], [5.0367250749355925, 52.21728486913294], [5.036678559328052, 52.21731426536731], [5.0366342430292, 52.2173393808804], [5.03657568519188, 52.21736493945379], [5.0365236964917095, 52.21738691335023], [5.036455633744961, 52.217409756264814], [5.036418318501564, 52.21741915466592], [5.036269808401618, 52.21745428769782], [5.036169595262084, 52.2174717051074], [5.036086920654592, 52.21748623551817], [5.035848998815417, 52.21752913741791], [5.0359961845237216, 52.21877996301455], [5.036041033367294, 52.219161048503665], [5.036074101955279, 52.21944008627334], [5.036082177070048, 52.219512867322415], [5.036107414288054, 52.21974024630652], [5.03617121940992, 52.22026395405809], [5.036200723126656, 52.22053130586148], [5.036212929814816, 52.22063883738691], [5.036231637015025, 52.220803605176904], [5.036261476256031, 52.22107118263189], [5.036282253062133, 52.22126866350451], [5.0363090215901645, 52.221502545167176], [5.036312982621328, 52.221536621059016], [5.0363740776964905, 52.22206129116484], [5.0364025396156675, 52.222314420882796], [5.036428648512134, 52.22253558264219], [5.036483540529205, 52.22299524271377], [5.036494253198663, 52.22309008780641], [5.036496288195544, 52.22310486994456], [5.036497387820278, 52.22311019404189], [5.036504945998458, 52.22314655453205], [5.036536320179382, 52.22329759933088], [5.03654200322874, 52.22332490344312], [5.036559883192508, 52.22341097064967], [5.036591418019353, 52.22356210578162], [5.036592120339211, 52.223565846829324], [5.036592456510787, 52.22356776224816], [5.0365975814372295, 52.22369948603748], [5.036598847951182, 52.22373196305206], [5.0366059126806, 52.2238775609115], [5.036616222091797, 52.224027437643926], [5.0366202192926295, 52.22405511423723], [5.036631198222894, 52.224131067539595], [5.036643658578289, 52.2242066117925], [5.0366549805549665, 52.2242073464424], [5.036661173280856, 52.22420895567373], [5.036673894136171, 52.22421418841828], [5.036679627661365, 52.224222078822514], [5.0366835247420285, 52.22423086256719], [5.036674286864764, 52.224238681588545], [5.036661788136321, 52.22424241941905], [5.036645297511409, 52.22424570499683], [5.0366575495787895, 52.2243086655803], [5.0366656037606194, 52.22436015414485], [5.0375089273538585, 52.22424789590935], [5.037962467908387, 52.224187445720894], [5.038528460956412, 52.22411254963069], [5.039196291678543, 52.22402360617565], [5.039272460111335, 52.224221456258135], [5.039302390324306, 52.22429631465973], [5.039313759526626, 52.22432474987222], [5.039333928328723, 52.22437520436147], [5.039337316796524, 52.224392965422076], [5.03934153434396, 52.224411385039666], [5.039482116854209, 52.224393301805094], [5.039474748201583, 52.224371700192876], [5.039717383881682, 52.22433099788193], [5.04007210162799, 52.22427652244502], [5.040473015419064, 52.22421352619083], [5.0407206733699965, 52.22417982015079], [5.04106762906869, 52.22413136781292], [5.041370591454497, 52.224090308551496], [5.041653029841823, 52.22405363749205], [5.041821845506916, 52.22401052188408], [5.041906194415998, 52.22399277468285], [5.041909056648457, 52.22400491669957], [5.0419095098529265, 52.22400686839623], [5.0419144410923264, 52.22402775268877], [5.04192098772077, 52.224055481486296], [5.041922574671636, 52.22406221805372], [5.042155718729711, 52.223986124639836], [5.042632502235691, 52.22386555048864], [5.042684801898778, 52.22392130209683], [5.042795657596923, 52.22403951046947], [5.041983940668938, 52.224326650323924], [5.041941863872537, 52.224173670330885], [5.041933925449544, 52.22411023756976], [5.041928838430629, 52.2240886787314], [5.041910701810848, 52.22409101650483], [5.0416143623206136, 52.22412925635086], [5.041556918104039, 52.22413688080505], [5.041495078760251, 52.22414697302825], [5.041325331905426, 52.224172307397396], [5.04131485476596, 52.22417396644752], [5.041230188024414, 52.224187335193854], [5.041143855633579, 52.2242003394851], [5.04104287393815, 52.224215134321625], [5.0409195875075286, 52.224233746466936], [5.040821166199616, 52.22424674205272], [5.0407234841620205, 52.22426064750152], [5.0406122573902525, 52.22427544787585], [5.040544203576482, 52.22428665384481], [5.040450186156971, 52.22430167533089], [5.0403861475108345, 52.22431221890153], [5.040324302412036, 52.224322984587175], [5.040284794826725, 52.22432948367124], [5.040262841293695, 52.22433330197365], [5.040238712453409, 52.224336430803895], [5.040060160583106, 52.224360874660356], [5.039873206791378, 52.224387324810046], [5.0397330764493935, 52.224407504018025], [5.039631367322575, 52.224421621417775], [5.039545754638674, 52.2244341772648], [5.039500949993707, 52.22444052568107], [5.03940344337374, 52.2244543496644], [5.039296591715227, 52.22446914370471], [5.039181716302512, 52.224484381383235], [5.039073042653767, 52.22450007763129], [5.0389856184213375, 52.2245121783402], [5.038912807217289, 52.224523396311795], [5.038809998106694, 52.22453774344723], [5.038710846092947, 52.22455230800217], [5.0386062092184805, 52.22456642487174], [5.0385202189721685, 52.224578529467564], [5.038386319804741, 52.22459713461269], [5.038333265046656, 52.22460476147219], [5.038229008514008, 52.22461887014312], [5.038065815840565, 52.22464218792842], [5.037933008716123, 52.22466146089118], [5.037691171490654, 52.2246950884327], [5.037585442141756, 52.22471032465318], [5.03754188325827, 52.22471637941313], [5.037495788950999, 52.224722876046755], [5.037448966853711, 52.224730727679315], [5.037398826535095, 52.22473992664026], [5.037371028275793, 52.22474620775821], [5.037344316611275, 52.224752033704924], [5.037313585935901, 52.22475898920532], [5.037289426001848, 52.2247641575927], [5.037244795644331, 52.22477245604242], [5.0372221117095295, 52.22477603793146], [5.03719502243725, 52.224779624741096], [5.0371569875192925, 52.22478299036894], [5.037123328218326, 52.2247845444084], [5.037073205224794, 52.22478407231223], [5.037039195424008, 52.22478180543544], [5.037019438749006, 52.22477977852984], [5.037002622124379, 52.224777967057264], [5.036981764281299, 52.22477638627583], [5.036964983581916, 52.224775590536055], [5.036965736357181, 52.22477850484423], [5.036971262085074, 52.224799813538084], [5.036986917174875, 52.224858164392], [5.036988282171713, 52.224863255584296], [5.036997990196847, 52.224925974897644], [5.037004228088537, 52.224960956281656], [5.037007500425653, 52.22497848337966], [5.037017693015732, 52.22502052299072], [5.037038101760071, 52.225090437363995], [5.0370570398690635, 52.22514822271049], [5.0370748644628796, 52.22519685508129], [5.037101783319568, 52.22534164886803], [5.037342182093715, 52.22532210229282], [5.037371082941718, 52.22531897020775], [5.03739634141362, 52.22531559364623], [5.037425236437711, 52.225311338044435], [5.037442802233097, 52.225309098135874], [5.037486698252682, 52.22530305339769], [5.037537915679635, 52.22529655395385], [5.037578160947276, 52.22529319474376], [5.037624260423322, 52.225289843854156], [5.037683519124519, 52.22528627122834], [5.0377991380883005, 52.22527732872583], [5.037901570341486, 52.225268374087754], [5.038013902139038, 52.22525493669957], [5.038068043052693, 52.225248886073146], [5.038157690584979, 52.225239039582476], [5.038274018378773, 52.225227393354814], [5.038349750288346, 52.22522090304183], [5.038410857605688, 52.2252148638402], [5.038458037699314, 52.22520993394701], [5.038502694591864, 52.225203882089616], [5.03868218549249, 52.22518529446919], [5.038730558437262, 52.22517941526976], [5.038747146228142, 52.225212386832986], [5.0388185984841805, 52.225358273257584], [5.03883724666045, 52.225416012516455], [5.038850573638125, 52.225459858781974], [5.038852873003488, 52.22546527627066], [5.038856110511944, 52.225470507779704], [5.0388602426791325, 52.22547549925345], [5.038865240796564, 52.22548017870408], [5.038871046674015, 52.22548450102047], [5.038877572920592, 52.22548841201748], [5.038884746710482, 52.22549186654092], [5.038895833873517, 52.22549647406287], [5.038907481611397, 52.22550051699933], [5.0389196168169486, 52.225503986146805], [5.038932166663928, 52.22550683635092], [5.0389450580449315, 52.225509058408214], [5.038958188581692, 52.22551064302899], [5.038971485166806, 52.225511581009684], [5.038963960016541, 52.225543717495114], [5.038932209311636, 52.22567926013134], [5.038937452703148, 52.2256862681648], [5.039039218231112, 52.22582266270318], [5.039144471862654, 52.225958528151864], [5.039154071143628, 52.225988746746104], [5.03915981903821, 52.22601174570778], [5.039183613062785, 52.226034743900435], [5.039211749782359, 52.22606015464522], [5.0392373392681025, 52.22608376929146], [5.039259989301926, 52.226108957143595], [5.039294324763512, 52.22614651078352], [5.039325028285143, 52.22618248083888], [5.039372883476782, 52.22623555140433], [5.039412329472528, 52.226280301376086], [5.039432803642709, 52.2263030111197], [5.039448886383482, 52.226318301915036], [5.0394828597118915, 52.226349787608356], [5.039510278505603, 52.226377218441485], [5.039531471065052, 52.22639790800694], [5.03955302892758, 52.22641680106601], [5.039567642306856, 52.22643096403523], [5.039587017651765, 52.22645008435112], [5.039606006766284, 52.22647368848304], [5.039693423526363, 52.22658499097492], [5.039759755943313, 52.22666738028197], [5.039781406041306, 52.22668761276422], [5.03982178358437, 52.226733129303476], [5.039863062916585, 52.22678876883936], [5.039923266981905, 52.2268594288181], [5.0399538413028955, 52.226902714462724], [5.039961093961115, 52.22691299095655], [5.040013469734465, 52.226992813498754], [5.040046173519215, 52.227031440662884], [5.040196576939709, 52.22700874767713], [5.040284142153071, 52.226981007560575], [5.040327572675157, 52.22697099674123], [5.040374419572128, 52.22696019601293], [5.040489101082652, 52.22694243100381], [5.04080095941771, 52.22731654072623], [5.040858605913876, 52.22738322906115], [5.040885024371311, 52.22741903334321], [5.040911580288038, 52.22745222254741], [5.040940465980323, 52.2274963837926], [5.040965741030522, 52.22753054890963], [5.040969437535035, 52.22754833777776], [5.040965019794279, 52.22756120447035], [5.040954425814296, 52.22757026017571], [5.040937444624454, 52.227587583990775], [5.04089387957622, 52.22762237423749], [5.040856684993126, 52.22765104441747], [5.040838760876393, 52.22766539046441], [5.040829299451741, 52.22767560891568], [5.040832560578574, 52.2276835008507], [5.0408422527403385, 52.2276925530997], [5.040857537592149, 52.22770517195668], [5.0410151760349065, 52.227827168120065], [5.041135329411017, 52.227928651783714], [5.04126707761568, 52.22802421030427], [5.041284874120206, 52.22803949687206], [5.041304687023534, 52.22805522974665], [5.041325611058357, 52.22806924019689], [5.041353608377277, 52.228086533949956], [5.041381781158143, 52.22810196771795], [5.041408544435437, 52.22811419766751], [5.041466922045749, 52.228141619769175], [5.041532019778889, 52.228178238131534], [5.041570831928946, 52.22820331102772], [5.041582702098416, 52.228212765052795], [5.041685795065534, 52.22823451166645], [5.0416948111161375, 52.2282345290442], [5.041770782456214, 52.22828081408112], [5.041773240322647, 52.228284730996094], [5.041976809295768, 52.22841480541546], [5.041981343605542, 52.22841898005373], [5.042027112393567, 52.22840200983274], [5.042041456917241, 52.22839627253001], [5.042290286335551, 52.228620581743584], [5.0424844549077035, 52.22877988338749], [5.04200672570709, 52.22897032597277], [5.041976362831885, 52.22898242482869], [5.041724878071948, 52.229083495498145], [5.0416993834612365, 52.2290925526377], [5.041582199116565, 52.229134183318266], [5.041579233592829, 52.22913532509237], [5.041508588524095, 52.22916264830177], [5.041499765403239, 52.22916603788178], [5.041384888511929, 52.22921017374921], [5.041360768000606, 52.22921944155885], [5.041263147176679, 52.229258010389984], [5.0412603575557435, 52.22925911671961], [5.041101761900779, 52.22932177415416], [5.041313568237338, 52.229494107869726], [5.040838513990018, 52.229534653677405], [5.040755564100291, 52.22954237374709], [5.040705849744422, 52.22954700951913], [5.0406965132519925, 52.22956745653261], [5.040684273015647, 52.22959426743722], [5.040670052305311, 52.22962541367866], [5.040627630693937, 52.22969732712195], [5.040517638900171, 52.22983381796563], [5.04054548865411, 52.22984196180731], [5.0409994832555975, 52.22997474067622], [5.0413453891919575, 52.23007671456014], [5.04135033872525, 52.23009152309894], [5.041433058244616, 52.23035122731874], [5.041469397760395, 52.23049710807722], [5.041505427973675, 52.23062817589], [5.041529130357057, 52.2307087316939], [5.041544102832062, 52.23074478992754], [5.041585570519996, 52.230888222961525], [5.042397255972646, 52.23054719452234], [5.0424410431382345, 52.230561469216106], [5.043105446717273, 52.23077801853642], [5.04320272262508, 52.230805193515856], [5.043244419128697, 52.230819210162736], [5.043555253381211, 52.231106773979576], [5.043796328758761, 52.23101071138133], [5.043822541101088, 52.231018768795984], [5.0438575152318155, 52.23102952106496], [5.043989643246434, 52.23107012568433], [5.04464190480441, 52.231270560716766], [5.045428466013406, 52.23151583470236], [5.046112507716805, 52.23173497636816], [5.0465104587207446, 52.2318584134948], [5.046929799382157, 52.23199506912139], [5.047355932452219, 52.232133926840135], [5.047635202814427, 52.23222509382218], [5.048166689984346, 52.23239858499592], [5.0485449579342925, 52.232520943121706], [5.048630439118099, 52.23254858312343], [5.048706647962108, 52.23257323050271], [5.0488677013000585, 52.23262652247978], [5.049614582338032, 52.23287362315115], [5.049666513307417, 52.23288977890686], [5.0497280974148016, 52.23290893719536], [5.050026131671217, 52.23300168900627], [5.050571360827322, 52.233174201867314], [5.05108709173546, 52.233335896775266], [5.051238191136296, 52.23338408802767], [5.051502071860703, 52.23346825443278], [5.051647639411062, 52.23351248376725], [5.051813624954283, 52.23356292756761], [5.051955077041999, 52.233673646091454], [5.051899689391577, 52.233704200488084], [5.052237328846456, 52.23385752945119], [5.0524547880333355, 52.2337654178401], [5.052920489900027, 52.233922352182944], [5.052883540082355, 52.233940196422836], [5.053282631921835, 52.23424267914255], [5.053532248845734, 52.23411774284882], [5.0544759296710335, 52.234422926466706], [5.05459970832213, 52.2344629563695], [5.055421879087683, 52.23472400141652], [5.056224256550338, 52.23497866680089], [5.055789549384008, 52.235213595612805], [5.056280860548921, 52.235381257028884], [5.056354541975649, 52.23533744976823], [5.056761734003469, 52.235592837862086], [5.057484702239358, 52.23520678827499], [5.057729908047762, 52.23535277902338], [5.057501536706349, 52.2358357700804], [5.057188677088168, 52.236004569665496], [5.057128123986396, 52.2361139446303], [5.057126933756609, 52.236116520822705], [5.056965529879869, 52.23640761820149], [5.0568963104258495, 52.23653261669273], [5.056894440775342, 52.236535999891196], [5.056828754052392, 52.236593212762024], [5.056761726399625, 52.23665158128074], [5.056638061254243, 52.236782575056026], [5.056567300589, 52.23686255781944], [5.056466741606637, 52.23695526484894], [5.056413791186985, 52.237006419361336], [5.056276247186324, 52.23712736142322], [5.056184807902029, 52.2371884924238], [5.056089880000706, 52.237250179813806], [5.0560389325247, 52.23727993068048], [5.05588780770387, 52.23737242359467], [5.05565062442732, 52.23751485412973], [5.055415244168806, 52.23765087191645], [5.055120118106951, 52.23782411085975], [5.054900519847335, 52.23795377261047], [5.054607154580411, 52.23812593667829], [5.054315514456915, 52.2382981138641], [5.05390620711432, 52.238537223673006], [5.053519696358079, 52.238765718854886], [5.053099851618594, 52.2390090653456], [5.052730907499983, 52.2392269390153], [5.052485215437045, 52.23937291627068], [5.052433965053441, 52.239403365775594], [5.052159928805995, 52.23956276182246], [5.0518138015646015, 52.239766811066254], [5.051437837439547, 52.23998785145862], [5.051088241909722, 52.24019081916405], [5.05069119566779, 52.24042247479102], [5.050311682459273, 52.24064671015408], [5.04975299933795, 52.24097420664102], [5.049610492257471, 52.24105827651946], [5.049542128748663, 52.241097591836485], [5.049301876270022, 52.24124751468589], [5.049194898903787, 52.2413145098475], [5.049117712971678, 52.24136449523645], [5.049068566634228, 52.24140068355227], [5.0489878244304975, 52.24145814556698], [5.048940428250892, 52.24149326928286], [5.048871959397085, 52.241544358004425], [5.048840353658731, 52.24156884930936], [5.0487841680296865, 52.24161035613949], [5.048736739013697, 52.24164975789986], [5.048708419465402, 52.24167143639351], [5.04863756076271, 52.24173059821796], [5.048571299049855, 52.241785926368834], [5.048329640384667, 52.24199081294592], [5.048155671301247, 52.24204114929325], [5.048019236596569, 52.24208449270966], [5.047924811211417, 52.24211194920499], [5.047892456050682, 52.24212130255137], [5.047860521559101, 52.24213116940478], [5.047829022239912, 52.242141567782845], [5.047797987648009, 52.24215246181937], [5.047767432286639, 52.2421638695321], [5.047737385573979, 52.2421757730302], [5.047707862287366, 52.24218815438077], [5.047685261859844, 52.242197014396915], [5.0476631558574425, 52.2422063162343], [5.047641544211236, 52.24221606888086], [5.047620485621778, 52.24222625452983], [5.04759998022585, 52.242236855206194], [5.047580042664247, 52.24224787095223], [5.047560717065249, 52.2422592749316], [5.047318759750213, 52.24240066835278], [5.047187275509191, 52.24247613866197], [5.047010175090132, 52.24258138911233], [5.046845356225586, 52.24267920575878], [5.046577588624373, 52.24283497579844], [5.046570864144727, 52.242839333503085], [5.046550455201978, 52.24285256771731], [5.04654817441203, 52.24285405312725], [5.0465291925914535, 52.24286638367784], [5.046522099529623, 52.242871072867935], [5.0461694137504445, 52.24310458479163], [5.045997061813468, 52.24322005762879], [5.0459960611116275, 52.243220719841005], [5.045997787150572, 52.24323431446388], [5.046000106406446, 52.24325265638781], [5.045854209945115, 52.243381624262604], [5.045910189935977, 52.24368473961423], [5.045961842229068, 52.24395465027426], [5.04604158175714, 52.24439803568018], [5.0461331621861465, 52.24488428229029], [5.0462211632064315, 52.245381222988044], [5.046314296836129, 52.24588888290744], [5.046369157558913, 52.24618982858881], [5.04640423095071, 52.2463633503281], [5.046475975412303, 52.246727511231406], [5.046502466781147, 52.246886007458464], [5.046520890741422, 52.246971696807655], [5.046541350143946, 52.24722007210751], [5.046563447535242, 52.247480226196025], [5.046573100784747, 52.247592701002965], [5.04658081844189, 52.24768256578747], [5.046592225556243, 52.247772513105474], [5.046610247674517, 52.24790314950007], [5.046625180802067, 52.247987759202005], [5.046636764684098, 52.2480584460601], [5.0466513473013235, 52.2481314604216], [5.046659439856103, 52.24820105867377], [5.046662457031284, 52.24825458101611], [5.046663282643994, 52.24829788684773], [5.046663636910827, 52.24831666348333], [5.046662556658878, 52.24834494512895], [5.046660846826899, 52.24837321597258], [5.0466585074824835, 52.248401467026476], [5.046655524050165, 52.24842968926092], [5.046651911102949, 52.2484578917055], [5.046637367613159, 52.24852524967086], [5.046634024679825, 52.24854112156525], [5.046629847641821, 52.248556919153316], [5.04662482199271, 52.24857262441734], [5.0466189770864425, 52.24858822845399], [5.046612313197299, 52.24860369531245], [5.046604815681313, 52.248619024950536], [5.046596513961344, 52.248634199477166], [5.046587422817197, 52.248649200959015], [5.046575532155537, 52.24867028813261], [5.046562866706527, 52.248691202302865], [5.046549426537927, 52.24871193448182], [5.04653521178641, 52.24873246669395], [5.04652023709421, 52.24875279898117], [5.046504517172272, 52.24877292239774], [5.0464880522261835, 52.24879280998042], [5.046470856829514, 52.24881247075877], [5.046450502823907, 52.24883538501685], [5.046429593734425, 52.24885811791392], [5.046407997153264, 52.24888074995866], [5.046385831050119, 52.248903173636535], [5.046363095424488, 52.24892538894742], [5.046339804987721, 52.24894738694543], [5.0463159744513275, 52.24896915868491], [5.04625616912279, 52.24902670613484], [5.046117352693165, 52.249142797097406], [5.045985626990982, 52.24924499517974], [5.045944627566758, 52.24927522876747], [5.045904386574263, 52.249305851008465], [5.045864947943867, 52.24933686203026], [5.045826311814088, 52.24936824385846], [5.045788478185543, 52.24939999649378], [5.045751447128031, 52.249432110949385], [5.045715262641198, 52.24946457836523], [5.045679895508309, 52.249497389669884], [5.045560330938777, 52.249606057713045], [5.045437192056755, 52.2497243502701], [5.045406648181672, 52.24975448807295], [5.045376907307494, 52.24978493377701], [5.045347984216724, 52.24981566944979], [5.045319908128316, 52.249846704164405], [5.045292664607095, 52.24987801091605], [5.045266268228788, 52.24990959873537], [5.045240733845178, 52.24994144070236], [5.045216046745234, 52.24997354576279], [5.0451922364244135, 52.25000588703907], [5.045162257103152, 52.250046362434375], [5.045133154543409, 52.250087074043314], [5.045104972608604, 52.250128030981394], [5.045077682151881, 52.25016921518916], [5.045051297887954, 52.25021061772197], [5.045025834462462, 52.250252238622856], [5.045001291946685, 52.25029406890478], [5.044978261962774, 52.25033153546787], [5.044956050531712, 52.25036919314135], [5.044934657793366, 52.250407023950245], [5.044914083749731, 52.25044502789513], [5.044894343115285, 52.25048319603111], [5.0448754213174665, 52.25052151932855], [5.044843435767964, 52.250586669452524], [5.0448026155482415, 52.2506656981706], [5.044751081668369, 52.25077251321287], [5.044708365736788, 52.25086758869448], [5.044640914740183, 52.250998948304314], [5.044559225039544, 52.251161292635366], [5.044438334068676, 52.25141658336716], [5.044354844397247, 52.25158427009459], [5.044232233169138, 52.25183634695031], [5.044168272838873, 52.251966646848054], [5.044095340470088, 52.25212474702646], [5.04404724723428, 52.252236928481686], [5.044009432108144, 52.25234558956122], [5.043989626036066, 52.25241293188269], [5.043979155974513, 52.25244891576478], [5.043969490640208, 52.25248499186102], [5.0439606155985155, 52.25252113316615], [5.043952545357153, 52.25255735769812], [5.043945280125818, 52.25259363849423], [5.043938819906561, 52.252629975554605], [5.0439294283165275, 52.252702713849224], [5.043926075080454, 52.252742547214176], [5.043923263542824, 52.25278240012766], [5.04392099377439, 52.252822263602155], [5.043919265776604, 52.252862137637585], [5.043929796182797, 52.25304626618016], [5.043933502663382, 52.25321323508461], [5.043933237967385, 52.25323806772102], [5.043933178510678, 52.253240080824725], [5.043932109310911, 52.25326288886035], [5.043931858596259, 52.25326691468505], [5.043930145981615, 52.25328769858773], [5.043929542987522, 52.253293727677836], [5.04392733354155, 52.253312469897544], [5.043926231821323, 52.25332050182779], [5.043923671989199, 52.25333720278984], [5.043921939879101, 52.25334721920204], [5.043919161461763, 52.25336187928924], [5.0439166525837775, 52.25337387077035], [5.043914028834562, 52.253385565319036], [5.043910399361423, 52.253400438642345], [5.043908105877766, 52.25340918613829], [5.043903150990351, 52.2534269137452], [5.043901422018065, 52.253432723856555], [5.043894922182851, 52.25345328713357], [5.043893962609571, 52.25345617843123], [5.043885727789776, 52.253479531886896], [5.043840997959033, 52.25360348808656], [5.043769831063111, 52.25375624538755], [5.043714540706525, 52.25388979682679], [5.043664550634259, 52.254015876771724], [5.043621595330537, 52.25413556881195], [5.0436036196157845, 52.25419328140546], [5.043579993536487, 52.25429807384895], [5.043559627208406, 52.25442641491411], [5.043548003752609, 52.25455479037983], [5.043543814542525, 52.25463076139146], [5.043545468556452, 52.25468589760429], [5.043547430189781, 52.25474102572312], [5.043549699443705, 52.254796145747804], [5.043552276249934, 52.254851266666044], [5.043553015337646, 52.25488263637145], [5.04355291965509, 52.254914003649695], [5.043551974555347, 52.25494536845832], [5.04355019475117, 52.25497672185214], [5.043547580310171, 52.255008054843465], [5.043544102009663, 52.255039358359525], [5.043539803922115, 52.25507061455269], [5.043535408377207, 52.25510121434996], [5.0435301345317, 52.25513175766623], [5.043523997028861, 52.255162244543996], [5.0435169812912015, 52.25519266595284], [5.043509116746108, 52.25522300400253], [5.043500374170882, 52.25525324962012], [5.043490768278389, 52.25528339386036], [5.043483391913094, 52.255309302323354], [5.043475137518195, 52.25533511835413], [5.043466019945704, 52.25536081503226], [5.043456053839487, 52.25538639240008], [5.0434452099770155, 52.25541184138455], [5.043433532431457, 52.25543714413794], [5.043420991911032, 52.25546230057478], [5.04340691993614, 52.25548853109651], [5.043375075533856, 52.25553655935478], [5.04336082381191, 52.25555950878718], [5.043345841127779, 52.25558228532252], [5.043330142264677, 52.255604871027856], [5.043313697931135, 52.255627265817665], [5.043296552131598, 52.25564946083181], [5.043278690358841, 52.25567143805212], [5.043260127257465, 52.25569319752093], [5.04324087754145, 52.25571473029283], [5.043217227864594, 52.255738964584125], [5.043192906418831, 52.255762945256194], [5.043167927918211, 52.255786663363494], [5.043142277716909, 52.25581011886306], [5.0431159705290165, 52.25583330280945], [5.04308902113844, 52.25585619726955], [5.043061444120695, 52.25587881127329], [5.043033057529622, 52.255903840641444], [5.043003911845315, 52.25592854423024], [5.042974021782021, 52.25595291309406], [5.0429434021237425, 52.25597692929979], [5.042912038293993, 52.25600058381651], [5.042879974159294, 52.2560238857593], [5.042847209927878, 52.256046808164676], [5.042813745530032, 52.25606936001963], [5.042784292113582, 52.256090269790235], [5.042754138606114, 52.256110800024224], [5.042723299652969, 52.256130950763826], [5.0426918046840985, 52.25615070411853], [5.042659639053982, 52.25617006004516], [5.042626846838361, 52.256189000695976], [5.04259341339174, 52.25620752602778], [5.042559368075036, 52.25622562713781], [5.042475177510367, 52.25627558769339], [5.042343675438916, 52.256348886397674], [5.042316745346726, 52.25636541734892], [5.042289188398906, 52.256381568975705], [5.042261048741176, 52.256397314442964], [5.0422322970824345, 52.256412653664874], [5.042202992005378, 52.25642758681186], [5.042173119003826, 52.25644209586552], [5.042142722015017, 52.25645618095372], [5.0421117865330185, 52.25646982405806], [5.0420803418495135, 52.256483025263556], [5.042048417325938, 52.25649577566776], [5.042016013032543, 52.25650806628267], [5.041970707543184, 52.25652577482665], [5.041924980500848, 52.25654306868139], [5.041878846412449, 52.25655996586452], [5.0418323201337465, 52.25657643945545], [5.041785416171682, 52.25659250747181], [5.041738134666739, 52.25660815193784], [5.041690490265462, 52.25662337289593], [5.0416226180546495, 52.25664069178004], [5.041554528548375, 52.25665769541557], [5.041486236463356, 52.25667437485732], [5.041417727085323, 52.25669073904967], [5.04137954507053, 52.256698258023064], [5.041341059812649, 52.256705218851025], [5.041302330035516, 52.256711603729386], [5.041263355810325, 52.25671740367031], [5.041224166290217, 52.25672263673452], [5.041184776262075, 52.256727284989466], [5.041145215018747, 52.25673134852064], [5.041119063421632, 52.25673243138733], [5.041092871380153, 52.25673306473796], [5.041066668186468, 52.25673324865829], [5.041040468487103, 52.25673298319126], [5.041014286858695, 52.25673227736732], [5.040988138017598, 52.25673112224177], [5.040962065901696, 52.25672951794336], [5.040914063299926, 52.25672483846945], [5.040866181649912, 52.25671967398723], [5.0408184503843945, 52.25671400660736], [5.040770898656494, 52.25670785439124], [5.040723511891923, 52.25670120830842], [5.04067630466794, 52.256694077389724], [5.0406425483814505, 52.25668807341731], [5.0406090747808205, 52.2566815040304], [5.040575913158411, 52.2566743693151], [5.040543078021181, 52.256666687289865], [5.04051058408582, 52.256658449010395], [5.040478489795956, 52.256649672623915], [5.0404467951526275, 52.2566403581309], [5.040415514732362, 52.25663051456216], [5.040384707048598, 52.2566201510776], [5.0403543574565015, 52.25660926763458], [5.0403202410030605, 52.25659875061874], [5.040286508854975, 52.25658778532903], [5.040253175588554, 52.25657638079639], [5.040220255920214, 52.25656452807656], [5.04018774971049, 52.256552245145095], [5.04015568625127, 52.25653953208831], [5.0401240801186376, 52.25652639793726], [5.040092945958688, 52.25651284273528], [5.040062298277413, 52.25649888450103], [5.040001896781009, 52.25646903824893], [5.039941834177738, 52.25643894130181], [5.039882081106704, 52.25640860256165], [5.039822666859269, 52.256378022115115], [5.039791382399221, 52.25636123076965], [5.039760775236838, 52.25634398302684], [5.039730845302119, 52.25632628787492], [5.039701607100375, 52.25630816333272], [5.039673089922779, 52.25628960948674], [5.039645308274378, 52.25627064435596], [5.039618276800636, 52.25625126798389], [5.039592009936223, 52.25623150737708], [5.039519171644651, 52.25618518554518], [5.039435985372652, 52.25612491106211], [5.039366722973169, 52.25606896469251], [5.039273195430499, 52.255995798064234], [5.03923638222788, 52.25596313574861], [5.039200274378948, 52.25593017889916], [5.039164915889386, 52.255896918658294], [5.039130277326839, 52.25586337291561], [5.039096387981216, 52.25582954175808], [5.039063233135693, 52.255795434130796], [5.039030842080071, 52.25576105012069], [5.038999200027072, 52.25572640766041], [5.0388765511191185, 52.255594248622714], [5.038846957539018, 52.255559881791825], [5.038818039376715, 52.25552530123578], [5.038789767199816, 52.25549052484399], [5.03876217043834, 52.255455534727936], [5.038735248880083, 52.255420357851044], [5.038708987948905, 52.25538498518293], [5.038683416863652, 52.255349425798116], [5.038624833043039, 52.255271058842304], [5.038540613041504, 52.25513370993486], [5.038451272129592, 52.25498457178277], [5.038372191286565, 52.25485688186177], [5.038306918650678, 52.25474637245537], [5.038184947477798, 52.25454144910338], [5.0380748640167194, 52.25437082238124], [5.038041810449116, 52.25432217242545], [5.038007847066943, 52.25427376244373], [5.037972988517484, 52.25422559247854], [5.037937234732567, 52.2541776715168], [5.037900585714492, 52.25412999955761], [5.037863041324523, 52.254082594575536], [5.037824616209585, 52.25403545661289], [5.037785310301246, 52.25398859465651], [5.037756348637561, 52.25395419345501], [5.037726564794546, 52.25392005945045], [5.037695944058316, 52.25388620158659], [5.037664501004321, 52.25385262889365], [5.037632235563249, 52.25381935035871], [5.0375991769551955, 52.253786375055306], [5.037565310536609, 52.25375370293946], [5.037530650882618, 52.253721343041455], [5.03749519792363, 52.25368930434827], [5.037458980808808, 52.253657604921095], [5.037421984964817, 52.25362623572826], [5.037384239611258, 52.253595205843354], [5.03733828216405, 52.253556251324575], [5.037291648812514, 52.25351759138538], [5.037244354131549, 52.25347923505601], [5.0371963980512415, 52.253441191323255], [5.037147795216807, 52.25340346022967], [5.037098545558246, 52.253366050762175], [5.037032838388199, 52.25331891261062], [5.036966734398612, 52.2532719709785], [5.036900248163715, 52.25322523489627], [5.03683337961312, 52.25317871335097], [5.036799775351209, 52.253155658780315], [5.036765626871667, 52.25313290817314], [5.036730904814862, 52.25311047042976], [5.036695652972942, 52.25308836365522], [5.03665987141668, 52.253066578861365], [5.036623560075254, 52.2530451250354], [5.036564085155604, 52.25301008476641], [5.036504065652477, 52.25297540236494], [5.036443486921387, 52.252941077786865], [5.036382378180066, 52.252907120105824], [5.036342601879106, 52.25288681533996], [5.0363023837314085, 52.25286683281123], [5.036261738310246, 52.252847181550344], [5.0362206802597775, 52.25282786160027], [5.036179194935188, 52.25280887291706], [5.0361455419392875, 52.25279393403695], [5.036111343437669, 52.252779460894615], [5.036076628718475, 52.25276545357682], [5.036041412212958, 52.25275193908941], [5.036005708635556, 52.25273890848781], [5.035969532559036, 52.25272637080274], [5.035932913200502, 52.252714335108514], [5.0358958652033605, 52.252702801448216], [5.035854909590679, 52.25269095057388], [5.035814102004139, 52.25267890239274], [5.035773471803777, 52.25266664800446], [5.035732989630343, 52.252654196309614], [5.035614204056184, 52.25264708416939], [5.0355669036247015, 52.2526449841095], [5.035519555643889, 52.25264334226933], [5.035472160112125, 52.25264215864877], [5.035424760961151, 52.252641433378535], [5.035377328900738, 52.25264116637149], [5.03532990786251, 52.25264135775832], [5.035299423163378, 52.25264250732381], [5.035268965691015, 52.252643917610015], [5.035134804815816, 52.25265327886668], [5.0350738876412695, 52.25266008095542], [5.035035203004325, 52.25266479217386], [5.03499670439869, 52.252670052192634], [5.034958406467283, 52.252675861055444], [5.03492033856862, 52.25268220986221], [5.034882529990151, 52.25268909870049], [5.034860875498843, 52.25269401341745], [5.034839524693279, 52.25269941437943], [5.034818506932701, 52.252705292686386], [5.034797851647601, 52.25271163045042], [5.034777588126306, 52.25271842775906], [5.034757745728226, 52.25272567571232], [5.034738339168528, 52.25273336536635], [5.034719412522252, 52.252741478877084], [5.034695737158624, 52.25275192405025], [5.034672614712224, 52.252762820260024], [5.034650074400489, 52.25277417658182], [5.034628145725439, 52.25278596614035], [5.0346068434025355, 52.252798179992034], [5.034586182147249, 52.252810809193335], [5.034555684827504, 52.25282832539655], [5.0345258577094025, 52.25284627500828], [5.034496700935389, 52.25286464005365], [5.034468243865444, 52.25288341163301], [5.0344405012866265, 52.25290257181527], [5.03441348777232, 52.2529221296323], [5.034277364889248, 52.2530310693897], [5.034054957326884, 52.253200491080165], [5.033645077833342, 52.253510110367515], [5.033470398224766, 52.25365130806981], [5.033396635311869, 52.25370975994699], [5.033323382769898, 52.25376846496558], [5.03325065538725, 52.253827405195054], [5.033178438448646, 52.253886589580176], [5.033106746671167, 52.25394600917816], [5.032939544446283, 52.25408572752157], [5.032791288528237, 52.25421669435026], [5.032677209867901, 52.254320566291376], [5.0325631722140125, 52.25442657735128], [5.032440623275601, 52.25454016647069], [5.0323706343477905, 52.25460617881938], [5.032301331450076, 52.254672453833514], [5.032232699867498, 52.25473900045795], [5.03216475431863, 52.254805809750295], [5.032097494805353, 52.25487288171161], [5.032030921401224, 52.254940207355524], [5.031973101706851, 52.25499886802507], [5.031915968101451, 52.25505779137575], [5.031859535375308, 52.25511695947718], [5.031803803458633, 52.25517638131816], [5.031748772424933, 52.255236047911936], [5.0316944569214135, 52.255295959303524], [5.031640842304801, 52.25535611544988], [5.031597811260427, 52.25540773799841], [5.031555700470614, 52.255459650910744], [5.031514510081482, 52.25551183621271], [5.031474225521937, 52.25556428487356], [5.031434861367936, 52.25561700592595], [5.031396447056438, 52.25566998148365], [5.03135895337129, 52.25572320247179], [5.031322394888679, 52.255776677922924], [5.031298420007889, 52.255811460589236], [5.031275234360296, 52.25584644335952], [5.03125285259283, 52.255881626278466], [5.031231260205441, 52.25591699132705], [5.031210501135972, 52.25595253863813], [5.031190531449896, 52.25598826807979], [5.031171380655439, 52.256024152777734], [5.031153048610554, 52.25606021070762], [5.031135550178196, 52.25609641495113], [5.031112622075673, 52.256148601193], [5.031090513061651, 52.25620091572753], [5.031069237712429, 52.25625336758683], [5.031048781528989, 52.256305938752114], [5.031029159159667, 52.256358629267886], [5.031019451288468, 52.25639127980633], [5.031010562908785, 52.25642401370386], [5.031002479376848, 52.256456830916484], [5.030995230057438, 52.25648972254503], [5.030988800378739, 52.25652267955789], [5.030983205131996, 52.256555684024065], [5.030978414955888, 52.256588744843064], [5.030974459287241, 52.25662184412805], [5.030971009728374, 52.25664660422158], [5.030968467909651, 52.256671403002], [5.030966819258804, 52.25669623143752], [5.030966078494912, 52.25672108058479], [5.030966231189598, 52.25674592343674], [5.0309672772724365, 52.25677076898105], [5.030969246252125, 52.256795590343074], [5.030972094336805, 52.256820369415095], [5.030975850747642, 52.25684511527293], [5.03098078581697, 52.25687265091315], [5.030986556275407, 52.25690011716778], [5.03099317669823, 52.256927523068455], [5.031000632656946, 52.25695484160807], [5.03100893887088, 52.25698206384294], [5.031018080623703, 52.25700919871642], [5.031028043558832, 52.257036210233686], [5.031038750589579, 52.25706174998618], [5.0310503522493635, 52.25708713963982], [5.031062833965768, 52.25711237016264], [5.031076210529764, 52.25713742362314], [5.031090467296844, 52.257162299977004], [5.031105589766294, 52.25718698120445], [5.031121578011251, 52.257211458317585], [5.031138432176712, 52.25723571334078], [5.031156122972101, 52.257259746185525], [5.031175925990189, 52.25728704797521], [5.0311965657887106, 52.257314109609865], [5.031218071804404, 52.25734091320211], [5.0312404146748335, 52.25736746765083], [5.03126357997068, 52.25739374594862], [5.031287582339028, 52.257419748139036], [5.031312377914939, 52.257445465101796], [5.031337996134842, 52.25747087894925], [5.031364407779582, 52.25749598060506], [5.031391598204069, 52.257520770024634], [5.031423719158776, 52.25754988844079], [5.031456618977858, 52.25757868562979], [5.031490268441863, 52.25760715251523], [5.03152468234124, 52.25763527116536], [5.031559831312714, 52.257663050478854], [5.031595730218357, 52.25769046353641], [5.0316323350487355, 52.25771751919274], [5.0317286457192365, 52.25779686589167], [5.0317746247367925, 52.25783672141175], [5.0318199423955186, 52.257876871523784], [5.031864598909924, 52.257917289265656], [5.031908579561033, 52.257957983581704], [5.031951898994006, 52.25799895451671], [5.031963352694268, 52.25800994511328], [5.031974762318404, 52.258020953551956], [5.031986113148575, 52.258031988776246], [5.031989527732952, 52.258035414415716], [5.031992942246133, 52.25803884904268], [5.032019630308094, 52.258066108459666], [5.032025193879725, 52.25807187739319], [5.032052339542907, 52.25810053129234], [5.032056681810389, 52.258105173075194], [5.0320842117747056, 52.258135230224134], [5.032087391319036, 52.25813874503294], [5.03211526150487, 52.25817022327481], [5.032117337122419, 52.25817258432339], [5.032145488947085, 52.25820548348225], [5.032146490070299, 52.2582066728839], [5.032174864807559, 52.25824101075913], [5.032195393264814, 52.2582656361739], [5.032215055540005, 52.25829051963103], [5.032233836985716, 52.258315661086904], [5.032251723026253, 52.25834105151039], [5.032268713803709, 52.25836667292663], [5.032284794813909, 52.25839250731673], [5.032299966055497, 52.25841855468112], [5.032369232682143, 52.25853027472237], [5.0323927582393, 52.258573990275735], [5.0324153156098745, 52.25861790065058], [5.0324368902880865, 52.258661987828], [5.032457482199749, 52.25870626079639], [5.03247709155706, 52.25875069259329], [5.032495718285604, 52.258795292206784], [5.032513347879511, 52.25884004161813], [5.032529995053939, 52.25888493188413], [5.032545630584891, 52.258929953929695], [5.032568907484627, 52.2590086044176], [5.032591730067776, 52.259087298475876], [5.032614098260398, 52.259166045092385], [5.032636026706703, 52.25924484431135], [5.032644004318456, 52.25927304510524], [5.032650970541543, 52.25930134173097], [5.032656954667126, 52.259329734276804], [5.032661927615059, 52.25935819569199], [5.032665904173146, 52.259386708045426], [5.032668855046318, 52.259415271249345], [5.032670824315534, 52.25944386746037], [5.032671768110768, 52.25947248755911], [5.032672180147994, 52.259499829790265], [5.0326718012685365, 52.25952716964911], [5.032670602177682, 52.25955450704789], [5.032668597735238, 52.25958181506759], [5.032665802443275, 52.259609111727336], [5.032662187293337, 52.25963636098875], [5.032658381387513, 52.259667330641534], [5.032653594507378, 52.25969825241261], [5.032647856015801, 52.25972911740203], [5.032641136832225, 52.25975989855903], [5.032633451529842, 52.25979060491498], [5.032624814968113, 52.25982120955067], [5.032615227216728, 52.25985170347837], [5.032604673627107, 52.25988208665389], [5.0325946567969755, 52.25991311856255], [5.032583937624842, 52.25994405848493], [5.032572530684435, 52.259974915452396], [5.032560421542421, 52.260005662457885], [5.032547624844191, 52.260036299545185], [5.032534125870041, 52.260066835657774], [5.032524157434106, 52.26009178294086], [5.032513311324343, 52.26011658378422], [5.032501602186291, 52.2601412382316], [5.032489030090201, 52.26016573729496], [5.032475580602804, 52.260190053967406], [5.032461297591753, 52.260214197368065], [5.032412803931282, 52.26029281222343], [5.032333959049665, 52.26041025326902], [5.032313831239978, 52.26044179406794], [5.032292957913492, 52.26047314388053], [5.032271338997172, 52.26050431169393], [5.03224897463318, 52.26053527953259], [5.032225879538817, 52.260566038452446], [5.032202053641154, 52.26059659744063], [5.032177497154189, 52.26062692953385], [5.032148102388458, 52.26066334982898], [5.03211791850082, 52.2606995340626], [5.032086974783746, 52.26073548232212], [5.032055271451143, 52.26077116764406], [5.032022808429972, 52.26080659901549], [5.031989600437781, 52.26084176749213], [5.031954808071829, 52.26087723678436], [5.031919285520848, 52.26091242524881], [5.031883047430843, 52.26094733292885], [5.031846064506739, 52.26098195973581], [5.031808380760445, 52.26101629681346], [5.031769996262905, 52.26105033517355], [5.031730896438019, 52.26108406578371], [5.031699924624401, 52.26110878805247], [5.031679317272298, 52.26112508393377], [5.031651012545736, 52.26114780992411], [5.031627971576094, 52.26116620162956], [5.031594932888823, 52.26119293991607], [5.031576844630654, 52.26120742781509], [5.031548183383622, 52.261230763880775], [5.031525951083473, 52.26124876253461], [5.031490187387701, 52.26127738902539], [5.03145378168343, 52.261305698999024], [5.031416748545555, 52.26133370148668], [5.031379073398321, 52.261361387456105], [5.031340785607649, 52.26138874800722], [5.031301870525991, 52.261415783095316], [5.03115973707163, 52.26151565031609], [5.031099497027921, 52.261557055566314], [5.03103854239105, 52.26159805418029], [5.030976873088893, 52.26163865514454], [5.03091448926494, 52.261678840482695], [5.030851405494406, 52.261718619225405], [5.030787636568422, 52.26175797344051], [5.030571277860853, 52.26188745574125], [5.030437261206478, 52.26196476015536], [5.030394518975278, 52.26199034534047], [5.030351193752187, 52.262015560249104], [5.030307285609311, 52.26204039589299], [5.03026280919428, 52.26206485231574], [5.0302177792990115, 52.26208891158573], [5.030172181276213, 52.26211257365811], [5.0301260589966, 52.26213584765246], [5.029922990385812, 52.26224058046774], [5.029764587008751, 52.262319185549856], [5.029652579298318, 52.26237330409772], [5.029330538890823, 52.2625289246103], [5.028986171398767, 52.26269926157451], [5.028510914330409, 52.26293401171039], [5.028254398154021, 52.26306281965504], [5.028013549379424, 52.26319038938845], [5.027757142212226, 52.26332347479243], [5.02755691255391, 52.263429003102694], [5.027443493172893, 52.263492174995896], [5.0273181647208585, 52.26356617681351], [5.027198030536021, 52.2636390438739], [5.02708164148427, 52.263721512236316], [5.027002898085283, 52.26377686206748], [5.0269641264571545, 52.26380549599591], [5.026925850847548, 52.26383437409464], [5.026888056608734, 52.26386349631955], [5.026850773037075, 52.26389286276037], [5.026814241580943, 52.26392340888806], [5.02677842528222, 52.26395427175882], [5.026743338935263, 52.26398543344278], [5.026708967747284, 52.26401691187116], [5.026675326585561, 52.26404868012647], [5.026609302975443, 52.26412317661246], [5.0265820603063425, 52.26414805271636], [5.026570792631069, 52.26416469076878], [5.026560431384058, 52.2641815472933], [5.0265510059352625, 52.26419861339187], [5.026542516504128, 52.26421586210183], [5.026534977885494, 52.264233275492984], [5.0265283902260185, 52.26425083559019], [5.026522768320634, 52.2642685244631], [5.026518127037166, 52.26428631519377], [5.026514451874231, 52.26430418976236], [5.026511757626874, 52.26432213023848], [5.026509118036634, 52.26434055622403], [5.026507386340987, 52.2643590209309], [5.026506562686857, 52.26437750638391], [5.026506647148211, 52.2643960035954], [5.026507639944605, 52.26441448560271], [5.02650954115012, 52.26443294341803], [5.026510175997888, 52.26443775384397], [5.026510884159738, 52.264442555505745], [5.026511650914658, 52.26444735734626], [5.026514167130445, 52.26446584400134], [5.026517679938419, 52.264484270782106], [5.026522174837263, 52.264502619668626], [5.026527637398405, 52.26452086365322], [5.026534082344067, 52.26453899379287], [5.02654149524567, 52.264556983079856], [5.026549861674581, 52.264574804506545], [5.026559181631848, 52.26459245807278], [5.026584764750391, 52.26463503057327], [5.026600362756303, 52.264657071371744], [5.0266167388854015, 52.26467889883354], [5.0266338785631275, 52.264700503926065], [5.026651752566516, 52.26472187757203], [5.026670375617453, 52.264743010828184], [5.026689747789517, 52.26476389470653], [5.026709839932415, 52.26478451114218], [5.026730651973936, 52.26480486912244], [5.026749960786682, 52.264824539440454], [5.0267699160367645, 52.26484397804256], [5.026790503294744, 52.26486315792094], [5.026811722561024, 52.26488207907531], [5.02683354461212, 52.26490073242837], [5.02685598409675, 52.26491911802452], [5.026879011791323, 52.26493722678638], [5.026946765183601, 52.26499115352798], [5.027017934777753, 52.26504291558379], [5.027048028294134, 52.26506402979881], [5.027077489338022, 52.265085465641135], [5.027106332484944, 52.26510723214357], [5.027134543304195, 52.265129302298966], [5.027162092498649, 52.26515167601867], [5.027188994716201, 52.26517435334774], [5.027215235380667, 52.26519732525434], [5.027240799988525, 52.265220573719155], [5.0272630032461505, 52.26523922815173], [5.027284456832393, 52.26525820385947], [5.027305146171016, 52.265277491810586], [5.027325071334141, 52.26529708301782], [5.027344217745242, 52.26531696844939], [5.027362570900495, 52.26533713008589], [5.027386782187651, 52.265361093425135], [5.027410317633606, 52.265385306361516], [5.027433147868002, 52.26540977779388], [5.027455273035324, 52.26543448974756], [5.027476693207402, 52.2654594332352], [5.027497393734844, 52.26548460821267], [5.027526282548374, 52.26552071932164], [5.027556649952072, 52.26556420493981], [5.027586753159076, 52.26560776164869], [5.02761657752015, 52.26565138940387], [5.0276461230345655, 52.26569508820559], [5.027665765065751, 52.26573526061608], [5.02768524570664, 52.26577546848349], [5.027704579678044, 52.26581570286477], [5.027723752330877, 52.26585596371543], [5.027740433027782, 52.26589280161137], [5.027756248389084, 52.26592977169109], [5.027771212988874, 52.265966882986916], [5.027785312321629, 52.26600411747951], [5.027798546385286, 52.26604147516924], [5.027813419373708, 52.26609175334607], [5.0278136615800895, 52.26609259893805], [5.02782758852808, 52.26614211925916], [5.027828058365695, 52.26614380141091], [5.027841509181062, 52.26619423704075], [5.027841736739696, 52.26619508258814], [5.027854682123514, 52.266246433437786], [5.027871123661322, 52.26633832101966], [5.027890212765555, 52.2664633637459], [5.02790429562344, 52.26659701956355], [5.027908610133677, 52.26669224071126], [5.027910936148431, 52.26673255817702], [5.027912397659016, 52.266772899978605], [5.0279129948807215, 52.26681323915316], [5.027912713089578, 52.266853584643876], [5.027911567004877, 52.266893927507574], [5.027909542120265, 52.266934249724486], [5.027906653009882, 52.266974560326794], [5.027906441673303, 52.26697714817811], [5.027906328680488, 52.26697844208149], [5.027906215687663, 52.26697973598487], [5.027905989701941, 52.266982323791595], [5.027903772148225, 52.267017477423], [5.027900778334508, 52.26705261071924], [5.027897022980593, 52.2670877147372], [5.027892476786463, 52.26712278938782], [5.027887169193696, 52.267157816784824], [5.0278811002004025, 52.26719279692801], [5.027874255155795, 52.26722772977289], [5.0278629871113285, 52.26726796097771], [5.027850928716889, 52.26730809990058], [5.027838094619735, 52.26734814658582], [5.02782445551935, 52.26738810094413], [5.027810040784764, 52.26742795407661], [5.027794835909813, 52.26746768796333], [5.027778855469281, 52.2675073116361], [5.0277502788086466, 52.26757383351743], [5.027730058519477, 52.26761783034995], [5.027710870205216, 52.26765013715789], [5.027690950705335, 52.26768227995825], [5.027670300091087, 52.26771424976309], [5.027648933083098, 52.267746037628925], [5.027626835030745, 52.267777643510854], [5.027604035304045, 52.267809058509926], [5.027573129327134, 52.267844709074524], [5.0275414196925095, 52.267880096539095], [5.027508921048168, 52.26791522094767], [5.027475648187531, 52.26795006436883], [5.027441601182082, 52.26798461781445], [5.027406779958015, 52.268018890271414], [5.027356214211578, 52.26805990959092], [5.027305181334625, 52.268100711758954], [5.0272536959760385, 52.268141296819415], [5.02720177271206, 52.26818167380392], [5.027169363384054, 52.26820569842849], [5.027136195375588, 52.268229334257136], [5.02710231270742, 52.26825257243541], [5.027067700729877, 52.26827541291817], [5.027032388887308, 52.268297837818736], [5.02699637717954, 52.26831984713654], [5.026953118513898, 52.268346696773186], [5.026909160039187, 52.268373121833626], [5.026864531054535, 52.26839912240642], [5.0268192317784655, 52.26842467152788], [5.026773276715083, 52.26844978721721], [5.026726680732622, 52.26847444255549], [5.02660724079948, 52.26853400013], [5.026479110138182, 52.26859573308398], [5.026271300617228, 52.268693254854796], [5.026139676152732, 52.26875394317493], [5.026046150341165, 52.26879728439943], [5.0259868566642725, 52.268826781044034], [5.02592795604217, 52.26885657545806], [5.025869463197005, 52.268886658699365], [5.025811377982469, 52.26891704874375], [5.025753700544315, 52.26894772761661], [5.0257103120080355, 52.26897055884437], [5.025667462473065, 52.26899376020518], [5.025625151866141, 52.26901734068722], [5.025583394909842, 52.269041291348316], [5.025542191676959, 52.26906560320137], [5.025501571540068, 52.26909026734909], [5.025461519776317, 52.26911529273481], [5.025426949394877, 52.26913643416534], [5.025392991201953, 52.2691579549478], [5.025359645416711, 52.269179828119846], [5.025326941192771, 52.26920207174698], [5.025294893399288, 52.26922465891171], [5.025263487459837, 52.26924758058208], [5.025232737878327, 52.269270854778775], [5.025202674247108, 52.26929444564149], [5.025167340278872, 52.26932117508326], [5.025132619074922, 52.269348211976954], [5.025098525358664, 52.269375547380434], [5.025065044626972, 52.26940316327415], [5.025032206106933, 52.26943106873597], [5.025000009872275, 52.269459254778816], [5.024968441420068, 52.269487703383106], [5.024937544554228, 52.2695164326592], [5.024817271246796, 52.26963270801393], [5.024741727156877, 52.2697091245782], [5.024655851964181, 52.26979841592525], [5.024570049456722, 52.26988773439558], [5.024484319561514, 52.26997708897689], [5.02444116349842, 52.27002151818557], [5.024398781531255, 52.27006622837628], [5.024357173734896, 52.270111210562206], [5.024316325460729, 52.270156464699156], [5.024276266157179, 52.270201972902676], [5.024236995826081, 52.270247735173605], [5.024140056813816, 52.27036223896312], [5.0240431611791365, 52.27047675179277], [5.023946308848948, 52.270591282650244], [5.023878589723457, 52.27068148305064], [5.023810461068624, 52.27077156531089], [5.023741908232087, 52.27086152938525], [5.023672931211876, 52.27095137527301], [5.023553273515391, 52.271106173014324], [5.023478912926181, 52.271205709072774], [5.023322503055691, 52.27145445103586], [5.023310111439562, 52.27147199307181], [5.023290880610901, 52.271508900781754], [5.023204325687324, 52.27170198928792], [5.023137884406283, 52.27185228574265], [5.0230793036728665, 52.27198011884363], [5.023013730286394, 52.27212988761418], [5.022921932560724, 52.27233313395669], [5.0229141815411475, 52.27235109469883], [5.0228860908335395, 52.27241604399499], [5.022886886924665, 52.2724834371064], [5.022908628149593, 52.2725390577986], [5.022930369526105, 52.27260003522578], [5.022973834844158, 52.272718772373466], [5.023020792105487, 52.272847676491345], [5.023239526762912, 52.27300652662823], [5.023272645602194, 52.273028999251], [5.023339752351037, 52.27307338989817], [5.023463545651423, 52.27311778414524], [5.02370154510982, 52.273205491198446], [5.02371025550905, 52.273208169383494], [5.023845412153763, 52.273230092670715], [5.024078264115929, 52.273235976040276], [5.024212595164585, 52.27321725346756], [5.024356525588149, 52.27319639413846], [5.024387057419589, 52.27318943239796], [5.024443763453519, 52.27317446192463], [5.024559787842538, 52.27314397166446], [5.024720306179852, 52.27310117857198], [5.024926205638368, 52.27303965889625], [5.025097191024944, 52.272988844281016], [5.0251547756998285, 52.27297386717013], [5.02540514363308, 52.272910208904506], [5.025524654850758, 52.27287597146109], [5.025773284758184, 52.272804289968086], [5.026057691278033, 52.272721913883835], [5.02637785075535, 52.27262990344033], [5.026594205094425, 52.27256677698603], [5.026854182959069, 52.2724918832313], [5.027060063630034, 52.27243196860491], [5.027251117353666, 52.272377410159], [5.027395050239915, 52.27233942535271], [5.027584353516742, 52.272292878173815], [5.027729156252759, 52.272255965157086], [5.027918466618614, 52.27220300915241], [5.028172321050483, 52.27213292933905], [5.028331084483893, 52.27209066528921], [5.028558734448387, 52.27205962906878], [5.028648581910525, 52.27204785790358], [5.028793360626996, 52.272035543164385], [5.028902385405511, 52.27202751494365], [5.029007040717535, 52.272025369392026], [5.029239031211864, 52.27202107477687], [5.029518111070499, 52.27201303044975], [5.029538164080206, 52.2720135674681], [5.029656763989696, 52.27202640127395], [5.029813730182405, 52.27204350331009], [5.029954108636533, 52.272084678314094], [5.03013109221678, 52.272136012084125], [5.030368248413221, 52.27220926873304], [5.030579253242573, 52.27224777103664], [5.030715238677675, 52.27232905348637], [5.0307753730805675, 52.27236488944478], [5.030811112217891, 52.27239537599254], [5.0309165443568125, 52.272488430020395], [5.030933101842481, 52.272502869404605], [5.03095401413271, 52.2725333561686], [5.030994924089239, 52.27260610096584], [5.03102538175159, 52.27267777167423], [5.03106019868287, 52.272764950495706], [5.031098480702372, 52.27285854805277], [5.031115884666968, 52.27290454617289], [5.031121975854496, 52.27291417249036], [5.031173345436371, 52.27301098213256], [5.031224705389685, 52.273116348119366], [5.031256045487563, 52.273173038732445], [5.031271722984403, 52.273194962265606], [5.031438975450304, 52.273419594726924], [5.031481656283845, 52.273476292435646], [5.031532166673694, 52.27355062979305], [5.031559185266686, 52.273581656103765], [5.031687252997459, 52.273734079081486], [5.031751711796231, 52.27381216125824], [5.0318721719288755, 52.27395416225748], [5.031960810868603, 52.274059253451185], [5.032049664808611, 52.27417050187172], [5.0321350430251295, 52.27427854012397], [5.032343258987255, 52.27453953310003], [5.032396393931151, 52.27460478228068], [5.032454765339559, 52.27467484663795], [5.032586325380269, 52.274834756932556], [5.032686519685176, 52.27495562885539], [5.032733572881152, 52.27500643420818], [5.032778878814134, 52.27505403464388], [5.0328259455111395, 52.2750994922525], [5.032879980006134, 52.27514763111373], [5.032959279051182, 52.275211807993514], [5.03299850310286, 52.27524121677141], [5.033069984466158, 52.27528988416129], [5.033092645128393, 52.27530539308457], [5.033156276444671, 52.27534443793159], [5.033211195138348, 52.27537544852236], [5.03327833095812, 52.27541234672064], [5.033328025979865, 52.27543695128861], [5.0333977663055505, 52.275470639577804], [5.033474483105972, 52.27550593055085], [5.03354771937372, 52.275538550672216], [5.033647990126146, 52.27558026635963], [5.033793586960537, 52.275639616708006], [5.03385897470571, 52.27566796194279], [5.033940942416833, 52.27569897212975], [5.034001104563481, 52.275719293536135], [5.03406301890858, 52.27573854160805], [5.034199913755202, 52.27577383206487], [5.034262702069329, 52.275784517260384], [5.034333335531628, 52.27579627740885], [5.034478117556967, 52.27581445133174], [5.034581888192881, 52.2758288806918], [5.0347065986758075, 52.27584865721862], [5.034815601970931, 52.27586843174209], [5.034912395687536, 52.27588874500715], [5.03501181419067, 52.27591066584057], [5.0350798227043425, 52.27592830473651], [5.035155682272799, 52.275951836006804], [5.035229812981493, 52.27597536208175], [5.0352564667678505, 52.27598448315395], [5.035429374816123, 52.276044380130756], [5.035747436167973, 52.276142475152724], [5.036069011044216, 52.27624484895577], [5.03630846089186, 52.27632483223926], [5.036523460683604, 52.27640057218175], [5.036871281413458, 52.2765178964433], [5.0373956524554515, 52.27669493579352], [5.037545991850703, 52.276750412787564], [5.037729528366812, 52.276812270185], [5.037864112893284, 52.276857067633756], [5.038051116782231, 52.276917847248484], [5.038224142517552, 52.276971152398076], [5.038356921731417, 52.27700524846784], [5.038470910657849, 52.2770382014473], [5.039004514917334, 52.27714731305634], [5.039287366229409, 52.27720611697601], [5.039793458869971, 52.277311171450336], [5.040013073663373, 52.27735831938091], [5.040324393673154, 52.277427090979906], [5.0407216299694255, 52.27752149509269], [5.041147319631275, 52.27762586772189], [5.041241936066006, 52.27765192160339], [5.0414101711668, 52.27770408457588], [5.041601133101048, 52.277756286771435], [5.041787581845876, 52.27780289404896], [5.041840632798973, 52.27781518253956], [5.041893965739695, 52.277827013451976], [5.041947566083633, 52.2778383777553], [5.042001419176779, 52.27784927540654], [5.04205552508724, 52.27785969741764], [5.042109869091158, 52.27786965273312], [5.042164436603934, 52.27787913232236], [5.042354827897133, 52.27790875427545], [5.042410331794697, 52.27791653778741], [5.042466060168261, 52.27792371974515], [5.042521969057625, 52.277930300020074], [5.042578073113328, 52.27793627865476], [5.042634328375112, 52.27794165552075], [5.042690734840747, 52.27794643061785], [5.042747277924804, 52.27795059491556], [5.042803913667035, 52.27795414828569], [5.042856309527517, 52.27795647592864], [5.042908768873281, 52.277958174587134], [5.042961262327162, 52.27795925316346], [5.043013790025983, 52.277959693682355], [5.043066322592665, 52.27795950504604], [5.04311884537225, 52.277958687211886], [5.043171314334824, 52.27795724903967], [5.043223744269963, 52.27795517259679], [5.043288486294438, 52.277950741185975], [5.043361452982948, 52.27794574944916], [5.04342385214666, 52.277941104432095], [5.043486124006201, 52.27793586581724], [5.043548253836979, 52.27793004254984], [5.043610241706011, 52.27792362564255], [5.04367204351409, 52.277916632943004], [5.043733674050284, 52.27790904651893], [5.043802324433764, 52.277899422243266], [5.043870759297883, 52.27788924005847], [5.043938963918214, 52.27787850890989], [5.044006952945042, 52.27786722884049], [5.044074682418034, 52.27785539972304], [5.044142152265583, 52.27784303054564], [5.044209347832752, 52.277830121266135], [5.044389304780601, 52.27779161810197], [5.044566350364097, 52.27774867524278], [5.044805005126838, 52.277689390957775], [5.04489976194956, 52.277663214208324], [5.044994199483892, 52.2776366230202], [5.045088346963934, 52.277609626466464], [5.045182160429816, 52.27758222442073], [5.0452756692538046, 52.27755440798093], [5.045364080678031, 52.277528248461856], [5.045655955226761, 52.2774418742824], [5.046085661134876, 52.277312414108636], [5.04645132773125, 52.277204545285734], [5.046834238940315, 52.27709857645969], [5.046887754535509, 52.27708467357387], [5.046941646935606, 52.27707131101615], [5.046995886768684, 52.277058497689275], [5.047050459384082, 52.27704623355066], [5.047105364714783, 52.277034527587396], [5.04716055880543, 52.27702337967271], [5.047216070962675, 52.2770127898904], [5.047271842510145, 52.277002767059145], [5.047317763124932, 52.27699522348235], [5.047363899665324, 52.276988183825154], [5.047410222759377, 52.27698165699064], [5.04745674719829, 52.27697562504552], [5.047503428820438, 52.27697011482605], [5.047550253043721, 52.27696511730239], [5.047597234590673, 52.276960623528765], [5.047644329368544, 52.27695665135409], [5.0476915374474975, 52.27695319179051], [5.047738829455867, 52.27695025374146], [5.047784196786248, 52.27694799322156], [5.047829647158501, 52.27694637105638], [5.047875136617486, 52.27694538711964], [5.047920650512812, 52.27694504136931], [5.047966159541748, 52.27694533372128], [5.048011663706147, 52.27694626417557], [5.048057104330063, 52.27694784155166], [5.048102481552374, 52.276950047874436], [5.048147766001858, 52.27695289204755], [5.048192928444179, 52.27695636499939], [5.0482379541602835, 52.27696047567584], [5.048271085851864, 52.27696406690199], [5.04827556557645, 52.27696459204698], [5.0483040672595, 52.27696815201703], [5.048312967005522, 52.27696934593805], [5.048336869079537, 52.27697273093723], [5.04835014386514, 52.27697472831972], [5.04836949144986, 52.27697778568738], [5.048387081572722, 52.27698073016249], [5.048401890277489, 52.27698333411702], [5.048423721451891, 52.276987360286434], [5.048434080421036, 52.27698934930545], [5.048460048988511, 52.27699460067455], [5.048466003135067, 52.27699584906014], [5.048496049531451, 52.27700245128515], [5.0484976731412905, 52.277002824435705], [5.048524015433907, 52.277009029567964], [5.048531679124914, 52.277010911992654], [5.048550135416587, 52.2770155666062], [5.048566908602125, 52.27701996473834], [5.048576047810704, 52.27702242660494], [5.048601723311922, 52.27702960948041], [5.04867839643034, 52.2770590932882], [5.048918672709318, 52.27716304175716], [5.049009759179561, 52.277202875587555], [5.049086245533852, 52.27724736821847], [5.049115351063532, 52.27726405190501], [5.049115628162849, 52.27726422346544], [5.049143808695923, 52.277281156158516], [5.0491443628951025, 52.277281499279326], [5.049171589194498, 52.2772986719081], [5.049172405773114, 52.27729919553482], [5.04919869269574, 52.277316581178965], [5.049199742212666, 52.277317303202906], [5.049225089962767, 52.27733487490028], [5.049226372418483, 52.27733579532135], [5.049250780995501, 52.277353553072466], [5.049252281669562, 52.277354680836275], [5.049275736625215, 52.277372597637054], [5.049277440865557, 52.27737393270165], [5.0492999569197385, 52.27739199960683], [5.0493018500060005, 52.27739355091789], [5.049312828721282, 52.27740270490579], [5.049325479853757, 52.27741352641415], [5.0493511619208915, 52.2774372556811], [5.049376123788688, 52.27746127948204], [5.049400336219552, 52.27748558874617], [5.049423784628423, 52.27751017444434], [5.049446483735358, 52.277535027631444], [5.049468418955021, 52.2775601392783], [5.0494895757022755, 52.277585500355904], [5.049509954112477, 52.277611092889536], [5.049529539463805, 52.27763692582525], [5.049548317307306, 52.277662972158865], [5.0495663022261565, 52.27768924092023], [5.049581501803073, 52.27771568148177], [5.049595732823632, 52.27774231700743], [5.049609010007152, 52.277769138551776], [5.049621318767533, 52.27779613708567], [5.049632644586972, 52.277823294592345], [5.049642987531925, 52.27785060208449], [5.049652333084472, 52.27787804154541], [5.049660696031788, 52.27790559504185], [5.0496680763722726, 52.27793326257404], [5.049674430350447, 52.277961017053904], [5.049679801922665, 52.27798885860703], [5.049683041976942, 52.27801566946683], [5.049685490582868, 52.27804250503066], [5.0496871330181605, 52.27806937424444], [5.0496879987913195, 52.27809625022901], [5.049688073248257, 52.27812313294259], [5.04968734180287, 52.2781500133557], [5.049685833895744, 52.27817687357681], [5.049683520151595, 52.278203722509765], [5.049667112425155, 52.278398288438225], [5.049648432387601, 52.27862387374361], [5.049632972805909, 52.27891938429377], [5.049627895118042, 52.279229358863404], [5.04963472680535, 52.27943363499573], [5.049636858488022, 52.279538933096596], [5.049642366982107, 52.279739933881935], [5.049644123720542, 52.28001051643791], [5.049651921280171, 52.28007207812081], [5.049666116638086, 52.280205874986045], [5.049693620991627, 52.28035855723534], [5.049700385189923, 52.280394096300135], [5.049708014434016, 52.28042957491864], [5.049716523515817, 52.280464975157244], [5.049725883130348, 52.280500296932196], [5.049736122723012, 52.280535522351656], [5.049747212920517, 52.28057066031946], [5.049759168582954, 52.280605683914345], [5.049771975058712, 52.28064059309426], [5.049785647071444, 52.28067537891309], [5.049798819590143, 52.28070840169752], [5.04981288709013, 52.28074128322911], [5.049827864294975, 52.280774014561686], [5.049843721899247, 52.280806595611345], [5.0498604747628715, 52.280838999456684], [5.049878108233913, 52.28087122605562], [5.049896622314135, 52.2809032754077], [5.049916017209602, 52.2809351205497], [5.049936278200128, 52.280966770427064], [5.049957390837973, 52.28099819803473], [5.050059740055639, 52.28114055092], [5.050151334282675, 52.28125769825342], [5.050271758041733, 52.28139555463891], [5.050381161398485, 52.28151034379941], [5.050503158447839, 52.28162251731499], [5.050527167348164, 52.28164505514912], [5.050551999477576, 52.281667253785805], [5.0505776401828255, 52.281689113182814], [5.050604060292647, 52.28171061528099], [5.050631259943542, 52.281731742104625], [5.050659224482003, 52.28175249361154], [5.050687939322392, 52.28177286077181], [5.050717389947077, 52.28179282556801], [5.050753455708157, 52.28181780638937], [5.050790286779753, 52.2818423579628], [5.050827883162015, 52.281866480287505], [5.050866230405047, 52.281890146358414], [5.050905313854827, 52.281913356133025], [5.0509451189252, 52.281936100581405], [5.050985616375904, 52.28195837063187], [5.051026820860747, 52.28198016632539], [5.051068688553184, 52.282001469561045], [5.051111219520628, 52.28202227135062], [5.05114786036931, 52.28203907479548], [5.051185061698108, 52.28205540346862], [5.051222794130547, 52.28207126627379], [5.051261057733833, 52.282086654222965], [5.051299837988979, 52.28210154929881], [5.051339105587114, 52.28211595141747], [5.051378831286978, 52.282129851507776], [5.051419029673981, 52.28214325859837], [5.051459671642542, 52.28215614564284], [5.051504076278226, 52.28216950173196], [5.051548850955311, 52.28218237351391], [5.051593995672655, 52.28219476098846], [5.051639495775064, 52.28220666411347], [5.051685307366704, 52.28221807377628], [5.05173145975458, 52.28222899005959], [5.051777909042789, 52.28223940385081], [5.05182464050805, 52.28224932409559], [5.05187165428456, 52.28225873281833], [5.05221848895718, 52.28232382571258], [5.052729666759243, 52.28241725365977], [5.053168755715174, 52.282499690439145], [5.053532717711604, 52.28256774887539], [5.053782089803765, 52.28261523367389], [5.053921931817676, 52.28264347203901], [5.054163661636764, 52.28269594967714], [5.054411651010817, 52.28275410674073], [5.0546505198099325, 52.2828150328361], [5.054909035107359, 52.28288657430323], [5.055001764231242, 52.28291477785857], [5.055005375598914, 52.282915893501155], [5.055094227211687, 52.28294331314147], [5.05510142037932, 52.28294558028893], [5.055186394540201, 52.28297220703309], [5.055197169517496, 52.282975625679754], [5.055278281074098, 52.283001432612366], [5.05528544475064, 52.28300372662914], [5.055292608360809, 52.28300602963311], [5.0553777120362815, 52.28303693478878], [5.055432516097746, 52.283057185244424], [5.055486803551855, 52.28307793754149], [5.0555405743326025, 52.28309920066814], [5.055593799266318, 52.28312095656775], [5.055646493008419, 52.28314320528218], [5.0556986262509405, 52.283165946729966], [5.055750199061778, 52.28318917192418], [5.056120209258777, 52.28335949335449], [5.056642777401369, 52.2835951499328], [5.057147616660369, 52.283819214385204], [5.057157665446915, 52.28382377227379], [5.05721521240172, 52.283849862623406], [5.0575344675867475, 52.283994629482294], [5.057939630096314, 52.28417737439125], [5.058323574342011, 52.284348356799484], [5.058776491940524, 52.28455067218457], [5.058795145119305, 52.284559001733214], [5.058906028351241, 52.28460836491807], [5.059293775844301, 52.28476342835475], [5.0596164471860305, 52.28489388147531], [5.059663629474688, 52.28491285055178], [5.059711254564318, 52.284931398409796], [5.059759322586449, 52.2849495070735], [5.059807818752839, 52.28496719447706], [5.059856713884834, 52.28498444256368], [5.059906037291594, 52.28500125141395], [5.05995574507304, 52.285017611918065], [5.0600097841087495, 52.285034892150314], [5.060064207456966, 52.28505173301953], [5.060119000659807, 52.28506810752192], [5.0601741342736055, 52.285084033551044], [5.060229623018233, 52.28509950215938], [5.060285452303297, 52.28511450431826], [5.060341607472386, 52.285129039986764], [5.0603980738688845, 52.2851431091239], [5.060438001575084, 52.28515220723395], [5.060478270523921, 52.28516074004303], [5.060518836748896, 52.285168707429335], [5.0605597003806295, 52.285176091417384], [5.06060083210735, 52.28518289192594], [5.060642202617454, 52.28518910887373], [5.060683797254231, 52.28519474222007], [5.06072560142707, 52.28519978293671], [5.060767571169009, 52.285204230902025], [5.060809706478425, 52.28520808611579], [5.060853697373311, 52.28521071510921], [5.060897765834763, 52.285212760094495], [5.060941911729152, 52.28521423904679], [5.0609860764343395, 52.28521515180434], [5.061030274735601, 52.2852154804323], [5.061074477255119, 52.2852152338374], [5.061118654614954, 52.28521442092647], [5.061159068837775, 52.285213157223005], [5.061351951895779, 52.28519671091773], [5.0614122147549425, 52.28519072930409], [5.061472349651075, 52.285184208040484], [5.0615323124852605, 52.28517716498124], [5.0615921033210975, 52.28516959113897], [5.061651707435787, 52.28516149546121], [5.06171112482728, 52.28515287794825], [5.061855868894854, 52.28512981812985], [5.061922744133658, 52.2851174191963], [5.061989359158107, 52.285104525181474], [5.062055728489851, 52.2850911541013], [5.062121822948202, 52.285077287900464], [5.062187642465592, 52.28506293556692], [5.0622531869744085, 52.285048106088766], [5.0622918012071105, 52.285038433477915], [5.062330096622391, 52.285028265650745], [5.062368029056991, 52.28501762944956], [5.062405598641391, 52.285006506899556], [5.06244279065383, 52.28499490694849], [5.06247959030727, 52.28498284753155], [5.0625159683563155, 52.28497031958108], [5.062551910013968, 52.2849573410324], [5.062576392722843, 52.28494816880108], [5.062600424395355, 52.28493854593772], [5.062623960934968, 52.28492849029711], [5.062647016996209, 52.28491800191966], [5.0626695338275916, 52.28490709862014], [5.062691511363308, 52.28489578938633], [5.062712920293151, 52.28488407413821], [5.062733760420352, 52.28487197983882], [5.062753987845373, 52.28485949738027], [5.062773101676252, 52.28484698489998], [5.062791602477741, 52.28483412919928], [5.062809490118957, 52.284820948253696], [5.062826749813903, 52.28480745999845], [5.062832763783016, 52.28480271297009], [5.062834075875538, 52.28480164702303], [5.06283839645929, 52.28479800084681], [5.062841065985089, 52.28479568033349], [5.062843824620142, 52.2847931982845], [5.062847734666378, 52.28478957794524], [5.062849048265549, 52.284788305283186], [5.062854067264534, 52.28478333981812], [5.062858837717777, 52.284778292781205], [5.062861925510331, 52.28477488589309], [5.062863388869641, 52.284773173240374], [5.062867720785818, 52.284767972208094], [5.0628691551624145, 52.284766214536866], [5.062871833269652, 52.28476271664714], [5.062875741303976, 52.284757361659814], [5.062876496767695, 52.28475625823463], [5.0628808091351125, 52.284749717968914], [5.062881683869782, 52.28474833624959], [5.062884785026979, 52.2847430958903], [5.0628869534191745, 52.28473915620115], [5.062888409788487, 52.28473639195862], [5.0628931440479805, 52.284726257737155], [5.062897073134975, 52.28471600446637], [5.062900196984463, 52.28470564113393], [5.062902500745431, 52.28469519466248], [5.0629073980017045, 52.284670743352784], [5.06291479897985, 52.28458630547155], [5.062921641295613, 52.2845061262648], [5.062921264346703, 52.28438696522974], [5.062905327534995, 52.28423913544063], [5.062885681606326, 52.283970913123866], [5.062861022376935, 52.283646629229196], [5.062837225692507, 52.28334277690536], [5.0628147535447265, 52.28304221772064], [5.062801986049831, 52.28286985093443], [5.062794704394594, 52.28277718488319], [5.062796292605876, 52.28266992902508], [5.062800110408568, 52.28257243102697], [5.062812365190729, 52.282477490725896], [5.06282851084126, 52.28237951423539], [5.062841208623602, 52.282308213017096], [5.062861688177202, 52.28223083942159], [5.062872994348557, 52.28219964686552], [5.0628851934218035, 52.28216859157375], [5.062898285460656, 52.2821376645584], [5.062912270332378, 52.282106883794455], [5.062927118661571, 52.28207625818873], [5.062942859623723, 52.28204580579652], [5.062959463974573, 52.282015517549524], [5.063002002823125, 52.28194350720085], [5.063023940933874, 52.28190924299007], [5.063046698194664, 52.28187517875175], [5.063070245295863, 52.28184131440504], [5.063094596759037, 52.28180766796492], [5.063119737928766, 52.28177423939066], [5.063145668738109, 52.28174103766942], [5.063172374466299, 52.28170807174814], [5.063208499014105, 52.28166758188643], [5.0632452520442754, 52.28162730944207], [5.063282618901695, 52.28158725437433], [5.0633206143045735, 52.281547407735154], [5.063359208813168, 52.281507787418896], [5.063480563866165, 52.28139450508513], [5.063559035353983, 52.28132421069127], [5.0635794938658725, 52.281305895645794], [5.063648063328807, 52.28124909172397], [5.063813732779175, 52.28113150829354], [5.064059083381145, 52.28095228844664], [5.064173112274274, 52.280868707987075], [5.064230524175776, 52.28083068468402], [5.064254616499524, 52.2808163879983], [5.064254881374755, 52.2808162359293], [5.064279277690936, 52.2808024523726], [5.064279807375708, 52.28080215722204], [5.064304478377411, 52.280788886714085], [5.064305287459904, 52.280788457509516], [5.064330203840226, 52.28077569997002], [5.06433130690857, 52.28077514573897], [5.064356439426008, 52.28076289210012], [5.064357836349321, 52.280762230817615], [5.064383185004434, 52.28075048107921], [5.064384890436157, 52.28074971278516], [5.064410396549733, 52.28073847577458], [5.0644124251431855, 52.28073760050878], [5.064445188788894, 52.280723812793795], [5.064478462096429, 52.28071046686217], [5.064512186321531, 52.28069758052879], [5.064546376118398, 52.28068515383322], [5.064581016768922, 52.28067319572268], [5.064616064313016, 52.28066170607689], [5.064651533274727, 52.28065070291067], [5.064687379694099, 52.28064018610375], [5.064723603572046, 52.28063015565581], [5.064827280446504, 52.28059974504445], [5.0649349156854875, 52.28057917776852], [5.06505126677737, 52.28055903858935], [5.06509865277122, 52.28055158197786], [5.065146240320663, 52.280544620224575], [5.065194014903653, 52.28053813531413], [5.065241961672952, 52.28053215416929], [5.065290066106707, 52.28052665877471], [5.065338298769182, 52.28052166702561], [5.065386674380534, 52.28051716997414], [5.065435163635251, 52.28051316754036], [5.065464358323218, 52.280510559626656], [5.0654936659465655, 52.280508545206864], [5.06552307198278, 52.28050710626588], [5.065552546931019, 52.28050626968677], [5.0655820323081615, 52.28050601733479], [5.065611528050341, 52.280506358197584], [5.065640990263033, 52.28050728316793], [5.0656703895752955, 52.280508801153886], [5.065699682027617, 52.28051091203587], [5.065722995502465, 52.2805130515956], [5.065746173135798, 52.28051573903642], [5.06576915624922, 52.28051898318677], [5.065791915666274, 52.28052276599181], [5.065814407427037, 52.28052708733223], [5.065836616878641, 52.280531947168335], [5.065858514844543, 52.28053732744548], [5.065880042775944, 52.2805432190169], [5.065901186019882, 52.28054962184307], [5.065867362172214, 52.28101253574228], [5.065859995917535, 52.28111331374233], [5.065877225842385, 52.28124968729123], [5.0658799148869775, 52.28127098666138], [5.065859788760144, 52.28126573703337], [5.065839277483516, 52.28126106157349], [5.0658184395417605, 52.281256978416145], [5.065797304176942, 52.28125349662835], [5.065775944657252, 52.28125061640917], [5.065754375505764, 52.281248355773435], [5.065732655401859, 52.281246705892826], [5.065710842829941, 52.28124568490181], [5.065688981815459, 52.28124528393225], [5.065667101600211, 52.28124551205147], [5.0656452755172685, 52.281246360471016], [5.065623532808367, 52.28124783825821], [5.065601917563961, 52.28124992755748], [5.065580488398424, 52.28125262852829], [5.065559289207339, 52.2812559502779], [5.06553836414631, 52.28125986596324], [5.065491357163401, 52.281271557029434], [5.065492526836586, 52.281292187179105], [5.065496245950004, 52.28135744861869], [5.06555921905721, 52.28187164032025], [5.0655945238074, 52.282181410442526], [5.065620940400485, 52.28238688010221], [5.065636451413266, 52.2825076012488], [5.065658153954463, 52.28269219742399], [5.065645343277341, 52.28287297880653], [5.065627655662333, 52.28309994412163], [5.065613247990775, 52.28328469374425], [5.065576741497968, 52.28377132777786], [5.065537805590835, 52.28430399954771], [5.065522774628831, 52.28451200779794], [5.065508818523112, 52.284705117223474], [5.065478702878827, 52.28508794166223], [5.0654723435939655, 52.28518503731332], [5.065471486614254, 52.28519815713902], [5.065467747220483, 52.28519847052611], [5.065464008216674, 52.28519872998748], [5.065460254882847, 52.28519894447078], [5.065456487283868, 52.28519910498852], [5.06544009786281, 52.28519975245735], [5.065423668507052, 52.285199842573014], [5.065407243247719, 52.28519936646744], [5.065390909951038, 52.28519833336754], [5.06537468320767, 52.28519675230084], [5.065358621703638, 52.28519461443928], [5.065342783930001, 52.28519193791776], [5.065037506495889, 52.28512997182028], [5.064791874263108, 52.285080543725364], [5.064727267219594, 52.28521279351297], [5.064725288506327, 52.285216868569144], [5.064559505814714, 52.28555235260962], [5.06440906297787, 52.28586388989133], [5.064273878271065, 52.28613859177981], [5.0642148496647925, 52.286257033296955], [5.064194513347763, 52.28629255137885], [5.064018555566988, 52.286476194274364], [5.0637515916684634, 52.286741313897124], [5.06342582210257, 52.28705511150957], [5.063311131239746, 52.287170865609525], [5.063297706202864, 52.287182953352335], [5.063283550595806, 52.287194733508315], [5.0632687085820125, 52.287206179234744], [5.063253180226696, 52.287217281543796], [5.06323699497225, 52.28722802254034], [5.063220167539814, 52.287238393276645], [5.063119999918613, 52.28729581136773], [5.062793623643026, 52.28747862670133], [5.062405180147084, 52.287694938901446], [5.062008516184962, 52.2879205205803], [5.06166080481571, 52.28811947907515], [5.061502175158117, 52.28821006152817], [5.061388728991158, 52.28827485649585], [5.061311766007485, 52.28831515234995], [5.060933503982194, 52.28852014519038], [5.060510841726571, 52.28875733421929], [5.060092191633669, 52.288990434406834], [5.059806826165973, 52.289153752567906], [5.059552623623922, 52.28931244678216], [5.059540299286015, 52.289320133136584], [5.059462994493252, 52.289308881954405], [5.059406833026912, 52.2892965119258], [5.059128616275538, 52.28918753667835], [5.058664475925711, 52.289013754889204], [5.0583661144627, 52.28889821472345], [5.058298038863389, 52.28887185302357], [5.0582568428034005, 52.2888535202297], [5.058188083345034, 52.28882650045636], [5.057727717092726, 52.28865074815118], [5.0575635124744105, 52.288580554436706], [5.057385522996775, 52.288499617609176], [5.057339057440606, 52.288478483586765], [5.057286750869232, 52.2884643257422], [5.056890985532696, 52.28831977614926], [5.056788185735314, 52.28828223465747], [5.056547366398412, 52.28819544972024], [5.056398348019298, 52.288143164532855], [5.056149443382635, 52.28804606515867], [5.056125082015278, 52.28803655979714], [5.055586557245188, 52.28782911405913], [5.055469704884871, 52.2877816724161], [5.055431906354921, 52.28776399527963], [5.055382832916008, 52.287748857002065], [5.055311006786473, 52.28772669831447], [5.0550317055766, 52.28762624869971], [5.054875092685505, 52.28756499740837], [5.054854470058107, 52.287557335795775], [5.054834260824666, 52.28754927089135], [5.054814479574297, 52.28754081172399], [5.054795155551792, 52.287531967363954], [5.054776303346044, 52.28752274684021], [5.054769470399038, 52.28751924936311], [5.054762711068249, 52.2875157071537], [5.05475601076513, 52.28751211118315], [5.054749384078291, 52.28750847048025], [5.054478410454497, 52.287372720985154], [5.054436212367154, 52.287351588830305], [5.054417332749245, 52.287342134489236], [5.054111331068938, 52.2871910063481], [5.05374140504768, 52.28700036665446], [5.0534897818395335, 52.286870691240324], [5.053441510249085, 52.286850476317504], [5.053035700617653, 52.28663018129177], [5.052769144685191, 52.286485254804724], [5.052738048042331, 52.28650823849858], [5.0524924424138185, 52.286689761919384], [5.052253599211424, 52.286858541331306], [5.051975973740882, 52.28705657341481], [5.051807338444191, 52.28716970982619], [5.05165265249395, 52.28726956568444], [5.051578773346643, 52.28731782714641], [5.0515647141163065, 52.28732418654659], [5.051550145252613, 52.28733010409746], [5.051535110858833, 52.28733556194838], [5.051519655038426, 52.28734054224888], [5.051503792515255, 52.28734503605272], [5.051487581980889, 52.28734903453865], [5.0514710675388095, 52.28735251985609], [5.051454278501132, 52.28735549208818], [5.051384235402668, 52.28736927820466], [5.0513691141293116, 52.28737265062268], [5.0513542969608825, 52.28737650924258], [5.051339842655922, 52.28738083625565], [5.051325766005725, 52.287385613728596], [5.051312110977313, 52.287390841786376], [5.051298921741597, 52.28739649359125], [5.051286242265827, 52.287402569268224], [5.051274087477179, 52.28740903290877], [5.051077224282535, 52.28755085797847], [5.050976993469875, 52.28762221466376], [5.050953112666662, 52.2876384955411], [5.050928502108705, 52.28765436988841], [5.050903205899524, 52.2876698198553], [5.050877224039193, 52.28768484544116], [5.050850571387614, 52.287699419724554], [5.050823291844609, 52.287713551817625], [5.05079538561445, 52.28772721475725], [5.050771339248228, 52.287740178635886], [5.050746637022383, 52.28775265530359], [5.050721308181111, 52.28776465383105], [5.05069536758465, 52.2877761472967], [5.050668829889339, 52.287787135741844], [5.050641753923489, 52.28779759237021], [5.050614139687691, 52.28780751718142], [5.050586016562526, 52.28781690127088], [5.050487823409828, 52.28784542758011], [5.050404330664364, 52.28787198241012], [5.050360399947931, 52.28782050111896], [5.0503522646992325, 52.2878109598886], [5.050381877287895, 52.28779843437359], [5.050125815721763, 52.287572435096884], [5.049741704713099, 52.28724040059135], [5.049517954132493, 52.2870352808946], [5.049417957897954, 52.286942421172185], [5.049247189440076, 52.28677421229226], [5.049156442159966, 52.28667750503739], [5.048973890764871, 52.286478676642965], [5.048919341645488, 52.286424737726186], [5.048775274410787, 52.28628228261258], [5.048444677452044, 52.285956059201006], [5.048220565576231, 52.28572690260239], [5.048195577735447, 52.285696146677694], [5.048187275139328, 52.28568944495305], [5.048178178147872, 52.28568313641299], [5.0481683451081985, 52.2856772571758], [5.0481578197804495, 52.28567183433008], [5.048146689753531, 52.28566691306566], [5.04813498420062, 52.28566251144162], [5.0481227762608, 52.28565864764304], [5.0481101390042795, 52.2856553488426], [5.0480971455698755, 52.28565263322559], [5.048090493461224, 52.285652434395175], [5.048083963117218, 52.28565164271979], [5.048077686435372, 52.285650258577654], [5.04807180962552, 52.28564832732695], [5.0480664789662235, 52.28564588533844], [5.048061781977726, 52.28564298678981], [5.048057835490766, 52.28563968594299], [5.048054726751449, 52.28563607292602], [5.048052528487477, 52.285632219849866], [5.047826817733724, 52.28538836286875], [5.047631325744762, 52.28518138820997], [5.04751418405688, 52.285058710047764], [5.047491815113677, 52.285028644562935], [5.047484233419789, 52.28501968892413], [5.04706745280041, 52.28473758664035], [5.046970079623135, 52.2846920799925], [5.046892336697194, 52.28465719040459], [5.046551697067036, 52.28447645391583], [5.046349014485332, 52.284365733550956], [5.045859561364986, 52.28409085036121], [5.045507225321662, 52.28389237111998], [5.0451817603896005, 52.28370270466548], [5.045094696344174, 52.283658772170654], [5.0445681775554, 52.2833863738019], [5.044529510833946, 52.283366398746324], [5.044491404133377, 52.28334602085036], [5.044453842661066, 52.28332525804725], [5.044416870380636, 52.28330411046492], [5.044380487222827, 52.283282587091584], [5.044344693187811, 52.28326068792767], [5.0439574256735105, 52.28303475287842], [5.043829503800122, 52.282968438081916], [5.043473650005656, 52.28278373874612], [5.043448690633872, 52.282770795676754], [5.043423230252633, 52.282758210657214], [5.043397283307603, 52.28274601069261], [5.0433708791070035, 52.282734195867775], [5.0433440176506235, 52.28272276618246], [5.043316728177062, 52.2827117307091], [5.0432263183854795, 52.282672658475846], [5.043101263825835, 52.28261862854675], [5.04277865748143, 52.28248813933357], [5.0424760108522575, 52.2827171292417], [5.042085831172801, 52.28301380166446], [5.04175579030071, 52.28326508937051], [5.041625036621338, 52.28336931624632], [5.041381565540219, 52.28351959939587], [5.040938212645348, 52.28379436205195], [5.040794009150384, 52.28388076178399], [5.040786410693398, 52.283881683243564], [5.040778670169529, 52.2838820290679], [5.040770934335579, 52.28388177272344], [5.040763291049754, 52.28388092345542], [5.040755901373461, 52.28387949971131], [5.040748838370167, 52.28387752866847], [5.040742248446493, 52.28387502873157], [5.04046524333836, 52.283716687836936], [5.040427620073618, 52.28370029163809], [5.040329414082144, 52.28365750035092], [5.04014923954803, 52.283575767020025], [5.040089949492885, 52.28354713765352], [5.039752907809027, 52.283379433307424], [5.039580660744765, 52.283290577097816], [5.039521331519452, 52.28326330448453], [5.039499720086492, 52.28325337234659], [5.039429249088878, 52.283243512231586], [5.03892480374992, 52.283503509489265], [5.0386584891276405, 52.28364086722388], [5.0385279153389435, 52.28370985906856], [5.038418149379497, 52.28376786614509], [5.038259176095743, 52.28385707734978], [5.038125120620248, 52.283936322534004], [5.037985755531901, 52.284019812099764], [5.037841135342686, 52.28410432855996], [5.03766306840691, 52.284206047485455], [5.0376294308578835, 52.28422521788074], [5.037542575564267, 52.28427299185754], [5.037344131052575, 52.28437914394384], [5.0372173761284635, 52.284448379320295], [5.037175281472034, 52.2844713623438], [5.037015178243875, 52.28456570954594], [5.036868995141824, 52.28465468711952], [5.0368080938924376, 52.28469114092223], [5.03675760052896, 52.28471794568589], [5.036707134142413, 52.28474689858996], [5.036576559119607, 52.28481338966796], [5.036308444347854, 52.28494851678313], [5.0358000356937795, 52.28520269181393], [5.03556325952422, 52.28532173233362], [5.035410029150473, 52.28539680100971], [5.03514885245044, 52.28552657143468], [5.034866733558658, 52.28565422068585], [5.034852109803509, 52.28566130443319], [5.034817154188634, 52.28567821416513], [5.034793600294648, 52.285689612397675], [5.034710012700622, 52.28572930501853], [5.0345027915314, 52.28582797529395], [5.034269447322234, 52.285938449105785], [5.03401865301926, 52.28605001179261], [5.033766119551583, 52.2861626472846], [5.033420193409209, 52.28631457612166], [5.033345145591944, 52.28625138313049], [5.033212457394683, 52.28625810435435], [5.033150739802665, 52.28630992294976], [5.033034268216981, 52.28640956335625], [5.032917802244763, 52.28651027321092], [5.0327456913138855, 52.28665278016986], [5.032578750265087, 52.28678457994688], [5.032368374044335, 52.28695602013732], [5.032253614924795, 52.28704816909157], [5.032098835496404, 52.28716711619905], [5.03185885366285, 52.28735463560917], [5.031641539522947, 52.28753891517755], [5.031439888862469, 52.28771248308205], [5.0312330103300615, 52.28788713141447], [5.030928754438476, 52.28814213348685], [5.030794899739724, 52.2882589129415], [5.03052841783541, 52.28848718128803], [5.0302920518149845, 52.28821878490644], [5.030060448883285, 52.287952595437154], [5.029856957914829, 52.28772489526506], [5.0297288877187345, 52.28757949922238], [5.029521873133284, 52.28734751859891], [5.029162356151753, 52.286969105282644], [5.028916759596095, 52.2866932991162], [5.0287939940067865, 52.28655966513374], [5.028630862525429, 52.28638114044225], [5.028418617596811, 52.28614489072514], [5.0283168987056515, 52.28603691731175], [5.02818008802811, 52.28588619020004], [5.028011683965604, 52.28569696212732], [5.027818765434366, 52.285487436772264], [5.027666096519481, 52.285304619362805], [5.027543296399534, 52.28516350608026], [5.027488877362919, 52.28509507826211], [5.0272274824005505, 52.2847946657306], [5.027109929082608, 52.28465568008151], [5.027062553136625, 52.28459902055272], [5.027006082400918, 52.28454162326657], [5.026976535394469, 52.28451474064613], [5.026936308228915, 52.28446753103855], [5.026874875815166, 52.28438948259222], [5.02678540508209, 52.28428470883279], [5.026692402215057, 52.284174594471416], [5.0265924598583895, 52.28407090312231], [5.026508273357572, 52.28397790129606], [5.026438089460107, 52.28389129649936], [5.026348566958427, 52.28377689630633], [5.026308162810353, 52.283719152237055], [5.026276532229706, 52.283671033899225], [5.026199331673439, 52.28357694766563], [5.0260940552328055, 52.28345186661087], [5.02601685869677, 52.283360988908726], [5.0259571674046315, 52.28328186674463], [5.025879944333301, 52.28318350203179], [5.0257623247545276, 52.28302846257112], [5.0256921139236725, 52.28293651847476], [5.02553590602381, 52.282738713695544], [5.025418315777103, 52.28259116978898], [5.025244566932902, 52.28237199187781], [5.025077403551438, 52.28217033311326], [5.0250539129997644, 52.28214147324945], [5.024975440186902, 52.282044101734506], [5.024921070032735, 52.28197782091124], [5.024856174294456, 52.2818976306446], [5.024742179579863, 52.28176078354563], [5.024600081668933, 52.281582227649395], [5.024554473583125, 52.28152341541718], [5.02449134984808, 52.28145071721389], [5.024463314437005, 52.281424000358896], [5.024428297769301, 52.28139621050672], [5.024381632669321, 52.281357446748586], [5.024366713386584, 52.281364797932184], [5.024353971658846, 52.28137107725955], [5.024276550032203, 52.28140924454311], [5.023902214679991, 52.281602330442546], [5.0236845548857705, 52.28171175310574], [5.023592074841327, 52.281768739043976], [5.023583694289792, 52.28177390822342], [5.023550543377195, 52.28179218633385], [5.023517475057967, 52.28181469794368], [5.023454834549487, 52.28185330561168], [5.023416534524156, 52.28187581907542], [5.0233921439136475, 52.2818854868141], [5.0233840135117775, 52.281888733359395], [5.023375447018239, 52.28189154714789], [5.023366547158064, 52.281893910519955], [5.023357328805966, 52.2818957965579], [5.023347894613453, 52.281897196589725], [5.023338303270332, 52.281898101808075], [5.023328613392762, 52.28189851239339], [5.023318913051897, 52.28189841064105], [5.0232927578151125, 52.281901655638606], [5.02328101954207, 52.28190167344064], [5.023269321039463, 52.28190220366861], [5.023257706121715, 52.281903264433026], [5.023246262932994, 52.281904829041714], [5.023235020780773, 52.28190689758496], [5.023224053008104, 52.281909461300806], [5.023213418304174, 52.28191251138216], [5.023203175505213, 52.28191602104678], [5.023193368720062, 52.281919972455015], [5.023071480304058, 52.28198004913612], [5.022986165925815, 52.282026172437845], [5.022965286526805, 52.28204011112117], [5.022943763147335, 52.28205394895124], [5.022922662660297, 52.28206803973857], [5.0229019998670035, 52.282082365553386], [5.022881774767503, 52.282096926396], [5.022870555177197, 52.28210696715412], [5.022868384617072, 52.282108964746286], [5.022859613051676, 52.282117125607506], [5.022855403447556, 52.28212116613558], [5.022848963044956, 52.282127401801354], [5.0228428166785815, 52.28213352153136], [5.0228386052308345, 52.2821377867482], [5.022835915738971, 52.28214051974052], [5.022833270061661, 52.28214327084335], [5.022830638964484, 52.28214603097882], [5.0228285547052645, 52.282148226567806], [5.022826485026242, 52.282150431189486], [5.022824429927472, 52.28215264484385], [5.022820661634414, 52.2821582685836], [5.02281928098975, 52.28216043937715], [5.022817171252146, 52.28216395609425], [5.0228146878000635, 52.28216837043979], [5.022813973434783, 52.282169707420856], [5.022811053528343, 52.28217552251848], [5.022810650653179, 52.28217640208152], [5.02280968076295, 52.282178520213925], [5.022808381194102, 52.28218152712273], [5.0228071694758, 52.282184543290015], [5.02280133775054, 52.28218803056158], [5.022795885189413, 52.28219174369638], [5.0227908412477245, 52.282195664809564], [5.022786235307286, 52.28219978500396], [5.022772310703386, 52.2822072918443], [5.022707727521581, 52.28223782208344], [5.022542748225561, 52.28231998323269], [5.0224135836830675, 52.28238430600235], [5.021867208979982, 52.28265326889607], [5.021926166008579, 52.28493185809215], [5.021862873926929, 52.28942555923508], [5.021859827386084, 52.28955376063917], [5.0218515455317085, 52.289903521825714], [5.0217893073700655, 52.29391922478749], [5.021755442928163, 52.29596893619446], [5.021748211690807, 52.296413548213756], [5.021715724811013, 52.29841288642243], [5.0216633136838595, 52.30122140312818], [5.021638293031334, 52.301589824333405], [5.021621452222146, 52.301854911455564], [5.021543196394508, 52.30245685000958], [5.0206424540887635, 52.302471920843125], [5.02064139836643, 52.30247193554714], [5.020571269910837, 52.30247245520308], [5.0204994993012235, 52.30247298770216], [5.020489793067673, 52.302473056477005], [5.020361036235752, 52.30247517381381], [5.020349716280305, 52.30247536340142], [5.0203405958086, 52.30247551487057], [5.020337443227511, 52.302475568007395], [5.020321343124615, 52.302475832644355], [5.020315258318706, 52.30247588567376], [5.020277986975357, 52.30247621945372], [5.020199118993839, 52.30247691849764], [5.020112714566372, 52.30247769296636], [5.020110602749909, 52.30247776730254], [5.020108520329165, 52.302477832742134], [5.020106452494985, 52.3024779072147], [5.020104370000014, 52.30247798164175], [5.020102287505034, 52.30247805606877], [5.020100219745053, 52.30247812155373], [5.0200981372500575, 52.302478195980676], [5.020096054829334, 52.30247826142005], [5.020093972334327, 52.302478335846914], [5.020091889913536, 52.30247840128619], [5.020089822079301, 52.30247847575852], [5.020087739658496, 52.30247854119771], [5.020085657237688, 52.30247860663688], [5.02008357481687, 52.30247867207607], [5.020081507056834, 52.302478737560655], [5.020079424636005, 52.30247880299975], [5.020077342215225, 52.302478868438776], [5.0200752597943845, 52.30247893387776], [5.020073177373539, 52.302478999316726], [5.020071109687697, 52.30247905581366], [5.020069027266838, 52.30247912125257], [5.020066944845973, 52.3024791866914], [5.020064862499386, 52.30247924314265], [5.02006278007851, 52.302479308581475], [5.020060712392638, 52.30247936507818], [5.020058629971753, 52.30247943051686], [5.020056547625089, 52.30247948696799], [5.020054465278419, 52.30247954341913], [5.020052382931798, 52.30247959987021], [5.020050300585117, 52.30247965632122], [5.0200482328992155, 52.30247971281769], [5.020046150552523, 52.302479769268636], [5.020044068205828, 52.30247982571955], [5.020041985859126, 52.302479882170424], [5.020039903512474, 52.3024799386213], [5.020037821239996, 52.302479986084535], [5.020035738893279, 52.302480042535336], [5.020033671207341, 52.30248009903157], [5.020031588934849, 52.302480146494744], [5.020029506588119, 52.3024802029454], [5.020027424315615, 52.30248025040845], [5.020025342043162, 52.30248029787149], [5.020023259696417, 52.30248035432204], [5.0200211774239, 52.30248040178501], [5.020019095151379, 52.302480449247966], [5.02001702753964, 52.3024804967564], [5.0200149452671115, 52.30248054421925], [5.020012862994631, 52.302480591682084], [5.020010780722095, 52.30248063914489], [5.0200086985237915, 52.30248067762008], [5.020006616251244, 52.30248072508283], [5.020004533978748, 52.302480772545515], [5.020002451780434, 52.30248081102061], [5.020000369507876, 52.30248085848321], [5.019998301970336, 52.302480897003754], [5.019996219697769, 52.30248094446629], [5.01999413749944, 52.30248098294126], [5.01999205522692, 52.30248103040372], [5.019989973028582, 52.302481068878585], [5.01998789083024, 52.30248110735343], [5.019985808631895, 52.30248114582826], [5.019983726433602, 52.302481184303055], [5.0199816442352505, 52.30248122277779], [5.019979562036895, 52.302481261252474], [5.019977479838536, 52.30248129972718], [5.019975397714475, 52.30248132921424], [5.0199733155161095, 52.30248136768884], [5.01997123331774, 52.3024814061634], [5.019969165854398, 52.3024814356959], [5.019967083656023, 52.30248147417036], [5.019965001531889, 52.30248150365731], [5.0199629193335635, 52.302481542131694], [5.0199608372094255, 52.30248157161853], [5.019958755085286, 52.30248160110533], [5.019956672961142, 52.302481630592126], [5.019954590762802, 52.302481669066395], [5.019952508638654, 52.302481698553095], [5.019950426514501, 52.302481728039744], [5.019948344390348, 52.302481757526344], [5.019946262340443, 52.3024817780254], [5.019944180216337, 52.302481807511946], [5.0199420980921765, 52.30248183699845], [5.01994001596801, 52.30248186648488], [5.019937933918095, 52.30248188698381], [5.019935851793981, 52.30248191647019], [5.019933769744062, 52.30248193696903], [5.019931687619887, 52.30248196645535], [5.019929605569965, 52.302481986954064], [5.019927523520095, 52.30248200745279], [5.019925441470169, 52.30248202795148], [5.019923359345984, 52.302482057437665], [5.019921277296054, 52.302482077936276], [5.0199191952461755, 52.302482098434844], [5.019917113196243, 52.30248211893336], [5.019915031146305, 52.30248213943189], [5.01991296383141, 52.302482150988304], [5.019910881781471, 52.302482171486695], [5.01990879973153, 52.30248219198511], [5.019906717681642, 52.30248221248341], [5.019743513496413, 52.30248710725389], [5.019582935056719, 52.30249360079451], [5.019580207263835, 52.30249370017014], [5.019577450149476, 52.30249379945463], [5.019574692960722, 52.30249390772657], [5.019571935846281, 52.30249400701086], [5.019569178657502, 52.30249411528267], [5.019566421468762, 52.30249422355437], [5.019563678940691, 52.302494331871635], [5.019560921751928, 52.30249444014324], [5.019558164563093, 52.30249454841478], [5.019555407374247, 52.30249465668627], [5.019552650185389, 52.30249476495766], [5.0195499076573045, 52.30249487327459], [5.019547150394088, 52.30249499053341], [5.0195443932052415, 52.302495098804656], [5.019541635941999, 52.3024952160633], [5.01953889341386, 52.30249532437999], [5.019536136150586, 52.302495441638584], [5.019533378887297, 52.30249555889705], [5.01953062162405, 52.30249567615546], [5.019527879021466, 52.30249579345941], [5.01952512175819, 52.302495910717724], [5.0195223644948435, 52.30249602797598], [5.0195196072314845, 52.30249614523412], [5.019516864628899, 52.302496262537815], [5.0195141072911715, 52.302496388783425], [5.019511350027769, 52.30249650604143], [5.019508607350798, 52.30249663233241], [5.019505850013026, 52.302496758577824], [5.019503092749633, 52.302496875835615], [5.01950033541183, 52.30249700208088], [5.019497592734799, 52.30249712837166], [5.019494835396966, 52.302497254616775], [5.019492078059116, 52.30249738086187], [5.01948933538204, 52.30249750715248], [5.019486577969815, 52.30249764238495], [5.019483835292708, 52.302497768675394], [5.0194810779547945, 52.30249789492021], [5.019478320542523, 52.3024980301525], [5.019475577865366, 52.30249815644277], [5.0194728204530605, 52.30249829167492], [5.019470077701528, 52.302498426952596], [5.0194673202891895, 52.302498562184674], [5.0194645628768875, 52.302498697416596], [5.019461820125249, 52.30249883269407], [5.019459062712914, 52.302498967925956], [5.019456319961245, 52.302499103203274], [5.019453562548877, 52.30249923843502], [5.019450819722822, 52.30249938269976], [5.019448062310422, 52.30249951793133], [5.019445304823596, 52.30249966215039], [5.019442562071897, 52.30249979742745], [5.019439804585038, 52.30249994164633], [5.01943706175895, 52.3025000859108], [5.019434304272053, 52.30250023012961], [5.0194315614459315, 52.302500374393894], [5.019428803959001, 52.30250051861257], [5.019426061132841, 52.3025006628768], [5.01942331830661, 52.302500807140895], [5.019420560819684, 52.302500951359356], [5.01941781791906, 52.30250110461093], [5.019415060432095, 52.30250124882923], [5.019412317531435, 52.30250140208067], [5.019409560044433, 52.30250154629891], [5.019406817143735, 52.30250169955018], [5.019404059582337, 52.3025018527558], [5.019401316681603, 52.302502006006954], [5.019398573780903, 52.302502159258054], [5.0193958162193955, 52.302502312463446], [5.019393073318655, 52.30250246571445], [5.0193903157571125, 52.30250261891975], [5.019387572781972, 52.30250278115812], [5.0193848298811785, 52.3025029344089], [5.01938207224521, 52.30250309660152], [5.019379329344378, 52.30250324985222], [5.019376586369163, 52.302503412090296], [5.019373828733134, 52.30250357428276], [5.019371085832244, 52.30250372753326], [5.019368342856914, 52.30250388977116], [5.019365599881619, 52.30250405200899], [5.0193628422455125, 52.30250421420123], [5.019360099195809, 52.30250438542648], [5.0193573562204525, 52.30250454766414], [5.019354598584286, 52.302504709856116], [5.019351855534517, 52.302504881081234], [5.019349112559102, 52.302505043318696], [5.019346369509238, 52.302505214543636], [5.019343611798673, 52.302505385722974], [5.019340868823141, 52.30250554796025], [5.019338125773271, 52.30250571918497], [5.019335382723379, 52.30250589040968], [5.019332639673411, 52.30250606163434], [5.019329881962741, 52.3025062328133], [5.0193271388383565, 52.30250641302534], [5.019324395788379, 52.30250658424978], [5.019321652738383, 52.30250675547414], [5.019318909613987, 52.30250693568602], [5.019316166563892, 52.302507106910255], [5.0193134234394545, 52.302507287122], [5.019310680314992, 52.3025074673336], [5.01916146584324, 52.30251552356572], [5.019157754214277, 52.30251580861364], [5.019154042585212, 52.30251609366144], [5.019150316220948, 52.30251638765101], [5.019146604517429, 52.30251668168613], [5.019142878227478, 52.30251696668799], [5.019139166523863, 52.30251726072284], [5.019135440159402, 52.30251755471198], [5.0191317284556884, 52.3025178487466], [5.019128016751871, 52.302518142781146], [5.019124290312848, 52.302518445757464], [5.0191205786089865, 52.30251873979175], [5.019116866905078, 52.30251903382593], [5.019113140465903, 52.30251933680191], [5.019109428761896, 52.30251963083584], [5.019105716983363, 52.30251993385719], [5.019101990544038, 52.30252023683282], [5.01909827876546, 52.30252053985396], [5.019094567061253, 52.30252083388743], [5.01909084062178, 52.30252113686267], [5.019087128768569, 52.302521448871005], [5.019083416989788, 52.30252175189164], [5.019079705210959, 52.302522054912174], [5.019075993432023, 52.30252235793263], [5.019072266917869, 52.30252266989485], [5.019068555138885, 52.30252297291502], [5.019064843285422, 52.30252328492265], [5.0190611314318545, 52.30252359693014], [5.019057419578287, 52.30252390893749], [5.0190537077991015, 52.302524211957234], [5.019049981284636, 52.30252452391873], [5.01904626943086, 52.30252483592577], [5.019042557502656, 52.30252515692024], [5.019038845648829, 52.30252546892703], [5.019035133794899, 52.30252578093369], [5.019031421866533, 52.30252610192781], [5.019027710012552, 52.302526413934274], [5.019023998084029, 52.30252673492813], [5.019020286229943, 52.302527046934344], [5.01901657430131, 52.30252736792792], [5.01901286237268, 52.30252768892147], [5.019009150443998, 52.30252800991488], [5.0190054385152045, 52.302528330908146], [5.019001726586416, 52.30252865190132], [5.018998014657573, 52.30252897289435], [5.018994302654179, 52.302529302874845], [5.018990590725228, 52.30252962386766], [5.018986878796223, 52.302529944860325], [5.018983166792666, 52.302530274840464], [5.01897945478911, 52.30253060482047], [5.018975757520688, 52.302530925858434], [5.01897204551702, 52.302531255838225], [5.018968333513246, 52.3025315858179], [5.018964621509468, 52.3025319157974], [5.018960909505584, 52.30253224577684], [5.018957197501696, 52.30253257575615], [5.01895350008405, 52.30253291476851], [5.018949788080052, 52.302533244747565], [5.018946076075947, 52.30253357472651], [5.018942363997386, 52.30253391369292], [5.01893866665397, 52.30253424371728], [5.0189349545752995, 52.30253458268339], [5.018931242496516, 52.302534921649446], [5.018927530417732, 52.302535260615336], [5.018923832999636, 52.30253559962682], [5.01892012092074, 52.30253593859243], [5.01891640884173, 52.302536277558], [5.018912711423469, 52.302536616569114], [5.018908999344401, 52.30253695553442], [5.018905287190818, 52.30253730348716], [5.018901589772383, 52.302537642497875], [5.018897877618631, 52.30253799045042], [5.018894180125677, 52.302538338448464], [5.018890468046271, 52.302538677413224], [5.018886770553146, 52.302539025411015], [5.018883058399218, 52.30253937336307], [5.01887936090598, 52.30253972136063], [5.0188756487519335, 52.30254006931245], [5.018871951258578, 52.30254041730981], [5.018868239029894, 52.30254077424893], [5.018864541536423, 52.30254112224603], [5.018860829382147, 52.302541470197376], [5.018857131814089, 52.30254182718183], [5.018853419585224, 52.30254218412049], [5.01884972209152, 52.3025425321171], [5.018846009862481, 52.30254288905554], [5.018842312294243, 52.3025432460395], [5.01883861472589, 52.302543603023345], [5.0188349024966765, 52.30254395996142], [5.018831204928203, 52.30254431694503], [5.018827507359673, 52.30254467392852], [5.018823795055857, 52.30254503985374], [5.018820097487207, 52.30254539683704], [5.01881639984402, 52.3025457628077], [5.018812702275251, 52.30254611979073], [5.018808989971193, 52.30254648571554], [5.018805292327824, 52.3025468516859], [5.018801594684393, 52.3025472176561], [5.018797897115386, 52.30254757463866], [5.018794199397351, 52.30254794959622], [5.018653741746984, 52.30256078699022], [5.01859181647257, 52.30256744271326], [5.0185002392007, 52.302578490879], [5.018406911312733, 52.30258848194689], [5.0183048495791125, 52.30259796036431], [5.018198451903204, 52.30261227856261], [5.018104270451057, 52.30262440581802], [5.017988291036211, 52.302641435198126], [5.017840054139743, 52.30266232734861], [5.017634315635975, 52.30269735718985], [5.017500917250246, 52.302719805219986], [5.017304761241357, 52.30275372299102], [5.017129539141679, 52.30278436248228], [5.017055450623646, 52.3027990863146], [5.016999666163526, 52.30280946338103], [5.016899420369633, 52.30282965070235], [5.0168244825515815, 52.30284598952977], [5.016685276629084, 52.30288084854047], [5.016691084681385, 52.30289113975258], [5.016705830500836, 52.30291969514165], [5.016647803197171, 52.30293703952583], [5.0163924681708645, 52.30299785053088], [5.016096830963628, 52.30308119271686], [5.015730048192479, 52.30319701725092], [5.015366540666121, 52.30331718304881], [5.015235331090865, 52.303361538598914], [5.015177327646895, 52.30338640509966], [5.015108222475654, 52.30341337573938], [5.014957485184076, 52.30347326333092], [5.0147305883072955, 52.30354803735581], [5.014482694072659, 52.30361422438238], [5.014442836382688, 52.303627382708946], [5.014404245140827, 52.3036381273037], [5.014307707970711, 52.30366502899432], [5.014264634308444, 52.303677035676216], [5.014228493164849, 52.303589722396964], [5.014190305296057, 52.303590833306004], [5.014004484011165, 52.3035962420339], [5.013880034547705, 52.30360004662263], [5.013723584011105, 52.30360499934635], [5.013616717183364, 52.30360838281929], [5.013607947266806, 52.30360866070555], [5.013593281918876, 52.303609117701846], [5.013517403157893, 52.30361151143506], [5.013385282671248, 52.3036156687558], [5.013374356886983, 52.30361602070174], [5.013349238533595, 52.303616399693865], [5.013215229840875, 52.3036184387313], [5.013122976661007, 52.30361356326182], [5.012988864306464, 52.30360527476829], [5.012876362180099, 52.303597090461224], [5.012792685932952, 52.30359048926035], [5.012751426591897, 52.3035872309148], [5.0127197251639, 52.30358413763051], [5.012647459470422, 52.30357707812278], [5.012554634607498, 52.30356698749312], [5.012454641873378, 52.3035532340357], [5.012357956856359, 52.30353669577918], [5.01227893597464, 52.30352225365591], [5.0121738313520146, 52.303499244330865], [5.012072662680201, 52.30347545647045], [5.011995013481377, 52.303456596524185], [5.011919990861632, 52.30343574957491], [5.0118358583837, 52.30341204252216], [5.011823250992387, 52.30340839841854], [5.011769325656089, 52.30339284021619], [5.011715258132627, 52.303373290967905], [5.011622775133125, 52.303336695756094], [5.011540083414497, 52.30330215381536], [5.011495848928292, 52.30328145829562], [5.0114243097966344, 52.30324576530978], [5.011350872917755, 52.30320564426715], [5.011249499973788, 52.30314893284594], [5.011163735137562, 52.303099919549034], [5.011108499100274, 52.30306952705445], [5.0110507644184965, 52.30302948271001], [5.010963252600842, 52.30296520247491], [5.0109037107944925, 52.302913513145654], [5.010860731956334, 52.302872733711], [5.010834011174919, 52.30284250370851], [5.010730169056118, 52.3027347514116], [5.010665014461843, 52.30266380127542], [5.010614018824236, 52.30261581499862], [5.010549813853759, 52.30255395445727], [5.01049355392504, 52.302504378503954], [5.010397770311293, 52.30242336322756], [5.010254620526958, 52.302312546275736], [5.010208924798234, 52.302274175649615], [5.010164145882599, 52.302240077119684], [5.010122003559321, 52.302209725891075], [5.010100070741761, 52.30219588670219], [5.0100939199354455, 52.3021916248641], [5.010038658151499, 52.30215757375468], [5.010018506070754, 52.302146400609146], [5.0099326104166035, 52.302102823587944], [5.009915089303336, 52.30209432818454], [5.009788074998075, 52.30203804600229], [5.009707497865505, 52.30200355444862], [5.009575224145047, 52.30194515211163], [5.009467840157767, 52.301901128658976], [5.009428977368429, 52.301885204041376], [5.0093370428523825, 52.30185020859554], [5.009209229536624, 52.30180357610229], [5.009119092595174, 52.301774464234136], [5.009041201053032, 52.301750119015665], [5.008960709871878, 52.30172633166242], [5.008912603616135, 52.30171472739811], [5.008829519521745, 52.301694158273534], [5.00872981775197, 52.301670965416896], [5.008654634641938, 52.30165572423608], [5.008591686719748, 52.30164471047377], [5.0085296230499115, 52.301633160242204], [5.008332940210016, 52.30159962618131], [5.008200121897032, 52.30158137792773], [5.008082164071362, 52.301568956294965], [5.007951944591508, 52.301548559025754], [5.007891504576925, 52.30152201306785], [5.007836107419993, 52.301469760240415], [5.007805346511864, 52.30144257242461], [5.007752373623878, 52.30136568285282], [5.007746153262321, 52.30135071622769], [5.0077229183092, 52.301281741401525], [5.007711273633032, 52.30124271507244], [5.007704195577838, 52.30121144186813], [5.007703687140809, 52.30120917531743], [5.007697725445278, 52.30118280403192], [5.007630055135286, 52.301010686697595], [5.007544281309309, 52.30086754172866], [5.007360342671444, 52.30065727535225], [5.007232243849041, 52.300540058770295], [5.007170060900221, 52.300480944119236], [5.007151908097048, 52.30046587620645], [5.007055666862686, 52.30037616551636], [5.006777816319545, 52.30006846542693], [5.006511953236266, 52.299777160997365], [5.006203823125513, 52.29943515455886], [5.0060445118189865, 52.299255568765965], [5.005681322655221, 52.298855879653516], [5.005264794834356, 52.298392833050066], [5.005079541317298, 52.298407918372206], [5.005070093794635, 52.29840868776213], [5.005061321067194, 52.29840940540475], [5.005041663191185, 52.29841100463068], [5.004974210244086, 52.29841649390976], [5.00480554836914, 52.29843023032551], [5.004229571056719, 52.29847713447301], [5.004016062121627, 52.29849452637621], [5.003935361704659, 52.298501104604945], [5.003934613531918, 52.29850116509501], [5.003834504571168, 52.298509316138286], [5.003815730512147, 52.29846281541585], [5.003814252215119, 52.29845914360901], [5.003812587298877, 52.29845501282038], [5.003801764128002, 52.29842490461841], [5.003793843214198, 52.2984067415979], [5.003778207441322, 52.298375422417806], [5.003765109680504, 52.29834048938699], [5.00367718964534, 52.29816437634303], [5.0035774341540415, 52.29798044141908], [5.003574749101867, 52.29797561525853], [5.003490288228308, 52.29782351066108], [5.003401920393556, 52.297665551260415], [5.003290806219132, 52.29749517773011], [5.003244015006406, 52.29742536152739], [5.003232986200671, 52.297388583662574], [5.003234368850595, 52.297333726716325], [5.003234716883345, 52.2972832434617], [5.003236629589652, 52.29721453805923], [5.0032364104966875, 52.29715164083188], [5.003236343520427, 52.29713393467882], [5.003235205545637, 52.29702636517723], [5.003230776276315, 52.29692307216194], [5.003230992633865, 52.29684540042598], [5.003227866275497, 52.29674910413369], [5.0032319571655846, 52.29667939916374], [5.003231969016269, 52.29659824848725], [5.0032372739852695, 52.29649489718699], [5.003246303807203, 52.29638967952945], [5.003247982001134, 52.29637019046978], [5.003250880600029, 52.2962976504711], [5.003246697628888, 52.296242227190646], [5.003243024584147, 52.29615491689916], [5.003243349801414, 52.29615290469084], [5.003246443045216, 52.29613421114929], [5.003246891274675, 52.29613153424408], [5.003242087613065, 52.29610215555165], [5.0032394811339405, 52.29608315589735], [5.003234558907854, 52.29607599462751], [5.003226842731345, 52.29606475281969], [5.003207388426545, 52.29605307743937], [5.0031802685343925, 52.29604127830099], [5.003146784649199, 52.29602971014941], [5.003109053110511, 52.29601944041101], [5.003059114565326, 52.29602228913311], [5.003001246272301, 52.29603013624801], [5.002942310466017, 52.296035984577735], [5.0028783918588005, 52.29604338056169], [5.002816321072849, 52.296045596563644], [5.002730000028569, 52.29604491153981], [5.002594571564519, 52.29604419260181], [5.002483890841949, 52.29603462015046], [5.002383257463058, 52.29602098185544], [5.002295835508343, 52.29599846159794], [5.002227614442098, 52.29597622847002], [5.002163046776594, 52.29595362072135], [5.002097773385829, 52.295931262297316], [5.002034397172834, 52.29591496778397], [5.001851253794966, 52.29587877059097], [5.001851082665196, 52.29583424453442], [5.001851780352673, 52.2957233015578], [5.001849096197877, 52.29570318713129], [5.001843416854351, 52.29565148884727], [5.001838402350556, 52.295605958351125], [5.001848681193102, 52.29551090104548], [5.0018526793809395, 52.295365869147], [5.00184372745745, 52.295202972265706], [5.0018471903424375, 52.29504528380807], [5.001842229754473, 52.29485485234748], [5.0018406450656085, 52.29469774062714], [5.001836549565115, 52.29459861892761], [5.001834808076985, 52.2944376149755], [5.001829675457489, 52.294326239533554], [5.001824572282144, 52.294277428192636], [5.00183037408609, 52.294213498970045], [5.0018277537942835, 52.294064257160215], [5.001817511529034, 52.29375938488556], [5.001815075786453, 52.29340959008452], [5.001809227578095, 52.29332667662432], [5.00180630375462, 52.29328518843726], [5.0018040068524465, 52.29325254628002], [5.001796818097573, 52.293175479500825], [5.001800854334657, 52.2931545780617], [5.001800967818556, 52.2930552363645], [5.001833046731993, 52.29292249233753], [5.001820873060422, 52.292842182694116], [5.001789345799047, 52.29279290774241], [5.001778933683638, 52.29278671717252], [5.001757890366824, 52.29277255573297], [5.001682505209094, 52.29272007296869], [5.001596049332388, 52.292651169313324], [5.001493219931399, 52.292578994564586], [5.001429041966265, 52.29252728518446], [5.001372965716505, 52.2924828193979], [5.0013539811207535, 52.292462858486694], [5.001345625890092, 52.29244599708991], [5.001339673555564, 52.29242587197545], [5.001332488595203, 52.29240759432438], [5.0013208264872295, 52.29239513514281], [5.0012495587809065, 52.29232943549804], [5.001122498126149, 52.29222387257541], [5.0010159809463435, 52.29213095950927], [5.000905610339654, 52.292039606622055], [5.0008730132042345, 52.29200736877858], [5.0008163595252935, 52.291956959902336], [5.000725613779382, 52.29188782587127], [5.000673678912559, 52.291852738559875], [5.0006195511223375, 52.29179508469173], [5.00060545487317, 52.291782779260906], [5.000581834871741, 52.291763306385356], [5.00055724806381, 52.291743767429566], [5.000539199977928, 52.2917223803855], [5.0005227156705, 52.29170995029546], [5.000493288802672, 52.291685712859525], [5.0003036792181295, 52.29152556832945], [5.000176779668966, 52.291422224876364], [5.000078898056554, 52.29132949199536], [5.000012505461705, 52.29127159996073], [4.999795034453894, 52.291088040041714], [4.999646531249567, 52.290962964643604], [4.999572959662498, 52.29089979995584], [4.999492706301767, 52.29083139140579], [4.999236182650659, 52.29061538227747], [4.99900393302695, 52.29041120830041], [4.998825057355343, 52.29025844858815], [4.998822761915203, 52.290251080042864], [4.9988139406265315, 52.29023907033751], [4.998795662327748, 52.29022742503532], [4.9987938376213865, 52.29022657418937], [4.998780100870523, 52.2902202106504], [4.998764712792508, 52.29021831760973], [4.998738041141863, 52.29021950626946], [4.998699649718594, 52.29022505145659], [4.998662351804644, 52.290231256333165], [4.998621275812618, 52.29023370986], [4.998580807761743, 52.290233684737835], [4.998550624069581, 52.29023422368065], [4.998544208105916, 52.29022707527098], [4.99853724579504, 52.29021871171254], [4.9985291428912255, 52.29020836708932], [4.998522444708457, 52.29019661599796], [4.998517321648969, 52.290179054977294], [4.998511728009145, 52.290149934100455], [4.998500667562355, 52.290107367483614], [4.998476991001745, 52.28997384780986], [4.99845915443456, 52.28984965868494], [4.998452112859218, 52.28983863447153], [4.998427626035812, 52.28983638791569], [4.998400454827508, 52.289836064906346], [4.998372581755372, 52.2898355508393], [4.998343147584448, 52.289834213742814], [4.998326463908904, 52.28983299945717], [4.998317410721196, 52.28982909594582], [4.998308435496386, 52.289822981691486], [4.998297540622447, 52.28981514445392], [4.99828756620632, 52.28980764279096], [4.998221722762885, 52.28974446670302], [4.998098236221161, 52.28964248934457], [4.997949025684487, 52.2895155938946], [4.997758746619328, 52.289348639205514], [4.99768826536285, 52.28929136151146], [4.997686096914151, 52.289289601748095], [4.997679722610456, 52.28928442175509], [4.997618599138523, 52.289234760544375], [4.997581299402185, 52.28920444763887], [4.997549137020205, 52.28917830401252], [4.997547114122141, 52.289176661567495], [4.997475367290456, 52.289118354964096], [4.997129517016456, 52.28913451621758], [4.997117551782328, 52.28913512387189], [4.996718916989328, 52.289155226213495], [4.995861321515939, 52.28920347805445], [4.995534072812404, 52.2892225812814], [4.995018605557225, 52.289231244883744], [4.994117154201756, 52.28928771526236], [4.993679719786715, 52.28932606743117], [4.9933682747278905, 52.289356137433806], [4.993313858528819, 52.28936058491969], [4.993243118369397, 52.289366263257236], [4.993158632329563, 52.289373342787805], [4.993053659886128, 52.28938163923615], [4.992973620890791, 52.28938803240756], [4.992938033949381, 52.2893913560983], [4.9929114399029215, 52.289393748067106], [4.992643277218364, 52.2894120606112], [4.991185085654582, 52.28955163850196], [4.990459402567142, 52.289603231855736], [4.9901411839354886, 52.289634708688126], [4.989739637337153, 52.28967306791368], [4.9892884517589335, 52.28972235870188], [4.989025251421827, 52.28975080899745], [4.988765012332082, 52.28977588927033], [4.988299164475214, 52.28982553133718], [4.987569841013562, 52.28989641846789], [4.987062066393094, 52.289954766962424], [4.986682415841898, 52.28999593117895], [4.98667967425475, 52.289997638564444], [4.986546041373313, 52.29001279771707], [4.986479401871107, 52.29002025650099], [4.986425411321054, 52.2900260953709], [4.986379272732071, 52.29003077443923], [4.986339055805902, 52.29003542862329], [4.986286204382896, 52.290041720681245], [4.9862184528370115, 52.290048959840945], [4.986160747773954, 52.29005548704404], [4.986084807015481, 52.290063893733745], [4.986029723582556, 52.29007063648457], [4.9859653305868825, 52.29007763523398], [4.985879695078035, 52.29008674589894], [4.9857512607320285, 52.29010074439312], [4.985651876781222, 52.290111479952934], [4.985558068796143, 52.29012151534262], [4.9854623804165135, 52.290132020623666], [4.985377140429923, 52.29014113226855], [4.985291898540188, 52.29015045056517], [4.9852032937440836, 52.290160476393226], [4.985112460854217, 52.29017052154284], [4.984901401516962, 52.29019612902258], [4.9848116930641595, 52.29020661816893], [4.984696665290587, 52.29021943879352], [4.9846192479777, 52.29022898096854], [4.984544064711529, 52.29023783863855], [4.984439454010339, 52.29025109893254], [4.984296891574707, 52.29026969442628], [4.984228408721893, 52.29027830508938], [4.984146133409299, 52.290288540437636], [4.984061651000705, 52.29029971192449], [4.983974166047296, 52.290310639430416], [4.983884842606218, 52.29032226165047], [4.983862132034311, 52.290324610902914], [4.98382936890576, 52.29032832796084], [4.983767565352092, 52.29033578373699], [4.983707280039745, 52.290343909758604], [4.983646234432844, 52.29035182643555], [4.9836137052842115, 52.29035559815902], [4.983505890657179, 52.29036813665715], [4.98349877686807, 52.29035900772609], [4.983491652423365, 52.2903494383557], [4.98348452194352, 52.290340534061926], [4.98347702475375, 52.29033004666198], [4.983468051667043, 52.2903222955036], [4.9834575687311995, 52.29031294834824], [4.983436244567154, 52.29029174521355], [4.98342165077383, 52.29027831254351], [4.983404064728314, 52.29026189469085], [4.983389184513626, 52.29024772403858], [4.98338161196931, 52.29024069668021], [4.983375250053991, 52.2902343205774], [4.98336513556882, 52.29022314115937], [4.9833542669770585, 52.29020946055519], [4.983343394310734, 52.29019622932638], [4.983328046711954, 52.290180268496634], [4.983308929450874, 52.290156547301585], [4.983295078895566, 52.29014036688508], [4.983278600400286, 52.29012143621013], [4.983263233905683, 52.29010433385574], [4.983246746985652, 52.29008472007415], [4.983226888445644, 52.29006032224766], [4.983181184523259, 52.29000582583732], [4.983141465608841, 52.28995563704144], [4.983123847955288, 52.28993627103705], [4.983111109555897, 52.289920301117675], [4.9830983733261585, 52.289905706338644], [4.983085645553908, 52.28989179466036], [4.983066560452716, 52.28987423916942], [4.983047466836364, 52.28985600956068], [4.983027998141843, 52.289833895934386], [4.983008180295704, 52.28981794674683], [4.9829793640791165, 52.2897889884057], [4.982962849479957, 52.28976115963277], [4.982954571095212, 52.28974472858739], [4.98294855451869, 52.28973423722561], [4.982941790432437, 52.28972213449074], [4.982935021988381, 52.28970889927691], [4.982931233258009, 52.28969679772476], [4.982925964255752, 52.28968629992954], [4.982919579239121, 52.28967603200178], [4.9829169214130244, 52.28966690029155], [4.982913183430508, 52.2896621149871], [4.9829090706723225, 52.28965663634014], [4.982905315992264, 52.28965207567354], [4.982899339769596, 52.28964843315594], [4.9828933719940505, 52.28964547374023], [4.982889255101763, 52.289642062274055], [4.982883956867436, 52.289639617451954], [4.982851566287833, 52.28962820004492], [4.982841115438761, 52.289625027566146], [4.9828321596319025, 52.28962185121075], [4.982820973729088, 52.2896173100701], [4.982803049591315, 52.289610723629714], [4.982794093790061, 52.289607547271444], [4.982787757490533, 52.28960482027308], [4.982779930320325, 52.28960163878556], [4.982769471120076, 52.28959777421071], [4.9827582852297345, 52.28959323306409], [4.9827474616657135, 52.289589142545935], [4.982737754119198, 52.28958482216079], [4.9827273010576745, 52.289580283517616], [4.982717951564489, 52.289575272294336], [4.982710118004903, 52.28957118301175], [4.982702288802361, 52.289568226207244], [4.982692564378611, 52.28956253961392], [4.982683989640448, 52.28955775573319], [4.982678386176723, 52.289555031235665], [4.982671643577935, 52.28955024463335], [4.9826656714761315, 52.28954615272754], [4.982656338779301, 52.28954090787372], [4.982649246495516, 52.28953750419624], [4.982642152250403, 52.28953431621893], [4.982634695683886, 52.28953067761137], [4.982625360887897, 52.2895272752484], [4.982617525301042, 52.28952341064784], [4.9826107996983255, 52.289521590076596], [4.982603713736693, 52.289519103174314], [4.982595128631117, 52.28951546070311], [4.982587307805691, 52.28951319598075], [4.98257685912879, 52.28950978980285], [4.982569015289488, 52.28950683293936], [4.982560067867636, 52.28950273983553], [4.982546624770426, 52.289498208920854], [4.9825361697859325, 52.2894938859614], [4.98252087144697, 52.289487065792216], [4.982511176474662, 52.289482979114304], [4.9825029641074705, 52.28948025466827], [4.982496011441504, 52.289476006605355], [4.982494374749211, 52.28947547072357], [4.982476829656961, 52.28946911921348], [4.982466385170726, 52.28946525466195], [4.982457058840793, 52.28946253538795], [4.9824507205375435, 52.289460033059704], [4.98243169934583, 52.28945482693014], [4.982419012273435, 52.289450972674075], [4.982404465885468, 52.28944688735706], [4.982389555053638, 52.28944258508331], [4.9823783463212115, 52.289438951590824], [4.982367920772274, 52.28943622854688], [4.982358598627401, 52.28943305090127], [4.982349638720739, 52.28943033287315], [4.982342175976905, 52.28942737729917], [4.982336570504924, 52.28942487747363], [4.982332459985786, 52.28942238276594], [4.9823272441005155, 52.28942055835932], [4.9823227546436355, 52.28941782867095], [4.982318275752213, 52.28941554840902], [4.982312305919095, 52.289412822639605], [4.98230370807547, 52.28940736456628], [4.982299208130417, 52.28940256764532], [4.982292492698823, 52.289398023784905], [4.9822868914888385, 52.28939505660555], [4.982279418101399, 52.28939005177096], [4.982273454582847, 52.2893882427776], [4.982268217568264, 52.28938391069763], [4.982258129047305, 52.2893795889682], [4.982252176006991, 52.289376629570256], [4.982242830790388, 52.28937276876296], [4.982236111276726, 52.28936867427576], [4.982225652178647, 52.28936480965267], [4.982214468448839, 52.28936004376634], [4.982205131588005, 52.289355266228306], [4.982198408074023, 52.28935322094534], [4.982189825080141, 52.28934935375646], [4.982168934005526, 52.289341867264895], [4.982157365128925, 52.289337549444376], [4.982145804689182, 52.28933391472499], [4.9821368615186055, 52.28933097204279], [4.982118194300304, 52.289325533391825], [4.982108495389668, 52.289323495887345], [4.982100687232412, 52.28932145587117], [4.982092472791559, 52.2893189650723], [4.982075321657069, 52.28931443038892], [4.982068589721833, 52.28931170199628], [4.982060025660901, 52.28930897631436], [4.9820506930845205, 52.289305340230335], [4.982043209339305, 52.289301476796716], [4.982032980928307, 52.289296426556184], [4.9819912349200495, 52.28927910781941], [4.981961853723932, 52.28926722412445], [4.981941383997432, 52.289258543657716], [4.981907898896432, 52.28924505504336], [4.981867326057462, 52.289229286186135], [4.981831977444469, 52.289214425015864], [4.981801575543238, 52.28920358036766], [4.981783600882345, 52.289196139756456], [4.981770574889244, 52.28919089115812], [4.981754211286146, 52.28918358189502], [4.981735973811091, 52.289176032521716], [4.981711775007021, 52.28916644044817], [4.981690937001185, 52.28915797438236], [4.98166451463872, 52.28914791629611], [4.9816552157851826, 52.28914380394233], [4.98164442822017, 52.28913900340892], [4.981631398013983, 52.289132613328974], [4.981613164761246, 52.28912460557283], [4.981585634642059, 52.28911226975393], [4.981564042693391, 52.28910130246873], [4.981543950085189, 52.28909307261654], [4.981522364531425, 52.28908301311424], [4.981491859096033, 52.28906907622435], [4.981470283957926, 52.28905948411419], [4.981455019777357, 52.28905056077572], [4.981454406428107, 52.28905031600046], [4.981437904625825, 52.28904370726806], [4.981427856154653, 52.28903822617718], [4.9814148428797305, 52.28903159346037], [4.981403299475344, 52.28902610723767], [4.981388062474945, 52.28901902648453], [4.981378014015499, 52.28901354538939], [4.981367588678955, 52.2890076046218], [4.981351966526751, 52.289000971932616], [4.98134229290439, 52.28899617519434], [4.981333733296372, 52.28899297312079], [4.981319583123103, 52.28898886206573], [4.981304321156233, 52.28898291367993], [4.981285355101041, 52.28897652116305], [4.981271960856143, 52.288971486952654], [4.981259704386379, 52.28896704984175], [4.981244776626926, 52.28896302598655], [4.981229520966198, 52.288957994369184], [4.981213142983406, 52.288953884641074], [4.981186723083851, 52.28894679243255], [4.981169595540378, 52.28894130499007], [4.981134611806054, 52.288931478035316], [4.981110053273406, 52.288924392201025], [4.981083991266934, 52.288915027282705], [4.981056449075148, 52.28890564828717], [4.981014386144813, 52.28889101546885], [4.980982386109538, 52.28887867314268], [4.980957465288626, 52.28886953681151], [4.980939975544441, 52.28886198988298], [4.980914290485918, 52.28884987595229], [4.980880431184787, 52.28883570268516], [4.980845822266433, 52.28882016068541], [4.980773258539078, 52.2887895415098], [4.98072451845829, 52.288767830208585], [4.980643395361309, 52.28873240900461], [4.9806024716627855, 52.28871503867316], [4.980576056110193, 52.288702688473485], [4.980547402126201, 52.28868989915555], [4.980525829595334, 52.28868006420954], [4.98046925675246, 52.288655845229805], [4.980445441761184, 52.28864441171379], [4.980429451356313, 52.28863961114816], [4.98042423348104, 52.28863642050297], [4.980410477143762, 52.288630935558096], [4.980391494716834, 52.28862315871771], [4.980376618170242, 52.28861676214644], [4.980363217867541, 52.28861081105475], [4.980344980699525, 52.28860327944158], [4.9803233894244965, 52.28859550260227], [4.980267953825018, 52.288573561354085], [4.980237059684802, 52.2885605395563], [4.980197620861494, 52.28854430665746], [4.980173056413585, 52.28853470401991], [4.9801414316624575, 52.288521445999116], [4.980112022067952, 52.28850957073036], [4.980080030940634, 52.28849471160146], [4.980046534372852, 52.288479397890164], [4.980032769728773, 52.28847322979878], [4.980014915945335, 52.2884638569531], [4.979988881680968, 52.288451516921576], [4.97994423987387, 52.28842889366321], [4.979914468263747, 52.288413350071316], [4.979876151860581, 52.2883946133308], [4.979846388696424, 52.28837975282427], [4.979844481847748, 52.288381516854436], [4.97981475147184, 52.288363079304126], [4.979788702666037, 52.28835073917792], [4.979769749779752, 52.28834296233849], [4.9797391244504805, 52.288327829199815], [4.979711318528045, 52.28831531223361], [4.9796886198269865, 52.28830525754512], [4.9796573743811345, 52.28829222539589], [4.979619799463064, 52.28827576504285], [4.979553925047005, 52.28824628265531], [4.979503320572641, 52.28822343195431], [4.979466116372205, 52.288206514451616], [4.979419986334618, 52.2881848116062], [4.979390217185017, 52.288172233866945], [4.979351522216302, 52.288153270953636], [4.979233207804317, 52.28809818998312], [4.97918662734741, 52.28807768087066], [4.97915244725013, 52.288063452070105], [4.979115984452927, 52.28805041974895], [4.97908434776804, 52.28803693670607], [4.97907058757517, 52.288031909968915], [4.97900658777786, 52.288007448942025], [4.978953728878387, 52.28798596535666], [4.978902758579351, 52.28796471296353], [4.978854380375244, 52.28794688486755], [4.978771401005617, 52.2879160217647], [4.978738652819885, 52.28790230110641], [4.978697734719204, 52.28788608056843], [4.978659025599109, 52.287871907881076], [4.978657973761123, 52.2878715357469], [4.97862405172749, 52.28785956362459], [4.978592771236991, 52.287847223131784], [4.978568603268276, 52.287839212370514], [4.978545149158427, 52.287828480764084], [4.9785165027653235, 52.28781498992585], [4.978494549974001, 52.287805162279014], [4.978460698519196, 52.28779030526565], [4.978419018568795, 52.28777248216641], [4.978379941194391, 52.28775534213577], [4.9783341827958925, 52.28773477261154], [4.978277993485654, 52.287710544911256], [4.978221599359886, 52.28768468968153], [4.978185725338361, 52.287669852556995], [4.9781280517161255, 52.287644487186405], [4.978081541947781, 52.287622773511906], [4.97802982510107, 52.2875999183254], [4.977974387789993, 52.287575234702885], [4.977948333671345, 52.28756357722227], [4.977914853113361, 52.28754827194399], [4.977869086788253, 52.2875286099795], [4.977816707826887, 52.28750446714963], [4.977776450920874, 52.28748654988209], [4.977747421698007, 52.287473300201064], [4.977726957841983, 52.28746416063944], [4.977687525123109, 52.287445877694886], [4.977658868642847, 52.28743353705184], [4.977634690711064, 52.287423467854225], [4.977609742162342, 52.28741273088437], [4.977540545663405, 52.28738141133091], [4.977502222623253, 52.28736519037735], [4.977466123137716, 52.28734942650644], [4.9774244587384135, 52.287331594119145], [4.977348920647632, 52.28729822123113], [4.977324374237179, 52.287286802520306], [4.977279726581993, 52.28726667683651], [4.977266476806205, 52.28726038437515], [4.977265776399161, 52.28726004939802], [4.9772451285134185, 52.287250226040335], [4.977217965088809, 52.2872381151607], [4.977149878741534, 52.28720725760362], [4.977130533091366, 52.287199263267524], [4.9770977923366795, 52.287183259271316], [4.977047188264101, 52.28716063220499], [4.976995102052328, 52.2871366248398], [4.9769579037795575, 52.28711926615737], [4.976903570959985, 52.28709572731163], [4.976836594728919, 52.28706532281465], [4.976781070622836, 52.287042247144335], [4.976718595620036, 52.2870132513134], [4.976649770328727, 52.286981546045595], [4.976579458565849, 52.28694893679422], [4.976505774004821, 52.28691495862664], [4.9764683695199, 52.2868977518652], [4.976411141697672, 52.28687193780604], [4.976390943521664, 52.2868626551287], [4.976363283151443, 52.28685203430152], [4.976345346182407, 52.286845473792354], [4.976322193509371, 52.2868387154018], [4.976281462062398, 52.28682311482742], [4.976262762990732, 52.28681496980195], [4.9762425691072965, 52.2868052287353], [4.976213399335651, 52.286793011783935], [4.976182362063669, 52.28677988056493], [4.97616105625792, 52.286771519742906], [4.976136004929078, 52.286760880967606], [4.976116183750238, 52.286752048944116], [4.976103835174034, 52.28674501349522], [4.976085490193386, 52.28673503615808], [4.976072739715399, 52.28672550069599], [4.976055146366088, 52.28671665843199], [4.976039404071473, 52.28670575540391], [4.976022549961947, 52.28669463280023], [4.976006047675583, 52.28668350242968], [4.975989963870519, 52.28667466540493], [4.975973105575493, 52.2866655830136], [4.975953282365755, 52.28665539379525], [4.975936736615332, 52.28664738203566], [4.975927843849087, 52.286643845859366], [4.975911768355812, 52.2866372827701], [4.9758908417164776, 52.286629138925285], [4.975867276910518, 52.286619422020046], [4.97583662716292, 52.28660719982664], [4.975811213631672, 52.286597710162155], [4.975776079075763, 52.28658391745834], [4.975752150177847, 52.28657395659221], [4.9757173946215385, 52.286560389884926], [4.975683765476009, 52.28654705178264], [4.975647498438855, 52.28653211364662], [4.975613096757027, 52.28651832344462], [4.975579097129831, 52.28650543341358], [4.975535740836585, 52.28648846628279], [4.975498361844835, 52.286474917341074], [4.97545051038624, 52.28645592125753], [4.975403810503652, 52.28643760325091], [4.975364195561632, 52.28642337239375], [4.975315234490443, 52.28640551384319], [4.975265523949297, 52.28638629550111], [4.975196015530458, 52.286358937101625], [4.975147803936377, 52.28634245622833], [4.975124602084551, 52.28632998117886], [4.975105135278404, 52.286319325692254], [4.975077834118201, 52.28630480510109], [4.975026912337351, 52.28627714287659], [4.974998832418797, 52.2862612623922], [4.974981247797597, 52.2862515212154], [4.974960631876953, 52.28623835409799], [4.974936655657105, 52.28622405178474], [4.974906292017626, 52.2862031571022], [4.974874800041059, 52.28618066763373], [4.974845154926345, 52.28615657577776], [4.9748102425580365, 52.286126794232544], [4.974781794607775, 52.28610004614146], [4.974772680088422, 52.28609199721981], [4.974749087030933, 52.28607906235237], [4.974725862551962, 52.2860643132267], [4.974691033181628, 52.286042980483096], [4.974635416766118, 52.28600799461474], [4.9746312786853135, 52.286005391685876], [4.9745692918564295, 52.28596831636169], [4.97451200034656, 52.28593381891908], [4.974455433454166, 52.28589863191555], [4.974394015470647, 52.28586188204493], [4.9743337033199015, 52.285824425965295], [4.974271163432433, 52.28578698903859], [4.9742200667014185, 52.285756189101754], [4.974202636096611, 52.285745684380664], [4.974138191499648, 52.28570505904251], [4.974076386956144, 52.28566738190865], [4.974002990222737, 52.28562336377549], [4.973944175591492, 52.285587269887166], [4.973843037574465, 52.28552417242759], [4.973798848604309, 52.285497629715074], [4.973742032391196, 52.285464158166235], [4.973741912109597, 52.2854629084389], [4.973731078033984, 52.28545699252356], [4.973712344916453, 52.285444739537816], [4.973704483603607, 52.28544064955439], [4.973685842064592, 52.28543431086929], [4.973681309325309, 52.285431607660485], [4.973659242793933, 52.28542164389076], [4.973630097599039, 52.2854101094549], [4.97360280121291, 52.28539833880718], [4.973565800803439, 52.285383640131236], [4.973539603662646, 52.28537186432618], [4.973506352921316, 52.285358976312374], [4.973460008887753, 52.285340425090844], [4.973451772773047, 52.285335668680446], [4.973425579955289, 52.28532343448623], [4.973399018748478, 52.285309841836316], [4.973369848880528, 52.28529624903881], [4.973336921119778, 52.285280162443556], [4.973314827838481, 52.28526836500008], [4.97328341579067, 52.28525319146467], [4.973266202518002, 52.28524457480626], [4.973249366015647, 52.285236417843], [4.973241121812893, 52.285230960339476], [4.973218633438657, 52.28521437997482], [4.9732099998335535, 52.28520824701942], [4.973199859249112, 52.285198693415914], [4.973193840763118, 52.28519186856514], [4.973185571686382, 52.28518436174779], [4.973178037774794, 52.28517502398869], [4.973169754203456, 52.285165926275425], [4.973161818731964, 52.28515407051986], [4.97315277962359, 52.28514269624148], [4.973146943574184, 52.28512887051565], [4.973142943509845, 52.28512720275036], [4.973139175714473, 52.285121050876235], [4.973134660194057, 52.28511650520347], [4.973129732962595, 52.285107383288725], [4.9731259526076945, 52.28510100667473], [4.973123261395345, 52.28509255768818], [4.973116464527572, 52.285082764127125], [4.973110365461401, 52.285068856587856], [4.973105399180959, 52.28505448564851], [4.9731011964142455, 52.2850446831951], [4.973092944211244, 52.28503694274672], [4.973083550851156, 52.28502899158146], [4.9730719402482615, 52.28502150001687], [4.97306297559764, 52.285017873492656], [4.973054366851366, 52.28501379882327], [4.973047646340875, 52.28501154630626], [4.973039431028614, 52.2850092885533], [4.973027116188377, 52.28500660300124], [4.97301182631629, 52.285003916015086], [4.972992788964441, 52.284999193640616], [4.972972279349984, 52.28499676698753], [4.972953614824333, 52.28499135385062], [4.972924469847752, 52.28498141907142], [4.972899836591423, 52.284973288668695], [4.972877401664414, 52.284965156975616], [4.972849376942576, 52.28495453404083], [4.9728232175107046, 52.28494505010117], [4.972805286105099, 52.284938030690014], [4.972778379544819, 52.28492694429012], [4.972761917914536, 52.2849194716446], [4.972741348650419, 52.2849108701098], [4.972725967306295, 52.28490385063664], [4.972717036205413, 52.28489977481258], [4.972695732292202, 52.28488980454606], [4.972678885562464, 52.28488119807358], [4.972659420060838, 52.28487053319504], [4.972646318621348, 52.28486419579052], [4.972630252801903, 52.284856715526274], [4.972611151516105, 52.28484628559995], [4.972590439803417, 52.284834106386754], [4.972585688206811, 52.28483131248978], [4.972568471219245, 52.28482155426208], [4.972552596956042, 52.28481239393641], [4.972535894160013, 52.28480250268968], [4.972518292156145, 52.28479160165126], [4.97247779176398, 52.28476728237673], [4.972452627759982, 52.284751654176304], [4.97243785567576, 52.28474217413926], [4.972430440452065, 52.284737420535954], [4.972421709312439, 52.28473233875476], [4.972416913688959, 52.28472955368427], [4.972394903671861, 52.28471674073474], [4.97235569364237, 52.284690790160845], [4.972315748738161, 52.28466507067867], [4.972283544896001, 52.28464531030726], [4.972253221089227, 52.28462510713323], [4.972248689274208, 52.284622322981534], [4.972222882383061, 52.28460650373108], [4.972201063771247, 52.2845920376575], [4.972181815587056, 52.28458009719128], [4.972158140206099, 52.284565157226154], [4.97213334881364, 52.28455045600997], [4.972110050403095, 52.284534384892844], [4.9720915536625325, 52.28452358850279], [4.972059733143516, 52.284503604719475], [4.972017940262353, 52.28447650351042], [4.972005569614597, 52.28446882941442], [4.971975014737877, 52.2844498566879], [4.971944967462746, 52.284429888087764], [4.971943933438209, 52.28442919239428], [4.971937649022093, 52.28442733680911], [4.971935508958458, 52.28442581035175], [4.971903618359026, 52.28440392984934], [4.971882547341188, 52.284389466341544], [4.971855924869256, 52.28437155897051], [4.9718510162791265, 52.28436832408882], [4.971845248433581, 52.28436451096807], [4.971827070992586, 52.28435249331381], [4.971792443428015, 52.28433024365357], [4.971788422823553, 52.284327650024075], [4.9717848973731655, 52.2843253906834], [4.9717530941764005, 52.28430358234919], [4.971738146235868, 52.284292564687895], [4.971717248997862, 52.284278335444014], [4.97169433408502, 52.28426203190748], [4.971682845984372, 52.28425559220988], [4.971658440518148, 52.284238834037396], [4.97163846846498, 52.284225974179506], [4.971587807142234, 52.28419130985363], [4.971568573950902, 52.28417936933847], [4.971550105291713, 52.284165597991986], [4.971529739895442, 52.284152494061544], [4.971521999066463, 52.2841465348875], [4.971493139010597, 52.28412816118833], [4.971472428153861, 52.28411439093455], [4.9714520920291765, 52.28410129608121], [4.971424718232569, 52.284083844348494], [4.97142205450173, 52.28408190260056], [4.971403734357567, 52.28406949790183], [4.971400455050747, 52.28406756297664], [4.971390675330371, 52.28406180334416], [4.971376987335977, 52.28405398074366], [4.971357848910954, 52.284041321501135], [4.971331830818446, 52.28402778421688], [4.971314425084168, 52.284017899310285], [4.971291459406589, 52.28400548724274], [4.971272582065549, 52.28399468938368], [4.971240740942742, 52.283976988210554], [4.97120557785233, 52.28395721713054], [4.971125245963242, 52.28391102469427], [4.971095998418543, 52.283894941427846], [4.971055273518169, 52.28387285883568], [4.971021381858342, 52.28385505152001], [4.97100971919918, 52.28384849429991], [4.970998991153828, 52.28384229089336], [4.970993075642663, 52.28383861202796], [4.970980815688619, 52.28383167521403], [4.970980480400638, 52.28383148528954], [4.97097306575629, 52.28382826851298], [4.970955289526821, 52.28381884062753], [4.9709356797045325, 52.28380803114764], [4.970911975440959, 52.283794699647295], [4.970897906511409, 52.28378688463725], [4.9708801663377375, 52.2837751739603], [4.970859794755339, 52.28376277094097], [4.970837606347402, 52.28374876168824], [4.9708135739966846, 52.28373291242215], [4.970787670094899, 52.283716607169104], [4.970761770263337, 52.283701434390345], [4.970743257438389, 52.28369086242485], [4.9706962408713995, 52.283663059268065], [4.970666267402638, 52.28364628127442], [4.970610337053815, 52.28361730522913], [4.97058665404228, 52.2836032906629], [4.970558878491115, 52.28358812021805], [4.970527406161022, 52.28357178629857], [4.970516667889576, 52.28356512443259], [4.970493338412822, 52.28355248623017], [4.970473343510171, 52.283542133694425], [4.970453363607092, 52.28353018137551], [4.970423362779384, 52.283514778359994], [4.970372253719775, 52.28348741902657], [4.97034894335951, 52.28347431349583], [4.970326723417108, 52.28346213755052], [4.97030451401328, 52.28345040204157], [4.970285254027024, 52.283439827369044], [4.970274149463709, 52.283433164189205], [4.970265996240489, 52.283429019017696], [4.9702534076344485, 52.28342120914948], [4.9702419534814295, 52.28341432003826], [4.970234928912414, 52.28340858799964], [4.9702090357688045, 52.28339274103474], [4.970199773468064, 52.28338653373577], [4.970180545295441, 52.28337413462984], [4.9701576057085015, 52.28336057198939], [4.970128388879665, 52.283341288923104], [4.970096934341219, 52.283321530589184], [4.970071416254179, 52.28330476815862], [4.970049590383017, 52.28329121841347], [4.97003591989017, 52.28328158017667], [4.970024070223703, 52.283274680660774], [4.970010386843028, 52.283266417512564], [4.970004461219764, 52.28326227119432], [4.969996335521975, 52.28325675995172], [4.969991521002648, 52.283254460057144], [4.969986350832454, 52.28325101745374], [4.9699793177225855, 52.283246202127565], [4.96997376873356, 52.28324252450357], [4.969968975632205, 52.283237941776235], [4.96996342445293, 52.283234497827394], [4.969956768145148, 52.283230133220684], [4.969952334997232, 52.28322623483743], [4.969946072520456, 52.28322050547042], [4.969939050212455, 52.28321453973844], [4.9699187513780085, 52.283197562008425], [4.96991320442387, 52.283193668680866], [4.969906889711871, 52.28319038381569], [4.969900619891383, 52.28318700024248], [4.969892841351582, 52.28318353944182], [4.969883201986539, 52.28317848122834], [4.969872078236843, 52.283173876154166], [4.969853182281026, 52.28316513621116], [4.969841300625725, 52.28316165193706], [4.969827949429423, 52.28315703899663], [4.969814589632924, 52.283153342782384], [4.9698038237355115, 52.283149646735176], [4.969793805125174, 52.28314596231276], [4.969782670764933, 52.28314248965858], [4.969771178483952, 52.28313811695729], [4.969746667580099, 52.28313117271547], [4.969743335280677, 52.283128653347894], [4.96973889108666, 52.28312749620402], [4.969735912322908, 52.28312634423369], [4.969730519082939, 52.28312325135657], [4.969726306599129, 52.28312082774705], [4.969722978688367, 52.28311784102749], [4.969720402365295, 52.2831144075702], [4.969717474676985, 52.28311093692103], [4.969716720921155, 52.283110053452916], [4.969713790702528, 52.283106852429434], [4.9697119724638625, 52.28310228019484], [4.969711302287656, 52.28309405396903], [4.969708046908071, 52.28308490185745], [4.969704114496524, 52.2830698153909], [4.96970132755092, 52.28306071885992], [4.96969943682869, 52.28305450159723], [4.969695466314552, 52.28304191361111], [4.96969106327979, 52.28302232258206], [4.96968940325808, 52.28301494670431], [4.9696807765257125, 52.2829847620913], [4.969672194326652, 52.282951395944664], [4.969660008004206, 52.28290544310321], [4.969650295436231, 52.282872288670674], [4.969640953456643, 52.2828386861545], [4.969635888412767, 52.282824054064264], [4.969630122895255, 52.282805986150905], [4.969621511178768, 52.28277421074009], [4.969610697776958, 52.282739686266275], [4.969600263572458, 52.28270379698094], [4.969590220827374, 52.28266835846819], [4.969577953513451, 52.2826294877359], [4.969566797740095, 52.28259085461141], [4.969554902498542, 52.282554501781426], [4.969524726622194, 52.28244704460266], [4.9694955808680765, 52.282348506976064], [4.969480460893149, 52.282298202626514], [4.9694692813652654, 52.28226367684266], [4.969449546085085, 52.282191443862445], [4.969438681835486, 52.28216080192975], [4.969428999646595, 52.282124447914676], [4.969425039471153, 52.282112336308174], [4.969421827107, 52.28209861852276], [4.969417126084329, 52.282085812235664], [4.969412834299207, 52.28206844157845], [4.96940670510474, 52.2820485478373], [4.969404178255274, 52.282039856668476], [4.969401683114364, 52.282029350070644], [4.969396260588024, 52.28201379095818], [4.969393422825623, 52.282000757570195], [4.969389786504411, 52.28199161308929], [4.969386554826098, 52.281979953446616], [4.969382252340812, 52.2819637242041], [4.969378979887794, 52.28195640553739], [4.969378309415569, 52.28194977913989], [4.969378026736047, 52.28194087120467], [4.969377373487546, 52.28193241135129], [4.969377471809748, 52.28192350476236], [4.9693809587902935, 52.281907986119215], [4.9693822069061735, 52.281896800685125], [4.96938453261884, 52.28188790196683], [4.969385736397515, 52.28187831620914], [4.969385938633327, 52.28187706761584], [4.969388130372841, 52.28186371046187], [4.969389393887234, 52.28184932541559], [4.969390295359611, 52.28183448071084], [4.969390406511653, 52.281824208017376], [4.969389359344778, 52.281817121909526], [4.969387175219136, 52.28181094854251], [4.969383907082234, 52.28180317151179], [4.969381377681861, 52.2817963138497], [4.969378107436351, 52.28178876150703], [4.96937334030344, 52.28178143755823], [4.9693630608911645, 52.28176655334338], [4.969356458101024, 52.281758081453056], [4.969349455353474, 52.28175006652812], [4.9693387624109135, 52.28174020504503], [4.96933029255042, 52.28173080979659], [4.969317764249193, 52.28171820952586], [4.969290538384656, 52.28168681768809], [4.969275834239653, 52.28166872714784], [4.9692589053013405, 52.28164879522499], [4.9692493560736315, 52.28163574709746], [4.969238714403715, 52.281621994056934], [4.969227347059741, 52.28160437368447], [4.96921783011437, 52.28158789231818], [4.969209396415309, 52.28157621428034], [4.969203205130231, 52.28156294433584], [4.969199577498958, 52.28155288312046], [4.9691956153249, 52.281540996193286], [4.969190539847158, 52.28152750549687], [4.969186183840916, 52.281516983326846], [4.969183654868415, 52.28150852582828], [4.969179684171307, 52.28149754664091], [4.969169464946811, 52.281476272275405], [4.969162190073956, 52.281459798830774], [4.969155625971138, 52.28144721962804], [4.969148321035656, 52.28143394574284], [4.969143573705788, 52.28142296380824], [4.969136979624847, 52.28141357517725], [4.969131099271207, 52.2814046474486], [4.969125976222202, 52.28139778060985], [4.969119352841241, 52.2813883918742], [4.96911644643306, 52.281382674326906], [4.9691112941658755, 52.28137579839641], [4.969106903425191, 52.28137053397957], [4.969099543442065, 52.28136000118393], [4.969092923696513, 52.28135334475927], [4.9690844797296965, 52.2813412082963], [4.96907711678995, 52.28133410883906], [4.969068587649564, 52.28132323935743], [4.969059466498686, 52.28131143304749], [4.9690528788734, 52.2813013613594], [4.969048099389284, 52.2812938036693], [4.969039648553451, 52.28128395907479], [4.969034149232355, 52.28127503268857], [4.969026816477162, 52.28126472468021], [4.969022066224269, 52.2812571760802], [4.969015830303783, 52.2812471056338], [4.969010352152265, 52.281237487258444], [4.9690037330446195, 52.28122764913961], [4.968996074777737, 52.28121299885689], [4.968990967201511, 52.28120293239984], [4.9689843903399975, 52.28119171929154], [4.9689770239083355, 52.28118187852777], [4.9689701215297175, 52.28116632314616], [4.968963455284977, 52.28116150006639], [4.968957216889035, 52.28115325413702], [4.968946918017529, 52.281142027860795], [4.968922990860257, 52.2811152134188], [4.9689137996496235, 52.28110307429946], [4.968903873565079, 52.281091166263124], [4.968889908571566, 52.28107398605749], [4.968877052952836, 52.281057268154235], [4.968867878533557, 52.28104490439483], [4.968857230922215, 52.28103025251392], [4.968846185163874, 52.28101742375249], [4.968836642701666, 52.28100368355054], [4.968828948317747, 52.28099132502466], [4.968820838622158, 52.28098261408717], [4.9688146152411985, 52.280972777357285], [4.968809137166814, 52.28096315897221], [4.968805854144607, 52.28095698170467], [4.96880254996002, 52.280951496425004], [4.968800384528349, 52.28094646456622], [4.968797080429758, 52.28094097029885], [4.9687927353108154, 52.28092930669704], [4.968790187254711, 52.28092288935846], [4.968787264151918, 52.28091739643899], [4.968784758481792, 52.280908031242355], [4.9687825977616455, 52.280900941187106], [4.9687797176108734, 52.280890882602336], [4.9687779486223524, 52.28088265247891], [4.968776186455917, 52.280872139471064], [4.968774053243724, 52.28086368336284], [4.968772655303971, 52.28085339633954], [4.96877086907047, 52.28084699967201], [4.968771329537789, 52.280838552742296], [4.968770291116336, 52.280830549899754], [4.968770025728349, 52.28081981749273], [4.968767935470509, 52.28080679571924], [4.968767685217419, 52.280794454544406], [4.968767044868141, 52.280784637568985], [4.968767143705578, 52.28077413114654], [4.968766839283761, 52.2807691058728], [4.968766145642698, 52.280763396146625], [4.968765089975833, 52.280757226759995], [4.968763676595418, 52.280750139348854], [4.968758978102165, 52.28073709935692], [4.968755314112341, 52.28073092073943], [4.968753119389668, 52.280725888775905], [4.968748352076458, 52.280720164632854], [4.968742473693613, 52.28071260304033], [4.968738409354064, 52.280708481218326], [4.9687317746238975, 52.28070343354059], [4.968727703859885, 52.280699994770515], [4.968718092756199, 52.28069356142011], [4.968709218159858, 52.280688281117875], [4.9687021834790155, 52.28068369040217], [4.968692925781656, 52.28067863343848], [4.968683659545249, 52.28067448421451], [4.968674403566599, 52.28067080239326], [4.968659196959139, 52.28066412453603], [4.968638447911829, 52.28065467678122], [4.968625845321588, 52.28064846651708], [4.968615831685671, 52.28064432362973], [4.968602862447107, 52.28063970291088], [4.9685999135884344, 52.28063695118319], [4.968590996451226, 52.280634636704995], [4.968580231180534, 52.280630949532885], [4.968575417018622, 52.28062864957981], [4.9685680307622535, 52.280624048623494], [4.968558766579116, 52.28061968368899], [4.968551729809927, 52.280615317652604], [4.9685417334455355, 52.28060934130287], [4.968536216730345, 52.2806038391933], [4.968521436247287, 52.28059237231388], [4.968509985695611, 52.280583649524225], [4.968499661265033, 52.28057516440473], [4.968489710010731, 52.28056439769713], [4.968477154524681, 52.28055474524492], [4.968464222607337, 52.28054305122095], [4.968446893686906, 52.28052677580578], [4.968428110181887, 52.28050935378186], [4.96841815041314, 52.28049949480869], [4.968405237411875, 52.28048735145352], [4.968396016346239, 52.280478411853444], [4.968389752340716, 52.28047290708999], [4.968376858408906, 52.28046029643199], [4.9683679993739105, 52.28045181649138], [4.968355473905495, 52.28043898244049], [4.968343680703351, 52.28042775081594], [4.968336301263569, 52.280420875947975], [4.968327461298689, 52.28041192870459], [4.968319353922759, 52.28040299304369], [4.968308697684132, 52.28039084868478], [4.968300583883013, 52.28038259607482], [4.968292118816735, 52.28037274238612], [4.96826561380172, 52.2803443278261], [4.968257874901212, 52.280335168770584], [4.968251281168104, 52.280325780088575], [4.968242813922551, 52.28031616007203], [4.968232507205375, 52.28030425062798], [4.968220039561856, 52.28028684196151], [4.968207544236973, 52.28027081732141], [4.968200213955063, 52.280260284571916], [4.968189329158458, 52.28024440944223], [4.968175413401718, 52.28022517110942], [4.968162232525183, 52.280205701695714], [4.968157848865151, 52.28019815435806], [4.968144323178066, 52.280176400811285], [4.968131184925882, 52.28015396556088], [4.96812910651693, 52.2801505967458], [4.96812424218758, 52.28014274211698], [4.9681194986428805, 52.28013451042712], [4.968112211086405, 52.280121002851324], [4.968104525273552, 52.28010932738081], [4.968101964322527, 52.280104294106245], [4.96808728634011, 52.28008664390663], [4.968078544655885, 52.280075054569934], [4.968066025385458, 52.2800584725836], [4.968042162780462, 52.28002959098279], [4.9680241760854225, 52.2800085136698], [4.968008744750433, 52.27998995301824], [4.967990743518649, 52.27996886666049], [4.9679756820982774, 52.27995303961655], [4.967940748463108, 52.27991407933327], [4.967916148949954, 52.27988566246008], [4.967898886476946, 52.27986549546621], [4.967877182833053, 52.27984233774736], [4.967861419342973, 52.27982171768444], [4.9678500522300215, 52.27980728785187], [4.9678408654739785, 52.27979629011503], [4.967830514607453, 52.27978287052196], [4.9678262006613, 52.27977726479001], [4.967810762964009, 52.279759396151825], [4.96779498877174, 52.2797399174962], [4.9677843608853225, 52.27972479821612], [4.967779357835573, 52.27971768008225], [4.967768989140466, 52.279703047063066], [4.967755020350353, 52.27968791592873], [4.967746654397867, 52.279675348225524], [4.967745874145031, 52.27967417703943], [4.967731935459919, 52.279655855328876], [4.967730530038086, 52.27965416063056], [4.967705507651938, 52.27962399857189], [4.967692686960464, 52.2796052224436], [4.967674336998112, 52.27958230128039], [4.96766004835642, 52.27957933852359], [4.967631646577254, 52.27957344957873], [4.967575534027436, 52.2795614314495], [4.967558415988681, 52.27957568831218], [4.967516841472405, 52.27960232448906], [4.9674688466615695, 52.27962606175395], [4.967405549755052, 52.279656395666564], [4.967298486222479, 52.279697179764405], [4.967285835289114, 52.27970234777823], [4.967277890336565, 52.27970573493787], [4.967251712661126, 52.27971570833594], [4.9672225890643125, 52.27972728907406], [4.967194041395829, 52.27973995039063], [4.967164623007066, 52.279751709823934], [4.96711521345605, 52.27977004922063], [4.967059026041902, 52.27979231915855], [4.967017261537957, 52.27980798933026], [4.966954020107192, 52.27983239122977], [4.966921960618579, 52.279844500728906], [4.966893709250766, 52.27985680351299], [4.966868707055206, 52.279866421491654], [4.966841638109035, 52.27987764992696], [4.9668092634076775, 52.27989209511116], [4.966780412257391, 52.27990583378875], [4.966753034908547, 52.279918678916935], [4.966728301924256, 52.27993081441605], [4.966705323917509, 52.27994331566461], [4.966686457304685, 52.27995493274778], [4.966667890544759, 52.27996583186793], [4.966645783200842, 52.279979234984694], [4.966624551640192, 52.279993000725796], [4.966607146912523, 52.28000498250955], [4.966586494659388, 52.28001946933097], [4.966547531237962, 52.28004881080519], [4.966528335773685, 52.280064201582356], [4.9665100126933, 52.28008031448689], [4.966491396533757, 52.28009642634572], [4.966460044199917, 52.280126693655234], [4.966433399588778, 52.280155000386614], [4.966422418400934, 52.28016952159474], [4.966411145839819, 52.28018386200825], [4.966400740567677, 52.2801994638036], [4.966390026916511, 52.28021668231016], [4.966381402137848, 52.2802299536044], [4.966373060217212, 52.2802443044445], [4.966368286114501, 52.28025327528387], [4.966359344445624, 52.28026906204134], [4.966352161173417, 52.28028485505675], [4.966344994903567, 52.28029885056601], [4.966337804818336, 52.280315362582826], [4.966333599827798, 52.2803261330126], [4.966326423340449, 52.28034120702403], [4.966322143507861, 52.28035988647827], [4.966317928304213, 52.28037173541076], [4.966312486398919, 52.28038933218836], [4.9663079341200405, 52.280408927430884], [4.966301497117995, 52.28043567027747], [4.966297725159064, 52.280462620342824], [4.9662952615457545, 52.28047519453603], [4.966292079118739, 52.2805017871864], [4.9662900322672545, 52.280550844467946], [4.966286826290486, 52.280623283957986], [4.9662813853311345, 52.28070271701056], [4.966275971568663, 52.28077927405286], [4.966265159065666, 52.28080691807791], [4.966252098194796, 52.28088632399926], [4.966235216676032, 52.28093587671986], [4.966226806525059, 52.28095741756926], [4.96622023986032, 52.28096997715158], [4.966210220980914, 52.28097569369121], [4.966200825672325, 52.28097745780504], [4.966189082386246, 52.28097957307095], [4.9661773561136435, 52.28097989083039], [4.966165618675283, 52.28097984004776], [4.966156292381839, 52.2809758611804], [4.966147568293228, 52.280968639850116], [4.966125618459393, 52.28095140391688], [4.965980580988893, 52.280837541793304], [4.965873817240483, 52.2807224766892], [4.96580183067828, 52.28064887945603], [4.965753552419568, 52.28060952044225], [4.965709305673009, 52.28057772555761], [4.965660918548144, 52.280549870540725], [4.965614225155305, 52.28052885229442], [4.965568666595527, 52.280511792721896], [4.965513743510697, 52.280493261681436], [4.965435375000273, 52.280474646986264], [4.96540847066247, 52.28046843928845], [4.965393851336858, 52.280464792003656], [4.9653721915556694, 52.280461838626195], [4.965360499508563, 52.280458561293756], [4.965346456097935, 52.28045599459752], [4.965331833371829, 52.28045270680611], [4.965315465877886, 52.28044797473437], [4.9653002467904575, 52.28044576335099], [4.965277431802765, 52.28044100826779], [4.965260464541559, 52.28043771210124], [4.9652405700121, 52.28043404597248], [4.965221265032687, 52.2804300224311], [4.965178548720896, 52.280422320195626], [4.965153385803115, 52.28041791622134], [4.965131143336191, 52.28041460120648], [4.965104797921073, 52.28041127154048], [4.965082555461123, 52.2804079565164], [4.96505445505806, 52.28040426106056], [4.9650310266853195, 52.28040237984582], [4.965013456260164, 52.280400879056444], [4.964977146554469, 52.280397513782646], [4.964961930913988, 52.28039494285458], [4.964936754381708, 52.280391976838494], [4.964914508530966, 52.28038902128391], [4.964888149494274, 52.28038712957402], [4.964864731378123, 52.28038416982307], [4.964844813010078, 52.2803830201352], [4.96482488781545, 52.28038258944613], [4.96479792216694, 52.280382852628726], [4.964748700439733, 52.280381238722576], [4.964705333241571, 52.28038036474232], [4.964676023051781, 52.28038061951943], [4.9646226608136805, 52.28038294541066], [4.964599198314607, 52.280384659121], [4.964572805135904, 52.28038636235138], [4.9645446467163685, 52.280388778292426], [4.964517077845627, 52.280390836821], [4.9644901053575134, 52.28039181893546], [4.9644689839747445, 52.28039390050285], [4.964442001233102, 52.28039596110953], [4.964428021857281, 52.28039745703287], [4.964396838030148, 52.28039903524053], [4.964339369387764, 52.280401705833235], [4.964309452538609, 52.280404115429526], [4.964286579570401, 52.28040547167313], [4.964258421123405, 52.280407887545884], [4.964232038173811, 52.28040851219701], [4.964206834332782, 52.2804084220339], [4.964183981873089, 52.280407621251314], [4.964158781451863, 52.28040717157691], [4.964132419017664, 52.28040563919951], [4.964083807364382, 52.280401510606396], [4.964058027651945, 52.28040033981096], [4.964025800448064, 52.28039914593449], [4.963997093480618, 52.280397605135775], [4.963970731057765, 52.280396072722326], [4.9639273980716005, 52.280391603446226], [4.963904572995589, 52.280387926601314], [4.963879982674011, 52.280384962458584], [4.963827891894618, 52.28037686665781], [4.96374534605697, 52.28036614517408], [4.963677439944758, 52.28035691412536], [4.963572645018896, 52.28034359623059], [4.963487151508111, 52.280334661571594], [4.96345026268832, 52.280330574726406], [4.963324404733243, 52.28031322647579], [4.963186755650482, 52.28030302607345], [4.962985166569674, 52.280297988823285], [4.962759539171255, 52.280293583967605], [4.96263236520146, 52.28029132981431], [4.962548016792769, 52.280285274693576], [4.96248946516973, 52.28027859315083], [4.962442053542024, 52.28027159208559], [4.962410450376285, 52.28026644536351], [4.962380612486323, 52.28026058594884], [4.962353719007717, 52.28025329905307], [4.96231981597314, 52.280243470369605], [4.962309310212736, 52.28023875894404], [4.962243968945517, 52.28020652743386], [4.9622177337867335, 52.28019169309295], [4.962196160226618, 52.28017975160894], [4.962175200292153, 52.280164936220075], [4.962159522432961, 52.28014942078882], [4.9621317110230265, 52.28011552655507], [4.962081404739865, 52.280043443022464], [4.962028339787453, 52.279953373879415], [4.9619388060829595, 52.27981535827213], [4.961877659668437, 52.27971231750789], [4.961821260983855, 52.279603182062765], [4.961730627048004, 52.27939649526832], [4.9616330121088446, 52.27918439056638], [4.96154498581589, 52.27895038997382], [4.961495310880462, 52.27884166503573], [4.961459443705461, 52.27876313499638], [4.961417428207003, 52.27868245268654], [4.961336286918591, 52.27852541258716], [4.9612809636797115, 52.278435865222676], [4.961268179199561, 52.278415156131146], [4.961258359921765, 52.27840002119144], [4.961253441334981, 52.27839338842406], [4.961231145392309, 52.27836825000999], [4.961172421620976, 52.278301798068924], [4.961152721485492, 52.27827950016143], [4.961130803545419, 52.27825621458413], [4.961053634284887, 52.27817420107842], [4.961002930181238, 52.27818687092378], [4.960947742247727, 52.27819953357037], [4.960864213045656, 52.278218520303454], [4.9607613070013965, 52.27824111311749], [4.960625625386576, 52.27826637382569], [4.960472058366255, 52.27829250456314], [4.96037516529072, 52.278306885884184], [4.960297672361999, 52.27831675337768], [4.960215698531944, 52.27832478010733], [4.960068851307576, 52.27833775841923], [4.960024979940613, 52.278340772628354], [4.959968352574817, 52.278346113518005], [4.959895351925084, 52.278350514399534], [4.95978959625909, 52.27835391602459], [4.959721094053273, 52.27835374926292], [4.959652583036821, 52.27835449918911], [4.959585578293637, 52.278352513232804], [4.959390545473069, 52.278344734271954], [4.95920592206127, 52.27833790044208], [4.959034712018886, 52.27833200469489], [4.958940901371782, 52.27832904048834], [4.958856017228061, 52.2783288408499], [4.958796441553357, 52.278331438194236], [4.958726415399441, 52.2783358401438], [4.958663821223801, 52.27834299230421], [4.958610138768928, 52.27835291802697], [4.9585549587850055, 52.278364662827435], [4.958481869914284, 52.2783827599821], [4.9584147124903595, 52.27840269414612], [4.958347557797221, 52.27842537856047], [4.958168395234477, 52.278493467562654], [4.958045968911591, 52.27853885224291], [4.957941486570472, 52.27857423556613], [4.957872836792847, 52.27859691428328], [4.95780869745068, 52.278612284253], [4.957738629517859, 52.278623992579284], [4.9576911504942585, 52.27863030034345], [4.957637259763912, 52.27863745661441], [4.957488235529304, 52.2786526258346], [4.957296055242609, 52.27866495958226], [4.957144100603723, 52.278670986069976], [4.957026417748108, 52.27867270605456], [4.956983257565107, 52.278673339946096], [4.956814985663614, 52.27867110972752], [4.956773283326084, 52.27867100285846], [4.956734581950168, 52.27866817459762], [4.956681013988029, 52.2786616431297], [4.956646808352471, 52.27865608093133], [4.956609622340382, 52.27864960009732], [4.95656350113995, 52.27864126217654], [4.956514431892769, 52.278630181196085], [4.956443064213341, 52.27861264658049], [4.956386572012102, 52.278597898427925], [4.956303330005191, 52.2785748558539], [4.9561636138013725, 52.278535231507696], [4.9559971392270015, 52.278488229259715], [4.95584402806979, 52.278445832365556], [4.9557369906645405, 52.27841816371556], [4.955488675493157, 52.27836092151256], [4.955243332481154, 52.27830550518791], [4.955240524925091, 52.27830490173324], [4.954936603811021, 52.278239950352436], [4.954914684182529, 52.27823526843741], [4.954664846782769, 52.27818258475371], [4.954513164087319, 52.27815023975888], [4.954303489960143, 52.27810678899051], [4.954086349053086, 52.27806423624412], [4.9538661775577255, 52.27802897910507], [4.9538304572138285, 52.2780270685887], [4.953797693661142, 52.27802698444414], [4.953764917963497, 52.27802965052542], [4.953727658567356, 52.27803230015929], [4.9536965504803305, 52.278036760915974], [4.953696359733789, 52.278036787180156], [4.953660565047005, 52.2780440079867], [4.953618264924091, 52.27805568087099], [4.953611329972218, 52.27805759681274], [4.95354119316276, 52.27807935080649], [4.953493434790585, 52.27809476953161], [4.9534009103980985, 52.27812377539569], [4.953326304240768, 52.27814552185179], [4.953236792953369, 52.27816905606138], [4.9531547461572085, 52.27818895955502], [4.953087625498424, 52.27820340824984], [4.953027984049258, 52.278214226320344], [4.952978796406874, 52.278221415714484], [4.952913235761701, 52.278227655152605], [4.952816382450179, 52.27823472331383], [4.95268230511699, 52.27824079176689], [4.952618277971076, 52.27824154510609], [4.952514014081024, 52.27824220441329], [4.952286159164993, 52.27824347862294], [4.952055324061658, 52.27824382466523], [4.951913847723688, 52.27824529919156], [4.9517619173489225, 52.27825041107547], [4.951662101415337, 52.278254735076295], [4.9515711101951325, 52.27826019701245], [4.951542182435742, 52.278261932932224], [4.951501202697099, 52.27826438839949], [4.951371564171205, 52.27827502855962], [4.951213588513379, 52.27829291614218], [4.951061588683978, 52.278308075277955], [4.950389423115413, 52.27838499247875], [4.950189714409951, 52.278407335268014], [4.950070472034174, 52.278421661492246], [4.949997431155053, 52.27843152971041], [4.949913954043417, 52.27844320179324], [4.949814073732529, 52.27845848017696], [4.949691822960076, 52.2784791942345], [4.949556119715945, 52.27850444217157], [4.949439805479151, 52.278527910247284], [4.949333918433788, 52.278550482089685], [4.94916938520529, 52.2785882956691], [4.949098242795815, 52.27860472250337], [4.949011711901283, 52.27862734780276], [4.948880403978103, 52.27866447520754], [4.948777430059949, 52.27869619798821], [4.948628162893209, 52.27874607518104], [4.948477379376779, 52.278799604611166], [4.948337058814792, 52.278848597874465], [4.948219148182128, 52.27888667305819], [4.9481027443487635, 52.27892201242845], [4.948046035791633, 52.278938321465326], [4.947978927002581, 52.27895276730815], [4.947874557556177, 52.278969869887185], [4.947794071531184, 52.27897971806973], [4.947695708663225, 52.27898952670976], [4.947645051799251, 52.27899396713397], [4.94721400944038, 52.279004003129515], [4.947004038053776, 52.278999779228116], [4.94683576931538, 52.278995665344105], [4.946713668932236, 52.27899350282522], [4.946667500608783, 52.27899155122057], [4.946594549939094, 52.27898770222609], [4.9465350068626135, 52.27898388518261], [4.946456128643803, 52.278976364945585], [4.946374276003479, 52.27896882457819], [4.946307319814907, 52.27896042294369], [4.946259725949236, 52.27895298327905], [4.94603107689158, 52.27891573855459], [4.945774836444196, 52.27887400430924], [4.945700467524454, 52.27886100882956], [4.945535429407186, 52.27882675093837], [4.945468540606088, 52.27881012520162], [4.945391264385497, 52.278788894787034], [4.945327368432742, 52.2787704466332], [4.945248634015881, 52.27874556161018], [4.945187748965282, 52.27872347557009], [4.945126869695826, 52.278702288304444], [4.945042238827302, 52.27866916620587], [4.944966546371123, 52.27863606849156], [4.944797376159202, 52.2785606837055], [4.944438308161852, 52.27839615627866], [4.944260183369364, 52.27832257070222], [4.9442404604301435, 52.278316654711666], [4.944171050378424, 52.27829583045356], [4.944113073796308, 52.278281969644496], [4.944035740908857, 52.27826805423174], [4.9439390462172055, 52.27825316739631], [4.943790277093678, 52.278233573297676], [4.943416764618712, 52.278194171295354], [4.9430222943047495, 52.27816842280707], [4.942959762110027, 52.27816766657211], [4.942924012669621, 52.278167235644005], [4.942870389023264, 52.278168004819335], [4.942794388981971, 52.27817327366675], [4.942691519470023, 52.278183959986976], [4.9426154518406085, 52.27819745234527], [4.9425050547915275, 52.27822089990371], [4.942373638570566, 52.278262567536686], [4.942310498314574, 52.27828450298433], [4.942264567602003, 52.278304301140786], [4.942203260780874, 52.27833337079357], [4.942152408628201, 52.27835881272679], [4.941947488372445, 52.27846514936273], [4.941757485584688, 52.278566958044735], [4.941569004063868, 52.27866602187427], [4.941402938829492, 52.27875510353825], [4.9412772804241145, 52.27882145431556], [4.941129226334537, 52.278894137789294], [4.940981235865233, 52.2789604309591], [4.940887086105417, 52.27899854357784], [4.940812397439324, 52.27902482968967], [4.940716802290599, 52.27905654635711], [4.9406421500597055, 52.27907918343351], [4.940506306265711, 52.279116266445946], [4.940434668787092, 52.27913343219513], [4.940370520993752, 52.279146042404626], [4.9403004276552345, 52.279156814561496], [4.940225883467041, 52.27916574531795], [4.94015435056172, 52.27917102935967], [4.94009326353244, 52.27917360257929], [4.940032194928098, 52.27917434231632], [4.939829639677475, 52.27917286602321], [4.939685211507734, 52.27916881418862], [4.9395303449494365, 52.27916381488233], [4.939454379547221, 52.279165432651816], [4.93939177951762, 52.27916982431217], [4.9393097637349, 52.27918147647364], [4.939267974446251, 52.27919141151272], [4.939215717089579, 52.27920770622128], [4.939185672099976, 52.279218413745305], [4.939123960110545, 52.27924082926235], [4.938977996439146, 52.2793033437279], [4.938921751698168, 52.27932559112097], [4.938839734411358, 52.27935479621648], [4.938827022504836, 52.27935842403968], [4.938832114366923, 52.27936208342725], [4.938830157453378, 52.27936287592457], [4.938793278978219, 52.27937405176627], [4.938770422775022, 52.27938098458929], [4.938709226579396, 52.27939725415915], [4.9386375972020975, 52.279413502091586], [4.938565995420754, 52.27942700879203], [4.938492921233782, 52.2794368518075], [4.938416900014576, 52.27944395128631], [4.938215679224573, 52.279462583109726], [4.9376865466772255, 52.27950952938615], [4.937637335191224, 52.279515786565106], [4.937518025298971, 52.27953463874671], [4.937462805298543, 52.27954818910834], [4.937415019847168, 52.27956267549961], [4.937338801957983, 52.27959352841837], [4.937283476391608, 52.279618951241126], [4.937232597606668, 52.27964804901528], [4.937116510992695, 52.27971758654263], [4.93702003241022, 52.27977537060879], [4.9367998794783015, 52.279918202903545], [4.936726484869628, 52.27996824624866], [4.936687531679115, 52.279994629955155], [4.936621667794257, 52.28003465351647], [4.936519906899749, 52.28009009817958], [4.936479528964738, 52.280111002787976], [4.936446621191664, 52.280126444287255], [4.936410753436363, 52.280141874492024], [4.936348544602319, 52.280169670389164], [4.936272347364179, 52.28019686464639], [4.936175257369899, 52.28022947073245], [4.936060280723175, 52.28026294322774], [4.935963231394832, 52.28029006670848], [4.935888587932036, 52.28030995054141], [4.935781123653128, 52.28033521857289], [4.935655764957795, 52.280365001970765], [4.935503547706988, 52.28039745088763], [4.9353991001273405, 52.280419988803835], [4.9353203136768204, 52.28043942503073], [4.935245346804531, 52.280457914105895], [4.93517817460262, 52.280475075768535], [4.935012444082922, 52.28052209561849], [4.934839235893264, 52.280570929136324], [4.934689924395025, 52.280614353298155], [4.9345495646248105, 52.280655052273644], [4.934437578969623, 52.28068670112369], [4.934350964999155, 52.28071202972266], [4.934282256152337, 52.28073467656639], [4.934070059018314, 52.28081445755174], [4.934026727232949, 52.280831691950006], [4.933975918103457, 52.28085073119114], [4.933892283522619, 52.28087698763571], [4.9338639128610495, 52.28088421294453], [4.933835570131281, 52.28088869706034], [4.933801278071894, 52.28089315835562], [4.933755076466348, 52.28089576741017], [4.933714876220375, 52.280894732423036], [4.93366427458096, 52.28088909169803], [4.933604771438061, 52.280879776724255], [4.933533396199169, 52.28086494256931], [4.9334843544585185, 52.280852917392934], [4.933450182168962, 52.28084276480626], [4.9333892724362025, 52.28082338692427], [4.933362540196403, 52.28081508740114], [4.933292729158533, 52.280792026235844], [4.933237746190789, 52.28077632908197], [4.933178293955826, 52.280760614740586], [4.933063854940127, 52.280731027652315], [4.932932745224423, 52.280705214215175], [4.932854025481653, 52.28068927288809], [4.932757471451312, 52.28067050369364], [4.932647467226124, 52.28065439704208], [4.9325627130416185, 52.28064391490832], [4.932512132873249, 52.28063908267755], [4.932443699753768, 52.28063324702431], [4.932372258698574, 52.28062922429373], [4.932321626504941, 52.28062804983546], [4.932254593316112, 52.28062861880651], [4.9321726671622645, 52.28062819568881], [4.932096738272271, 52.280625971065476], [4.932028271812104, 52.28062196856427], [4.9319657693036465, 52.280617988986116], [4.931921162460721, 52.28061227172809], [4.931839425888404, 52.28059905940069], [4.9317784981598844, 52.280588695427966], [4.931720559753436, 52.28057834293953], [4.931597276567082, 52.280553951283544], [4.931567477033369, 52.28054758090857], [4.9315096618372944, 52.28053522450089], [4.931387920411989, 52.28050626375263], [4.931249915729522, 52.280469915066334], [4.931143086237064, 52.28044012177156], [4.9310793219521365, 52.280420605853024], [4.931043724657167, 52.28040945840663], [4.930914772665984, 52.280364929357745], [4.930778903494572, 52.28031619411476], [4.930570953710283, 52.280241618911305], [4.930236295837722, 52.280119682053474], [4.929905740897293, 52.28000648731238], [4.929572246565091, 52.27989144674123], [4.929300960143837, 52.27980049092924], [4.92913641538465, 52.27974481195688], [4.929032630621774, 52.279711370482254], [4.928778813787746, 52.279648828843236], [4.928587193839562, 52.279611280472444], [4.928472696299353, 52.279597893786686], [4.928292585370806, 52.279589645048716], [4.928177949782808, 52.27958538919917], [4.927978415562852, 52.279580686677], [4.927605918681533, 52.27958787662314], [4.927467281413725, 52.27959628953345], [4.927370322049344, 52.27960583506976], [4.9272523972525, 52.27962349589089], [4.927006081035764, 52.279660583000776], [4.926671700294189, 52.27971845705412], [4.926670716687018, 52.27971297063257], [4.926579493918676, 52.27973877891586], [4.926444447303991, 52.27977961481453], [4.926434189997898, 52.27976402585558], [4.926240354089818, 52.279427169521284], [4.926239893576185, 52.27942635881901], [4.926224578013427, 52.27939973999858], [4.926222783896097, 52.27939469980538], [4.926121348384209, 52.27910805909812], [4.926075079714666, 52.278903836378426], [4.9260570715859435, 52.27874120281184], [4.92603205399055, 52.27857908116778], [4.925990404926596, 52.278439588971075], [4.925957642052915, 52.278299511260556], [4.925958340096175, 52.27819545258876], [4.925985695997226, 52.27807831272517], [4.926033172074793, 52.277970913281074], [4.926152093242847, 52.277773338657695], [4.9263840401256545, 52.27743211117825], [4.926445076659347, 52.27735504450415], [4.926674660736566, 52.27709441932489], [4.926688485737728, 52.27707672215718], [4.926785268563538, 52.27685579108066], [4.926795760966541, 52.27676083927148], [4.926789358879173, 52.27646060190188], [4.926790481731098, 52.27627425201501], [4.926782215983121, 52.27598845084936], [4.92676216334791, 52.27583634311397], [4.926734666895009, 52.27560360325155], [4.926734635803011, 52.2755429081123], [4.926734631198614, 52.275541937405464], [4.926734608904283, 52.275464821479325], [4.92675418395428, 52.27537709531283], [4.926789836915965, 52.27530592447994], [4.9268764078181055, 52.275187873489266], [4.926994729614771, 52.275042901560276], [4.927117320167953, 52.27486762108071], [4.9272301414499795, 52.2746692216347], [4.927256779615815, 52.274622381672984], [4.927323535532221, 52.27448193639559], [4.92744103446946, 52.274248969642514], [4.92759849689719, 52.273964055497785], [4.927616156165237, 52.27392822662703], [4.927654932704851, 52.273808317497945], [4.927661330407431, 52.27371236098289], [4.9276496303748365, 52.27365214176296], [4.927611420746466, 52.27355408843936], [4.927537081636964, 52.273417624308564], [4.927459312759374, 52.273311103337264], [4.927289312729858, 52.273136553918185], [4.926991251933099, 52.272887733409235], [4.9267193451519615, 52.27267874036661], [4.926714286771996, 52.27267484689378], [4.926667423661858, 52.27263882073971], [4.926631906280468, 52.27256263604825], [4.926640220210086, 52.27251246222337], [4.926651425743648, 52.272444791300885], [4.926781245982579, 52.27228246381548], [4.9269922202276515, 52.27216951689133], [4.927096830941552, 52.27212549705896], [4.927382342566613, 52.272034410390205], [4.927662849921385, 52.27193833329125], [4.927759292813115, 52.27189063205027], [4.927852642034278, 52.271840294253266], [4.927980410071856, 52.27177115265482], [4.928014655902839, 52.27174215600535], [4.9280332325680645, 52.2717067530537], [4.928043543416523, 52.271633272358926], [4.928043248417958, 52.27156532294675], [4.9280456875409815, 52.27142551717517], [4.92811853129281, 52.271144470869416], [4.928228311312622, 52.270956906914606], [4.928293664062863, 52.270852236267004], [4.928394897021256, 52.27065797896214], [4.928506388882086, 52.27046614315716], [4.92855871521042, 52.27039990786148], [4.928607475406092, 52.27035414205881], [4.928683503247996, 52.27030808653443], [4.9287359575947125, 52.27027630215338], [4.9288704988934064, 52.27021893299935], [4.929053850188139, 52.27013789007775], [4.929120378880754, 52.27009799009906], [4.9291856838306245, 52.270058831334694], [4.92929998137112, 52.26995832238282], [4.929353782559671, 52.26989095997504], [4.92941238394214, 52.26979418086292], [4.929427391368989, 52.269769450437835], [4.929591986428315, 52.269419273217196], [4.929643572975285, 52.2692879354378], [4.92965484738739, 52.26924580799466], [4.929656327727203, 52.26920870281306], [4.929659157662861, 52.26913723324306], [4.929634136385706, 52.26900319916801], [4.929629818274547, 52.268980047677935], [4.929623282074395, 52.26896032096804], [4.929621519968726, 52.268955020292175], [4.929626308436216, 52.26895522757251], [4.929621247825679, 52.268937322123676], [4.929604716274052, 52.26888236921263], [4.929594654977643, 52.268852131023394], [4.929552003191681, 52.26873870077408], [4.9294774915631, 52.268542305948564], [4.92945610231753, 52.26848821501381], [4.929431565114825, 52.26842541162567], [4.929421683026541, 52.26840340700192], [4.929404848480051, 52.26837652200286], [4.929390510379887, 52.268353331696375], [4.929357905267358, 52.26834708467937], [4.929317231770604, 52.268336204611686], [4.92927695101673, 52.268324175603865], [4.9292374846611775, 52.26830988479382], [4.9291855351682035, 52.26828861595653], [4.929092311496342, 52.26824937319273], [4.929001317303308, 52.26821130741961], [4.928924230993796, 52.268182714782796], [4.928783312561896, 52.268131629594144], [4.928696999208309, 52.26809999008876], [4.92862358582344, 52.2680732630017], [4.928549015709569, 52.26804790652504], [4.928515037120145, 52.26803707911851], [4.9284392939074575, 52.26801468401793], [4.928367199372312, 52.26799505331948], [4.928318002985543, 52.267982486055615], [4.9282539431169, 52.26796933078122], [4.928197226077703, 52.267960122695925], [4.928141624721965, 52.26795069421919], [4.927987706337936, 52.267928696272136], [4.927852724247628, 52.26790870410127], [4.927411633900698, 52.267834915527985], [4.9271362968358545, 52.26778619955266], [4.926919168557368, 52.26774694014332], [4.926691268933691, 52.267706667682276], [4.9264744882717375, 52.267667867188926], [4.926332620721107, 52.2676409527414], [4.9262073947097464, 52.26761693420248], [4.926122995275482, 52.26759879106853], [4.926033855580423, 52.267575811880846], [4.925885197774653, 52.26753695248274], [4.925817943724237, 52.26751691668198], [4.92568794006263, 52.267476188460456], [4.925625971033696, 52.26745368354201], [4.9255835908834324, 52.26743661186119], [4.9255345524310545, 52.26741742897462], [4.925468968864859, 52.26739032604067], [4.925421865668283, 52.26736818466745], [4.925329165746405, 52.26732415042271], [4.925252295146833, 52.26728644251309], [4.925167720993445, 52.26724430937226], [4.925062967940663, 52.26719011644563], [4.924946933179311, 52.26712622633074], [4.924869778883322, 52.26708486798234], [4.924819153550206, 52.267054929090285], [4.924764680025239, 52.267014684004714], [4.92474790624032, 52.267000597298555], [4.924712209458288, 52.26696919781068], [4.9246859872005695, 52.2669452054409], [4.924658794203433, 52.266915951359465], [4.924633312216704, 52.2668771228914], [4.924603584658819, 52.26682957753917], [4.924571382531725, 52.26677628822938], [4.9245185133784535, 52.26668605873883], [4.924476998486335, 52.26661547622727], [4.92443774150484, 52.26654472278166], [4.924396143323139, 52.266466679975466], [4.924355965521578, 52.26638589242446], [4.924322622015304, 52.266312825242586], [4.924295781132954, 52.266248375925116], [4.924267737643845, 52.26617984139462], [4.924242601464951, 52.26610784892225], [4.924235245977632, 52.266084065154665], [4.924209777739851, 52.26598064076572], [4.924165708616907, 52.26578819946966], [4.924137218073901, 52.265673986753804], [4.924100037545637, 52.2655333425851], [4.924072225349466, 52.26541591484434], [4.924045536451619, 52.26529894987716], [4.924020853742039, 52.26516940074377], [4.923999625200577, 52.26504577916183], [4.9239827057959555, 52.26495430612805], [4.923962373375402, 52.26483890296741], [4.9239563410926195, 52.26477247687273], [4.9239449546462755, 52.26463781178567], [4.92393353908235, 52.26452142792794], [4.92392532087293, 52.26441733404223], [4.923915542726352, 52.26428860724741], [4.923907431414394, 52.26419113784276], [4.923898773133192, 52.26410259125742], [4.923886972908979, 52.2640062937892], [4.923872010405888, 52.26389998041089], [4.923861480499229, 52.2638322244386], [4.92384828602146, 52.263761518982214], [4.923842016249595, 52.263744660102844], [4.923810956543666, 52.26367339926179], [4.923781527710322, 52.263610117056345], [4.923767637531229, 52.26358372810501], [4.9237435858859095, 52.26354987532015], [4.9236985659763945, 52.263488518282266], [4.923650884191871, 52.26342537118668], [4.9236048080169335, 52.26336700293345], [4.923563336864654, 52.26331796417023], [4.923536428385065, 52.26329120954989], [4.923494385879004, 52.26325062611757], [4.923450552516909, 52.263214628451564], [4.923345127541461, 52.263147308984685], [4.923256630408726, 52.263090382942785], [4.923136703113482, 52.263023177133675], [4.923067974377276, 52.2629894094416], [4.922973015996624, 52.262945319473644], [4.922866469576675, 52.26289856843327], [4.922670675757914, 52.26281499375598], [4.922610388796596, 52.26279349148023], [4.9224668988857525, 52.262741292012116], [4.922350153957739, 52.26270057621295], [4.922240715891257, 52.26266432905516], [4.922131415080662, 52.262630383233706], [4.922021851970696, 52.262601927875515], [4.921899978399155, 52.262571266863006], [4.921792407087697, 52.26254987462109], [4.921628946094972, 52.26252499955189], [4.921505430297724, 52.26250713939801], [4.921365200260653, 52.26249076814805], [4.92118623019736, 52.26247262618265], [4.920999096023136, 52.262454991018444], [4.920969733317485, 52.26245156766163], [4.920807016966297, 52.26243259044259], [4.92065146592788, 52.26241199649847], [4.920503681317617, 52.262389734303696], [4.920381942730162, 52.262367305155955], [4.920291524565179, 52.2623473903849], [4.920141667662577, 52.262313264528636], [4.919996296121868, 52.26228026172066], [4.919850143073062, 52.262244981707816], [4.919595300120123, 52.26218762874872], [4.919428648541798, 52.262150199902976], [4.91926861148924, 52.26211757856282], [4.919255836589946, 52.26211497542859], [4.919192576073685, 52.26210207901024], [4.91894276975425, 52.26204648823013], [4.9188693979573035, 52.262027053338436], [4.918782333069324, 52.262003196023464], [4.918730844358386, 52.261988027132496], [4.918676059711221, 52.26197009486088], [4.918580612829656, 52.26193545465784], [4.918479329073433, 52.261898715028835], [4.918455835580113, 52.261888825064986], [4.918400809753998, 52.261864609174864], [4.9183407328087325, 52.2618346119867], [4.918282567087631, 52.261803957246116], [4.918215771175347, 52.261763830951935], [4.918157829116635, 52.261725869883584], [4.91811789776408, 52.26169544021198], [4.918086870984259, 52.26166513574688], [4.918048829563876, 52.26162217544816], [4.918013541047188, 52.26157513657519], [4.91799978534021, 52.261551659534206], [4.917986496203063, 52.26151449578962], [4.9179726991437756, 52.261458823964496], [4.91797132768261, 52.26137634565432], [4.917975197387066, 52.261281619681355], [4.917986781841344, 52.261210939971654], [4.9180262125921335, 52.2610776173552], [4.918064619146724, 52.26095111246582], [4.918119058070333, 52.26081270830859], [4.918198464267046, 52.26060540316626], [4.9182420218999265, 52.260458417272815], [4.918287568163327, 52.26030755648091], [4.918344841252715, 52.26011688089189], [4.918362449600833, 52.260067993699096], [4.918434793473116, 52.25987180534687], [4.918500807047813, 52.25968694354903], [4.918541219266551, 52.25957419790635], [4.918578782892569, 52.25946071293465], [4.918603473570316, 52.25938460249411], [4.918618990522379, 52.25932145217005], [4.918623508453848, 52.25927351967879], [4.918633206075583, 52.25918018291575], [4.9186379739034045, 52.25909320801037], [4.918640884095516, 52.25900599205396], [4.918637453909444, 52.258942263287], [4.918618327706535, 52.25881402910343], [4.918588083639931, 52.25870537140365], [4.918553556698898, 52.25858617188883], [4.918515793674652, 52.25847525535374], [4.918489778607527, 52.25840595439965], [4.918447217490226, 52.258319528795916], [4.918407005606902, 52.25824091398474], [4.918369954788112, 52.25817924488918], [4.918341855517419, 52.258139595679864], [4.918299477247608, 52.25808174325753], [4.918237425427702, 52.25799918592975], [4.918188212308147, 52.25793392728434], [4.918153636913011, 52.25788758331102], [4.91809899753713, 52.257817458616834], [4.918057408245612, 52.25775845878344], [4.9179976390823175, 52.25767480487188], [4.917943365861236, 52.25759917197552], [4.917819971059641, 52.257407392618845], [4.917761257398547, 52.257315402004444], [4.9177017897989375, 52.257222707307854], [4.917676185516546, 52.257184074485316], [4.917651244359509, 52.2571464509357], [4.917600690159875, 52.257076593887525], [4.917549766702269, 52.25701814997714], [4.917471697207951, 52.25694646684212], [4.9173958584015365, 52.25688687225372], [4.917303282638894, 52.25681724349645], [4.917204380768613, 52.25675170596517], [4.916986138004878, 52.256613125331555], [4.916795784649068, 52.25648960216737], [4.916671210520707, 52.256411522749815], [4.916629573964331, 52.2563877727363], [4.916599472512413, 52.25637567201489], [4.916506129237091, 52.256338674621205], [4.916307572996188, 52.2562694857841], [4.916051751970464, 52.256179513018644], [4.91592792318062, 52.25613498760344], [4.915797417614901, 52.25608063861701], [4.915618203324811, 52.256009395625455], [4.91552561340133, 52.2559719420733], [4.915461659276961, 52.255941118976466], [4.915337851432698, 52.25587263128142], [4.915261265226763, 52.2558370030418], [4.915141164532415, 52.255780834375294], [4.914985744420485, 52.25570753734177], [4.914776062603738, 52.25560522598351], [4.9146470505716495, 52.25554015013001], [4.914589970479362, 52.255510333721226], [4.9145351480477295, 52.255481694740766], [4.914492751903297, 52.255459325063384], [4.914397587392258, 52.25540109826957], [4.914309475114413, 52.255344930881286], [4.914251099682111, 52.255304746073776], [4.914203152417911, 52.25527004065239], [4.914180098999255, 52.255252233234245], [4.914162633056835, 52.255236479441095], [4.914150359197648, 52.25522415284168], [4.914129910031804, 52.25520108892718], [4.914091999372298, 52.25515634819602], [4.914047039186619, 52.255106572968614], [4.914026968808493, 52.25508921786933], [4.913966733839957, 52.25504766829974], [4.913883463186829, 52.254990809928856], [4.913789032720861, 52.25493258557458], [4.913735130459045, 52.254900165995586], [4.9137087238656125, 52.25488508636003], [4.91365369908156, 52.25485632032209], [4.913626560216225, 52.254842621870694], [4.913574506141029, 52.25481270825982], [4.913469294861859, 52.254753343917216], [4.913421344234641, 52.25472319502461], [4.913387150869824, 52.254700821875126], [4.913364837694749, 52.25468507549168], [4.913339932088796, 52.25466384507705], [4.91330276529362, 52.254629137566404], [4.913256673896284, 52.254579824864415], [4.913201670613193, 52.25452159635358], [4.913158177021754, 52.25448278291314], [4.913116914486606, 52.25444488618398], [4.913099444260743, 52.25442822443403], [4.91308495698021, 52.25441338121642], [4.9130719390687165, 52.2543967103596], [4.913041096665575, 52.254354019913876], [4.91300950983877, 52.25430972662593], [4.912986919674977, 52.254274646077754], [4.9129756966329685, 52.25425721843977], [4.912947078112574, 52.254214752601065], [4.912923300281343, 52.254182561378855], [4.912899146768154, 52.25415539288186], [4.912870148184231, 52.254130739523006], [4.912842638856942, 52.254110640013536], [4.912799527058932, 52.254080042912506], [4.9127485921543315, 52.25404556756675], [4.912706210470675, 52.254019305531685], [4.91257162351107, 52.25394624170558], [4.912512449745952, 52.25391394419276], [4.912486860626536, 52.253897833952976], [4.91244301216202, 52.253867692143494], [4.912311655640871, 52.253754105544424], [4.91221885623788, 52.25367384812037], [4.9119843070874, 52.25349894432415], [4.91189918398051, 52.25341994885154], [4.911709990364087, 52.253250772433944], [4.911633416257417, 52.25319002964432], [4.911494810059384, 52.253079603644885], [4.911468539431589, 52.25305608440177], [4.911402477060022, 52.25299982379792], [4.911304575018442, 52.252919077721046], [4.911215820488457, 52.252845729499136], [4.911113328219942, 52.252771121488145], [4.9110613586246865, 52.252733693197094], [4.911026919665151, 52.25270988928199], [4.910970247137064, 52.25268223881963], [4.910896588105495, 52.252648983319446], [4.910805125328926, 52.25261396627942], [4.91068583520253, 52.25257507103584], [4.910542825420331, 52.25253300614041], [4.910378163158132, 52.25249303777321], [4.910241591900142, 52.252462440094966], [4.910176328780206, 52.25245344942598], [4.910089871724582, 52.25244337550213], [4.910016723106798, 52.25243774135101], [4.909963933647294, 52.25243592834052], [4.909935310607745, 52.252435237525226], [4.909714855916955, 52.25244550101883], [4.909675718862916, 52.252448821206855], [4.909568399202468, 52.252457294534665], [4.909436829889488, 52.25246830319139], [4.909313822008665, 52.252479840656996], [4.909194701524788, 52.25250030972328], [4.909122638067064, 52.25251226874449], [4.90908341266978, 52.25251971382915], [4.9090224586048326, 52.252533587218586], [4.908985786014288, 52.25254332552866], [4.908937093241928, 52.25255821918269], [4.908920794957811, 52.252563545969274], [4.908888742045971, 52.25257403096578], [4.908824646378179, 52.25259541441771], [4.908743715125429, 52.25262169100237], [4.908694629265302, 52.25263771544173], [4.908600201216091, 52.25266753244329], [4.908547054127416, 52.25268261461996], [4.908306482995903, 52.25274939087247], [4.9080769708765954, 52.2528145397207], [4.907987713209723, 52.25283333105578], [4.9078425716312415, 52.25285611099322], [4.907699320285751, 52.25286926338393], [4.907421788327537, 52.25287849108544], [4.907247200790518, 52.25288719252475], [4.907217852981166, 52.25288985958632], [4.907188674018101, 52.252893165467924], [4.9071597223802135, 52.2528971193952], [4.907131012904378, 52.252901703452686], [4.907102574877883, 52.25290691775957], [4.907074481617837, 52.25291275362597], [4.907046733220139, 52.25291920206464], [4.907019388260809, 52.252926263313896], [4.906992461577103, 52.25293391945838], [4.906966011842045, 52.25294216174893], [4.906940053893076, 52.25295097227029], [4.9069146315654, 52.25296036018894], [4.906863603582394, 52.25297440762464], [4.906812171735153, 52.25298787817056], [4.9067603360253145, 52.25300077182612], [4.906708125840179, 52.25301307972243], [4.906655555922735, 52.25302479293096], [4.906602640822085, 52.25303592049836], [4.906549410022743, 52.253046444568234], [4.906495878170973, 52.25305636519975], [4.906442045268652, 52.25306568239246], [4.9063879552508185, 52.25307439632471], [4.9063336082165625, 52.25308249800868], [4.906261400609029, 52.25309272902308], [4.906225524896374, 52.25309774208111], [4.906189107142066, 52.253102770897925], [4.906117284883211, 52.25311257197316], [4.906116771652371, 52.25311263279931], [4.9060443503049695, 52.25312230556083], [4.906008902921344, 52.253126978756484], [4.9059523086913694, 52.25313431613121], [4.905900378916597, 52.25314097141827], [4.905860167627955, 52.253146038611845], [4.905825940155924, 52.2531503032774], [4.905791698324718, 52.2531545409109], [4.90571189784773, 52.25316402162767], [4.905631913572372, 52.25317289036381], [4.905551760146255, 52.253181147178736], [4.905471437572429, 52.25318879207192], [4.905390975240193, 52.25319581617511], [4.9053103584111835, 52.253202228415745], [4.905229631118978, 52.2532080199852], [4.905148793269639, 52.25321319987069], [4.9050528373759885, 52.25321878539577], [4.904956826289056, 52.25322405604087], [4.9048607747524615, 52.25322900287817], [4.90476468276845, 52.25323362590758], [4.904359741280601, 52.2532464516988], [4.903980120564655, 52.25324985245233], [4.903925853682604, 52.253251859554915], [4.903871534659099, 52.25325327321729], [4.903817178335891, 52.253254075524225], [4.9037628138086555, 52.253254284570524], [4.903708455919189, 52.253253882441086], [4.903654104474526, 52.253252887110904], [4.903599803605054, 52.25325128078478], [4.903545553215459, 52.25324907245026], [4.903491382498978, 52.25324627121484], [4.9034372915553215, 52.25324286809106], [4.90338332431986, 52.253238863258964], [4.903329466150259, 52.253234256658736], [4.903275760884085, 52.25322905745787], [4.90322222316775, 52.25322326571664], [4.903173240246366, 52.25321745665436], [4.903124408570378, 52.253211207783586], [4.903075742785587, 52.25320451916454], [4.9030272283467005, 52.25319738174989], [4.902978894348247, 52.253189813634854], [4.902930740889363, 52.25318180583217], [4.90288279726004, 52.253173358462035], [4.902822800639851, 52.253162237202545], [4.902763043640622, 52.25315063154755], [4.902703540810645, 52.25313855054486], [4.9026443068937855, 52.25312598526751], [4.902585341695945, 52.25311295369084], [4.902476015209214, 52.253072778766175], [4.9022920873358125, 52.25300439918824], [4.902247525328489, 52.252985350710695], [4.90220342183578, 52.25296589065392], [4.902159776564568, 52.25294604598099], [4.902116633643897, 52.252925798897614], [4.902073978234087, 52.2529051673193], [4.902031810335671, 52.25288415124658], [4.901990173881692, 52.25286275086036], [4.9019490393879686, 52.25284098401589], [4.901909978533088, 52.25281976494679], [4.901871286662188, 52.2527982867304], [4.901832978419628, 52.252776549427274], [4.901795068351666, 52.25275456208548], [4.901556798435225, 52.252585275541996], [4.9013825370255475, 52.252452715617], [4.90100147203812, 52.25214781541318], [4.9006066909804735, 52.25182677809475], [4.900387724920313, 52.251650099661326], [4.900115141636497, 52.25144316221971], [4.899889048004739, 52.25127714908066], [4.899866382187671, 52.251263438922116], [4.899842993924176, 52.25125017517561], [4.899818926751526, 52.25123739397196], [4.899794195313281, 52.25122509537107], [4.899768828699674, 52.25121329746841], [4.899742841357229, 52.251202018299], [4.899716277314911, 52.251191249056156], [4.899689165465858, 52.25118102581026], [4.8996615205515806, 52.25117133963393], [4.899633371661815, 52.25116220862255], [4.89960476252999, 52.251153650932174], [4.899293730338126, 52.25106961546458], [4.898953181289954, 52.25097579521751], [4.898927397099083, 52.25096872305165], [4.898901196389311, 52.25096224236159], [4.89887463783268, 52.25095634440158], [4.898847750518279, 52.25095104726749], [4.898820563633711, 52.25094636006759], [4.898793106465129, 52.25094228292273], [4.898765437487157, 52.25093882506229], [4.898737571243681, 52.25093599553419], [4.898709551762963, 52.25093378553233], [4.898681422777323, 52.25093221321329], [4.898653228314861, 52.25093126977106], [4.898624983018111, 52.25093095526614], [4.898596745361453, 52.25093127892817], [4.898568544630832, 52.250932240878214], [4.898540424953134, 52.250933823323], [4.898512415416979, 52.25093604435863], [4.898496771771163, 52.25093770534752], [4.8984812842700585, 52.25093981637587], [4.89846596755689, 52.25094237750437], [4.898450865660626, 52.2509453799273], [4.898436022511605, 52.25094882382636], [4.898421452851738, 52.25095270027476], [4.898146698775856, 52.251011225365204], [4.897889446104996, 52.25106555302328], [4.8977903172341595, 52.25108168929408], [4.897690959725694, 52.25109730323559], [4.8975913882264175, 52.251112394907885], [4.897491617383405, 52.25112696437117], [4.897391647298752, 52.251141002637404], [4.89729147787695, 52.25115451869362], [4.897232407185939, 52.25116209328601], [4.897173194787236, 52.25116923584127], [4.897113840880335, 52.251175928384214], [4.897054360011707, 52.251182179962804], [4.8969947522820405, 52.251187981589425], [4.896935046881439, 52.251193342372815], [4.8968601847698245, 52.251200015390104], [4.896785434636604, 52.25120715619642], [4.896710796479419, 52.25121476479201], [4.8966362996824175, 52.251222832311115], [4.8966114582375, 52.25122591091201], [4.896586815461191, 52.25122956555925], [4.896562429828241, 52.25123380548357], [4.896538316179591, 52.251238612770955], [4.896514533089083, 52.25124398766482], [4.896491095397776, 52.25124991225103], [4.896455636463812, 52.251259660706104], [4.8964205384540564, 52.25126987802116], [4.896385816011316, 52.25128056425736], [4.896351469233806, 52.2512917104275], [4.896317542051873, 52.2513033167144], [4.8962840198211675, 52.25131538305761], [4.896250946769331, 52.25132788267744], [4.896054379494298, 52.25140713926367], [4.895852409811849, 52.25149814723444], [4.895717040540024, 52.25156809454457], [4.89569592361808, 52.2515799966026], [4.89567553361492, 52.251592378039945], [4.895655914759474, 52.251605212077145], [4.895637067349662, 52.25161847175208], [4.8956190353169635, 52.25163215724784], [4.895601848247056, 52.25164624172415], [4.895585506338737, 52.25166070720632], [4.895570053821681, 52.25167552691494], [4.895555490795665, 52.25169069186295], [4.8955418614905275, 52.25170617527083], [4.895529166105484, 52.25172195916392], [4.895517434226763, 52.251738016701836], [4.895506680697616, 52.2517543299708], [4.8954476742911925, 52.2518514325868], [4.89543734195707, 52.25186673196724], [4.895426104375674, 52.25188178490605], [4.895413991032539, 52.25189657354973], [4.895400987382429, 52.2519110888496], [4.89538713775359, 52.251925295038234], [4.8953724421455584, 52.251939192115245], [4.895356944986137, 52.251952735325716], [4.8953406315315995, 52.25196593359584], [4.895323560754641, 52.25197875121909], [4.895305732754309, 52.251991179207614], [4.895287177016935, 52.252003199708], [4.895267908385039, 52.252014794805866], [4.895247970989117, 52.25202594670868], [4.895227379572394, 52.25203664648962], [4.895206163621695, 52.25204687629529], [4.895184352524442, 52.25205662725975], [4.895161975767593, 52.252065881529546], [4.895139062838036, 52.25207462125142], [4.894759960915789, 52.25222786803316], [4.894326277406271, 52.25241400645219], [4.893875438886317, 52.25258185316513], [4.893685858760528, 52.252660083401004], [4.893529455784385, 52.25273633976859], [4.8933430224636485, 52.252837061381456], [4.89324087338016, 52.25290182383158], [4.893218279752466, 52.25291602917001], [4.89319498807483, 52.25292979117829], [4.893171013091202, 52.252943100929684], [4.893146369445972, 52.25295595848504], [4.893121086826831, 52.25296832801635], [4.893095194422814, 52.25298021863316], [4.893068707078031, 52.25299161242136], [4.893041668925254, 52.25300249158921], [4.893014094709028, 52.25301284721006], [4.892985999074194, 52.25302267934482], [4.892957426153853, 52.253031970201796], [4.8929283906927346, 52.25304071085451], [4.892898936624483, 52.25304890148626], [4.89286907889363, 52.25305651519554], [4.892838846590052, 52.253063570079554], [4.892808269302729, 52.25307003929805], [4.892777390965527, 52.25307592303455], [4.8927462263237445, 52.25308121236267], [4.892404947175962, 52.253154365725585], [4.892203735759175, 52.25319291716492], [4.8919972959705165, 52.25323144635429], [4.891759482573247, 52.25326766858595], [4.891618781348375, 52.25328798454351], [4.891572795176929, 52.25329463149957], [4.891523464575955, 52.253301758745856], [4.891495294318519, 52.253303779713896], [4.891467028354394, 52.253305189095435], [4.891438681429265, 52.253305977964274], [4.8914103267659925, 52.25330614662757], [4.891381964365819, 52.253305695085274], [4.891353667551715, 52.25330461465711], [4.891325436124742, 52.253302923318124], [4.8912973141190985, 52.2533006122653], [4.891269360013306, 52.253297690731905], [4.891241588452751, 52.253294158779575], [4.8912140433715985, 52.25329001659285], [4.891186739315079, 52.25328527322074], [4.89115974940581, 52.253279937958396], [4.891133073544536, 52.253274019793416], [4.8911091363816, 52.25326809514292], [4.8910855712434165, 52.25326164176222], [4.891062407419332, 52.25325465977437], [4.891039659353979, 52.25324716721618], [4.891017385625245, 52.25323916433378], [4.890995615321861, 52.253230669225374], [4.890974348444312, 52.25322168189127], [4.890953643269632, 52.25321222954021], [4.890933514342201, 52.25320232122151], [4.890837577286058, 52.253153518381446], [4.8907413153593, 52.25310497474731], [4.890677542228104, 52.25305325998326], [4.890603473990365, 52.25298971876283], [4.890536340814033, 52.25292941532714], [4.8905053423514495, 52.25290142250066], [4.890390260179828, 52.25278093207588], [4.890256042875187, 52.25265605585926], [4.890164760929742, 52.25257743214495], [4.890073378252241, 52.2525052342967], [4.889899139573675, 52.25237371800111], [4.88972176767685, 52.25221863990204], [4.889463561133522, 52.251986068789016], [4.889449048097822, 52.25197299315337], [4.8894337697686945, 52.25196025583339], [4.889417740689826, 52.251947865878044], [4.8894009753044365, 52.251935841323736], [4.889383517242777, 52.25192420931759], [4.889365366504986, 52.251912969859376], [4.889346566721192, 52.25190215009632], [4.889327132434667, 52.25189175907734], [4.889307092832587, 52.25188180591305], [4.889286462256975, 52.2518723176272], [4.889265299283108, 52.25186329446635], [4.889243603709574, 52.251854754405294], [4.889221404723058, 52.25184670655452], [4.889032488872627, 52.25176436293509], [4.888963262964256, 52.25172652854998], [4.888880260123751, 52.25167792242846], [4.8888145462202, 52.251639042189176], [4.88875248144118, 52.251589472689275], [4.888664614917429, 52.25151621899317], [4.888566642122807, 52.251418295681205], [4.8883786952685675, 52.25127065783241], [4.888264674076529, 52.251196196902484], [4.888179865140333, 52.25115079134211], [4.88809490707569, 52.25111608970647], [4.887978565639156, 52.251080149922814], [4.8878308649123134, 52.251040832874274], [4.887754357395187, 52.251024376233026], [4.887585668922624, 52.25098923044971], [4.8875074937716745, 52.25096740979518], [4.887378913919248, 52.25093247824298], [4.887356267856705, 52.2509264953696], [4.887333278943279, 52.25092105031707], [4.887309961922612, 52.250916134159596], [4.887286360522813, 52.25091176505792], [4.887262503929327, 52.250907952123136], [4.887238436172905, 52.250904686553554], [4.887214186438809, 52.250901977460366], [4.887189783811366, 52.250899842942474], [4.887165257677766, 52.25089827413612], [4.8871406667122015, 52.25089726230161], [4.887116025254379, 52.25089683446333], [4.887082825704571, 52.25089692765377], [4.887049634335625, 52.25089759609666], [4.887016495076888, 52.25089883997786], [4.886983422570544, 52.25090065935948], [4.88695044610253, 52.250903054365544], [4.8869175950597, 52.25090601613257], [4.886884884084236, 52.2509095447227], [4.8868523571057265, 52.25091364032201], [4.886822037762163, 52.250918059837375], [4.886791960483065, 52.250923091548756], [4.886762183841355, 52.250928735704456], [4.886732722681698, 52.25093497439175], [4.886703606189073, 52.250941816722325], [4.8866748931387765, 52.25094924496955], [4.886646583631043, 52.250957250146286], [4.8866187215955685, 52.25096583243884], [4.886591336621999, 52.250974965009085], [4.886564472539134, 52.250984657031026], [4.886538129548625, 52.25099489052997], [4.886512366426222, 52.25100564777943], [4.886487183171543, 52.25101692877984], [4.886462638560648, 52.25102871580472], [4.88643873279541, 52.251040990879446], [4.886037586748627, 52.25126687359516], [4.885815869970378, 52.2513930852877], [4.885788651442147, 52.2514121050949], [4.885762175367187, 52.25143151452689], [4.885736441846968, 52.25145130459665], [4.8857114950155, 52.251471457516146], [4.885687320229521, 52.25149197322365], [4.88566394697958, 52.251512833869036], [4.885641375468679, 52.25153402147775], [4.8856196349851, 52.25155553617449], [4.885598740375807, 52.25157736004698], [4.8855786772004, 52.25159947505849], [4.885559474747302, 52.25162188133375], [4.885388501265393, 52.25185433814415], [4.885217349392626, 52.25209855913598], [4.88504275851986, 52.25233849599832], [4.884843185259136, 52.25261575211335], [4.88468163942855, 52.25280116023104], [4.884502372518338, 52.25300466632516], [4.884470037076906, 52.253035734840815], [4.8844382847213215, 52.25306703951414], [4.884407144943767, 52.2530985624952], [4.884376602999366, 52.25313031270969], [4.884358231290458, 52.253149073225416], [4.884339013750777, 52.253167515562005], [4.884318979769872, 52.253185630856066], [4.884298129651759, 52.253203392144826], [4.88427649278613, 52.2532207905649], [4.884254083816937, 52.25323782617828], [4.884230917794408, 52.25325446309687], [4.884207009261009, 52.25327071036995], [4.884082497935369, 52.253352276039365], [4.883956822122132, 52.253433171512754], [4.883939714333508, 52.253443740360936], [4.883922097641531, 52.253453983474195], [4.883903957605118, 52.2534638828151], [4.88388533815749, 52.253473438570396], [4.883866239501977, 52.25348263276496], [4.883846690927653, 52.25349146552328], [4.883826707282271, 52.25349991893252], [4.883735561225928, 52.253537019292686], [4.883644154061652, 52.25357388478422], [4.883612246735093, 52.253586439770594], [4.883579977448951, 52.25359862470114], [4.883547331559217, 52.25361043951313], [4.883514338355393, 52.253621884331025], [4.883481012482406, 52.253632959217065], [4.883457481699164, 52.25364037282198], [4.883433647443399, 52.25364742561176], [4.883409524665083, 52.25365409068611], [4.8833851279075295, 52.253660377094874], [4.883360486460049, 52.253666284962705], [4.883335600526751, 52.25367179631449], [4.883283489700045, 52.25368244052442], [4.883195991602095, 52.25369607058506], [4.883127537015757, 52.253702807181305], [4.883091622859447, 52.253705763812626], [4.883055610767787, 52.25370831555884], [4.88301954457343, 52.25371047159467], [4.882983409734644, 52.253712222870156], [4.882947235643104, 52.253713560522726], [4.882911022096234, 52.253714502527316], [4.882872558085707, 52.253715012484776], [4.882834085743854, 52.253714965143], [4.882795634259214, 52.253714369614464], [4.882757218379446, 52.25371321697428], [4.882718838004239, 52.25371151620988], [4.882680551814641, 52.25370925858393], [4.88264234496388, 52.253706462008985], [4.882604276235019, 52.25370310876025], [4.882566330883013, 52.253699207762814], [4.882528538096261, 52.253694768129314], [4.882490941809551, 52.25368979004761], [4.882344702860129, 52.25366974251836], [4.882200269912201, 52.25364542427393], [4.8819523043377835, 52.25359714187777], [4.881556843555522, 52.25353638189729], [4.881512677338178, 52.25352963173611], [4.881323220309138, 52.2535006797169], [4.881210316032505, 52.25347794227035], [4.881033880577794, 52.25344240346185], [4.880732369053086, 52.25337018799067], [4.880317563818291, 52.253277451789856], [4.8801502104932455, 52.253248278108295], [4.879954951808408, 52.25321584763195], [4.879431937362713, 52.25313470560213], [4.878778160485141, 52.25303300062934], [4.878429501577197, 52.252974624539526], [4.878215088065604, 52.25293465772288], [4.877958855104364, 52.252883922542274], [4.877871730178836, 52.25286237152667], [4.877728871488566, 52.25281610606548], [4.877547723174272, 52.252752652176376], [4.877418841143955, 52.252702132407116], [4.8772447586744665, 52.25261513319644], [4.877240392113455, 52.252612786480896], [4.877250523239021, 52.25260666448024], [4.87684083626549, 52.252399584699724], [4.876569524127534, 52.25225180162229], [4.876531189454678, 52.25223092778961], [4.876488124918207, 52.25220747194434], [4.875878872316654, 52.251885298589634], [4.875596939098789, 52.25171163598051], [4.875247294668768, 52.25151227948115], [4.874979091908199, 52.251339555669794], [4.874876446902059, 52.25126469065272], [4.874524352912983, 52.251021756854286], [4.874222863169848, 52.25088643845826], [4.874069704619263, 52.250831315640795], [4.874005676701142, 52.2508163603114], [4.874006187329646, 52.25079620259744], [4.873896499922733, 52.25075448058709], [4.8738529382110265, 52.25074263401525], [4.873790122666098, 52.25074574059062], [4.873655728205859, 52.25076263816216], [4.873493359681871, 52.250791260074955], [4.873367034703084, 52.250818240905154], [4.873264624025027, 52.25084011260474], [4.873185928842622, 52.25085761138153], [4.872939829667357, 52.25091234675696], [4.872702332401305, 52.25096653485605], [4.872609741242136, 52.2509952705812], [4.87253282247066, 52.25103260403866], [4.87245412833139, 52.25107528652074], [4.872289667838331, 52.251182047744194], [4.872181153644954, 52.251264281830785], [4.872039330501349, 52.25137750481594], [4.871880011421191, 52.251506748724886], [4.8718363272956235, 52.25155099456249], [4.871781870431087, 52.251606131712606], [4.871690714400479, 52.251705518124695], [4.87159945858283, 52.251827391835846], [4.871476591558818, 52.25199416605282], [4.87138009193285, 52.25211602569541], [4.871308189290558, 52.252200459035855], [4.871236365431537, 52.25226670110321], [4.870907101857318, 52.25255514182548], [4.870582764684334, 52.252852815792714], [4.87054972528262, 52.25288314044048], [4.8704264595229265, 52.252997889668556], [4.870320130138209, 52.25309686712257], [4.870183583110273, 52.25322397033874], [4.870121266278466, 52.25328215519235], [4.870036503728381, 52.253361309498295], [4.8700195417533445, 52.25334139890741], [4.869854198412965, 52.2531473987475], [4.869609544199492, 52.252854758992754], [4.869463813099947, 52.25267467658074], [4.869314661551162, 52.2524828137869], [4.869247107194823, 52.25237566019821], [4.869191733707302, 52.25227387182951], [4.869084329602063, 52.25210777136673], [4.86903244644999, 52.25200813734682], [4.868957930982202, 52.25189775335214], [4.868893746914925, 52.251819501542656], [4.868841661103036, 52.25176374563449], [4.868779158330591, 52.251698344891714], [4.868702635903106, 52.25164469274878], [4.868646976912722, 52.25161033932085], [4.868582567183965, 52.251579192107634], [4.8681643970383055, 52.251467137166614], [4.867929166494738, 52.25140785297173], [4.867859444901159, 52.251392743459306], [4.867815865717245, 52.251386242404166], [4.867624053888926, 52.25136985908536], [4.867540335214679, 52.251363289296314], [4.867446193930941, 52.251351343762195], [4.867083607366241, 52.25129290877879], [4.86687794002909, 52.2512529418361], [4.866712416423901, 52.25120769567304], [4.8665852129442575, 52.25117535400702], [4.866418009625984, 52.25111726525621], [4.866252553793697, 52.251061305123265], [4.86611332111365, 52.25098827545571], [4.865874937886465, 52.250857267486914], [4.865706144424628, 52.250763839122655], [4.865363626331941, 52.25051811585532], [4.8652036758182495, 52.2504000898708], [4.865096054668331, 52.25028535976232], [4.864978005618817, 52.25016205391581], [4.864887616625416, 52.25009018234844], [4.864755552500225, 52.2499807636066], [4.864581526418845, 52.24988946757446], [4.86440055374141, 52.249794949831646], [4.864047050154996, 52.24966159521198], [4.863902545178626, 52.24959925317922], [4.863785936311291, 52.249544449582], [4.863570090305112, 52.24944451813625], [4.86344304809862, 52.249377929713674], [4.863197668958847, 52.24925545974106], [4.863086306477186, 52.24919425233011], [4.862788426755051, 52.249107015050384], [4.862532379744123, 52.24902520272712], [4.862347768843599, 52.248961718987246], [4.862053447520374, 52.248857355639196], [4.861771467442912, 52.24872733192151], [4.8614372818995335, 52.24857152253579], [4.8612632062777665, 52.24849413467005], [4.860881951285158, 52.24833289219683], [4.860620840930349, 52.24821680907315], [4.8601279824014725, 52.248047867419714], [4.859911995122625, 52.247982181644595], [4.859542695464244, 52.24787553599529], [4.8592657348252, 52.24779260750632], [4.85903560368369, 52.24776650275808], [4.858807228066753, 52.247739326856944], [4.858610128580369, 52.2477357579519], [4.858357212322576, 52.24773315230257], [4.858092051523941, 52.24773694463169], [4.857818165382885, 52.2477417938066], [4.8575217163641105, 52.24772305570538], [4.857401757590336, 52.24763827390259], [4.857368725254132, 52.24761466725496], [4.857245571041529, 52.2474699303379], [4.8571692560372295, 52.24738094891088], [4.857148488468351, 52.247345587048166], [4.857105510873773, 52.24721277708024], [4.857085612677453, 52.24699865779364], [4.857034373204351, 52.246772713547564], [4.857000047574981, 52.24665489829049], [4.856965597408789, 52.24656599669553], [4.856899941763487, 52.24643421734705], [4.856861781038586, 52.246391326356665], [4.856756851439889, 52.24632736449214], [4.856535348851182, 52.24627588463571], [4.856388555581028, 52.2462316427373], [4.856241288809028, 52.24618783893715], [4.856148049933755, 52.24616278396726], [4.856042460337502, 52.2461346354789], [4.855931062861335, 52.24610605632555], [4.855890382087191, 52.24609529459792], [4.855829790915815, 52.24607195905871], [4.855770162259237, 52.24604772902181], [4.855670934448857, 52.245993292089004], [4.855623368594314, 52.24596562891275], [4.855567775778162, 52.24593084709717], [4.855530569234087, 52.24589648053855], [4.855486819906752, 52.24585946004479], [4.8554664352249075, 52.245837572532736], [4.855446903330914, 52.24581539225227], [4.855428238650904, 52.24579293724467], [4.855410440969322, 52.245770225485245], [4.855393525034159, 52.24574724805285], [4.855377505056842, 52.24572404096358], [4.855362381036107, 52.24570060421788], [4.855348152863458, 52.245676946803485], [4.855334849499109, 52.24565309581495], [4.8553224708343246, 52.24562906024006], [4.855311031402215, 52.24560484913244], [4.855300516344869, 52.245580480401465], [4.85529095483691, 52.24555596316659], [4.855270889003919, 52.24548044594191], [4.855250506527611, 52.24535667995716], [4.855240033959253, 52.24508489104184], [4.855255889603927, 52.244733335707956], [4.855282243304088, 52.24440017202381], [4.855296232827839, 52.24417168030562], [4.855299422902807, 52.24395612755794], [4.8552884165112316, 52.24382462018057], [4.855271734644064, 52.24363627438262], [4.855228818803564, 52.2432441613608], [4.855197962533658, 52.242922388413604], [4.855183460283371, 52.242774704913046], [4.855158265788354, 52.24261755388243], [4.855146175404713, 52.242579273658485], [4.855127200511357, 52.24252409203543], [4.855097446128164, 52.24244591560963], [4.8550596113040445, 52.242352908604914], [4.855052759806587, 52.242333248047935], [4.855045043012167, 52.24231370942476], [4.855036460706917, 52.24229431071017], [4.855027042173308, 52.2422750520358], [4.855016772449347, 52.24225596029804], [4.855005666069262, 52.24223704455003], [4.854993722819142, 52.242218322766476], [4.854980971873719, 52.2421998040665], [4.854967413018969, 52.242181506424814], [4.8549530461482515, 52.242163438828605], [4.85493788568805, 52.24214561931846], [4.854896572457695, 52.242112150797055], [4.85488018435251, 52.242097822064295], [4.854862957123916, 52.242083876030925], [4.854844905197965, 52.242070330737405], [4.8548260430005135, 52.24205720422423], [4.854806414238638, 52.242044514663974], [4.854786018804952, 52.24203227104361], [4.854764914939241, 52.24202050058922], [4.854743117067095, 52.24200922134117], [4.854720669109987, 52.241998433497145], [4.854697570637706, 52.24198817300663], [4.8546738803195515, 52.241978431145704], [4.854649612473234, 52.24196923494247], [4.854624825552878, 52.241960593647946], [4.854599519342846, 52.241952525236755], [4.854573752404577, 52.24194502997265], [4.854414679957115, 52.24190540392077], [4.854387187983059, 52.241898916476515], [4.8543593520789035, 52.241893029668084], [4.854331186884317, 52.241887743561286], [4.854302736212217, 52.24188306734138], [4.854274043875541, 52.241879010193784], [4.854245124513661, 52.2418755721844], [4.854216036579919, 52.2418727625646], [4.8541868094617495, 52.24187057247895], [4.854157457475665, 52.24186902895577], [4.854128054145817, 52.24186810536286], [4.854098599255773, 52.2418678196751], [4.854069166006779, 52.24186817222272], [4.85403975439768, 52.241869163005745], [4.853697368611576, 52.241891058142585], [4.85287732732273, 52.24195171538604], [4.852324512537746, 52.24199330909283], [4.852053258587674, 52.24201349017285], [4.851880174691744, 52.24202636782119], [4.85171490201997, 52.24203618875869], [4.851669467415412, 52.242037609660144], [4.8515952297007665, 52.242035673304294], [4.851510335562628, 52.2420201437321], [4.851444776950673, 52.24200022576912], [4.851386178878959, 52.24197495554596], [4.851324595984446, 52.24193735824997], [4.851289238810766, 52.24190680959236], [4.851273142949738, 52.2418901987382], [4.851254286677126, 52.24186694224552], [4.851229443985537, 52.24179974341677], [4.851204241496651, 52.24167851631421], [4.851198470595503, 52.24160815933725], [4.851201420991224, 52.24153942380393], [4.85120924125655, 52.24151372674557], [4.851241553723695, 52.24142741811842], [4.851305651737288, 52.24128151965574], [4.851367896261161, 52.241150910261624], [4.8514747500026205, 52.24092551831934], [4.851539607924916, 52.24078569902926], [4.851577812877185, 52.24071333038266], [4.851625374815507, 52.24062744130174], [4.851649298198059, 52.24058969244187], [4.851685919060537, 52.24053336009239], [4.851728086366413, 52.240474787901384], [4.8517644998978815, 52.24042350582257], [4.851812654508969, 52.2403564581204], [4.851912187600467, 52.240223303022006], [4.851943832422771, 52.24018381845397], [4.852055319481794, 52.2400621860282], [4.852158783976204, 52.239967265346685], [4.852187207012214, 52.23988394980068], [4.8521865180068495, 52.23985721647676], [4.852164861646885, 52.23970270519209], [4.85215655257544, 52.23964121685524], [4.852143832943436, 52.23958613493789], [4.852117191629564, 52.239527277941725], [4.8520775437417925, 52.2394603807184], [4.852029157642613, 52.239394531444496], [4.8519809549581225, 52.2393451039918], [4.851890606241087, 52.239252738813036], [4.851775860082122, 52.239137811065866], [4.8516870090034505, 52.2390475916478], [4.85162565498031, 52.23899493168393], [4.851504643329227, 52.238897106324615], [4.851439781560359, 52.23884763906089], [4.851211166877741, 52.238703405892096], [4.8512076761931775, 52.238703929334406], [4.851081893768164, 52.23864621315839], [4.8510489558662515, 52.23862896858183], [4.851016864107761, 52.23861440624985], [4.850988168167986, 52.23860841586491], [4.850975037261894, 52.23860465322839], [4.850961534095009, 52.23860141020288], [4.850947716791609, 52.238598723003946], [4.850933643909085, 52.23859659189734], [4.850919374004641, 52.23859501714861], [4.850904965310793, 52.238594025986046], [4.8508904912406186, 52.238593600766855], [4.850875995495356, 52.2385937596653], [4.850861551379947, 52.23859449402622], [4.850847202920256, 52.23859579506147], [4.8508330378442235, 52.23859767215743], [4.850819100286065, 52.23860010753849], [4.850805434271842, 52.238603092416675], [4.8507921277460575, 52.2386066182034], [4.850264829326143, 52.23879246702527], [4.850141512836476, 52.23883748452424], [4.8499253604789345, 52.23892871832858], [4.8497634439871895, 52.23899981374887], [4.849568203971909, 52.23909164535134], [4.849394848634119, 52.239173941150135], [4.849090950812186, 52.23933197702008], [4.8488870776830915, 52.23945224205879], [4.8487538668876065, 52.23950766603842], [4.848624123894171, 52.239562018132], [4.848508254491106, 52.23963133538717], [4.848428982503683, 52.239680389771635], [4.848262726276122, 52.239726162226454], [4.8481408505554064, 52.23976183673045], [4.84800770390922, 52.23978520907568], [4.847912857578918, 52.23980007371856], [4.847823232767464, 52.239811735442586], [4.847794599979053, 52.2398137977905], [4.847698810456819, 52.23982070360538], [4.847585714834535, 52.23982646972448], [4.8475509225327045, 52.23982697592753], [4.847522217371896, 52.23982534382464], [4.847456129566744, 52.23981567647686], [4.847392667290653, 52.23980440325341], [4.847325731319703, 52.239781375838554], [4.8472796763686965, 52.239765310614835], [4.847224938996938, 52.23973963350797], [4.847123309654096, 52.239677592434425], [4.846996582686193, 52.239566398174034], [4.8469177917401725, 52.23941519284246], [4.846875119798142, 52.23932186437999], [4.846799800822973, 52.23917657993337], [4.846716809238739, 52.23902539119124], [4.846685979642151, 52.23888402220334], [4.846680777340238, 52.23879517929503], [4.846681895543376, 52.238684964946145], [4.846656248722117, 52.23854843720263], [4.84661551588263, 52.238440206457355], [4.846547630450253, 52.23825803325043], [4.846437065158939, 52.238076239889075], [4.846345395748132, 52.237920193574176], [4.846253754094774, 52.237848688162636], [4.846084266812916, 52.2377185751302], [4.8459951309444795, 52.237657785662954], [4.8458938578702995, 52.237591053398255], [4.84575696608609, 52.23751349808276], [4.845684978515543, 52.237480056468826], [4.8456381184586315, 52.2374606164092], [4.845603404000492, 52.23744764941999], [4.845536210525507, 52.237424493954705], [4.8454808725798655, 52.23740999429999], [4.845142694894021, 52.23735443449906], [4.844805394774421, 52.23730261675189], [4.844606674042359, 52.23727376966522], [4.844421030039546, 52.23724706752982], [4.844327777982958, 52.23723477495712], [4.844202271049948, 52.23722036570615], [4.844061083506479, 52.23720487758312], [4.843926866339102, 52.23718564639427], [4.843842323575027, 52.237172287964334], [4.843760388412971, 52.23715519348297], [4.843715070545258, 52.23714503533782], [4.84364359175469, 52.23712525653102], [4.843520694206665, 52.237083022804036], [4.843431786673707, 52.23705307915733], [4.8433916874024625, 52.237037579085474], [4.843355074289672, 52.237018329086176], [4.843248726287649, 52.236955220284905], [4.843154576264826, 52.23689907032131], [4.843057799624825, 52.23683864788401], [4.8429958977369445, 52.23678997151128], [4.8429392256039625, 52.2367386317929], [4.842893886576, 52.236683542346285], [4.842797930083438, 52.23652735659476], [4.842763039368833, 52.236443913237046], [4.842732486205402, 52.23634815835457], [4.842723728846967, 52.23626577915165], [4.8427236917288825, 52.23621014341095], [4.842728881842366, 52.23614006111853], [4.842744542856688, 52.236087634524516], [4.842755839099262, 52.23601862297411], [4.842838496765827, 52.23577520500332], [4.842918543396287, 52.23552375766261], [4.842925507042011, 52.23549059714551], [4.842922864110491, 52.235460097752345], [4.842917626725605, 52.235427474231734], [4.842913266692536, 52.235414098011354], [4.842908018635224, 52.23539911783964], [4.842897563695271, 52.23538734935061], [4.842881000992671, 52.235373449533775], [4.842845250437879, 52.2353472376573], [4.842826068626634, 52.23533922187773], [4.842796440976739, 52.23533067261009], [4.842724974882211, 52.235317310704424], [4.842497511480893, 52.235287392808395], [4.84230665237585, 52.23526175979788], [4.841979820329003, 52.23521260666979], [4.84180640331855, 52.23519124173931], [4.841705301134416, 52.23518323405303], [4.8415693562268745, 52.2351741665691], [4.841462155647615, 52.23517044473884], [4.841380241543198, 52.23516992251465], [4.841270442903753, 52.23517154534233], [4.841210309754011, 52.23517477276624], [4.841065665481167, 52.23518870068694], [4.8408887658650865, 52.235204249912414], [4.840781583464218, 52.235213362382105], [4.840610788637695, 52.23523960815757], [4.840288366175315, 52.2352904889725], [4.840038286746939, 52.235328509625745], [4.839771631641084, 52.23536921225582], [4.839616519336297, 52.2353938485104], [4.839523281631422, 52.23540937897345], [4.839359456588682, 52.23543775844016], [4.839286258982584, 52.23544740463686], [4.839221773933228, 52.23545329827262], [4.839151185678068, 52.23544956439941], [4.8390901911746536, 52.23544423019338], [4.839038767897434, 52.235436747297975], [4.83890978376085, 52.23541162056716], [4.83871281590617, 52.235370997396046], [4.838686662935386, 52.23536565395928], [4.838532400204164, 52.23532128302682], [4.838495502530893, 52.23530996656852], [4.838328457066827, 52.235258723109666], [4.838180269988397, 52.23518706546819], [4.837998978141912, 52.23509454544287], [4.837822031062019, 52.2350047057815], [4.83772179331915, 52.23495282836564], [4.837645084258501, 52.2349089697369], [4.837563157958041, 52.23486084445797], [4.83749603920221, 52.23481805497779], [4.8374447500237885, 52.23478437204218], [4.837233141748699, 52.23464224888229], [4.83704401999498, 52.23451554557404], [4.8368616723717635, 52.23440225661893], [4.836533316645038, 52.234196726321855], [4.8362990747058285, 52.234056419382235], [4.836236857399142, 52.23401757977714], [4.836203567966306, 52.233996356688316], [4.83611935759936, 52.2339426112347], [4.836071727378685, 52.23390915148216], [4.83607101624032, 52.23390865382553], [4.83604342543203, 52.233887106743616], [4.835993680364147, 52.233842384136516], [4.835980578058183, 52.23383061166075], [4.835793824016184, 52.233656299014974], [4.835668250134917, 52.233533664996735], [4.835490149693677, 52.23336527938282], [4.83539799029542, 52.233284550299565], [4.8352834880695195, 52.233181768102455], [4.835042980606908, 52.23298791487538], [4.83498000178461, 52.23294104476134], [4.8348876053425345, 52.232879575414394], [4.834860779712674, 52.23286606688537], [4.834807027809491, 52.23284598806374], [4.834741979636238, 52.23282318696007], [4.834646549365983, 52.23279273875173], [4.834486836682698, 52.232748588645215], [4.834446852513933, 52.2327408876127], [4.8343241827417405, 52.23272796409424], [4.8342406258141075, 52.232722180230326], [4.834123001019756, 52.23272265424099], [4.833981873903661, 52.23272140024131], [4.833771164461379, 52.23271123659804], [4.83350748247184, 52.232689023087495], [4.83342655767694, 52.232681120830364], [4.833359588996966, 52.23267275365519], [4.833285699527197, 52.23266060600144], [4.833225731641702, 52.232649593154555], [4.833157957919408, 52.232635343945574], [4.8330850200533595, 52.23261731349658], [4.8329921835148495, 52.23258794568152], [4.832902013838968, 52.23255484231485], [4.83253281623937, 52.23240956229634], [4.8323110355961125, 52.23231532434015], [4.83215632497961, 52.23222249763452], [4.832022443427616, 52.232135673719235], [4.831912807981887, 52.23206019860548], [4.8316405880100515, 52.231829796903526], [4.831577795990971, 52.23176954270925], [4.831548593562644, 52.23173783054842], [4.8314823782681415, 52.23167274263715], [4.8314419284364325, 52.23163561170922], [4.831355709881121, 52.23156882975649], [4.831210731358738, 52.231464812586495], [4.831082092697844, 52.23137694268392], [4.83103475942132, 52.23134718531339], [4.830972745937852, 52.23130793040061], [4.830875362513505, 52.23125032618665], [4.830781858187129, 52.23119742290549], [4.8306588291930925, 52.23113635418212], [4.830533160533567, 52.2310768727529], [4.830279854756356, 52.23097610988093], [4.83010717628787, 52.23091266735943], [4.829873609874543, 52.23083717206046], [4.829705998255519, 52.23078767525274], [4.8295617609576, 52.23075006281574], [4.8295581989147465, 52.23074929999789], [4.829420928232229, 52.23071996226323], [4.82927044690358, 52.23069357295433], [4.828918075013465, 52.23064215067936], [4.828770207581067, 52.23061630337545], [4.828613597861542, 52.23059309297069], [4.828276073410212, 52.230539069544385], [4.828132555017387, 52.23051431158724], [4.828035191214936, 52.23049405021635], [4.827924801556064, 52.23046783996048], [4.827810990196284, 52.23043786540435], [4.827733684557025, 52.23041608991159], [4.827643387956385, 52.23038675684639], [4.827472302573934, 52.23033563154531], [4.827283892999165, 52.23027585832372], [4.827187049868271, 52.230242197615944], [4.826974288738894, 52.230178578435705], [4.826783184877314, 52.23011898936778], [4.826561416100541, 52.2300780034207], [4.826311745522252, 52.230039598956154], [4.826061156761269, 52.23000439831544], [4.825839277953467, 52.229975724040706], [4.825538996115792, 52.22994514864353], [4.825333538203663, 52.229928307789805], [4.824836403640461, 52.2298926956236], [4.824174496619792, 52.22986983207875], [4.823869940736472, 52.22983013620573], [4.823709826207531, 52.229811324659046], [4.823678148202467, 52.22980228441843], [4.823456985711405, 52.22973918503922], [4.82324602953633, 52.22966078246544], [4.823088121127334, 52.22959382290318], [4.822825176375759, 52.229485250245304], [4.822536193794663, 52.229368553216894], [4.822420773995377, 52.22932048189361], [4.821876114559409, 52.2291562453999], [4.821438304742924, 52.22902238529323], [4.821069192674283, 52.22890323360717], [4.820953710808084, 52.22886371711727], [4.820877211488809, 52.22884576986381], [4.820806769120539, 52.22883265119527], [4.820684093411131, 52.228815587929304], [4.820628363028417, 52.22881269615073], [4.820537751495205, 52.22881449054798], [4.8204523233254, 52.22881843990072], [4.820291015863145, 52.22883280168097], [4.81992563340187, 52.22886939043896], [4.819139953204137, 52.22894103319596], [4.818431383995595, 52.22875779171246], [4.817192775763414, 52.228324891285176], [4.817032872778608, 52.228238733534745], [4.8167096898597554, 52.22804452425785], [4.816140385370244, 52.22773103108611], [4.815769320885561, 52.227595998439185], [4.8150445838157205, 52.227380867672444], [4.814455193599131, 52.227224100756374], [4.8141000109021155, 52.22716933084595], [4.813513900013105, 52.22713685233105], [4.810990936053294, 52.22711276212184], [4.81032299415972, 52.22710637421052], [4.81016535627734, 52.22710432796456], [4.810054756328209, 52.22710257425562], [4.809965091002988, 52.227099349842895], [4.809893705286377, 52.22709623267656], [4.80981807074463, 52.22708666827027], [4.809771109927054, 52.22708155823056], [4.809650389494993, 52.22705887551666], [4.809481030067167, 52.22702732631518], [4.8093682108366655, 52.227001473233486], [4.809292688333352, 52.226984422022745], [4.809217131253322, 52.22697004003418], [4.809158934630829, 52.22696004820983], [4.8091342126671215, 52.22695786897561], [4.809109381375567, 52.22695621949395], [4.8090844699098145, 52.22695510889552], [4.809059507539904, 52.226954537323415], [4.809034538288187, 52.22695449600524], [4.809009576555953, 52.22695500298728], [4.808984651846712, 52.226956040438154], [4.80895980794946, 52.226957617560124], [4.808935074134297, 52.22695973449658], [4.808813807399121, 52.22697129258165], [4.8087169368191045, 52.22698193639686], [4.808629589898792, 52.226997444354936], [4.808554419337736, 52.22701303886039], [4.8084879574980475, 52.22702975454554], [4.808327806208378, 52.227075851309216], [4.8081982595994575, 52.22711518609007], [4.808136993720389, 52.22713300560845], [4.808074864409748, 52.227150811874075], [4.807892057310198, 52.227197848570746], [4.807864172406035, 52.227203652891504], [4.80783607345461, 52.22720903371925], [4.807807760573548, 52.22721398206636], [4.807779248399186, 52.227218498004504], [4.807750580839209, 52.22722258174886], [4.807721743375633, 52.22722622424009], [4.807613495489208, 52.22724054136471], [4.80756459673581, 52.22724826481066], [4.807474551788233, 52.227268576253195], [4.807380938521966, 52.2272931484068], [4.807300388235865, 52.22731941144646], [4.807269131402879, 52.227330124505265], [4.807238336342628, 52.22734134315187], [4.807208032676831, 52.22735304056793], [4.807178235040476, 52.22736521682567], [4.8071489581857865, 52.22737786300994], [4.807120231383607, 52.22739097926486], [4.807092054984537, 52.22740453862853], [4.807064472778339, 52.22741855030439], [4.806894787863642, 52.22751650409031], [4.806788405827121, 52.22757738753976], [4.806580929913778, 52.22769651070477], [4.806408721609779, 52.2277880159736], [4.806305021463992, 52.227845173161406], [4.806214678932622, 52.227883673923806], [4.806143698608336, 52.22790999223368], [4.806089411993377, 52.22792785401218], [4.806026388653263, 52.22794672437969], [4.805900644667415, 52.227965744470715], [4.805810773418229, 52.227974820486935], [4.805769767051404, 52.227978852010835], [4.805682550532544, 52.22798526256826], [4.8055936697399435, 52.227986856279614], [4.805496980002676, 52.22798678463925], [4.805441197992565, 52.22798911645632], [4.8054224769730185, 52.227989159076095], [4.805403777045632, 52.22798870745603], [4.805385127365409, 52.22798777072771], [4.805366557322006, 52.227986340047885], [4.805348095952946, 52.227984433535724], [4.805329787401154, 52.22798203343258], [4.80527504607667, 52.22797416890115], [4.805188161261156, 52.22796078912003], [4.805121255388264, 52.2279496738362], [4.80493457111051, 52.227912118635274], [4.8047472067413555, 52.227862794473005], [4.804568558022435, 52.22781298270721], [4.804461034491051, 52.22778181217701], [4.804328384526537, 52.22774245531893], [4.803948455204708, 52.2276421612383], [4.803628543111479, 52.227547051925264], [4.803515781925106, 52.22751692422677], [4.8033492144982, 52.22747467529334], [4.803231249958697, 52.22744290376004], [4.803201755374115, 52.22743522598763], [4.803146327204603, 52.22741507943858], [4.8029410617009205, 52.22734155801954], [4.802815515398789, 52.22729421727386], [4.802716837003409, 52.2272550715908], [4.802637253204073, 52.227220864860676], [4.802631738511881, 52.22721838384121], [4.802325042310814, 52.22708031072969], [4.802087149064321, 52.22697715454444], [4.802031771789385, 52.226954329289526], [4.801978957419231, 52.22693473441628], [4.801942560183223, 52.22692220455095], [4.801885328419306, 52.22690685705774], [4.801823699543272, 52.22689309660159], [4.801788074458203, 52.226887527241125], [4.8017551679203505, 52.226882249972086], [4.801688222213006, 52.226876579274396], [4.801574931135855, 52.22686360520984], [4.8014564097681784, 52.2268543620927], [4.801344863970525, 52.22684780491875], [4.801267304555365, 52.226843429543905], [4.801056379023666, 52.22683675659645], [4.800868105572238, 52.22683492341055], [4.80048894967804, 52.22683820889461], [4.800072313205195, 52.226832354804614], [4.799945071172769, 52.226827381072845], [4.799819583412467, 52.22681812864165], [4.799434426304971, 52.226774849916865], [4.799121597893033, 52.22673860814314], [4.798928999198104, 52.226719646127115], [4.798868879501098, 52.22671582340332], [4.79850804910982, 52.226703608567185], [4.7980295773509125, 52.22668322002988], [4.797676598572689, 52.226668336418534], [4.797300079045019, 52.22665609351534], [4.796907872871861, 52.22665132994856], [4.796452007775831, 52.226648080286765], [4.796135624852182, 52.226645014570686], [4.795777383161513, 52.226642960805556], [4.79568847621342, 52.22664338746817], [4.795573416347033, 52.226648051257676], [4.795440918010458, 52.226654308335604], [4.795299682675741, 52.22666269658702], [4.795138411310393, 52.22667319529976], [4.795016364247067, 52.22668267705793], [4.794879483697493, 52.22669266853113], [4.794758308009983, 52.22670375426067], [4.794628946868361, 52.226722816120805], [4.794575697702013, 52.226730665167196], [4.794566022266934, 52.226576705702584], [4.794565938352814, 52.22657531213786], [4.794565044735739, 52.226561070624314], [4.794564984711669, 52.22656008164051], [4.794561794162854, 52.22650946305704], [4.794558412262435, 52.226455625800305], [4.794539622726218, 52.22615284182542], [4.794529473882851, 52.225989379623165], [4.794525606742745, 52.22592251627698], [4.794516577050977, 52.22576625010213], [4.794514065770412, 52.22572288825467], [4.7944962536703795, 52.22541488709203], [4.7944954098618195, 52.22540020541148], [4.794464427474484, 52.22472468962386], [4.794461263727325, 52.22464347590973], [4.7944610353240975, 52.22463754266555], [4.794419044301692, 52.22356085377813], [4.794429874012166, 52.223423400268835], [4.7945936020613855, 52.22343198748167], [4.794626715306576, 52.22343357371848], [4.794684443507045, 52.22343528342562], [4.794742054809295, 52.223438080069705], [4.794773975392601, 52.22344020855274], [4.794805817907297, 52.22344270514477], [4.794837582234715, 52.22344557883332], [4.794869253741269, 52.223448829545084], [4.7950535447767, 52.223455200325], [4.7950950238836985, 52.22345720586717], [4.7952948435406535, 52.22346684486226], [4.79534363336609, 52.223464968171584], [4.79535641249429, 52.2234647805392], [4.795477883832897, 52.22346381622203], [4.795714822036216, 52.223476516619094], [4.7958881713906205, 52.22348469182521], [4.795928712985936, 52.22334782734451], [4.79596558837773, 52.223229145254], [4.795983530900884, 52.22317623265964], [4.796019197982646, 52.22309233716096], [4.796047716411093, 52.22302768519492], [4.796057814830067, 52.22297473332933], [4.796081149972552, 52.2229036379604], [4.796103713035745, 52.22282344283706], [4.796108702548301, 52.222808080300496], [4.7961361378461795, 52.22272355934599], [4.79614455926662, 52.222689995245986], [4.796154442174768, 52.222656582266964], [4.796156029492733, 52.22265055924214], [4.796169491678583, 52.22259997007192], [4.796215796691896, 52.2224973876964], [4.796228896629577, 52.22247630440702], [4.796248049934327, 52.22240598801203], [4.796275750003687, 52.22231801694205], [4.796289319682163, 52.22228357978329], [4.796296947325394, 52.22226902138252], [4.7963195156409135, 52.22222589287296], [4.796361957227658, 52.22207137624687], [4.796417369184463, 52.221928680821655], [4.796465618011129, 52.221805228868064], [4.796501760769159, 52.22171510688375], [4.796526764389202, 52.22165272916142], [4.796527571197451, 52.22165037833217], [4.796528626302795, 52.22164806469666], [4.796562121714959, 52.22155449602542], [4.796624447508779, 52.22137590091939], [4.79666250760323, 52.221269151622344], [4.796686249106185, 52.22119596393902], [4.796716406024818, 52.22110579397959], [4.796773364725522, 52.22095774024852], [4.796795898149783, 52.220896177014296], [4.796825340560876, 52.22081571951452], [4.796872620370922, 52.22069453650663], [4.796894848960461, 52.220632765003174], [4.7968993075366555, 52.22062098600026], [4.796910265023733, 52.22059806735317], [4.7969475891420466, 52.22047828162908], [4.797002861236836, 52.220348060591874], [4.7972417359530715, 52.22022766389386], [4.79725574765204, 52.22022052547856], [4.7972857513004685, 52.22020258242826], [4.7973351247577725, 52.22017624241697], [4.797370366815292, 52.220158343482574], [4.797436396863997, 52.220126253375454], [4.797522957827287, 52.220080954459185], [4.797607499947413, 52.22003669700176], [4.797937980462944, 52.21986434693069], [4.798141144908905, 52.219761503642076], [4.798438298301385, 52.21960807653831], [4.798588083654487, 52.21953120245193], [4.798685899103364, 52.219480116552454], [4.798719370095572, 52.21946326898007], [4.798800612389155, 52.21942159177178], [4.799014383289257, 52.219312031836616], [4.799129099464794, 52.219252113607354], [4.799270075832212, 52.21917944613815], [4.799368656901746, 52.21913010716474], [4.799447755646734, 52.219088868246054], [4.799549641484901, 52.2190352492881], [4.799639256991571, 52.218988813555995], [4.799767122306233, 52.21891817448259], [4.799875576028942, 52.21885915015079], [4.7999276009274885, 52.2188301527988], [4.799989381616962, 52.2187937528488], [4.80006870365668, 52.2187521371285], [4.800182365612058, 52.21869315638261], [4.80034972893185, 52.21860893433087], [4.80038758780242, 52.218591047501704], [4.80054813553098, 52.21849981659332], [4.800664558468278, 52.21843443164351], [4.800756980773532, 52.21839025601335], [4.800872296621274, 52.21833556112166], [4.800985856828654, 52.21828192697987], [4.801028139279108, 52.21826034085628], [4.801122495393337, 52.21820815721326], [4.8013248843010325, 52.21809193042628], [4.8015078461944185, 52.217995182893034], [4.801707873631972, 52.21789035854355], [4.801808322721417, 52.217838752829046], [4.801903571729622, 52.21778752572127], [4.802112672151467, 52.21767808086157], [4.802120338859777, 52.217672600188955], [4.802127278545954, 52.21766676538103], [4.802133446840658, 52.217660612170306], [4.802138799374645, 52.21765417628923], [4.80214330629326, 52.2176475025302], [4.8021469231093805, 52.21764063561306], [4.8021496641017665, 52.21763360257282], [4.802151484547476, 52.217626466104065], [4.802152369342442, 52.217619262084284], [4.802152413832989, 52.21761364478392], [4.802152004599961, 52.21760803422403], [4.802135536364313, 52.21750148040343], [4.802118412139541, 52.21737245324445], [4.802109573374324, 52.217290007164905], [4.8020991124017955, 52.217241950252614], [4.802081144800668, 52.21715933311132], [4.80205554886183, 52.21700351557344], [4.80204280090839, 52.216953559835396], [4.802028619399566, 52.216897997447155], [4.8020171066022135, 52.21682196454852], [4.802001213051066, 52.216653872464946], [4.801999401207653, 52.21663807151008], [4.80199305340095, 52.21659550867558], [4.801986275033588, 52.216550076523745], [4.801949833771541, 52.21632318174815], [4.80192711732377, 52.216153195304386], [4.801923946568812, 52.21612945117704], [4.80189864139421, 52.215962723537636], [4.801882532974054, 52.215853376150136], [4.801853720834236, 52.21568741307042], [4.801840433159099, 52.2156061852421], [4.80183494684743, 52.215572695589145], [4.80181816626036, 52.215462185395886], [4.801799870488476, 52.215358974961624], [4.801779832214099, 52.215242498529896], [4.801766420665438, 52.21516180935415], [4.801758232776644, 52.21508002256504], [4.8017537586498005, 52.215046349173456], [4.801630915362337, 52.21504212696795], [4.801621776833317, 52.21491021815385], [4.8016182888730805, 52.214755858269555], [4.801612274134977, 52.21463343832881], [4.801609504214102, 52.21442332919264], [4.801588015492013, 52.213925159438716], [4.8015722131492575, 52.213660140631], [4.801562620120735, 52.21339361564444], [4.801561481046809, 52.21313736994536], [4.801560930645889, 52.21301224469793], [4.8015499069173275, 52.21279893077743], [4.801549944857698, 52.21273369576073], [4.801550128616306, 52.21241019907305], [4.801536254593608, 52.21230578808916], [4.801532096181502, 52.21201877927201], [4.801521709053252, 52.211752600797645], [4.801514799871465, 52.2113687501149], [4.801514556936256, 52.211360515862054], [4.801497538882945, 52.210771732541225], [4.801492519333825, 52.210394416481726], [4.801481733384945, 52.21003505687596], [4.801480696453121, 52.209875720641634], [4.80148218420738, 52.209844899022364], [4.801493906262278, 52.20982242412953], [4.801492490126205, 52.20980549261485], [4.8014866786690575, 52.20978791013697], [4.801486952536454, 52.209738126706874], [4.801480666910709, 52.2096341667504], [4.801478552160277, 52.20938428856294], [4.801477809842774, 52.209296049223916], [4.8014701238973165, 52.209127206587674], [4.801473836106716, 52.209029542901064], [4.801474063372303, 52.20895658804643], [4.801470813231463, 52.20878531366424], [4.801463172112734, 52.20856965249117], [4.801461473818369, 52.20852187259095], [4.801456597037331, 52.20842093958222], [4.80145684515553, 52.208382022562965], [4.801457219593056, 52.208322361753865], [4.801453174691017, 52.20827613413218], [4.801450261483816, 52.208242872889805], [4.8014440019413795, 52.20817145875715], [4.801443418853517, 52.20808335500916], [4.801444393592, 52.20803033934277], [4.801444346956249, 52.2080249822342], [4.801444461360836, 52.20801961693638], [4.8014470203679664, 52.207947356726436], [4.801451127789456, 52.20786971136649], [4.801452497311018, 52.20783674999459], [4.801457123859987, 52.20772516833294], [4.801459916743064, 52.207647354664395], [4.801464414256144, 52.20755449446662], [4.801472035163657, 52.20741544219448], [4.8014762493332785, 52.207348592004394], [4.801476533779104, 52.20734030643302], [4.801477979263141, 52.207313807842695], [4.801484828566695, 52.20718782036221], [4.801489950171675, 52.20707974648207], [4.801499197927651, 52.206997237105405], [4.801498539359574, 52.20698278105342], [4.801498178305129, 52.206936778418786], [4.801501446553996, 52.206797174246205], [4.8015069999320845, 52.20660836283535], [4.801509236405293, 52.2065639729543], [4.801515044785667, 52.20651050488085], [4.801515346917645, 52.2065019857066], [4.801516146310212, 52.20649347798666], [4.801520068716481, 52.20643323255549], [4.801520306365687, 52.206429620537385], [4.8016047947612455, 52.206353766945725], [4.801627662725642, 52.20635920127406], [4.801652938885235, 52.20632163971236], [4.801615176831058, 52.20631072072292], [4.801603158082169, 52.206286815820135], [4.80158009739306, 52.20627155659047], [4.801540494855945, 52.20621032232292], [4.8015458089064955, 52.20616997434915], [4.801548388363003, 52.20614512619035], [4.801547642680504, 52.205999237417686], [4.801552213734669, 52.20582058659449], [4.8015546854973525, 52.205436503403], [4.801556386190688, 52.205361623378344], [4.801564194442, 52.20520491944057], [4.801574058574042, 52.20505207258115], [4.801569782769992, 52.20497443953076], [4.801570527552732, 52.20484871832548], [4.801573915593649, 52.20479572358518], [4.801577015838524, 52.20467110161231], [4.801583327364955, 52.20449245937856], [4.801587807401219, 52.2043218254009], [4.801591188145554, 52.2042916512908], [4.8015938669748, 52.204261455723255], [4.801595858518452, 52.204231238770966], [4.8015971480317665, 52.20420100934881], [4.801597735516171, 52.20417076745686], [4.801597635483009, 52.20414052215514], [4.801601073472002, 52.20410598912095], [4.801605227991027, 52.20407147761601], [4.801610098684105, 52.204037014602626], [4.801615700413832, 52.20400258217843], [4.801623938143836, 52.20396570908683], [4.801633032520952, 52.20393044011651], [4.801637188786442, 52.20391583716117], [4.801639587853395, 52.20390804742592], [4.801643521247764, 52.20389593305646], [4.801647034066217, 52.20388576700934], [4.801650569291238, 52.203876122380414], [4.80165540029587, 52.2038636079992], [4.801658332797847, 52.20385641412039], [4.801664657167263, 52.20384157923767], [4.80166679702074, 52.203836817191174], [4.801674818952815, 52.203819707759486], [4.801675976468889, 52.203817340652556], [4.801685856395498, 52.20379799341939], [4.801695738073586, 52.20377962589209], [4.801704890237877, 52.20376111093782], [4.8017133126530345, 52.20374246653163], [4.801720990574002, 52.203723701588686], [4.801727923883556, 52.203704825096516], [4.801734097718713, 52.2036858549578], [4.801760906035155, 52.203622846783205], [4.801794844741843, 52.203544881875175], [4.801848307632643, 52.20343276925059], [4.801892809102365, 52.203344691183], [4.801924874371547, 52.203279021597936], [4.801949948435773, 52.20321547448632], [4.801977896048777, 52.203155896355554], [4.802125177285363, 52.20283490771484], [4.802212393516108, 52.20264422677862], [4.802304929309173, 52.2024360454125], [4.802321972490352, 52.202400285460875], [4.802374258950081, 52.20226948058575], [4.802447609469905, 52.20211082714252], [4.80248283904921, 52.20203463906415], [4.802596913608292, 52.20177895436907], [4.8026697083729895, 52.20161347609167], [4.802719162687032, 52.20149435948424], [4.802756154990604, 52.201405264204425], [4.802821782106449, 52.20125419415909], [4.8028684857402535, 52.20114957059802], [4.802898863204174, 52.20109302424887], [4.802925127414566, 52.201027757096675], [4.803069832682893, 52.20103625671362], [4.80343753042576, 52.20105785788949], [4.803621065693271, 52.20107139336133], [4.80393677258505, 52.20109774235709], [4.804256859221805, 52.201121424700716], [4.804691698497142, 52.201159981331934], [4.804873373016054, 52.20117492578705], [4.805237029238794, 52.20120484233532], [4.806743382579273, 52.20133357788298], [4.807202952146692, 52.20137289395737], [4.807358275444986, 52.20138618615906], [4.808067180659129, 52.2014402051017], [4.80848266197171, 52.20147399698476], [4.808660351915228, 52.201488448693844], [4.80868265184776, 52.201490184792284], [4.809086550082178, 52.201521607864585], [4.8099128044235, 52.2015915777461], [4.810586853438724, 52.20164813449399], [4.811153968020089, 52.201691438668455], [4.811683635507086, 52.20173134886651], [4.811715303855486, 52.20173374124044], [4.811751546474732, 52.20173647048041], [4.811897778870944, 52.20174595538882], [4.811924761288697, 52.20174759684318], [4.812826801733831, 52.20180252795815], [4.812862643251982, 52.20180460776569], [4.812900574968128, 52.201806814573274], [4.813189675031392, 52.201823607869365], [4.813372624635141, 52.201834240145295], [4.813594310150965, 52.20184711858083], [4.813373873156624, 52.201671337791275], [4.813280620399928, 52.20159394685294], [4.813222896918414, 52.20153380585051], [4.813178983359852, 52.201484958031386], [4.813148914134782, 52.20144472513938], [4.813124957631755, 52.20140236482633], [4.813111337315977, 52.20137182012239], [4.813104712427836, 52.201336482845164], [4.813094007679224, 52.20127491657159], [4.81309259871289, 52.20124120452665], [4.813093665019652, 52.20122087873788], [4.813097207293187, 52.20120479835999], [4.813101772301556, 52.20118881283502], [4.8131073304423255, 52.20117294898319], [4.813113896110088, 52.20115722485047], [4.813121439586662, 52.20114167624434], [4.8131299753825605, 52.201126312223266], [4.813139459152756, 52.20111116852363], [4.813149890780634, 52.20109625413272], [4.813161269802537, 52.20108160500019], [4.813173552105154, 52.201067238887504], [4.813186737456395, 52.201053173769246], [4.813200796254508, 52.20103943646547], [4.813215713640516, 52.201026044879676], [4.8133034164530475, 52.20095949221752], [4.8133928320804475, 52.200895086970455], [4.813416342473619, 52.20087664089233], [4.813439082361036, 52.200857822555335], [4.81346102214223, 52.2008386587802], [4.813482161701945, 52.20081915855488], [4.813502486298226, 52.20079933079624], [4.81352196656212, 52.20077918435], [4.813540602263043, 52.200758737191585], [4.813558378543631, 52.200738007225354], [4.813575295289041, 52.200717003439095], [4.813591323015068, 52.20069574366608], [4.813606447095823, 52.200674227835684], [4.8136206816966745, 52.200652491969215], [4.8136615205791, 52.200570782224226], [4.813685600949446, 52.20051255774032], [4.8137168657212195, 52.200430280164284], [4.813812355316992, 52.20019147295744], [4.8138490796393985, 52.2000872820178], [4.8138875022283845, 52.19998523846808], [4.813924050030839, 52.19989815989909], [4.813978988586024, 52.19979938726382], [4.814048803161102, 52.199692642505795], [4.814105285839487, 52.19961366899975], [4.814182002114198, 52.1995138964377], [4.814273512355591, 52.199413656327465], [4.814341104854046, 52.19935451932177], [4.814399874184102, 52.199309252982054], [4.814474348760743, 52.19925977549229], [4.814630178292494, 52.19916832281027], [4.8147745660032335, 52.199090745936935], [4.814857627742962, 52.19905252692854], [4.814948508534162, 52.19901594563161], [4.815041960093979, 52.19898419431952], [4.815149362686245, 52.198949274826475], [4.815269893327654, 52.198906922790506], [4.815468175553303, 52.198835421389745], [4.815596572815822, 52.198790958968196], [4.815658557299798, 52.198770856144264], [4.815796713929129, 52.19872955061329], [4.815893226931804, 52.19869850552546], [4.8159970514132375, 52.19865962219508], [4.816065974347614, 52.198635660896905], [4.816160193277656, 52.19860211480379], [4.816309400413696, 52.19854190631305], [4.816516207384583, 52.198456656701396], [4.816756515518812, 52.19835950662062], [4.8169561922541195, 52.198280378609184], [4.817186789594201, 52.198189822927446], [4.817408698421621, 52.19810835673068], [4.817558374453906, 52.198055833715976], [4.817727197009092, 52.197995277659416], [4.817795933789545, 52.197967413641706], [4.817883817525037, 52.197923481387946], [4.817979509118156, 52.1978683067035], [4.818079544617507, 52.19781313490402], [4.818145669677151, 52.19777670146717], [4.818310966479418, 52.19769312715614], [4.818566740780291, 52.197557057744454], [4.818717240451734, 52.19747295321104], [4.818737258696986, 52.19746652426582], [4.818856457482968, 52.19740758819756], [4.818957359578317, 52.19734278463436], [4.819088704496725, 52.197259225591885], [4.819157420660879, 52.197219047051036], [4.81927140038312, 52.19716439972175], [4.819516732399261, 52.197043854327454], [4.819612448735845, 52.19700366152898], [4.819628117733752, 52.19699990794157], [4.819776964151689, 52.19697414456156], [4.819944954764885, 52.196946225959444], [4.820096413939168, 52.19691510886217], [4.820299196241298, 52.196866837134635], [4.820399284797917, 52.19683585048436], [4.8204619428975235, 52.19681644944954], [4.820619448844206, 52.196761776054664], [4.82081610221976, 52.19669156115564], [4.8210910705770225, 52.19658866339464], [4.821146760358431, 52.19656508509332], [4.821268572143961, 52.196514176469975], [4.821425163033962, 52.19643808807372], [4.821550436904371, 52.19637594270727], [4.821627009128978, 52.19634111231144], [4.821683560162082, 52.19631646830492], [4.821760139612287, 52.1962891249065], [4.821906323332743, 52.19623659765018], [4.822015973139679, 52.196202293879615], [4.822119532602952, 52.19616958769664], [4.8221412793111, 52.19615940944227], [4.822173464008656, 52.19614387032822], [4.822209133379367, 52.196124581886174], [4.822253479093348, 52.19609351565872], [4.822310869059507, 52.196045317678035], [4.822337823403515, 52.19602122383165], [4.822404741846881, 52.19595053834027], [4.822467311807525, 52.195875571673916], [4.822523784503434, 52.195802750922105], [4.822599395545501, 52.19571547899314], [4.822620253695457, 52.19569459162921], [4.822662848536379, 52.19565389066953], [4.82272977587954, 52.19558588347556], [4.822792379820872, 52.19553125676499], [4.822877570860996, 52.19545200285719], [4.822932344457737, 52.19540701877993], [4.822956691243296, 52.19538666034851], [4.822974067937829, 52.195365783248064], [4.822989690963147, 52.19533901058902], [4.823009654163401, 52.19529403988131], [4.823020904425077, 52.19525335977789], [4.8230520392645095, 52.19513345510542], [4.823070200105373, 52.19505637044231], [4.823079685664732, 52.194999098938695], [4.823096954420896, 52.19491506224106], [4.823118647706908, 52.194867421338266], [4.823139492190931, 52.19483368988552], [4.823170763116161, 52.19479084941101], [4.823209859040067, 52.19474105360088], [4.823288921301807, 52.19464200538198], [4.823336721896507, 52.19458737957894], [4.823391476250452, 52.19453222970426], [4.8234557863356144, 52.19446047056495], [4.823481846078752, 52.194428345850646], [4.82350268547131, 52.19439729274904], [4.823532206435013, 52.19434589618156], [4.823553903396261, 52.194302533528585], [4.823561698453866, 52.19428058595799], [4.823565086858375, 52.19427286341809], [4.823579807356723, 52.194195942006125], [4.823593519813576, 52.1940761157878], [4.82359537770109, 52.19405525439064], [4.823586083999978, 52.19400600940545], [4.823584435156663, 52.19398834899183], [4.823575077200719, 52.19394766032793], [4.823552779710563, 52.193889293298646], [4.823528774886952, 52.19382021333772], [4.823452990269941, 52.193672905756074], [4.823422876812558, 52.19360809289267], [4.823397949353525, 52.19355186141633], [4.82338084754163, 52.19349670992085], [4.823375878668257, 52.19345014603152], [4.823377070579968, 52.193392897799036], [4.8233938750063325, 52.19334317522383], [4.823411490142082, 52.19330683074675], [4.823430047053512, 52.193283909933804], [4.823444800306142, 52.19326569867349], [4.8234753873380845, 52.19324329368821], [4.823539149764876, 52.19320544381985], [4.823615970080416, 52.19316547215323], [4.823725020117214, 52.19312237362273], [4.823895114761271, 52.19305853421262], [4.823950957585789, 52.19303510812039], [4.8239928458624535, 52.19301646898448], [4.824049626884081, 52.19298128195412], [4.82414400549987, 52.192915130592056], [4.824201679565695, 52.19287406057007], [4.824270666531962, 52.192833538804706], [4.824353584013419, 52.192793586743335], [4.8244207390312415, 52.19277072667807], [4.824503584190496, 52.19274575725893], [4.824570701962724, 52.19272931440419], [4.824628208891872, 52.19271767027851], [4.824724957581828, 52.192695400455776], [4.824766827192157, 52.19268050897725], [4.824835759291381, 52.19265123068142], [4.824875035664552, 52.19263205748491], [4.824914335677884, 52.19260752750566], [4.824956283860596, 52.1925771139591], [4.82499652410149, 52.19254296222062], [4.825015802806229, 52.19251838180558], [4.825041255109631, 52.19248205642816], [4.825096542573553, 52.192398164487734], [4.825201887955511, 52.192236800071235], [4.82526584837347, 52.192160957694675], [4.8252930103417135, 52.192130518589465], [4.825341184080468, 52.19207604654068], [4.825366566286546, 52.19204988625211], [4.825387536570919, 52.19203494902383], [4.825412866194933, 52.19202108413852], [4.825461738841675, 52.1919981814262], [4.825525374379955, 52.19198173943868], [4.825684063235042, 52.1919323139702], [4.825753883439625, 52.191900891218275], [4.825829779310213, 52.19186895803135], [4.825893536724566, 52.1918300283043], [4.825946853192919, 52.191792154438694], [4.826004580229599, 52.19174197888699], [4.826036958933234, 52.19170833769552], [4.826061496673202, 52.19167950379063], [4.826079898030621, 52.19165599759822], [4.826089587812324, 52.19163675527895], [4.826124774265061, 52.19156941320116], [4.826164385824751, 52.191489769513204], [4.82619600415763, 52.19143633295954], [4.826226797744507, 52.191377535595336], [4.826299578476077, 52.191279237456854], [4.826323178033188, 52.19126217339626], [4.826358958618621, 52.19124405267855], [4.826439207804087, 52.191215869825974], [4.826569109399397, 52.19117708311714], [4.826604841812751, 52.19116859729525], [4.826753817295002, 52.19114697826475], [4.82696547546872, 52.191121746711396], [4.827068279726643, 52.19110485160757], [4.82715018167828, 52.1910905716531], [4.8272425618924375, 52.1910699058914], [4.827332344451778, 52.19104762786445], [4.827382035698359, 52.19103274558989], [4.827410818933676, 52.191022105390644], [4.827460547890199, 52.1910018843553], [4.82753212897039, 52.19096511202114], [4.827582794043454, 52.19093205143691], [4.827606378415086, 52.19091497806094], [4.82776654633624, 52.19075532726576], [4.827866286418354, 52.19066083202833], [4.828106861054633, 52.19044143158111], [4.82824418005269, 52.19031811850525], [4.828267801625459, 52.190295697278316], [4.82828532073284, 52.19027593458566], [4.828426464789682, 52.19009003757496], [4.828493064226921, 52.19000830977324], [4.828539498214183, 52.189953297890334], [4.828569265207656, 52.1899212525079], [4.828646250017413, 52.18984865170096], [4.828695751776035, 52.18980321756576], [4.828765763092452, 52.18973040392891], [4.828826856650444, 52.189658500806416], [4.828897779739296, 52.189570061167686], [4.828927790528142, 52.18954186373682], [4.828984140407276, 52.189497225849095], [4.829076361905582, 52.18944100114546], [4.829133433688685, 52.18940760167419], [4.829336483245683, 52.18929001782527], [4.8296331583380345, 52.18915694002207], [4.829941429654779, 52.18902727774869], [4.831159911951343, 52.188620453196215], [4.831278240666687, 52.18858233484872], [4.831339511398642, 52.18855911958302], [4.831470922344906, 52.1885015136106], [4.831506954109569, 52.188484012696115], [4.83160491823419, 52.18843711569681], [4.8316416804101605, 52.188412625468516], [4.831700375282653, 52.1883684107749], [4.831760828785229, 52.18832153487277], [4.831802914019938, 52.18828528629278], [4.8318572441255165, 52.1882415992583], [4.8319211577205445, 52.1881963304374], [4.832027041258732, 52.18812873488458], [4.8320970975704425, 52.18807867725589], [4.83218118421582, 52.18801635393095], [4.832288089618575, 52.1879300318318], [4.832385367224197, 52.18785116941854], [4.832424789941777, 52.18782080427119], [4.8324580788676474, 52.18779683675053], [4.832493061243609, 52.18777662519879], [4.832537653559326, 52.18775270177943], [4.832588348986133, 52.187727189165095], [4.832663406082206, 52.18770176400296], [4.832696552262668, 52.187692787828894], [4.832740159247217, 52.18768223393851], [4.832799427207512, 52.18767174459233], [4.832899610045143, 52.187661393405314], [4.833008485514399, 52.18765053466914], [4.833108614992176, 52.18764447035904], [4.833245392093176, 52.18762889779599], [4.833319470273204, 52.1876163115618], [4.833390185070015, 52.18759194413278], [4.833461798447104, 52.18756115441368], [4.833489821042461, 52.18754198848907], [4.833523138406098, 52.18751213362362], [4.833556515528897, 52.187477461428934], [4.833609344650264, 52.187404860950735], [4.833653499611373, 52.187330089605425], [4.833736542227493, 52.18718427917838], [4.833753296922928, 52.18715865187623], [4.833781680217865, 52.1870950685796], [4.833847352926903, 52.186945446595914], [4.8339024266786135, 52.18681559357084], [4.833911234650866, 52.18680224264253], [4.833920939919326, 52.18678728705611], [4.833941161217051, 52.18676274555275], [4.833982468043494, 52.186714718188604], [4.83400265876475, 52.186694994131884], [4.83402895118649, 52.18667260224536], [4.834069205314942, 52.18664812762524], [4.8341216824272735, 52.18661673552261], [4.834176726421656, 52.18659178188511], [4.834342662732175, 52.18652278480151], [4.834417723374414, 52.18649682824922], [4.834522430267922, 52.18646454803227], [4.834603569744387, 52.18644128927533], [4.834800845960874, 52.18637080242117], [4.834990260202672, 52.186304565767294], [4.835148230881143, 52.1862516009462], [4.835205007330654, 52.18622718522805], [4.835258360480351, 52.186195796718216], [4.8352986874770645, 52.186160617240674], [4.835350478996195, 52.18610888140694], [4.835385662350968, 52.18606512122059], [4.835419981540339, 52.1860202874052], [4.8354490857316845, 52.18597382933067], [4.835462442198077, 52.185939089984515], [4.835478463467463, 52.185895797468945], [4.835488460119453, 52.18584658961466], [4.835497477537515, 52.18580916053095], [4.8355098733278785, 52.18578351260697], [4.835523141149235, 52.18575947761973], [4.835538109292232, 52.18573865931477], [4.835603013021618, 52.185678949316674], [4.835724063103959, 52.18556644506235], [4.835762649147301, 52.18553125729245], [4.835834634012085, 52.185458188032875], [4.83590311862412, 52.185386720233886], [4.835919825182112, 52.18536483143124], [4.83593651365806, 52.18534322117168], [4.835982041133276, 52.18523855207583], [4.83599281862812, 52.185217210813065], [4.836008292296411, 52.185175569469045], [4.836010343546284, 52.185156308642206], [4.836013298429342, 52.18513492186384], [4.836014580802036, 52.18510924895861], [4.836011568432382, 52.185080859581866], [4.836004096766875, 52.18505833656397], [4.835989928657583, 52.185019190314996], [4.835980784624461, 52.184992372180794], [4.835980239751378, 52.18497256893564], [4.835977859550764, 52.184958105017444], [4.835981630801952, 52.184940470073], [4.835991802406919, 52.184903073301165], [4.836001960776972, 52.184866746045884], [4.8360074719997135, 52.1848491192248], [4.83602548070519, 52.184811768030734], [4.836047886194828, 52.184771237611734], [4.836071053743805, 52.18473766750649], [4.836094160437734, 52.184707836146494], [4.836157868412177, 52.18464294313348], [4.836225818168545, 52.18458503563263], [4.8362857891754985, 52.18453616880013], [4.83641271688009, 52.18443634645523], [4.836520167369797, 52.18435780672893], [4.836643377339808, 52.184272410610085], [4.836808746076682, 52.18416426441094], [4.836955633846821, 52.18406777024775], [4.837046286424689, 52.18400897940957], [4.837106028592406, 52.183970231653205], [4.8372509860927835, 52.18388550249075], [4.837550523744255, 52.18371343696048], [4.837696045153148, 52.18363027380167], [4.837809905314813, 52.18356521787127], [4.837922767230853, 52.18349926736816], [4.837994114502735, 52.18346079786427], [4.8380945694167075, 52.18340491003227], [4.838208197986728, 52.183344319708866], [4.838287347004933, 52.18330752213909], [4.8384053173506, 52.183246969791995], [4.838494152142346, 52.18320490516771], [4.8386692597991425, 52.18311860667934], [4.839102999796137, 52.18290744250603], [4.839548573834884, 52.18269077702419], [4.84005369014585, 52.18245092702111], [4.840642941923745, 52.18217466732139], [4.8411479189039275, 52.18194284733472], [4.841318010507607, 52.18186415259169], [4.841423194973908, 52.18181663371831], [4.841518770075106, 52.18177173079691], [4.84173203739833, 52.18165959272047], [4.841942740499123, 52.18154422468854], [4.842186822300047, 52.181409793919705], [4.842367676947147, 52.18131029505509], [4.842470224412697, 52.18121031772835], [4.842632047746579, 52.181049153407905], [4.842699254801136, 52.18098267313709], [4.842724763290572, 52.18096517419472], [4.842766962189013, 52.18093867428363], [4.842838918680361, 52.18090112145259], [4.842872276690987, 52.180882589097735], [4.84298164009839, 52.180825381001256], [4.8430071155628776, 52.18080577863879], [4.843536580100841, 52.180396762800704], [4.843809150667937, 52.18018883865846], [4.8438452545153785, 52.180164467439596], [4.843883072076663, 52.18014224325698], [4.843920855386433, 52.18012162776823], [4.843954208768253, 52.18010579150636], [4.844239828780706, 52.17999904215377], [4.8443500778455615, 52.17996605071262], [4.8445179356799715, 52.179923257405505], [4.8446299136623185, 52.17994162246431], [4.844811283916681, 52.17997433666175], [4.844933707295078, 52.17999222811959], [4.845034483606741, 52.180003566595126], [4.845156192395173, 52.180012897902444], [4.845259705912792, 52.18001677068557], [4.845374569419392, 52.18001910458986], [4.845445990699988, 52.1800168887848], [4.845539245934165, 52.18000946118495], [4.845787765611352, 52.17998483255582], [4.845902094349928, 52.17996737177815], [4.846205893879864, 52.17991635513614], [4.846366406867385, 52.17988226194021], [4.846509255630567, 52.17984711690416], [4.846874254711973, 52.179752822706426], [4.847293260184428, 52.179639333238825], [4.847452656321953, 52.1796031392424], [4.8475179694977, 52.17959090851732], [4.84759199819628, 52.17957976021441], [4.847666009192617, 52.17957128123894], [4.847701710859929, 52.17956544039348], [4.847792249753176, 52.17956127025651], [4.847855798942333, 52.179557066612105], [4.8480377169105875, 52.17955783477779], [4.848157838655169, 52.17956172695286], [4.848276218548012, 52.179559732859985], [4.848393754878478, 52.17955131732118], [4.848448607746004, 52.1795444311713], [4.84846865068586, 52.17953856356397], [4.84851920731036, 52.179514535514045], [4.848593268626908, 52.1794873340532], [4.848728296818048, 52.17944575115231], [4.848843290600531, 52.179415374719575], [4.848953903403142, 52.17939303150223], [4.848983506648506, 52.17939092845945], [4.849060961720417, 52.179392629812945], [4.849177572755044, 52.179400270943894], [4.849248065842626, 52.17940945446145], [4.849335065877251, 52.17942348581596], [4.849442973146542, 52.179432713862795], [4.849586577010936, 52.179437709236005], [4.849642287906105, 52.17943724391628], [4.849750218871427, 52.17943844545049], [4.849907798691797, 52.179429006323055], [4.849978318084801, 52.17942266714088], [4.850125488231746, 52.17939983307409], [4.850319688184175, 52.17936527659565], [4.850400695741123, 52.179348783414916], [4.850469503258185, 52.179332809940746], [4.850641973695043, 52.179287521248604], [4.8507473921328685, 52.179254465936545], [4.850871106077636, 52.179211256259116], [4.8509591269992605, 52.179174427615116], [4.851061995214006, 52.17911995087496], [4.851178746145697, 52.17907941465585], [4.851311163547077, 52.17903943480327], [4.8514086884333745, 52.17902563144557], [4.851445255299722, 52.17902193255578], [4.851514039290112, 52.17901880230735], [4.851578433033399, 52.17902209653725], [4.851660231180838, 52.17903343311958], [4.851775069352324, 52.17905230770672], [4.851862066698423, 52.179069006640646], [4.851937744980769, 52.17908836857708], [4.85201513454212, 52.17911255582432], [4.852155171621811, 52.17914912493613], [4.852212584943146, 52.17916150107161], [4.852275224076821, 52.17917336157782], [4.852331788788445, 52.17918091620883], [4.852381386919557, 52.17918418789548], [4.852497186284614, 52.17917416052965], [4.8525894804511855, 52.17916249862442], [4.8526590885196175, 52.179151614744384], [4.852864660657815, 52.179119469444494], [4.85294304160091, 52.17910243233643], [4.853095473682208, 52.17906729575792], [4.85354316141567, 52.17896077182475], [4.85363635968941, 52.17893946900155], [4.8538444908576075, 52.178902255312295], [4.853979467624302, 52.178881536462555], [4.8540735006687195, 52.178869872266255], [4.854177984507334, 52.17886089767771], [4.854288522986355, 52.178861567556154], [4.854495665037917, 52.17887037610915], [4.8546374959213425, 52.17888661038923], [4.854666203250096, 52.17889091935486], [4.854835848090184, 52.17892752897458], [4.854941106440472, 52.178947993098], [4.854988970216933, 52.17895447359352], [4.855040297160915, 52.17895989111583], [4.855135159325671, 52.17896696092732], [4.855298779674298, 52.17897303725059], [4.855370169400812, 52.178972055655436], [4.855428493803421, 52.178965703214615], [4.855465082153651, 52.178957715872926], [4.85551473450103, 52.17894171608856], [4.855581828673365, 52.17891717529039], [4.855641082572051, 52.17889047796552], [4.855794480937293, 52.178815713907696], [4.85587379337778, 52.17878047823144], [4.855975777399503, 52.178726002233766], [4.856175364707602, 52.17862881361232], [4.856359259431261, 52.1785417824936], [4.856575389630475, 52.178441395940276], [4.85681418148329, 52.178333551864256], [4.857053832256839, 52.178228380617924], [4.857447768595478, 52.17803720260748], [4.857780761855653, 52.177852383146096], [4.857833924702463, 52.177826214663504], [4.858287948442447, 52.177622261646555], [4.858404698373048, 52.17757475255009], [4.858524942197986, 52.177527249999436], [4.858840379934925, 52.17739700531437], [4.858974591218979, 52.1773329279308], [4.8595707210649275, 52.177035455933336], [4.860095323464648, 52.17679356726601], [4.860789291810999, 52.17646860909496], [4.860896878511146, 52.176420328641335], [4.861208982210828, 52.176270289048254], [4.861452376329358, 52.176153306281066], [4.862219954110681, 52.17577698623086], [4.862786749037014, 52.17550767994739], [4.8629968174909495, 52.17542052111439], [4.863241047158486, 52.175317487849], [4.863392520161616, 52.17525141482848], [4.863566008628706, 52.17516673513293], [4.863771072782336, 52.17506349106206], [4.864087376623217, 52.174908941511774], [4.8645753627848105, 52.17467237139502], [4.86563618995404, 52.174168645243476], [4.865670557500028, 52.174151297352616], [4.865971820356647, 52.173999210938184], [4.866179450537816, 52.173898122172815], [4.866478975664973, 52.17376060543003], [4.866868637940766, 52.173585573695824], [4.867023699464689, 52.173510415931894], [4.867122797866973, 52.17345421886911], [4.867129960502614, 52.173449253068526], [4.867498374628297, 52.17327311897085], [4.867517117919082, 52.17326415951096], [4.867603190089014, 52.173223004631566], [4.867634061429023, 52.173208238328606], [4.867666108781504, 52.17319291094633], [4.86795850287967, 52.17305308509095], [4.868172733482689, 52.17294933443596], [4.868174894548986, 52.172948292336145], [4.86836695150951, 52.17290329763855], [4.868488760179431, 52.172842417612806], [4.868690234021965, 52.172745566715534], [4.868828732154945, 52.17267245500296], [4.868892640020899, 52.17264390196844], [4.869005088480528, 52.17256690965428], [4.869131172548138, 52.172510326054955], [4.86924572042033, 52.17247027466755], [4.8695964224136725, 52.17234265475236], [4.869656825593611, 52.17231621610585], [4.8697041626880315, 52.17229078971941], [4.869775112571279, 52.172257449484], [4.870211782785003, 52.17201622700116], [4.870441061242967, 52.171897222498146], [4.870689732044809, 52.17179758180805], [4.87086254779844, 52.17171813750089], [4.871014510644755, 52.171631689924475], [4.871062572061272, 52.17159912065417], [4.87118476549051, 52.17154099887083], [4.8712240699120795, 52.17151858370925], [4.871288629466875, 52.17149407685738], [4.871475271885921, 52.1714323266687], [4.871604475822756, 52.17136832992919], [4.8717650745290175, 52.17129207562309], [4.871981613165667, 52.17117683242371], [4.872370871585598, 52.170998751836095], [4.872500882732198, 52.170944392840106], [4.872865836099411, 52.17075287533468], [4.873037728303046, 52.170679311006616], [4.873203620067649, 52.17059235505038], [4.873476858739364, 52.17045259392322], [4.873559810807314, 52.17040724168258], [4.873646217668533, 52.170367791596604], [4.8738477644730995, 52.170286787176465], [4.87398558282826, 52.17023832971131], [4.8743666326227055, 52.1701282195221], [4.874423345002467, 52.17010316454327], [4.874553409564656, 52.17003862005182], [4.874715900729245, 52.16993291608584], [4.874910525537043, 52.16984334114086], [4.875212478093501, 52.16970737675565], [4.875272702946687, 52.16967804031387], [4.875412274868035, 52.16962423190928], [4.875523960933905, 52.169578930985026], [4.8755954804112625, 52.169548699599], [4.875730077893227, 52.16948628565791], [4.875923621783149, 52.169402672435154], [4.876014680454068, 52.169365119276506], [4.876092792971561, 52.16931946566901], [4.876176991857549, 52.16927331705598], [4.876366692484918, 52.16915114566131], [4.876432480618633, 52.16911453440297], [4.8765218624676505, 52.169072695280114], [4.876680385818296, 52.1690038944027], [4.876831178305063, 52.168925954975954], [4.877043316011708, 52.168818880594856], [4.877176425101214, 52.16876226486256], [4.8772701532736065, 52.16871730712354], [4.8774025358638, 52.168652580766654], [4.87751748967678, 52.168585702753006], [4.877740099316535, 52.16847653318764], [4.877849627694942, 52.16842515381318], [4.877983584752501, 52.168369610411986], [4.878104431642715, 52.168317758329074], [4.878362087564021, 52.1681921647801], [4.878539063115597, 52.16810953643635], [4.878837799189155, 52.16797291078581], [4.879000819418743, 52.16789235180949], [4.879344172049757, 52.16773828241726], [4.879597592174648, 52.16760410232795], [4.879691676994698, 52.16756334162968], [4.879871193889756, 52.16748687904424], [4.880028507849606, 52.167421933349615], [4.880089307093221, 52.1673903768736], [4.880324696265608, 52.16726300260418], [4.880572205122188, 52.167137872981364], [4.88104674021666, 52.16694307056055], [4.881272735441527, 52.166844496806334], [4.881322883934718, 52.166821396743984], [4.881570447020842, 52.16669359581129], [4.882017365815067, 52.16648944942531], [4.8827368390642185, 52.166130964243436], [4.883202300544182, 52.16591467786533], [4.883414265697455, 52.16582025550481], [4.883547232348443, 52.16575402376027], [4.88376130015963, 52.16564410534434], [4.883980444893124, 52.1655401223342], [4.884058636401494, 52.16550817958698], [4.884376956007252, 52.16536868434608], [4.884524511217964, 52.165311142199066], [4.884644225079551, 52.16525335547865], [4.884713945249347, 52.16521170506871], [4.884889293344137, 52.16511963182074], [4.8850758604108995, 52.16503193829346], [4.885292960809678, 52.164940239823466], [4.8853561824956895, 52.16491618698741], [4.885540641709965, 52.164842918592015], [4.886109085643788, 52.164576168087414], [4.886231186527676, 52.1645280250996], [4.8862797884412466, 52.164436508227865], [4.886418573970978, 52.16418571011213], [4.886610717874074, 52.16415530077698], [4.886754734798178, 52.164099862023036], [4.887053944385655, 52.16395805848919], [4.887270392120358, 52.16385724871729], [4.887369758635848, 52.163805529863794], [4.8883187855644366, 52.16335019264212], [4.888512444140249, 52.1632609597509], [4.888662856294712, 52.163199074293814], [4.888749257195615, 52.16315901095402], [4.88882076674152, 52.16312532011677], [4.888867622566086, 52.16310841370269], [4.888944315949514, 52.1630790499629], [4.889012462836203, 52.16304936247642], [4.889153141403985, 52.16298732744833], [4.889236161702181, 52.16295020655837], [4.889320077137196, 52.16290882005672], [4.889336410903614, 52.162898894240534], [4.889353223437658, 52.162889285023994], [4.889370500124588, 52.16287999234537], [4.8893882407641485, 52.1628710341796], [4.889406416127046, 52.16286241040333], [4.889425011498574, 52.16285412994222], [4.889545600561041, 52.162800575331474], [4.889694652214322, 52.162734602244846], [4.889768414110223, 52.16270195395747], [4.890055023008105, 52.162573086458856], [4.890291514589919, 52.16249936472716], [4.890542112656656, 52.162421378633944], [4.8906425228289345, 52.16236980523308], [4.890778070913123, 52.16230085284065], [4.89083881138042, 52.16227195105985], [4.890900514154985, 52.16223930527264], [4.89093430492439, 52.16222085107489], [4.890967616986809, 52.162202071284256], [4.891000450142219, 52.162182983876384], [4.891032789876172, 52.16216357980265], [4.891064650703002, 52.162143868112466], [4.8911113816757705, 52.16211567127767], [4.891152962687844, 52.16209058961094], [4.891274639958288, 52.16202422083398], [4.891301867167696, 52.16201375630056], [4.891334423374736, 52.16199852351535], [4.89136485342392, 52.16198523219749], [4.8913947621303695, 52.161971507254385], [4.8914241350788625, 52.161957330649805], [4.891452928126595, 52.16194272916281], [4.8914811557877025, 52.16192771184288], [4.891508788833382, 52.161912278567684], [4.891582099003129, 52.1618674214622], [4.891690943658032, 52.16180363186402], [4.8917157889140634, 52.16178785427634], [4.891742547580054, 52.161770862340354], [4.891765067762383, 52.16177231408607], [4.891862456605455, 52.16177938306635], [4.892178256131188, 52.16179792033835], [4.892272620186264, 52.161592759132176], [4.892188145896494, 52.16157563309141], [4.8920789634503095, 52.161550098355484], [4.8917541931624, 52.16147354114994], [4.891544434195601, 52.161424088815465], [4.891592608928848, 52.16136317231249], [4.891270200132473, 52.16127157766359], [4.891216722068517, 52.161257331528894], [4.8912320013293815, 52.16123699283975], [4.890309159941627, 52.16088422993817], [4.8897006561587135, 52.16067503051432], [4.888815398915133, 52.16037843689121], [4.888715385958759, 52.160344929380614], [4.888560947831593, 52.160293188722314], [4.887574434214757, 52.15995816524852], [4.88748787865636, 52.15993287483257], [4.886231260429255, 52.15956574102871], [4.884969276579, 52.15921232266743], [4.88395502983272, 52.15892806810573], [4.883820363118282, 52.15889032803922], [4.883508929030904, 52.15880304616639], [4.8834517756855735, 52.15878861901636], [4.88312794649839, 52.15870685582249], [4.883101622520593, 52.15869946303203], [4.882714718148537, 52.158590779590696], [4.881593610548248, 52.158275865752316], [4.880659718388634, 52.15801910689863], [4.880523169786603, 52.157981561693084], [4.880230596161594, 52.157897201315905], [4.880113739184725, 52.15786296695283], [4.879953230461777, 52.15781594355339], [4.879905186694417, 52.15780255151073], [4.8795784230727826, 52.15771144526717], [4.8795012883635955, 52.15768993750989], [4.879235211937881, 52.15762237052136], [4.879153191548001, 52.15759873829323], [4.878601307909935, 52.157439707674556], [4.877513508643445, 52.15714098704561], [4.8767183438087, 52.15692262676566], [4.873623464337562, 52.156082509353375], [4.873633965422641, 52.15596488307543], [4.8736437972752755, 52.15585461512185], [4.87368469551787, 52.15539635591188], [4.873713517783476, 52.15498680446231], [4.87371338780379, 52.15437561411461], [4.873745730703515, 52.15386696628393], [4.873774218637396, 52.153419007167855], [4.873866051464601, 52.15318436825393], [4.873866767851492, 52.15260104448147], [4.873896184709239, 52.152037799071564], [4.873922889815594, 52.15140533351445], [4.873973476586151, 52.1510086395067], [4.874006376392039, 52.15052351558808], [4.874006340667718, 52.15049738705159], [4.874006333967953, 52.15049542761857], [4.874006309781922, 52.150482277935886], [4.8740062778055036, 52.1504596367949], [4.874006218603091, 52.150422839291586], [4.8740061795423655, 52.15040208561877], [4.8740060606074485, 52.15032218096871], [4.874009570578421, 52.14973716133209], [4.874026735517507, 52.148574266606914], [4.87403749807945, 52.14842600986392], [4.874043873086062, 52.148119219995294], [4.87405026018615, 52.147811369568096], [4.874061681923082, 52.1475040263794], [4.874073353476674, 52.147289351531604], [4.874085547022014, 52.147116967938715], [4.874087413988442, 52.147090542067154], [4.8740894201370395, 52.147062175371964], [4.874090484310109, 52.147047124938716], [4.874091705994263, 52.147029810190176], [4.874125690868776, 52.146549049871474], [4.874190145332062, 52.14607515408762], [4.874192369521465, 52.14604814553705], [4.874207163705701, 52.145868052430124], [4.874295456492939, 52.14407159839317], [4.874318869895746, 52.14359505219189], [4.874328272625724, 52.143437801291185], [4.8743515816146346, 52.14295883678125], [4.874382961939781, 52.142313807167575], [4.874392605522097, 52.1422500335532], [4.874408284653042, 52.141736970858986], [4.874420869962621, 52.14134065015446], [4.874433700107645, 52.141279227285395], [4.8744349561419895, 52.14120545837933], [4.874434996341753, 52.141203229504036], [4.874444356143023, 52.14065648778142], [4.874466968496199, 52.14002292457078], [4.874493444750417, 52.13942173527169], [4.874518480819272, 52.13883141526054], [4.873725388693992, 52.138818123793435], [4.873599102100559, 52.138816010097095], [4.8735891271370475, 52.138815840833686], [4.873436187064754, 52.13881327835226], [4.8730837180735875, 52.13880737451983], [4.873058381837757, 52.13881050880373], [4.872710550213681, 52.13885347444324], [4.872367052523217, 52.13888409932234], [4.872336811866151, 52.138872965892965], [4.872315544010699, 52.138867839724895], [4.872268984806562, 52.138863214347204], [4.872253095450553, 52.13886163498461], [4.872131563039083, 52.1388614639256], [4.871992562648173, 52.138856003347904], [4.871863165418589, 52.13885382027831], [4.871767670403683, 52.138850526867806], [4.871642732003718, 52.13884171183694], [4.87151277962103, 52.13883700928555], [4.871407296027127, 52.13883852549676], [4.871315313458663, 52.13883845583309], [4.871229605866597, 52.138780763802906], [4.871133740774261, 52.13872102292427], [4.870762414690367, 52.13845613609847], [4.870637535210584, 52.13837919037051], [4.87054366713849, 52.13834015736939], [4.870445481370894, 52.13829430137799], [4.870444529559594, 52.13829197827563], [4.870436986025972, 52.13827357352924], [4.870341815501206, 52.138207013060864], [4.870301675423034, 52.13820568670132], [4.870256004606535, 52.13822660863298], [4.87024839671642, 52.13822765386652], [4.870228808958634, 52.1382351719682], [4.870162419248015, 52.13822503901573], [4.870032162374657, 52.13820517054643], [4.869750335360265, 52.13816178938103], [4.869480289018352, 52.138116571740376], [4.86941011762044, 52.138100031217704], [4.869183292634075, 52.13806759494959], [4.868906589108247, 52.13803096635727], [4.868714487766525, 52.13800342746893], [4.868519408091797, 52.13797577630187], [4.868209252056613, 52.137925588708576], [4.867998019505825, 52.13788896737618], [4.867868571041594, 52.137865064404885], [4.8676831853375075, 52.137836699526275], [4.867564190959952, 52.13781447809671], [4.86734567350221, 52.137763793054134], [4.86715994430462, 52.13772233914135], [4.866974812743513, 52.13768102239207], [4.866826068548819, 52.13765719496029], [4.866616555658947, 52.13762362570146], [4.866237332114714, 52.13756801384154], [4.8660181592708165, 52.13752740810005], [4.865920487561675, 52.1375106451173], [4.865760801927225, 52.137490731745494], [4.865574251253713, 52.13746230446244], [4.865286913445193, 52.13742877515603], [4.865118789336995, 52.13741353335001], [4.864915049596963, 52.13739112288686], [4.864733552564738, 52.13738528580701], [4.864639638228731, 52.13737704116092], [4.864376695835946, 52.1373634364978], [4.8642786210637174, 52.13735997277854], [4.8641757426381975, 52.137356334881034], [4.8640888386833225, 52.13735567089709], [4.863906778669615, 52.13735427017725], [4.863652925452147, 52.1373391402873], [4.863547820696322, 52.13733478189922], [4.863194095308572, 52.137326245323], [4.862979472346694, 52.1373202134449], [4.862663379045242, 52.13731007184821], [4.862581011020262, 52.13730751245332], [4.862516632290985, 52.137305509387744], [4.862515054817563, 52.13730550237121], [4.862367667099482, 52.13730452313359], [4.8620663752731765, 52.137301465510205], [4.861807582973677, 52.13729899189258], [4.861720886831356, 52.13729805744511], [4.861611586929698, 52.13728652409969], [4.861486062328235, 52.13727592501489], [4.861168125702052, 52.13727351895169], [4.860893489448623, 52.137259512820044], [4.860637790250982, 52.137251172204586], [4.859991655948429, 52.13725193534863], [4.859667103371518, 52.13725935563625], [4.859258825946517, 52.137264090397515], [4.859083185746017, 52.13725963702395], [4.858837032820738, 52.13723707109423], [4.858633524061038, 52.137233732580434], [4.858229890981335, 52.13723113230663], [4.857590678436601, 52.137240694728], [4.857236611377121, 52.137232785886475], [4.857067800564857, 52.137233842946756], [4.856632801226338, 52.13722675497423], [4.856042779284582, 52.13722080103298], [4.855619044171893, 52.13720863681056], [4.855553605612145, 52.13721226071912], [4.8553870572039495, 52.13721100663416], [4.855330685869292, 52.13721003342603], [4.8552856816766, 52.13721126859844], [4.855238666869632, 52.13720961848717], [4.8550810933861905, 52.13724584896412], [4.854949576932703, 52.137276084882515], [4.854878160537819, 52.137283672170554], [4.8546651043216364, 52.13736440356719], [4.854601275340778, 52.13738859005219], [4.854475097145842, 52.13741820240055], [4.854345154143501, 52.137448705408325], [4.8540719219320945, 52.13749826272541], [4.853900328501561, 52.137531641946325], [4.853844616371898, 52.13754882701849], [4.853794884280128, 52.137578982003106], [4.8537719696277515, 52.13758966413154], [4.8537519697866855, 52.13760089872444], [4.85355278065671, 52.13774326846039], [4.853513395042077, 52.137763223672366], [4.853504579670554, 52.13776749808824], [4.853494595787708, 52.137771767216556], [4.853452194003157, 52.137802090044055], [4.853291942160749, 52.13791666447682], [4.853123852255839, 52.13796836723668], [4.853078651620549, 52.13798595906406], [4.853045423935525, 52.13800396461566], [4.853031582083437, 52.138013249584176], [4.8529489437941775, 52.13806985105503], [4.852722560087365, 52.13822490429985], [4.852633665453978, 52.13825862040623], [4.852607541041406, 52.13826892823858], [4.852574211824929, 52.13829538203336], [4.852530859735836, 52.13832934041334], [4.852511288570852, 52.138353519636546], [4.8524834580795995, 52.138384312628716], [4.852346529076057, 52.138840468252475], [4.852330592866449, 52.138908723701185], [4.852324187519239, 52.13893616235944], [4.852316042689556, 52.13897101731873], [4.852152404516523, 52.13939204283963], [4.851893039201148, 52.13945589521716], [4.851787133326779, 52.13949244564364], [4.851766880940703, 52.139500263268054], [4.851754550774278, 52.13950524064967], [4.85173900276885, 52.13951056294855], [4.851679673090397, 52.139535568224055], [4.851621154441833, 52.13956358817277], [4.851535293860712, 52.13961564400995], [4.851478612064766, 52.139674402617075], [4.8513409636968925, 52.13969259855096], [4.851220614151907, 52.13969713008577], [4.851101272897401, 52.139701630127576], [4.850892334263844, 52.139695826820024], [4.850617374545488, 52.139679790977084], [4.850460459912424, 52.13966988226962], [4.85037978461549, 52.13966108431003], [4.8502891014963, 52.13965119812314], [4.850089156666001, 52.139636086678564], [4.849973283244848, 52.13962675067128], [4.849860906893885, 52.13961814952936], [4.849534466072766, 52.13957819294182], [4.8494550961116865, 52.139521673364165], [4.8494198789674865, 52.13949723589919], [4.849391285806025, 52.139479524774885], [4.849153546160977, 52.139428511633334], [4.84903377848945, 52.139402978315665], [4.848877247099892, 52.13937350209998], [4.848791296178516, 52.13935405501297], [4.848660054596737, 52.139237059723065], [4.848594742596946, 52.13921899201426], [4.848481076171588, 52.13917939260995], [4.848361052950211, 52.13914001572592], [4.848164490037046, 52.139074897541974], [4.848043961498458, 52.13901450378791], [4.848003465851158, 52.13899422124645], [4.847942243257075, 52.13897989294943], [4.847851601746727, 52.13896792881426], [4.8476136250522535, 52.1389429500646], [4.847527658347324, 52.13893942893662], [4.847484850063694, 52.13893768712637], [4.847452435425511, 52.138937727566045], [4.847412571871064, 52.138944942388], [4.847362975964831, 52.13895488100113], [4.84724542384419, 52.13898913601913], [4.847207509102199, 52.13901034521539], [4.847159503919077, 52.13904455896348], [4.847037262280914, 52.13912350822942], [4.846900218169568, 52.139206452203716], [4.8468848748411375, 52.13921896530209], [4.846723425028278, 52.139375185324354], [4.8466746834541, 52.139407418113926], [4.846633162841986, 52.13942597708279], [4.846251156250044, 52.13954540383094], [4.846019655870111, 52.13953911092063], [4.8456260284197, 52.13952885559058], [4.845406734009569, 52.13949899671912], [4.84532038208317, 52.139489827672975], [4.845195813407117, 52.13947729219171], [4.845081039491002, 52.139465340879795], [4.845008731361431, 52.139447283970746], [4.844967705823897, 52.139437037686605], [4.844816039527177, 52.13941131749564], [4.844524364564242, 52.13938150166023], [4.84444061723511, 52.13938041528812], [4.844244700336023, 52.13937788684562], [4.843940450149563, 52.13939599030429], [4.8437475926880165, 52.13939653108887], [4.843491000191827, 52.1394056041532], [4.843350760923176, 52.1394156355842], [4.843160812067058, 52.139429221603656], [4.843079319682398, 52.139438481011155], [4.843033319560163, 52.13944331116074], [4.842871910809104, 52.13945955403158], [4.842835796705934, 52.139469454084875], [4.842748795022318, 52.13948846692334], [4.842680663803044, 52.13950530179711], [4.842583825816129, 52.13953312241515], [4.842529898875488, 52.13955428315218], [4.842460657168641, 52.139592684277986], [4.842411739135909, 52.13962713456777], [4.842390300612845, 52.13964223448073], [4.84235306051263, 52.13966777751633], [4.842289357026011, 52.1397227602523], [4.8422310853648565, 52.139780311687886], [4.842186194156607, 52.1398187262752], [4.84213112711097, 52.13989854707033], [4.842066504048348, 52.14000727443755], [4.842042134261437, 52.14010810747408], [4.842036367960459, 52.14015925023293], [4.841973955667083, 52.14033452686624], [4.841962128920027, 52.14040584691754], [4.841923853910891, 52.14057230986986], [4.8418799511634285, 52.14072588478224], [4.841850994727123, 52.14077518561612], [4.841821024555835, 52.14081777661395], [4.841803993980463, 52.14083909860546], [4.841780607667791, 52.14086290788406], [4.841739605569374, 52.14089734056435], [4.841702130982472, 52.14092163295989], [4.841640488866816, 52.140958334037826], [4.8414824177083196, 52.141029705646446], [4.841425298854764, 52.14105366439808], [4.841375283322085, 52.141078509861], [4.84131259016867, 52.14112227956019], [4.841241452920893, 52.14118400437476], [4.841189450945254, 52.141229117777804], [4.841075684737534, 52.14133874962579], [4.841002989759145, 52.141398786305444], [4.840963443927233, 52.14142275429245], [4.840918698514082, 52.141439471734955], [4.8407933405923, 52.14147676712399], [4.840617274901642, 52.141511823092515], [4.840515663911495, 52.14153050594645], [4.840446803693226, 52.141539741191906], [4.8403808282642, 52.14154960096183], [4.840330194603354, 52.14155563995837], [4.840276080943518, 52.141560746010285], [4.840235382308586, 52.141561905533784], [4.840220549555358, 52.1415623311066], [4.84020106971837, 52.14156288792779], [4.840137957276801, 52.14155845174062], [4.840071099325667, 52.141552101653495], [4.839928671816819, 52.14153146937604], [4.839759914587969, 52.141487453471726], [4.839111513300946, 52.14127860561031], [4.838891014356603, 52.14119182521392], [4.8387988024015, 52.141136272389716], [4.838743684272781, 52.14110305667993], [4.838697236332598, 52.14107875253981], [4.838418687279601, 52.14094551133335], [4.838187731529174, 52.14083855654193], [4.8380077418805305, 52.14064986684321], [4.838001124215821, 52.14064156695569], [4.837988964630842, 52.140632522216066], [4.8379723941302055, 52.14062579385229], [4.837946497088187, 52.140617224435836], [4.837928441553589, 52.14061246653979], [4.8378995722225495, 52.14060801781265], [4.8378224458473476, 52.140607658651845], [4.837580275180795, 52.14062882114818], [4.837553600999542, 52.14063473688863], [4.837520577969921, 52.14064375090869], [4.8374922967622025, 52.14065323642251], [4.837460859171842, 52.140669924688105], [4.837366434221983, 52.14064959388379], [4.837366232166666, 52.14066719169914], [4.8373583929330275, 52.14068692904475], [4.837347924378551, 52.14070665413422], [4.837321717542889, 52.14074697855935], [4.837245845560887, 52.1408819860939], [4.83724304136139, 52.14089617426455], [4.837240208382969, 52.14091269921455], [4.837241204309813, 52.14092672533876], [4.837243364400124, 52.14094111641542], [4.837246079961985, 52.140981575655324], [4.837256079221701, 52.141071144033965], [4.8372599013763224, 52.14114037044303], [4.8372575839804615, 52.141209927754815], [4.837250058794887, 52.14127532624848], [4.837245590119655, 52.14132977347384], [4.83723744301589, 52.14137449637118], [4.837214520117564, 52.1414328123357], [4.837169953443856, 52.1415404620862], [4.837158685639737, 52.14155389174076], [4.837145124896998, 52.141563715451596], [4.837118060961723, 52.141578689310386], [4.837106857344291, 52.14158690614505], [4.837097681071388, 52.141596570533075], [4.8370842552389055, 52.14161915800778], [4.8370170568774995, 52.14178512498957], [4.836862171463929, 52.14233565337228], [4.8367046421185735, 52.14287992242768], [4.8361196587859, 52.14282082665485], [4.835574451687429, 52.142763325111645], [4.835489027964099, 52.14302867759311], [4.835109091036925, 52.14298522217712], [4.834745865115927, 52.1429454929735], [4.834619362849983, 52.142931651991994], [4.834128194636676, 52.14287649110724], [4.834119454713209, 52.14296408437976], [4.834130514972634, 52.143114957018085], [4.834139852947143, 52.14325863107502], [4.83415064984893, 52.143380057364006], [4.834146448913223, 52.143413743146944], [4.834134837693148, 52.14343119758394], [4.834120313174784, 52.143447964251884], [4.834096956353348, 52.1434689498805], [4.834056878151557, 52.1435071412705], [4.83401346524393, 52.14354799547171], [4.833966920541014, 52.14360225424385], [4.8339371260328114, 52.14363697946112], [4.833851570787593, 52.14375286657745], [4.833746681211356, 52.14389045014617], [4.833702541738136, 52.14395333072241], [4.833608605463429, 52.14408524012017], [4.833591477410602, 52.144109292863924], [4.8335540865785065, 52.14415806673008], [4.8335470627970425, 52.14416722862038], [4.833368670419929, 52.144375598903224], [4.833294864811972, 52.14446504377393], [4.8332744405960035, 52.14448626771137], [4.833222456841465, 52.14453719301835], [4.833173490804643, 52.1445827395986], [4.833077155984632, 52.14468754709267], [4.833066721075937, 52.144699623060944], [4.8330531128739205, 52.14470605755567], [4.833034006479967, 52.14471289765181], [4.832857874477107, 52.14476235872126], [4.832800794713457, 52.144747107289106], [4.832731280263014, 52.14472143407755], [4.832647472060472, 52.14467034711887], [4.8325805296165045, 52.14462581084218], [4.832461017328637, 52.14453231169406], [4.832384906046068, 52.14446734711753], [4.832360279376063, 52.14449518437177], [4.8323029277215745, 52.14449009698894], [4.83213089258489, 52.144474421312374], [4.832053842387743, 52.14446739855724], [4.831970115514761, 52.144458043367884], [4.831992091324379, 52.144388452856134], [4.831994641005559, 52.144371387413955], [4.831993553397437, 52.14434136195043], [4.8319871687472595, 52.14431436752057], [4.831982423134285, 52.14429654869403], [4.83196078759201, 52.144274156311596], [4.831915290333067, 52.14424392182235], [4.831805258096124, 52.14418713817816], [4.8316478851867695, 52.14410390414533], [4.831501528844047, 52.144034707320216], [4.831439767009292, 52.14400722729017], [4.831375890434016, 52.14397007502586], [4.831229721564619, 52.14390231684295], [4.83114719748092, 52.14386334186129], [4.831022680650116, 52.14381078552891], [4.8309069518783145, 52.14375292256752], [4.83081620991584, 52.14370756298056], [4.830759590755717, 52.14367544200511], [4.830749718178884, 52.143670496907646], [4.830723790748892, 52.14365612842413], [4.83059703245435, 52.143584236585774], [4.830559803392873, 52.14355417539712], [4.830380906230002, 52.14344594096687], [4.830215702038211, 52.14334914089576], [4.830144341198829, 52.14330781807754], [4.830021665941303, 52.14326477881206], [4.829877111496136, 52.14322837715402], [4.829728781967296, 52.143226408982585], [4.829632227747079, 52.143238392244015], [4.829592291131456, 52.14324155605484], [4.829562980746815, 52.14324193882123], [4.829523535793982, 52.143240826582755], [4.829484828127206, 52.14324150645462], [4.829446840830172, 52.143239484292415], [4.8294165253634915, 52.143236123208126], [4.829383288741377, 52.14323388080786], [4.829336904552691, 52.14322692037411], [4.82930402919245, 52.143222657330455], [4.829272978820888, 52.14321614688796], [4.8292423162330556, 52.14320783165695], [4.829179652844296, 52.1431860626183], [4.829061510608094, 52.14314044622126], [4.828924896937267, 52.14308946625933], [4.828841255810163, 52.14306182738265], [4.82874855736112, 52.143030676151604], [4.828718535729165, 52.14302252560409], [4.828711429603842, 52.143019516891], [4.828693334198474, 52.14301444280959], [4.828673235810157, 52.14300949406417], [4.828656180394045, 52.14300420019756], [4.828621435688079, 52.14299523630728], [4.828596258227145, 52.1429887355171], [4.828570935143005, 52.14298219807931], [4.828552068017115, 52.14297692258277], [4.828523505235571, 52.1429689406801], [4.828488376850046, 52.142959121060876], [4.82843454038317, 52.14294416149094], [4.828406136869797, 52.14293629715971], [4.828331001583308, 52.142908428564525], [4.8283204102939425, 52.14290258104359], [4.8282436945575995, 52.142857429715214], [4.828167001479302, 52.14281048081699], [4.828146168384943, 52.1427965493555], [4.828132292287275, 52.14278936499517], [4.828119143349025, 52.14278127627806], [4.828100876424091, 52.14276891191685], [4.828079687152367, 52.142755428161934], [4.8280603311367, 52.14274487423524], [4.828049361734308, 52.14273656214912], [4.828002606290151, 52.14270330914085], [4.827955116516196, 52.14266803929075], [4.827906523206113, 52.14263457080376], [4.827901411415067, 52.1426309692917], [4.827783816374741, 52.142562883863775], [4.827770666919935, 52.142553680576135], [4.8277491137195065, 52.142542442067985], [4.8277198858864985, 52.142526942735735], [4.827658893339406, 52.1425002103676], [4.827606644147733, 52.14247639564541], [4.827514231860361, 52.14244472347995], [4.82746456321882, 52.14242832715895], [4.827403940351827, 52.14241058454483], [4.8274002848261555, 52.14240968636107], [4.827339292749224, 52.14239576191812], [4.8273032220201655, 52.14238775307329], [4.827239209677601, 52.14237353561141], [4.827117958453163, 52.14234434178613], [4.82692329210913, 52.142300544000136], [4.8266986622734125, 52.14222776959536], [4.826693922868557, 52.142227099931155], [4.826471851529682, 52.14217633121172], [4.826237747657079, 52.142149629007875], [4.826005484226454, 52.14214156749654], [4.825680469906006, 52.14216610445694], [4.825574557662984, 52.14217421090488], [4.825402914062928, 52.14218636348856], [4.825241867106052, 52.14219808094285], [4.825242965628936, 52.1421978524843], [4.8248945526425615, 52.142170926599185], [4.824832097359565, 52.1421700356651], [4.824724355673497, 52.14217027699851], [4.824602026164647, 52.142171185690664], [4.824537751372426, 52.14217209253848], [4.824499032334752, 52.14217142249672], [4.824426723609173, 52.142174582936704], [4.824260210356502, 52.14217954086004], [4.82409256932394, 52.14218472685649], [4.8239041409267545, 52.14219216824824], [4.823743076955285, 52.14218320187501], [4.823554855393139, 52.14221591833545], [4.823376868258624, 52.14222828034289], [4.823290957124266, 52.1422084283619], [4.823268323818962, 52.142204158660526], [4.823246559378887, 52.14220049531367], [4.823228156394936, 52.142197872680605], [4.823101056520094, 52.14217742816248], [4.823040427285216, 52.142168446700325], [4.822994400637818, 52.14215878903276], [4.822968102628399, 52.14215204798492], [4.822895807126769, 52.14213565835257], [4.822837062477454, 52.14212436686131], [4.822828230181909, 52.1421227426946], [4.822783680463804, 52.14211066521333], [4.822582175400769, 52.142057030452854], [4.822436596142186, 52.14201696554566], [4.822397253005671, 52.14201367627752], [4.822109417973214, 52.14198960278033], [4.821849061454259, 52.14196903082405], [4.8218099379029535, 52.141966865929206], [4.82178017692612, 52.141963667320496], [4.821753070372167, 52.141958504037305], [4.821685783218682, 52.141942362369896], [4.821614693567475, 52.141926561958485], [4.821593124307876, 52.14192250376314], [4.821582494367111, 52.14192210225861], [4.821576634776317, 52.141908385229414], [4.821509094473649, 52.14192838354929], [4.821478096284343, 52.14193867012625], [4.8214566984911, 52.14194414015438], [4.821363863263118, 52.14198432128305], [4.821303826559361, 52.14201854774689], [4.8212849510291695, 52.142032478693025], [4.821271386654971, 52.1420423005724], [4.821157899748875, 52.14209820158705], [4.820929128451075, 52.1421904005211], [4.820872491773003, 52.14220990254097], [4.820839969081061, 52.142217116677145], [4.820813036085901, 52.142221301675015], [4.820690191789626, 52.14223167733604], [4.82061212246837, 52.14223633575773], [4.820587583702208, 52.14223603813445], [4.820565398144853, 52.14223449347001], [4.820547309605927, 52.142232429193086], [4.820533623926715, 52.14222876819821], [4.8204946302378975, 52.142216357014], [4.820461863078442, 52.14219678521999], [4.820416037952413, 52.1421701399313], [4.8201880155706345, 52.142042131639464], [4.820152071500549, 52.14201966828353], [4.820121755975214, 52.14201412967438], [4.820108914901997, 52.14201298936865], [4.819997725551869, 52.14193389847189], [4.81997897303792, 52.14191511297632], [4.819960110943138, 52.14190495556414], [4.819952631409813, 52.14189575169692], [4.819944604106754, 52.14188366899072], [4.819938612744942, 52.1418723151253], [4.819933789997551, 52.141860966879015], [4.819932683037226, 52.14185610796084], [4.819933924716105, 52.14185036152275], [4.819936930727874, 52.14184372475485], [4.8199300423649944, 52.14183398444044], [4.81991709187035, 52.14181846256483], [4.819906766189911, 52.14180331283596], [4.819896611642738, 52.14179769135661], [4.819884644811262, 52.14179673499321], [4.81987647596158, 52.141795796893966], [4.819869172151376, 52.14179576176823], [4.81985953797296, 52.14179517614619], [4.819657847009064, 52.14166459700179], [4.819586857062771, 52.14161805640561], [4.8194438099671215, 52.14152047587617], [4.819402920112233, 52.14149756604104], [4.8192659426063, 52.14142475885545], [4.819080771703618, 52.141329051329535], [4.819026752368163, 52.14129786296954], [4.81902647688477, 52.14129769985619], [4.818997879336715, 52.14128118572207], [4.8188386272394705, 52.14119446495679], [4.818732441224042, 52.14114726889589], [4.818721023758276, 52.141142189504315], [4.81868999591253, 52.14112840496569], [4.818546857514167, 52.141062362275946], [4.8184752449379955, 52.141029318185595], [4.8182930060659555, 52.140949110108814], [4.818292204723177, 52.14094894445769], [4.818287877678356, 52.14094803376353], [4.8182331119374995, 52.140936525464994], [4.818032483925324, 52.140837838547355], [4.818030770916497, 52.14083699438499], [4.817916467146473, 52.14075520799496], [4.81784450292224, 52.140679926539434], [4.81780212914236, 52.14063374766622], [4.8177202634022045, 52.14054453165797], [4.817697802056243, 52.14050970202716], [4.817645170601286, 52.14046720365214], [4.817606548371109, 52.14042585147531], [4.817574601940657, 52.14038794701598], [4.8175507369712385, 52.14035781137647], [4.817522063823167, 52.14031524887461], [4.817515470657769, 52.14030533007684], [4.817498027395181, 52.14025275508064], [4.817496110811761, 52.140242679104226], [4.817489236986211, 52.14023186013508], [4.817480874936347, 52.140223191132286], [4.817473943788485, 52.14021686595692], [4.817445683592385, 52.14014194811351], [4.817390760369745, 52.14000434399282], [4.817328189933575, 52.139893667330504], [4.817266165087493, 52.1397860492369], [4.8172354659566645, 52.139742038767494], [4.81723296058822, 52.139732319466596], [4.817188150930482, 52.13967224190783], [4.817172020613838, 52.139654187674005], [4.81716076258942, 52.13964352726115], [4.817136811105509, 52.13962022210341], [4.817098497840233, 52.13958565729238], [4.816976969889559, 52.139501444197386], [4.816914028695083, 52.139467982659504], [4.816665724377837, 52.139386931291526], [4.816565286201778, 52.1393671389328], [4.816287432994077, 52.13937397371262], [4.816222963456334, 52.139375558172695], [4.816118937175528, 52.13939191636213], [4.815966212969532, 52.139436486128595], [4.8156615211195914, 52.13954405443404], [4.815426554638279, 52.1396319343536], [4.815291567744491, 52.139710339709005], [4.814950274713115, 52.13994255609048], [4.814941140057207, 52.13994862371563], [4.814929695918126, 52.13995252298127], [4.8148539044901835, 52.1399848721198], [4.8148433736151395, 52.139985899601726], [4.814798025046269, 52.139990892685155], [4.814788078449315, 52.1399919229973], [4.814664289174128, 52.14000458874903], [4.814532647451757, 52.14004407282912], [4.814405866285066, 52.14008839801032], [4.814325220832803, 52.14011191485794], [4.814041064474448, 52.14016899343687], [4.814038300291531, 52.14022160559842], [4.8138817885875325, 52.1402331048617], [4.813685945230708, 52.14025082124881], [4.813586589231368, 52.14025249531159], [4.813467422988091, 52.140249758631896], [4.813370167410306, 52.140247128418046], [4.813356747355969, 52.14024562503219], [4.813317100586925, 52.140238852836745], [4.813261064686905, 52.140227452887245], [4.813198583364743, 52.1402106286604], [4.813152508500459, 52.140193677513416], [4.813111094566534, 52.14017324365466], [4.813056599486748, 52.140139722289916], [4.812996409582835, 52.14009466835173], [4.8128957338759895, 52.140017239717935], [4.812819831180097, 52.13995248806389], [4.812749038875852, 52.13988907351561], [4.812677533459673, 52.139832279714746], [4.812521932421062, 52.13968681260255], [4.812491140885863, 52.139650350474994], [4.812424858316834, 52.13957938068867], [4.812312065406965, 52.139490207907976], [4.812079580789307, 52.13930319975709], [4.8119198527498925, 52.13920624770542], [4.811824147423416, 52.13915150149469], [4.811715101663764, 52.13908912210163], [4.811609733366558, 52.13903611721339], [4.811505427267334, 52.13899138651085], [4.811194258426494, 52.1389028621854], [4.810968351680752, 52.13884063943812], [4.810776733894015, 52.13879278509345], [4.810710735403443, 52.138768014799105], [4.8106622765118185, 52.138742431379775], [4.810613873371996, 52.13871253390076], [4.8105889937144335, 52.13869353717141], [4.8105627741058745, 52.13866518621023], [4.810439993178974, 52.13851286596222], [4.810332036860436, 52.138484025388685], [4.810325515198008, 52.13848228574643], [4.810250694305524, 52.13855929880414], [4.810240678212894, 52.13856798629665], [4.810228946672491, 52.13857038268034], [4.810212253016932, 52.13857017519207], [4.810203217859828, 52.138568513130046], [4.810191859590606, 52.13856576112556], [4.810174733023576, 52.138557228486846], [4.81015875176113, 52.138550499078434], [4.810094713481088, 52.13850973911657], [4.8100550632684955, 52.13848078304245], [4.810037646952951, 52.138472069202855], [4.809959864846991, 52.138432320496776], [4.8099294718675445, 52.138342649778416], [4.809925820560856, 52.13833130683904], [4.809924854181522, 52.13831566272668], [4.809924907620262, 52.13831152843866], [4.809925832799648, 52.138307757942854], [4.809874342300471, 52.13820036718107], [4.809754371882373, 52.13814728914455], [4.809746250398362, 52.138142755311236], [4.809739591880517, 52.13813804887623], [4.809736436576127, 52.138133539353774], [4.809597988142079, 52.13795058178332], [4.809589366147147, 52.13793957401863], [4.809581887090583, 52.137930549243436], [4.809573496784933, 52.1379242164511], [4.809563924026157, 52.13791895644603], [4.809554933197954, 52.13791387905289], [4.809543596059634, 52.13790950922111], [4.809492945075251, 52.13789541941192], [4.809368759158178, 52.137829557154085], [4.809336561094228, 52.13781178264528], [4.809320042489757, 52.137801455227695], [4.809308756572133, 52.13779313083691], [4.809203594253156, 52.1377246651539], [4.8091453400403115, 52.137688606845174], [4.809093355493595, 52.13764215297747], [4.809064589768751, 52.13760749748742], [4.808998528389147, 52.137543789233845], [4.808957238116972, 52.137501729002345], [4.8087366860628915, 52.13727836160031], [4.808726905233107, 52.13726662903488], [4.808689534127095, 52.13720058056735], [4.808679780756171, 52.137183347382376], [4.808670950835778, 52.137165867057355], [4.808664453237673, 52.13714875769697], [4.808664004042991, 52.137138329235405], [4.808664108821857, 52.13713024041086], [4.808663944763454, 52.137120352636956], [4.808666449379694, 52.137107421979586], [4.808674489252316, 52.13707312666399], [4.808755346545918, 52.13694283544689], [4.808797124499648, 52.13685243972031], [4.808825697557589, 52.13678912345718], [4.808901974234206, 52.13662896900371], [4.8089785795821385, 52.136420819363856], [4.808999344080777, 52.136351352832605], [4.809013837870896, 52.136269811432356], [4.809020526024171, 52.136204500329384], [4.809024156795519, 52.13612713011135], [4.809024013119718, 52.13609647979812], [4.809023837655288, 52.136061515014454], [4.809027493021899, 52.13602737794196], [4.809024462337417, 52.135990691413106], [4.80901982914782, 52.135964962578385], [4.809000004813805, 52.13591668889058], [4.80896677932635, 52.1358430029063], [4.808915459262814, 52.135767969860204], [4.808909236322724, 52.135758987148265], [4.808863840276721, 52.135693474614], [4.808843061919335, 52.13567377855484], [4.808813751818439, 52.13565871449804], [4.808758223850779, 52.13563794920871], [4.808723871079061, 52.13562879258309], [4.80868106105639, 52.13561851588944], [4.808630642184906, 52.13560928043743], [4.808613190009608, 52.13560344241256], [4.808583499432974, 52.13559520743031], [4.808477384191017, 52.13555567824191], [4.808460872683584, 52.135550518921285], [4.808159664248701, 52.13545650758896], [4.808037803732602, 52.13541474354862], [4.807974492026754, 52.13538603008993], [4.807917080880754, 52.135352851496805], [4.807860536154372, 52.135297925790496], [4.807850975817584, 52.13529176688671], [4.8078399269575005, 52.135287757828586], [4.807830034878388, 52.135284653267085], [4.8078113865171845, 52.13528096640468], [4.807696416149143, 52.13524858353552], [4.8076190346902345, 52.13522357578427], [4.807599040123963, 52.135211073878985], [4.807586591410873, 52.135202384076436], [4.807577958777007, 52.13519227491959], [4.807485524940793, 52.135021584956725], [4.807480609961269, 52.13499513561641], [4.807481025241648, 52.13496313981543], [4.807481550651998, 52.13494516608191], [4.807497655228644, 52.1348972484687], [4.807512481698487, 52.13485777344025], [4.8075218496036385, 52.13483373121565], [4.807528747677748, 52.13481992335266], [4.807536141313441, 52.13481294892475], [4.807548788192289, 52.13480635983871], [4.807565830655394, 52.13479871377298], [4.807577958627391, 52.134787088765314], [4.807675610122606, 52.134668205847696], [4.8079369309461635, 52.13440793407903], [4.807984457717517, 52.13434722776014], [4.807996980120944, 52.13432769506671], [4.808013439702195, 52.13429739591483], [4.808019956116562, 52.134267946752644], [4.808021939482619, 52.13425015993761], [4.808021644297853, 52.13422786785479], [4.808022246397328, 52.13420396230927], [4.808022383914705, 52.13419335695728], [4.808021988505473, 52.134178794198654], [4.80800524798412, 52.13405054085156], [4.807996589097996, 52.134019938591656], [4.80799881254302, 52.13398363734767], [4.808023923348726, 52.133759236436326], [4.808028928722585, 52.13368861408154], [4.808064108788041, 52.13354371792616], [4.808069319162573, 52.13345727741286], [4.808092850837401, 52.1333996889645], [4.808129054460841, 52.133333534090916], [4.808257821003504, 52.13318010913529], [4.808305150877126, 52.133089381259424], [4.808312095558553, 52.133026857748874], [4.808318859420669, 52.133000825280625], [4.808327876484748, 52.13298913998586], [4.808275713660172, 52.13296706970385], [4.808244119661823, 52.132953702032424], [4.808260208292923, 52.13288999202829], [4.808276653374469, 52.13282694889482], [4.8082903123683325, 52.132777149621056], [4.808299670265159, 52.13276395599006], [4.808334998898047, 52.1327066500928], [4.808382002060457, 52.132636575371265], [4.8085118901600765, 52.13244145056742], [4.80854074456752, 52.13240132517095], [4.808630124666137, 52.132311522504025], [4.8086816104514964, 52.132261773905995], [4.808688990856641, 52.13225464654127], [4.808702595776318, 52.1322326563226], [4.808727271405035, 52.13217910004791], [4.808750253092794, 52.13212551748387], [4.808805670862112, 52.13204166006633], [4.808824068936103, 52.1319743390755], [4.808844672164144, 52.13193974580215], [4.808877710583222, 52.131892270545855], [4.808882165372847, 52.13188774437889], [4.808846872494517, 52.131813796495145], [4.808840836887997, 52.13180166883375], [4.808823953591806, 52.131767799544455], [4.8088070756179935, 52.13173013727421], [4.808749368267015, 52.13172014705734], [4.808687183984348, 52.13169609534445], [4.808539053878436, 52.131647920185465], [4.808472829457366, 52.131613314410906], [4.8084327901578545, 52.13158563214343], [4.808352428335858, 52.13152621251563], [4.808332748538446, 52.1314613562202], [4.808312440708156, 52.131390870248396], [4.808315313122514, 52.13135179482678], [4.808318130317345, 52.1312820425342], [4.808320896216739, 52.13120948568216], [4.8083472832659435, 52.131134303369585], [4.808349573155668, 52.131127780213326], [4.808349163927225, 52.131097371249254], [4.808348949344596, 52.13108124543156], [4.808345897642033, 52.13099778434754], [4.80834972636154, 52.13097507207327], [4.808352289273816, 52.13095987667919], [4.808359741962531, 52.13089643884555], [4.808364569400534, 52.13085526079606], [4.8083203423723, 52.13074844411659], [4.808313927095951, 52.130732952988495], [4.808298706639206, 52.130695927942945], [4.808298232977904, 52.130695287458515], [4.808266054996047, 52.13065159983962], [4.808194208478621, 52.13055847132978], [4.808152870181294, 52.130504896669095], [4.808035529445227, 52.130363386111526], [4.807996196658536, 52.1303196183402], [4.8080283495206695, 52.13023002941027], [4.808027453522866, 52.13022929696909], [4.8080083327600205, 52.130213770394974], [4.807992145934218, 52.130200622113186], [4.807971825550088, 52.130184127908166], [4.80791046102015, 52.13011057298477], [4.8078777728429145, 52.13007137682956], [4.807819910408681, 52.12993952384304], [4.807790214039816, 52.12985772047877], [4.807788189720136, 52.1297795854006], [4.807787700475361, 52.12977676970132], [4.807784816311529, 52.12976042403582], [4.807797737868454, 52.129720157615886], [4.807808893574902, 52.129685419229666], [4.807827416504323, 52.12962315032866], [4.807895983026744, 52.12946111591564], [4.807897248769844, 52.12945811109708], [4.80793127177304, 52.12936955601887], [4.807938723507691, 52.12935014222635], [4.807974050701276, 52.1292927734882], [4.808052180238106, 52.129146650057066], [4.80806257315791, 52.12912791582314], [4.808071186314123, 52.129112408588945], [4.808075979569781, 52.12908401154344], [4.8080940982613445, 52.129022459664874], [4.8080651248244255, 52.12894798526243], [4.808045656872094, 52.128927738196936], [4.807955810665377, 52.12883428742243], [4.8079198336989295, 52.128796504233854], [4.807898622451934, 52.12877555649191], [4.8077773613559085, 52.12863495214374], [4.807766095660138, 52.128621890918986], [4.807722352718976, 52.128616516797514], [4.807623158273884, 52.12860433577936], [4.807575238865833, 52.128580928792], [4.807504675149798, 52.12854912339684], [4.807482135809714, 52.128529256618556], [4.807355938151942, 52.12842708792937], [4.807331759412971, 52.128407518659195], [4.807278964939236, 52.12838730534462], [4.8071100896527215, 52.12832265885984], [4.807080925004165, 52.12829680924904], [4.807064756184495, 52.1282823486485], [4.807041203818731, 52.1282516730227], [4.807019139813753, 52.1282188475533], [4.806930607881994, 52.12811780743729], [4.806765811018494, 52.12792483845488], [4.8067428801111225, 52.127899190211345], [4.806674303205125, 52.12782250717183], [4.806668876782812, 52.12780741629009], [4.806655204373751, 52.12776944588038], [4.80666356287457, 52.12776231446496], [4.8066681998390886, 52.12775836451877], [4.806678877504377, 52.12774583364001], [4.806682157900829, 52.12774063664859], [4.80668456445262, 52.12773525559249], [4.806686405570065, 52.12772843364612], [4.806686858795791, 52.127716032203395], [4.806685510612596, 52.127707396924926], [4.806681522214377, 52.12769964746777], [4.8066793305546485, 52.12768849135004], [4.806635185379112, 52.1276422276584], [4.806629097676089, 52.12763532174142], [4.806594364996671, 52.12760533700187], [4.806571633661487, 52.1275857027906], [4.806473992816758, 52.127501389393366], [4.806415837260097, 52.127421863318055], [4.806365640775117, 52.12739626947748], [4.8063055751617005, 52.12736595315778], [4.8062452876972035, 52.127330242812235], [4.806128200203726, 52.12726018743479], [4.8060579725801515, 52.12722523695239], [4.805966765336403, 52.12717412117503], [4.80591508003342, 52.127147387292936], [4.8058912160282965, 52.127129544998716], [4.805865553108423, 52.12711078602719], [4.805823895004751, 52.12707775588093], [4.805812271263108, 52.12707320449562], [4.805802983967752, 52.12706866462709], [4.805785752900772, 52.12706295308715], [4.805637798427726, 52.12701392117243], [4.805526547994917, 52.12698023314686], [4.805522517661911, 52.12697908974763], [4.805362412093986, 52.12693352990538], [4.805323326152547, 52.1269172122915], [4.80527128403665, 52.12689550075104], [4.805043614661481, 52.12684606574006], [4.804854211451425, 52.126819837950656], [4.804823831110264, 52.12681572415231], [4.804729512008014, 52.126802962546535], [4.80470982760609, 52.12679950375101], [4.804570856640169, 52.126775088519935], [4.804540158428263, 52.12676959788761], [4.804301798100771, 52.12672707445343], [4.804291298257741, 52.12672594397738], [4.804244335099469, 52.12672019311305], [4.804250658674351, 52.12667764739695], [4.804350848599007, 52.12663887325601], [4.80434621093337, 52.12663615388472], [4.8042988268156, 52.126619021934886], [4.804245903121123, 52.12660114353042], [4.804188308978834, 52.12658306225063], [4.804151707214606, 52.126565561098246], [4.804095879705054, 52.126593391105004], [4.80408029535588, 52.12660140340721], [4.804062082529459, 52.12660940271097], [4.804044481956991, 52.126615247877844], [4.804026596366488, 52.126620552342345], [4.804008453915914, 52.12662315908221], [4.803951927144693, 52.12661281279351], [4.803897767328102, 52.126600141259345], [4.8038454091449525, 52.126583703579065], [4.803803284561084, 52.126566417680884], [4.803756807399195, 52.1265469530735], [4.803719091833707, 52.12652753179505], [4.803667512773008, 52.12649617752224], [4.803595038281076, 52.12646354237736], [4.803497703642576, 52.12641564806592], [4.803474269649137, 52.12640411710171], [4.803426275639863, 52.12636105988746], [4.803416928129172, 52.126351099662415], [4.8034010415046895, 52.126334186173764], [4.803351668082219, 52.12628159463573], [4.803298879944836, 52.12620870884986], [4.803277973798391, 52.126176966969744], [4.8032135041517074, 52.12606937389451], [4.803204313221856, 52.126050794768126], [4.803190827887363, 52.126024473533796], [4.803183664969531, 52.12601050639328], [4.803151210293386, 52.12593276874128], [4.803137885486683, 52.125900875627], [4.803106191349496, 52.12582306083351], [4.80310826429176, 52.125753862155584], [4.8031109307198285, 52.12568394736217], [4.803113826129804, 52.12564454855554], [4.803117322585555, 52.12559715324972], [4.803125948701894, 52.125562861142825], [4.803118621062366, 52.125542511576995], [4.8029968743681595, 52.12540735557257], [4.8029847544049655, 52.12539390315312], [4.802892862687194, 52.12529853277891], [4.802849236539258, 52.12525325890073], [4.8028282879317565, 52.125231520562274], [4.8027795368875195, 52.12518507976472], [4.802725341054957, 52.1251529930437], [4.802664232698961, 52.125113501731576], [4.802600843089514, 52.12505975282001], [4.8025510003660115, 52.125055479036], [4.802439397495928, 52.125045919567654], [4.8024093884893055, 52.1250347422757], [4.802317487856607, 52.12498705367219], [4.802209845729722, 52.124931530117664], [4.802096796482825, 52.12488859903727], [4.802064039905545, 52.124879834832704], [4.802056487337018, 52.124877819961], [4.801980656694714, 52.12485754386925], [4.801864874252256, 52.12484492511052], [4.8018389108832205, 52.124842639082175], [4.8017971726059265, 52.1248406342721], [4.801708378084752, 52.124841272058326], [4.801664541347313, 52.12484339134477], [4.801403678249075, 52.12484748878698], [4.80134081641306, 52.124852749194396], [4.801152507424472, 52.1248530090076], [4.801150521429103, 52.124853008126685], [4.801134895208137, 52.12485531234098], [4.800783099026846, 52.12490725895394], [4.800772602717111, 52.12490812355539], [4.800757910779558, 52.12490933580788], [4.800732733866041, 52.124914998995614], [4.800676185290402, 52.124923220589885], [4.800620004636211, 52.12493344835066], [4.800589388935521, 52.1249418258504], [4.800553638723009, 52.12494976434518], [4.8005264706222945, 52.12495804213196], [4.800513538956931, 52.12496198652854], [4.800467232661966, 52.12497533729526], [4.80042128257319, 52.12498824939541], [4.8003892291591805, 52.12500157217588], [4.800369545565997, 52.12500814346112], [4.800269200860691, 52.12498979358877], [4.800249707274457, 52.12498412390152], [4.800215291233103, 52.12498053710194], [4.800136173941358, 52.12497816589017], [4.800106625777103, 52.124981973596434], [4.800021732910943, 52.12499683085763], [4.7996423698811705, 52.1250616337243], [4.79950131475853, 52.12508304180784], [4.799272388961888, 52.1251236059287], [4.799272902084992, 52.125129001393695], [4.79925777234252, 52.12519787428264], [4.799158442408665, 52.12521115792366], [4.799132754181679, 52.12521458915306], [4.799065470319817, 52.12522512932479], [4.79886711329878, 52.125253072902005], [4.798820126986186, 52.12525922908879], [4.798762579072655, 52.125266761680194], [4.798722263396963, 52.12527203431711], [4.798429792684405, 52.125300783827356], [4.79842531967939, 52.12530112102352], [4.798418683182686, 52.12530162718201], [4.798405543588588, 52.12530138181881], [4.798393569800145, 52.12530132203822], [4.798381299230135, 52.1253016203018], [4.79835765554231, 52.12530060343397], [4.79834161683512, 52.12529872571628], [4.79808358810267, 52.12519838733587], [4.798031589110635, 52.12516939236497], [4.798007785802915, 52.12515612374113], [4.797927877703238, 52.125112940763806], [4.797807971225044, 52.12508088294614], [4.79775103046555, 52.12510216999257], [4.797728168160541, 52.12510834744699], [4.797721142543145, 52.12510957067555], [4.7976954523045166, 52.12510872320858], [4.79767327369025, 52.125107353999184], [4.79757477425696, 52.12506875169834], [4.797533668813385, 52.12503096660004], [4.797517350643784, 52.12501597361829], [4.797486659305772, 52.12492935386457], [4.7974906962231145, 52.12490341618735], [4.797456686260133, 52.12488899985522], [4.797289396087897, 52.12481807334877], [4.797243086349546, 52.1247984452021], [4.797182734251964, 52.12477285952619], [4.797127852028116, 52.12474222286543], [4.797104135042905, 52.12472466712636], [4.797100086845665, 52.12472159088919], [4.797096919516533, 52.12471815953227], [4.797083400322029, 52.12470465455555], [4.7970799123453185, 52.1247011766528], [4.797075782476128, 52.12469875614326], [4.797070927969072, 52.12469591855126], [4.797051482405145, 52.12468665330116], [4.796998936684163, 52.124662661548655], [4.796993122016412, 52.12466065504894], [4.796981734855501, 52.12466041829665], [4.796978332596861, 52.124660401269296], [4.7969694692020015, 52.12466035691012], [4.796952540417458, 52.12465955312927], [4.796913711056703, 52.124658459965985], [4.796901134365252, 52.12465983512447], [4.7968906897422565, 52.124676680624184], [4.7968862664007235, 52.124679894228215], [4.796875107149614, 52.12468451222392], [4.796861371791831, 52.124685162523875], [4.796837137261565, 52.12468468168299], [4.796765169640552, 52.12469384886826], [4.796751740570998, 52.124693422107235], [4.796738909834219, 52.12469191975868], [4.796705137775561, 52.12468384106642], [4.796659854116033, 52.12466615927351], [4.796642551317914, 52.1246594033996], [4.796619907651039, 52.12465236012014], [4.796611545380182, 52.124649756612015], [4.796440810263276, 52.12457447933582], [4.796433678858542, 52.12457155840616], [4.796403967386027, 52.12456120798165], [4.796229826763718, 52.124500564071646], [4.796145329515319, 52.1244711357569], [4.796019535816058, 52.124427335000114], [4.795818190673939, 52.12439761725722], [4.795633542919858, 52.12437736658926], [4.79558456393319, 52.12437082916549], [4.795568808194194, 52.124369671542844], [4.795521257958178, 52.124369927337774], [4.795508349309648, 52.12436990751386], [4.79549667257444, 52.12436948940128], [4.795477626418281, 52.124368692760996], [4.795477115590892, 52.124368672221514], [4.7954535010339026, 52.124365497751626], [4.7953439385740975, 52.12434655813031], [4.795268352243648, 52.12433348745416], [4.795238484880938, 52.124328322132705], [4.795203489104672, 52.124322268194646], [4.795059775686781, 52.124301862573894], [4.7949764484974065, 52.124286703536974], [4.794957793880229, 52.1242839134022], [4.794914090821008, 52.1242759640849], [4.794818058632286, 52.12425755032225], [4.7946714249323295, 52.12422944466136], [4.794604454010668, 52.12421752239077], [4.794408021896226, 52.124180852089346], [4.794373294905541, 52.12417436782216], [4.794300242778729, 52.12416844587946], [4.794226725485939, 52.124144760902446], [4.794080085712064, 52.124113868135545], [4.7940525052228065, 52.12410805787661], [4.793913845740655, 52.12407884088868], [4.793813412371225, 52.12407191802602], [4.793692977011062, 52.1240361322285], [4.793689050654168, 52.12403489906366], [4.793490841428945, 52.123972736782214], [4.7934307036554245, 52.12394884901647], [4.793384510972, 52.12393049625382], [4.793238486519699, 52.123875382376106], [4.793172015151634, 52.12384792123303], [4.793125062651891, 52.12382852191104], [4.793113433883305, 52.12382450852961], [4.793102410695508, 52.123818880324556], [4.792995898520459, 52.123746438226], [4.792905366057293, 52.12366051338657], [4.792895805200681, 52.12365144106799], [4.7928534226775525, 52.12361125701774], [4.792628901079356, 52.12342192164807], [4.792623095959155, 52.123417029771836], [4.792596840484361, 52.1233928989396], [4.792571510259709, 52.12337605319699], [4.79253516295384, 52.123342164224646], [4.792461812666815, 52.123279775850015], [4.792424360812529, 52.12324111753346], [4.792370200931705, 52.12318951283751], [4.7923534164818395, 52.123173528075675], [4.792345364100412, 52.12316413974513], [4.792325817672999, 52.12313076688366], [4.7923048149545036, 52.123094905932994], [4.79229235916167, 52.12307296585403], [4.792212359061395, 52.122932112858024], [4.79219592307636, 52.12279786327132], [4.792188625887818, 52.12276247591515], [4.792144908301755, 52.122580334426594], [4.792089217954878, 52.122441994850796], [4.792084459419466, 52.12243089739057], [4.792060911269318, 52.12238117274841], [4.792042722601054, 52.122311683160284], [4.792082773564297, 52.12230531491674], [4.792080179629929, 52.122287379380666], [4.792379505682025, 52.12226023519684], [4.792505557752434, 52.122209296707844], [4.792530956031548, 52.12219903444047], [4.792727755677445, 52.12211951048546], [4.792855377761555, 52.12206794137717], [4.7929020192809855, 52.12204909451506], [4.792992586298187, 52.12201249259745], [4.793038229449848, 52.121994045119635], [4.7931380327837285, 52.12194805202968], [4.793246959799105, 52.12189784440748], [4.793453689090172, 52.121803817381924], [4.793483292160951, 52.12179026842785], [4.793608979622104, 52.12172810967079], [4.79370074263642, 52.121682722784584], [4.793852989599999, 52.12160743086881], [4.793883621248062, 52.12159227810438], [4.7939532772306475, 52.12155782627723], [4.794162199875217, 52.12146223611594], [4.794298867339084, 52.12140438325571], [4.794464109191122, 52.12133450385951], [4.794488079095744, 52.12132397333551], [4.794594386240284, 52.12127730164003], [4.7946897329416345, 52.12123460148776], [4.794691569130671, 52.12123377481212], [4.7947452555924315, 52.12120877874751], [4.794729951617999, 52.121193457894655], [4.795216936184817, 52.12097855119385], [4.795366826391358, 52.120913249353364], [4.7952801553491815, 52.120836837198475], [4.79547033883672, 52.120748889497236], [4.795478536721581, 52.12074510166463], [4.795522523348179, 52.12072476638612], [4.795626974535896, 52.120678021534275], [4.79584491547454, 52.120580055821726], [4.795938645695564, 52.12053793078993], [4.796499020570505, 52.12028314664845], [4.796708011815208, 52.12018812758312], [4.7969384345034, 52.12008335538281], [4.797116575666389, 52.12000236453424], [4.797298833990178, 52.11992356915468], [4.797388247956379, 52.11988411783999], [4.79743831634107, 52.119860864142794], [4.797972625813812, 52.11961269279484], [4.797999422708574, 52.11960024322533], [4.798508008516726, 52.11937681124562], [4.798578032349589, 52.11934604369112], [4.7986845363443384, 52.119299261447914], [4.798774231063173, 52.119253824355006], [4.7988166534632475, 52.11923673377119], [4.799258532916061, 52.11903663161076], [4.7995037473548585, 52.11892533083695], [4.799548371818668, 52.118905069147175], [4.800077192610604, 52.11866503121216], [4.800231128567667, 52.118595159381904], [4.800357829667569, 52.11853668366348], [4.800635674756436, 52.11840845638476], [4.800717908616962, 52.118370503820145], [4.800972644545372, 52.11825294663967], [4.801322127756971, 52.11809164679804], [4.801431518802752, 52.118041371034884], [4.802043557778148, 52.11776006843593], [4.802372872229676, 52.117610853389394], [4.802577530349873, 52.11751813041403], [4.802835797420165, 52.117401108046394], [4.8028744697006225, 52.11738359295603], [4.803188909388142, 52.11724041389737], [4.8036127373753015, 52.11704775616025], [4.803641231275404, 52.11703481037385], [4.803929099752185, 52.11690568121005], [4.803985421868879, 52.11688042434709], [4.804636554545007, 52.11658814735038], [4.804840342749591, 52.1164953532484], [4.804934143097695, 52.116452133871114], [4.80515208948209, 52.116351706266705], [4.805389755396334, 52.11624263904166], [4.8061493062253025, 52.11589406529509], [4.806442570768573, 52.11576089394865], [4.806563001367186, 52.11570620967418], [4.806891718719712, 52.11555903741268], [4.807215572957026, 52.1154140514129], [4.807239686056205, 52.11540325835422], [4.807485926227104, 52.115288584510864], [4.807738595373432, 52.11517229691049], [4.807837784982862, 52.11512624347284], [4.808142447256667, 52.114984764902005], [4.808406113189301, 52.11486232803012], [4.808630884046665, 52.11475906927588], [4.809057407809216, 52.11456541657334], [4.809478934600181, 52.11437403882739], [4.809532037417708, 52.114348862422716], [4.809589884916402, 52.11432143522504], [4.810213321032183, 52.114025774108164], [4.810433100871205, 52.113925103071836], [4.811191761653387, 52.11357941377957], [4.811289552469798, 52.11353486063197], [4.811776227702097, 52.113313107214665], [4.811973069779844, 52.113223421789854], [4.812385622266699, 52.11303543238837], [4.812800826325172, 52.11284532426572], [4.812977551483562, 52.11276436557047], [4.813329458082932, 52.1126031409538], [4.813364482629759, 52.112587096722265], [4.8141809667007, 52.11221301532393], [4.814360212676669, 52.11213089835062], [4.814402578514412, 52.1121115278955], [4.814931187513237, 52.111869759764595], [4.81499058666209, 52.111842634068644], [4.815471137051661, 52.111623181653066], [4.815695294393283, 52.11152081431673], [4.815844457913855, 52.111452696689575], [4.816175514880681, 52.1113015012534], [4.8166271951069835, 52.11109441588144], [4.816707313142358, 52.11105769132908], [4.8170132963054355, 52.1109169872783], [4.817343433390672, 52.110765181918566], [4.817652085086154, 52.11062324874372], [4.817816388267701, 52.11054768763734], [4.8179828053918605, 52.11047115679583], [4.818188726135433, 52.110378466855515], [4.818268319144714, 52.11034264651966], [4.818444418892127, 52.11026338439986], [4.819059368416609, 52.10998658285219], [4.819086443395717, 52.10997660160075], [4.819153133440331, 52.109952016649686], [4.819334923704003, 52.10987042571531], [4.819396723221758, 52.10984238358555], [4.81967739840633, 52.10971145575131], [4.820001327241677, 52.109563154441126], [4.820210606054246, 52.10946745710639], [4.820505365543853, 52.10933290988006], [4.820728662158275, 52.10923097828354], [4.820868618477545, 52.109167088465725], [4.821003772851949, 52.10910541348161], [4.821256631220148, 52.10900551036351], [4.821582648911583, 52.108873582240065], [4.821987896866376, 52.10869695730165], [4.822421730929359, 52.108496658203194], [4.822446017126052, 52.108485440431124], [4.822616049128184, 52.1084069340005], [4.822764819242743, 52.10833824850026], [4.823045634065156, 52.10820859865731], [4.82312282309244, 52.108172952305964], [4.823429492559841, 52.1080313630966], [4.823534095598098, 52.10798525048479], [4.823593281581836, 52.10795915309385], [4.823765936005725, 52.107883048404645], [4.8240998925045115, 52.107723395763216], [4.824240414004204, 52.107654435319894], [4.824362338852047, 52.10759005080462], [4.824469098694033, 52.10754058608046], [4.8248572930452145, 52.107363564323016], [4.824912213951092, 52.1073387132642], [4.825023376824279, 52.10728841516062], [4.825102652901593, 52.10725254377646], [4.825314741101429, 52.1071510893818], [4.825346991044983, 52.10712515935211], [4.825363889464472, 52.107108144347364], [4.825379801010051, 52.107087187811686], [4.82538346027435, 52.10707710252638], [4.825388510061809, 52.10706323085197], [4.825388390105325, 52.10704141595049], [4.8253838452468765, 52.107020919203734], [4.825372155357493, 52.10699517526083], [4.825332285431467, 52.10690732347561], [4.825290455771542, 52.10682326433854], [4.82525329180875, 52.10675590051076], [4.825218584241261, 52.106691703232514], [4.825167596362848, 52.10659653593491], [4.825150604833427, 52.10656523895898], [4.825116565269607, 52.106502500918666], [4.825050023939598, 52.106389408873085], [4.825049838598686, 52.10638905745004], [4.824987475064749, 52.10628038949793], [4.8249414598468245, 52.106196130501544], [4.824933020629677, 52.10618470222028], [4.824881308695299, 52.10611469826247], [4.824784265858452, 52.10597223098587], [4.824716912933255, 52.10587040605483], [4.824477871442106, 52.10550900076361], [4.82438949402095, 52.105403075538476], [4.824320522532217, 52.10539052233261], [4.824289755211206, 52.105382223149], [4.824260235664197, 52.10537452313575], [4.824236168692699, 52.10536966245461], [4.824204654841837, 52.10536732784237], [4.824088871984366, 52.105364060460985], [4.824088370135484, 52.105340167454074], [4.824012162020235, 52.10534590642326], [4.823981751357755, 52.105344062383445], [4.823770752316634, 52.1053132134311], [4.823595859982439, 52.10528511632114], [4.8235042039605105, 52.10527039589662], [4.823055886140577, 52.105192804673514], [4.82305591346689, 52.10518716920835], [4.823056417620993, 52.10516919523808], [4.823056625234205, 52.10516199669025], [4.82305694612424, 52.1051504483998], [4.823104856337322, 52.10339062774172], [4.823142756293212, 52.10213355836848], [4.823155329753031, 52.10176166001266], [4.8231890543866704, 52.10037949056099], [4.823214860875308, 52.099590180525944], [4.823246488962324, 52.098064989282236], [4.823249854214305, 52.0978490818126], [4.823251655733083, 52.097734014481894], [4.823277489568806, 52.09738436217598], [4.823303887309959, 52.09673305046827], [4.823318796642442, 52.09606226022558], [4.823335203623791, 52.09532473964914], [4.823341746735554, 52.0950303532837], [4.823344844094554, 52.09489118573045], [4.823347613283063, 52.094766469639964], [4.823362815744331, 52.09395079068502], [4.823362866400653, 52.09374654289947], [4.8233629059276915, 52.09362419560444], [4.823362926614563, 52.09356468477889], [4.823356232450169, 52.0934254883336], [4.823347903181704, 52.09336852616915], [4.823394703790609, 52.092801216558655], [4.823488148437115, 52.09203529277762], [4.823531159631189, 52.09168271120973], [4.823620752947279, 52.09113403183114], [4.823637384805023, 52.09106710423609], [4.823687489729993, 52.090802200532366], [4.8239793819342305, 52.08913275879192], [4.824105708034662, 52.08846793788877], [4.824129913372309, 52.088294185495094], [4.824232421528734, 52.08777087791289], [4.824489789658501, 52.08638726542516], [4.824564408325595, 52.085978702683626], [4.82459592149423, 52.085752646625394], [4.824611305582421, 52.08566632530359], [4.824641451782999, 52.085544283353286], [4.82468119470048, 52.08531925524366], [4.824700013093061, 52.085212735791686], [4.824718919180301, 52.08509575446659], [4.824731023184642, 52.08502078756515], [4.824758051121804, 52.08485427496005], [4.824792448087606, 52.08464239801088], [4.824856052387339, 52.084355168345084], [4.824858044838983, 52.0843452278919], [4.8248919407378414, 52.084161535567944], [4.824918361446423, 52.08405252664527], [4.8249636122699355, 52.08383363666319], [4.824997857711356, 52.08352919820098], [4.825032656754542, 52.08335829137574], [4.825061860084566, 52.083206574665034], [4.825095244664603, 52.0830413775768], [4.825118224451685, 52.082948360206075], [4.825125339167796, 52.082909268406745], [4.825196586625201, 52.08253005352268], [4.825208448233289, 52.08246613191638], [4.825237141371242, 52.08229222078963], [4.825353634386795, 52.081586023211294], [4.825365933857393, 52.08152320922], [4.825527625208471, 52.08074441324989], [4.825542647186209, 52.08066341105295], [4.825556448904183, 52.08058896444224], [4.8255718783749755, 52.08050570813733], [4.825582597958216, 52.080447839097864], [4.825615911495098, 52.08026822435082], [4.825622327531359, 52.080233587338256], [4.825637235035607, 52.08005940364261], [4.825637072146537, 52.080053785225346], [4.825634343529478, 52.07995853298247], [4.825629043009988, 52.07977414123271], [4.825689930379946, 52.07976399601928], [4.825746117319756, 52.0797540890399], [4.825806732361518, 52.079741228024595], [4.825885217242003, 52.07972260974487], [4.825960118911144, 52.079704711383435], [4.8260231573336965, 52.07968821257811], [4.82610051000874, 52.079664474463634], [4.826275512044066, 52.07960614702935], [4.826324327581846, 52.07958958036733], [4.826379120511294, 52.079568655875846], [4.826492611217977, 52.07952717593587], [4.826484202940563, 52.07933788883066], [4.8264841450987275, 52.079336684133146], [4.826481218711454, 52.07927103818153], [4.826480503941851, 52.07925473912638], [4.826478309172463, 52.07920521254477], [4.826478273183413, 52.079204592185945], [4.826276902781441, 52.07467114827292], [4.826275687671352, 52.07464357557838], [4.826310416612914, 52.07464487339934], [4.826418335699976, 52.07464891938525], [4.826433958581976, 52.0746279163235], [4.826465759283665, 52.074624265624415], [4.826527530991665, 52.0746232921993], [4.82659822171611, 52.07462528234761], [4.826697280246364, 52.074633339618956], [4.826914205948232, 52.07464544470541], [4.827048449403801, 52.0746486804953], [4.827187725547008, 52.07465422305975], [4.827323656278671, 52.07466134048228], [4.827444736633847, 52.074669726455426], [4.8275143949495, 52.074674964889674], [4.827563817837191, 52.07468051165617], [4.827684557188411, 52.07469517853723], [4.827802328499819, 52.07470574155941], [4.827960214538088, 52.07472435055621], [4.82818259508134, 52.07474823579801], [4.828309274552247, 52.07476733444924], [4.828358903848674, 52.074775057012374], [4.828365251223475, 52.074776048853934], [4.828426180444252, 52.07478648549135], [4.828448217479302, 52.07479025718078], [4.828472117566504, 52.07479435228751], [4.828492466140776, 52.07479783732796], [4.828510092793019, 52.074800860048704], [4.82853312077103, 52.07480704526629], [4.828625311847172, 52.074824281293324], [4.828755111854896, 52.074846998535605], [4.828881880145255, 52.07486486560231], [4.829042205043422, 52.07488332291191], [4.829185508989273, 52.07489931752444], [4.8291988592604005, 52.0749002076578], [4.829311549065803, 52.07490776101364], [4.829476785119473, 52.0749207581602], [4.829647965984386, 52.07492843520448], [4.829851173252598, 52.07493893298061], [4.830033480388915, 52.07494571832241], [4.830204969122061, 52.074950942225485], [4.830326117859331, 52.07495511007588], [4.830448773685854, 52.07496242181401], [4.830554611387336, 52.07496853944262], [4.830585552758595, 52.074969467569915], [4.830605237347737, 52.07497006388655], [4.830609713739545, 52.07497020187632], [4.830623405459794, 52.074970617084595], [4.830634414172833, 52.074970956701996], [4.830649379263573, 52.074954605884756], [4.830664087005304, 52.0749343170056], [4.830781883552103, 52.07465791893857], [4.830813733973328, 52.07457633934711], [4.8308196243751, 52.074544872399784], [4.830865957196467, 52.074465787991876], [4.830892475048141, 52.07437313666713], [4.830892535625477, 52.07437295718852], [4.830894213234585, 52.07436707781731], [4.830897844453917, 52.074353064331845], [4.831022358029812, 52.07437038814892], [4.831159219849716, 52.07439293833264], [4.831307370630057, 52.074419100949484], [4.831398696965835, 52.074436690256384], [4.83148763099242, 52.07445429517538], [4.831708965856159, 52.07450252693104], [4.831935129206582, 52.074554295418245], [4.832267314322076, 52.074637320505055], [4.832350724294603, 52.074658170471366], [4.832627480407151, 52.07472954545584], [4.832751196995673, 52.0747654153921], [4.832839382983171, 52.07479168940683], [4.832950391799914, 52.074820749191865], [4.832994402322324, 52.07482877593682], [4.833021841171757, 52.07482983975216], [4.833045259568278, 52.074826929834614], [4.8330610281916915, 52.074815112559335], [4.833071992834852, 52.074797807849684], [4.833072395315336, 52.0747653083086], [4.83306515918587, 52.07469826703937], [4.83303411321445, 52.07453502065089], [4.8329194057722, 52.074035670406964], [4.832853430254427, 52.07375321054536], [4.832843097380674, 52.07369010051547], [4.832790483519221, 52.07336881138337], [4.832761314963758, 52.07323666400539], [4.832749603945829, 52.07318356036629], [4.832706673876812, 52.073026091290394], [4.83270300436568, 52.073012645606255], [4.832701954920225, 52.07300787690556], [4.832694981780376, 52.07297617855476], [4.8326925240604295, 52.072964994618374], [4.832665861412448, 52.07284371678194], [4.83294385077565, 52.072824082053856], [4.833147191989667, 52.07281126832382], [4.833560100005351, 52.072784644403136], [4.833890682306362, 52.07276173114087], [4.833969359758169, 52.0727557638394], [4.834015314340414, 52.07274914852277], [4.834035388545845, 52.07273585029404], [4.834030557216229, 52.0727101662161], [4.834023614667984, 52.072699518525226], [4.8340232567074235, 52.07269897755099], [4.833897216498732, 52.072543527577984], [4.833622048746902, 52.072191415567104], [4.833353682711326, 52.071816873256196], [4.833254616116615, 52.07168262673955], [4.833109433815529, 52.07145741809935], [4.833000437045291, 52.071318378875084], [4.832796972821636, 52.07105440808896], [4.832648215622774, 52.07085556249163], [4.8326210124394136, 52.070819202893986], [4.832398944096432, 52.0704985898516], [4.83235024707711, 52.070427766964514], [4.832101592422929, 52.07007553336057], [4.831920539158985, 52.0698317462658], [4.831597752400639, 52.06942225765002], [4.831234661669481, 52.06890105189081], [4.831147426180802, 52.068775811606024], [4.830875204266448, 52.06844960184108], [4.830755369384071, 52.068305988171346], [4.83054505418863, 52.06799463088315], [4.830332670703816, 52.06767391565009], [4.830153522723809, 52.067394604173195], [4.830017486955992, 52.06718563152524], [4.829807903191146, 52.066823402842914], [4.829887769786683, 52.06684412102102], [4.830110986789926, 52.06690201823977], [4.830487122356622, 52.066986550739536], [4.830762921279278, 52.06704758036854], [4.830766382813957, 52.06704834273932], [4.831356461226275, 52.06717936307952], [4.832467874025233, 52.06742645635051], [4.832731846585594, 52.06748544825662], [4.83305899897416, 52.06755856062539], [4.833375986090229, 52.067629404207885], [4.833885495323669, 52.06774321610495], [4.834169849674477, 52.067806623824225], [4.834175812800227, 52.06780795510627], [4.834718440222223, 52.06791760446268], [4.83545099983064, 52.06807837608528], [4.836098578458369, 52.06820974066448], [4.836699671769179, 52.068333478195136], [4.8369102376339965, 52.068376598604566], [4.8371389874565764, 52.06842355161784], [4.8374419168116045, 52.06847152442055], [4.838227687287219, 52.06859407528616], [4.838864531377663, 52.06869339445278], [4.839129207704271, 52.06873431787432], [4.8391402574360125, 52.068735951198335], [4.839143955227227, 52.06873649870317], [4.839244101994122, 52.0687512737265], [4.839556006763689, 52.068787211617376], [4.839754734503882, 52.06881246621476], [4.839870721003669, 52.068827206435095], [4.840265402738905, 52.068868461452084], [4.840352915622367, 52.06887761317219], [4.840376439874552, 52.06888006827191], [4.840427990493283, 52.06888654532406], [4.840448249199455, 52.06888769095103], [4.8406209146531785, 52.06889745327343], [4.84144887393253, 52.06895473497082], [4.841673026721804, 52.06897024399155], [4.841808083887287, 52.068979587769306], [4.84186874884756, 52.06898378741198], [4.842011520425552, 52.068993211599526], [4.8421902166226, 52.06900483312103], [4.842203785799471, 52.06900558797532], [4.842217588291956, 52.069005148472485], [4.842262179053055, 52.06900591196897], [4.842318231115018, 52.06900686327193], [4.842481266734672, 52.069006232880675], [4.842781234162816, 52.06900953368551], [4.8430747530511375, 52.06901061082051], [4.8435409478529055, 52.06901707703127], [4.843593050232359, 52.06901780277496], [4.84381955453956, 52.06901870369489], [4.843934860463698, 52.06902117682379], [4.844797600707214, 52.06903114645358], [4.844860204192196, 52.069031866045016], [4.8449292643023085, 52.06903535672674], [4.8449747798101415, 52.0690356380875], [4.845095487662767, 52.069037658561456], [4.8453575385420935, 52.0690382706431], [4.845599113610938, 52.06903758360705], [4.845750254470633, 52.06903401778523], [4.845761750506091, 52.06903374703344], [4.845798850001368, 52.06903287486391], [4.845873486831094, 52.06903110553663], [4.845816209538132, 52.06911454975831], [4.845920973088062, 52.069119264502724], [4.846198824642826, 52.06912550201702], [4.846506796388065, 52.069132730971624], [4.846755264924476, 52.0691349224625], [4.846800533608418, 52.06907472919126], [4.847107698948134, 52.069089538941235], [4.847471213650314, 52.06909761316761], [4.8477832060930375, 52.06910039005289], [4.848042699112021, 52.06910270120179], [4.8480991399652265, 52.0691052963776], [4.848120608202709, 52.06910412725534], [4.848136026640923, 52.06910514155643], [4.848204039868087, 52.069109605244435], [4.848226176880671, 52.06910982334896], [4.848419684274296, 52.069110070135665], [4.848484674616166, 52.069111221160625], [4.848867500749216, 52.06911801315363], [4.849212677957125, 52.06912164792488], [4.849275437210601, 52.069121556940125], [4.849976581326053, 52.069120585128836], [4.849994636575192, 52.06912064047983], [4.850072934181138, 52.06911886720488], [4.850074261751722, 52.069118837303485], [4.850169453168691, 52.06911667358336], [4.850224065407063, 52.0691173089617], [4.8505290258523255, 52.06911785340114], [4.850785605712963, 52.06911743079508], [4.851017155837515, 52.06911111431047], [4.85123066039355, 52.069105146726294], [4.851422742689069, 52.06909651072012], [4.851606491477132, 52.069090775672116], [4.851606943794381, 52.0690907597516], [4.852049142908194, 52.069076958578975], [4.852502998316747, 52.06906775668226], [4.852713242653744, 52.06906118738354], [4.852766498943624, 52.06900560308166], [4.852799019909437, 52.06897164925499], [4.852806950738452, 52.06896337111577], [4.852811721330835, 52.06895836833397], [4.852885673043899, 52.06888079376654], [4.8533867244727285, 52.06905236689262], [4.853493683661053, 52.06891827072582], [4.853621810075496, 52.06895618806277], [4.853959896654943, 52.06890609016142], [4.854083988890751, 52.06888968189466], [4.854405240694074, 52.06884719148124], [4.854462782757841, 52.06884059363511], [4.854687909851558, 52.06882356289286], [4.854692683371821, 52.06882319797168], [4.854777949059968, 52.06881674323251], [4.85485757413713, 52.068817336680176], [4.855064080549831, 52.068814674156435], [4.855446739190134, 52.068812096265304], [4.8556054327514815, 52.06881225503427], [4.855608480884245, 52.06881225979742], [4.855729240234834, 52.06881238208097], [4.855744266410339, 52.068812045383496], [4.856064016473979, 52.06881111420594], [4.85611949802477, 52.06881220916983], [4.856174549208413, 52.06881761651459], [4.8562070004325095, 52.06882249954703], [4.856288135442672, 52.068834738579], [4.856713565403989, 52.06890767955968], [4.857063366085511, 52.068970301839755], [4.8571617657625294, 52.068984118973894], [4.857165187447503, 52.06898460175277], [4.857237145467683, 52.06899469560543], [4.857255972143076, 52.06899734192073], [4.857265897513446, 52.06899791686356], [4.857352435736361, 52.068999771100245], [4.857725203490122, 52.068997518832994], [4.85900486578318, 52.069013490513186], [4.859109378937822, 52.06901479485534], [4.8600345451605556, 52.06903333662027], [4.860839022959004, 52.069049453529956], [4.861323937909363, 52.06905916873269], [4.861505139483681, 52.06906279956865], [4.862023248059706, 52.06906518177679], [4.862159678783986, 52.0690647291474], [4.8622630446310255, 52.069064389723174], [4.862290714356435, 52.06906293105873], [4.8623735704555315, 52.069050464948795], [4.862485574375234, 52.0690336164939], [4.862547454808508, 52.06902262979371], [4.862708523042463, 52.068994449714516], [4.862836586396127, 52.06896872014297], [4.862885920272759, 52.06895803696115], [4.86294280932706, 52.068944834719076], [4.86299429887017, 52.068928165941756], [4.8630461411828305, 52.068912505391545], [4.863124817328884, 52.06888206170251], [4.863828193491478, 52.068626219404315], [4.864039980272276, 52.068553492460936], [4.864187934903496, 52.06859515350741], [4.864219116121703, 52.068603938568046], [4.864249163490976, 52.068612404000746], [4.864250762563743, 52.06861285152009], [4.864184149353909, 52.068696937251836], [4.8639019431716735, 52.06905318165736], [4.863974847480028, 52.06905482666781], [4.8643839894874725, 52.06905257102564], [4.864821318878561, 52.0690494771859], [4.865038546203157, 52.069049244555515], [4.865402337199714, 52.06904884270486], [4.865560083074823, 52.069047788431234], [4.865747190313801, 52.06904653131876], [4.865800809898632, 52.06904474624066], [4.865925397015323, 52.06904059661627], [4.866176135848663, 52.069031944362024], [4.866507233705198, 52.0690210041606], [4.866532697070356, 52.06901862694092], [4.866609665905822, 52.06901440099932], [4.866748206814875, 52.069006797759826], [4.867025961949238, 52.06900140889542], [4.867352094152149, 52.068987253583636], [4.867436641464026, 52.06898475031995], [4.867504483481913, 52.068982748565794], [4.867566455395187, 52.06898386676148], [4.867843769893544, 52.0689762089963], [4.868109916480516, 52.06896442972069], [4.868517877865703, 52.06895194391155], [4.8698135571286505, 52.06891228555824], [4.869904174504336, 52.06890951056547], [4.870313201918464, 52.06890439355619], [4.8707164605062045, 52.06889363220864], [4.871097368375581, 52.06888346368204], [4.871097893603633, 52.068883448006055], [4.8711810953796295, 52.06888123277373], [4.8712110654152445, 52.068881355025816], [4.871569240854896, 52.068874527913515], [4.872026916395389, 52.06886483609492], [4.872180378895701, 52.06886077913317], [4.872340464838818, 52.06885654418294], [4.872666714755027, 52.06885219879487], [4.872736222354572, 52.06885243936646], [4.872737041222787, 52.068852254189146], [4.8728055632033564, 52.06883673408189], [4.873146753526867, 52.06875949527292], [4.873147338430283, 52.068759363001384], [4.873200411814851, 52.06874539314768], [4.873076075892896, 52.06860339424942], [4.872759047194693, 52.06827134325662], [4.872605821041598, 52.06810662134308], [4.872424532540091, 52.0679117470106], [4.8723556134710915, 52.06783765267456], [4.872087506721264, 52.067555383545454], [4.872078755831646, 52.06754274381428], [4.872056907878042, 52.06752000699009], [4.872036186379358, 52.06750077150171], [4.872000728320607, 52.06746690168289], [4.871651097385878, 52.06709631638302], [4.87146894969062, 52.06690078062496], [4.871322803299959, 52.06674389872466], [4.871120176430479, 52.066528669446726], [4.870777352325832, 52.06616978696065], [4.870472008376458, 52.06583283727363], [4.870270487466981, 52.06562483785538], [4.870206245414982, 52.06556687860669], [4.870190212825209, 52.06554713305109], [4.870177999549345, 52.065526262748435], [4.870135257297326, 52.06547179534331], [4.870005400520443, 52.06533340008657], [4.869964282208364, 52.06529366244615], [4.869924447705056, 52.06525515282472], [4.869848116329632, 52.06517706062033], [4.86968362138024, 52.0650087708882], [4.869484052274548, 52.06478017764928], [4.869461375571125, 52.06475745466072], [4.869396670808676, 52.06468296358691], [4.869316464124455, 52.06460344284416], [4.869271590231998, 52.06455817866784], [4.869258443777553, 52.06454491718464], [4.869124459118776, 52.06441461913737], [4.868898153794107, 52.06417059137894], [4.868640547036382, 52.06389962253759], [4.868381292812852, 52.063620080082416], [4.868242127763842, 52.063466640478744], [4.868225038756269, 52.06344633272144], [4.8681949830066555, 52.06341241360627], [4.86809560258099, 52.063306633839794], [4.8679842953741, 52.06318815500006], [4.867868234984937, 52.06306463068419], [4.867858338946185, 52.06305408882087], [4.867813626612878, 52.063036634342204], [4.867752511347085, 52.063018954732364], [4.86770334309212, 52.063004725315075], [4.8676816003137295, 52.06299843656128], [4.867576985275135, 52.06296816130084], [4.867538986816557, 52.062953990063065], [4.867371355576824, 52.06289145657068], [4.86726592750052, 52.06285086795283], [4.867140653844059, 52.06280264153732], [4.867056567174756, 52.06277027228133], [4.8670560880605755, 52.06277009040175], [4.866967631687184, 52.062736038969646], [4.8669278968502505, 52.06272073633832], [4.86684809312846, 52.06269002170104], [4.866671715570851, 52.06263239210004], [4.866360670185121, 52.062506917111314], [4.86629095730763, 52.06247879935551], [4.86618064707964, 52.06243686690388], [4.866100350832533, 52.06240721018799], [4.8660428237648095, 52.062384575066], [4.865995776202877, 52.06236866452476], [4.865784171794881, 52.06229708082247], [4.865539374933111, 52.062220783762555], [4.865478313369196, 52.06220117073358], [4.865322313022776, 52.06214713473384], [4.865191414338872, 52.06210518205803], [4.865163513510494, 52.06209682522545], [4.864828849780819, 52.06199657931657], [4.86446779512167, 52.061898687128334], [4.864302357107032, 52.06185382981652], [4.864008573620797, 52.06178333425031], [4.863541189025134, 52.061684131088896], [4.86320959853509, 52.0616520339643], [4.863074957225512, 52.06164606012938], [4.862934119263175, 52.06163379377273], [4.862801123584637, 52.0615956490914], [4.8626921953842706, 52.06156441549249], [4.862504531714959, 52.06150010504317], [4.86179831010585, 52.061250671414584], [4.861476332576965, 52.06112678851151], [4.861377402531479, 52.061088722304916], [4.861014399119342, 52.06096186867337], [4.860772432009859, 52.060886805667764], [4.8607537331238015, 52.060881005603356], [4.860491548135797, 52.06077936336135], [4.860321892133764, 52.0607194083063], [4.8601562445982225, 52.0606608641119], [4.8599398577844175, 52.06058452063396], [4.859888005766988, 52.06056459536041], [4.859810750472838, 52.06053490299381], [4.859308385785488, 52.060344682302556], [4.8590908211981985, 52.06026583324613], [4.859088541618023, 52.060265005098934], [4.858754268362912, 52.06014386390305], [4.858490918448208, 52.06004653528324], [4.858223881937862, 52.05994785027072], [4.857902978771281, 52.05981365283406], [4.857881228340356, 52.05980455789568], [4.857554699332225, 52.05964935568734], [4.857083278402548, 52.05944216890064], [4.856841084939271, 52.059351762807665], [4.85663478485199, 52.059279197716315], [4.856397771592579, 52.059187393890824], [4.856305076402218, 52.059151787287306], [4.856064014325566, 52.05908918529339], [4.8560630985147215, 52.05908894747062], [4.855970528981301, 52.05906490902759], [4.855417916672681, 52.05899651425411], [4.855411743228917, 52.058995749353514], [4.855306998419032, 52.058982782866565], [4.8549834222170265, 52.058918970195045], [4.854893345317995, 52.05890120696296], [4.8545117609211195, 52.05882920326132], [4.854508983405754, 52.05882857051464], [4.8542105242021165, 52.058760608848836], [4.854036467669259, 52.05872377846233], [4.8537073589088235, 52.05866568970553], [4.853605390900917, 52.05864984905036], [4.85323109660385, 52.0585916891229], [4.852902739315118, 52.05855754618299], [4.852634761582684, 52.05852968044876], [4.852383658573212, 52.05851125645237], [4.852209457906162, 52.05849645287576], [4.852182423373532, 52.05849408304974], [4.852053674515503, 52.05848278432338], [4.851796356997892, 52.05846708124595], [4.851444809125848, 52.05847140636629], [4.851430287937164, 52.05847125943655], [4.8508856858127745, 52.05846568959302], [4.850215701711634, 52.058419817796334], [4.849932518464149, 52.05840043340371], [4.849722128578553, 52.05837832444108], [4.849395425532093, 52.05834398151401], [4.849242649813335, 52.05833131167484], [4.849005526460628, 52.05831218928829], [4.848964782300952, 52.05830890221081], [4.848821733245605, 52.058286470089826], [4.848640335138574, 52.05825802912716], [4.848390054490555, 52.058224841672015], [4.848307847197161, 52.05821502802046], [4.848296053419315, 52.058213616849145], [4.848193345229082, 52.0582013634089], [4.848104236447212, 52.058182251162364], [4.8480485000150395, 52.05816468475323], [4.847967522294148, 52.05813633374705], [4.847902572887087, 52.05810890095144], [4.8478109041469235, 52.05807839764854], [4.84772662466669, 52.05803729501935], [4.847617852339696, 52.05799350052879], [4.847283858964691, 52.05787003586393], [4.847277199679986, 52.05786726393119], [4.847268160938517, 52.05786351036289], [4.847109381218208, 52.057797563880314], [4.846944354101619, 52.05772254636004], [4.84665421216953, 52.05759041856734], [4.8463357632560635, 52.05749146154388], [4.8462443630133025, 52.05745220369428], [4.846001200084408, 52.057356629451974], [4.8459037705738846, 52.05731802674469], [4.845802860257543, 52.057276693510396], [4.845669610738894, 52.05721960794992], [4.845662546453645, 52.05721658239251], [4.845563153557464, 52.05717399757147], [4.845342623930056, 52.05706871084674], [4.8452304056233215, 52.057019685097934], [4.844913695307085, 52.05688130974992], [4.8448491044663, 52.05684745030798], [4.84473575314015, 52.05680177148245], [4.844712247150878, 52.0567922974931], [4.844704380325847, 52.05679053552474], [4.844693925573333, 52.05678815942623], [4.844608222583618, 52.05676870067017], [4.844598548620494, 52.056766867453945], [4.844550964062128, 52.05675787575467], [4.844511348837267, 52.05677707193384], [4.844427537089997, 52.05678202484636], [4.844390752682854, 52.05678420130065], [4.843842462929249, 52.05652197637136], [4.843204282878447, 52.05624717271583], [4.843173416980265, 52.05623388037882], [4.843169196121289, 52.056232063237864], [4.843232136516291, 52.05617597958344], [4.843250384840533, 52.05615971421852], [4.843263400463986, 52.05614810756804], [4.84316420788689, 52.05609541883466], [4.843143085809246, 52.05608420282922], [4.843081994229694, 52.05605175174442], [4.843007299397405, 52.05601208314532], [4.842761967896886, 52.05589221486999], [4.842433385810481, 52.05573861473718], [4.842055598368307, 52.055547808335696], [4.841640348132715, 52.055364943613895], [4.841210901503566, 52.055171207740884], [4.8411771154725685, 52.055155968866615], [4.840506154566205, 52.054854626946394], [4.8400335112643775, 52.05463631012603], [4.839655753952204, 52.054473242806296], [4.839440978014991, 52.05436941875012], [4.839332372814522, 52.05431692566426], [4.839163987410277, 52.05423369320151], [4.839079787708615, 52.054192072352], [4.839093459508701, 52.05416740028998], [4.838868197454088, 52.0540807299038], [4.838557724442083, 52.053944685271645], [4.8382494865733765, 52.05380962095891], [4.838069341296488, 52.05373335193872], [4.837915979693327, 52.0536677687266], [4.837779693120423, 52.053606795029864], [4.8375918465089764, 52.05352023375426], [4.837256094569456, 52.05336327787766], [4.836998243358178, 52.053238377485826], [4.836821007231751, 52.05315827314858], [4.836776306773421, 52.053138074416324], [4.836671704223386, 52.05308780866003], [4.836598767079643, 52.0530554516106], [4.83654842391755, 52.053031747961846], [4.836440597600994, 52.05297810532074], [4.836392941250656, 52.05295644551233], [4.8363164909961, 52.0529217079482], [4.836099899491403, 52.052825662053436], [4.835965568670051, 52.052786240235], [4.835953612976898, 52.05278273279906], [4.835510752685534, 52.05258002374684], [4.835090017369511, 52.05239234620413], [4.834991927996788, 52.052348589998374], [4.834402080475071, 52.0520756814121], [4.834271250737653, 52.05201514267568], [4.833920897272402, 52.05185358754739], [4.833778662665129, 52.0517899386826], [4.833580216427248, 52.05170112800105], [4.833077952498991, 52.05147610926437], [4.832747036499569, 52.051326713268885], [4.832280283579781, 52.05111438786405], [4.832201506084064, 52.05107854905521], [4.8317757672781045, 52.05088042755507], [4.831281461964391, 52.05064759183922], [4.831050347836077, 52.05053938778911], [4.8307146223459085, 52.05038393218399], [4.830537464590635, 52.05030050198177], [4.830371627110041, 52.05022240113265], [4.8301031193963615, 52.050092248858384], [4.829872550927547, 52.04998048569636], [4.829711994336355, 52.04990580645632], [4.829596089836828, 52.0498582402484], [4.8295951906126, 52.04985786747292], [4.829567999481194, 52.04984634163619], [4.829504292545914, 52.04981933590172], [4.829490283666744, 52.04981340023965], [4.829561015720877, 52.049750403781744], [4.829594287259626, 52.04971148929133], [4.829634238366407, 52.04966182048938], [4.8296631701937285, 52.0496201799701], [4.829678996647299, 52.04957848640564], [4.829706496622856, 52.04947620425675], [4.8296641164312115, 52.04945754177727], [4.829637431148708, 52.04944638686822], [4.8296120971926415, 52.04942973753085], [4.8295918800646644, 52.04941310342122], [4.829562972163285, 52.04937556640089], [4.82954110943759, 52.04934591847086], [4.829502864658667, 52.04932414759318], [4.829367873049658, 52.0492817309413], [4.829360815621016, 52.04927951337112], [4.829362203508513, 52.04926757453752], [4.829371341087296, 52.04918941090265], [4.829284547140721, 52.04910007892806], [4.829005602352901, 52.048805748902566], [4.828938363854136, 52.04873357804897], [4.828881008461927, 52.048672015214244], [4.828677640415987, 52.048453732775826], [4.828614028317077, 52.04838543489139], [4.828374586832876, 52.04813876666694], [4.828083953228887, 52.047839345490374], [4.828007369657456, 52.04776046043099], [4.827703932168986, 52.04744896916954], [4.827382594194395, 52.04711909190515], [4.82734062453884, 52.047076009391404], [4.827216153391281, 52.046951891907185], [4.827212347744456, 52.04694846726016], [4.827068081411038, 52.04681849402282], [4.827067058049246, 52.046817563364414], [4.8270174682675915, 52.04676605843784], [4.826943299646613, 52.04668902674172], [4.826896329125129, 52.04664024867842], [4.826824175545034, 52.0465653117686], [4.826736119277218, 52.046477481870426], [4.826699799732348, 52.046436133775785], [4.826638468257941, 52.04637243864293], [4.826560919353326, 52.046291885183905], [4.82656012777471, 52.04629107247177], [4.826502379868096, 52.04623109749022], [4.826429234775161, 52.04615512195819], [4.82625802160515, 52.045977300663296], [4.826216549807877, 52.04593421111691], [4.826043697801504, 52.04575469189812], [4.825860796810106, 52.04556291845039], [4.825717162102226, 52.04541230044692], [4.825713363799985, 52.045408309523495], [4.825455692610117, 52.04513812480012], [4.824922576973337, 52.04457908998799], [4.824892867179496, 52.04454792961804], [4.824698149923864, 52.04434373900505], [4.8244326445299235, 52.044062288186666], [4.824381335574581, 52.04401003685521], [4.824368483129325, 52.04399695142758], [4.824171697184024, 52.043796525102245], [4.8238343667579855, 52.043438508933335], [4.823812847702686, 52.043415674649296], [4.823409293184875, 52.04299706503847], [4.823405206953063, 52.042992820987735], [4.823046766979105, 52.042608257910764], [4.822978698072201, 52.04253523464716], [4.822866963555437, 52.04242255257264], [4.822300114815223, 52.041834311658306], [4.822163203253476, 52.04169222431395], [4.821741011916256, 52.04125253172256], [4.821739026690585, 52.04125045488651], [4.821637845354886, 52.04114516569494], [4.821569005483409, 52.04107353106674], [4.821061515663565, 52.040556558478244], [4.821030268635059, 52.040522899952805], [4.820901180491703, 52.04039095152484], [4.820899856566843, 52.04038960590481], [4.820734182914422, 52.0402209439952], [4.820540754361936, 52.04001464019748], [4.8203137302422485, 52.03979232802433], [4.820148239706518, 52.039630272531625], [4.820036366041579, 52.039514746704704], [4.819821252572002, 52.039292607752294], [4.81971608308185, 52.03919219625151], [4.819680153116766, 52.03915788561005], [4.819258096903282, 52.03876535496927], [4.819252839047632, 52.03876046695078], [4.819250087779796, 52.03875790100961], [4.819193240671926, 52.03870313087193], [4.819147989084898, 52.03864195405502], [4.819087848061537, 52.03855847736184], [4.819034004479641, 52.03847263114337], [4.818978715393452, 52.03837666610005], [4.818937028678583, 52.03831370873843], [4.818879182462368, 52.03823782013156], [4.8188781216748735, 52.03823642182798], [4.81887637511935, 52.03823508313319], [4.818549444409826, 52.0379852215539], [4.818243444970267, 52.037736619654325], [4.817780810834789, 52.037381881011825], [4.817194633388158, 52.0369323992681], [4.81719293019651, 52.03693109671079], [4.81719018321024, 52.03692935766354], [4.816904589473189, 52.03674816427534], [4.816701462744012, 52.03661929505712], [4.8165222313961555, 52.036504733787545], [4.816436286807684, 52.036454468226054], [4.816434040209182, 52.03645349559079], [4.816362277517749, 52.036422587581214], [4.816291476936608, 52.03639967478382], [4.816223453611, 52.03637726976441], [4.816150263320261, 52.036362335888086], [4.8161475304315555, 52.0363617833391], [4.8161454098468, 52.03636121578252], [4.816044418097478, 52.03633439034356], [4.816001502024858, 52.03631573822636], [4.815903872066303, 52.03627330731721], [4.815900440345617, 52.036271555929474], [4.8158163843871495, 52.0362287054253], [4.815700976433713, 52.036157560376424], [4.815562154853555, 52.036060783802135], [4.815448274469356, 52.035989915564336], [4.81500001761993, 52.03569705705561], [4.814778767520326, 52.0355525107046], [4.814106700724864, 52.035144202598595], [4.814052788996358, 52.035111447545674], [4.813788582035574, 52.034950933748476], [4.813276371394239, 52.034654431478984], [4.813273955494932, 52.034653035507574], [4.813145162526372, 52.034578479030905], [4.81291569979437, 52.03444566375262], [4.812641188214946, 52.03428472856633], [4.812608989901443, 52.03426584884735], [4.812243064621218, 52.034051318858964], [4.81213659140789, 52.03398889657211], [4.811951631262256, 52.03388298294624], [4.811882949636798, 52.0338476200352], [4.811822228051342, 52.03382451107382], [4.8117665449391644, 52.03380965099439], [4.811759050879817, 52.03380764593856], [4.811543893235627, 52.03375643070966], [4.811389041356637, 52.033719864279846], [4.811340745683256, 52.033707386064634], [4.811172938586253, 52.03366401477378], [4.810921950107046, 52.03359781041774], [4.810759986046772, 52.033565891257226], [4.810739476129174, 52.03356291460657], [4.810731519429129, 52.03356176110891], [4.810556908491567, 52.03353644907891], [4.81028655944425, 52.03349923470145], [4.810255428284516, 52.03349379706905], [4.810190199845177, 52.03348239491334], [4.809977793236126, 52.03344526596732], [4.809923922213851, 52.03343688547063], [4.8099002155519, 52.03343319191548], [4.8098258232762054, 52.03342951052664], [4.809671477380733, 52.03342171586103], [4.808749144524073, 52.03336170425146], [4.807876640674594, 52.033289212095454], [4.8073812189731955, 52.03325946743479], [4.807256846746796, 52.03325199693942], [4.807126004124996, 52.03323214451231], [4.806946873880402, 52.033204962252235], [4.806908563682535, 52.03319914680385], [4.806704370126562, 52.033167301576114], [4.806895190127502, 52.03297154199255], [4.807059607462206, 52.03272023913913], [4.807258519277334, 52.03234604705484], [4.807442074847544, 52.031996110366194], [4.8076755459161085, 52.03155098121095], [4.807736251098226, 52.03143524990276], [4.8079036334133045, 52.03111612569394], [4.808021171710123, 52.0308920231582], [4.808317932790254, 52.03032622135352], [4.808606708672906, 52.02977561472442], [4.809005909386069, 52.02901445021526], [4.809341039041052, 52.02837539966467], [4.809480724986789, 52.028002207373035], [4.809508873001947, 52.027923401149856], [4.809593618169456, 52.0276861839538], [4.809602158970701, 52.02766228998014], [4.809602702621082, 52.027660809575764], [4.80960330640663, 52.02765918565346], [4.809613060300533, 52.027632744949386], [4.809614539984534, 52.02762873443306], [4.809623765134161, 52.0276037472407], [4.809627388532728, 52.02759394977938], [4.809627539565585, 52.02759353705793], [4.809644540677845, 52.0275474654769], [4.80965147139929, 52.02752865098542], [4.809657782952122, 52.027511523258866], [4.809659851375795, 52.02750592469865], [4.8097240356288395, 52.02733197413656], [4.80972581735491, 52.027327138175416], [4.809856494512417, 52.0269729654263], [4.809866383637783, 52.02694618380681], [4.809911285658238, 52.02682450448771], [4.80993316311323, 52.026765199010505], [4.809933419604729, 52.02676451715632], [4.809791081365714, 52.02670526941974], [4.809528812376871, 52.02659610536123], [4.809239503152762, 52.02647548272176], [4.808925615480224, 52.02634461782343], [4.808916151538166, 52.02634067940692], [4.808602580607457, 52.02621025562091], [4.80859716025072, 52.02620799988526], [4.808395316986109, 52.02612404577839], [4.807924664220593, 52.02592806916014], [4.8079225048238, 52.02592716869395], [4.807804882173804, 52.02587818792205], [4.807584676059647, 52.02578687050888], [4.806881686539311, 52.025495323557834], [4.806268085194166, 52.025239456590164], [4.80610398916531, 52.025171153627916], [4.806067062831541, 52.02515579012506], [4.805967225801148, 52.025114238727966], [4.805892157687951, 52.0252558385914], [4.805625786560047, 52.02514641180386], [4.805609249740374, 52.025139624842346], [4.8056079745037765, 52.02513908823301], [4.8056011488820625, 52.02513623218831], [4.805553323512639, 52.025116419403], [4.805552700289508, 52.02511616465161], [4.805376294663876, 52.025042182164334], [4.805359976929858, 52.0250353602967], [4.805313270241478, 52.02501581360184], [4.805299792974365, 52.02501017424371], [4.80528167833447, 52.02500259745479], [4.805161426756311, 52.024952261765115], [4.8051572096876045, 52.024950497186495], [4.805146949604201, 52.024946203984314], [4.805097243451532, 52.02492539299992], [4.805056333600315, 52.02490827473952], [4.805021858170775, 52.02489383983165], [4.8048738852288855, 52.024831870723986], [4.804888430254181, 52.0248035485642], [4.804893916338486, 52.02479287061002], [4.804183959748527, 52.024497327064886], [4.804140919126593, 52.02453540417747], [4.804092441414079, 52.02451543476076], [4.8038833862178025, 52.02442932487128], [4.803894509679389, 52.024410926959796], [4.803946255547031, 52.02432531789197], [4.803961220883902, 52.02430055729894], [4.803972433802496, 52.02428199803345], [4.803945260810581, 52.02427077185248], [4.80374183309743, 52.02418674790371], [4.803687559736557, 52.02416433174109], [4.803521146019506, 52.02409559120361], [4.803492256952935, 52.024143418649935], [4.803434478751249, 52.02423906453229], [4.803301148186309, 52.02418418589612], [4.80314638372799, 52.024120482122996], [4.803207354688765, 52.02401913564335], [4.803287313268064, 52.023886244411955], [4.803275219487505, 52.02389188303155], [4.803269091880264, 52.02389474688222], [4.803246501946321, 52.02390529499767], [4.803212405397094, 52.02396139276932], [4.803189768100027, 52.023952094431294], [4.802800108595617, 52.02379211051517], [4.802761689192794, 52.02377633407965], [4.802305292924461, 52.02358580749754], [4.801785852317748, 52.02336883664867], [4.801711094229664, 52.02333760803358], [4.801212898169172, 52.02313096897491], [4.8011804813159795, 52.02311752290112], [4.8011423995575715, 52.02310163975218], [4.800658497252863, 52.02289978833502], [4.800428641867673, 52.02280432862739], [4.800126061465066, 52.02267728044813], [4.799746454639356, 52.022517884726994], [4.799579831077542, 52.02244829260906], [4.799248541774914, 52.0223099173954], [4.799240934413229, 52.02230674248282], [4.799116130884322, 52.02225461610661], [4.799022775717389, 52.02240731083295], [4.798903616583512, 52.02235694717477], [4.798876869583897, 52.02234564104569], [4.79882079338789, 52.02232217995146], [4.798755356802642, 52.02229479808255], [4.798743040295648, 52.02228964913636], [4.798700208048421, 52.022271728063245], [4.7989600951673825, 52.02183031581225], [4.799258587239185, 52.021323265263796], [4.799437014541678, 52.021020170949505], [4.799674700048456, 52.02061642418828], [4.799891162806784, 52.02024872212337], [4.799987707291609, 52.020074425666955], [4.800404035330822, 52.01929151482451], [4.80098758789995, 52.01826396397135], [4.8011030857545824, 52.01805557833474], [4.801579882246084, 52.0172409657842], [4.802123683244166, 52.01630277115089], [4.802236296002787, 52.01610369093769], [4.802671803687643, 52.015360011350246], [4.803088860472926, 52.014639383530046], [4.803375582637392, 52.014202193149266], [4.803392796088781, 52.01417347090762], [4.803405347946639, 52.01415259033781], [4.803432120236265, 52.0141079791783], [4.803434919735724, 52.01410330115069], [4.803473261691835, 52.01403939547179], [4.803520299388831, 52.01396098977173], [4.803523202820708, 52.01395615945561], [4.803615068732705, 52.01396789523206], [4.803821572190545, 52.013992216454845], [4.804829802425887, 52.01409757191677], [4.804844451415676, 52.01409910048991], [4.805172675072623, 52.01411908678117], [4.80554212765172, 52.01414210718551], [4.806147338490429, 52.01414996744747], [4.80631108651343, 52.014152096799805], [4.807038656010981, 52.01413546972039], [4.807733225863688, 52.01413726358779], [4.808285146402154, 52.01414324163555], [4.808869210660682, 52.01411352056121], [4.809660445307512, 52.014033966115115], [4.809977566191944, 52.01401922554375], [4.810249829782107, 52.014009459549264], [4.810345374088514, 52.01400603579628], [4.810693455603378, 52.01402589725312], [4.810895014114002, 52.01404312599932], [4.811034512048316, 52.014034748552135], [4.811282645931471, 52.014019846589406], [4.811317545989914, 52.01401774326513], [4.812341102003055, 52.01395625899502], [4.81318558325709, 52.01391427836907], [4.814271334706716, 52.013926847740684], [4.815616228006629, 52.013980726492406], [4.815858924397683, 52.01402999208222], [4.817206388117263, 52.01434605447851], [4.817642524140014, 52.01449954655271], [4.818087712607684, 52.01465621768138], [4.8183991805438975, 52.01480696499057], [4.8189577228445755, 52.015077298406844], [4.819192722908632, 52.01516218558672], [4.820045671533237, 52.01538479467479], [4.822103195603293, 52.0161475858436], [4.823103219554889, 52.016582256676394], [4.823754182925619, 52.016913114723714], [4.824171552995143, 52.017046214941566], [4.824723456997676, 52.01718069351698], [4.824994256849446, 52.01723660891754], [4.8251063023694805, 52.017244424431816], [4.825230421050741, 52.01723045586678], [4.826881478572104, 52.016881453084665], [4.827514502141744, 52.0168152720072], [4.829451715543545, 52.016707931680756], [4.830432963326244, 52.01662964093477], [4.830638890223053, 52.016626264237914], [4.830741642329892, 52.01662458374383], [4.83129484571949, 52.01661551228137], [4.831637557564262, 52.01658435857647], [4.832164983014008, 52.01651938892581], [4.832797218970334, 52.01646046528094], [4.8333347762704655, 52.01642293447143], [4.8337358656524065, 52.01644303096353], [4.833756418056654, 52.016444412905365], [4.834532445865828, 52.016496676024666], [4.834956565540143, 52.016525235584325], [4.836035008710774, 52.01658201684829], [4.837344656096417, 52.01663183268718], [4.8379937077989625, 52.01664579191693], [4.838624571024822, 52.01669971470632], [4.839569822917387, 52.01673324629208], [4.8401780540589145, 52.016706942722244], [4.840991437179534, 52.01679811230748], [4.842099433029351, 52.01700618526254], [4.8428291254756495, 52.01718435685344], [4.843558352421145, 52.01740258260349], [4.844219351578963, 52.01758099458443], [4.844258411697284, 52.01759153822437], [4.8447585772133, 52.01771765747374], [4.846060951900224, 52.01798600100678], [4.846861085356383, 52.018161621915915], [4.846875280926624, 52.01816473409552], [4.846859862980899, 52.018174802138354], [4.846874601556449, 52.01817758424301], [4.846895777654135, 52.01818170817921], [4.846952819504711, 52.01810857149396], [4.847000559480545, 52.018106138992344], [4.847151458574238, 52.0179910889324], [4.847158687254638, 52.0179896390199], [4.847167639098945, 52.017987846467], [4.847168807406467, 52.01798760914163], [4.847183598621207, 52.01798480971657], [4.847188372630585, 52.01798395974796], [4.847188746398845, 52.01798437492392], [4.84719065829265, 52.01798650493105]], [[5.188248290319665, 52.07040698213311], [5.1874299065136915, 52.069716015078], [5.186800679836435, 52.069122713788616], [5.186549044686134, 52.06887079037319], [5.186439653270129, 52.068020385802065], [5.1862875862182785, 52.06611849149944], [5.1863570147792455, 52.06413909223329], [5.18691205563606, 52.06305616330124], [5.187970272975463, 52.063067699571356], [5.189311140681936, 52.063449632772354], [5.19084176218058, 52.06379293049292], [5.192469113316982, 52.063688536815654], [5.194295330325126, 52.063250206352656], [5.196326513661125, 52.062890061379456], [5.198325601123121, 52.062646648112505], [5.200055484513298, 52.06255854637801], [5.201871953410271, 52.06254032089755], [5.203972597011206, 52.06255172068318], [5.205883164240416, 52.062699077123675], [5.207129384690329, 52.063088777987204], [5.208006127283918, 52.06371642132121], [5.2087245450413, 52.06444117735322], [5.208684809680801, 52.06516477440698], [5.207287010022419, 52.065788956946655], [5.204968494633321, 52.06622997343119], [5.202650174314837, 52.06661253108751], [5.200457532683876, 52.067151014644885], [5.198516019174266, 52.068059799833485], [5.196913128672632, 52.069186521543976], [5.195579388321979, 52.070157895753034], [5.194404734500793, 52.07085692473227], [5.1932791324363015, 52.07116660539048], [5.192122913022943, 52.071249069060336], [5.190982641093028, 52.071292611591794], [5.189937670351847, 52.071219475589814], [5.189067345598812, 52.07095191527676], [5.188248290319665, 52.07040698213311]], [[5.115579472400017, 52.08043699664301], [5.116889407646472, 52.08025827742944], [5.118103712256715, 52.08065371772691], [5.119033495042645, 52.08106796678431], [5.119774838984066, 52.08128707239736], [5.120423832406337, 52.081097078697844], [5.12089827831779, 52.080587044204556], [5.121293401449876, 52.08012550833326], [5.121971448809869, 52.07991773029898], [5.123294606501796, 52.08016895042875], [5.125217457206581, 52.08100074451283], [5.127200975031923, 52.08228046269], [5.128867004630016, 52.083832042092645], [5.129837261708271, 52.08547943047791], [5.13013005082979, 52.08677973501779], [5.129951830679941, 52.08754356575267], [5.129206566933918, 52.08797516223336], [5.127798279957092, 52.08827873623131], [5.126338546686213, 52.088819069086426], [5.125492907978552, 52.08974042234377], [5.125246318447294, 52.090916232659296], [5.125583772851195, 52.092219891420605], [5.126246087263438, 52.09338148396131], [5.126752012350811, 52.09426039431546], [5.126753416664466, 52.09492402168519], [5.125902145347201, 52.09543973370291], [5.124419871146768, 52.095736614013916], [5.12278082817603, 52.095809213793615], [5.121015693224463, 52.09582308384765], [5.119155075208554, 52.095943812165665], [5.117369374157778, 52.096308052235386], [5.115756858953998, 52.09677976575969], [5.114239984743318, 52.09711537476206], [5.112741236870907, 52.09707133288192], [5.111023093959712, 52.096291741727775], [5.109213438530083, 52.094986197846694], [5.107782730052886, 52.09375941489425], [5.107201318614147, 52.09321610027629], [5.1071169427981005, 52.0928086416035], [5.106893925454663, 52.091826470856894], [5.106577417204153, 52.090629891337294], [5.106212602647383, 52.08957923378955], [5.106399816743751, 52.08870836708279], [5.10729776390343, 52.08790733697821], [5.1082891508442865, 52.08732069788873], [5.1087567626690165, 52.087093020708465], [5.109943822455486, 52.085953541695076], [5.111130807125579, 52.0848140504388], [5.112317731274166, 52.08367454697546], [5.113504609494463, 52.08253503134032], [5.113773128797103, 52.082120279296404], [5.114502742657147, 52.08123929477539], [5.115579472400017, 52.08043699664301]], [[4.987922528063574, 52.121429507198336], [4.9856878453204105, 52.12107144892677], [4.98356037167186, 52.12110313252295], [4.981969184626786, 52.121292384904706], [4.981343426032632, 52.12140705127662], [4.981349019898664, 52.12050169255427], [4.981350632801094, 52.11829177211315], [4.981325573173944, 52.11553658681282], [4.981297476802056, 52.114577506319186], [4.9810567672103305, 52.11463625960371], [4.981051002209783, 52.114637668855096], [4.980961136291198, 52.114639947894105], [4.9805504223693795, 52.11474600292901], [4.980296098075336, 52.1148086265218], [4.980094780849923, 52.11481069107439], [4.9800581325767945, 52.11481106788903], [4.980037355191237, 52.11481451948564], [4.980021262098742, 52.11478936019628], [4.979591692359127, 52.11411780534085], [4.9794833263342255, 52.11397004407034], [4.978740152830776, 52.113129467865], [4.978692740200569, 52.11310976352733], [4.978645550621375, 52.11306725715938], [4.978365445721503, 52.11275220659001], [4.978315534780947, 52.11269606470596], [4.9782819524729565, 52.112658306138485], [4.978064594506073, 52.11241382217369], [4.977056448680515, 52.11129841225453], [4.976648382485892, 52.110826034141674], [4.976439553468377, 52.110535431880024], [4.976355738215232, 52.11045045406679], [4.975812967866168, 52.109850592783495], [4.975580579980508, 52.10960048799314], [4.975577356380222, 52.109597043287806], [4.975127045287368, 52.10912319996698], [4.974904624006235, 52.108875887970086], [4.974836757351384, 52.10878119473882], [4.974517675493715, 52.10841204280933], [4.974046544456336, 52.10790166661394], [4.973773947263364, 52.107649916229505], [4.973306844528083, 52.107276970174006], [4.97313351650872, 52.107155858181116], [4.9729816936721285, 52.107021833668455], [4.9729519909872995, 52.10699796478341], [4.972928528310891, 52.1069749087669], [4.972883891096466, 52.10693549190673], [4.971975381806491, 52.10608926608958], [4.971919031391639, 52.1060413228366], [4.971888140944027, 52.10601031293937], [4.971780302831323, 52.105912690771945], [4.97828406512203, 52.10545648479591], [4.993753056995669, 52.104639292447374], [4.994140043903563, 52.104609664041945], [5.010296418975909, 52.10337164295824], [5.026547980690844, 52.10220795501767], [5.039383437468324, 52.10151178427452], [5.0371449391948095, 52.10238944326261], [5.035302088431354, 52.10320011154657], [5.03456286824529, 52.10438723264064], [5.034752307710171, 52.10609310665292], [5.035290969440468, 52.10762478207154], [5.035599333979833, 52.10828932716058], [5.0341652183670975, 52.1083629242186], [5.032731112669859, 52.10843650386696], [5.03129698769525, 52.10851006601792], [5.029862872638652, 52.10858361075931], [5.02923382397726, 52.10881697475177], [5.027494807541122, 52.10944609728907], [5.024867943413972, 52.11036453707913], [5.021575381741208, 52.1114658219446], [5.0180695652306, 52.113158589725046], [5.015811008809588, 52.114739250564874], [5.014732063497995, 52.115494306220164], [5.014308639497501, 52.115818363276944], [5.011678871082625, 52.117830833679875], [5.00902617296218, 52.11952603684539], [5.00618302971262, 52.12096420764073], [5.002800295894421, 52.1225952520671], [4.999357100233489, 52.12387552919309], [4.996332776647693, 52.1242614521186], [4.993927428752205, 52.123800763715955], [4.991872748636658, 52.12303940957052], [4.989945526356951, 52.122181089935246], [4.987922528063574, 52.121429507198336]], [[4.964941196894561, 52.18124096170718], [4.96397554311421, 52.18036457174754], [4.9632513474057935, 52.17908016807364], [4.9626337655439405, 52.17769067787219], [4.962154927408449, 52.176700822865264], [4.962022068773644, 52.175965332534105], [4.962442380040924, 52.17533892582984], [4.963349327433188, 52.1748781442508], [4.964348878170542, 52.17467078966901], [4.965156933898372, 52.17461852219233], [4.96548941857405, 52.174622955164146], [4.965993622218327, 52.17460852307042], [4.967242931977905, 52.1744994020013], [4.968842421580169, 52.17419679326569], [4.970397107730238, 52.173601957537294], [4.97179044307907, 52.1727582760104], [4.973263903415649, 52.17180777597502], [4.974959484363664, 52.17079962047151], [4.977019218458419, 52.169782972650985], [4.979550887336741, 52.16880037549591], [4.982144629174462, 52.16794448827603], [4.984166042098285, 52.16733971140596], [4.984980812566143, 52.16711046544011], [4.985240672584345, 52.1663844547304], [4.985500509498518, 52.165658443299236], [4.985760338006251, 52.16493242220888], [4.986020157946171, 52.1642064094349], [4.987159244785383, 52.16428815696594], [4.98829833582794, 52.16436989350204], [4.989437431073334, 52.16445161904305], [4.9905765305208885, 52.16453333358891], [4.990392215761916, 52.166272081840944], [4.990207871837311, 52.168010829221814], [4.990023528057441, 52.169749566841155], [4.989839155026835, 52.17148831257528], [4.989247830087234, 52.17151227779231], [4.988656504439909, 52.171536249032826], [4.98806517824548, 52.17156020832134], [4.987473851343324, 52.171584173633285], [4.987410456048239, 52.17394637263285], [4.987347068318095, 52.176308570675715], [4.98728367345324, 52.17867077669811], [4.987220256992765, 52.181032972673165], [4.986711029730202, 52.18101177829921], [4.985551458360078, 52.18110519670852], [4.984293710987351, 52.1815487281644], [4.983489915187465, 52.18257791046943], [4.9829305789429235, 52.18400545394124], [4.98226026750116, 52.18544234789363], [4.981812181844607, 52.186821588167646], [4.9819195802367835, 52.18807618386912], [4.982662415922645, 52.18912688184457], [4.983359345919959, 52.19000219738465], [4.983201666419982, 52.19079669782719], [4.9813806062568045, 52.19160496957961], [4.979055391220142, 52.19239362156125], [4.977524719335398, 52.19290265716384], [4.97618893609984, 52.19288666317402], [4.974448427857171, 52.192100148301385], [4.972529037672679, 52.19039787778465], [4.970916283159048, 52.1881028029783], [4.969400015987294, 52.18567175250714], [4.967770018699795, 52.183561534781326], [4.966191573974819, 52.1821572862572], [4.964941196894561, 52.18124096170718]]]}}, {"type": "Feature", "id": "58597", "properties": {"OBJECTID": "58597", "LOCATIEGROEP_ID": "nl.imow-pv26.gebiedengroep.003000000000000000000566", "SYMBOOL_CODE": "vszt054", "GROEP": "overige gebieden", "9e750651-8e97-4bc6-b09e-fc30b5f3e83c_id": "9257", "LOCATIE_ID": "nl.imow-pv26.gebied.003000000000000000000566e78936", "DOCUMENT_URL": "https://omgevingsbeleid.provincie-utrecht.nl/home?d=/akn/nl/act/pv26/2022/omgevingsverordening/nld@1089&o=", "NAAM": "Overstroombaar gebied", "TYPE": "water en watersysteem", "LOCATIEGROEP_NAAM": "Overstroombaar gebied", "LOCATIE_NAAM": null}, "geometry": {"type": "Polygon", "coordinates": [[[5.341326999417689, 52.28666261941685], [5.339563587590352, 52.28773172305769], [5.336416471928886, 52.28963951522309], [5.33546143956849, 52.290218414259606], [5.335187025872099, 52.29009803864994], [5.334914753038154, 52.289978112729614], [5.334644601934745, 52.28986241134345], [5.334187208056317, 52.2896633995667], [5.333648676921475, 52.28942928833121], [5.332852126755877, 52.2890827911272], [5.332096151085136, 52.288753833434384], [5.3313453875277155, 52.28842653606543], [5.3299206014409695, 52.28780804074328], [5.329162076453691, 52.28747796645917], [5.328580123475772, 52.28722546682227], [5.328346041659265, 52.28712302568342], [5.327886564330596, 52.28692405128448], [5.3271396813715635, 52.28660151946437], [5.326432109955225, 52.286293967613446], [5.3258494720150376, 52.2860398902512], [5.324623942133656, 52.28550819218219], [5.32453181605221, 52.285468067262855], [5.324108771285867, 52.28528327998571], [5.32354500913349, 52.285037622747325], [5.322817818017399, 52.284721464325926], [5.321580195350144, 52.28418098291568], [5.320862641041182, 52.28386801736916], [5.31998253451525, 52.283485075795475], [5.319338416768326, 52.28320467814248], [5.318568466119139, 52.28286872291727], [5.31790601499557, 52.282581377261614], [5.31693418481731, 52.28215782455213], [5.31593705233315, 52.281724119425505], [5.315117331918879, 52.28136838359429], [5.314509985964282, 52.28110451927897], [5.314219954556714, 52.28097945647997], [5.31393284156358, 52.28085399032298], [5.313849318260496, 52.28081609131164], [5.313659394755281, 52.2807330437895], [5.313443348208556, 52.280638736049866], [5.313183739634386, 52.28052514898728], [5.312968557894553, 52.28043191045524], [5.312638383117724, 52.280289912674036], [5.31247895237614, 52.280219186636174], [5.312322152605208, 52.280152740204244], [5.312109582799556, 52.280059510739086], [5.3115668606425706, 52.27982428011385], [5.311265442295242, 52.279692461958305], [5.311030234574694, 52.2795922595236], [5.310850775861639, 52.27951402262947], [5.310739243541869, 52.2794657315096], [5.310660465778741, 52.279432192345126], [5.310552491579248, 52.27938568291807], [5.310410242332726, 52.27932276654224], [5.310305795539306, 52.27927891055602], [5.3101108782661255, 52.27919326559318], [5.3099826544040996, 52.279138267031], [5.3097775452118565, 52.27904944220142], [5.309654713991839, 52.278994779352644], [5.3093811832578055, 52.27887635735386], [5.308977867900117, 52.278701127497555], [5.308859402413444, 52.2786480844928], [5.308631161154317, 52.278550551223375], [5.308341954766435, 52.278425159902], [5.308028370819423, 52.27828957746219], [5.307878540850992, 52.278225277832014], [5.307741772243036, 52.278166325488115], [5.307685798832329, 52.278141131256824], [5.307669927759498, 52.27813398434006], [5.307667730425188, 52.27813364133056], [5.307507448886858, 52.27806397751955], [5.307274883055383, 52.277962690822505], [5.307163374003618, 52.27791392896415], [5.306875057967374, 52.27778692583183], [5.306719142555867, 52.27771887271164], [5.30647042116865, 52.27760790264162], [5.306411666995146, 52.277581690293985], [5.306298693769918, 52.27753336701548], [5.306268810650217, 52.27752059300278], [5.306187759646228, 52.27748387661797], [5.30612334060777, 52.27745468531082], [5.305908191453985, 52.2773598340626], [5.305834428134986, 52.27732856900349], [5.305825663953018, 52.277329587583274], [5.305789317521319, 52.277333804812976], [5.305759375165311, 52.27733755907361], [5.305709192743996, 52.27734386090486], [5.305646506784105, 52.27735276054766], [5.305585538128969, 52.27736004354861], [5.305535033462893, 52.277366255206466], [5.305519293145079, 52.2773680508854], [5.305488661934153, 52.27737187650419], [5.305417257478523, 52.27738079697257], [5.305268977696282, 52.277401528045424], [5.305188953197083, 52.277412698332974], [5.305090168284017, 52.277426506941566], [5.305060576809318, 52.27743062077785], [5.304849449725964, 52.27745998986679], [5.304807150742897, 52.27746600918944], [5.304703777603598, 52.27748072204384], [5.304528468562813, 52.27750624179267], [5.304301688894696, 52.27753706397527], [5.304147310543412, 52.27755884992399], [5.304049623923831, 52.277572667420856], [5.303906619544758, 52.277576827106756], [5.303804586302699, 52.2775799459401], [5.30371391095243, 52.27758200315293], [5.303592667110231, 52.277601142375744], [5.303387690663493, 52.277631447920186], [5.303129506117747, 52.27767133222111], [5.302896604296167, 52.277707495062735], [5.302777143424625, 52.27771326995771], [5.3026315105704, 52.27772008659625], [5.30248936400124, 52.27772745380116], [5.302364671964634, 52.27773322453689], [5.302323905675981, 52.27774200330321], [5.3023227915987245, 52.27774224517351], [5.302246023097352, 52.2777587814794], [5.302121275421781, 52.27778595171308], [5.302060206154145, 52.2777992635926], [5.3019250206958795, 52.27781358264206], [5.301742743229651, 52.27783427581483], [5.301739035246059, 52.277834695562284], [5.301502881120845, 52.27786187456387], [5.301237752021518, 52.27789211485531], [5.300989169794106, 52.27792023650739], [5.300585346399958, 52.27796746894567], [5.300256535603127, 52.27800459896761], [5.300075238623498, 52.2780251374972], [5.299938203177694, 52.27804067524474], [5.299575350347379, 52.27808633460192], [5.299400043349343, 52.278108107847885], [5.2992861438227505, 52.27812396757548], [5.2991852778159965, 52.278136232800904], [5.2990586628724685, 52.27815031227341], [5.298697978261471, 52.278195278495495], [5.2985372832581525, 52.2782151380075], [5.298357390633444, 52.27823601648751], [5.298326083992704, 52.27823992962053], [5.298064828618878, 52.27827261935319], [5.297773147469055, 52.278308143631975], [5.297467497247788, 52.27834577771031], [5.297054509166318, 52.27838522573739], [5.296940999108146, 52.27839613126033], [5.296326213603756, 52.27846869532797], [5.296024934222966, 52.27850312939736], [5.295652902250127, 52.27854805062499], [5.295552492354941, 52.2785584526421], [5.295215983973424, 52.27859369323426], [5.294941251449786, 52.27862246491518], [5.294415583694845, 52.2786792251047], [5.293850625162781, 52.27873801916271], [5.293649787840456, 52.278759359299634], [5.293210563446058, 52.27880567574147], [5.292968669662544, 52.2788327881963], [5.292670056260326, 52.278865256510265], [5.292479668149924, 52.27888537168217], [5.2921783852745055, 52.27891871741607], [5.291883229245615, 52.27895101575014], [5.291485916086868, 52.27899424077488], [5.291244883627428, 52.27902188067458], [5.291051018685256, 52.279043240022155], [5.290855425638812, 52.27906405838151], [5.290705122709263, 52.27909303825066], [5.290611801517798, 52.27911070393638], [5.29059938506648, 52.27911305757953], [5.290469178330775, 52.27913888986238], [5.2902587350558825, 52.279162337493396], [5.290146063095507, 52.27917697607419], [5.289933840571316, 52.27920310001252], [5.289730375169561, 52.27922496160676], [5.289660384851729, 52.279247759767344], [5.289593016206444, 52.27927110829958], [5.2893659444783685, 52.27929931311638], [5.289198262814251, 52.27932075397383], [5.2890104684464205, 52.279345871871904], [5.288833309555404, 52.2793522948372], [5.2887338225053755, 52.279354665783295], [5.288605396507436, 52.27937621933306], [5.288388744873842, 52.27940981460208], [5.28821926274535, 52.2794365912811], [5.288083042706964, 52.27945063298974], [5.287880472689331, 52.27947089233288], [5.287586193889347, 52.27950103260451], [5.287350421614621, 52.279526538895894], [5.287343449008876, 52.2795254544868], [5.287263834792839, 52.27955250329504], [5.287141361065117, 52.27959173016073], [5.2869978830236715, 52.27963998976945], [5.28689749052304, 52.27964717582835], [5.286671399028043, 52.27966147227688], [5.286372847697195, 52.27968144077398], [5.286107461611529, 52.27969936067703], [5.2860107600121955, 52.27968141044679], [5.28594237199445, 52.27966859837855], [5.285888792380993, 52.27965855817852], [5.285754335444503, 52.279669920368065], [5.2855561557301085, 52.2796853710532], [5.285412100648002, 52.27969670663644], [5.285223460003426, 52.27971860916968], [5.28505140930537, 52.279739483141256], [5.284885488456306, 52.27975825004336], [5.284744880108604, 52.279774405217104], [5.284629336964595, 52.279787184581195], [5.284543137769787, 52.27979664584616], [5.284354392869284, 52.279818906411286], [5.284254780544366, 52.27983053983116], [5.284153072149546, 52.27986141407766], [5.284006636251207, 52.27990696217294], [5.283888974926785, 52.279904028410634], [5.283787008554493, 52.27990067683183], [5.283666741460853, 52.27989665305625], [5.283499749653526, 52.27992174444019], [5.28317274300249, 52.2799708900547], [5.28295521495348, 52.27999403084908], [5.282698328572373, 52.28002278978821], [5.282338390000246, 52.28006101987396], [5.282243128680411, 52.28007267342821], [5.282075391117861, 52.28009026636982], [5.281875284815309, 52.28011351951222], [5.281651643646445, 52.28013715578142], [5.281496993654729, 52.28015376193267], [5.28133353876825, 52.28017566276948], [5.281034612142173, 52.28021536349627], [5.280783733026065, 52.2802495073137], [5.280561700491338, 52.280280099471604], [5.280400969684297, 52.280296132483656], [5.280229744317209, 52.28031316241997], [5.280055030012158, 52.28033070125104], [5.279845372660008, 52.28035174930487], [5.279456615054895, 52.28039191278869], [5.279052145595165, 52.28043304030299], [5.27894120465582, 52.280444056716185], [5.27870620249816, 52.280468144383825], [5.27866419438135, 52.28047243796027], [5.278563805814611, 52.2804826907495], [5.27846337773961, 52.28049110093209], [5.278354079748833, 52.280501291432095], [5.278329734278696, 52.28050356990241], [5.27826080292147, 52.28050958218995], [5.278195008126757, 52.28051531870606], [5.278177551766637, 52.280516839531664], [5.278153309251339, 52.28051895628132], [5.277955821949182, 52.28054222317671], [5.277767949796781, 52.280564483018054], [5.27767007916151, 52.28057559121061], [5.277356369046559, 52.28061197944514], [5.277086369918729, 52.28064277220991], [5.276913362231906, 52.28066246504081], [5.276752827842452, 52.28068092895076], [5.276742098192825, 52.28068215924564], [5.276699487139561, 52.280687152604344], [5.2766790537553385, 52.2806895512272], [5.276470322467449, 52.28071400949778], [5.27618545801425, 52.28074684448833], [5.276076460413696, 52.28075951377825], [5.275994096549543, 52.2807690802623], [5.27569176027152, 52.28080339859822], [5.275503887214968, 52.28082512456414], [5.275375421255956, 52.28084083066361], [5.275284540542037, 52.280851449159194], [5.275130747557047, 52.28086912631966], [5.274921050640175, 52.28089230468231], [5.274678121519663, 52.28092007078022], [5.274424156681097, 52.280948239300436], [5.274275903805457, 52.280965282498165], [5.274151469634069, 52.28097988562282], [5.273967847041189, 52.281000696458285], [5.273772933768286, 52.281024246435244], [5.273623258021409, 52.2810416559479], [5.273414418828126, 52.2810668906515], [5.273166400602175, 52.281095547523506], [5.272849646638426, 52.281133143196705], [5.272490265330611, 52.28117579276088], [5.2721526238473855, 52.28121510095376], [5.27189504389147, 52.281245947858224], [5.271658339525729, 52.28127347114531], [5.27134765681495, 52.281308363413025], [5.271177412086739, 52.281328634755894], [5.271091076757071, 52.28123632697923], [5.270761944892758, 52.28088441255579], [5.269487216347621, 52.27952138414723], [5.267883479592631, 52.277806428021904], [5.266279866500926, 52.276091449619635], [5.264676377082633, 52.274376439956555], [5.263685540119786, 52.27304983428882], [5.261303395260982, 52.269920773346264], [5.258415364077209, 52.26626542773239], [5.255906368001883, 52.26336001850597], [5.254911906632982, 52.26164879951317], [5.2555338025092, 52.260581890245305], [5.257106298977224, 52.25994436583958], [5.2589636867072596, 52.259521299198994], [5.260723550276045, 52.258979658291615], [5.262246241872528, 52.25813594948828], [5.263230331857573, 52.25699961808394], [5.263374410408539, 52.25558007802297], [5.262732699748511, 52.25436414927565], [5.261518596963385, 52.25364410395426], [5.259669426836205, 52.25313752391869], [5.25712256820891, 52.25256200433977], [5.255147864298255, 52.25162363985515], [5.254633464182532, 52.25036561940722], [5.254944126548354, 52.249011184090186], [5.255444738909712, 52.24778350746792], [5.255193408757965, 52.246962237465965], [5.253926188279856, 52.246431875776935], [5.252024840845602, 52.24582290711198], [5.2498711779665745, 52.244765798097895], [5.2489032725567615, 52.243221672095615], [5.249585127876541, 52.24153343515272], [5.250837623188574, 52.239904264909235], [5.251581796309294, 52.23853735649793], [5.250970247820991, 52.2371510302865], [5.249328997268861, 52.2354714545087], [5.247339297850107, 52.233713564256995], [5.245682287403516, 52.232092329720764], [5.245633037235107, 52.23095651608022], [5.247294441219653, 52.230328959768485], [5.249589210433185, 52.22993576627654], [5.251440177769289, 52.22950306625618], [5.251986321740032, 52.22889687930554], [5.251486558461646, 52.22815319357206], [5.250543401243756, 52.227253243951644], [5.249759343729293, 52.226178227036016], [5.250414273120972, 52.22520416680678], [5.252509658388204, 52.22458048033885], [5.2547309306050485, 52.22424895728827], [5.255763574345304, 52.224151441367056], [5.255953929238894, 52.22461573036274], [5.256006947671503, 52.22458776515524], [5.255997018152608, 52.22456518570044], [5.255918128553572, 52.22438793005874], [5.255845130617364, 52.22422297625362], [5.255772022444831, 52.224055883172234], [5.2557058840699895, 52.22389276142456], [5.255659625888617, 52.22377250673774], [5.25560186301207, 52.22360822582274], [5.255579729281307, 52.22347127159539], [5.255556326266527, 52.2233231081227], [5.255529153110734, 52.223217686564716], [5.255501309747765, 52.223111293566156], [5.255492121084302, 52.22309078208872], [5.2554597601456345, 52.223012614821904], [5.255413505824496, 52.2228965393641], [5.255388941596219, 52.222750378834256], [5.255388698574503, 52.222743475908885], [5.255385889203033, 52.22272350181568], [5.255372912448017, 52.22269235349953], [5.2553800152172725, 52.22269068968223], [5.255372029817553, 52.22264933675431], [5.255358238849426, 52.222552046075926], [5.255346909055223, 52.22245391328274], [5.255338175027407, 52.222353958851954], [5.255332836351301, 52.2222589245498], [5.255337361993735, 52.22218348573435], [5.255352796663707, 52.22215046367647], [5.255387679222873, 52.22210801708832], [5.2554376977106205, 52.22206920945532], [5.255500929311569, 52.22204091430838], [5.255560463186427, 52.2220258361119], [5.255607387956129, 52.22201868010796], [5.255751050542966, 52.221995390665384], [5.255907402166204, 52.22196676737944], [5.256052137537038, 52.22193687270507], [5.256183497602839, 52.22190670238508], [5.256325847634745, 52.22187166369167], [5.256464264895429, 52.221835218376015], [5.256615164389858, 52.22179402313393], [5.256752132246312, 52.22175261459623], [5.256785535757856, 52.22174496684974], [5.256818975043449, 52.221735090150744], [5.2569711046085885, 52.22167836483507], [5.2570433328678146, 52.221650743870285], [5.25714470708011, 52.22161502992483], [5.257256804328688, 52.221575597727416], [5.257409278443623, 52.22152078663349], [5.257629480008239, 52.22144075782284], [5.2577380830248455, 52.22139986530954], [5.257883829948979, 52.22134305992456], [5.258010097372639, 52.22129161678811], [5.25816201254055, 52.22122701635973], [5.258305073216419, 52.221162531912356], [5.258439384629662, 52.22109721088244], [5.258572783340747, 52.22102854523227], [5.258703535090398, 52.2209591036004], [5.258791229969395, 52.22091096117304], [5.258854152406456, 52.22087182456422], [5.2589154661975295, 52.22082717663404], [5.259005482657438, 52.22076032389555], [5.259035900486928, 52.22074221043594], [5.259116389771342, 52.220716134075], [5.259196857882092, 52.22071269799003], [5.259273073802256, 52.22072745761326], [5.259273866877011, 52.22072646980962], [5.259307629963073, 52.22074100371245], [5.259334336567468, 52.22075653661164], [5.25936513439416, 52.22078960020443], [5.259468509509366, 52.2207999221097], [5.259552573141212, 52.22080831765596], [5.25966441372452, 52.22082647693213], [5.259712102970129, 52.220827660831226], [5.2597433043114385, 52.2208220590992], [5.259768082613939, 52.2208518355376], [5.259782054159026, 52.22086862189303], [5.259886571035653, 52.22084817930789], [5.25998360431719, 52.22085017119888], [5.261055467185782, 52.22086048722966], [5.261514794286626, 52.22086898455412], [5.261598775259472, 52.220870538814104], [5.261883379067671, 52.220870903721604], [5.261994349376837, 52.220871048249684], [5.262488937756581, 52.22087168780185], [5.262868199261467, 52.22088110202123], [5.2629644657928765, 52.22088523874845], [5.262985770572686, 52.22088615092776], [5.263267780858512, 52.22089826585951], [5.263661635180372, 52.220938592994806], [5.265784241138678, 52.22118292389168], [5.268507482841493, 52.22147480043934], [5.268585715608493, 52.221486715916335], [5.268626792180566, 52.221492985681216], [5.268677582052966, 52.221500730184765], [5.268743380708992, 52.22151076362431], [5.269433229764724, 52.22161595420437], [5.269482118211275, 52.22162340885721], [5.269515968558582, 52.221628574602924], [5.270883652499321, 52.22183710634532], [5.2713065786132836, 52.221885921069266], [5.271805985654701, 52.22192902077316], [5.272347504655431, 52.22196351298056], [5.272770046333235, 52.22197502259229], [5.272945066766999, 52.22197823870093], [5.273018047760508, 52.2219787406084], [5.273289088706742, 52.221980592855175], [5.273763350265203, 52.221974397758025], [5.274105221215399, 52.22195932905706], [5.27479605274474, 52.22192051318155], [5.278834573988834, 52.22165412665834], [5.280751751260057, 52.22152616449075], [5.281002550818163, 52.22150941195754], [5.28183424972798, 52.22145383812978], [5.282286023623145, 52.22140513925056], [5.282706258940887, 52.221344232272266], [5.282753987056122, 52.2213355562378], [5.282989552859962, 52.22129273031197], [5.283288500166491, 52.22123692726796], [5.283681574062799, 52.22115594110262], [5.283724854386432, 52.221146658597846], [5.283760916406686, 52.221138933646586], [5.2839419291147, 52.2211001565454], [5.284151414009291, 52.22104482143177], [5.284358584758388, 52.22099010409435], [5.285309911967615, 52.220738818859516], [5.286693330559621, 52.22034950830417], [5.287731209020921, 52.22008326739061], [5.287804025638835, 52.22006426541767], [5.288178660812074, 52.21996834695494], [5.289771145793934, 52.21955907837425], [5.289857445241218, 52.21953690454732], [5.289896992315536, 52.219527068449004], [5.289936700421105, 52.21951719651849], [5.290063645736428, 52.219484495256076], [5.290911348748423, 52.21926609202163], [5.29097187767817, 52.21925052042974], [5.291031645193525, 52.21923514592], [5.29206011680152, 52.218970818632435], [5.292247850615143, 52.21892246215731], [5.292203787031656, 52.2188409790373], [5.29475965746444, 52.21812604468223], [5.294884112002402, 52.218091224145866], [5.295655696437906, 52.21787537880337], [5.295809959723054, 52.21783222167089], [5.296040840602918, 52.21768934047499], [5.2962321608610825, 52.21757094721929], [5.301509550174912, 52.21430472651074], [5.298967546465637, 52.21359650341762], [5.300285489095477, 52.21159641705865], [5.300951927669707, 52.21141102727699], [5.300953070017114, 52.211410443900085], [5.299009898712902, 52.20832739313753], [5.297808920317275, 52.20590206370672], [5.297429535508572, 52.20378039999846], [5.297479291550734, 52.20358166232409], [5.2972740768709645, 52.20352686927871], [5.297602927844165, 52.20308772052373], [5.297915427352512, 52.201839309661125], [5.297926751985565, 52.20179409130232], [5.298861797517424, 52.200077491906086], [5.3000701017532625, 52.19869780761269], [5.300956776408375, 52.19685266456519], [5.300572538117039, 52.19569499800509], [5.294381526681168, 52.19932431063675], [5.291949277732896, 52.19909239492682], [5.290659180282056, 52.19896936533607], [5.2908956241225855, 52.1987052609984], [5.29391253701484, 52.19533506332876], [5.290958473420703, 52.192986294803774], [5.29411249596654, 52.19099438362022], [5.296309570477841, 52.190116188785865], [5.299365527106378, 52.1892386030906], [5.3024221427976626, 52.1879503093716], [5.304907909200353, 52.185605670825055], [5.308539285052568, 52.18285111704558], [5.311501568376038, 52.18050664484635], [5.31446420842499, 52.17775147670033], [5.317139399061759, 52.175524012289436], [5.321342170972421, 52.172417440198856], [5.326303252747448, 52.17247875321475], [5.3269727606381805, 52.17124724079677], [5.328501999796214, 52.169136237870966], [5.330789381674365, 52.17089715566105], [5.330978196336709, 52.172481066978335], [5.328780695802438, 52.17488507484751], [5.327556741452617, 52.17610508369223], [5.341848340266848, 52.1658615085178], [5.344771159995801, 52.16376576551062], [5.344781614817132, 52.16379154659689], [5.347487897521707, 52.16284425078617], [5.350254031334294, 52.163064999118646], [5.3534161052163745, 52.163091090865386], [5.356997764270956, 52.16299551805362], [5.359930397944643, 52.16287048741869], [5.361145402091107, 52.162808294329174], [5.362253446677172, 52.16290962840029], [5.3645153517936075, 52.163234285022575], [5.365940355470895, 52.16368729671294], [5.366337221135831, 52.163813458471914], [5.366125739935537, 52.164678426983016], [5.3624797019115436, 52.16647000383989], [5.356713037112808, 52.168987227329794], [5.350838382249306, 52.17126978432213], [5.347221434852039, 52.172261018468895], [5.347036335628568, 52.17182518640115], [5.3470877959317615, 52.172015666480014], [5.347259502689644, 52.17243897379094], [5.347534476896287, 52.172862306451584], [5.3474656202015804, 52.1728834498853], [5.34595050306706, 52.17362360692228], [5.345984662083167, 52.173898729436424], [5.347566337478533, 52.17576154364366], [5.347803383120312, 52.17600186917125], [5.347787245395528, 52.1759828723796], [5.348113350526037, 52.17589361375233], [5.3500749014177424, 52.1754740064285], [5.355397615802145, 52.17413727375812], [5.362473335172667, 52.1714494285926], [5.369219858654951, 52.1683606435394], [5.373555326274606, 52.16582176579162], [5.374440362955319, 52.1653399767405], [5.375558830378556, 52.165057969299546], [5.3768203755345425, 52.164950293274785], [5.378135992392554, 52.16499147464647], [5.378221819563657, 52.16460541428931], [5.378626658077813, 52.16368010218078], [5.3795717281250335, 52.162565187927115], [5.38127753907559, 52.16160981407068], [5.382270576063304, 52.1612170054824], [5.383493446450262, 52.16070179816059], [5.384531281960555, 52.160279051035886], [5.384969232620936, 52.160163654642155], [5.386839714212376, 52.16159444142743], [5.389252852451325, 52.16347329974936], [5.391595702338854, 52.165361476249075], [5.391660587814478, 52.165413774383524], [5.39351371350627, 52.16702901248167], [5.394145535535646, 52.16764709257652], [5.394833571924505, 52.16832015353916], [5.3961158966851555, 52.16954080827625], [5.397524599343232, 52.17068345860842], [5.399224615256561, 52.17174087483963], [5.400673724414067, 52.172878108205694], [5.401188721598834, 52.17414198888305], [5.400721977103612, 52.17534758161674], [5.399225863627879, 52.17630989985362], [5.397560675693833, 52.17675625512305], [5.3961645445013255, 52.17676447843597], [5.394356678045311, 52.17667537258904], [5.391456247426036, 52.17682965021453], [5.388941112222966, 52.17727915719052], [5.388056991580104, 52.177855166233314], [5.387774603185908, 52.17856745876077], [5.3870646299526515, 52.17942576865478], [5.385766062149418, 52.18000337750159], [5.384277459167883, 52.17991898274389], [5.382408858388147, 52.17925044992932], [5.3799703064627575, 52.178075620671784], [5.3793976323547, 52.17776588917311], [5.378955619280801, 52.1774826242578], [5.3786099241088055, 52.17721488668385], [5.378327579397049, 52.17695181749508], [5.377632973949673, 52.17664376701843], [5.377486411612321, 52.17657877276861], [5.376868149561956, 52.17676865328226], [5.376384340136702, 52.17750787382571], [5.375944592781434, 52.17878252311117], [5.375676428439811, 52.17986695844824], [5.37549750089859, 52.18031799829293], [5.37500617984415, 52.18054601688821], [5.373799847548572, 52.180960840532045], [5.371899865809661, 52.18167381890523], [5.369748723709096, 52.18243640611746], [5.367575112685367, 52.18312006365991], [5.365608084656834, 52.18359603576435], [5.364403586932751, 52.18395063454956], [5.364103764736032, 52.184401327973774], [5.364317592512097, 52.18501702127443], [5.364654050831081, 52.18586606281734], [5.3653230907991505, 52.18680552906973], [5.366447278392932, 52.18758697489845], [5.367504301894741, 52.18812126816206], [5.367972794174565, 52.188319185909165], [5.36858222907629, 52.18841815841192], [5.369422952999502, 52.188588849811396], [5.370509850691664, 52.188815555424966], [5.371858743753094, 52.189082029390136], [5.374282066550931, 52.18948632115598], [5.374493869462201, 52.18951683072792], [5.375533351584559, 52.18966654878866], [5.376467825154455, 52.189944091845526], [5.377940785446709, 52.19064027141009], [5.379247442548012, 52.19148245657433], [5.379651271489375, 52.192081182574675], [5.379960079681973, 52.1925825628458], [5.3809817402492675, 52.193132659293866], [5.382212025340871, 52.193277115108], [5.3829671747292585, 52.192652477712635], [5.383785692500412, 52.191541072089095], [5.385206092648346, 52.19022524228565], [5.386491779771373, 52.18923390175753], [5.387001286068347, 52.18868061842265], [5.387415743195405, 52.188224689851715], [5.388416226194766, 52.18752538066898], [5.391135182500787, 52.18683250502989], [5.395342948946015, 52.18657754951261], [5.399677463944432, 52.18669236256436], [5.402776702739462, 52.18710897359994], [5.403748358020832, 52.18764913730591], [5.403072744207339, 52.188160326641004], [5.401446740221547, 52.18861321970637], [5.399567250067489, 52.188978494718825], [5.398310722729841, 52.18930961787825], [5.397751178743696, 52.189757490821044], [5.397381732022139, 52.1904389753374], [5.396695557000207, 52.191470958009816], [5.395626560358819, 52.19257921806277], [5.394351524904488, 52.193483043121326], [5.392727915866825, 52.1942895239941], [5.3906131628661536, 52.19510573217], [5.388564336941973, 52.195853764507255], [5.38689566475893, 52.19633890321101], [5.385100219710312, 52.1964930292338], [5.382671122318841, 52.19624796418229], [5.380556288595346, 52.19571405977108], [5.3794395352852185, 52.19517044304747], [5.378417826525255, 52.19480206809473], [5.376588125795961, 52.19479380423447], [5.374882413038589, 52.19519115620551], [5.374602338921759, 52.195948839967926], [5.375399411610412, 52.19711550993374], [5.376925183476962, 52.198739792929985], [5.37872045446637, 52.20015476581317], [5.380642678673758, 52.20094667084755], [5.382818490201603, 52.2015438588928], [5.385374605609442, 52.20237465200539], [5.387183485595125, 52.2035980362341], [5.3876773319547056, 52.20491876330621], [5.387822602696107, 52.20608372244365], [5.388264155426616, 52.206521139245574], [5.388585852720729, 52.20683980856567], [5.3897716488174465, 52.20684464949571], [5.390719682746101, 52.206099890725476], [5.391699335191979, 52.2048683680409], [5.392979957536547, 52.203412916825506], [5.394712094599475, 52.202242984956115], [5.39682450099161, 52.201530550259875], [5.399253760393818, 52.20103220794268], [5.401936449415771, 52.200504582327504], [5.404038576442868, 52.20020514647791], [5.406094595225903, 52.20020381685274], [5.408131230472479, 52.200414199811895], [5.4101745618861745, 52.200750385297304], [5.410410267567313, 52.20082984544497], [5.411187660816424, 52.2009333279438], [5.412613221822734, 52.20085808695808], [5.414792750817991, 52.20040155976976], [5.417182351486184, 52.199722462381764], [5.419276225896854, 52.19914631763903], [5.421235814905732, 52.198721278573146], [5.4232232603899595, 52.1984952615428], [5.425981893394127, 52.19813509392551], [5.429494073687583, 52.19748619065559], [5.432783056804481, 52.196864862233255], [5.434870962884268, 52.19658709156784], [5.436437066742971, 52.19662071727506], [5.438371873184421, 52.19669544369666], [5.439745668460951, 52.19675795103972], [5.439769870370143, 52.197236337264066], [5.4397701847755435, 52.197242466846525], [5.439772191432354, 52.19728195862239], [5.439661565109513, 52.19808132559845], [5.439648856198925, 52.1981942457752], [5.4396578191753475, 52.198228719218726], [5.439676041482654, 52.19825132455505], [5.439664738848861, 52.198452756564876], [5.439614307875025, 52.198851354734686], [5.439609293657499, 52.198890939507464], [5.439535075708328, 52.19937442056741], [5.439498765278272, 52.199394147087155], [5.439422360400791, 52.199960119576765], [5.43940950667534, 52.20010014713687], [5.439355606817986, 52.20068732985824], [5.439352251856806, 52.20075761639452], [5.439381683069365, 52.20075815160735], [5.439379829479576, 52.20081146840219], [5.439379065231552, 52.20083330024777], [5.439383829261248, 52.20090414941805], [5.439393511163846, 52.20110205774748], [5.439386670190667, 52.20142990185777], [5.439449050453645, 52.20219507329683], [5.439589618058805, 52.20213912431804], [5.439657850115953, 52.20220713199142], [5.439661643213385, 52.202210896212094], [5.439576499952237, 52.20230314054627], [5.439636819880069, 52.20260783792947], [5.439653841097319, 52.2026275946374], [5.439882258346428, 52.20288567772587], [5.4401405312136655, 52.203165452603145], [5.440405579185622, 52.2034565305599], [5.440438181669207, 52.2034896090941], [5.44093748546365, 52.203990823503396], [5.440865160319435, 52.204013883381705], [5.441024815612643, 52.20418194623851], [5.441027862377447, 52.204185252374884], [5.4411462324152335, 52.2043136525685], [5.4402422969538975, 52.20459614715162], [5.440213837404327, 52.20460290985098], [5.4401899626908135, 52.20461473063992], [5.440187172733939, 52.20463046962456], [5.440187158215705, 52.204642827927294], [5.440186436241194, 52.2046507645255], [5.440938172726894, 52.205466143094675], [5.4408475847316184, 52.205486416070734], [5.4410393595076965, 52.205693435539615], [5.440567917084047, 52.205836637951705], [5.439820495614624, 52.20598373708438], [5.439667881239339, 52.205647506839654], [5.439417359343584, 52.20507669201214], [5.439237129943847, 52.20460143134188], [5.438880478382384, 52.20473829372474], [5.4388732841990945, 52.20474104716637], [5.438713038111308, 52.2048025403954], [5.438105915030129, 52.20503549106499], [5.437339996764741, 52.20532828456233], [5.436651651657417, 52.20558613168771], [5.436462506478555, 52.20538341816084], [5.4363823889526985, 52.20529613470812], [5.435745426821229, 52.205523540176884], [5.435742238928436, 52.20552468294906], [5.435449902152776, 52.20562905326334], [5.435426308056966, 52.2056045800331], [5.434881331209389, 52.20581051605293], [5.434713926126304, 52.20587578163692], [5.434683784513585, 52.2059254157222], [5.434280918781743, 52.2060851568882], [5.434230964551385, 52.20611726348904], [5.434328703653124, 52.20621455379458], [5.434004589135113, 52.20635146925222], [5.434004282051229, 52.20635159520432], [5.433833750089955, 52.206423646602516], [5.43383300432193, 52.20642396147282], [5.432864769410627, 52.206832982790196], [5.432693505709612, 52.206851258525035], [5.432636961088796, 52.20686408806142], [5.432522253706078, 52.20689546394757], [5.432346012797338, 52.20695416843416], [5.432096098294949, 52.207043225795445], [5.431890823298588, 52.20712325086427], [5.431819835769913, 52.207162312033155], [5.431768335856292, 52.20720242634324], [5.431735966571765, 52.20723768893945], [5.431680689896384, 52.207304867048], [5.431666451990301, 52.20734546154811], [5.431685329526929, 52.207365290588804], [5.4307738511708274, 52.20777809303561], [5.430715985761356, 52.20780342423275], [5.430594990239234, 52.20785638038475], [5.430189158587853, 52.20805335425129], [5.429768413472636, 52.208263580197716], [5.429589036452835, 52.208356848939914], [5.429021382317157, 52.20867301086711], [5.428268362890283, 52.20909241537456], [5.4280520044548455, 52.20921291885392], [5.426977316196598, 52.20981143725497], [5.426035644286967, 52.21033586908851], [5.42471992410506, 52.210977542872705], [5.424200375475729, 52.21123340262386], [5.42311915410775, 52.211765890017965], [5.422571913082367, 52.2120137608335], [5.421987062251673, 52.21227866320528], [5.421028649357718, 52.213194345303506], [5.420617746606236, 52.213345278784125], [5.419623353640462, 52.21371052647983], [5.4186535216951555, 52.21421409097528], [5.417178861825792, 52.2149797547949], [5.416443402466289, 52.21533238016908], [5.4156899976436055, 52.21569360664979], [5.414320760433376, 52.216350078672555], [5.414169854131641, 52.21642242055005], [5.4141397196206436, 52.21643686192808], [5.4136913275413105, 52.216651827091255], [5.413126896233072, 52.216922423947274], [5.413093952329845, 52.21693821385233], [5.410246440166888, 52.218303223308766], [5.409669926667254, 52.2185795671252], [5.409046045461128, 52.21739110758618], [5.408871461632602, 52.217097300865184], [5.4088001392394505, 52.216974027960646], [5.408789284687289, 52.21695024816084], [5.408048990529323, 52.21532829425632], [5.407323630498653, 52.21364140455416], [5.407321242998135, 52.21363585946957], [5.407310784848406, 52.21361151321807], [5.407306888678867, 52.21360244516046], [5.4072905863263525, 52.213564555241256], [5.407275660832204, 52.21352985576531], [5.407221832548992, 52.21340465543309], [5.407036031364188, 52.21348428332596], [5.406824660351881, 52.21357989558537], [5.406764389772353, 52.21360737249681], [5.406549786446991, 52.213708638150585], [5.4063418236358265, 52.2138067835479], [5.406224909506446, 52.21386085544735], [5.4059927627352256, 52.21396823466132], [5.405563570055053, 52.21418831599757], [5.4053288755079585, 52.2142993163967], [5.405221922132027, 52.21435067142841], [5.405177377064685, 52.21437359725853], [5.405073425121142, 52.214430443260824], [5.4050599521460105, 52.21443812991656], [5.404975427776319, 52.214486362519594], [5.404930884648429, 52.214514770834874], [5.404815068749706, 52.21457986024953], [5.404590787956966, 52.21468991388243], [5.404451196427317, 52.21476144175919], [5.404301157104962, 52.214832988973555], [5.404213526464515, 52.21487426489835], [5.4040783662507135, 52.21494304141002], [5.4038318484318975, 52.21507323853583], [5.4037278771361645, 52.21512642530048], [5.40360160841897, 52.21518604140387], [5.403476862470712, 52.21524931520774], [5.40343080747563, 52.21526950828399], [5.403377304936806, 52.21529061913197], [5.4032644072141425, 52.21534472348024], [5.40273115015716, 52.21560244077371], [5.402178591359236, 52.21587390950618], [5.401836271940321, 52.21602902895808], [5.401710305828385, 52.216089892299536], [5.401513822115993, 52.216186985133696], [5.401261595522585, 52.216309969321635], [5.401045357774042, 52.21641344511036], [5.400756697626513, 52.216550902939], [5.400405564892731, 52.216725217253575], [5.400051794714931, 52.21689683445987], [5.399859108939759, 52.216995901429904], [5.399627065273648, 52.21711420624288], [5.398920245836818, 52.21747307365112], [5.398725943861293, 52.21756620695655], [5.398582997524992, 52.21763758438396], [5.398486578182094, 52.21768648756259], [5.398321975923395, 52.21776514691161], [5.398115674796904, 52.21786852647872], [5.397932637045428, 52.21796201692785], [5.397616890798303, 52.218120501055544], [5.397377078833737, 52.2182351171082], [5.3970641090040194, 52.218393599506555], [5.396718506941302, 52.21856313877859], [5.396456304169745, 52.21869195555278], [5.396302025066795, 52.21876699814082], [5.396164104023467, 52.21883407604824], [5.395846735687326, 52.21899291505537], [5.3955734077069195, 52.21912874119309], [5.395522356009458, 52.21915384787237], [5.395261009629656, 52.219282365318506], [5.39505162146931, 52.219386638500836], [5.39462552500076, 52.21959311701616], [5.394388917116801, 52.21970943444986], [5.394186109344696, 52.219808942131785], [5.393933403010239, 52.21993200049064], [5.393642065604325, 52.22008013650516], [5.3935778290150145, 52.220121663832664], [5.393574610075174, 52.22012516926273], [5.393558075917441, 52.2201397304536], [5.393556027383431, 52.22014116861871], [5.3935250085643505, 52.22017568357536], [5.393498380261728, 52.22021289463103], [5.393463119324874, 52.22025999275799], [5.393430199550983, 52.22030574257354], [5.393400792976289, 52.220359311597996], [5.393377969433838, 52.22039751108096], [5.393348561513456, 52.220442451779824], [5.393309496572328, 52.22049790873909], [5.393219076308922, 52.220626888788104], [5.393214979747354, 52.22063389950551], [5.393211322841334, 52.22064549399018], [5.393209714963121, 52.220658975810785], [5.393209717005263, 52.22067371584264], [5.393211036113607, 52.2206884558056], [5.393214550358793, 52.220703375410174], [5.393219528675241, 52.2207230584849], [5.39322860598927, 52.22075316722059], [5.393237390971292, 52.22078570268338], [5.393257155502352, 52.22084654921342], [5.393274724727277, 52.22090568816889], [5.393302980803381, 52.22099232929572], [5.393333723646995, 52.22107079136229], [5.393401208929819, 52.22122232245095], [5.393438393289101, 52.22131543429181], [5.393484067547824, 52.22142130836516], [5.393516273289939, 52.22149186101406], [5.393531939271874, 52.22154156281475], [5.393548335706573, 52.22158236662803], [5.39355946259861, 52.22161499181102], [5.39357996196729, 52.22169156692717], [5.393608073427831, 52.22178252213159], [5.393627252851699, 52.221838784831895], [5.3936476027478815, 52.22189280050746], [5.393680834696978, 52.22197135220987], [5.393726218742273, 52.22208540511152], [5.393771456986817, 52.22220152520071], [5.393795467887519, 52.222268842614696], [5.393832829048757, 52.22235860184624], [5.3938708492754435, 52.22245067988437], [5.39390804815315, 52.22253002221364], [5.393942597742107, 52.222605877410395], [5.3939651438723075, 52.2226617803378], [5.39399296093552, 52.22273287236756], [5.394019607278274, 52.22280378470269], [5.394046986590793, 52.2228819771222], [5.394073340951909, 52.22295630483245], [5.394087837156227, 52.223005197712176], [5.3941162410522425, 52.22308276090421], [5.394144206330593, 52.223162391313416], [5.394175829816622, 52.22323815673114], [5.39420847993893, 52.2233268645379], [5.394231027537121, 52.223387530951754], [5.39426441318597, 52.223498168976185], [5.3942893030171755, 52.223561711336025], [5.3943158025088405, 52.22362363578316], [5.394347280411197, 52.22370029993961], [5.394385347634373, 52.22379772553946], [5.394416238886074, 52.22386540189242], [5.394447712168285, 52.2239122264597], [5.394482406254742, 52.22396507265396], [5.394498361784882, 52.223984305579826], [5.394523247176817, 52.22401782856989], [5.39457551429812, 52.224133588352274], [5.394599534077891, 52.22423991271155], [5.394612420559342, 52.22428386231846], [5.394657273085688, 52.22442857229713], [5.394683001556634, 52.224511609086825], [5.394684907281333, 52.22452985423421], [5.394687105174051, 52.224544953626285], [5.394697505041658, 52.22459600375872], [5.394713909074546, 52.22466817487171], [5.394745395181572, 52.22478402579235], [5.394765426623597, 52.22484278683513], [5.3947919595830705, 52.224920637571586], [5.394794302665231, 52.22492872645345], [5.3948005984985565, 52.22494355593861], [5.394820513349906, 52.22500431227346], [5.39485273149583, 52.22511872505949], [5.394856978843174, 52.22513607126543], [5.394858296609007, 52.225139306792315], [5.394896077227008, 52.22525803334742], [5.39489739601431, 52.22526702107661], [5.39490091029729, 52.225276907441284], [5.3949127731709146, 52.22532247488235], [5.3949183393708795, 52.22534889869243], [5.394918340134175, 52.22535321284443], [5.394920537160541, 52.225362739783584], [5.394921708963425, 52.225368132395445], [5.394939145727638, 52.22548308540513], [5.394943835515238, 52.225519036357426], [5.394967410650472, 52.225584915471494], [5.39502568373024, 52.225713617073936], [5.395129050740818, 52.22592734030234], [5.395137410689654, 52.225943356017154], [5.3951677027290845, 52.2260013073719], [5.395185564095302, 52.2260323141052], [5.395302104935228, 52.22624612613857], [5.395313817909968, 52.22626904424739], [5.3953144036633915, 52.226270751891256], [5.39531689300321, 52.22627740270012], [5.39532538906982, 52.22631631934419], [5.39532612297314, 52.22632764393985], [5.395330517330859, 52.22634687755582], [5.395332715163927, 52.22635999961162], [5.3953669941726385, 52.2265253729952], [5.395393501344163, 52.22661084524157], [5.3953965776736315, 52.22662558504002], [5.3954128314467775, 52.226667017714185], [5.395480624274066, 52.22681468268005], [5.395542855821332, 52.22696234800367], [5.3955973238699, 52.22707496137909], [5.395634221774799, 52.22715144499565], [5.3956984981325755, 52.22727214663855], [5.395738330385883, 52.22738323308662], [5.3957868093106285, 52.22755058258982], [5.3958130814640715, 52.22762462224537], [5.395890785469568, 52.227843667422675], [5.395917584526036, 52.227915927424725], [5.395957707445219, 52.228011105336066], [5.396011004804228, 52.22811329272556], [5.396059760564347, 52.228193190661976], [5.39608523430665, 52.228223567518405], [5.396106610305832, 52.22825619163691], [5.396119786761628, 52.2282736269798], [5.396134720221645, 52.228294028163845], [5.396155218537732, 52.228328809415544], [5.396178936732979, 52.22836260175502], [5.396202508746145, 52.22839711312585], [5.3962153929380365, 52.228416435920785], [5.3962190536835974, 52.2284241651544], [5.39622359299797, 52.22843369188194], [5.3962320864460676, 52.22845409355375], [5.396236772281061, 52.22846433929426], [5.396239701908651, 52.22847548395255], [5.396246586048518, 52.22849930111699], [5.396261239269058, 52.228579381374914], [5.3962860025889645, 52.22871114075398], [5.396322188733856, 52.22887175010092], [5.3963522208181125, 52.22899955440808], [5.396374780729136, 52.22909131817482], [5.3963976336403565, 52.229183890815406], [5.396414186482167, 52.22924653454167], [5.396430888393422, 52.22932176118748], [5.39643704001024, 52.22934126424649], [5.396441728415012, 52.22936301437411], [5.396445685110929, 52.22938539370656], [5.396448469165803, 52.2293997739811], [5.3964503745123675, 52.22941181749492], [5.396455793827878, 52.22942907365842], [5.396459162377799, 52.229438780224754], [5.396463556181377, 52.22945163244265], [5.3964754195951325, 52.22948695358893], [5.396495046234124, 52.22954869827376], [5.396523165202036, 52.229623654353404], [5.396558899171072, 52.22971568665022], [5.3965878062688235, 52.22977905736212], [5.396598877091353, 52.22980331456446], [5.396605612206986, 52.229812930975285], [5.396612273759577, 52.22982077679317], [5.3966129325958185, 52.22982155867922], [5.396625816294369, 52.22983584825114], [5.3966282321898, 52.22983946115442], [5.396635480734651, 52.229854272475606], [5.396637240749047, 52.22987080990196], [5.396654965889425, 52.22993686885893], [5.396660722887319, 52.229958223424994], [5.3966624367973015, 52.229964550703066], [5.396671368219064, 52.22997740254216], [5.396675467507821, 52.22998153659997], [5.396677268243554, 52.2299832441368], [5.3966802987508045, 52.229986119988425], [5.396686887910426, 52.22999744408995], [5.396688206732157, 52.230004274717174], [5.39669604430609, 52.23003521011578], [5.396715894659694, 52.230113564210605], [5.396743732503628, 52.23023849247048], [5.396751453565402, 52.23027174672837], [5.39675193704452, 52.23027381388462], [5.396770830587508, 52.23032657076644], [5.396780350866828, 52.23035434231032], [5.396788699095208, 52.23037717065532], [5.3967960216014035, 52.2303948760335], [5.3968007073763316, 52.230403324186305], [5.396804953463492, 52.23040916591084], [5.396813447416698, 52.23042893838693], [5.396818572178535, 52.23043675735607], [5.396825161281989, 52.23044736242431], [5.396850201084087, 52.23049301841365], [5.396891346448552, 52.2305588956236], [5.396895301029682, 52.2305702199321], [5.396904672018659, 52.230584240130554], [5.39690818666892, 52.2305918794739], [5.396924294289343, 52.23062144801586], [5.396939671662751, 52.23065820686314], [5.396950362426409, 52.23068292243876], [5.396956366703961, 52.230696223890696], [5.396970132415278, 52.23072579262245], [5.396998104341196, 52.23079086199671], [5.397033693531672, 52.23088145609343], [5.397127126995233, 52.23108771833407], [5.397226717857467, 52.23133226802029], [5.397322647142977, 52.2315627070741], [5.397325283309769, 52.231568728675015], [5.397429267402181, 52.23181219924972], [5.397545557146668, 52.232092788266165], [5.397626257593265, 52.232286558149305], [5.397679278444025, 52.23241930326995], [5.397737864608691, 52.232562743347586], [5.397818419101718, 52.2327513001694], [5.3978509823507945, 52.23284560622714], [5.3979736796616455, 52.23314791770547], [5.398037101584572, 52.23330447936158], [5.398100962498602, 52.233458614231125], [5.398147247649847, 52.233571766332865], [5.398193096317905, 52.23369462528282], [5.398248170023001, 52.233827819310555], [5.398305440686496, 52.23396442846487], [5.398353047771458, 52.234091062053366], [5.398399923476681, 52.234218774226385], [5.398453974809788, 52.23435610263281], [5.398492353248995, 52.23445487486172], [5.3985261901974795, 52.23453935691337], [5.398573502585174, 52.23465376701828], [5.39862404379772, 52.23479918470007], [5.398637817692153, 52.23485104296202], [5.398645728741794, 52.23487459022422], [5.398649831969636, 52.23489139700928], [5.398652031296726, 52.2349048784949], [5.398656135350554, 52.23492483101001], [5.398661702227738, 52.23494073887041], [5.398671667405582, 52.234982171652554], [5.398675768797357, 52.234991878073714], [5.398686021085438, 52.235011560347466], [5.398712094107854, 52.23507258494222], [5.398800416860729, 52.23526491511694], [5.398874986330491, 52.23542678694256], [5.398896705042357, 52.23546134285638], [5.398964611767296, 52.23561317591575], [5.399003136518726, 52.235703409531524], [5.3991222261412775, 52.23597797468883], [5.399160164396842, 52.23606245611586], [5.399250982496756, 52.23626494187595], [5.399383410425939, 52.23658830910809], [5.3994699889385736, 52.23680418694276], [5.399524636396955, 52.23695616484275], [5.399569169286383, 52.23705942992333], [5.39961911652782, 52.237153976245104], [5.399641818510962, 52.23719208208642], [5.399677118825726, 52.237259486795274], [5.3997116834328285, 52.23731340987578], [5.399736731364561, 52.237363648972284], [5.399765590598832, 52.23743123410086], [5.399791226661267, 52.2374899216505], [5.399809245836745, 52.237533420640986], [5.399820671205984, 52.2375559787754], [5.399829399927139, 52.237568201234225], [5.399831508884276, 52.23757116697882], [5.399835756776131, 52.23757952516975], [5.399846738074925, 52.237635913416675], [5.399850917239472, 52.23765977556377], [5.3998514451229385, 52.23766275046722], [5.399855258909208, 52.23768872478593], [5.399870498270471, 52.237737706623015], [5.399890279030336, 52.237797293563574], [5.399909910431858, 52.23784645467258], [5.399934082352113, 52.23790307515321], [5.399961182622195, 52.237960863721504], [5.399987840815508, 52.2380084961218], [5.40000688494173, 52.23805118606403], [5.4000161129784345, 52.23806826186301], [5.400024169262424, 52.23808336047495], [5.400035303345357, 52.238110232760455], [5.400045118572657, 52.23813270117002], [5.400070027336524, 52.23820478054761], [5.4000943491637, 52.2382720065742], [5.400118230600719, 52.23833491850184], [5.400139916783044, 52.23840007761632], [5.400171268366723, 52.2384753918606], [5.4002043778593, 52.23855412126182], [5.400232512037849, 52.23864013132258], [5.400264596908198, 52.23871868106312], [5.40030049105505, 52.2388064877949], [5.400327449679611, 52.23887676932028], [5.4003506015946705, 52.23894579297644], [5.400380490017432, 52.239021466834416], [5.400401005007457, 52.23908428919858], [5.400429282382428, 52.239157266886316], [5.400451847749126, 52.23922215620026], [5.400473240285414, 52.23928147321026], [5.400491995795722, 52.239334678816185], [5.400517634864575, 52.23939651191548], [5.400531846282637, 52.23943084366543], [5.400539173266055, 52.23945349206861], [5.4005577784309935, 52.23949321598909], [5.400571552670175, 52.23953401899511], [5.400591477383247, 52.23957985445815], [5.400616381427033, 52.23963090226542], [5.400637771688341, 52.23968141120391], [5.400649493033543, 52.23971115944996], [5.400657405461214, 52.239732908997865], [5.400678358948442, 52.2397910576027], [5.400696674384127, 52.239839949081336], [5.400716600329461, 52.239888930248156], [5.400735501933365, 52.239939349576815], [5.400755576585598, 52.23999552095326], [5.40076861927876, 52.24003677340719], [5.40077199192873, 52.24005411945527], [5.400780197896359, 52.24007784627386], [5.40078767268299, 52.24010426951469], [5.400791336988439, 52.2401178406551], [5.400796026794938, 52.2401335687462], [5.400807749616009, 52.240167361480616], [5.400820790376589, 52.24020205283918], [5.4008322168878, 52.24022443110885], [5.400851118569929, 52.24027422127045], [5.400880711034287, 52.240334166381636], [5.400919679889785, 52.240414512671585], [5.400958941444603, 52.240494050011776], [5.400989998936247, 52.24055615199058], [5.400999667904963, 52.240575834112626], [5.401033512032952, 52.240653214995824], [5.401080535251316, 52.240738144047306], [5.401128585261004, 52.24082864538702], [5.401182203508242, 52.240933526505344], [5.401192752402275, 52.24095734288887], [5.401218393436549, 52.2410193555734], [5.401227769390641, 52.24103777941951], [5.401235973890695, 52.24105557426022], [5.401254584021069, 52.24110680243138], [5.401280079337178, 52.24117043292076], [5.401293120443135, 52.24120413556385], [5.401304698350671, 52.24124053471919], [5.40133284169269, 52.241343171887564], [5.401352624538679, 52.241398174770765], [5.40136068445239, 52.241421272415586], [5.401389555592524, 52.241509978403656], [5.401415348040893, 52.24158565246213], [5.401428682596679, 52.241620613342576], [5.401434105561122, 52.241638588262255], [5.40144846594627, 52.241676425107954], [5.401461656504309, 52.24171866611163], [5.401477919043548, 52.241752727849146], [5.401491545614049, 52.24178490247083], [5.401509713840458, 52.24182606432441], [5.401527295698658, 52.2418648894214], [5.401542681606856, 52.241904254052585], [5.40156275511415, 52.241951077970626], [5.401584148739169, 52.24200518183191], [5.401602612138962, 52.24205299459742], [5.401627666079905, 52.242106918242705], [5.401670595492232, 52.24220110496541], [5.401694181281135, 52.242242266116264], [5.401703995858612, 52.242257454261924], [5.401719232949657, 52.24228863999762], [5.401738573510205, 52.24233168910223], [5.4017498552117145, 52.24235586485033], [5.401750882174514, 52.24236215617475], [5.4017564500181, 52.24237482826362], [5.401768321016906, 52.242409969038825], [5.401772134722187, 52.24243108986721], [5.401777263581947, 52.242444481032834], [5.40177975721474, 52.24245844774562], [5.401781517424298, 52.24246829814252], [5.401792807495281, 52.242517549815524], [5.401809074576106, 52.24256365513883], [5.40182417597133, 52.24262656777004], [5.401839125736618, 52.24267366190985], [5.401845132793632, 52.24268606430516], [5.401993448695925, 52.242989716022656], [5.402115849766988, 52.24328923646542], [5.4022681239304795, 52.24368190234125], [5.402396529509285, 52.244017040278464], [5.402533890822328, 52.244374098090624], [5.402587646271133, 52.244514713920665], [5.40276378150541, 52.244951218341036], [5.402804022846892, 52.24504801141846], [5.402976081426992, 52.245455611310796], [5.403131977781302, 52.245822085028884], [5.403150486620499, 52.24586510702455], [5.403239338323713, 52.24607158918937], [5.403393580888014, 52.24646836056205], [5.403409527070589, 52.24650939656694], [5.403455313875105, 52.24662720206079], [5.403658085982339, 52.24714078947476], [5.403662175268339, 52.24715137650562], [5.403722723267741, 52.247308016005306], [5.403910801479656, 52.24778687621379], [5.403912428407417, 52.247790983396904], [5.404112146644788, 52.248294063644714], [5.404250279358121, 52.24864498041839], [5.404608676417337, 52.249543399869516], [5.404643328230838, 52.249630477283524], [5.402896765609866, 52.24952706860832], [5.398200020526404, 52.25226427529615], [5.397907187810758, 52.25243491748214], [5.397614338206876, 52.25260556792604], [5.393236173842154, 52.25515656285539], [5.384679409029715, 52.260354693887116], [5.380279947257015, 52.26302661119465], [5.379277420186705, 52.26363540702115], [5.378869656857365, 52.263883019102344], [5.378067184588897, 52.26437030381633], [5.365819976314106, 52.27180514663529], [5.365474333457097, 52.272014911845176], [5.341326999417689, 52.28666261941685]]]}}], "properties": {"sourceId": "agrest-ov-overstroombaar-gebied", "title": "Omgevingsverordening — Overstroombaar gebied", "serviceUrl": "https://agrest.geodata-utrecht.nl/rest/services/Omgevingsverordening/FeatureServer", "layerId": 0, "role": "conditional", "authoritative": true, "licenseNote": "Structured open data of provincie Utrecht on agrest.geodata-utrecht.nl; service is anonymously queryable; no license statement exposed by the endpoint itself (platform presented as open data).", "lastChecked": "2026-10-04T16:20:00Z", "where": "NAAM='Overstroombaar gebied'", "fetchedAt": "2026-10-04T15:58:52Z", "userAgent": "ldttoolbox-geoconnector/0.1 (wind-turbine opportunity-map PoC; cache-first, single-page politeness; open data of provincie Utrecht via geo-point.provincie-utrecht.nl)", "pages": 1, "featureCount": 2, "bbox": null, "simplifyM": null, "queryFingerprint": "{\"bbox\": null, \"simplify_m\": null}", "crs": "OGC:CRS84/WGS84 (RFC 7946 default, no crs member)"}}