{"type": "FeatureCollection", "name": "bos final ∩ groene_contour", "crs": {"type": "name", "properties": {"name": "EPSG:4326"}}, "features": [{"type": "Feature", "properties": {"name": "bos final ∩ groene_contour", "useCase": "bos", "zoneId": "groene_contour", "overlapKm2": 23.920812314, "crs": "EPSG:4326"}, "geometry": {"type": "MultiPolygon", "coordinates": [[[[4.984928, 51.974728], [4.985321, 51.974851], [4.98525, 51.975532], [4.985213, 51.975888], [4.986162, 51.976075], [4.988365, 51.976508], [4.98864, 51.976108], [4.988778, 51.975908], [4.988722, 51.975885], [4.988661, 51.975771], [4.988621, 51.975695], [4.988405, 51.975743], [4.988402, 51.975744], [4.987993, 51.975599], [4.987876, 51.975537], [4.987435, 51.975302], [4.987073, 51.9749], [4.987026, 51.974885], [4.986194, 51.974616], [4.986122, 51.974547], [4.985906, 51.974343], [4.985719, 51.974079], [4.985334, 51.974309], [4.985328, 51.974308], [4.985232, 51.974289], [4.984963, 51.974678], [4.984928, 51.974728]]], [[[5.007426, 51.977937], [5.007842, 51.978117], [5.007843, 51.978117], [5.008433, 51.978293], [5.009341, 51.978564], [5.008688, 51.979739], [5.008402, 51.980254], [5.008819, 51.980292], [5.008949, 51.980043], [5.008954, 51.980034], [5.009018, 51.980074], [5.009484, 51.980104], [5.009661, 51.980165], [5.01074, 51.980144], [5.010935, 51.980076], [5.011055, 51.980064], [5.011085, 51.980061], [5.011148, 51.98008], [5.01121, 51.980099], [5.010967, 51.980431], [5.011198, 51.980423], [5.011206, 51.980406], [5.011325, 51.980142], [5.011397, 51.980077], [5.0115, 51.980053], [5.011576, 51.980036], [5.011722, 51.980042], [5.011915, 51.980049], [5.012648, 51.979993], [5.012931, 51.979972], [5.01297, 51.979946], [5.01302, 51.979912], [5.013213, 51.979464], [5.013544, 51.979507], [5.01358, 51.979426], [5.013923, 51.978657], [5.014428, 51.975593], [5.014493, 51.975198], [5.013404, 51.975954], [5.011944, 51.977032], [5.011042, 51.976465], [5.00819, 51.97739], [5.008038, 51.977234], [5.007436, 51.977401], [5.006878, 51.977555], [5.007426, 51.977937]]], [[[4.996682, 51.978745], [4.996557, 51.978809], [4.996223, 51.978833], [4.996025, 51.978677], [4.996134, 51.97884], [4.9962, 51.97894], [4.996601, 51.979337], [4.997246, 51.979975], [4.997725, 51.980395], [4.997762, 51.980428], [4.998145, 51.980712], [4.998765, 51.980898], [4.999985, 51.981176], [5.001008, 51.981327], [5.001694, 51.981398], [5.002632, 51.981452], [5.003315, 51.981454], [5.002963, 51.980121], [5.00282, 51.979582], [5.002387, 51.979544], [5.001781, 51.9794], [5.001295, 51.979285], [5.000867, 51.979243], [5.000344, 51.979191], [4.998525, 51.97913], [4.998379, 51.979287], [4.998242, 51.979326], [4.998195, 51.979324], [4.99814, 51.979321], [4.99799, 51.979286], [4.997854, 51.979225], [4.997531, 51.979081], [4.997435, 51.978996], [4.997382, 51.978949], [4.99733, 51.978872], [4.99723, 51.978722], [4.996992, 51.97861], [4.99699, 51.978611], [4.996892, 51.978653], [4.996827, 51.978742], [4.996726, 51.978744], [4.996682, 51.978745]]], [[[4.882707, 52.013274], [4.8827, 52.013313], [4.882688, 52.013379], [4.882795, 52.013387], [4.882828, 52.013374], [4.882901, 52.013344], [4.882932, 52.013415], [4.879111, 52.016838], [4.879107, 52.016841], [4.87909, 52.016855], [4.878954, 52.01679], [4.878875, 52.016837], [4.878854, 52.01685], [4.878813, 52.017084], [4.879769, 52.017054], [4.879965, 52.01691], [4.880021, 52.016869], [4.880044, 52.016877], [4.880084, 52.01689], [4.883401, 52.013929], [4.883416, 52.013898], [4.88345, 52.013828], [4.883314, 52.01351], [4.883147, 52.01312], [4.884073, 52.012295], [4.884483, 52.01193], [4.884321, 52.011857], [4.8843, 52.011874], [4.883966, 52.012142], [4.883921, 52.012143], [4.883871, 52.012207], [4.883825, 52.012267], [4.883201, 52.012829], [4.882707, 52.013274]]], [[[4.939413, 52.018235], [4.939647, 52.018381], [4.940253, 52.018758], [4.940838, 52.019205], [4.941827, 52.019886], [4.942111, 52.019492], [4.942429, 52.019052], [4.943032, 52.018146], [4.943608, 52.017282], [4.944336, 52.017434], [4.944445, 52.017457], [4.943794, 52.018423], [4.945065, 52.018832], [4.946189, 52.019194], [4.946646, 52.018584], [4.947487, 52.01746], [4.94773, 52.017538], [4.948633, 52.017828], [4.947458, 52.019353], [4.947949, 52.019532], [4.94849, 52.019729], [4.948747, 52.019404], [4.949278, 52.018732], [4.949505, 52.018812], [4.950211, 52.01906], [4.950115, 52.019192], [4.950068, 52.019256], [4.951038, 52.019594], [4.953084, 52.016967], [4.943224, 52.01491], [4.941957, 52.01691], [4.94109, 52.016711], [4.941107, 52.016678], [4.941196, 52.016508], [4.939244, 52.01604], [4.938989, 52.016351], [4.938173, 52.017348], [4.938339, 52.017467], [4.938668, 52.017702], [4.938816, 52.017772], [4.938882, 52.017803], [4.939221, 52.018079], [4.939413, 52.018235]]], [[[5.013313, 52.047809], [5.013203, 52.047989], [5.013054, 52.048232], [5.013233, 52.048255], [5.01357, 52.048299], [5.013889, 52.048028], [5.014106, 52.047844], [5.014254, 52.047748], [5.015428, 52.046992], [5.015995, 52.046555], [5.014279, 52.046294], [5.01395, 52.046244], [5.013644, 52.046643], [5.013313, 52.047809]]], [[[4.912506, 52.046751], [4.912491, 52.046745], [4.912169, 52.047032], [4.90946, 52.049496], [4.905443, 52.053148], [4.905891, 52.053236], [4.906527, 52.053361], [4.916896, 52.043895], [4.916903, 52.043822], [4.916903, 52.043819], [4.916385, 52.043488], [4.916272, 52.043416], [4.915485, 52.044066], [4.915483, 52.044068], [4.915243, 52.044283], [4.912597, 52.046662], [4.912634, 52.046683], [4.912533, 52.046746], [4.912517, 52.046756], [4.912506, 52.046751]]], [[[5.016192, 52.050394], [5.014952, 52.051554], [5.015906, 52.052096], [5.01739, 52.05294], [5.017851, 52.052412], [5.018387, 52.051436], [5.016192, 52.050394]]], [[[4.994303, 52.051594], [4.993903, 52.051743], [4.993695, 52.051537], [4.993497, 52.051232], [4.992954, 52.051502], [4.992522, 52.051622], [4.992311, 52.051705], [4.992171, 52.051761], [4.992461, 52.051993], [4.992422, 52.051996], [4.992193, 52.052012], [4.992223, 52.052208], [4.992268, 52.052497], [4.992473, 52.052486], [4.993829, 52.052412], [4.994398, 52.05242], [4.995116, 52.052484], [4.997649, 52.052942], [4.997782, 52.052973], [4.999396, 52.053344], [5.000254, 52.053587], [5.000694, 52.053712], [5.000788, 52.053747], [5.00111, 52.053869], [5.002399, 52.054497], [5.003753, 52.055238], [5.003921, 52.055301], [5.004087, 52.055364], [5.004445, 52.055442], [5.004687, 52.055464], [5.005274, 52.055451], [5.005982, 52.05533], [5.00677, 52.054998], [5.008653, 52.054205], [5.008518, 52.053999], [5.008378, 52.053702], [5.008213, 52.053349], [5.00807, 52.052684], [5.007158, 52.05293], [5.007063, 52.052006], [5.006543, 52.051912], [5.00548, 52.051719], [5.004865, 52.051568], [5.004185, 52.051402], [5.003681, 52.051318], [5.003372, 52.051266], [5.003904, 52.052633], [5.004019, 52.053068], [5.003847, 52.053048], [5.00345, 52.053001], [5.003141, 52.05266], [5.002977, 52.052403], [5.002947, 52.052318], [5.002865, 52.052088], [5.002721, 52.051161], [5.001814, 52.050987], [5.000585, 52.05075], [4.999288, 52.0506], [4.999159, 52.050585], [4.999077, 52.050566], [4.997971, 52.050309], [4.997538, 52.050284], [4.99742, 52.050277], [4.996092, 52.050356], [4.995551, 52.050438], [4.995385, 52.05048], [4.994953, 52.05059], [4.994328, 52.050806], [4.993932, 52.050987], [4.994018, 52.051101], [4.994157, 52.051286], [4.994303, 52.051594]]], [[[4.836219, 52.095229], [4.835436, 52.095105], [4.834086, 52.094892], [4.834085, 52.094926], [4.833292, 52.094782], [4.833292, 52.09477], [4.833293, 52.094753], [4.83327, 52.09475], [4.831808, 52.094531], [4.831786, 52.09559], [4.831696, 52.095588], [4.831389, 52.09558], [4.83139, 52.095553], [4.830423, 52.095536], [4.830496, 52.093824], [4.828743, 52.093735], [4.828712, 52.093716], [4.828698, 52.093708], [4.828289, 52.093709], [4.828236, 52.093657], [4.828196, 52.094807], [4.828173, 52.095464], [4.827459, 52.095444], [4.827457, 52.095565], [4.826172, 52.095558], [4.826173, 52.095524], [4.826173, 52.095515], [4.825365, 52.095507], [4.825367, 52.095363], [4.824811, 52.095353], [4.82443, 52.095346], [4.824435, 52.094591], [4.824441, 52.093652], [4.823363, 52.093614], [4.82332, 52.095504], [4.823304, 52.096733], [4.823285, 52.097388], [4.823767, 52.097361], [4.8238, 52.097359], [4.824221, 52.097361], [4.828129, 52.097377], [4.828113, 52.098817], [4.828102, 52.099766], [4.82919, 52.099776], [4.83031, 52.099786], [4.83031, 52.099674], [4.830935, 52.099673], [4.831287, 52.099673], [4.831243, 52.10458], [4.831271, 52.10457], [4.833048, 52.103913], [4.833789, 52.103687], [4.834463, 52.103422], [4.834743, 52.103312], [4.836004, 52.102927], [4.836401, 52.10287], [4.83662, 52.102838], [4.839233, 52.102645], [4.839486, 52.10278], [4.839695, 52.102892], [4.840626, 52.102788], [4.841224, 52.102721], [4.842597, 52.102817], [4.84331, 52.102666], [4.84361, 52.102602], [4.844236, 52.102375], [4.845082, 52.102068], [4.845206, 52.102139], [4.8453, 52.102193], [4.845419, 52.102154], [4.846636, 52.101756], [4.846891, 52.101621], [4.84769, 52.101198], [4.847697, 52.098545], [4.84133, 52.098307], [4.841331, 52.098189], [4.841345, 52.095604], [4.840769, 52.09548], [4.839327, 52.095359], [4.838711, 52.095347], [4.837361, 52.095393], [4.836762, 52.095344], [4.836649, 52.095343], [4.836216, 52.095337], [4.836219, 52.095229]]], [[[4.826573, 52.102565], [4.825284, 52.102561], [4.8242, 52.102558], [4.824206, 52.102099], [4.823146, 52.102132], [4.823056, 52.105193], [4.823087, 52.105198], [4.824034, 52.105347], [4.824061, 52.105348], [4.824686, 52.105383], [4.825824, 52.105353], [4.826487, 52.105335], [4.826573, 52.102565]]], [[[4.977493, 52.112026], [4.977189, 52.111692], [4.973661, 52.115933], [4.973951, 52.116028], [4.969601, 52.121249], [4.969985, 52.121978], [4.969796, 52.122203], [4.969802, 52.122215], [4.969934, 52.122499], [4.969962, 52.122539], [4.970108, 52.12275], [4.970151, 52.122763], [4.970174, 52.12277], [4.97026, 52.122666], [4.970318, 52.122595], [4.970866, 52.123748], [4.974943, 52.11847], [4.974503, 52.118334], [4.974569, 52.118252], [4.974696, 52.118092], [4.974172, 52.117946], [4.97421, 52.117906], [4.974334, 52.117776], [4.974152, 52.117719], [4.974055, 52.117689], [4.974843, 52.116728], [4.974497, 52.116619], [4.974599, 52.116497], [4.974713, 52.116361], [4.974694, 52.116358], [4.974678, 52.116356], [4.974725, 52.116282], [4.974916, 52.116305], [4.975002, 52.116283], [4.975112, 52.116205], [4.97519, 52.116151], [4.976142, 52.115016], [4.977143, 52.113823], [4.977986, 52.112879], [4.978106, 52.112744], [4.978104, 52.112699], [4.977493, 52.112026]]], [[[5.012798, 52.159598], [5.013178, 52.159363], [5.009633, 52.157016], [5.008212, 52.156531], [5.003664, 52.154702], [5.002845, 52.155209], [5.002569, 52.15538], [5.001757, 52.155962], [5.004174, 52.156922], [5.006999, 52.158044], [5.006656, 52.158317], [5.006221, 52.158663], [5.010893, 52.160644], [5.01155, 52.160604], [5.011472, 52.160674], [5.01142, 52.160675], [5.01144, 52.160676], [5.011495, 52.160677], [5.011803, 52.160382], [5.01202, 52.160175], [5.012552, 52.159781], [5.012798, 52.159598]], [[5.007257, 52.157887], [5.00739, 52.157756], [5.007493, 52.157654], [5.007456, 52.157566], [5.007715, 52.157317], [5.007922, 52.157388], [5.008966, 52.157897], [5.008986, 52.157883], [5.009106, 52.157795], [5.009771, 52.158097], [5.0097, 52.158149], [5.00968, 52.158164], [5.010408, 52.158557], [5.010463, 52.158586], [5.010188, 52.158701], [5.009852, 52.158732], [5.009848, 52.158732], [5.00983, 52.15873], [5.009702, 52.158713], [5.009556, 52.158655], [5.009471, 52.158725], [5.009468, 52.158727], [5.009285, 52.158647], [5.008911, 52.158484], [5.008716, 52.158682], [5.008499, 52.158565], [5.008556, 52.158525], [5.008599, 52.158494], [5.008213, 52.158336], [5.008101, 52.15829], [5.008116, 52.158272], [5.008134, 52.158251], [5.007257, 52.157887]]], [[[5.01407, 52.17083], [5.01383, 52.17078], [5.013547, 52.17063], [5.013389, 52.170645], [5.01326, 52.170657], [5.01287, 52.170611], [5.012804, 52.170603], [5.012789, 52.170604], [5.012603, 52.170617], [5.012495, 52.170602], [5.012479, 52.170596], [5.012163, 52.170473], [5.01195, 52.170509], [5.011807, 52.170533], [5.011561, 52.170501], [5.011328, 52.17047], [5.010997, 52.170517], [5.010984, 52.17056], [5.010347, 52.172725], [5.010484, 52.1727], [5.010503, 52.172584], [5.013134, 52.172862], [5.015125, 52.173073], [5.015128, 52.173059], [5.015173, 52.172796], [5.019112, 52.172947], [5.019383, 52.171354], [5.019398, 52.171268], [5.0189, 52.17122], [5.016723, 52.171012], [5.016386, 52.170968], [5.015925, 52.170908], [5.015575, 52.170914], [5.015418, 52.170917], [5.014907, 52.170825], [5.014658, 52.17078], [5.014575, 52.170787], [5.01407, 52.17083]]], [[[5.005319, 52.186864], [5.005283, 52.186848], [5.00393, 52.186625], [5.003927, 52.186625], [5.003848, 52.186822], [5.003765, 52.18703], [5.003541, 52.186988], [5.002777, 52.186845], [5.003284, 52.185915], [5.002558, 52.185759], [5.002534, 52.185769], [5.002444, 52.185806], [5.002307, 52.185783], [5.002204, 52.185766], [5.002159, 52.18571], [5.002151, 52.1857], [5.002016, 52.18568], [5.001806, 52.185673], [5.000657, 52.185654], [5.000571, 52.185653], [4.999903, 52.185634], [4.998627, 52.18561], [4.99876, 52.185788], [4.999878, 52.186451], [5.001451, 52.187383], [5.005024, 52.188104], [5.005246, 52.187235], [5.005339, 52.186873], [5.005319, 52.186864]]], [[[4.825561, 52.192402], [4.825402, 52.19261], [4.82562, 52.192694], [4.825333, 52.192982], [4.825273, 52.193042], [4.825797, 52.193235], [4.826119, 52.193354], [4.825909, 52.19356], [4.825772, 52.193694], [4.826101, 52.193834], [4.82622, 52.193885], [4.825973, 52.194138], [4.825832, 52.194283], [4.827222, 52.194807], [4.829886, 52.195812], [4.832382, 52.193081], [4.833104, 52.192537], [4.835145, 52.190875], [4.84035, 52.185667], [4.838989, 52.185155], [4.837214, 52.184487], [4.83713, 52.184567], [4.837099, 52.184597], [4.83691, 52.185097], [4.836827, 52.185218], [4.836706, 52.185395], [4.836496, 52.185633], [4.836365, 52.185736], [4.83619, 52.185873], [4.835755, 52.18638], [4.835597, 52.186465], [4.835251, 52.186527], [4.834599, 52.186645], [4.83444, 52.186709], [4.834411, 52.186721], [4.834224, 52.186856], [4.83417, 52.186927], [4.834101, 52.187016], [4.833922, 52.187426], [4.833929, 52.187438], [4.833943, 52.187464], [4.833875, 52.187546], [4.833748, 52.187698], [4.83367, 52.18774], [4.833599, 52.187777], [4.833716, 52.188029], [4.833838, 52.188292], [4.83345, 52.188661], [4.83349, 52.188676], [4.833096, 52.189076], [4.83226, 52.188789], [4.832147, 52.18875], [4.833013, 52.189081], [4.832742, 52.189374], [4.832666, 52.189455], [4.832379, 52.189366], [4.832652, 52.189471], [4.83219, 52.189965], [4.831324, 52.189634], [4.830577, 52.189349], [4.830541, 52.189357], [4.830504, 52.189366], [4.830096, 52.189783], [4.829518, 52.189568], [4.82953, 52.189526], [4.829535, 52.18951], [4.829494, 52.189531], [4.829357, 52.189602], [4.829226, 52.189759], [4.829088, 52.189924], [4.828972, 52.189888], [4.82888, 52.189988], [4.828786, 52.19009], [4.82874, 52.190208], [4.828721, 52.190256], [4.828846, 52.190414], [4.828879, 52.190399], [4.828893, 52.190393], [4.829359, 52.190552], [4.829749, 52.190685], [4.829717, 52.19072], [4.829502, 52.190956], [4.829267, 52.19089], [4.829231, 52.190837], [4.829225, 52.190828], [4.829004, 52.190898], [4.8289, 52.190901], [4.828845, 52.190903], [4.828679, 52.190779], [4.828666, 52.190769], [4.828544, 52.190811], [4.82811, 52.190811], [4.827969, 52.190906], [4.828064, 52.190935], [4.828076, 52.190939], [4.828064, 52.191023], [4.827841, 52.191191], [4.828099, 52.191267], [4.828103, 52.191268], [4.828329, 52.191274], [4.828452, 52.191342], [4.828605, 52.191426], [4.828728, 52.191467], [4.828808, 52.191494], [4.82878, 52.191522], [4.828735, 52.191565], [4.828463, 52.191512], [4.82846, 52.191512], [4.828384, 52.191552], [4.828281, 52.191607], [4.828343, 52.191629], [4.82838, 52.191642], [4.828157, 52.19187], [4.828156, 52.191871], [4.828079, 52.191841], [4.828024, 52.191892], [4.827995, 52.191918], [4.828072, 52.191948], [4.82802, 52.192001], [4.827617, 52.192415], [4.827695, 52.19245], [4.827803, 52.192499], [4.827629, 52.192675], [4.827624, 52.192678], [4.827601, 52.192689], [4.826047, 52.192128], [4.825798, 52.192251], [4.825603, 52.192347], [4.825561, 52.192402]]], [[[4.998473, 52.192202], [4.998456, 52.192202], [4.999323, 52.195415], [4.999535, 52.19521], [4.999797, 52.195034], [4.999984, 52.194933], [5.000537, 52.194739], [5.000896, 52.194437], [5.001045, 52.194312], [5.001242, 52.194181], [5.00129, 52.194149], [5.001393, 52.194107], [5.001847, 52.193921], [5.001888, 52.193949], [5.001952, 52.193916], [5.001962, 52.193911], [5.001821, 52.193751], [5.001817, 52.193747], [5.001741, 52.193485], [5.001511, 52.193508], [5.001263, 52.193532], [5.000834, 52.193543], [5.000493, 52.193552], [5.000471, 52.193421], [5.00044, 52.193236], [5.0003, 52.193211], [5.000083, 52.193172], [5.000082, 52.193154], [5.000074, 52.192948], [5.00042, 52.193004], [5.000504, 52.192975], [5.000498, 52.192776], [5.000492, 52.192562], [5.000398, 52.192453], [5.000319, 52.192405], [5.000214, 52.192341], [5.000027, 52.192274], [4.999947, 52.192245], [4.999762, 52.192233], [4.999294, 52.19228], [4.999208, 52.192289], [4.998763, 52.192209], [4.998473, 52.192202]]], [[[5.000041, 52.195873], [5.000222, 52.195792], [5.000248, 52.195781], [5.000468, 52.19562], [5.000757, 52.195409], [5.000929, 52.19532], [5.000983, 52.195262], [5.001022, 52.19522], [5.002016, 52.194612], [5.001829, 52.194482], [5.001572, 52.194303], [4.999371, 52.195591], [4.999477, 52.195986], [5.000041, 52.195873]]], [[[5.002261, 52.197606], [5.002062, 52.197567], [5.001988, 52.197532], [5.001651, 52.197373], [5.001541, 52.197248], [5.001495, 52.197195], [5.001464, 52.19706], [5.00146, 52.197], [5.001459, 52.196991], [5.001828, 52.196392], [5.002138, 52.195889], [5.002259, 52.195771], [5.002426, 52.195671], [5.002735, 52.195587], [5.00313, 52.19558], [5.00354, 52.195573], [5.003712, 52.195486], [5.003958, 52.195362], [5.004021, 52.195196], [5.004039, 52.195147], [5.004102, 52.195075], [5.004203, 52.194959], [5.004217, 52.194965], [5.004233, 52.194972], [5.004258, 52.194951], [5.004274, 52.194938], [5.004199, 52.194875], [5.004018, 52.194722], [5.003759, 52.19441], [5.003529, 52.194134], [5.003493, 52.194134], [5.000268, 52.195983], [4.999583, 52.196376], [4.999942, 52.197707], [5.000377, 52.199317], [5.000798, 52.199221], [5.000937, 52.199189], [5.001965, 52.198665], [5.004095, 52.197579], [5.004068, 52.19758], [5.002412, 52.197635], [5.002261, 52.197606]]], [[[5.015813, 52.201914], [5.015705, 52.201822], [5.015595, 52.201751], [5.015556, 52.201726], [5.015506, 52.201707], [5.015293, 52.201624], [5.015076, 52.201478], [5.014849, 52.201557], [5.014721, 52.201531], [5.014638, 52.201514], [5.014606, 52.201419], [5.014588, 52.201363], [5.014639, 52.201309], [5.014682, 52.201265], [5.01477, 52.201236], [5.014588, 52.201028], [5.013268, 52.201393], [5.013428, 52.201623], [5.012786, 52.201865], [5.013474, 52.202579], [5.011529, 52.203314], [5.011551, 52.203339], [5.011633, 52.203432], [5.01168, 52.203423], [5.011749, 52.20341], [5.011908, 52.203564], [5.012043, 52.203586], [5.01245, 52.203577], [5.012862, 52.203421], [5.013122, 52.203366], [5.013374, 52.203312], [5.014328, 52.203006], [5.01442, 52.202977], [5.014623, 52.202878], [5.014775, 52.202708], [5.014817, 52.202708], [5.01541, 52.202701], [5.015607, 52.202674], [5.015769, 52.202632], [5.015894, 52.202599], [5.015946, 52.202551], [5.015991, 52.20251], [5.016052, 52.202415], [5.016054, 52.202412], [5.016042, 52.202171], [5.015983, 52.202091], [5.015917, 52.202003], [5.015813, 52.201914]]], [[[5.009604, 52.201422], [5.009526, 52.201393], [5.004613, 52.203693], [5.002734, 52.204573], [5.002363, 52.20461], [5.001803, 52.204666], [5.002014, 52.205499], [5.002079, 52.205754], [5.00312, 52.205374], [5.004133, 52.205004], [5.010911, 52.202509], [5.010009, 52.201899], [5.00998, 52.201791], [5.009977, 52.20178], [5.009828, 52.201682], [5.009801, 52.201619], [5.009765, 52.201538], [5.009756, 52.201529], [5.009662, 52.201443], [5.009604, 52.201422]]], [[[4.817884, 52.211093], [4.817493, 52.210835], [4.817341, 52.210735], [4.817256, 52.210691], [4.81676, 52.210432], [4.816188, 52.210194], [4.815839, 52.210184], [4.815846, 52.210424], [4.815851, 52.210599], [4.815992, 52.210599], [4.816058, 52.211153], [4.815363, 52.211156], [4.814022, 52.211162], [4.813898, 52.211617], [4.813927, 52.211922], [4.815155, 52.211887], [4.8158, 52.211868], [4.815799, 52.21188], [4.815798, 52.211896], [4.81655, 52.211872], [4.818744, 52.211802], [4.818235, 52.211382], [4.817884, 52.211093]]], [[[4.819392, 52.212349], [4.819301, 52.212272], [4.819142, 52.21228], [4.817245, 52.212372], [4.817228, 52.212682], [4.81731, 52.212979], [4.816561, 52.212989], [4.816529, 52.213025], [4.817073, 52.213295], [4.817267, 52.213391], [4.817419, 52.21349], [4.817544, 52.213571], [4.818464, 52.213498], [4.81861, 52.213486], [4.818762, 52.213614], [4.818803, 52.213649], [4.818862, 52.213638], [4.818922, 52.213626], [4.818928, 52.213632], [4.819079, 52.213783], [4.818961, 52.213813], [4.818912, 52.213779], [4.818612, 52.213897], [4.818634, 52.21392], [4.818831, 52.214126], [4.819399, 52.214067], [4.819903, 52.214014], [4.819973, 52.214238], [4.820055, 52.214497], [4.819849, 52.214518], [4.81885, 52.21462], [4.819265, 52.214869], [4.819508, 52.215015], [4.819663, 52.214969], [4.821435, 52.214698], [4.82186, 52.214633], [4.819767, 52.212667], [4.819392, 52.212349]]], [[[4.990471, 52.21183], [4.989986, 52.211088], [4.989722, 52.210799], [4.989832, 52.210798], [4.9896, 52.210614], [4.98935, 52.210416], [4.988365, 52.208972], [4.98798, 52.208949], [4.987521, 52.208921], [4.987577, 52.210311], [4.98767, 52.21261], [4.987569, 52.21388], [4.987617, 52.214034], [4.987707, 52.214318], [4.987662, 52.215084], [4.98769, 52.215673], [4.98794, 52.218925], [4.987924, 52.219755], [4.987815, 52.220864], [4.987743, 52.221163], [4.987641, 52.221592], [4.987599, 52.221658], [4.98758, 52.221688], [4.988798, 52.221937], [4.988821, 52.221818], [4.988962, 52.221083], [4.989209, 52.218644], [4.989162, 52.216337], [4.989125, 52.214511], [4.989528, 52.214557], [4.990096, 52.214622], [4.990208, 52.214515], [4.990456, 52.214242], [4.990909, 52.212684], [4.990757, 52.212328], [4.990269, 52.21235], [4.990178, 52.212197], [4.990115, 52.212091], [4.990628, 52.211979], [4.990685, 52.211967], [4.990676, 52.211933], [4.990632, 52.211873], [4.990581, 52.211803], [4.990516, 52.211819], [4.990471, 52.21183]]], [[[4.815769, 52.219241], [4.815835, 52.219229], [4.815987, 52.219085], [4.815994, 52.218956], [4.815998, 52.218895], [4.818019, 52.218998], [4.818045, 52.218893], [4.818067, 52.218804], [4.817616, 52.21877], [4.817626, 52.218664], [4.817634, 52.218581], [4.817591, 52.218572], [4.817642, 52.218236], [4.817716, 52.218189], [4.818052, 52.2182], [4.818151, 52.218121], [4.818164, 52.218111], [4.818209, 52.218115], [4.818231, 52.218117], [4.818276, 52.218045], [4.818277, 52.218043], [4.81798, 52.218018], [4.817709, 52.217996], [4.817745, 52.217734], [4.818062, 52.217751], [4.818118, 52.217559], [4.818272, 52.21753], [4.81837, 52.217512], [4.818383, 52.217447], [4.818389, 52.217418], [4.818372, 52.217418], [4.81784, 52.217404], [4.817855, 52.217157], [4.817857, 52.217123], [4.81773, 52.217122], [4.817469, 52.217121], [4.817474, 52.217026], [4.817322, 52.217011], [4.817384, 52.216864], [4.817767, 52.216883], [4.817809, 52.216869], [4.817841, 52.216858], [4.817845, 52.216816], [4.817852, 52.21675], [4.817809, 52.216746], [4.817799, 52.216745], [4.817779, 52.216618], [4.819204, 52.216703], [4.819204, 52.216701], [4.819189, 52.216599], [4.819075, 52.2166], [4.819071, 52.216583], [4.81906, 52.216532], [4.818987, 52.216515], [4.818796, 52.216472], [4.818754, 52.216271], [4.818673, 52.216268], [4.818294, 52.216253], [4.818312, 52.216209], [4.818325, 52.216175], [4.818212, 52.216159], [4.81824, 52.216055], [4.818207, 52.215855], [4.818667, 52.215862], [4.818727, 52.215863], [4.818395, 52.215603], [4.818097, 52.215466], [4.818055, 52.215447], [4.818015, 52.215348], [4.817983, 52.215269], [4.817809, 52.215087], [4.817545, 52.21481], [4.816754, 52.214136], [4.816434, 52.213863], [4.816175, 52.213729], [4.815394, 52.213325], [4.815246, 52.213225], [4.815057, 52.213098], [4.813848, 52.212667], [4.813763, 52.212662], [4.813762, 52.212662], [4.813675, 52.212741], [4.81246, 52.21268], [4.812465, 52.212572], [4.81247, 52.21248], [4.812443, 52.212467], [4.812417, 52.212454], [4.808303, 52.21224], [4.808276, 52.212254], [4.808267, 52.212258], [4.808318, 52.21264], [4.808338, 52.212785], [4.80836, 52.212885], [4.808515, 52.213593], [4.808715, 52.214989], [4.80872, 52.215025], [4.808752, 52.215426], [4.80872, 52.21543], [4.808793, 52.215674], [4.808828, 52.215793], [4.812722, 52.215975], [4.812694, 52.216159], [4.812662, 52.216367], [4.810686, 52.21627], [4.808893, 52.216182], [4.808924, 52.216768], [4.809063, 52.217633], [4.809048, 52.217654], [4.808995, 52.217728], [4.809122, 52.218095], [4.809161, 52.218527], [4.809202, 52.218554], [4.809139, 52.218611], [4.809143, 52.218643], [4.809149, 52.218698], [4.809191, 52.218786], [4.80922, 52.218847], [4.809239, 52.218856], [4.809409, 52.218939], [4.809501, 52.218923], [4.809588, 52.218907], [4.811302, 52.219016], [4.811956, 52.219058], [4.815769, 52.219241]]], [[[4.802504, 52.215475], [4.802519, 52.215229], [4.802527, 52.215094], [4.802464, 52.215091], [4.802452, 52.215091], [4.80241, 52.215866], [4.801883, 52.215853], [4.802025, 52.216784], [4.802152, 52.217614], [4.80215, 52.217619], [4.802148, 52.217622], [4.80215, 52.217634], [4.802138, 52.21764], [4.80212, 52.217673], [4.801929, 52.217775], [4.808913, 52.218132], [4.808916, 52.21812], [4.808942, 52.218003], [4.808916, 52.217946], [4.808881, 52.21787], [4.808802, 52.217062], [4.808801, 52.21706], [4.808738, 52.216885], [4.808781, 52.216843], [4.808777, 52.216737], [4.808702, 52.216577], [4.808617, 52.215918], [4.808597, 52.215761], [4.805295, 52.215606], [4.802504, 52.215475]]], [[[4.817918, 52.220713], [4.817981, 52.22039], [4.817984, 52.220375], [4.817947, 52.220361], [4.817912, 52.220347], [4.817887, 52.220213], [4.818074, 52.220172], [4.818127, 52.22016], [4.8182, 52.219759], [4.817438, 52.21978], [4.816241, 52.219813], [4.809277, 52.21946], [4.80942, 52.220295], [4.809596, 52.220304], [4.815256, 52.220603], [4.817918, 52.220713]]], [[[4.818978, 52.222224], [4.818987, 52.222234], [4.819007, 52.222256], [4.81895, 52.222278], [4.8189, 52.222298], [4.818928, 52.222382], [4.819051, 52.222755], [4.818996, 52.222765], [4.818887, 52.222786], [4.818841, 52.22283], [4.818821, 52.222848], [4.818806, 52.223003], [4.818864, 52.223069], [4.819296, 52.222994], [4.819339, 52.223058], [4.819471, 52.223253], [4.81803, 52.223471], [4.818005, 52.223741], [4.818247, 52.223702], [4.818465, 52.223667], [4.818444, 52.223703], [4.81855, 52.223982], [4.818368, 52.224073], [4.818362, 52.224083], [4.818364, 52.224094], [4.818382, 52.224194], [4.81802, 52.224269], [4.818109, 52.224371], [4.818136, 52.224372], [4.818203, 52.224373], [4.818807, 52.224245], [4.819294, 52.224142], [4.81945, 52.224449], [4.819613, 52.224769], [4.819029, 52.224848], [4.81909, 52.224971], [4.819041, 52.225057], [4.819, 52.22513], [4.819175, 52.22546], [4.827882, 52.223743], [4.828351, 52.22372], [4.828621, 52.223745], [4.828832, 52.223765], [4.828311, 52.221425], [4.828317, 52.221418], [4.828336, 52.221396], [4.828254, 52.221144], [4.828216, 52.221026], [4.828249, 52.22086], [4.82825, 52.220853], [4.828197, 52.220725], [4.828164, 52.220711], [4.828126, 52.220695], [4.82811, 52.220634], [4.828068, 52.220475], [4.82813, 52.220361], [4.82809, 52.220316], [4.828038, 52.220259], [4.827989, 52.220251], [4.827912, 52.220239], [4.828061, 52.220179], [4.828061, 52.220167], [4.828063, 52.220044], [4.828015, 52.219929], [4.827988, 52.219917], [4.827913, 52.219884], [4.827886, 52.219762], [4.82788, 52.219732], [4.827892, 52.219684], [4.827908, 52.219617], [4.827843, 52.219565], [4.827828, 52.219356], [4.827777, 52.219188], [4.827662, 52.218805], [4.827512, 52.218484], [4.827482, 52.21842], [4.827405, 52.218309], [4.826101, 52.217441], [4.825332, 52.216929], [4.82511, 52.21675], [4.824855, 52.216599], [4.824786, 52.216558], [4.822934, 52.215646], [4.822406, 52.215235], [4.820796, 52.215484], [4.82077, 52.2155], [4.820696, 52.215545], [4.82014, 52.215686], [4.819882, 52.215751], [4.819927, 52.215893], [4.819966, 52.216019], [4.820825, 52.2159], [4.821984, 52.215739], [4.822037, 52.215786], [4.822512, 52.216203], [4.820207, 52.216582], [4.820174, 52.216813], [4.820157, 52.216934], [4.819992, 52.217194], [4.819938, 52.217249], [4.819808, 52.217383], [4.82192, 52.217056], [4.823214, 52.216855], [4.823516, 52.217107], [4.823579, 52.21716], [4.822406, 52.217335], [4.81994, 52.217703], [4.819882, 52.217786], [4.819865, 52.217811], [4.819783, 52.217841], [4.819964, 52.218086], [4.820098, 52.218269], [4.820078, 52.218271], [4.819903, 52.218286], [4.819897, 52.218316], [4.819894, 52.218333], [4.819955, 52.218565], [4.820059, 52.218963], [4.819896, 52.219008], [4.820044, 52.219158], [4.820094, 52.219208], [4.820048, 52.219241], [4.820037, 52.219249], [4.82018, 52.219498], [4.820192, 52.219518], [4.820143, 52.21953], [4.820112, 52.219779], [4.820101, 52.219795], [4.820011, 52.219918], [4.820382, 52.220055], [4.820428, 52.220183], [4.820479, 52.220175], [4.820542, 52.220166], [4.820563, 52.22021], [4.81963, 52.220377], [4.819449, 52.22098], [4.819381, 52.221207], [4.819395, 52.221209], [4.819596, 52.221243], [4.819774, 52.221653], [4.820323, 52.221565], [4.820579, 52.221524], [4.820603, 52.221594], [4.820712, 52.22192], [4.82075, 52.221911], [4.820718, 52.221938], [4.820733, 52.22201], [4.820747, 52.222081], [4.820326, 52.222133], [4.820204, 52.222183], [4.82028, 52.222351], [4.819529, 52.222475], [4.819419, 52.222271], [4.81932, 52.222288], [4.819107, 52.222324], [4.819054, 52.222195], [4.819022, 52.222207], [4.818978, 52.222224]]], [[[4.816005, 52.221061], [4.812904, 52.220872], [4.812687, 52.220883], [4.80997, 52.22076], [4.809515, 52.220739], [4.809525, 52.220936], [4.809579, 52.22097], [4.809613, 52.220992], [4.812841, 52.221136], [4.812894, 52.221154], [4.812893, 52.2212], [4.813309, 52.221224], [4.816249, 52.221397], [4.816252, 52.221373], [4.81628, 52.221102], [4.816027, 52.221064], [4.816005, 52.221061]]], [[[4.809683, 52.223405], [4.809723, 52.223365], [4.809664, 52.223288], [4.809593, 52.223196], [4.809504, 52.22244], [4.809438, 52.222415], [4.809434, 52.222374], [4.809424, 52.222261], [4.809444, 52.222239], [4.809506, 52.222171], [4.809463, 52.222098], [4.809405, 52.222001], [4.809416, 52.221726], [4.809418, 52.221686], [4.80939, 52.221624], [4.80937, 52.221578], [4.809369, 52.221569], [4.809256, 52.220554], [4.809179, 52.220577], [4.80917, 52.22058], [4.803047, 52.220293], [4.802969, 52.220266], [4.802988, 52.220131], [4.803009, 52.219987], [4.799569, 52.219788], [4.799617, 52.219462], [4.798787, 52.219429], [4.797704, 52.219994], [4.796997, 52.220363], [4.796986, 52.220392], [4.796496, 52.221788], [4.796134, 52.222818], [4.802504, 52.223154], [4.802737, 52.223118], [4.802978, 52.223081], [4.803239, 52.223147], [4.803405, 52.223168], [4.803634, 52.223197], [4.809525, 52.223438], [4.809645, 52.223443], [4.809683, 52.223405]]], [[[4.816479, 52.222773], [4.816457, 52.222763], [4.816467, 52.2227], [4.816478, 52.222623], [4.816546, 52.222614], [4.816348, 52.222339], [4.816361, 52.222248], [4.816363, 52.22223], [4.816938, 52.222209], [4.817578, 52.222242], [4.817561, 52.222215], [4.817531, 52.222168], [4.817611, 52.221931], [4.817585, 52.22193], [4.81758, 52.22193], [4.817622, 52.221901], [4.817678, 52.221861], [4.817576, 52.221858], [4.81768, 52.221589], [4.817597, 52.22158], [4.817164, 52.221532], [4.814073, 52.221321], [4.812772, 52.221254], [4.812793, 52.221196], [4.810142, 52.221093], [4.809863, 52.221093], [4.809697, 52.221093], [4.809571, 52.221127], [4.809574, 52.22117], [4.809588, 52.221381], [4.809697, 52.221708], [4.809704, 52.221977], [4.809652, 52.222077], [4.809721, 52.222315], [4.809746, 52.2224], [4.809687, 52.222481], [4.809714, 52.222633], [4.809749, 52.222835], [4.809805, 52.222876], [4.809854, 52.223087], [4.809926, 52.223132], [4.809972, 52.223161], [4.809971, 52.223247], [4.809854, 52.223319], [4.809933, 52.223405], [4.809969, 52.223443], [4.815769, 52.223718], [4.815893, 52.223221], [4.816589, 52.223259], [4.816651, 52.222957], [4.816586, 52.222824], [4.816479, 52.222773]]], [[[4.820097, 52.2269], [4.820265, 52.227216], [4.819896, 52.227292], [4.8199, 52.227306], [4.819903, 52.227318], [4.82026, 52.227551], [4.820588, 52.227764], [4.821577, 52.227548], [4.821829, 52.227493], [4.822129, 52.227883], [4.8286, 52.226466], [4.829325, 52.226283], [4.829397, 52.22622], [4.829389, 52.226075], [4.829384, 52.225994], [4.829318, 52.225899], [4.829296, 52.225812], [4.829252, 52.225632], [4.829158, 52.225503], [4.829135, 52.225472], [4.82921, 52.225384], [4.829176, 52.225226], [4.829151, 52.225112], [4.829118, 52.225119], [4.829092, 52.224951], [4.829044, 52.224638], [4.828974, 52.224597], [4.829008, 52.22451], [4.828859, 52.223894], [4.828717, 52.223856], [4.828654, 52.223839], [4.828373, 52.223809], [4.828334, 52.223809], [4.828053, 52.223808], [4.82776, 52.223843], [4.826284, 52.224136], [4.823553, 52.224678], [4.820731, 52.225201], [4.820391, 52.225272], [4.818275, 52.225712], [4.818421, 52.225996], [4.818613, 52.225957], [4.818736, 52.226221], [4.818814, 52.226168], [4.818846, 52.226147], [4.81885, 52.226178], [4.818866, 52.226296], [4.818806, 52.226405], [4.818698, 52.226468], [4.818154, 52.226617], [4.818042, 52.226603], [4.817983, 52.226635], [4.817956, 52.226649], [4.818022, 52.226686], [4.818182, 52.226776], [4.819293, 52.226546], [4.819516, 52.2265], [4.819614, 52.226684], [4.819761, 52.22696], [4.819887, 52.226927], [4.820085, 52.226876], [4.820097, 52.2269]]], [[[4.841258, 52.228481], [4.841295, 52.228413], [4.840942, 52.227237], [4.840936, 52.22714], [4.840928, 52.227006], [4.840929, 52.22617], [4.840929, 52.226164], [4.841154, 52.225841], [4.840725, 52.225712], [4.840637, 52.225517], [4.840554, 52.225332], [4.836562, 52.225975], [4.837199, 52.226574], [4.8379, 52.226582], [4.838614, 52.22659], [4.83883, 52.226624], [4.839868, 52.227311], [4.839969, 52.227416], [4.840273, 52.228392], [4.840104, 52.228643], [4.840101, 52.228647], [4.840123, 52.228642], [4.84023, 52.228615], [4.840205, 52.228665], [4.840194, 52.228687], [4.84041, 52.228676], [4.840732, 52.228602], [4.841258, 52.228481]]], [[[4.912584, 52.253436], [4.912497, 52.253256], [4.912503, 52.253203], [4.912504, 52.253192], [4.913591, 52.253014], [4.913409, 52.252792], [4.91308, 52.25239], [4.912277, 52.252312], [4.912166, 52.252334], [4.912095, 52.252348], [4.911996, 52.252285], [4.91191, 52.252276], [4.911899, 52.252275], [4.911651, 52.252311], [4.911818, 52.25272], [4.911798, 52.252721], [4.91177, 52.252722], [4.911709, 52.252591], [4.911622, 52.252402], [4.911244, 52.252529], [4.91182, 52.253054], [4.91248, 52.253586], [4.912626, 52.253535], [4.912631, 52.253533], [4.912584, 52.253436]]], [[[4.916717, 52.256056], [4.916772, 52.256024], [4.916841, 52.255984], [4.917115, 52.256156], [4.917121, 52.256162], [4.917144, 52.256186], [4.917123, 52.256195], [4.917098, 52.256206], [4.917208, 52.256236], [4.917181, 52.256272], [4.917147, 52.256317], [4.917295, 52.2564], [4.917385, 52.256451], [4.917502, 52.256418], [4.917575, 52.256397], [4.916877, 52.254888], [4.916185, 52.255003], [4.915934, 52.255044], [4.915816, 52.254781], [4.915687, 52.254493], [4.91552, 52.254524], [4.915419, 52.25444], [4.915317, 52.254355], [4.915064, 52.254579], [4.914436, 52.255135], [4.914445, 52.255142], [4.914462, 52.255156], [4.916111, 52.255928], [4.916184, 52.255846], [4.91627, 52.255841], [4.91631, 52.255944], [4.916425, 52.255952], [4.916431, 52.255952], [4.9165, 52.255977], [4.916717, 52.256056]]], [[[4.934112, 52.255907], [4.934879, 52.256456], [4.935279, 52.256649], [4.935665, 52.256835], [4.937128, 52.257809], [4.937489, 52.258005], [4.937667, 52.258087], [4.93805, 52.258262], [4.93944, 52.258792], [4.93974, 52.258898], [4.940369, 52.259121], [4.940455, 52.259144], [4.940529, 52.259164], [4.940555, 52.259148], [4.940566, 52.259142], [4.940677, 52.259157], [4.940762, 52.259168], [4.940981, 52.25925], [4.941033, 52.25927], [4.942678, 52.259982], [4.942743, 52.259988], [4.942795, 52.259992], [4.943014, 52.259854], [4.943239, 52.259713], [4.944286, 52.259322], [4.94439, 52.259283], [4.944519, 52.259285], [4.944713, 52.259287], [4.944396, 52.259196], [4.944343, 52.259221], [4.944199, 52.25929], [4.94379, 52.259351], [4.943413, 52.259472], [4.942981, 52.259154], [4.94295, 52.259098], [4.942915, 52.259034], [4.94274, 52.258902], [4.943574, 52.258465], [4.944105, 52.258821], [4.94482, 52.258414], [4.944984, 52.258507], [4.945012, 52.258523], [4.945055, 52.258539], [4.945625, 52.258749], [4.946065, 52.258649], [4.94566, 52.258391], [4.945675, 52.258383], [4.945806, 52.258313], [4.945568, 52.258015], [4.945615, 52.258003], [4.946046, 52.25789], [4.945085, 52.256599], [4.943363, 52.254288], [4.942595, 52.254555], [4.941933, 52.254785], [4.941013, 52.254061], [4.937218, 52.253369], [4.937007, 52.253376], [4.936784, 52.253383], [4.936528, 52.253465], [4.936229, 52.253561], [4.936163, 52.253522], [4.935366, 52.254058], [4.93415, 52.254794], [4.933811, 52.255071], [4.933717, 52.25523], [4.933724, 52.255353], [4.934112, 52.255907]]], [[[4.919022, 52.261375], [4.918999, 52.261353], [4.918905, 52.261263], [4.918939, 52.2612], [4.921163, 52.260232], [4.921206, 52.260226], [4.921243, 52.26022], [4.923077, 52.259411], [4.922696, 52.259069], [4.922605, 52.258988], [4.921785, 52.259328], [4.921189, 52.258589], [4.920659, 52.258785], [4.920528, 52.25864], [4.921324, 52.258356], [4.921443, 52.258187], [4.921915, 52.257977], [4.922037, 52.257923], [4.921973, 52.257828], [4.921947, 52.25779], [4.921782, 52.257681], [4.920128, 52.258276], [4.919991, 52.258177], [4.919953, 52.25815], [4.920039, 52.258105], [4.919496, 52.257602], [4.91908, 52.257741], [4.919133, 52.257844], [4.919272, 52.258119], [4.919309, 52.258107], [4.91959, 52.258012], [4.919838, 52.258131], [4.919582, 52.258246], [4.919518, 52.258275], [4.919514, 52.258285], [4.919499, 52.258322], [4.919331, 52.258374], [4.91929, 52.258387], [4.919233, 52.258136], [4.919199, 52.257986], [4.919055, 52.257752], [4.918918, 52.257799], [4.918828, 52.25783], [4.919145, 52.258444], [4.918949, 52.258555], [4.918964, 52.259107], [4.918921, 52.259343], [4.918629, 52.260145], [4.918481, 52.260661], [4.918275, 52.261383], [4.918274, 52.26146], [4.918337, 52.261529], [4.918453, 52.261655], [4.918523, 52.261688], [4.919022, 52.261375]]], [[[4.922151, 52.26237], [4.922218, 52.262388], [4.922552, 52.262478], [4.922842, 52.26259], [4.923132, 52.262703], [4.92374, 52.262445], [4.923741, 52.262336], [4.923825, 52.262302], [4.923847, 52.262293], [4.923937, 52.262381], [4.92407, 52.26251], [4.924185, 52.262466], [4.924214, 52.262455], [4.924333, 52.262549], [4.924328, 52.262648], [4.924374, 52.26272], [4.924429, 52.262807], [4.928567, 52.261097], [4.92849, 52.26066], [4.928196, 52.259007], [4.92816, 52.259011], [4.928102, 52.259017], [4.927542, 52.259263], [4.925954, 52.25996], [4.924509, 52.260536], [4.924497, 52.260542], [4.923999, 52.260784], [4.923054, 52.261171], [4.921947, 52.261624], [4.920562, 52.262144], [4.920696, 52.262191], [4.920743, 52.262207], [4.921562, 52.262281], [4.921836, 52.262306], [4.921925, 52.262324], [4.922151, 52.26237]]], [[[4.933818, 52.263832], [4.933551, 52.263182], [4.933453, 52.263126], [4.933316, 52.262882], [4.933133, 52.262558], [4.932984, 52.262575], [4.932844, 52.262591], [4.932843, 52.262647], [4.933267, 52.264062], [4.933501, 52.264051], [4.933594, 52.264047], [4.933541, 52.26385], [4.933818, 52.263832]]], [[[4.934982, 52.263814], [4.934933, 52.263674], [4.935123, 52.263644], [4.935198, 52.263632], [4.935203, 52.263649], [4.93521, 52.263671], [4.935311, 52.263657], [4.935627, 52.263614], [4.935682, 52.263821], [4.935648, 52.263823], [4.935635, 52.263824], [4.935713, 52.264015], [4.935791, 52.264208], [4.936107, 52.264245], [4.935847, 52.26362], [4.93563, 52.263099], [4.935496, 52.263116], [4.935305, 52.263139], [4.935251, 52.262983], [4.935243, 52.262958], [4.934043, 52.263103], [4.934227, 52.263645], [4.934338, 52.263972], [4.934411, 52.264093], [4.934439, 52.264139], [4.934403, 52.264159], [4.9344, 52.264161], [4.934953, 52.264103], [4.935077, 52.26409], [4.934982, 52.263814]]], [[[4.927313, 52.264873], [4.927382, 52.26488], [4.927547, 52.264896], [4.927508, 52.264933], [4.927488, 52.264952], [4.9275, 52.26501], [4.927506, 52.265039], [4.927826, 52.265374], [4.928215, 52.265224], [4.92914, 52.264867], [4.928714, 52.262169], [4.924221, 52.263996], [4.924261, 52.264345], [4.924326, 52.264917], [4.925332, 52.264526], [4.926496, 52.264073], [4.926978, 52.264545], [4.927313, 52.264873]]], [[[4.937996, 52.263863], [4.938062, 52.263862], [4.938219, 52.264225], [4.938023, 52.264251], [4.937866, 52.264272], [4.93796, 52.264525], [4.938044, 52.26475], [4.93934, 52.26513], [4.939666, 52.265226], [4.939658, 52.265015], [4.939617, 52.264865], [4.939523, 52.264521], [4.939196, 52.263678], [4.938803, 52.263753], [4.938508, 52.263809], [4.938433, 52.263638], [4.937752, 52.263703], [4.937849, 52.263864], [4.937996, 52.263863]]], [[[4.929682, 52.266316], [4.929732, 52.266476], [4.929776, 52.266618], [4.929806, 52.267193], [4.929828, 52.267606], [4.929763, 52.267132], [4.929761, 52.267028], [4.929754, 52.266623], [4.929661, 52.26635], [4.929515, 52.266294], [4.929326, 52.266343], [4.929309, 52.266743], [4.929445, 52.266736], [4.929599, 52.267807], [4.929634, 52.267777], [4.929652, 52.267762], [4.929656, 52.268], [4.929612, 52.268125], [4.92959, 52.268188], [4.929666, 52.26821], [4.930596, 52.268219], [4.930586, 52.268333], [4.930617, 52.268335], [4.930655, 52.268338], [4.930647, 52.268379], [4.930636, 52.268431], [4.93093, 52.268434], [4.930932, 52.268368], [4.930936, 52.268206], [4.930986, 52.268205], [4.930986, 52.268196], [4.930988, 52.268136], [4.930907, 52.267556], [4.931178, 52.267549], [4.931201, 52.267539], [4.931282, 52.267504], [4.931367, 52.267529], [4.931386, 52.267535], [4.931556, 52.267528], [4.931507, 52.2671], [4.931489, 52.26694], [4.932092, 52.266942], [4.933283, 52.267077], [4.933509, 52.26663], [4.933655, 52.266342], [4.93391, 52.265997], [4.934044, 52.265815], [4.933975, 52.265655], [4.933896, 52.265475], [4.93379, 52.265459], [4.933794, 52.26538], [4.933914, 52.265181], [4.934034, 52.264984], [4.934196, 52.264406], [4.934199, 52.264301], [4.934143, 52.264256], [4.934136, 52.26425], [4.933612, 52.264248], [4.933036, 52.264245], [4.932716, 52.264274], [4.932412, 52.264301], [4.932419, 52.26439], [4.932438, 52.264621], [4.932399, 52.264625], [4.931208, 52.264752], [4.93136, 52.265651], [4.931439, 52.266117], [4.931431, 52.266169], [4.931416, 52.26627], [4.929682, 52.266316]]], [[[5.146585, 51.935781], [5.147056, 51.935685], [5.147304, 51.935634], [5.147381, 51.935603], [5.147428, 51.935481], [5.147428, 51.93548], [5.14746, 51.935459], [5.147486, 51.935442], [5.15003, 51.934957], [5.150016, 51.934907], [5.150002, 51.934858], [5.149793, 51.93459], [5.149711, 51.934541], [5.149101, 51.934342], [5.148593, 51.93428], [5.146861, 51.934668], [5.145872, 51.934889], [5.146134, 51.935205], [5.146318, 51.935426], [5.146393, 51.935555], [5.146386, 51.93562], [5.146383, 51.935643], [5.146429, 51.935688], [5.146462, 51.935721], [5.146566, 51.935746], [5.146585, 51.935781]]], [[[5.111607, 51.950498], [5.111496, 51.95037], [5.110557, 51.950664], [5.111482, 51.951726], [5.112039, 51.951566], [5.112477, 51.951755], [5.113307, 51.951496], [5.113615, 51.9514], [5.113878, 51.951673], [5.114364, 51.951534], [5.11482, 51.951403], [5.114537, 51.95108], [5.113801, 51.950241], [5.113406, 51.950369], [5.112879, 51.950541], [5.112645, 51.950273], [5.11243, 51.950349], [5.112332, 51.950383], [5.112212, 51.950248], [5.112179, 51.950211], [5.111958, 51.950276], [5.111851, 51.950308], [5.111742, 51.950448], [5.111674, 51.950473], [5.111607, 51.950498]]], [[[5.108047, 51.951745], [5.108203, 51.951895], [5.108098, 51.952016], [5.107935, 51.952204], [5.107724, 51.952329], [5.107628, 51.952385], [5.10841, 51.953223], [5.10949, 51.952845], [5.110845, 51.952372], [5.110685, 51.952187], [5.110076, 51.95148], [5.109678, 51.951612], [5.109123, 51.951797], [5.108589, 51.951192], [5.108075, 51.950611], [5.107653, 51.950763], [5.107805, 51.950946], [5.108189, 51.951406], [5.108049, 51.951465], [5.107847, 51.951551], [5.108047, 51.951745]]], [[[5.127215, 51.954434], [5.128954, 51.956587], [5.128347, 51.956738], [5.128257, 51.95676], [5.128969, 51.957636], [5.130345, 51.959328], [5.131176, 51.95905], [5.131347, 51.958993], [5.127587, 51.954304], [5.127227, 51.95443], [5.127215, 51.954434]]], [[[5.125386, 51.955338], [5.124915, 51.95566], [5.124855, 51.955701], [5.124883, 51.955744], [5.128571, 51.960104], [5.127977, 51.960327], [5.124387, 51.956102], [5.124361, 51.956123], [5.12436, 51.956123], [5.124321, 51.956079], [5.124106, 51.956248], [5.123893, 51.956416], [5.12508, 51.957815], [5.125489, 51.958297], [5.125239, 51.958388], [5.12443, 51.958683], [5.124144, 51.958356], [5.123104, 51.95717], [5.123102, 51.957171], [5.12276, 51.957463], [5.123752, 51.958585], [5.126191, 51.961342], [5.125823, 51.961466], [5.125788, 51.961478], [5.126011, 51.961732], [5.126291, 51.96205], [5.126561, 51.961951], [5.129281, 51.960955], [5.129605, 51.96085], [5.129909, 51.960751], [5.127625, 51.958018], [5.125386, 51.955338]]], [[[5.089464, 51.955224], [5.088359, 51.955462], [5.087587, 51.955628], [5.094405, 51.963074], [5.095315, 51.964068], [5.098629, 51.963381], [5.098287, 51.963005], [5.098901, 51.962766], [5.098297, 51.962108], [5.097414, 51.961147], [5.097641, 51.96107], [5.09776, 51.96103], [5.099338, 51.962791], [5.099455, 51.962749], [5.099663, 51.962673], [5.100023, 51.963056], [5.100919, 51.962838], [5.099185, 51.960918], [5.100035, 51.960619], [5.100868, 51.961523], [5.101437, 51.962141], [5.101933, 51.961988], [5.102404, 51.962515], [5.102601, 51.962468], [5.103132, 51.96234], [5.101402, 51.960445], [5.101206, 51.960231], [5.10052, 51.960455], [5.094778, 51.954207], [5.094912, 51.954176], [5.092226, 51.954751], [5.09146, 51.954902], [5.091033, 51.954968], [5.090441, 51.955059], [5.095956, 51.961079], [5.095564, 51.961218], [5.0951, 51.961382], [5.094178, 51.960375], [5.089464, 51.955224]]], [[[5.097292, 51.966102], [5.099012, 51.967812], [5.101023, 51.967397], [5.099443, 51.965684], [5.098307, 51.964445], [5.097913, 51.964015], [5.097339, 51.964172], [5.097094, 51.963902], [5.097022, 51.963823], [5.096689, 51.963892], [5.09649, 51.963933], [5.096968, 51.964505], [5.098282, 51.96591], [5.098012, 51.965962], [5.097292, 51.966102]]], [[[5.115996, 51.964902], [5.11594, 51.96481], [5.115737, 51.964476], [5.115597, 51.964487], [5.115006, 51.965089], [5.116624, 51.967722], [5.117909, 51.968052], [5.116357, 51.965496], [5.115996, 51.964902]]], [[[5.117141, 51.964376], [5.116326, 51.964426], [5.116345, 51.964458], [5.116311, 51.964461], [5.117759, 51.966888], [5.118542, 51.968199], [5.118597, 51.968246], [5.118606, 51.968253], [5.121044, 51.969307], [5.121067, 51.969283], [5.121097, 51.969252], [5.12005, 51.968794], [5.119569, 51.968583], [5.118502, 51.966779], [5.118559, 51.966769], [5.117141, 51.964376]]], [[[5.020876, 51.973495], [5.018394, 51.974528], [5.018429, 51.974916], [5.018696, 51.977881], [5.019335, 51.97771], [5.019301, 51.976829], [5.019595, 51.976752], [5.019857, 51.976684], [5.019868, 51.976678], [5.020119, 51.97653], [5.020104, 51.976198], [5.020638, 51.976089], [5.021085, 51.975997], [5.020876, 51.973495]]], [[[5.037435, 51.978016], [5.036939, 51.977339], [5.036713, 51.976881], [5.036626, 51.976492], [5.036536, 51.976089], [5.036749, 51.975666], [5.036698, 51.974714], [5.036844, 51.974648], [5.03687, 51.974598], [5.036881, 51.974576], [5.03682, 51.974539], [5.036801, 51.974527], [5.035902, 51.973492], [5.03594, 51.973454], [5.035251, 51.972955], [5.03517, 51.972896], [5.034896, 51.973048], [5.034635, 51.973192], [5.036197, 51.974902], [5.035799, 51.975107], [5.034536, 51.975759], [5.033805, 51.975271], [5.031859, 51.976294], [5.032618, 51.976901], [5.033109, 51.977293], [5.033142, 51.977277], [5.033165, 51.977266], [5.033466, 51.977521], [5.033439, 51.977535], [5.033536, 51.977576], [5.034006, 51.977977], [5.033819, 51.97815], [5.034135, 51.97843], [5.035039, 51.97923], [5.035291, 51.979136], [5.036634, 51.980259], [5.036019, 51.980578], [5.035725, 51.980731], [5.037026, 51.981689], [5.0374, 51.981964], [5.037485, 51.982019], [5.038052, 51.982385], [5.040064, 51.98357], [5.040257, 51.983684], [5.041177, 51.984166], [5.042957, 51.984972], [5.043921, 51.985408], [5.046207, 51.984342], [5.045736, 51.984178], [5.045633, 51.984111], [5.045474, 51.984009], [5.045217, 51.983889], [5.045204, 51.983883], [5.045105, 51.983764], [5.045054, 51.983742], [5.044953, 51.983697], [5.04491, 51.983648], [5.044863, 51.983596], [5.044161, 51.983268], [5.044084, 51.98321], [5.043979, 51.983131], [5.043784, 51.982906], [5.043497, 51.98278], [5.042697, 51.982427], [5.040878, 51.981432], [5.040776, 51.981317], [5.040667, 51.981363], [5.040563, 51.981407], [5.040091, 51.980742], [5.039858, 51.980847], [5.039661, 51.980936], [5.039647, 51.980911], [5.039581, 51.980793], [5.039509, 51.980739], [5.039439, 51.980687], [5.039326, 51.980235], [5.039305, 51.980152], [5.038865, 51.979467], [5.038613, 51.979397], [5.038562, 51.979338], [5.038531, 51.979302], [5.038765, 51.979183], [5.038868, 51.979131], [5.03879, 51.979084], [5.038454, 51.97888], [5.038282, 51.978626], [5.038186, 51.978486], [5.037902, 51.978212], [5.037607, 51.977928], [5.037435, 51.978016]]], [[[5.143912, 51.978143], [5.143645, 51.978524], [5.14329, 51.97903], [5.14155, 51.980814], [5.140976, 51.981467], [5.140661, 51.981825], [5.140235, 51.982156], [5.139269, 51.982559], [5.138793, 51.982757], [5.138097, 51.983141], [5.137507, 51.983286], [5.136833, 51.983552], [5.136605, 51.983575], [5.136107, 51.983626], [5.135925, 51.983623], [5.135795, 51.983621], [5.135203, 51.983531], [5.135068, 51.983511], [5.134989, 51.983512], [5.134846, 51.983514], [5.13475, 51.983536], [5.134925, 51.983698], [5.135104, 51.983863], [5.134714, 51.983983], [5.134611, 51.983903], [5.134355, 51.983707], [5.134047, 51.984173], [5.134056, 51.984306], [5.134062, 51.984404], [5.134219, 51.984584], [5.134308, 51.984686], [5.134994, 51.985036], [5.135087, 51.985083], [5.135269, 51.985433], [5.134983, 51.987493], [5.134944, 51.987775], [5.134499, 51.988863], [5.134651, 51.988916], [5.134693, 51.988875], [5.135638, 51.987941], [5.1369, 51.986693], [5.141499, 51.981896], [5.143178, 51.979994], [5.143763, 51.979247], [5.144169, 51.978703], [5.144193, 51.978579], [5.144275, 51.978157], [5.14445, 51.977638], [5.144384, 51.977626], [5.144176, 51.977587], [5.143912, 51.978143]]], [[[5.046842, 51.986032], [5.04666, 51.985895], [5.047019, 51.985714], [5.04703, 51.985721], [5.047073, 51.98575], [5.047371, 51.98559], [5.047724, 51.9854], [5.047704, 51.985384], [5.04766, 51.985349], [5.047638, 51.985369], [5.047614, 51.98539], [5.047608, 51.98539], [5.047516, 51.985383], [5.047063, 51.985107], [5.045244, 51.985971], [5.046147, 51.98639], [5.046842, 51.986032]]], [[[5.070179, 52.013936], [5.06986, 52.014478], [5.070312, 52.014559], [5.070354, 52.01454], [5.070428, 52.014506], [5.070452, 52.014462], [5.070666, 52.014519], [5.070629, 52.014571], [5.07059, 52.014625], [5.070684, 52.014693], [5.070542, 52.014901], [5.070499, 52.014964], [5.070637, 52.015066], [5.070621, 52.015077], [5.070327, 52.015273], [5.069547, 52.015067], [5.069513, 52.015058], [5.069423, 52.015208], [5.070118, 52.015727], [5.070295, 52.015859], [5.070163, 52.015924], [5.069403, 52.016299], [5.069101, 52.016324], [5.069133, 52.016364], [5.069147, 52.016382], [5.069465, 52.016357], [5.069544, 52.016351], [5.069659, 52.016365], [5.06999, 52.016406], [5.070247, 52.016497], [5.070404, 52.016552], [5.070665, 52.016677], [5.070698, 52.016693], [5.071305, 52.01639], [5.072786, 52.015795], [5.073162, 52.015644], [5.071741, 52.014652], [5.070335, 52.01367], [5.070179, 52.013936]]], [[[5.035662, 52.035258], [5.035947, 52.035016], [5.036201, 52.035082], [5.036221, 52.035064], [5.036472, 52.034777], [5.036968, 52.034207], [5.03664, 52.034076], [5.036505, 52.034094], [5.035983, 52.034346], [5.035723, 52.034471], [5.035388, 52.034586], [5.03481, 52.034667], [5.032218, 52.03482], [5.031953, 52.034861], [5.031839, 52.034879], [5.031591, 52.034962], [5.031358, 52.035041], [5.031015, 52.035236], [5.030582, 52.035658], [5.029508, 52.03673], [5.029079, 52.037213], [5.028749, 52.037585], [5.028698, 52.037679], [5.028601, 52.037857], [5.028584, 52.038094], [5.029145, 52.038188], [5.030137, 52.038508], [5.031018, 52.038793], [5.030128, 52.039203], [5.029886, 52.039284], [5.029591, 52.039449], [5.030723, 52.039761], [5.031143, 52.039877], [5.029249, 52.041945], [5.029255, 52.04196], [5.029299, 52.042067], [5.029369, 52.042162], [5.030109, 52.042002], [5.030496, 52.042415], [5.030547, 52.04247], [5.032022, 52.042024], [5.033172, 52.041752], [5.033938, 52.041571], [5.034365, 52.041394], [5.034367, 52.041393], [5.034563, 52.041271], [5.034808, 52.041039], [5.035391, 52.040189], [5.035472, 52.03997], [5.035491, 52.039603], [5.03492, 52.039473], [5.035034, 52.039265], [5.034999, 52.039052], [5.034975, 52.038907], [5.034996, 52.038849], [5.03505, 52.038699], [5.035018, 52.038564], [5.034953, 52.038528], [5.035044, 52.038405], [5.035053, 52.038393], [5.035244, 52.038379], [5.035518, 52.038446], [5.035482, 52.038497], [5.035472, 52.038512], [5.035812, 52.038599], [5.036028, 52.038654], [5.036052, 52.038645], [5.036065, 52.03864], [5.037324, 52.03677], [5.037082, 52.036656], [5.03699, 52.036612], [5.036526, 52.036315], [5.035177, 52.035669], [5.035662, 52.035258]], [[5.032689, 52.037025], [5.032692, 52.036939], [5.034163, 52.035456], [5.035031, 52.035735], [5.03458, 52.036159], [5.034162, 52.036632], [5.03384, 52.036996], [5.033022, 52.037635], [5.032674, 52.037469], [5.032689, 52.037025]]], [[[5.229339, 52.070682], [5.229129, 52.07056], [5.228775, 52.070287], [5.228641, 52.070183], [5.228552, 52.070143], [5.228382, 52.070066], [5.228311, 52.07008], [5.228219, 52.070098], [5.228023, 52.070224], [5.227949, 52.070272], [5.227786, 52.070532], [5.227126, 52.071015], [5.227357, 52.071365], [5.227625, 52.071642], [5.228681, 52.07242], [5.228683, 52.072421], [5.228791, 52.072351], [5.229094, 52.071959], [5.229422, 52.071622], [5.229461, 52.071582], [5.229979, 52.0712], [5.230405, 52.070886], [5.230106, 52.070677], [5.229955, 52.070738], [5.229725, 52.070733], [5.229461, 52.070727], [5.229347, 52.070687], [5.229339, 52.070682]]], [[[5.169809, 52.070802], [5.169811, 52.070842], [5.169931, 52.070842], [5.169959, 52.071406], [5.170043, 52.073064], [5.169941, 52.073107], [5.169945, 52.073184], [5.170047, 52.073147], [5.170066, 52.073469], [5.17015, 52.074871], [5.170025, 52.074925], [5.170043, 52.075057], [5.17114, 52.074575], [5.171342, 52.074486], [5.171878, 52.074102], [5.173769, 52.072746], [5.173199, 52.06873], [5.171842, 52.068373], [5.172024, 52.069899], [5.172069, 52.070272], [5.171864, 52.070306], [5.169922, 52.070632], [5.169926, 52.070734], [5.169927, 52.070758], [5.169808, 52.070771], [5.169809, 52.070802]]], [[[5.229604, 52.074079], [5.229746, 52.074225], [5.229768, 52.074247], [5.230281, 52.074645], [5.230697, 52.074804], [5.230862, 52.074714], [5.232717, 52.073704], [5.232235, 52.073367], [5.232839, 52.073042], [5.233101, 52.072901], [5.231957, 52.072101], [5.231268, 52.071619], [5.231731, 52.07136], [5.231294, 52.071044], [5.230873, 52.070739], [5.230409, 52.071013], [5.230922, 52.071372], [5.231269, 52.071614], [5.230403, 52.072087], [5.22987, 52.071717], [5.229536, 52.072051], [5.229422, 52.072165], [5.229541, 52.072253], [5.229245, 52.072519], [5.229165, 52.072591], [5.228993, 52.072698], [5.22917, 52.073018], [5.229385, 52.073734], [5.229543, 52.073982], [5.229604, 52.074079]]], [[[5.178494, 52.072325], [5.178605, 52.072328], [5.178621, 52.072328], [5.178803, 52.07239], [5.179749, 52.072396], [5.179788, 52.072407], [5.179865, 52.072428], [5.180565, 52.072791], [5.180583, 52.072725], [5.180619, 52.072748], [5.180716, 52.07281], [5.180644, 52.073225], [5.180518, 52.073948], [5.181635, 52.074743], [5.181736, 52.075206], [5.18179, 52.075457], [5.181956, 52.075549], [5.182034, 52.075592], [5.183582, 52.074332], [5.183591, 52.074336], [5.183652, 52.074365], [5.18365, 52.07437], [5.18364, 52.074392], [5.183883, 52.074181], [5.184106, 52.073917], [5.184322, 52.073789], [5.184172, 52.073655], [5.184167, 52.073651], [5.184132, 52.073622], [5.182846, 52.072574], [5.182431, 52.07236], [5.182354, 52.07232], [5.181745, 52.071944], [5.180946, 52.071624], [5.180524, 52.071384], [5.180288, 52.071286], [5.179768, 52.071069], [5.179364, 52.071318], [5.178719, 52.071716], [5.1771, 52.07087], [5.176935, 52.070784], [5.17491, 52.072378], [5.175302, 52.072379], [5.178248, 52.07239], [5.178494, 52.072325]]], [[[5.169906, 52.074026], [5.169803, 52.074058], [5.169762, 52.073419], [5.169632, 52.071375], [5.169613, 52.071], [5.169606, 52.070873], [5.16962, 52.070872], [5.169727, 52.070861], [5.169723, 52.070782], [5.169659, 52.070789], [5.169602, 52.070795], [5.169597, 52.070732], [5.169596, 52.070718], [5.168427, 52.070894], [5.168294, 52.070931], [5.168309, 52.071071], [5.168323, 52.071199], [5.167856, 52.071266], [5.16707, 52.071379], [5.167029, 52.071362], [5.167011, 52.071354], [5.166932, 52.070899], [5.166823, 52.070269], [5.167359, 52.069961], [5.167696, 52.069767], [5.167642, 52.069192], [5.167098, 52.069442], [5.166515, 52.06971], [5.166464, 52.069724], [5.16642, 52.069681], [5.166409, 52.069686], [5.166365, 52.069707], [5.166378, 52.069727], [5.1664, 52.069763], [5.165162, 52.07033], [5.164584, 52.070595], [5.16447, 52.070677], [5.164407, 52.070722], [5.164391, 52.070749], [5.164306, 52.07089], [5.164516, 52.07245], [5.164849, 52.074927], [5.164905, 52.075038], [5.165063, 52.076065], [5.165243, 52.077237], [5.165902, 52.076959], [5.16644, 52.076732], [5.168404, 52.075765], [5.168745, 52.075618], [5.169979, 52.075083], [5.169973, 52.075041], [5.169961, 52.074947], [5.16987, 52.074986], [5.169857, 52.074991], [5.16981, 52.074136], [5.169949, 52.074085], [5.169945, 52.074014], [5.169906, 52.074026]]], [[[5.229346, 52.074093], [5.229175, 52.073766], [5.228984, 52.07309], [5.228727, 52.072871], [5.227098, 52.073587], [5.228439, 52.074513], [5.22955, 52.07528], [5.229673, 52.07528], [5.229741, 52.075322], [5.230484, 52.074919], [5.230396, 52.074889], [5.230299, 52.074855], [5.230029, 52.074706], [5.230011, 52.074696], [5.229955, 52.074656], [5.229599, 52.074401], [5.229346, 52.074093]]], [[[5.192209, 52.073577], [5.191968, 52.073933], [5.191434, 52.073786], [5.191247, 52.073735], [5.190977, 52.074053], [5.190781, 52.073987], [5.190662, 52.073947], [5.190816, 52.073781], [5.190996, 52.073585], [5.191077, 52.073585], [5.191327, 52.073367], [5.188837, 52.072376], [5.188049, 52.072114], [5.187813, 52.072036], [5.187266, 52.071742], [5.186394, 52.07242], [5.184998, 52.073505], [5.184831, 52.073621], [5.18468, 52.073685], [5.18463, 52.073706], [5.184826, 52.073894], [5.185192, 52.074405], [5.185352, 52.074551], [5.185503, 52.074689], [5.185762, 52.074862], [5.185889, 52.074946], [5.185914, 52.074928], [5.186501, 52.07451], [5.186557, 52.074525], [5.18657, 52.074529], [5.186892, 52.074411], [5.187233, 52.074103], [5.187396, 52.073956], [5.18746, 52.073935], [5.187559, 52.073902], [5.187631, 52.073912], [5.187717, 52.073923], [5.188168, 52.074131], [5.188493, 52.07428], [5.188507, 52.074462], [5.188428, 52.074592], [5.188326, 52.074648], [5.188295, 52.074665], [5.187699, 52.074572], [5.18729, 52.074666], [5.186994, 52.074675], [5.186962, 52.074663], [5.186743, 52.074584], [5.186703, 52.074586], [5.186659, 52.074589], [5.186423, 52.074702], [5.186257, 52.074782], [5.186061, 52.074909], [5.185943, 52.074986], [5.186363, 52.07534], [5.186471, 52.075421], [5.186564, 52.07549], [5.18695, 52.075687], [5.186992, 52.075709], [5.187779, 52.076029], [5.187957, 52.076141], [5.188039, 52.076192], [5.188083, 52.076149], [5.188165, 52.076157], [5.188627, 52.076287], [5.188696, 52.076317], [5.188833, 52.076378], [5.189188, 52.076577], [5.189213, 52.076676], [5.189152, 52.076777], [5.18992, 52.076964], [5.190646, 52.077031], [5.191072, 52.077035], [5.191543, 52.076996], [5.191985, 52.07696], [5.192016, 52.076931], [5.192025, 52.076922], [5.192717, 52.076736], [5.192965, 52.076619], [5.193141, 52.076536], [5.193626, 52.076245], [5.193715, 52.076166], [5.194184, 52.075745], [5.194754, 52.074972], [5.195159, 52.074559], [5.194667, 52.07443], [5.194619, 52.074509], [5.194363, 52.074452], [5.194293, 52.074436], [5.194516, 52.074063], [5.194281, 52.073875], [5.194015, 52.073663], [5.1933, 52.073759], [5.192209, 52.073577]]], [[[5.226079, 52.075605], [5.227446, 52.076559], [5.228297, 52.0761], [5.229258, 52.075582], [5.229262, 52.075515], [5.22894, 52.075246], [5.226391, 52.073482], [5.226325, 52.073498], [5.225373, 52.073874], [5.224452, 52.074238], [5.225279, 52.074781], [5.225164, 52.074841], [5.225061, 52.074895], [5.226079, 52.075605]]], [[[5.173027, 52.075721], [5.173532, 52.075354], [5.173571, 52.07539], [5.173598, 52.074894], [5.173615, 52.074804], [5.173734, 52.074166], [5.173595, 52.073847], [5.173455, 52.073527], [5.173376, 52.073497], [5.173373, 52.073496], [5.173256, 52.073589], [5.173331, 52.073626], [5.172337, 52.074422], [5.172472, 52.074708], [5.172565, 52.074905], [5.172338, 52.074948], [5.172327, 52.074981], [5.172078, 52.07502], [5.171967, 52.075037], [5.171968, 52.075053], [5.171969, 52.075077], [5.171843, 52.075098], [5.171866, 52.075132], [5.171574, 52.07515], [5.171561, 52.075086], [5.1715, 52.075064], [5.170589, 52.075801], [5.171269, 52.07794], [5.171474, 52.078584], [5.171459, 52.078579], [5.171433, 52.07857], [5.173286, 52.079293], [5.173563, 52.07923], [5.173876, 52.079159], [5.173969, 52.079285], [5.174123, 52.079494], [5.174479, 52.079847], [5.174828, 52.080193], [5.174935, 52.080197], [5.175041, 52.080201], [5.175656, 52.08084], [5.177797, 52.079108], [5.179286, 52.077903], [5.175445, 52.078166], [5.174309, 52.078244], [5.173285, 52.077895], [5.173072, 52.077416], [5.172887, 52.076836], [5.17268, 52.075973], [5.173027, 52.075721]]], [[[5.178039, 52.095791], [5.179553, 52.095356], [5.179863, 52.095267], [5.179827, 52.095083], [5.179811, 52.095002], [5.17971, 52.094886], [5.179483, 52.094628], [5.178955, 52.093911], [5.178694, 52.093557], [5.176803, 52.094008], [5.178039, 52.095791]]], [[[5.16107, 52.094418], [5.160793, 52.094569], [5.160621, 52.094699], [5.16058, 52.09473], [5.160611, 52.09478], [5.161625, 52.096381], [5.161975, 52.0963], [5.162353, 52.096212], [5.163001, 52.096102], [5.162481, 52.095332], [5.161767, 52.094275], [5.161701, 52.094286], [5.161256, 52.094358], [5.16107, 52.094418]]], [[[5.175699, 52.096469], [5.177909, 52.095829], [5.176742, 52.094171], [5.176546, 52.094074], [5.175109, 52.09443], [5.174412, 52.094603], [5.174055, 52.094082], [5.172476, 52.094477], [5.174162, 52.096913], [5.175202, 52.096617], [5.175034, 52.096379], [5.174996, 52.096325], [5.174881, 52.096353], [5.174855, 52.096316], [5.1748, 52.096237], [5.1747, 52.096267], [5.174697, 52.096268], [5.174682, 52.096246], [5.174425, 52.095876], [5.174566, 52.095833], [5.174669, 52.095802], [5.174714, 52.095862], [5.174765, 52.09593], [5.175193, 52.095807], [5.175252, 52.09579], [5.175699, 52.096469]]], [[[5.167227, 52.118735], [5.168214, 52.118445], [5.167663, 52.117592], [5.168738, 52.117334], [5.168147, 52.116426], [5.169757, 52.116003], [5.16932, 52.115324], [5.168146, 52.1135], [5.168699, 52.113366], [5.167717, 52.11186], [5.167038, 52.112025], [5.166329, 52.112198], [5.165728, 52.111255], [5.164918, 52.109983], [5.163207, 52.110416], [5.167033, 52.116602], [5.16659, 52.116712], [5.166071, 52.116842], [5.166666, 52.117817], [5.167227, 52.118735]]], [[[5.169191, 52.119807], [5.16845, 52.11856], [5.167736, 52.118762], [5.167816, 52.118897], [5.168747, 52.120472], [5.169445, 52.120657], [5.169703, 52.120725], [5.169722, 52.120701], [5.169191, 52.119807]]], [[[5.074505, 52.122832], [5.074393, 52.122951], [5.074191, 52.123165], [5.074093, 52.12335], [5.073952, 52.123615], [5.07349, 52.124293], [5.073499, 52.1243], [5.073538, 52.124331], [5.073578, 52.12465], [5.073697, 52.124883], [5.07375, 52.124987], [5.073794, 52.125013], [5.074369, 52.125348], [5.074351, 52.125449], [5.074173, 52.125601], [5.074047, 52.125709], [5.074509, 52.125935], [5.074736, 52.126046], [5.074771, 52.126078], [5.074854, 52.126155], [5.075806, 52.12556], [5.077021, 52.124801], [5.076964, 52.1247], [5.076854, 52.124502], [5.076895, 52.124435], [5.076915, 52.124404], [5.077416, 52.123974], [5.078762, 52.122955], [5.078923, 52.122751], [5.079087, 52.122125], [5.077265, 52.121209], [5.077127, 52.121187], [5.076913, 52.121203], [5.07666, 52.121221], [5.076422, 52.121305], [5.074624, 52.122789], [5.074549, 52.122816], [5.074505, 52.122832]]], [[[5.070908, 52.124079], [5.070784, 52.124199], [5.070735, 52.124246], [5.07074, 52.124268], [5.07075, 52.12432], [5.070404, 52.125462], [5.070321, 52.126553], [5.070288, 52.126984], [5.070618, 52.126748], [5.071019, 52.126461], [5.07122, 52.126293], [5.071345, 52.126189], [5.071789, 52.12574], [5.072011, 52.125424], [5.072779, 52.124051], [5.073084, 52.123585], [5.073206, 52.123398], [5.072673, 52.123202], [5.072503, 52.123385], [5.072359, 52.12336], [5.07219, 52.123331], [5.072052, 52.123342], [5.072014, 52.123356], [5.071914, 52.123391], [5.071758, 52.123557], [5.071618, 52.123707], [5.070908, 52.124079]]], [[[5.071407, 52.128435], [5.071344, 52.128425], [5.071217, 52.128405], [5.070577, 52.129228], [5.070553, 52.129259], [5.070077, 52.129204], [5.070055, 52.129239], [5.069559, 52.130041], [5.069877, 52.130154], [5.070662, 52.130431], [5.071114, 52.130423], [5.071392, 52.13016], [5.0715, 52.130058], [5.071435, 52.129874], [5.07139, 52.129745], [5.071432, 52.129622], [5.071439, 52.129601], [5.071628, 52.129506], [5.071681, 52.129498], [5.072172, 52.129427], [5.072393, 52.129304], [5.072482, 52.129189], [5.072543, 52.129109], [5.07258, 52.128413], [5.072838, 52.12816], [5.072973, 52.128028], [5.072964, 52.127961], [5.072796, 52.127865], [5.072563, 52.127952], [5.07216, 52.128184], [5.071784, 52.128214], [5.071688, 52.128285], [5.071507, 52.128418], [5.071407, 52.128435]]], [[[5.160965, 52.154684], [5.160822, 52.154736], [5.160849, 52.154766], [5.160649, 52.154793], [5.160525, 52.154809], [5.160388, 52.15498], [5.158365, 52.151827], [5.157424, 52.152102], [5.158037, 52.153079], [5.158348, 52.153574], [5.15766, 52.153771], [5.155931, 52.151062], [5.15563, 52.151154], [5.154869, 52.151387], [5.158814, 52.15756], [5.15964, 52.158898], [5.160297, 52.159961], [5.161609, 52.159644], [5.162933, 52.159324], [5.163851, 52.159059], [5.164008, 52.158929], [5.164162, 52.158801], [5.164433, 52.158506], [5.164608, 52.158441], [5.164308, 52.157535], [5.164044, 52.157121], [5.163769, 52.156691], [5.163786, 52.156688], [5.163829, 52.156679], [5.163035, 52.155411], [5.162175, 52.154039], [5.161709, 52.154176], [5.16115, 52.15434], [5.161244, 52.154541], [5.161225, 52.154589], [5.160965, 52.154684]]], [[[5.125296, 52.153889], [5.125073, 52.153985], [5.124965, 52.154031], [5.124915, 52.153987], [5.123907, 52.15311], [5.123597, 52.153263], [5.123401, 52.15336], [5.126615, 52.1562], [5.126945, 52.156465], [5.128345, 52.157588], [5.128518, 52.157516], [5.132011, 52.160306], [5.13187, 52.160383], [5.133606, 52.161751], [5.134558, 52.162547], [5.135639, 52.163452], [5.136395, 52.16313], [5.135412, 52.162288], [5.134609, 52.161599], [5.132147, 52.159697], [5.130971, 52.158726], [5.127978, 52.156256], [5.125296, 52.153889]]], [[[5.165476, 52.159611], [5.165167, 52.159705], [5.164931, 52.159776], [5.164465, 52.160058], [5.163827, 52.16023], [5.163501, 52.159727], [5.163226, 52.159302], [5.163165, 52.159317], [5.163162, 52.159318], [5.166579, 52.164721], [5.167868, 52.164421], [5.168604, 52.16425], [5.167971, 52.163268], [5.167242, 52.163434], [5.164969, 52.15983], [5.165379, 52.159731], [5.165546, 52.159691], [5.165476, 52.159611]]], [[[5.022503, 52.161038], [5.021923, 52.160566], [5.021914, 52.160559], [5.021831, 52.1605], [5.021727, 52.160572], [5.021645, 52.160629], [5.0216, 52.160608], [5.021543, 52.160647], [5.021492, 52.160619], [5.021582, 52.160554], [5.021508, 52.160515], [5.021486, 52.160525], [5.02147, 52.160532], [5.021432, 52.160501], [5.021342, 52.160428], [5.021072, 52.160582], [5.021, 52.160546], [5.020943, 52.160517], [5.020718, 52.160697], [5.020448, 52.160605], [5.021037, 52.159944], [5.020318, 52.159565], [5.019826, 52.159391], [5.019213, 52.159173], [5.018419, 52.159523], [5.016871, 52.160206], [5.016723, 52.160485], [5.016596, 52.160563], [5.018146, 52.161184], [5.02103, 52.162341], [5.021146, 52.162484], [5.021214, 52.162568], [5.021147, 52.162692], [5.021089, 52.162801], [5.021069, 52.162774], [5.021044, 52.162739], [5.021007, 52.162807], [5.021102, 52.162891], [5.021325, 52.162906], [5.021456, 52.162883], [5.02155, 52.162866], [5.021522, 52.162844], [5.021487, 52.162817], [5.021927, 52.16269], [5.025595, 52.16418], [5.027383, 52.164906], [5.028852, 52.162905], [5.028955, 52.162842], [5.028985, 52.162824], [5.029057, 52.162798], [5.029247, 52.162731], [5.02835, 52.162466], [5.028651, 52.161899], [5.027957, 52.161741], [5.026966, 52.161516], [5.026891, 52.161584], [5.026708, 52.161749], [5.026377, 52.16174], [5.026126, 52.161733], [5.025521, 52.161955], [5.024994, 52.162024], [5.024656, 52.162032], [5.024495, 52.162017], [5.024347, 52.162003], [5.023892, 52.161906], [5.023843, 52.161887], [5.023331, 52.161693], [5.023295, 52.161669], [5.022986, 52.161461], [5.022575, 52.16174], [5.022006, 52.161427], [5.02199, 52.161418], [5.022128, 52.161377], [5.022457, 52.16155], [5.022576, 52.161568], [5.022755, 52.161461], [5.022749, 52.161456], [5.022639, 52.161368], [5.022477, 52.161125], [5.022498, 52.161055], [5.022503, 52.161038]]], [[[5.165082, 52.167135], [5.165229, 52.167097], [5.165122, 52.166934], [5.165058, 52.166837], [5.166478, 52.166522], [5.165024, 52.164188], [5.164219, 52.162895], [5.165186, 52.16266], [5.163068, 52.159341], [5.160337, 52.160052], [5.164779, 52.167213], [5.165082, 52.167135]]], [[[5.033418, 52.185552], [5.03328, 52.185049], [5.033111, 52.184654], [5.032812, 52.184421], [5.032269, 52.184305], [5.028195, 52.184535], [5.022073, 52.184881], [5.022114, 52.185081], [5.022309, 52.185519], [5.022295, 52.185578], [5.02228, 52.185637], [5.022326, 52.185706], [5.022458, 52.185903], [5.022467, 52.186109], [5.022554, 52.186199], [5.022608, 52.186323], [5.022729, 52.186604], [5.022755, 52.186676], [5.022768, 52.18671], [5.022764, 52.186714], [5.022728, 52.186753], [5.033645, 52.186115], [5.033508, 52.185878], [5.033418, 52.185552]]], [[[5.024966, 52.192162], [5.025349, 52.193034], [5.031679, 52.192595], [5.031676, 52.192579], [5.031584, 52.192138], [5.031536, 52.192141], [5.031369, 52.191239], [5.031243, 52.190559], [5.030098, 52.190633], [5.029669, 52.190661], [5.029613, 52.1901], [5.029541, 52.189388], [5.02927, 52.187762], [5.028093, 52.187832], [5.026252, 52.187941], [5.026186, 52.187494], [5.023197, 52.18766], [5.023186, 52.187628], [5.023179, 52.18761], [5.023156, 52.187612], [5.023136, 52.187613], [5.024093, 52.189918], [5.024794, 52.191605], [5.024879, 52.191879], [5.024966, 52.192162]]], [[[5.01874, 52.205384], [5.018697, 52.205383], [5.018721, 52.2057], [5.01875, 52.206091], [5.018863, 52.206388], [5.019201, 52.207272], [5.020645, 52.206881], [5.020554, 52.206647], [5.021304, 52.206463], [5.020944, 52.205706], [5.020587, 52.204956], [5.020177, 52.205018], [5.018963, 52.2052], [5.018923, 52.205218], [5.01884, 52.205256], [5.01879, 52.20537], [5.018784, 52.205385], [5.01874, 52.205384]]], [[[5.033193, 52.220828], [5.032981, 52.220884], [5.032517, 52.221005], [5.032393, 52.222389], [5.033737, 52.222523], [5.033946, 52.222057], [5.033933, 52.221667], [5.033883, 52.221562], [5.03384, 52.221472], [5.033541, 52.22111], [5.033193, 52.220828]]], [[[5.027364, 52.266409], [5.027307, 52.266353], [5.027051, 52.266313], [5.026399, 52.267108], [5.026041, 52.267482], [5.025768, 52.267768], [5.026492, 52.268031], [5.026501, 52.268034], [5.026676, 52.26787], [5.026938, 52.267623], [5.026867, 52.267593], [5.026845, 52.267584], [5.026995, 52.267349], [5.027388, 52.266887], [5.027454, 52.266618], [5.027403, 52.266479], [5.027385, 52.266429], [5.027364, 52.266409]]], [[[5.048909, 52.279529], [5.048932, 52.279521], [5.048905, 52.279136], [5.048884, 52.278826], [5.048864, 52.278805], [5.048828, 52.278768], [5.048838, 52.278538], [5.048846, 52.278359], [5.048773, 52.278022], [5.048635, 52.277793], [5.048444, 52.277629], [5.048382, 52.277576], [5.048025, 52.277404], [5.047959, 52.277392], [5.047691, 52.277345], [5.047464, 52.277372], [5.047442, 52.277375], [5.046946, 52.277505], [5.046347, 52.277552], [5.046127, 52.277619], [5.045609, 52.277775], [5.045369, 52.277922], [5.045325, 52.277924], [5.04505, 52.277938], [5.045516, 52.278343], [5.046281, 52.278726], [5.046349, 52.278756], [5.047152, 52.279117], [5.048044, 52.279416], [5.048359, 52.279521], [5.048602, 52.279633], [5.048909, 52.279529]]], [[[5.325051, 51.963449], [5.325043, 51.963442], [5.325021, 51.963423], [5.325241, 51.962282], [5.325273, 51.962117], [5.325162, 51.959676], [5.326402, 51.959808], [5.3264, 51.960152], [5.326389, 51.962103], [5.328858, 51.962077], [5.328858, 51.96152], [5.328859, 51.960686], [5.327764, 51.960631], [5.327606, 51.960623], [5.327532, 51.960579], [5.327418, 51.960511], [5.327355, 51.960513], [5.327092, 51.960521], [5.32689, 51.960448], [5.326891, 51.960388], [5.326893, 51.960287], [5.326946, 51.96015], [5.327023, 51.959949], [5.326923, 51.959902], [5.327414, 51.9587], [5.32783, 51.957683], [5.328104, 51.957132], [5.326862, 51.956946], [5.325799, 51.956736], [5.325789, 51.956762], [5.325776, 51.956731], [5.325694, 51.956922], [5.325562, 51.956834], [5.324705, 51.956666], [5.322859, 51.956304], [5.322909, 51.95606], [5.31929, 51.955662], [5.318473, 51.955727], [5.317843, 51.955777], [5.317812, 51.955733], [5.317846, 51.956076], [5.317848, 51.956093], [5.317869, 51.95612], [5.317968, 51.956249], [5.318378, 51.957081], [5.31847, 51.957651], [5.316746, 51.958147], [5.31593, 51.958346], [5.315789, 51.95838], [5.315555, 51.958343], [5.315655, 51.958327], [5.31568, 51.958323], [5.315549, 51.958316], [5.314828, 51.957824], [5.314693, 51.957679], [5.314687, 51.957651], [5.314663, 51.957541], [5.314825, 51.957337], [5.314915, 51.957292], [5.31516, 51.95717], [5.315855, 51.95693], [5.315734, 51.956764], [5.315717, 51.956741], [5.315771, 51.956682], [5.31582, 51.956628], [5.315842, 51.95654], [5.315047, 51.956808], [5.314908, 51.956855], [5.312699, 51.957857], [5.310909, 51.958809], [5.309634, 51.959395], [5.308628, 51.959912], [5.30743, 51.960529], [5.307352, 51.960649], [5.307048, 51.960753], [5.306769, 51.960849], [5.305708, 51.961309], [5.303757, 51.962047], [5.30306, 51.962353], [5.30313, 51.962462], [5.303381, 51.962852], [5.303849, 51.962737], [5.304308, 51.962624], [5.305087, 51.962469], [5.30575, 51.962502], [5.306206, 51.962429], [5.307183, 51.962273], [5.307214, 51.962119], [5.30752, 51.961991], [5.309201, 51.96129], [5.310022, 51.960828], [5.310313, 51.960664], [5.310832, 51.960523], [5.311126, 51.960443], [5.311839, 51.96015], [5.312612, 51.959765], [5.312891, 51.959598], [5.313292, 51.959359], [5.313579, 51.960223], [5.313497, 51.961467], [5.314064, 51.961437], [5.314759, 51.9614], [5.317812, 51.961101], [5.317822, 51.961165], [5.317832, 51.961232], [5.318496, 51.961406], [5.319068, 51.961556], [5.319232, 51.961622], [5.319497, 51.961729], [5.319652, 51.961817], [5.319726, 51.961859], [5.320717, 51.962248], [5.322689, 51.962855], [5.323581, 51.963042], [5.325051, 51.963449]], [[5.320937, 51.957859], [5.320171, 51.95766], [5.319939, 51.957702], [5.319926, 51.957699], [5.319788, 51.957664], [5.319536, 51.957508], [5.319544, 51.957458], [5.319563, 51.957343], [5.319506, 51.957248], [5.319475, 51.957195], [5.319343, 51.957124], [5.319209, 51.957052], [5.319072, 51.957014], [5.318909, 51.957035], [5.318838, 51.957014], [5.318787, 51.956998], [5.318751, 51.956973], [5.318477, 51.956788], [5.318381, 51.956683], [5.318364, 51.956594], [5.318378, 51.956555], [5.318437, 51.956387], [5.318413, 51.956314], [5.318628, 51.956086], [5.318919, 51.956018], [5.319132, 51.956004], [5.319154, 51.955959], [5.319159, 51.955948], [5.319281, 51.955898], [5.319586, 51.955926], [5.319924, 51.955958], [5.319991, 51.955988], [5.320099, 51.956148], [5.320458, 51.956138], [5.320826, 51.956206], [5.321193, 51.956274], [5.321343, 51.956414], [5.321701, 51.956576], [5.32218, 51.956864], [5.322181, 51.956902], [5.322185, 51.95708], [5.322228, 51.957104], [5.322377, 51.957185], [5.322427, 51.957352], [5.322372, 51.95746], [5.322372, 51.957475], [5.322373, 51.957676], [5.322226, 51.957841], [5.322117, 51.957896], [5.322065, 51.957905], [5.3217, 51.957965], [5.321475, 51.957973], [5.321285, 51.957945], [5.321243, 51.957939], [5.320937, 51.957859]], [[5.323114, 51.958155], [5.323413, 51.958188], [5.323677, 51.958218], [5.324214, 51.958297], [5.324306, 51.958311], [5.324709, 51.958404], [5.324755, 51.958537], [5.32452, 51.959317], [5.324492, 51.959373], [5.324467, 51.959424], [5.324179, 51.959614], [5.324107, 51.959737], [5.324099, 51.95975], [5.324006, 51.959771], [5.323845, 51.959807], [5.323705, 51.959939], [5.323612, 51.959972], [5.323264, 51.960017], [5.322931, 51.960146], [5.322875, 51.960168], [5.322001, 51.960095], [5.321979, 51.960097], [5.32166, 51.96012], [5.320793, 51.96], [5.320399, 51.959921], [5.320272, 51.959855], [5.320203, 51.959771], [5.320166, 51.959727], [5.320155, 51.959601], [5.320139, 51.959405], [5.32026, 51.959059], [5.320989, 51.958507], [5.321012, 51.958436], [5.32103, 51.958382], [5.32101, 51.958234], [5.321058, 51.958179], [5.321129, 51.958151], [5.321195, 51.958125], [5.321529, 51.958084], [5.321919, 51.958036], [5.322339, 51.958123], [5.322492, 51.958155], [5.322618, 51.958155], [5.323114, 51.958155]]], [[[5.331622, 51.962355], [5.33173, 51.962402], [5.331835, 51.962447], [5.331835, 51.962501], [5.332301, 51.962278], [5.332542, 51.962163], [5.334253, 51.961515], [5.334364, 51.961398], [5.334392, 51.961322], [5.334792, 51.960254], [5.334542, 51.959995], [5.334326, 51.959771], [5.333772, 51.959387], [5.333829, 51.959366], [5.333763, 51.959316], [5.333639, 51.959235], [5.333592, 51.959297], [5.332381, 51.958438], [5.331772, 51.958118], [5.331582, 51.958062], [5.330287, 51.957681], [5.329393, 51.959595], [5.329182, 51.960047], [5.329319, 51.960057], [5.329502, 51.96007], [5.329418, 51.960906], [5.329494, 51.961953], [5.32961, 51.963564], [5.329679, 51.963557], [5.330687, 51.963073], [5.330648, 51.961832], [5.331513, 51.961894], [5.331575, 51.962158], [5.331622, 51.962355]]], [[[5.234629, 51.980821], [5.234585, 51.98081], [5.23455, 51.980812], [5.234268, 51.980826], [5.234225, 51.980935], [5.23408, 51.981303], [5.234005, 51.981342], [5.233988, 51.981352], [5.23414, 51.981405], [5.234539, 51.981509], [5.234995, 51.981601], [5.235171, 51.981636], [5.236559, 51.981717], [5.238953, 51.982347], [5.239442, 51.982453], [5.239924, 51.982558], [5.240723, 51.982639], [5.241719, 51.982606], [5.243064, 51.982412], [5.244629, 51.982186], [5.244596, 51.982022], [5.244539, 51.981739], [5.244572, 51.981461], [5.244591, 51.981307], [5.244272, 51.981367], [5.24331, 51.981549], [5.241935, 51.981651], [5.241643, 51.981673], [5.241226, 51.981679], [5.240203, 51.981694], [5.239994, 51.981676], [5.238794, 51.981395], [5.236872, 51.981183], [5.236081, 51.981096], [5.235714, 51.981033], [5.235007, 51.980913], [5.234629, 51.980821]]], [[[5.380751, 51.990274], [5.379611, 51.989276], [5.378696, 51.989691], [5.378331, 51.989857], [5.379489, 51.990863], [5.379794, 51.990721], [5.380751, 51.990274]]], [[[5.375575, 51.98885], [5.374786, 51.989172], [5.374556, 51.98923], [5.374487, 51.989297], [5.374711, 51.989478], [5.374188, 51.989713], [5.374151, 51.98973], [5.37391, 51.989524], [5.37327, 51.989752], [5.375614, 51.99164], [5.376231, 51.991639], [5.378694, 51.991635], [5.378424, 51.991398], [5.378368, 51.991349], [5.378643, 51.991228], [5.378733, 51.991189], [5.37591, 51.988713], [5.375575, 51.98885]]], [[[5.38241, 51.992783], [5.381265, 51.991786], [5.381058, 51.991784], [5.379793, 51.991773], [5.379694, 51.991786], [5.379531, 51.991807], [5.379447, 51.991795], [5.379351, 51.991782], [5.379013, 51.991783], [5.37882, 51.991784], [5.379564, 51.992409], [5.378415, 51.992928], [5.377623, 51.993286], [5.377591, 51.99326], [5.377441, 51.993137], [5.377076, 51.99331], [5.376912, 51.99318], [5.375927, 51.992404], [5.376302, 51.992227], [5.375781, 51.991808], [5.375761, 51.991792], [5.373771, 51.991805], [5.377997, 51.995178], [5.379806, 51.994286], [5.379856, 51.994286], [5.380081, 51.994456], [5.380184, 51.994495], [5.38064, 51.994279], [5.380703, 51.994328], [5.381545, 51.99399], [5.381928, 51.994304], [5.382154, 51.994488], [5.38277, 51.994186], [5.382771, 51.994186], [5.382797, 51.994208], [5.383393, 51.994002], [5.384928, 51.99347], [5.384807, 51.99339], [5.386384, 51.992853], [5.387551, 51.992522], [5.386918, 51.991983], [5.38668, 51.99178], [5.386094, 51.991769], [5.386092, 51.991769], [5.385829, 51.991794], [5.385856, 51.991933], [5.385913, 51.992001], [5.385962, 51.992059], [5.385979, 51.992124], [5.385994, 51.992186], [5.385906, 51.992172], [5.385389, 51.992348], [5.38527, 51.992249], [5.385079, 51.992276], [5.385047, 51.992281], [5.385016, 51.992243], [5.384692, 51.991851], [5.384189, 51.991842], [5.383034, 51.991758], [5.382329, 51.991785], [5.382806, 51.992287], [5.38284, 51.992323], [5.383013, 51.992267], [5.383326, 51.992164], [5.383527, 51.992329], [5.38241, 51.992783]]], [[[5.387704, 52.004622], [5.39022, 52.00612], [5.392377, 52.007403], [5.392365, 52.007424], [5.392328, 52.007491], [5.392731, 52.007526], [5.39315, 52.007599], [5.393526, 52.007665], [5.394203, 52.007411], [5.393625, 52.00708], [5.393781, 52.007067], [5.395216, 52.00695], [5.38759, 52.002514], [5.384197, 52.002358], [5.38779, 52.004547], [5.387634, 52.004548], [5.387704, 52.004622]]], [[[5.254376, 52.043993], [5.25386, 52.044439], [5.255021, 52.045077], [5.257967, 52.046695], [5.25889, 52.046145], [5.25896, 52.046103], [5.254647, 52.043759], [5.254376, 52.043993]]], [[[5.25721, 52.047155], [5.254563, 52.045654], [5.253132, 52.044842], [5.252503, 52.045413], [5.25646, 52.047611], [5.256954, 52.047311], [5.25721, 52.047155]]], [[[5.26253, 52.048043], [5.259092, 52.04619], [5.258833, 52.046346], [5.256003, 52.048049], [5.258575, 52.049707], [5.26253, 52.048043]]], [[[5.252643, 52.068091], [5.252244, 52.067871], [5.251619, 52.068031], [5.251326, 52.068106], [5.251247, 52.068071], [5.251177, 52.068041], [5.251208, 52.067992], [5.251344, 52.067776], [5.251372, 52.067598], [5.251388, 52.067496], [5.251009, 52.06728], [5.249339, 52.068054], [5.250024, 52.068549], [5.25039, 52.068438], [5.251092, 52.068973], [5.251172, 52.068964], [5.251266, 52.068954], [5.251512, 52.068887], [5.251958, 52.068765], [5.252384, 52.068706], [5.252828, 52.068491], [5.252759, 52.068456], [5.252711, 52.068328], [5.252689, 52.068268], [5.252645, 52.068224], [5.252572, 52.06815], [5.252643, 52.068091]]], [[[5.247906, 52.070149], [5.248029, 52.070168], [5.248143, 52.070074], [5.248261, 52.069978], [5.248281, 52.069977], [5.248406, 52.06997], [5.248773, 52.069778], [5.24918, 52.069565], [5.249149, 52.069516], [5.248581, 52.069166], [5.248078, 52.069201], [5.24777, 52.068978], [5.249086, 52.068114], [5.247153, 52.06667], [5.246838, 52.066842], [5.246594, 52.066975], [5.246417, 52.066842], [5.246107, 52.06661], [5.245913, 52.066718], [5.244456, 52.067525], [5.244865, 52.067776], [5.247204, 52.06921], [5.246116, 52.069478], [5.246905, 52.070057], [5.246999, 52.070021], [5.247049, 52.070002], [5.247515, 52.070355], [5.247906, 52.070149]]], [[[5.389429, 52.069752], [5.389405, 52.069742], [5.389363, 52.069787], [5.38939, 52.069801], [5.389463, 52.069838], [5.388678, 52.070695], [5.389557, 52.070845], [5.390755, 52.069574], [5.39112, 52.0697], [5.391091, 52.069807], [5.390896, 52.070045], [5.390273, 52.070599], [5.390209, 52.070699], [5.390059, 52.07093], [5.391197, 52.071111], [5.392386, 52.07013], [5.390104, 52.069151], [5.389923, 52.069346], [5.38951, 52.069788], [5.389429, 52.069752]]], [[[5.2495, 52.070912], [5.249666, 52.07103], [5.249224, 52.071225], [5.249013, 52.071319], [5.251117, 52.072788], [5.251465, 52.07258], [5.253458, 52.071388], [5.251124, 52.069639], [5.249136, 52.070653], [5.2495, 52.070912]]], [[[5.246344, 52.071526], [5.246703, 52.071781], [5.247867, 52.071114], [5.247196, 52.070653], [5.246152, 52.071182], [5.246045, 52.071236], [5.246344, 52.071526]]], [[[5.390923, 52.071272], [5.389991, 52.071125], [5.388538, 52.070895], [5.387604, 52.071903], [5.389696, 52.072378], [5.390627, 52.07165], [5.391056, 52.071241], [5.390974, 52.071227], [5.39095, 52.071248], [5.390923, 52.071272]]], [[[5.388684, 52.073911], [5.386448, 52.073182], [5.385586, 52.074247], [5.385089, 52.074862], [5.387355, 52.075629], [5.387314, 52.07567], [5.387297, 52.075666], [5.387248, 52.075654], [5.386336, 52.075358], [5.385025, 52.074933], [5.384882, 52.07508], [5.384363, 52.075613], [5.384892, 52.075808], [5.38668, 52.076467], [5.387601, 52.075692], [5.387798, 52.07546], [5.388042, 52.075174], [5.388474, 52.074506], [5.388774, 52.07394], [5.388684, 52.073911]]], [[[5.384572, 52.078066], [5.384808, 52.077904], [5.385346, 52.077537], [5.386177, 52.076907], [5.386592, 52.076544], [5.386631, 52.07651], [5.384276, 52.075653], [5.383833, 52.076065], [5.382632, 52.077183], [5.384572, 52.078066]]], [[[5.387572, 52.085139], [5.390073, 52.084993], [5.390591, 52.084963], [5.390578, 52.084858], [5.390574, 52.084825], [5.390686, 52.083986], [5.38855, 52.083961], [5.387572, 52.083949], [5.387572, 52.085139]]], [[[5.392273, 52.086182], [5.391624, 52.085023], [5.391202, 52.085046], [5.390783, 52.085069], [5.390644, 52.085042], [5.390076, 52.085071], [5.3904, 52.086256], [5.391256, 52.086247], [5.391774, 52.086242], [5.392273, 52.086182]]], [[[5.382005, 52.089067], [5.384289, 52.088931], [5.384268, 52.088466], [5.384386, 52.087547], [5.384413, 52.087336], [5.384098, 52.087353], [5.384069, 52.087048], [5.384055, 52.086906], [5.381031, 52.087107], [5.381078, 52.087475], [5.381083, 52.087513], [5.38116, 52.087658], [5.381313, 52.087947], [5.381307, 52.088045], [5.381205, 52.0882], [5.381201, 52.088436], [5.380915, 52.088472], [5.380914, 52.088481], [5.380891, 52.088628], [5.380754, 52.088929], [5.380832, 52.089091], [5.380854, 52.089136], [5.382005, 52.089067]]], [[[5.384775, 52.091493], [5.38485, 52.091668], [5.384975, 52.091962], [5.386173, 52.091903], [5.386341, 52.092279], [5.386574, 52.092799], [5.388749, 52.092723], [5.389076, 52.090263], [5.389107, 52.090122], [5.389156, 52.089894], [5.384493, 52.090096], [5.384492, 52.090115], [5.384492, 52.090124], [5.384381, 52.090136], [5.384351, 52.090139], [5.384775, 52.091493]]], [[[5.386771, 52.092863], [5.386711, 52.092866], [5.386688, 52.092867], [5.386953, 52.093474], [5.388654, 52.093417], [5.388731, 52.092774], [5.388733, 52.092759], [5.386908, 52.092828], [5.386768, 52.092833], [5.386769, 52.092847], [5.386771, 52.092863]]], [[[5.385875, 52.098174], [5.38573, 52.098189], [5.385697, 52.098192], [5.385644, 52.098267], [5.389089, 52.097953], [5.388341, 52.096352], [5.388264, 52.095976], [5.388225, 52.095788], [5.388225, 52.095466], [5.38825, 52.095351], [5.388306, 52.095098], [5.388651, 52.094371], [5.388088, 52.094402], [5.387528, 52.094433], [5.387603, 52.094682], [5.38774, 52.095135], [5.387775, 52.095484], [5.387796, 52.095695], [5.387263, 52.095714], [5.386039, 52.095759], [5.386164, 52.096001], [5.386247, 52.09616], [5.386236, 52.096161], [5.386185, 52.096168], [5.386177, 52.096141], [5.383248, 52.096437], [5.382032, 52.09656], [5.382139, 52.09698], [5.382316, 52.097671], [5.385769, 52.097338], [5.386313, 52.097286], [5.386308, 52.097297], [5.386218, 52.097491], [5.386345, 52.097477], [5.387774, 52.097323], [5.387788, 52.097374], [5.386574, 52.097504], [5.386195, 52.097544], [5.386123, 52.097575], [5.38628, 52.097575], [5.385925, 52.098099], [5.385875, 52.098174]]], [[[5.387876, 52.099665], [5.389746, 52.099533], [5.389757, 52.099532], [5.389741, 52.099472], [5.38965, 52.09914], [5.389121, 52.098019], [5.385733, 52.098322], [5.385009, 52.099155], [5.384495, 52.100296], [5.387956, 52.099954], [5.387905, 52.099769], [5.387876, 52.099665]]], [[[5.388968, 52.102311], [5.388618, 52.101172], [5.387073, 52.101219], [5.386459, 52.101238], [5.386783, 52.102575], [5.388289, 52.102393], [5.388968, 52.102311]]], [[[5.390365, 52.102264], [5.388742, 52.102456], [5.388953, 52.102857], [5.389046, 52.103034], [5.389345, 52.102993], [5.390557, 52.102826], [5.390365, 52.102264]]], [[[5.328726, 52.155644], [5.328354, 52.155537], [5.328259, 52.155541], [5.328163, 52.155545], [5.328114, 52.155368], [5.328081, 52.155252], [5.328069, 52.155252], [5.327996, 52.155249], [5.328, 52.15526], [5.328003, 52.155267], [5.327557, 52.155192], [5.3264, 52.154998], [5.326401, 52.155006], [5.326404, 52.155031], [5.326306, 52.155047], [5.326493, 52.155519], [5.326295, 52.155537], [5.32625, 52.155541], [5.326269, 52.15559], [5.326751, 52.156861], [5.326957, 52.156833], [5.32705, 52.156821], [5.32711, 52.156961], [5.326932, 52.156989], [5.326852, 52.157001], [5.326889, 52.157094], [5.326894, 52.157106], [5.326301, 52.157214], [5.325891, 52.157288], [5.326965, 52.159903], [5.327394, 52.159851], [5.327792, 52.159802], [5.327951, 52.160224], [5.328081, 52.160567], [5.328788, 52.160534], [5.328753, 52.160439], [5.328664, 52.160201], [5.32891, 52.160195], [5.329048, 52.160191], [5.329873, 52.160091], [5.329615, 52.159342], [5.329462, 52.158899], [5.329273, 52.158459], [5.329574, 52.158417], [5.330108, 52.158343], [5.330543, 52.159455], [5.332165, 52.159316], [5.332679, 52.159272], [5.331453, 52.156182], [5.330821, 52.15611], [5.330259, 52.156045], [5.330253, 52.15603], [5.330237, 52.155989], [5.329697, 52.155885], [5.32928, 52.155804], [5.328726, 52.155644]]], [[[5.33423, 52.159344], [5.33378, 52.158261], [5.33306, 52.158366], [5.333519, 52.159456], [5.333891, 52.159397], [5.33423, 52.159344]]], [[[5.273257, 52.163921], [5.273602, 52.164053], [5.273403, 52.164179], [5.273619, 52.164255], [5.273658, 52.164269], [5.273356, 52.164571], [5.27322, 52.164707], [5.27282, 52.164562], [5.27237, 52.165045], [5.272316, 52.165103], [5.271597, 52.164837], [5.271353, 52.164796], [5.27116, 52.164764], [5.270838, 52.164642], [5.270664, 52.164807], [5.270417, 52.16504], [5.270896, 52.165226], [5.270403, 52.165676], [5.271576, 52.166121], [5.272656, 52.16653], [5.27261, 52.166574], [5.27251, 52.16667], [5.272913, 52.166817], [5.273191, 52.166919], [5.274126, 52.165972], [5.27557, 52.164509], [5.275103, 52.164345], [5.273643, 52.163832], [5.27336, 52.163897], [5.273257, 52.163921]]], [[[5.265064, 52.171177], [5.265591, 52.170655], [5.267877, 52.171507], [5.267907, 52.171478], [5.268269, 52.171126], [5.266581, 52.170469], [5.263701, 52.169407], [5.26161, 52.168635], [5.261088, 52.168914], [5.261437, 52.169038], [5.262005, 52.169239], [5.262087, 52.169165], [5.262647, 52.169372], [5.26218, 52.169839], [5.261755, 52.169704], [5.26156, 52.169891], [5.261505, 52.169938], [5.261475, 52.169963], [5.261494, 52.169946], [5.260114, 52.169435], [5.259674, 52.16967], [5.260648, 52.170033], [5.260414, 52.17027], [5.260782, 52.170416], [5.261482, 52.170695], [5.260707, 52.171428], [5.261793, 52.171847], [5.262329, 52.172054], [5.262753, 52.171669], [5.263705, 52.172031], [5.263756, 52.17205], [5.263743, 52.172062], [5.263736, 52.172068], [5.263916, 52.172141], [5.263764, 52.172286], [5.263529, 52.172512], [5.26385, 52.172635], [5.264172, 52.172758], [5.264337, 52.172613], [5.26528, 52.172967], [5.265401, 52.172864], [5.265979, 52.172374], [5.265835, 52.172319], [5.265588, 52.172223], [5.265642, 52.172169], [5.265818, 52.17199], [5.265619, 52.171907], [5.265972, 52.171525], [5.265064, 52.171177]], [[5.263018, 52.170398], [5.263511, 52.16988], [5.263682, 52.169944], [5.263992, 52.17006], [5.263475, 52.170569], [5.263018, 52.170398]], [[5.264479, 52.170956], [5.264326, 52.170897], [5.264166, 52.170836], [5.264245, 52.170763], [5.264333, 52.170682], [5.264449, 52.170712], [5.264801, 52.170362], [5.265008, 52.170439], [5.264479, 52.170956]]], [[[5.259625, 52.171018], [5.259156, 52.170838], [5.259054, 52.170939], [5.25891, 52.171082], [5.260182, 52.171576], [5.260441, 52.17133], [5.259625, 52.171018]]], [[[5.258206, 52.171843], [5.257972, 52.171744], [5.257675, 52.172031], [5.257145, 52.171802], [5.256845, 52.171968], [5.256702, 52.172048], [5.256698, 52.172071], [5.256697, 52.172078], [5.258179, 52.172697], [5.257946, 52.172906], [5.255608, 52.171873], [5.255534, 52.171914], [5.25541, 52.171983], [5.25589, 52.172209], [5.255619, 52.172446], [5.255456, 52.172374], [5.255029, 52.172186], [5.254512, 52.172465], [5.254403, 52.172524], [5.254779, 52.172753], [5.254897, 52.172825], [5.257928, 52.174124], [5.26087, 52.175512], [5.261158, 52.175283], [5.262599, 52.174133], [5.261777, 52.173786], [5.261995, 52.173607], [5.26217, 52.173463], [5.260292, 52.172691], [5.260177, 52.17281], [5.259612, 52.172582], [5.259266, 52.172443], [5.259391, 52.172336], [5.259186, 52.172252], [5.259128, 52.172228], [5.259685, 52.171759], [5.259901, 52.171577], [5.257723, 52.170713], [5.257514, 52.170827], [5.257398, 52.170891], [5.257608, 52.170963], [5.258003, 52.171098], [5.257938, 52.171183], [5.257865, 52.171279], [5.258555, 52.171531], [5.258373, 52.171694], [5.258206, 52.171843]]], [[[5.253178, 52.175696], [5.252141, 52.175049], [5.253942, 52.174073], [5.25272, 52.173452], [5.252538, 52.173553], [5.251054, 52.174376], [5.251598, 52.174717], [5.250937, 52.175125], [5.250827, 52.175193], [5.252354, 52.176145], [5.252738, 52.175936], [5.253178, 52.175696]]], [[[5.282286, 52.19337], [5.282123, 52.19377], [5.282022, 52.194016], [5.291172, 52.196835], [5.291192, 52.196809], [5.291543, 52.196356], [5.284637, 52.193676], [5.284677, 52.193638], [5.284714, 52.193603], [5.284148, 52.19339], [5.283791, 52.193743], [5.283712, 52.193821], [5.283967, 52.193922], [5.284229, 52.194025], [5.284164, 52.194091], [5.282286, 52.19337]]], [[[5.291692, 52.196662], [5.293923, 52.197539], [5.29584, 52.198293], [5.29588, 52.198263], [5.296107, 52.198093], [5.292649, 52.196787], [5.29192, 52.196509], [5.291832, 52.196475], [5.291692, 52.196662]]], [[[5.313785, 52.204672], [5.313949, 52.204512], [5.313949, 52.204332], [5.312656, 52.204339], [5.312516, 52.204372], [5.312285, 52.20447], [5.312152, 52.204583], [5.311987, 52.204781], [5.311718, 52.205106], [5.312423, 52.205451], [5.312517, 52.205497], [5.313785, 52.204672]]], [[[5.308216, 52.217278], [5.308031, 52.217271], [5.307946, 52.216823], [5.308117, 52.2168], [5.308378, 52.216765], [5.308111, 52.216433], [5.307955, 52.216094], [5.308014, 52.215979], [5.308098, 52.215815], [5.308342, 52.215573], [5.308697, 52.215223], [5.308331, 52.215356], [5.307974, 52.215486], [5.307581, 52.215682], [5.307317, 52.215814], [5.307232, 52.215877], [5.30708, 52.215988], [5.306809, 52.216348], [5.30671, 52.21648], [5.306679, 52.216683], [5.30666, 52.216808], [5.306673, 52.216955], [5.306682, 52.217051], [5.306812, 52.217544], [5.306961, 52.217893], [5.307101, 52.21822], [5.307097, 52.218255], [5.307091, 52.218312], [5.309083, 52.217944], [5.308889, 52.217519], [5.308789, 52.217301], [5.308216, 52.217278]]], [[[5.308469, 52.247651], [5.303283, 52.248279], [5.303418, 52.2486], [5.303472, 52.248728], [5.303697, 52.248686], [5.303742, 52.248677], [5.303851, 52.248686], [5.30864, 52.248119], [5.30859, 52.247982], [5.308469, 52.247651]]], [[[5.308574, 52.259381], [5.300218, 52.260021], [5.300266, 52.260111], [5.300287, 52.26015], [5.300396, 52.260228], [5.300599, 52.260372], [5.300603, 52.260377], [5.300665, 52.260459], [5.300697, 52.260629], [5.300756, 52.260685], [5.301095, 52.261003], [5.307293, 52.260619], [5.308414, 52.260569], [5.308908, 52.260547], [5.308574, 52.259381]]], [[[5.369894, 52.263394], [5.36895, 52.26209], [5.368518, 52.262289], [5.36828, 52.262398], [5.369034, 52.263389], [5.36957, 52.264093], [5.369802, 52.263592], [5.369894, 52.263394]]], [[[5.340532, 52.270614], [5.340606, 52.270628], [5.340765, 52.270658], [5.343417, 52.269864], [5.344931, 52.26941], [5.345049, 52.269441], [5.345121, 52.26946], [5.347233, 52.268831], [5.348264, 52.268435], [5.348381, 52.268352], [5.348159, 52.268317], [5.348037, 52.268355], [5.34781, 52.268426], [5.34711, 52.268358], [5.346927, 52.268325], [5.346749, 52.268293], [5.340949, 52.270051], [5.340352, 52.270253], [5.340075, 52.270347], [5.340532, 52.270614]]], [[[5.278282, 52.278885], [5.282064, 52.278436], [5.283649, 52.278248], [5.283696, 52.278251], [5.283902, 52.278262], [5.283806, 52.277944], [5.283736, 52.277715], [5.282037, 52.277876], [5.277974, 52.278386], [5.278282, 52.278885]]], [[[5.399568, 52.005178], [5.40007, 52.005151], [5.400757, 52.005113], [5.401209, 52.005011], [5.400902, 52.004497], [5.398824, 52.003276], [5.39842, 52.003039], [5.396248, 52.002944], [5.396245, 52.002877], [5.396242, 52.0028], [5.396131, 52.002795], [5.396116, 52.00285], [5.396093, 52.002933], [5.393192, 52.002801], [5.39309, 52.002796], [5.392955, 52.002827], [5.392897, 52.002954], [5.393052, 52.003117], [5.394532, 52.004089], [5.394277, 52.004153], [5.392317, 52.002861], [5.392256, 52.00282], [5.392118, 52.002761], [5.392088, 52.002748], [5.392079, 52.002748], [5.391679, 52.002729], [5.391003, 52.003092], [5.393092, 52.004292], [5.393699, 52.004284], [5.393711, 52.004293], [5.393724, 52.004303], [5.3945, 52.004142], [5.394892, 52.00419], [5.395092, 52.004185], [5.395285, 52.00418], [5.395735, 52.00413], [5.395852, 52.004098], [5.396081, 52.004035], [5.396145, 52.004082], [5.396134, 52.004228], [5.396191, 52.004272], [5.396258, 52.004324], [5.39629, 52.004393], [5.396319, 52.004455], [5.396482, 52.004507], [5.396611, 52.004634], [5.39691, 52.004734], [5.397023, 52.004796], [5.397106, 52.004841], [5.397206, 52.004954], [5.397356, 52.005123], [5.397755, 52.005251], [5.398372, 52.005111], [5.398486, 52.005085], [5.398998, 52.005389], [5.399568, 52.005178]]], [[[5.421947, 52.045398], [5.421742, 52.045601], [5.421063, 52.046275], [5.422564, 52.047012], [5.424362, 52.046362], [5.42433, 52.046329], [5.42425, 52.046246], [5.424293, 52.046234], [5.424324, 52.046225], [5.424342, 52.045868], [5.424477, 52.045865], [5.423987, 52.045638], [5.423235, 52.045917], [5.42314, 52.045828], [5.422935, 52.045634], [5.422934, 52.045591], [5.422933, 52.045551], [5.423498, 52.045306], [5.423435, 52.045272], [5.423149, 52.045119], [5.423429, 52.044842], [5.423031, 52.044675], [5.422259, 52.04519], [5.421947, 52.045398]]], [[[5.421335, 52.049075], [5.423572, 52.04853], [5.425087, 52.04816], [5.425179, 52.046132], [5.422818, 52.04699], [5.420831, 52.047712], [5.421245, 52.048257], [5.421526, 52.048627], [5.420666, 52.048861], [5.420732, 52.048924], [5.421099, 52.049278], [5.419891, 52.049684], [5.420579, 52.050325], [5.420603, 52.05033], [5.42068, 52.050346], [5.421315, 52.05022], [5.421172, 52.049881], [5.421164, 52.049862], [5.421624, 52.049739], [5.421866, 52.049675], [5.421878, 52.049609], [5.421849, 52.049599], [5.421535, 52.049487], [5.421505, 52.049465], [5.421387, 52.049378], [5.421335, 52.049298], [5.421335, 52.049075]]], [[[5.415923, 52.047105], [5.413489, 52.051517], [5.413425, 52.051633], [5.416188, 52.052229], [5.417486, 52.049935], [5.416689, 52.048492], [5.415923, 52.047105]]], [[[5.417416, 52.049614], [5.41817, 52.050977], [5.418499, 52.050891], [5.419625, 52.050597], [5.419568, 52.050539], [5.419491, 52.050461], [5.419419, 52.050456], [5.419348, 52.050452], [5.418929, 52.05016], [5.419073, 52.050089], [5.419791, 52.049733], [5.418963, 52.048978], [5.418908, 52.048948], [5.418553, 52.048753], [5.417649, 52.04964], [5.41757, 52.049631], [5.417416, 52.049614]]], [[[5.430228, 52.053433], [5.430215, 52.053379], [5.430226, 52.053329], [5.430247, 52.053235], [5.430357, 52.053226], [5.430705, 52.053196], [5.430749, 52.053275], [5.43084, 52.053438], [5.432383, 52.053181], [5.432352, 52.053137], [5.432162, 52.05287], [5.432082, 52.052858], [5.431888, 52.05283], [5.431625, 52.052822], [5.431352, 52.052813], [5.429967, 52.052863], [5.429868, 52.052867], [5.429877, 52.053599], [5.430444, 52.053505], [5.430253, 52.053535], [5.430228, 52.053433]]], [[[5.434578, 52.056116], [5.435602, 52.055832], [5.436501, 52.055651], [5.436818, 52.055587], [5.43645, 52.054764], [5.435185, 52.054856], [5.433845, 52.054953], [5.434578, 52.056116]]], [[[5.39238, 52.066807], [5.391435, 52.066798], [5.391399, 52.066843], [5.391344, 52.06691], [5.391207, 52.067263], [5.391025, 52.067733], [5.392147, 52.06797], [5.392484, 52.06731], [5.392678, 52.06693], [5.3928, 52.066947], [5.392546, 52.067439], [5.39226, 52.067994], [5.393747, 52.068308], [5.394339, 52.068433], [5.394318, 52.068455], [5.394289, 52.068486], [5.392843, 52.068179], [5.39101, 52.06779], [5.391007, 52.067795], [5.390492, 52.068722], [5.392705, 52.069684], [5.392624, 52.069737], [5.390449, 52.068779], [5.390395, 52.068843], [5.390211, 52.069058], [5.391178, 52.069476], [5.392561, 52.070074], [5.392695, 52.069956], [5.39271, 52.069929], [5.392761, 52.069835], [5.392744, 52.069813], [5.392718, 52.06978], [5.393692, 52.069103], [5.394009, 52.068829], [5.394579, 52.068337], [5.39487, 52.068056], [5.395513, 52.067436], [5.395812, 52.067368], [5.39572, 52.06733], [5.395621, 52.067347], [5.395566, 52.067357], [5.395573, 52.06735], [5.395586, 52.067336], [5.395265, 52.067233], [5.394608, 52.067055], [5.39454, 52.067037], [5.393692, 52.066879], [5.392721, 52.06681], [5.39238, 52.066807]], [[5.392038, 52.068603], [5.391766, 52.069175], [5.391741, 52.069171], [5.391718, 52.069168], [5.391672, 52.069146], [5.39195, 52.06856], [5.392153, 52.068132], [5.392247, 52.068164], [5.392038, 52.068603]]], [[[5.395648, 52.069671], [5.396009, 52.069342], [5.394789, 52.068467], [5.394613, 52.068592], [5.39433, 52.068791], [5.392796, 52.070047], [5.394088, 52.070847], [5.394562, 52.070571], [5.39468, 52.070503], [5.395068, 52.070341], [5.395643, 52.070015], [5.395646, 52.069819], [5.395648, 52.069671]]], [[[5.39299, 52.070415], [5.39266, 52.070193], [5.391449, 52.071197], [5.391762, 52.071248], [5.393002, 52.071452], [5.393473, 52.071501], [5.393944, 52.07106], [5.393945, 52.071059], [5.39299, 52.070415]]], [[[5.392525, 52.072881], [5.393359, 52.071611], [5.393016, 52.071554], [5.391888, 52.072286], [5.391242, 52.072706], [5.392472, 52.072962], [5.392525, 52.072881]]], [[[5.390239, 52.086382], [5.390156, 52.08639], [5.389906, 52.086467], [5.389867, 52.086496], [5.389729, 52.086597], [5.389674, 52.086673], [5.389656, 52.086698], [5.389615, 52.086977], [5.391197, 52.086863], [5.391467, 52.088982], [5.39212, 52.088962], [5.392853, 52.088939], [5.392508, 52.086486], [5.392398, 52.086341], [5.392352, 52.08628], [5.392002, 52.086324], [5.391735, 52.086357], [5.390437, 52.086362], [5.390239, 52.086382]]], [[[5.393061, 52.089639], [5.393039, 52.089641], [5.393058, 52.089705], [5.393059, 52.089709], [5.389289, 52.08989], [5.389215, 52.090262], [5.389128, 52.091259], [5.390313, 52.091233], [5.390329, 52.091706], [5.400122, 52.091328], [5.400101, 52.091427], [5.400415, 52.091415], [5.400526, 52.091411], [5.400526, 52.09131], [5.400585, 52.091289], [5.400624, 52.091274], [5.401143, 52.089654], [5.40118, 52.089376], [5.397287, 52.089528], [5.393185, 52.08974], [5.393126, 52.089724], [5.39312, 52.089723], [5.393093, 52.089637], [5.393061, 52.089639]]], [[[5.419486, 52.089773], [5.419478, 52.089611], [5.419473, 52.089512], [5.419463, 52.089521], [5.419439, 52.089543], [5.417967, 52.089686], [5.417964, 52.089678], [5.417949, 52.089642], [5.417879, 52.08965], [5.420503, 52.095442], [5.420697, 52.096], [5.42072, 52.096244], [5.420912, 52.096268], [5.421172, 52.096386], [5.421322, 52.096412], [5.421494, 52.09637], [5.421814, 52.096213], [5.421896, 52.096191], [5.42208, 52.096141], [5.422227, 52.096139], [5.422358, 52.096137], [5.422328, 52.096108], [5.422287, 52.096068], [5.422308, 52.095993], [5.42224, 52.095885], [5.422106, 52.095672], [5.422125, 52.095385], [5.422066, 52.095365], [5.421905, 52.095309], [5.42147, 52.095232], [5.421469, 52.095232], [5.421481, 52.094885], [5.421774, 52.094905], [5.422028, 52.094923], [5.422378, 52.094775], [5.422763, 52.094716], [5.423106, 52.094663], [5.423574, 52.094549], [5.423746, 52.09447], [5.423795, 52.094448], [5.423878, 52.094328], [5.42389, 52.094232], [5.423901, 52.094139], [5.423852, 52.09398], [5.423839, 52.093937], [5.423776, 52.093868], [5.423761, 52.093851], [5.423716, 52.093825], [5.423538, 52.093721], [5.422384, 52.093244], [5.42225, 52.092192], [5.422183, 52.09211], [5.422138, 52.092055], [5.421843, 52.09187], [5.421821, 52.091805], [5.421909, 52.091789], [5.421981, 52.091776], [5.421902, 52.09167], [5.421869, 52.091626], [5.421097, 52.090871], [5.420762, 52.090675], [5.420177, 52.090432], [5.420029, 52.090329], [5.41991, 52.090246], [5.419607, 52.089908], [5.419486, 52.089773]]], [[[5.406726, 52.09243], [5.40643, 52.092448], [5.406752, 52.093535], [5.40735, 52.095552], [5.407569, 52.095479], [5.407787, 52.095407], [5.408021, 52.095368], [5.408291, 52.095323], [5.40803, 52.09444], [5.408021, 52.093893], [5.408011, 52.09333], [5.407459, 52.093359], [5.407005, 52.093383], [5.406919, 52.09309], [5.406726, 52.09243]]], [[[5.41355, 52.094892], [5.414099, 52.094758], [5.414157, 52.094725], [5.414178, 52.094712], [5.414416, 52.094702], [5.415464, 52.094659], [5.415093, 52.093381], [5.41573, 52.093236], [5.416086, 52.093185], [5.416588, 52.094785], [5.417144, 52.094595], [5.417208, 52.094573], [5.417463, 52.095382], [5.417599, 52.095812], [5.418117, 52.095758], [5.418481, 52.09572], [5.418754, 52.096568], [5.418977, 52.096548], [5.419056, 52.096706], [5.419252, 52.097097], [5.419847, 52.096913], [5.420242, 52.096791], [5.420381, 52.096294], [5.420363, 52.095978], [5.420253, 52.095723], [5.420049, 52.095251], [5.418412, 52.095446], [5.418035, 52.094251], [5.417782, 52.09345], [5.418378, 52.093395], [5.419198, 52.093319], [5.419038, 52.092965], [5.418467, 52.091703], [5.409975, 52.09223], [5.408759, 52.092305], [5.408835, 52.092574], [5.408938, 52.092935], [5.408155, 52.092981], [5.408898, 52.095444], [5.408992, 52.095373], [5.409123, 52.095333], [5.412322, 52.094986], [5.412368, 52.095112], [5.412994, 52.095027], [5.41355, 52.094892]], [[5.409862, 52.09395], [5.409861, 52.093948], [5.410021, 52.093928], [5.410162, 52.09391], [5.410165, 52.093883], [5.410167, 52.093859], [5.41032, 52.09384], [5.410433, 52.093826], [5.410402, 52.09372], [5.410358, 52.093571], [5.410472, 52.093562], [5.410505, 52.09367], [5.410547, 52.093812], [5.410866, 52.093754], [5.410878, 52.093811], [5.410924, 52.094026], [5.411263, 52.093986], [5.411283, 52.094069], [5.411304, 52.094154], [5.410985, 52.094191], [5.410957, 52.094194], [5.411049, 52.094445], [5.410804, 52.094472], [5.410797, 52.094458], [5.410784, 52.094431], [5.410411, 52.094473], [5.410517, 52.094788], [5.410394, 52.094803], [5.410328, 52.094811], [5.410118, 52.094147], [5.409924, 52.094164], [5.409862, 52.09395]]], [[[5.431961, 52.096244], [5.432028, 52.09625], [5.432689, 52.096313], [5.433781, 52.096353], [5.434315, 52.096373], [5.434781, 52.096413], [5.435505, 52.096474], [5.43668, 52.09518], [5.432715, 52.095627], [5.432684, 52.095522], [5.432665, 52.095459], [5.431775, 52.095558], [5.431961, 52.096244]]], [[[5.40932, 52.09738], [5.409166, 52.096864], [5.408734, 52.095415], [5.407384, 52.095635], [5.407664, 52.096469], [5.407932, 52.097267], [5.408485, 52.097184], [5.409103, 52.097329], [5.40932, 52.09738]], [[5.408049, 52.096632], [5.408003, 52.096569], [5.407993, 52.096555], [5.407987, 52.096536], [5.407843, 52.096091], [5.408098, 52.096072], [5.408429, 52.096048], [5.40853, 52.096387], [5.40865, 52.096787], [5.408368, 52.096731], [5.408155, 52.096689], [5.408089, 52.096654], [5.408049, 52.096632]]], [[[5.404745, 52.097663], [5.405873, 52.097627], [5.40523, 52.095384], [5.404638, 52.095414], [5.404491, 52.095438], [5.404178, 52.09549], [5.404107, 52.095516], [5.404059, 52.095534], [5.404401, 52.096596], [5.404745, 52.097663]]], [[[5.405769, 52.098658], [5.406102, 52.098598], [5.405897, 52.097927], [5.404836, 52.097958], [5.405085, 52.098782], [5.405769, 52.098658]]], [[[5.419098, 52.103298], [5.419288, 52.10327], [5.419459, 52.103245], [5.419751, 52.103167], [5.419761, 52.103155], [5.419918, 52.102965], [5.419956, 52.102859], [5.419953, 52.102621], [5.41995, 52.102429], [5.419655, 52.101962], [5.419632, 52.101926], [5.419577, 52.101628], [5.41939, 52.100623], [5.418774, 52.10064], [5.418729, 52.100652], [5.418604, 52.100686], [5.418278, 52.100878], [5.417914, 52.101091], [5.417795, 52.101252], [5.417789, 52.101541], [5.417727, 52.101606], [5.417483, 52.101862], [5.41739, 52.102093], [5.417314, 52.102281], [5.417233, 52.102566], [5.417202, 52.102978], [5.417365, 52.10305], [5.417771, 52.103229], [5.418284, 52.103356], [5.41844, 52.103364], [5.418578, 52.103371], [5.418694, 52.103365], [5.419115, 52.103343], [5.419098, 52.103298]]], [[[5.432111, 52.105576], [5.431995, 52.105147], [5.431964, 52.105031], [5.431905, 52.105036], [5.431814, 52.105044], [5.431656, 52.104587], [5.431572, 52.104343], [5.431928, 52.104301], [5.432238, 52.104264], [5.432449, 52.104949], [5.432613, 52.104968], [5.432896, 52.104931], [5.433065, 52.104909], [5.433158, 52.105177], [5.433104, 52.105188], [5.433061, 52.105196], [5.433139, 52.105449], [5.433109, 52.105455], [5.433052, 52.105467], [5.433088, 52.10555], [5.433747, 52.105528], [5.434275, 52.10551], [5.434259, 52.105442], [5.434156, 52.105017], [5.434142, 52.104689], [5.434178, 52.104463], [5.434417, 52.102947], [5.434112, 52.102948], [5.433911, 52.102328], [5.433866, 52.102188], [5.434207, 52.10219], [5.434539, 52.102192], [5.434561, 52.101967], [5.434659, 52.10096], [5.434519, 52.100377], [5.43442, 52.099963], [5.433968, 52.098672], [5.432228, 52.100596], [5.430533, 52.10247], [5.430864, 52.103467], [5.431568, 52.105591], [5.432111, 52.105576]]], [[[5.393205, 52.102968], [5.393191, 52.102927], [5.394024, 52.102882], [5.394408, 52.102939], [5.394521, 52.102983], [5.394586, 52.103049], [5.394665, 52.103436], [5.394724, 52.10352], [5.394884, 52.103747], [5.394952, 52.104459], [5.39497, 52.104642], [5.395043, 52.104641], [5.395263, 52.104638], [5.395262, 52.10465], [5.395261, 52.104663], [5.395369, 52.104637], [5.395054, 52.105764], [5.395113, 52.106139], [5.395146, 52.106193], [5.395179, 52.106247], [5.399917, 52.106231], [5.402481, 52.106179], [5.402327, 52.10567], [5.402443, 52.105671], [5.402563, 52.105672], [5.402564, 52.105655], [5.402573, 52.105436], [5.402487, 52.105306], [5.40252, 52.105271], [5.402345, 52.105017], [5.401943, 52.104437], [5.40146, 52.104398], [5.400827, 52.104346], [5.400588, 52.104371], [5.400382, 52.104393], [5.400015, 52.104469], [5.399649, 52.104545], [5.399411, 52.104568], [5.399279, 52.104581], [5.398584, 52.104592], [5.39802, 52.104601], [5.398004, 52.104577], [5.397986, 52.104549], [5.398247, 52.104545], [5.398234, 52.104301], [5.398217, 52.10398], [5.400719, 52.103917], [5.400627, 52.102799], [5.400435, 52.1028], [5.399649, 52.102806], [5.399348, 52.102908], [5.399384, 52.10303], [5.399388, 52.103044], [5.399899, 52.103034], [5.400566, 52.103021], [5.40057, 52.103083], [5.399464, 52.103113], [5.39942, 52.103403], [5.399384, 52.103422], [5.399042, 52.103428], [5.398836, 52.103432], [5.398693, 52.102822], [5.397471, 52.102851], [5.397478, 52.102782], [5.397735, 52.102777], [5.40048, 52.102718], [5.400683, 52.102305], [5.400756, 52.101949], [5.400814, 52.101664], [5.400919, 52.101662], [5.401053, 52.10166], [5.401043, 52.101291], [5.401032, 52.100868], [5.398866, 52.10091], [5.398881, 52.101192], [5.398891, 52.101367], [5.398775, 52.101376], [5.398788, 52.101576], [5.398796, 52.101701], [5.39774, 52.101721], [5.39462, 52.101781], [5.394635, 52.102362], [5.392987, 52.102393], [5.392942, 52.101813], [5.392131, 52.101829], [5.391984, 52.101832], [5.392017, 52.102059], [5.392042, 52.102228], [5.39183, 52.102244], [5.391809, 52.102246], [5.391889, 52.102398], [5.391658, 52.102346], [5.391663, 52.102457], [5.391663, 52.102467], [5.391616, 52.102484], [5.391906, 52.102496], [5.391986, 52.102499], [5.392092, 52.102516], [5.392319, 52.102552], [5.392392, 52.102589], [5.392475, 52.102632], [5.392566, 52.10281], [5.392725, 52.102916], [5.39313, 52.102956], [5.393133, 52.102972], [5.393134, 52.102975], [5.392979, 52.102992], [5.392765, 52.102988], [5.392361, 52.103254], [5.392341, 52.103299], [5.392337, 52.103308], [5.392287, 52.103312], [5.392329, 52.103509], [5.392736, 52.103915], [5.392737, 52.103913], [5.392806, 52.103828], [5.392902, 52.103785], [5.392962, 52.103758], [5.393691, 52.103789], [5.393761, 52.10377], [5.394071, 52.103664], [5.394307, 52.103583], [5.394357, 52.103556], [5.394406, 52.10353], [5.394448, 52.103474], [5.394518, 52.10338], [5.394545, 52.103232], [5.394554, 52.103181], [5.394528, 52.103131], [5.394497, 52.103069], [5.394389, 52.102994], [5.394382, 52.102993], [5.394111, 52.102936], [5.393205, 52.102968]]], [[[5.433435, 52.110983], [5.433442, 52.111052], [5.433356, 52.111309], [5.433483, 52.111439], [5.433909, 52.111715], [5.434569, 52.111617], [5.437717, 52.111152], [5.437704, 52.11111], [5.437676, 52.111023], [5.437917, 52.11098], [5.43796, 52.111044], [5.438028, 52.111148], [5.438142, 52.111131], [5.437527, 52.110285], [5.437358, 52.110052], [5.436065, 52.108449], [5.435915, 52.108298], [5.435887, 52.108296], [5.435869, 52.108295], [5.435844, 52.108218], [5.435841, 52.108208], [5.435039, 52.107211], [5.434891, 52.106891], [5.434816, 52.106731], [5.434448, 52.105647], [5.434443, 52.105644], [5.434409, 52.105619], [5.431601, 52.105695], [5.433312, 52.110862], [5.433389, 52.110868], [5.433423, 52.110871], [5.433435, 52.110983]]], [[[5.425982, 52.110506], [5.425403, 52.110535], [5.425256, 52.110102], [5.424799, 52.108755], [5.423581, 52.110098], [5.424427, 52.112697], [5.424455, 52.112782], [5.427748, 52.112285], [5.428034, 52.112242], [5.427971, 52.111914], [5.427903, 52.11156], [5.427136, 52.111687], [5.426422, 52.111805], [5.426088, 52.110818], [5.425982, 52.110506]]], [[[5.395707, 52.112493], [5.395711, 52.112522], [5.39572, 52.112577], [5.3955, 52.112731], [5.394995, 52.112837], [5.395036, 52.112928], [5.395082, 52.11303], [5.395241, 52.113169], [5.396285, 52.113135], [5.396923, 52.113114], [5.396951, 52.113453], [5.396989, 52.113927], [5.400099, 52.11392], [5.400247, 52.113943], [5.400312, 52.113953], [5.401607, 52.113902], [5.401915, 52.11389], [5.402231, 52.112933], [5.402293, 52.111931], [5.402297, 52.111869], [5.402262, 52.111864], [5.402366, 52.107852], [5.402366, 52.107843], [5.395042, 52.107998], [5.395066, 52.108469], [5.394122, 52.108492], [5.394018, 52.108494], [5.39403, 52.109113], [5.393647, 52.109118], [5.393614, 52.11027], [5.393796, 52.110264], [5.395096, 52.110224], [5.395114, 52.111357], [5.395114, 52.111363], [5.396149, 52.111351], [5.396866, 52.111342], [5.396888, 52.111486], [5.396961, 52.111952], [5.398569, 52.11193], [5.398531, 52.112014], [5.398558, 52.112245], [5.398581, 52.112434], [5.396554, 52.112476], [5.395707, 52.112493]]], [[[5.428102, 52.111537], [5.428338, 52.112012], [5.428539, 52.112007], [5.432068, 52.111496], [5.432531, 52.111429], [5.432437, 52.111171], [5.432365, 52.1111], [5.432085, 52.110966], [5.428102, 52.111537]]], [[[5.395834, 52.114081], [5.395106, 52.114116], [5.39506, 52.113633], [5.395022, 52.113622], [5.394518, 52.113701], [5.393515, 52.113859], [5.393694, 52.114915], [5.393723, 52.115088], [5.393901, 52.115064], [5.394046, 52.115021], [5.394525, 52.114878], [5.394863, 52.1149], [5.395199, 52.114921], [5.395978, 52.114926], [5.3959, 52.114115], [5.395837, 52.114115], [5.395834, 52.114081]]], [[[5.422172, 52.116755], [5.422236, 52.117186], [5.423231, 52.117059], [5.424091, 52.116949], [5.424218, 52.117333], [5.423332, 52.117446], [5.422314, 52.117575], [5.422361, 52.117752], [5.422378, 52.117818], [5.423631, 52.117668], [5.423709, 52.117893], [5.42386, 52.11788], [5.424248, 52.117847], [5.42427, 52.117906], [5.424295, 52.117971], [5.424373, 52.118252], [5.4226, 52.118471], [5.422718, 52.118854], [5.422882, 52.119386], [5.423766, 52.119278], [5.4246, 52.119177], [5.424748, 52.119517], [5.425338, 52.119449], [5.425424, 52.119708], [5.42529, 52.119728], [5.424873, 52.119789], [5.42493, 52.119995], [5.424995, 52.120229], [5.424603, 52.120293], [5.424293, 52.120343], [5.424333, 52.120461], [5.424466, 52.120849], [5.426015, 52.120627], [5.428275, 52.120303], [5.428353, 52.120493], [5.428489, 52.120827], [5.42651, 52.121063], [5.426484, 52.121069], [5.42645, 52.121076], [5.426511, 52.121294], [5.425594, 52.121413], [5.425037, 52.121485], [5.425188, 52.121919], [5.425547, 52.121879], [5.426087, 52.121818], [5.426151, 52.122046], [5.426245, 52.122381], [5.424327, 52.12261], [5.424012, 52.122647], [5.424033, 52.122747], [5.424069, 52.122915], [5.42555, 52.122739], [5.427148, 52.122549], [5.427198, 52.122746], [5.425201, 52.122987], [5.42522, 52.12306], [5.425312, 52.123423], [5.427449, 52.123189], [5.429531, 52.122918], [5.429388, 52.122596], [5.431768, 52.122286], [5.433355, 52.12208], [5.433284, 52.121742], [5.433291, 52.121741], [5.433323, 52.121737], [5.433173, 52.121242], [5.433127, 52.121091], [5.43315, 52.121023], [5.433154, 52.121012], [5.431178, 52.121225], [5.431086, 52.12093], [5.431021, 52.120721], [5.430988, 52.120725], [5.429214, 52.120937], [5.429195, 52.120867], [5.42916, 52.120735], [5.431447, 52.120461], [5.435964, 52.11992], [5.435832, 52.119485], [5.435783, 52.119325], [5.439581, 52.118847], [5.439305, 52.118311], [5.438506, 52.118412], [5.438276, 52.117926], [5.436827, 52.117176], [5.436336, 52.116957], [5.436145, 52.116871], [5.43306, 52.11476], [5.433325, 52.114722], [5.433994, 52.114627], [5.433143, 52.11401], [5.433034, 52.113931], [5.433717, 52.113835], [5.434383, 52.114321], [5.435443, 52.114175], [5.436618, 52.114012], [5.436686, 52.114286], [5.4367, 52.114345], [5.436255, 52.114383], [5.436215, 52.114387], [5.436722, 52.114347], [5.436863, 52.114832], [5.436668, 52.114863], [5.436694, 52.114984], [5.436766, 52.115317], [5.436731, 52.11532], [5.436655, 52.115328], [5.436557, 52.114875], [5.436497, 52.114882], [5.43621, 52.114913], [5.436302, 52.115321], [5.436313, 52.115368], [5.435159, 52.115511], [5.436003, 52.116089], [5.43644, 52.116388], [5.440932, 52.115816], [5.44064, 52.115292], [5.439491, 52.115423], [5.439352, 52.114991], [5.440427, 52.114841], [5.440342, 52.114776], [5.439742, 52.113763], [5.439674, 52.113649], [5.438731, 52.113779], [5.438293, 52.11384], [5.438189, 52.113539], [5.438185, 52.113527], [5.437803, 52.113576], [5.437379, 52.113631], [5.437142, 52.113013], [5.434875, 52.113329], [5.432623, 52.113642], [5.432381, 52.113468], [5.431621, 52.112924], [5.431511, 52.1126], [5.429202, 52.112942], [5.424731, 52.113603], [5.424741, 52.113658], [5.42483, 52.114143], [5.423387, 52.114333], [5.42346, 52.114661], [5.423479, 52.114746], [5.423143, 52.114791], [5.423164, 52.114888], [5.422678, 52.114952], [5.422693, 52.115036], [5.422719, 52.11518], [5.422387, 52.115221], [5.422121, 52.115254], [5.422176, 52.115594], [5.422209, 52.115794], [5.422201, 52.116113], [5.4222, 52.116167], [5.423186, 52.116045], [5.424358, 52.1159], [5.4244, 52.115358], [5.42607, 52.115134], [5.427485, 52.114954], [5.427554, 52.115225], [5.427615, 52.115468], [5.426482, 52.11562], [5.426551, 52.115858], [5.426651, 52.1162], [5.426168, 52.11627], [5.425749, 52.11633], [5.425822, 52.116593], [5.425713, 52.116606], [5.424745, 52.116725], [5.424647, 52.116448], [5.424538, 52.11614], [5.422384, 52.116408], [5.422178, 52.116434], [5.42217, 52.116555], [5.422162, 52.116689], [5.422172, 52.116755]]], [[[5.397505, 52.119295], [5.398352, 52.120535], [5.398934, 52.120434], [5.400126, 52.120228], [5.400122, 52.120139], [5.400106, 52.119816], [5.400401, 52.118374], [5.400419, 52.118099], [5.400475, 52.117247], [5.40015, 52.11728], [5.399101, 52.117385], [5.399111, 52.117736], [5.398291, 52.117768], [5.39822, 52.117223], [5.395846, 52.117497], [5.396367, 52.117915], [5.396596, 52.118213], [5.396858, 52.118553], [5.397031, 52.118507], [5.396948, 52.118396], [5.396881, 52.118306], [5.397018, 52.118277], [5.397087, 52.118262], [5.397195, 52.118388], [5.397602, 52.118318], [5.397696, 52.118575], [5.397775, 52.11879], [5.397112, 52.118866], [5.397422, 52.119205], [5.397505, 52.119295]]], [[[5.42704, 52.124434], [5.427025, 52.12439], [5.427375, 52.124349], [5.428193, 52.124252], [5.428264, 52.124561], [5.428489, 52.124537], [5.428496, 52.124561], [5.4285, 52.124575], [5.428313, 52.124595], [5.428161, 52.124612], [5.428182, 52.124697], [5.428521, 52.124654], [5.42925, 52.124562], [5.429013, 52.123806], [5.424617, 52.124329], [5.424576, 52.124358], [5.424817, 52.125098], [5.427455, 52.124783], [5.427381, 52.124528], [5.427235, 52.124543], [5.427082, 52.124558], [5.42704, 52.124434]]], [[[5.40195, 52.125281], [5.401625, 52.124848], [5.40149, 52.124875], [5.401484, 52.124876], [5.401424, 52.124854], [5.401369, 52.124666], [5.401015, 52.124703], [5.400971, 52.124387], [5.399641, 52.12467], [5.399512, 52.124697], [5.399448, 52.124853], [5.399386, 52.125004], [5.399654, 52.125039], [5.400251, 52.125116], [5.400483, 52.125218], [5.400601, 52.12527], [5.400733, 52.125547], [5.401128, 52.125656], [5.401727, 52.12582], [5.401738, 52.125736], [5.401739, 52.125724], [5.401759, 52.125693], [5.401923, 52.125441], [5.40195, 52.125281]]], [[[5.409427, 52.125763], [5.409368, 52.125777], [5.407463, 52.127872], [5.405195, 52.130366], [5.405578, 52.130558], [5.406726, 52.131134], [5.406713, 52.130848], [5.406703, 52.130633], [5.407722, 52.129712], [5.408926, 52.1292], [5.411108, 52.127929], [5.40999, 52.12563], [5.409427, 52.125763]]], [[[5.411728, 52.131752], [5.411079, 52.131808], [5.411159, 52.131969], [5.411225, 52.132103], [5.411095, 52.132123], [5.411103, 52.132142], [5.411116, 52.132174], [5.410057, 52.13236], [5.410997, 52.133513], [5.411029, 52.133429], [5.411163, 52.133297], [5.411376, 52.1332], [5.411643, 52.133161], [5.412114, 52.133152], [5.412125, 52.132799], [5.412135, 52.132459], [5.412262, 52.132026], [5.412278, 52.131896], [5.41229, 52.131794], [5.412074, 52.131778], [5.411728, 52.131752]]], [[[5.398548, 52.13436], [5.398512, 52.134632], [5.398569, 52.134736], [5.398613, 52.134817], [5.398721, 52.134924], [5.398806, 52.135008], [5.39953, 52.135423], [5.400004, 52.135694], [5.400838, 52.134766], [5.401098, 52.134477], [5.40106, 52.134477], [5.400923, 52.134479], [5.40087, 52.134551], [5.400825, 52.134612], [5.398548, 52.13436]]], [[[5.410361, 52.135243], [5.410297, 52.135308], [5.410002, 52.136464], [5.410573, 52.136143], [5.411131, 52.135788], [5.411148, 52.135755], [5.411155, 52.135742], [5.411168, 52.135623], [5.411259, 52.134767], [5.41123, 52.13472], [5.411261, 52.134719], [5.411219, 52.134437], [5.411118, 52.134253], [5.411103, 52.134227], [5.410976, 52.134289], [5.410519, 52.134799], [5.410375, 52.135229], [5.410361, 52.135243]]], [[[5.416944, 52.135147], [5.415999, 52.135202], [5.41589, 52.134402], [5.415688, 52.134002], [5.415583, 52.133505], [5.415523, 52.133396], [5.415504, 52.133361], [5.414576, 52.133463], [5.413591, 52.133572], [5.412099, 52.133991], [5.412019, 52.134475], [5.411977, 52.134729], [5.411465, 52.136569], [5.411395, 52.136821], [5.411471, 52.137098], [5.411898, 52.137118], [5.411893, 52.137149], [5.412232, 52.137138], [5.413758, 52.13709], [5.413759, 52.137006], [5.413762, 52.136844], [5.413855, 52.136547], [5.413899, 52.136409], [5.414126, 52.13643], [5.414156, 52.136798], [5.414199, 52.136797], [5.414234, 52.136797], [5.414258, 52.136949], [5.414278, 52.137076], [5.414415, 52.137067], [5.414581, 52.137055], [5.414577, 52.136603], [5.415074, 52.136599], [5.416176, 52.13659], [5.416209, 52.136857], [5.416237, 52.137084], [5.41688, 52.137059], [5.416886, 52.13717], [5.417524, 52.137158], [5.417715, 52.137155], [5.417845, 52.137715], [5.418327, 52.137672], [5.418588, 52.137649], [5.418673, 52.137541], [5.418691, 52.137518], [5.418736, 52.137501], [5.418788, 52.137482], [5.418185, 52.136253], [5.417746, 52.135578], [5.417497, 52.135206], [5.417458, 52.135149], [5.417323, 52.135125], [5.416944, 52.135147]]], [[[5.410305, 52.137104], [5.410439, 52.13711], [5.410575, 52.137117], [5.410641, 52.137099], [5.410665, 52.137092], [5.410975, 52.13665], [5.411175, 52.135872], [5.410616, 52.136215], [5.410166, 52.136491], [5.410022, 52.136558], [5.409809, 52.136656], [5.410305, 52.137104]]], [[[5.402371, 52.135607], [5.40269, 52.134757], [5.401395, 52.134627], [5.401204, 52.134781], [5.400508, 52.135601], [5.400263, 52.135827], [5.401858, 52.136867], [5.402887, 52.137633], [5.40308, 52.13779], [5.404318, 52.138798], [5.405328, 52.139786], [5.405485, 52.139574], [5.405979, 52.138549], [5.406486, 52.138122], [5.406577, 52.138035], [5.407152, 52.137485], [5.407335, 52.137247], [5.407586, 52.136524], [5.407592, 52.13629], [5.407597, 52.136063], [5.407411, 52.135677], [5.407312, 52.135668], [5.407307, 52.135668], [5.407287, 52.135718], [5.40727, 52.135759], [5.405329, 52.135278], [5.404294, 52.135022], [5.403728, 52.135861], [5.403043, 52.135679], [5.402564, 52.135628], [5.402371, 52.135607]]], [[[5.41515, 52.137207], [5.415006, 52.137176], [5.413193, 52.13724], [5.413213, 52.137525], [5.413271, 52.138365], [5.415079, 52.138272], [5.415083, 52.138332], [5.415084, 52.138342], [5.415478, 52.138319], [5.415873, 52.138296], [5.41585, 52.137898], [5.415786, 52.137905], [5.415724, 52.137544], [5.415233, 52.137225], [5.41515, 52.137207]]], [[[5.412196, 52.139123], [5.412373, 52.139063], [5.412564, 52.138999], [5.412459, 52.137265], [5.411679, 52.13729], [5.411396, 52.137345], [5.411012, 52.137942], [5.410526, 52.138879], [5.410643, 52.138846], [5.410713, 52.138826], [5.410971, 52.138856], [5.411263, 52.139002], [5.411453, 52.139098], [5.411689, 52.139123], [5.411906, 52.139145], [5.412057, 52.139134], [5.412196, 52.139123]]], [[[5.414955, 52.139362], [5.414947, 52.13924], [5.414178, 52.139285], [5.413975, 52.139297], [5.41394, 52.139289], [5.413897, 52.139279], [5.413876, 52.139257], [5.413836, 52.139213], [5.413851, 52.139162], [5.413944, 52.139113], [5.413744, 52.139119], [5.413164, 52.139138], [5.412992, 52.139734], [5.412935, 52.139846], [5.412892, 52.139929], [5.413241, 52.139945], [5.413857, 52.139974], [5.413769, 52.14036], [5.414997, 52.140478], [5.416275, 52.140601], [5.416257, 52.140098], [5.416233, 52.139426], [5.415332, 52.139459], [5.414962, 52.139473], [5.414955, 52.139362]]], [[[5.415048, 52.146443], [5.414858, 52.145002], [5.414254, 52.145073], [5.413123, 52.145207], [5.412466, 52.145208], [5.412527, 52.145498], [5.412733, 52.146487], [5.413075, 52.146489], [5.413649, 52.146492], [5.413651, 52.146781], [5.413986, 52.146758], [5.414466, 52.146726], [5.414521, 52.146935], [5.414739, 52.146908], [5.414944, 52.146882], [5.414966, 52.146963], [5.415032, 52.147204], [5.414698, 52.14724], [5.414544, 52.147256], [5.414754, 52.147688], [5.415464, 52.147398], [5.415308, 52.147222], [5.415238, 52.147143], [5.415048, 52.146443]]], [[[5.514233, 52.018637], [5.514278, 52.018644], [5.51433, 52.018709], [5.514404, 52.018803], [5.514353, 52.01882], [5.514444, 52.018975], [5.514352, 52.019001], [5.514276, 52.019023], [5.514426, 52.019202], [5.514243, 52.019259], [5.514244, 52.019269], [5.514246, 52.01928], [5.514337, 52.019454], [5.514503, 52.019622], [5.514558, 52.019678], [5.514219, 52.019784], [5.513875, 52.019386], [5.513484, 52.019502], [5.513478, 52.019547], [5.513464, 52.019654], [5.51362, 52.019855], [5.514418, 52.020882], [5.514948, 52.020727], [5.516184, 52.020366], [5.515979, 52.020103], [5.51499, 52.01884], [5.514894, 52.0188], [5.514421, 52.018165], [5.514342, 52.018186], [5.514157, 52.018262], [5.513947, 52.018403], [5.514122, 52.01862], [5.514233, 52.018637]]], [[[5.512716, 52.02622], [5.513072, 52.026673], [5.51355, 52.027283], [5.514823, 52.026914], [5.515238, 52.026794], [5.514204, 52.025502], [5.513768, 52.025712], [5.512716, 52.02622]]], [[[5.513445, 52.029579], [5.513622, 52.029511], [5.514105, 52.029324], [5.515882, 52.031604], [5.516571, 52.031706], [5.517083, 52.031747], [5.51436, 52.028315], [5.514252, 52.028341], [5.512694, 52.02634], [5.512501, 52.026419], [5.511765, 52.026721], [5.512042, 52.02705], [5.512096, 52.027115], [5.511616, 52.027327], [5.511478, 52.027153], [5.511185, 52.026782], [5.51152, 52.026665], [5.511917, 52.026527], [5.510499, 52.024728], [5.509726, 52.024917], [5.509333, 52.025031], [5.508594, 52.025244], [5.511251, 52.028771], [5.511575, 52.029201], [5.511967, 52.029094], [5.512158, 52.029041], [5.512449, 52.029425], [5.51283, 52.029928], [5.513452, 52.029603], [5.513448, 52.029589], [5.513445, 52.029579]]], [[[5.508147, 52.031451], [5.507915, 52.031123], [5.507596, 52.030672], [5.507218, 52.030614], [5.507171, 52.030607], [5.506795, 52.029894], [5.505419, 52.029598], [5.504802, 52.029465], [5.505466, 52.03045], [5.506896, 52.030436], [5.507169, 52.030866], [5.507518, 52.031415], [5.506189, 52.031551], [5.506605, 52.032204], [5.507096, 52.032974], [5.507467, 52.032907], [5.507777, 52.03336], [5.507964, 52.033305], [5.508343, 52.033194], [5.508346, 52.033198], [5.508945, 52.034069], [5.509082, 52.034292], [5.50945, 52.034808], [5.510275, 52.034558], [5.508266, 52.03147], [5.508147, 52.031451]]], [[[5.477343, 52.038352], [5.476704, 52.04186], [5.477848, 52.041718], [5.477707, 52.041311], [5.477727, 52.041152], [5.477759, 52.040888], [5.478355, 52.040909], [5.478539, 52.040915], [5.478416, 52.041539], [5.478396, 52.041643], [5.47918, 52.041532], [5.479117, 52.041327], [5.479125, 52.041322], [5.479188, 52.04128], [5.479004, 52.040811], [5.479245, 52.040797], [5.479394, 52.040788], [5.479375, 52.040879], [5.479431, 52.040883], [5.479496, 52.040888], [5.479491, 52.040908], [5.479434, 52.041121], [5.479583, 52.041476], [5.480423, 52.04136], [5.480793, 52.039], [5.480822, 52.038813], [5.478386, 52.038578], [5.477923, 52.038478], [5.477343, 52.038352]]], [[[5.461778, 52.034726], [5.461771, 52.034759], [5.461763, 52.034794], [5.461782, 52.034797], [5.461819, 52.034804], [5.461563, 52.035926], [5.461544, 52.036012], [5.461504, 52.036185], [5.461475, 52.036196], [5.46144, 52.03621], [5.461882, 52.036253], [5.463622, 52.036422], [5.463813, 52.036378], [5.464058, 52.03642], [5.464173, 52.036493], [5.463792, 52.037605], [5.465063, 52.037867], [5.464751, 52.038995], [5.465154, 52.039084], [5.46595, 52.039261], [5.465933, 52.03935], [5.46537, 52.039303], [5.465406, 52.039323], [5.464916, 52.041188], [5.465094, 52.041188], [5.465607, 52.041188], [5.465595, 52.041231], [5.464691, 52.044557], [5.464786, 52.044594], [5.464824, 52.044609], [5.464393, 52.046313], [5.464479, 52.046313], [5.464575, 52.046312], [5.465309, 52.046181], [5.465431, 52.046146], [5.466311, 52.045895], [5.467164, 52.042441], [5.46715, 52.042432], [5.467114, 52.042411], [5.467155, 52.042228], [5.467367, 52.041285], [5.4675, 52.040517], [5.467657, 52.039608], [5.46797, 52.039631], [5.466447, 52.045853], [5.466897, 52.045714], [5.466677, 52.045422], [5.466596, 52.045315], [5.46674, 52.045269], [5.466816, 52.045338], [5.466886, 52.045318], [5.466937, 52.045304], [5.467018, 52.045413], [5.467177, 52.045628], [5.468185, 52.045305], [5.468475, 52.045212], [5.46793, 52.044482], [5.468224, 52.043321], [5.468947, 52.043361], [5.468967, 52.043362], [5.468951, 52.043388], [5.468936, 52.043413], [5.469042, 52.043409], [5.469567, 52.043941], [5.469735, 52.044185], [5.47007, 52.044674], [5.470785, 52.044467], [5.470799, 52.044463], [5.471633, 52.040274], [5.472146, 52.037694], [5.472026, 52.037671], [5.472031, 52.037645], [5.472033, 52.037631], [5.471868, 52.037614], [5.471862, 52.037639], [5.471859, 52.037649], [5.470605, 52.037534], [5.470617, 52.037498], [5.470622, 52.037481], [5.47148, 52.037551], [5.471671, 52.037256], [5.471416, 52.037098], [5.470393, 52.036463], [5.469919, 52.03623], [5.469896, 52.036222], [5.4692, 52.035972], [5.469121, 52.036123], [5.469042, 52.036274], [5.469294, 52.036312], [5.469344, 52.036201], [5.469354, 52.036179], [5.469643, 52.036228], [5.469569, 52.036452], [5.469588, 52.036454], [5.469712, 52.03647], [5.469644, 52.036615], [5.469618, 52.036671], [5.469503, 52.036657], [5.469438, 52.036649], [5.469417, 52.036723], [5.469368, 52.036892], [5.469174, 52.036879], [5.469165, 52.036878], [5.469141, 52.036936], [5.469002, 52.036913], [5.468991, 52.036937], [5.46896, 52.037004], [5.468587, 52.036921], [5.468441, 52.036813], [5.468443, 52.036809], [5.468453, 52.036782], [5.468315, 52.036729], [5.468286, 52.036638], [5.468275, 52.036603], [5.468412, 52.036244], [5.468755, 52.036253], [5.468939, 52.036258], [5.469114, 52.035944], [5.467801, 52.035544], [5.467392, 52.03542], [5.467268, 52.035595], [5.467005, 52.035964], [5.466872, 52.035923], [5.466859, 52.035919], [5.466499, 52.036472], [5.466116, 52.03706], [5.465503, 52.036887], [5.465958, 52.036192], [5.465522, 52.036067], [5.465528, 52.036058], [5.465625, 52.035916], [5.465857, 52.035646], [5.465876, 52.035653], [5.465956, 52.035682], [5.46607, 52.03554], [5.466168, 52.03557], [5.466213, 52.035517], [5.466082, 52.035467], [5.466159, 52.035391], [5.466335, 52.035348], [5.466552, 52.035427], [5.466684, 52.035225], [5.46665, 52.035163], [5.466262, 52.034967], [5.466018, 52.034844], [5.464998, 52.034378], [5.464952, 52.034425], [5.464876, 52.034504], [5.463979, 52.03515], [5.463427, 52.034946], [5.462933, 52.034764], [5.462451, 52.034706], [5.461937, 52.034645], [5.461905, 52.034759], [5.461778, 52.034726]]], [[[5.484074, 52.041193], [5.484114, 52.040952], [5.484218, 52.040332], [5.481978, 52.040152], [5.481841, 52.040881], [5.481752, 52.041354], [5.48328, 52.041307], [5.483285, 52.041295], [5.48329, 52.041282], [5.484074, 52.041193]]], [[[5.446479, 52.057605], [5.445415, 52.057715], [5.445411, 52.05772], [5.445373, 52.057772], [5.445404, 52.057883], [5.445457, 52.05802], [5.445535, 52.058222], [5.445602, 52.058261], [5.445622, 52.058273], [5.445848, 52.058357], [5.446228, 52.058498], [5.446316, 52.058487], [5.446472, 52.058532], [5.446964, 52.058674], [5.446963, 52.058501], [5.447099, 52.058376], [5.447335, 52.05816], [5.447246, 52.057488], [5.446479, 52.057605]]], [[[5.444129, 52.061652], [5.445049, 52.060006], [5.445302, 52.059554], [5.444068, 52.058894], [5.443267, 52.058003], [5.443197, 52.057966], [5.443179, 52.057957], [5.44167, 52.056181], [5.441213, 52.055806], [5.440903, 52.055551], [5.440789, 52.055404], [5.440536, 52.055076], [5.440695, 52.055038], [5.440748, 52.055025], [5.441049, 52.055444], [5.44105, 52.055445], [5.441252, 52.055642], [5.441793, 52.056058], [5.441837, 52.056092], [5.441887, 52.056151], [5.442407, 52.056763], [5.442649, 52.056874], [5.4427, 52.056897], [5.444301, 52.0566], [5.444073, 52.056051], [5.443577, 52.056123], [5.44327, 52.056168], [5.443121, 52.055759], [5.443072, 52.05574], [5.442915, 52.055436], [5.442872, 52.055353], [5.442095, 52.055508], [5.441835, 52.05556], [5.441345, 52.054823], [5.440875, 52.054909], [5.440746, 52.054932], [5.440753, 52.054967], [5.440755, 52.054976], [5.440636, 52.054998], [5.440547, 52.055014], [5.440524, 52.055006], [5.440401, 52.054963], [5.440322, 52.055011], [5.439901, 52.055099], [5.43588, 52.055848], [5.435577, 52.05593], [5.4346, 52.056193], [5.434779, 52.056468], [5.435803, 52.058036], [5.435795, 52.058066], [5.435781, 52.058122], [5.435093, 52.058687], [5.435087, 52.058753], [5.435043, 52.059204], [5.435675, 52.059633], [5.435552, 52.059688], [5.435083, 52.059376], [5.434871, 52.059235], [5.43486, 52.059086], [5.434943, 52.058619], [5.435053, 52.058523], [5.435564, 52.058078], [5.434556, 52.056497], [5.434392, 52.05624], [5.429548, 52.05746], [5.429312, 52.057565], [5.42906, 52.057677], [5.43017, 52.058746], [5.430215, 52.058789], [5.430256, 52.058815], [5.430623, 52.059048], [5.431136, 52.059127], [5.431688, 52.059115], [5.432272, 52.059103], [5.432811, 52.059142], [5.433949, 52.059303], [5.434808, 52.059425], [5.435014, 52.059481], [5.435155, 52.059549], [5.435302, 52.05962], [5.435482, 52.059837], [5.435787, 52.060207], [5.43578, 52.060259], [5.435778, 52.060272], [5.4364, 52.061485], [5.436524, 52.061819], [5.43657, 52.061943], [5.436733, 52.062867], [5.437929, 52.06277], [5.438824, 52.062698], [5.439011, 52.06155], [5.4388, 52.06142], [5.438367, 52.061152], [5.438204, 52.061101], [5.438576, 52.061003], [5.439022, 52.060885], [5.43924, 52.060874], [5.439686, 52.060781], [5.440214, 52.060672], [5.441111, 52.060669], [5.441526, 52.060616], [5.442165, 52.060439], [5.442639, 52.0602], [5.442653, 52.060304], [5.442665, 52.060398], [5.441722, 52.061064], [5.441591, 52.061102], [5.441327, 52.061256], [5.441286, 52.06128], [5.440957, 52.061407], [5.440415, 52.061617], [5.440035, 52.061842], [5.440777, 52.06228], [5.441314, 52.062598], [5.441982, 52.0631], [5.44221, 52.062917], [5.442302, 52.062843], [5.443215, 52.062224], [5.44337, 52.062119], [5.444129, 52.061652]], [[5.441615, 52.057129], [5.441674, 52.057208], [5.441852, 52.057444], [5.441519, 52.057599], [5.441402, 52.057681], [5.441352, 52.057749], [5.441306, 52.057811], [5.441108, 52.057863], [5.440759, 52.057893], [5.440731, 52.057824], [5.440668, 52.057671], [5.440542, 52.057671], [5.440467, 52.057523], [5.440353, 52.057296], [5.441076, 52.0572], [5.441615, 52.057129]], [[5.436793, 52.060409], [5.437105, 52.060348], [5.437204, 52.060512], [5.437382, 52.060809], [5.437468, 52.060791], [5.437516, 52.060877], [5.437477, 52.060885], [5.437475, 52.060886], [5.43762, 52.061146], [5.437389, 52.061193], [5.437061, 52.061097], [5.437055, 52.061089], [5.437038, 52.061064], [5.436396, 52.061188], [5.436068, 52.06055], [5.436793, 52.060409]]], [[[5.444281, 52.061594], [5.444304, 52.061614], [5.444305, 52.061615], [5.444231, 52.061714], [5.444202, 52.061752], [5.443402, 52.062226], [5.443234, 52.06234], [5.442261, 52.062999], [5.441633, 52.063585], [5.442189, 52.0636], [5.442247, 52.06357], [5.442523, 52.063425], [5.443328, 52.06308], [5.444631, 52.062623], [5.445287, 52.061919], [5.445008, 52.061829], [5.444281, 52.061594]]], [[[5.437949, 52.067714], [5.438141, 52.067603], [5.438567, 52.067358], [5.438665, 52.06727], [5.43881, 52.06714], [5.438599, 52.064248], [5.438752, 52.0633], [5.436822, 52.063345], [5.437302, 52.066894], [5.437322, 52.067231], [5.437264, 52.067332], [5.437259, 52.067342], [5.437325, 52.067365], [5.437414, 52.067397], [5.437664, 52.067602], [5.437674, 52.06761], [5.437723, 52.067628], [5.437949, 52.067714]]], [[[5.488777, 52.068327], [5.48866, 52.068323], [5.48861, 52.068322], [5.488498, 52.068351], [5.488117, 52.068448], [5.487761, 52.068575], [5.487018, 52.069108], [5.488051, 52.069659], [5.489246, 52.070297], [5.4894, 52.070279], [5.48957, 52.07026], [5.489733, 52.07021], [5.489722, 52.070319], [5.489081, 52.070626], [5.489825, 52.07097], [5.490299, 52.071189], [5.490489, 52.071256], [5.490845, 52.071325], [5.491044, 52.07135], [5.491063, 52.071149], [5.49174, 52.070737], [5.491881, 52.070651], [5.491925, 52.070633], [5.492182, 52.07053], [5.492519, 52.070564], [5.492657, 52.070463], [5.492785, 52.070369], [5.493629, 52.070733], [5.493818, 52.07093], [5.494023, 52.071144], [5.494019, 52.071204], [5.493797, 52.071349], [5.493458, 52.071572], [5.493839, 52.071625], [5.494213, 52.071677], [5.494984, 52.071672], [5.495258, 52.071644], [5.495707, 52.071523], [5.495569, 52.070794], [5.495864, 52.069429], [5.493934, 52.069094], [5.493016, 52.068935], [5.491587, 52.069034], [5.491243, 52.069255], [5.490659, 52.069501], [5.490643, 52.069537], [5.488944, 52.068389], [5.488777, 52.068327]]], [[[5.45233, 52.079778], [5.45266, 52.079921], [5.452842, 52.080057], [5.453061, 52.080221], [5.453573, 52.079807], [5.453656, 52.079787], [5.453792, 52.079754], [5.453888, 52.079639], [5.454614, 52.078763], [5.454689, 52.078744], [5.45476, 52.078726], [5.455104, 52.079207], [5.455639, 52.080135], [5.456509, 52.080619], [5.45701, 52.080296], [5.456955, 52.080263], [5.45683, 52.080187], [5.457056, 52.080054], [5.457013, 52.080027], [5.457173, 52.079935], [5.457224, 52.079906], [5.457336, 52.079978], [5.457487, 52.080075], [5.457489, 52.080074], [5.457517, 52.080056], [5.456872, 52.079568], [5.455391, 52.078446], [5.454986, 52.078605], [5.454749, 52.078698], [5.454306, 52.077994], [5.453933, 52.077798], [5.453824, 52.07777], [5.453719, 52.077743], [5.453512, 52.077731], [5.453226, 52.077782], [5.452749, 52.077867], [5.452005, 52.078691], [5.45196, 52.078741], [5.452003, 52.078765], [5.452567, 52.079077], [5.452576, 52.079072], [5.452631, 52.079042], [5.452963, 52.07923], [5.453021, 52.079263], [5.452869, 52.079428], [5.45233, 52.079778]]], [[[5.449932, 52.089421], [5.449823, 52.089492], [5.449725, 52.089556], [5.449688, 52.089545], [5.449857, 52.089673], [5.451129, 52.088877], [5.451325, 52.08865], [5.451457, 52.088367], [5.451518, 52.087164], [5.451448, 52.086787], [5.45128, 52.086417], [5.451252, 52.086354], [5.450771, 52.085654], [5.450777, 52.08567], [5.450792, 52.08571], [5.450696, 52.085718], [5.450543, 52.085732], [5.45057, 52.086195], [5.450602, 52.086757], [5.450483, 52.088319], [5.450386, 52.088572], [5.450152, 52.089185], [5.450054, 52.08929], [5.449932, 52.089421]]], [[[5.466286, 52.092296], [5.466171, 52.0927], [5.466135, 52.092766], [5.466039, 52.092942], [5.466882, 52.09308], [5.467727, 52.093219], [5.468066, 52.092275], [5.468506, 52.091046], [5.468465, 52.091018], [5.468404, 52.090977], [5.467944, 52.090794], [5.467527, 52.090774], [5.467433, 52.090769], [5.466421, 52.091522], [5.466364, 52.09185], [5.466286, 52.092296]]], [[[5.464927, 52.109029], [5.465074, 52.109007], [5.465189, 52.109093], [5.46526, 52.109147], [5.465563, 52.108901], [5.46563, 52.108749], [5.466037, 52.108652], [5.466121, 52.108645], [5.46657, 52.10861], [5.466746, 52.108583], [5.466992, 52.108544], [5.467254, 52.108533], [5.467588, 52.108518], [5.468695, 52.108422], [5.468829, 52.10841], [5.468849, 52.108425], [5.468876, 52.108445], [5.469059, 52.108431], [5.469067, 52.10839], [5.469073, 52.108359], [5.470946, 52.108099], [5.471138, 52.10806], [5.471356, 52.108016], [5.4716, 52.107916], [5.471708, 52.107726], [5.471852, 52.107473], [5.472053, 52.107242], [5.472358, 52.107103], [5.472721, 52.106937], [5.472841, 52.106648], [5.473067, 52.106495], [5.473034, 52.106421], [5.473023, 52.106397], [5.473031, 52.106355], [5.473043, 52.106294], [5.472924, 52.106283], [5.472884, 52.106279], [5.472849, 52.106191], [5.472993, 52.106166], [5.474243, 52.106283], [5.474186, 52.106488], [5.474184, 52.106495], [5.474268, 52.106488], [5.474444, 52.106472], [5.474263, 52.105696], [5.473769, 52.104853], [5.473721, 52.104848], [5.472078, 52.10469], [5.472074, 52.104703], [5.472072, 52.104712], [5.472008, 52.104704], [5.472165, 52.105057], [5.472315, 52.105393], [5.471721, 52.105598], [5.471492, 52.104994], [5.47151, 52.104977], [5.471724, 52.104776], [5.471733, 52.104728], [5.471748, 52.104645], [5.471567, 52.104628], [5.47136, 52.104608], [5.471009, 52.104923], [5.470741, 52.105164], [5.470603, 52.105224], [5.470437, 52.105297], [5.470384, 52.105247], [5.469963, 52.104853], [5.46974, 52.104695], [5.469733, 52.10469], [5.467968, 52.103964], [5.467958, 52.103972], [5.46778, 52.104117], [5.46761, 52.104042], [5.467577, 52.104027], [5.467068, 52.104405], [5.466371, 52.104096], [5.465942, 52.10447], [5.465811, 52.104584], [5.465941, 52.104661], [5.466069, 52.104738], [5.466015, 52.104784], [5.465795, 52.104971], [5.465475, 52.10484], [5.464748, 52.105446], [5.463806, 52.106141], [5.462412, 52.106628], [5.462347, 52.106674], [5.462239, 52.10675], [5.462237, 52.10675], [5.462193, 52.106736], [5.462154, 52.106826], [5.462292, 52.10687], [5.460624, 52.108591], [5.460623, 52.108628], [5.460675, 52.108639], [5.460786, 52.108664], [5.463998, 52.108206], [5.464066, 52.108312], [5.460856, 52.108742], [5.46016, 52.108835], [5.459981, 52.109432], [5.459922, 52.109629], [5.459862, 52.110371], [5.459945, 52.110372], [5.460027, 52.110372], [5.46007, 52.110301], [5.461847, 52.110039], [5.464672, 52.109622], [5.464141, 52.108541], [5.464186, 52.108564], [5.464249, 52.108596], [5.46445, 52.108942], [5.464535, 52.109089], [5.464927, 52.109029]], [[5.465365, 52.108018], [5.465328, 52.107962], [5.466242, 52.107807], [5.466267, 52.107834], [5.466303, 52.107874], [5.46842, 52.107555], [5.468882, 52.107515], [5.468891, 52.107558], [5.468717, 52.107598], [5.468482, 52.107651], [5.464302, 52.108278], [5.464166, 52.108298], [5.46415, 52.108249], [5.464138, 52.108214], [5.465373, 52.10803], [5.465365, 52.108018]], [[5.468021, 52.108092], [5.468122, 52.108067], [5.468119, 52.107871], [5.468904, 52.107792], [5.468896, 52.10824], [5.468353, 52.108291], [5.467993, 52.108324], [5.467958, 52.108185], [5.467939, 52.108113], [5.468021, 52.108092]]], [[[5.474232, 52.107089], [5.474084, 52.107094], [5.474133, 52.107193], [5.473831, 52.107267], [5.473663, 52.107283], [5.473532, 52.107295], [5.473323, 52.107259], [5.472598, 52.107046], [5.472397, 52.107142], [5.472266, 52.107204], [5.472118, 52.107301], [5.471974, 52.107468], [5.471961, 52.107503], [5.471957, 52.107513], [5.472104, 52.10776], [5.472114, 52.107777], [5.4719, 52.108044], [5.471851, 52.108105], [5.471673, 52.108167], [5.47163, 52.108182], [5.47162, 52.108182], [5.471501, 52.108182], [5.471129, 52.10846], [5.47053, 52.108908], [5.471835, 52.109303], [5.472087, 52.10938], [5.472487, 52.109323], [5.473502, 52.109178], [5.473682, 52.109486], [5.473717, 52.10947], [5.473859, 52.109405], [5.474787, 52.109368], [5.475942, 52.109322], [5.475863, 52.108754], [5.475102, 52.107422], [5.475054, 52.107144], [5.474968, 52.106642], [5.474919, 52.106651], [5.474916, 52.106634], [5.474915, 52.106627], [5.474197, 52.106744], [5.474204, 52.106776], [5.474219, 52.106847], [5.474463, 52.106837], [5.474476, 52.106912], [5.474495, 52.107019], [5.474225, 52.107033], [5.474228, 52.10706], [5.474232, 52.107089]]], [[[5.464725, 52.110174], [5.464682, 52.109735], [5.464562, 52.109716], [5.462387, 52.110038], [5.462114, 52.110079], [5.462356, 52.110959], [5.464843, 52.110638], [5.464773, 52.110361], [5.464725, 52.110174]]], [[[5.475504, 52.110841], [5.475525, 52.110642], [5.475542, 52.110606], [5.475551, 52.110587], [5.475591, 52.110579], [5.475617, 52.110574], [5.475527, 52.11046], [5.475461, 52.110596], [5.475392, 52.11074], [5.475402, 52.110906], [5.47541, 52.111038], [5.475452, 52.11133], [5.475686, 52.111859], [5.476499, 52.111559], [5.477517, 52.111184], [5.477448, 52.111189], [5.476867, 52.110537], [5.476879, 52.110532], [5.476906, 52.110521], [5.476905, 52.11052], [5.476884, 52.110495], [5.476844, 52.11051], [5.476814, 52.110474], [5.476561, 52.110574], [5.475822, 52.110867], [5.475801, 52.110833], [5.475741, 52.11074], [5.47573, 52.110817], [5.475727, 52.110835], [5.475635, 52.110888], [5.475565, 52.110884], [5.475512, 52.110847], [5.475504, 52.110841]]], [[[5.459156, 52.111483], [5.460737, 52.112224], [5.460798, 52.112195], [5.46101, 52.112094], [5.460925, 52.111765], [5.460896, 52.111652], [5.460914, 52.111544], [5.460844, 52.11152], [5.460622, 52.111445], [5.460465, 52.111411], [5.460244, 52.111364], [5.459138, 52.11134], [5.459106, 52.111417], [5.459177, 52.111452], [5.459156, 52.111483]]], [[[5.465111, 52.110536], [5.465305, 52.110675], [5.46466, 52.110782], [5.465116, 52.112109], [5.466011, 52.111729], [5.466512, 52.111572], [5.467051, 52.111402], [5.467947, 52.111639], [5.467032, 52.111876], [5.4653, 52.112326], [5.464549, 52.112648], [5.464296, 52.112756], [5.464318, 52.112884], [5.464443, 52.113053], [5.464473, 52.113093], [5.464685, 52.113258], [5.464775, 52.113241], [5.464829, 52.113508], [5.464858, 52.113652], [5.464796, 52.113652], [5.464663, 52.113297], [5.464418, 52.113149], [5.463956, 52.113163], [5.46334, 52.113182], [5.463269, 52.112742], [5.463901, 52.112591], [5.464091, 52.112591], [5.464112, 52.112597], [5.464302, 52.112657], [5.464368, 52.112651], [5.46439, 52.112649], [5.465182, 52.112303], [5.465154, 52.112268], [5.464833, 52.111863], [5.463982, 52.111377], [5.463876, 52.111317], [5.463713, 52.110976], [5.461955, 52.111218], [5.461306, 52.111307], [5.461234, 52.111768], [5.461183, 52.112099], [5.461074, 52.11214], [5.460785, 52.112248], [5.460761, 52.112251], [5.460173, 52.112321], [5.459042, 52.11274], [5.459177, 52.113029], [5.458682, 52.113114], [5.458343, 52.113172], [5.458137, 52.113868], [5.460395, 52.113768], [5.460894, 52.113746], [5.460951, 52.113746], [5.461789, 52.113744], [5.462057, 52.113765], [5.462088, 52.113767], [5.462547, 52.113737], [5.46249, 52.113989], [5.462109, 52.114105], [5.461712, 52.114225], [5.461486, 52.114225], [5.461355, 52.114206], [5.461059, 52.114163], [5.4602, 52.113887], [5.459811, 52.11391], [5.457957, 52.114022], [5.457512, 52.115469], [5.457104, 52.116794], [5.457505, 52.116785], [5.458257, 52.116667], [5.458966, 52.116556], [5.458992, 52.116664], [5.459027, 52.116804], [5.459089, 52.116867], [5.459785, 52.117228], [5.45982, 52.117307], [5.459992, 52.117313], [5.460146, 52.117318], [5.461424, 52.117037], [5.461668, 52.117438], [5.461765, 52.117598], [5.463583, 52.117208], [5.46512, 52.116921], [5.465394, 52.11687], [5.465478, 52.116884], [5.465303, 52.116705], [5.46496, 52.116354], [5.464962, 52.116354], [5.465043, 52.116349], [5.46673, 52.117783], [5.466763, 52.117783], [5.466797, 52.117782], [5.467283, 52.117692], [5.467582, 52.117636], [5.466563, 52.116709], [5.466613, 52.116658], [5.467024, 52.116516], [5.467046, 52.116361], [5.467472, 52.11628], [5.467791, 52.116775], [5.467837, 52.11682], [5.468014, 52.116992], [5.468163, 52.11696], [5.468564, 52.116873], [5.468514, 52.116797], [5.468419, 52.116651], [5.468987, 52.116237], [5.468712, 52.115736], [5.468805, 52.115686], [5.468858, 52.115658], [5.469127, 52.115614], [5.469391, 52.115571], [5.469373, 52.115396], [5.46894, 52.115043], [5.467915, 52.114208], [5.467534, 52.113751], [5.467302, 52.113472], [5.466528, 52.113712], [5.466052, 52.113859], [5.465735, 52.113633], [5.465596, 52.113633], [5.465441, 52.113633], [5.465464, 52.113623], [5.465879, 52.113439], [5.465343, 52.113649], [5.465247, 52.113649], [5.465246, 52.113649], [5.465828, 52.113438], [5.469276, 52.112536], [5.469424, 52.112858], [5.469556, 52.113146], [5.469508, 52.113187], [5.469527, 52.113632], [5.469463, 52.113638], [5.469431, 52.113641], [5.469903, 52.114086], [5.470306, 52.114467], [5.470622, 52.114397], [5.47079, 52.11436], [5.472139, 52.114149], [5.471319, 52.114016], [5.470928, 52.113952], [5.470741, 52.113904], [5.470595, 52.113867], [5.470539, 52.113801], [5.470586, 52.113784], [5.470618, 52.113773], [5.470982, 52.113778], [5.471912, 52.113789], [5.471639, 52.11336], [5.471556, 52.113231], [5.471382, 52.113121], [5.471211, 52.113092], [5.471098, 52.113073], [5.470893, 52.112825], [5.470618, 52.112491], [5.470423, 52.112447], [5.469686, 52.112419], [5.469665, 52.112293], [5.469727, 52.112269], [5.469806, 52.112239], [5.46951, 52.112006], [5.469231, 52.11207], [5.468799, 52.11217], [5.468416, 52.111585], [5.468484, 52.111563], [5.468552, 52.111542], [5.468587, 52.111544], [5.468667, 52.111549], [5.468676, 52.111529], [5.468693, 52.111492], [5.468403, 52.111378], [5.468337, 52.111352], [5.468856, 52.111297], [5.469441, 52.111235], [5.469633, 52.111722], [5.469738, 52.111989], [5.475552, 52.111821], [5.47531, 52.111305], [5.475259, 52.11074], [5.475281, 52.110672], [5.475332, 52.110512], [5.47546, 52.110321], [5.475878, 52.109699], [5.47592, 52.109525], [5.475944, 52.109425], [5.474923, 52.10947], [5.473841, 52.109518], [5.469589, 52.110892], [5.469327, 52.11093], [5.469321, 52.110888], [5.469316, 52.110847], [5.46954, 52.110817], [5.470011, 52.11066], [5.471271, 52.110242], [5.471254, 52.109939], [5.471214, 52.109203], [5.469085, 52.108583], [5.469084, 52.108583], [5.469063, 52.108518], [5.468671, 52.108555], [5.468014, 52.108617], [5.467985, 52.108627], [5.467946, 52.10864], [5.467836, 52.11038], [5.467933, 52.108644], [5.467693, 52.108707], [5.466782, 52.108947], [5.465545, 52.109347], [5.465469, 52.109501], [5.465149, 52.110143], [5.465203, 52.11015], [5.465099, 52.110346], [5.465111, 52.110536]], [[5.463508, 52.114901], [5.464244, 52.114295], [5.463875, 52.113662], [5.464646, 52.113652], [5.46542, 52.114327], [5.464702, 52.114843], [5.464317, 52.114584], [5.463699, 52.115007], [5.463508, 52.114901]], [[5.462283, 52.115767], [5.462212, 52.115715], [5.462029, 52.115739], [5.46015, 52.115984], [5.460145, 52.115965], [5.460138, 52.115938], [5.461156, 52.1158], [5.462196, 52.115659], [5.462414, 52.115697], [5.462569, 52.115845], [5.462655, 52.116061], [5.462765, 52.116336], [5.464627, 52.116003], [5.464791, 52.11622], [5.463911, 52.116427], [5.46351, 52.116521], [5.463332, 52.11649], [5.462645, 52.116369], [5.462633, 52.116356], [5.462554, 52.116275], [5.462448, 52.115938], [5.462373, 52.115833], [5.462283, 52.115767]]], [[[5.501082, 52.117074], [5.500871, 52.117296], [5.501014, 52.117645], [5.500906, 52.11792], [5.500844, 52.118076], [5.500754, 52.118177], [5.502539, 52.117208], [5.503749, 52.116552], [5.503235, 52.115934], [5.502646, 52.115111], [5.500904, 52.11552], [5.500932, 52.11559], [5.500141, 52.115779], [5.499669, 52.115891], [5.49971, 52.116069], [5.499733, 52.116171], [5.500239, 52.116184], [5.501119, 52.116206], [5.501362, 52.116306], [5.50154, 52.116441], [5.501568, 52.116525], [5.501556, 52.116542], [5.501465, 52.116671], [5.501082, 52.117074]]], [[[5.496004, 52.11579], [5.495851, 52.115794], [5.493459, 52.115864], [5.493494, 52.117529], [5.493511, 52.118334], [5.494596, 52.118159], [5.494699, 52.118142], [5.495093, 52.118045], [5.495217, 52.117991], [5.495337, 52.11794], [5.495349, 52.117609], [5.495366, 52.117128], [5.49559, 52.116776], [5.495749, 52.116621], [5.496212, 52.116297], [5.496385, 52.115963], [5.496004, 52.11579]]], [[[5.479799, 52.118183], [5.479846, 52.118234], [5.480591, 52.119056], [5.480752, 52.119002], [5.480859, 52.118966], [5.48091, 52.119022], [5.481155, 52.118935], [5.48151, 52.11881], [5.481695, 52.118959], [5.481947, 52.119162], [5.48224, 52.119091], [5.481874, 52.118681], [5.481987, 52.118645], [5.48215, 52.118592], [5.482282, 52.118744], [5.482512, 52.119007], [5.483077, 52.11884], [5.482452, 52.118119], [5.481993, 52.117588], [5.482323, 52.1175], [5.482416, 52.117341], [5.482482, 52.117229], [5.487547, 52.116393], [5.487627, 52.115998], [5.486804, 52.115597], [5.486562, 52.115479], [5.482475, 52.116234], [5.481062, 52.116726], [5.481891, 52.117615], [5.479799, 52.118183]]], [[[5.493357, 52.116969], [5.493225, 52.1167], [5.492771, 52.115772], [5.491768, 52.11583], [5.49169, 52.115835], [5.491345, 52.115909], [5.490825, 52.116021], [5.490755, 52.116055], [5.490663, 52.116056], [5.490229, 52.116149], [5.489277, 52.116164], [5.488441, 52.116177], [5.488974, 52.117897], [5.489085, 52.118254], [5.48865, 52.118277], [5.488229, 52.1183], [5.488242, 52.118343], [5.488208, 52.118347], [5.488321, 52.118717], [5.489234, 52.118688], [5.48924, 52.118716], [5.489256, 52.118787], [5.491052, 52.119042], [5.491212, 52.119115], [5.492153, 52.118705], [5.4925, 52.118593], [5.493077, 52.118408], [5.49341, 52.118349], [5.493377, 52.117481], [5.493357, 52.116969]]], [[[5.474337, 52.117695], [5.474581, 52.117659], [5.474869, 52.117617], [5.475038, 52.117617], [5.475365, 52.117617], [5.476172, 52.11769], [5.477335, 52.117599], [5.477536, 52.117583], [5.478416, 52.117425], [5.478646, 52.117366], [5.478816, 52.117322], [5.478713, 52.117168], [5.478527, 52.116892], [5.477906, 52.117027], [5.47741, 52.117134], [5.475932, 52.117229], [5.475886, 52.117232], [5.475873, 52.117232], [5.47468, 52.117219], [5.4742, 52.117179], [5.474033, 52.117165], [5.473765, 52.117114], [5.473557, 52.117185], [5.472787, 52.117767], [5.472492, 52.117842], [5.472783, 52.118347], [5.473437, 52.118179], [5.473954, 52.117835], [5.474019, 52.117792], [5.474089, 52.117771], [5.474337, 52.117695]]], [[[5.465095, 52.119226], [5.465201, 52.119205], [5.467837, 52.118693], [5.46784, 52.118697], [5.467899, 52.11878], [5.467981, 52.118767], [5.468054, 52.118756], [5.469261, 52.118428], [5.470318, 52.118261], [5.470573, 52.118221], [5.470364, 52.117699], [5.467515, 52.118207], [5.467197, 52.11818], [5.466613, 52.117885], [5.46443, 52.118299], [5.464837, 52.118866], [5.465095, 52.119226]]], [[[5.496873, 52.118009], [5.496728, 52.117913], [5.496427, 52.117829], [5.496333, 52.117803], [5.495873, 52.118011], [5.495504, 52.118177], [5.495466, 52.118146], [5.495347, 52.118219], [5.49534, 52.118269], [5.495305, 52.118524], [5.495326, 52.118975], [5.495329, 52.119038], [5.495372, 52.119047], [5.495446, 52.119063], [5.495444, 52.119068], [5.495349, 52.11928], [5.495329, 52.119475], [5.495374, 52.119477], [5.495418, 52.119478], [5.495422, 52.119312], [5.495422, 52.119289], [5.495524, 52.119054], [5.49647, 52.119179], [5.497441, 52.11927], [5.497847, 52.119211], [5.49816, 52.119125], [5.496873, 52.118009]]], [[[5.44997, 52.120356], [5.450127, 52.120293], [5.450514, 52.120057], [5.451231, 52.119617], [5.45106, 52.119514], [5.451055, 52.119511], [5.451592, 52.119102], [5.451596, 52.119099], [5.451527, 52.118744], [5.451501, 52.11861], [5.451674, 52.118598], [5.451784, 52.11859], [5.451799, 52.118631], [5.451815, 52.118678], [5.451835, 52.118676], [5.452035, 52.11866], [5.452029, 52.118615], [5.452026, 52.11859], [5.452246, 52.118582], [5.45225, 52.118646], [5.452258, 52.118789], [5.452666, 52.117785], [5.452884, 52.117548], [5.452985, 52.117437], [5.45298, 52.117347], [5.453003, 52.117305], [5.453063, 52.117199], [5.453039, 52.11719], [5.452962, 52.117161], [5.45282, 52.117235], [5.446496, 52.118369], [5.44687, 52.119265], [5.447067, 52.119437], [5.447407, 52.119521], [5.448524, 52.119318], [5.448798, 52.119327], [5.449088, 52.119392], [5.449241, 52.119493], [5.449587, 52.119859], [5.449846, 52.120405], [5.44997, 52.120356]]], [[[5.478214, 52.118505], [5.477922, 52.118605], [5.478504, 52.119221], [5.47938, 52.120149], [5.47998, 52.12004], [5.480274, 52.120084], [5.480385, 52.120067], [5.48053, 52.120045], [5.480644, 52.11992], [5.480642, 52.119895], [5.480624, 52.119658], [5.480399, 52.119392], [5.480231, 52.119193], [5.48043, 52.119118], [5.479561, 52.118186], [5.479547, 52.118171], [5.478214, 52.118505]]], [[[5.494033, 52.119722], [5.493901, 52.119752], [5.493685, 52.119837], [5.493506, 52.119908], [5.492373, 52.120442], [5.491553, 52.120672], [5.493136, 52.121114], [5.493593, 52.121242], [5.493895, 52.121048], [5.494444, 52.120695], [5.495376, 52.120167], [5.496354, 52.119613], [5.495227, 52.119594], [5.494762, 52.119639], [5.494126, 52.119701], [5.494033, 52.119722]]], [[[5.44678, 52.119346], [5.44647, 52.118725], [5.444976, 52.118898], [5.443703, 52.119045], [5.444443, 52.120251], [5.446093, 52.122939], [5.446107, 52.122867], [5.446132, 52.122734], [5.446288, 52.122542], [5.446309, 52.122516], [5.446494, 52.122191], [5.446587, 52.122027], [5.446634, 52.121984], [5.446934, 52.121711], [5.447358, 52.121441], [5.448562, 52.120911], [5.449707, 52.120407], [5.449646, 52.120259], [5.449454, 52.120301], [5.449279, 52.120339], [5.449299, 52.120379], [5.449235, 52.120391], [5.448984, 52.120439], [5.448814, 52.120229], [5.448818, 52.120185], [5.448821, 52.120145], [5.449012, 52.12006], [5.449231, 52.119993], [5.449343, 52.120042], [5.449509, 52.120006], [5.449504, 52.119947], [5.449317, 52.119724], [5.448997, 52.119459], [5.448631, 52.119406], [5.448557, 52.119412], [5.448454, 52.11942], [5.447621, 52.11959], [5.447431, 52.119597], [5.447409, 52.119598], [5.447172, 52.119564], [5.446956, 52.119487], [5.446836, 52.119391], [5.44678, 52.119346]]], [[[5.47151, 52.120117], [5.469701, 52.120075], [5.469664, 52.124259], [5.469715, 52.12425], [5.469791, 52.124237], [5.469828, 52.124276], [5.469936, 52.124275], [5.469942, 52.124728], [5.469944, 52.124837], [5.469942, 52.124837], [5.469907, 52.124843], [5.469966, 52.125153], [5.470228, 52.125118], [5.470258, 52.125114], [5.470292, 52.125207], [5.470355, 52.12538], [5.470739, 52.125326], [5.470786, 52.125319], [5.470826, 52.125367], [5.470907, 52.125463], [5.471215, 52.125403], [5.471533, 52.125341], [5.471523, 52.125316], [5.471238, 52.124587], [5.472002, 52.124478], [5.472197, 52.125061], [5.47225, 52.12522], [5.472487, 52.125168], [5.473952, 52.124676], [5.473834, 52.124322], [5.473714, 52.123961], [5.473772, 52.123619], [5.473833, 52.123682], [5.473875, 52.123989], [5.473968, 52.124228], [5.474052, 52.124265], [5.474491, 52.124262], [5.474697, 52.124235], [5.475618, 52.124113], [5.475743, 52.124127], [5.475806, 52.124169], [5.475828, 52.124184], [5.476114, 52.124168], [5.476283, 52.124158], [5.476974, 52.124201], [5.477971, 52.124262], [5.477513, 52.123491], [5.477119, 52.122827], [5.476535, 52.122191], [5.475937, 52.122402], [5.475555, 52.121995], [5.47528, 52.121703], [5.476765, 52.121267], [5.476028, 52.120359], [5.475566, 52.119789], [5.475024, 52.119857], [5.474496, 52.119847], [5.474398, 52.119823], [5.473062, 52.119869], [5.472896, 52.119875], [5.472865, 52.119955], [5.471588, 52.119957], [5.471522, 52.120093], [5.47151, 52.120117]], [[5.473342, 52.121222], [5.473139, 52.121171], [5.472842, 52.121097], [5.472768, 52.121036], [5.472758, 52.121004], [5.472741, 52.120951], [5.472765, 52.120891], [5.472824, 52.120743], [5.472913, 52.120653], [5.472957, 52.120608], [5.472964, 52.120417], [5.472968, 52.120325], [5.472976, 52.120326], [5.473041, 52.120334], [5.473076, 52.120239], [5.473125, 52.120214], [5.473483, 52.120235], [5.473803, 52.120254], [5.473952, 52.120307], [5.473923, 52.120522], [5.47392, 52.120543], [5.474293, 52.120573], [5.474789, 52.120614], [5.474711, 52.121233], [5.47343, 52.121414], [5.473342, 52.121222]]], [[[5.494541, 52.122303], [5.494182, 52.122984], [5.493782, 52.123277], [5.493581, 52.123365], [5.493255, 52.123507], [5.493091, 52.123598], [5.492913, 52.123697], [5.492293, 52.124114], [5.492184, 52.124188], [5.491824, 52.124447], [5.491473, 52.1247], [5.49096, 52.125235], [5.490937, 52.125246], [5.490484, 52.125461], [5.490435, 52.125517], [5.491246, 52.126196], [5.491466, 52.126157], [5.491736, 52.12611], [5.493914, 52.125535], [5.494008, 52.125458], [5.494013, 52.125441], [5.49404, 52.125358], [5.493669, 52.124919], [5.494332, 52.124715], [5.494738, 52.124591], [5.494691, 52.124245], [5.494892, 52.123375], [5.494911, 52.123273], [5.495085, 52.122355], [5.494583, 52.122225], [5.494494, 52.122191], [5.494217, 52.122086], [5.494424, 52.122201], [5.494507, 52.122247], [5.494524, 52.122275], [5.494541, 52.122303]]], [[[5.484631, 52.125675], [5.484678, 52.125505], [5.484735, 52.125299], [5.484726, 52.125194], [5.484566, 52.124882], [5.482471, 52.124882], [5.482556, 52.127531], [5.482558, 52.127497], [5.48416, 52.127509], [5.484519, 52.127436], [5.484653, 52.126878], [5.484729, 52.126166], [5.484401, 52.12618], [5.48425, 52.126186], [5.484071, 52.126076], [5.484139, 52.125976], [5.484182, 52.125969], [5.484234, 52.12596], [5.484358, 52.126009], [5.484428, 52.126037], [5.484717, 52.126038], [5.484698, 52.125956], [5.484631, 52.125675]]], [[[5.47384, 52.130487], [5.474048, 52.130509], [5.474121, 52.130504], [5.474208, 52.130499], [5.474912, 52.130242], [5.475444, 52.130048], [5.475922, 52.129371], [5.475476, 52.129331], [5.47558, 52.12913], [5.475812, 52.128678], [5.475815, 52.128633], [5.475818, 52.128601], [5.475764, 52.128547], [5.475622, 52.128496], [5.475457, 52.128437], [5.475034, 52.128327], [5.474594, 52.128213], [5.474351, 52.128184], [5.474119, 52.128198], [5.474057, 52.128206], [5.473889, 52.128227], [5.47368, 52.1283], [5.473553, 52.128344], [5.472523, 52.128938], [5.472357, 52.128596], [5.47207, 52.128008], [5.471411, 52.128111], [5.469769, 52.128049], [5.469803, 52.12982], [5.469878, 52.129843], [5.469964, 52.12987], [5.470576, 52.129919], [5.472139, 52.129993], [5.472683, 52.130019], [5.472733, 52.130029], [5.472807, 52.130043], [5.472883, 52.13009], [5.473341, 52.13037], [5.473698, 52.130465], [5.473741, 52.130477], [5.47384, 52.130487]]], [[[5.496116, 52.13196], [5.495761, 52.131979], [5.49528, 52.132004], [5.492574, 52.132286], [5.489124, 52.132753], [5.489065, 52.132649], [5.488741, 52.132076], [5.4886, 52.132116], [5.488165, 52.13235], [5.487271, 52.132539], [5.487423, 52.13264], [5.488099, 52.132546], [5.488147, 52.132634], [5.488259, 52.132838], [5.487959, 52.132883], [5.488903, 52.133664], [5.489019, 52.13376], [5.48914, 52.13373], [5.489434, 52.133656], [5.48995, 52.133664], [5.49, 52.133665], [5.490977, 52.133543], [5.491886, 52.133419], [5.494575, 52.133051], [5.495619, 52.132894], [5.496671, 52.132735], [5.496878, 52.13303], [5.497016, 52.133], [5.498248, 52.132734], [5.499342, 52.132562], [5.499344, 52.132669], [5.499354, 52.133089], [5.49933, 52.133319], [5.499307, 52.133535], [5.499525, 52.133536], [5.499685, 52.133537], [5.49973, 52.133659], [5.499829, 52.133663], [5.499826, 52.133668], [5.499774, 52.133776], [5.500135, 52.133812], [5.500135, 52.133846], [5.500135, 52.133857], [5.50038, 52.133884], [5.500873, 52.133939], [5.50088, 52.133904], [5.500886, 52.133869], [5.501003, 52.13388], [5.501504, 52.131205], [5.501655, 52.130396], [5.501731, 52.130401], [5.501798, 52.130406], [5.501694, 52.13093], [5.501569, 52.131563], [5.503977, 52.131536], [5.50607, 52.131512], [5.507369, 52.13155], [5.508349, 52.131578], [5.507697, 52.131335], [5.50769, 52.131133], [5.507686, 52.131129], [5.50768, 52.131128], [5.507589, 52.13116], [5.507562, 52.131169], [5.507472, 52.131348], [5.507409, 52.13134], [5.507342, 52.131331], [5.507216, 52.131275], [5.507094, 52.131222], [5.507093, 52.131221], [5.506754, 52.131001], [5.506744, 52.130997], [5.506708, 52.130982], [5.506313, 52.131021], [5.506297, 52.131023], [5.506217, 52.130978], [5.506103, 52.130914], [5.506036, 52.130937], [5.50574, 52.13104], [5.505676, 52.131062], [5.505513, 52.131118], [5.505426, 52.131125], [5.505331, 52.131133], [5.505264, 52.131138], [5.50522, 52.131141], [5.505043, 52.131114], [5.505027, 52.131104], [5.504991, 52.131081], [5.504971, 52.131068], [5.504972, 52.13105], [5.504978, 52.130933], [5.504765, 52.130952], [5.504757, 52.130953], [5.504756, 52.130953], [5.504704, 52.130945], [5.504655, 52.130937], [5.504615, 52.130931], [5.504502, 52.130871], [5.504118, 52.130666], [5.50377, 52.130605], [5.503584, 52.130573], [5.502778, 52.130249], [5.502395, 52.130199], [5.502292, 52.13016], [5.502117, 52.130093], [5.501603, 52.130086], [5.501532, 52.130042], [5.501518, 52.129961], [5.501424, 52.129926], [5.500992, 52.130053], [5.500885, 52.130049], [5.500724, 52.130043], [5.500395, 52.130136], [5.500363, 52.130141], [5.499734, 52.130253], [5.499616, 52.130251], [5.499165, 52.130245], [5.499121, 52.130267], [5.499071, 52.130292], [5.499097, 52.130337], [5.499104, 52.130349], [5.49911, 52.13036], [5.499166, 52.130458], [5.499087, 52.130543], [5.499066, 52.130536], [5.498993, 52.130514], [5.498881, 52.130481], [5.498675, 52.130382], [5.498579, 52.130337], [5.498344, 52.130225], [5.498239, 52.13022], [5.498044, 52.130211], [5.497926, 52.130276], [5.497913, 52.130283], [5.497616, 52.128972], [5.497183, 52.128947], [5.496976, 52.12896], [5.49672, 52.128975], [5.496667, 52.128987], [5.496557, 52.129012], [5.496118, 52.129201], [5.495836, 52.129322], [5.495135, 52.129454], [5.494699, 52.129537], [5.494419, 52.128006], [5.494236, 52.127999], [5.494138, 52.127995], [5.494144, 52.128036], [5.49415, 52.128078], [5.493717, 52.128101], [5.493762, 52.128355], [5.493586, 52.128366], [5.493403, 52.128377], [5.493304, 52.128063], [5.493164, 52.128071], [5.492984, 52.128082], [5.493189, 52.129272], [5.493402, 52.130514], [5.492283, 52.13085], [5.49199, 52.128772], [5.491541, 52.12893], [5.489061, 52.129803], [5.48915, 52.131677], [5.489392, 52.132345], [5.493329, 52.131841], [5.494834, 52.131648], [5.495895, 52.131597], [5.498003, 52.131496], [5.499803, 52.131489], [5.501405, 52.131482], [5.501376, 52.131651], [5.501348, 52.131819], [5.499245, 52.131876], [5.496116, 52.13196]], [[5.490109, 52.131149], [5.489958, 52.130867], [5.490091, 52.130812], [5.490149, 52.130709], [5.490374, 52.130696], [5.490449, 52.130692], [5.490516, 52.130895], [5.490366, 52.130935], [5.490433, 52.131079], [5.490431, 52.131079], [5.490109, 52.131149]]], [[[5.475446, 52.13018], [5.475565, 52.130316], [5.475861, 52.130652], [5.476096, 52.130967], [5.476068, 52.130982], [5.476287, 52.131162], [5.476237, 52.131182], [5.47657, 52.131561], [5.476629, 52.13168], [5.476647, 52.131715], [5.474735, 52.132238], [5.474581, 52.13191], [5.474497, 52.131732], [5.474155, 52.131215], [5.474087, 52.131113], [5.474087, 52.131112], [5.473875, 52.130622], [5.473893, 52.130561], [5.473344, 52.130432], [5.47309, 52.130282], [5.472772, 52.130094], [5.472658, 52.130072], [5.472641, 52.130069], [5.472612, 52.130146], [5.472604, 52.130168], [5.472425, 52.13017], [5.471831, 52.130175], [5.47181, 52.131052], [5.471761, 52.131092], [5.471754, 52.13118], [5.471748, 52.131257], [5.471416, 52.131263], [5.471412, 52.131018], [5.471411, 52.130987], [5.471174, 52.130999], [5.47074, 52.13102], [5.470737, 52.130813], [5.470734, 52.130534], [5.470658, 52.130534], [5.470574, 52.130533], [5.470606, 52.130002], [5.470276, 52.129981], [5.469674, 52.129944], [5.469654, 52.128789], [5.469642, 52.128053], [5.469636, 52.128053], [5.469612, 52.128055], [5.469602, 52.127762], [5.469584, 52.127215], [5.469565, 52.127214], [5.469521, 52.127213], [5.469445, 52.127246], [5.46941, 52.127261], [5.469235, 52.127419], [5.468832, 52.127783], [5.468523, 52.127999], [5.468505, 52.128012], [5.468501, 52.12988], [5.468498, 52.131691], [5.46839, 52.13169], [5.468495, 52.132291], [5.46854, 52.13255], [5.468238, 52.132561], [5.467942, 52.132572], [5.467837, 52.131706], [5.46666, 52.131949], [5.466659, 52.134579], [5.466659, 52.135838], [5.46724, 52.135805], [5.467284, 52.135803], [5.467826, 52.135819], [5.468123, 52.135855], [5.468402, 52.135889], [5.468431, 52.134716], [5.468455, 52.133714], [5.468546, 52.133288], [5.468571, 52.133172], [5.467958, 52.133175], [5.467958, 52.133137], [5.467957, 52.133083], [5.468632, 52.133073], [5.468546, 52.132581], [5.469162, 52.132607], [5.469461, 52.13262], [5.469478, 52.13175], [5.469611, 52.131755], [5.469575, 52.133703], [5.469556, 52.1347], [5.470921, 52.134394], [5.471731, 52.134212], [5.47178, 52.134356], [5.471816, 52.134463], [5.474676, 52.133691], [5.474799, 52.133377], [5.47484, 52.133348], [5.474902, 52.133303], [5.477106, 52.132665], [5.477647, 52.132483], [5.478112, 52.132327], [5.479426, 52.133503], [5.479506, 52.133574], [5.480006, 52.133691], [5.480336, 52.133696], [5.480492, 52.133663], [5.481097, 52.133534], [5.481061, 52.133497], [5.481042, 52.133477], [5.481065, 52.133434], [5.481709, 52.132685], [5.481856, 52.132514], [5.481965, 52.13236], [5.482137, 52.132116], [5.482161, 52.132037], [5.482274, 52.131667], [5.482241, 52.13138], [5.482153, 52.131165], [5.482174, 52.13112], [5.482181, 52.131105], [5.482283, 52.13125], [5.482357, 52.131504], [5.482357, 52.131505], [5.482361, 52.131538], [5.482376, 52.13165], [5.48236, 52.13171], [5.482293, 52.131965], [5.482128, 52.132283], [5.481532, 52.132983], [5.481186, 52.13339], [5.481233, 52.133451], [5.481297, 52.133466], [5.481359, 52.13348], [5.481568, 52.133437], [5.485375, 52.132553], [5.486579, 52.132274], [5.486252, 52.131761], [5.485044, 52.130185], [5.485004, 52.130191], [5.484713, 52.130238], [5.484452, 52.130234], [5.484397, 52.130479], [5.484925, 52.130557], [5.484956, 52.13057], [5.485011, 52.130593], [5.485045, 52.130627], [5.485055, 52.130637], [5.485053, 52.130806], [5.485052, 52.130915], [5.48455, 52.130932], [5.482554, 52.131], [5.482277, 52.131058], [5.482244, 52.131022], [5.482166, 52.130938], [5.48279, 52.130716], [5.482737, 52.130667], [5.482717, 52.130649], [5.4828, 52.13061], [5.482874, 52.130575], [5.482415, 52.130417], [5.48182, 52.130212], [5.482216, 52.130069], [5.482346, 52.129949], [5.482355, 52.129941], [5.48264, 52.130012], [5.483055, 52.130116], [5.483134, 52.130119], [5.483198, 52.130122], [5.483215, 52.129448], [5.483103, 52.12941], [5.482016, 52.129548], [5.4819, 52.129563], [5.48191, 52.129731], [5.481915, 52.129812], [5.481838, 52.129899], [5.481719, 52.130032], [5.481704, 52.130092], [5.481692, 52.130137], [5.481612, 52.130211], [5.481393, 52.130236], [5.481339, 52.130229], [5.481198, 52.130212], [5.481067, 52.13016], [5.481054, 52.130155], [5.48076, 52.129753], [5.479894, 52.129986], [5.479565, 52.130075], [5.479536, 52.13003], [5.479219, 52.12955], [5.476954, 52.129859], [5.476235, 52.130037], [5.475446, 52.13018]], [[5.466859, 52.133111], [5.467888, 52.133092], [5.467893, 52.133181], [5.467382, 52.13318], [5.466852, 52.133179], [5.466855, 52.133152], [5.466859, 52.133111]]], [[[5.512015, 52.133901], [5.512042, 52.133736], [5.511977, 52.132721], [5.511969, 52.132652], [5.511961, 52.132583], [5.511962, 52.132579], [5.511966, 52.132551], [5.511964, 52.132513], [5.511978, 52.132484], [5.511983, 52.132456], [5.511985, 52.132444], [5.50987, 52.132196], [5.50865, 52.131947], [5.508326, 52.131937], [5.506071, 52.131871], [5.505215, 52.13189], [5.504167, 52.131913], [5.501498, 52.131922], [5.501321, 52.132803], [5.501217, 52.133323], [5.501716, 52.133397], [5.501717, 52.133531], [5.501885, 52.133544], [5.501807, 52.133776], [5.501534, 52.134593], [5.501792, 52.134678], [5.501839, 52.134694], [5.501905, 52.134707], [5.50218, 52.134759], [5.503284, 52.134776], [5.50338, 52.134489], [5.503022, 52.134427], [5.503202, 52.133755], [5.503572, 52.133783], [5.503762, 52.133797], [5.504031, 52.133843], [5.504435, 52.133913], [5.50432, 52.134192], [5.504216, 52.134442], [5.504206, 52.13445], [5.504162, 52.134488], [5.504102, 52.134516], [5.504006, 52.134561], [5.503715, 52.134516], [5.503488, 52.13448], [5.503435, 52.13465], [5.503396, 52.134777], [5.507553, 52.134805], [5.507626, 52.134629], [5.507711, 52.134422], [5.507987, 52.134484], [5.508244, 52.134541], [5.508238, 52.134553], [5.508227, 52.134573], [5.508511, 52.134648], [5.508449, 52.134727], [5.508423, 52.13472], [5.508338, 52.134699], [5.508278, 52.134722], [5.508203, 52.134751], [5.508189, 52.134771], [5.508164, 52.134804], [5.508859, 52.134789], [5.508994, 52.134771], [5.509297, 52.13473], [5.509464, 52.134454], [5.509511, 52.134377], [5.509117, 52.134135], [5.50911, 52.134139], [5.509066, 52.134164], [5.508776, 52.133957], [5.508848, 52.133959], [5.508849, 52.133959], [5.508924, 52.133914], [5.508907, 52.133902], [5.508899, 52.133897], [5.509238, 52.133708], [5.509532, 52.133931], [5.509863, 52.134183], [5.509757, 52.134251], [5.509634, 52.13433], [5.509473, 52.134645], [5.50944, 52.13471], [5.510422, 52.134463], [5.511136, 52.134284], [5.511388, 52.134246], [5.51183, 52.134178], [5.51191, 52.134153], [5.511968, 52.134135], [5.511881, 52.134115], [5.51196, 52.134001], [5.512, 52.133998], [5.512007, 52.13395], [5.512015, 52.133901]]], [[[5.471053, 52.136424], [5.471184, 52.136425], [5.472896, 52.136255], [5.473233, 52.13617], [5.473388, 52.136089], [5.473589, 52.135935], [5.473985, 52.135495], [5.474125, 52.13534], [5.474593, 52.134276], [5.474624, 52.134237], [5.474756, 52.134073], [5.474793, 52.134054], [5.474843, 52.134027], [5.47183, 52.13482], [5.470618, 52.134829], [5.47063, 52.135414], [5.47065, 52.136419], [5.471053, 52.136424]]], [[[5.4484, 52.151117], [5.447672, 52.150525], [5.446057, 52.149212], [5.443919, 52.149679], [5.448005, 52.151381], [5.448254, 52.151214], [5.4484, 52.151117]]], [[[5.451714, 52.153297], [5.451738, 52.153339], [5.452094, 52.153373], [5.452105, 52.153354], [5.452112, 52.153342], [5.452497, 52.153323], [5.452498, 52.153301], [5.452498, 52.153283], [5.452693, 52.153269], [5.45272, 52.153562], [5.452686, 52.153564], [5.452624, 52.153569], [5.452636, 52.153653], [5.452638, 52.153671], [5.453287, 52.153747], [5.453248, 52.153921], [5.453231, 52.153997], [5.453035, 52.154269], [5.455008, 52.154513], [5.455864, 52.154154], [5.454915, 52.153533], [5.454229, 52.153084], [5.454489, 52.153004], [5.454629, 52.152961], [5.455238, 52.152858], [5.455777, 52.15269], [5.456922, 52.152332], [5.455343, 52.150336], [5.454741, 52.15044], [5.455045, 52.150847], [5.455671, 52.151686], [5.454224, 52.152141], [5.4533, 52.150937], [5.451777, 52.151524], [5.451969, 52.151796], [5.452016, 52.151862], [5.451867, 52.152217], [5.452119, 52.152604], [5.452195, 52.152721], [5.45179, 52.15318], [5.451765, 52.153193], [5.451711, 52.15322], [5.451711, 52.153221], [5.451714, 52.153297]]], [[[5.466879, 52.156941], [5.466944, 52.156867], [5.466945, 52.156684], [5.466947, 52.156471], [5.466969, 52.156447], [5.466997, 52.156416], [5.467087, 52.156397], [5.46702, 52.155937], [5.464877, 52.156078], [5.464992, 52.156671], [5.464976, 52.156721], [5.464958, 52.156778], [5.464908, 52.156826], [5.464774, 52.156956], [5.46406, 52.157282], [5.463952, 52.157667], [5.46395, 52.157674], [5.463944, 52.157674], [5.463864, 52.15768], [5.463867, 52.1577], [5.463874, 52.157741], [5.464625, 52.157983], [5.465325, 52.157687], [5.465354, 52.157675], [5.466879, 52.156941]]], [[[5.555361, 51.963567], [5.55549, 51.963765], [5.555845, 51.964309], [5.556115, 51.96433], [5.556208, 51.964318], [5.556421, 51.96429], [5.557117, 51.964027], [5.557204, 51.963994], [5.558435, 51.965316], [5.55906, 51.965111], [5.559248, 51.96505], [5.559847, 51.964761], [5.559342, 51.964222], [5.558734, 51.963573], [5.558214, 51.963698], [5.558176, 51.963694], [5.558121, 51.963689], [5.557244, 51.962524], [5.55714, 51.962565], [5.556572, 51.962789], [5.55672, 51.962988], [5.555361, 51.963567]]], [[[5.588345, 51.9636], [5.588277, 51.963621], [5.587768, 51.963742], [5.587503, 51.963805], [5.587546, 51.963885], [5.587562, 51.963914], [5.58754, 51.963968], [5.587525, 51.964003], [5.587436, 51.964017], [5.586775, 51.964118], [5.587036, 51.964441], [5.587252, 51.964708], [5.58786, 51.964617], [5.588702, 51.96449], [5.589656, 51.964281], [5.590423, 51.964113], [5.590017, 51.963602], [5.589976, 51.963614], [5.589946, 51.963623], [5.58961, 51.963289], [5.588535, 51.963553], [5.588364, 51.963563], [5.588395, 51.963577], [5.588404, 51.963581], [5.588345, 51.9636]]], [[[5.584501, 51.962282], [5.584001, 51.962174], [5.583681, 51.962104], [5.583671, 51.962129], [5.583666, 51.962141], [5.582312, 51.961842], [5.58225, 51.962026], [5.582164, 51.962279], [5.58177, 51.962386], [5.581941, 51.962838], [5.582033, 51.963081], [5.582334, 51.963668], [5.582364, 51.963726], [5.582562, 51.96397], [5.582609, 51.964028], [5.582981, 51.963936], [5.583418, 51.964457], [5.582052, 51.964999], [5.582246, 51.965135], [5.58397, 51.966073], [5.584161, 51.9662], [5.584316, 51.966303], [5.584436, 51.966226], [5.58445, 51.966217], [5.583699, 51.965731], [5.583003, 51.965281], [5.583503, 51.96503], [5.584528, 51.965774], [5.5851, 51.966189], [5.585636, 51.965927], [5.585821, 51.965837], [5.585834, 51.96579], [5.58675, 51.965311], [5.586813, 51.965278], [5.586405, 51.965473], [5.586491, 51.965429], [5.586804, 51.965268], [5.586119, 51.964608], [5.585546, 51.963907], [5.585864, 51.963833], [5.585858, 51.963818], [5.585716, 51.963447], [5.585577, 51.963483], [5.585258, 51.963566], [5.585209, 51.963421], [5.585019, 51.962857], [5.585469, 51.962846], [5.585768, 51.96281], [5.58583, 51.962802], [5.5857, 51.962544], [5.585625, 51.962396], [5.584501, 51.962282]], [[5.58366, 51.963323], [5.583589, 51.963205], [5.583425, 51.962715], [5.584302, 51.962808], [5.584518, 51.963519], [5.584583, 51.963735], [5.584271, 51.963812], [5.583997, 51.96388], [5.58366, 51.963323]], [[5.585264, 51.96486], [5.585644, 51.96519], [5.586139, 51.96562], [5.586006, 51.965692], [5.58518, 51.964989], [5.585099, 51.964909], [5.584372, 51.964196], [5.584428, 51.964179], [5.584558, 51.96414], [5.585264, 51.96486]]], [[[5.592155, 51.963852], [5.592626, 51.963618], [5.593362, 51.963253], [5.593165, 51.963129], [5.593, 51.963025], [5.59265, 51.963158], [5.591415, 51.963627], [5.592818, 51.964773], [5.593424, 51.965268], [5.593878, 51.965117], [5.594734, 51.964699], [5.595264, 51.964524], [5.59598, 51.964287], [5.595229, 51.963605], [5.592911, 51.964475], [5.592607, 51.964224], [5.592155, 51.963852]]], [[[5.550884, 51.965708], [5.551098, 51.965634], [5.55114, 51.96561], [5.551439, 51.965441], [5.551389, 51.965222], [5.550364, 51.964256], [5.549911, 51.964477], [5.549632, 51.964637], [5.549306, 51.964823], [5.549089, 51.964994], [5.549939, 51.965933], [5.550045, 51.965997], [5.550884, 51.965708]]], [[[5.580341, 51.965675], [5.580371, 51.966247], [5.580438, 51.966298], [5.580472, 51.966324], [5.580777, 51.966199], [5.580856, 51.966167], [5.582372, 51.965388], [5.582376, 51.965353], [5.582383, 51.965299], [5.581997, 51.965054], [5.58178, 51.964804], [5.581691, 51.964841], [5.581587, 51.964884], [5.581432, 51.964803], [5.581461, 51.964789], [5.580264, 51.964322], [5.580037, 51.964233], [5.580341, 51.965675]]], [[[5.559254, 51.967939], [5.559424, 51.968062], [5.559642, 51.968031], [5.559792, 51.968044], [5.560059, 51.968066], [5.560428, 51.968185], [5.560585, 51.968235], [5.561445, 51.968318], [5.561677, 51.9683], [5.561822, 51.968244], [5.561991, 51.968177], [5.561148, 51.967877], [5.560491, 51.967643], [5.5602, 51.967523], [5.559992, 51.967437], [5.559438, 51.96713], [5.559238, 51.967019], [5.558724, 51.96664], [5.5585, 51.966408], [5.558272, 51.966108], [5.558109, 51.96579], [5.557935, 51.965449], [5.557731, 51.965263], [5.557371, 51.965054], [5.556766, 51.964781], [5.556737, 51.964768], [5.555757, 51.964436], [5.555737, 51.964461], [5.555128, 51.964261], [5.554195, 51.964037], [5.55393, 51.96388], [5.553641, 51.963709], [5.55368, 51.963738], [5.553447, 51.963858], [5.553283, 51.963787], [5.553132, 51.96386], [5.553046, 51.963902], [5.552938, 51.963819], [5.552912, 51.963832], [5.552799, 51.963887], [5.553138, 51.964179], [5.553447, 51.964446], [5.553626, 51.964364], [5.55387, 51.964252], [5.555044, 51.964617], [5.556001, 51.964954], [5.556293, 51.965067], [5.556423, 51.965117], [5.557238, 51.965499], [5.555677, 51.966482], [5.555827, 51.966581], [5.557316, 51.967556], [5.557371, 51.967552], [5.557366, 51.967556], [5.557329, 51.96759], [5.55808, 51.968103], [5.558643, 51.968166], [5.558744, 51.968122], [5.558827, 51.968086], [5.559159, 51.96787], [5.559254, 51.967939]]], [[[5.560293, 51.9652], [5.560137, 51.965273], [5.560233, 51.965704], [5.560321, 51.966101], [5.560676, 51.966726], [5.561539, 51.967888], [5.562673, 51.967742], [5.562748, 51.967694], [5.562828, 51.967643], [5.562794, 51.967257], [5.562589, 51.966489], [5.562392, 51.96522], [5.560552, 51.965079], [5.560293, 51.9652]]], [[[5.559925, 51.965715], [5.559868, 51.965714], [5.559303, 51.96593], [5.558809, 51.96612], [5.55884, 51.966248], [5.558853, 51.966301], [5.559125, 51.96653], [5.559479, 51.966828], [5.560282, 51.967271], [5.560375, 51.967363], [5.560468, 51.967454], [5.560547, 51.967467], [5.560568, 51.96747], [5.560728, 51.967427], [5.560756, 51.967389], [5.560732, 51.967149], [5.560655, 51.967067], [5.560533, 51.966936], [5.560254, 51.966494], [5.560158, 51.966243], [5.560118, 51.966001], [5.560092, 51.965844], [5.55996, 51.965716], [5.559925, 51.965715]]], [[[5.580745, 51.966989], [5.581216, 51.966786], [5.581018, 51.966683], [5.580845, 51.966593], [5.580663, 51.966543], [5.580354, 51.966459], [5.580355, 51.967158], [5.580745, 51.966989]]], [[[5.54835, 51.965473], [5.548199, 51.965541], [5.547378, 51.965915], [5.546882, 51.966189], [5.546571, 51.966406], [5.546636, 51.966528], [5.546635, 51.966743], [5.546776, 51.966885], [5.547002, 51.967114], [5.546973, 51.967156], [5.5471, 51.967271], [5.547269, 51.967423], [5.547563, 51.967274], [5.5489, 51.968385], [5.54883, 51.968501], [5.549035, 51.968664], [5.549344, 51.968777], [5.549992, 51.969014], [5.550158, 51.969043], [5.550559, 51.968798], [5.55027, 51.968552], [5.549867, 51.96821], [5.549756, 51.968164], [5.549598, 51.96819], [5.548142, 51.967004], [5.5485, 51.966828], [5.54857, 51.966794], [5.548765, 51.966792], [5.549361, 51.966472], [5.548866, 51.965983], [5.54835, 51.965473]]], [[[5.584901, 51.966784], [5.584082, 51.967155], [5.582231, 51.967994], [5.582341, 51.968197], [5.583013, 51.967899], [5.583592, 51.967642], [5.583682, 51.96772], [5.583693, 51.967729], [5.585272, 51.967041], [5.585043, 51.966882], [5.584901, 51.966784]]], [[[5.58035, 51.967332], [5.580345, 51.967386], [5.58028, 51.968093], [5.581011, 51.967785], [5.581807, 51.967449], [5.581722, 51.967314], [5.581586, 51.967097], [5.581435, 51.966946], [5.581395, 51.966906], [5.580961, 51.967083], [5.58035, 51.967332]]], [[[5.565766, 51.969114], [5.565853, 51.969087], [5.565863, 51.969081], [5.565933, 51.969039], [5.566001, 51.968898], [5.566068, 51.968596], [5.566068, 51.968541], [5.564232, 51.967004], [5.564094, 51.967064], [5.563939, 51.967132], [5.563014, 51.967746], [5.562488, 51.968095], [5.562981, 51.968544], [5.564152, 51.969612], [5.565766, 51.969114]]], [[[5.57681, 51.967773], [5.576817, 51.967779], [5.576941, 51.967839], [5.577453, 51.968085], [5.577588, 51.968238], [5.578225, 51.968097], [5.578576, 51.96802], [5.578624, 51.968307], [5.578925, 51.968361], [5.578973, 51.96837], [5.579064, 51.968406], [5.579387, 51.968533], [5.579379, 51.968558], [5.579203, 51.968483], [5.579051, 51.968418], [5.578875, 51.968389], [5.578684, 51.968357], [5.576689, 51.969], [5.577185, 51.969456], [5.577071, 51.969513], [5.577043, 51.969527], [5.577271, 51.969747], [5.577597, 51.97006], [5.577539, 51.97008], [5.577437, 51.970114], [5.577438, 51.970292], [5.57744, 51.970637], [5.578113, 51.971267], [5.578119, 51.971273], [5.579212, 51.969166], [5.579575, 51.968059], [5.579641, 51.967691], [5.579678, 51.967481], [5.579705, 51.967094], [5.579708, 51.967052], [5.579701, 51.967021], [5.57961, 51.966623], [5.579684, 51.966575], [5.579649, 51.966569], [5.579157, 51.966492], [5.579156, 51.966475], [5.579156, 51.96646], [5.578582, 51.966447], [5.578061, 51.96652], [5.577751, 51.966563], [5.577441, 51.966672], [5.577258, 51.966737], [5.57712, 51.966813], [5.576981, 51.966889], [5.576149, 51.967509], [5.576724, 51.967703], [5.57681, 51.967773]]], [[[5.579576, 51.97028], [5.579667, 51.970386], [5.580905, 51.969861], [5.581412, 51.969646], [5.580993, 51.969426], [5.581036, 51.969405], [5.581327, 51.969262], [5.580188, 51.968609], [5.580109, 51.968908], [5.580841, 51.969331], [5.579774, 51.969861], [5.579751, 51.969872], [5.579576, 51.97028]]], [[[5.575142, 51.97025], [5.575036, 51.970173], [5.573568, 51.970704], [5.573393, 51.970768], [5.573029, 51.970297], [5.572766, 51.969956], [5.572869, 51.969923], [5.573034, 51.97013], [5.573479, 51.97069], [5.573657, 51.970619], [5.573464, 51.970364], [5.573002, 51.969752], [5.572068, 51.970018], [5.5719, 51.970066], [5.571675, 51.970138], [5.570656, 51.970465], [5.5708, 51.970632], [5.57055, 51.970709], [5.570777, 51.971054], [5.570554, 51.971249], [5.570263, 51.971331], [5.570218, 51.971396], [5.570196, 51.971428], [5.570022, 51.97144], [5.569952, 51.971483], [5.569884, 51.971524], [5.569732, 51.971501], [5.569297, 51.971624], [5.569482, 51.972007], [5.569906, 51.971884], [5.570043, 51.972019], [5.570113, 51.972088], [5.570036, 51.972107], [5.569892, 51.971975], [5.569647, 51.972056], [5.569396, 51.972138], [5.569753, 51.972736], [5.570623, 51.972494], [5.57076, 51.972601], [5.57079, 51.972591], [5.570825, 51.972579], [5.570807, 51.972602], [5.571072, 51.972935], [5.57107, 51.972974], [5.570985, 51.973009], [5.570945, 51.973026], [5.571198, 51.973339], [5.571737, 51.974005], [5.572141, 51.973884], [5.572421, 51.974211], [5.572515, 51.974321], [5.572553, 51.974304], [5.573067, 51.974075], [5.572865, 51.973876], [5.572755, 51.973768], [5.572965, 51.973687], [5.573392, 51.973524], [5.573651, 51.973823], [5.573686, 51.973814], [5.57372, 51.973805], [5.574595, 51.973412], [5.575637, 51.973001], [5.575827, 51.972926], [5.574003, 51.970801], [5.574554, 51.970587], [5.574913, 51.970448], [5.575342, 51.970851], [5.575673, 51.971162], [5.575606, 51.971196], [5.575495, 51.971251], [5.576166, 51.971995], [5.576649, 51.972529], [5.577336, 51.972179], [5.577507, 51.972133], [5.577678, 51.972088], [5.577777, 51.971903], [5.578065, 51.971363], [5.578054, 51.971352], [5.576834, 51.970201], [5.576405, 51.970458], [5.576372, 51.970478], [5.57611, 51.970282], [5.575768, 51.970026], [5.575315, 51.970222], [5.575182, 51.97028], [5.575142, 51.97025]], [[5.572042, 51.972417], [5.572415, 51.972271], [5.573294, 51.973318], [5.572398, 51.973622], [5.572175, 51.97334], [5.571588, 51.972596], [5.572042, 51.972417]]], [[[5.568796, 51.973487], [5.568906, 51.97346], [5.569018, 51.973433], [5.569315, 51.973495], [5.569541, 51.973423], [5.569954, 51.973293], [5.569652, 51.972898], [5.569411, 51.972584], [5.569385, 51.972563], [5.569349, 51.972534], [5.567406, 51.972519], [5.567531, 51.972792], [5.567861, 51.973513], [5.568144, 51.973892], [5.568534, 51.974413], [5.569507, 51.975452], [5.570265, 51.976106], [5.5707, 51.975743], [5.570522, 51.975576], [5.5699, 51.974992], [5.5694, 51.974396], [5.569399, 51.974394], [5.568796, 51.973487]]], [[[5.56525, 51.976084], [5.565284, 51.97607], [5.56577, 51.976835], [5.566916, 51.976404], [5.567965, 51.97601], [5.566469, 51.974318], [5.566309, 51.974352], [5.566175, 51.974201], [5.565976, 51.974278], [5.565992, 51.974388], [5.56601, 51.974513], [5.565696, 51.974619], [5.565652, 51.974708], [5.565714, 51.97479], [5.565833, 51.974948], [5.565626, 51.975005], [5.565387, 51.975071], [5.565283, 51.974923], [5.565246, 51.974907], [5.56521, 51.974892], [5.564927, 51.975397], [5.564893, 51.975459], [5.56525, 51.976084]]], [[[5.566887, 51.974765], [5.568347, 51.976398], [5.568982, 51.97682], [5.569223, 51.97698], [5.569424, 51.977072], [5.569542, 51.976921], [5.569688, 51.976734], [5.568817, 51.976225], [5.567849, 51.975064], [5.567833, 51.97499], [5.568152, 51.97487], [5.56872, 51.974655], [5.568399, 51.974317], [5.56829, 51.974158], [5.568175, 51.973991], [5.567706, 51.974145], [5.567228, 51.974303], [5.567416, 51.974538], [5.567429, 51.974555], [5.567428, 51.974574], [5.567426, 51.974602], [5.566887, 51.974765]]], [[[5.534808, 52.012451], [5.534769, 52.012413], [5.534018, 52.012626], [5.533816, 52.012684], [5.533796, 52.012685], [5.533707, 52.012691], [5.533224, 52.012036], [5.532356, 52.010857], [5.531564, 52.011094], [5.531546, 52.011141], [5.532071, 52.011836], [5.533768, 52.014082], [5.533912, 52.014046], [5.534003, 52.014023], [5.534321, 52.014489], [5.534458, 52.01469], [5.534595, 52.014672], [5.534692, 52.014811], [5.534714, 52.014843], [5.535724, 52.014556], [5.53596, 52.014489], [5.535792, 52.014113], [5.535478, 52.013414], [5.535083, 52.012846], [5.534808, 52.012451]]], [[[5.532301, 52.015723], [5.532956, 52.015514], [5.533223, 52.015429], [5.531258, 52.012779], [5.531189, 52.012809], [5.531109, 52.012794], [5.530488, 52.012966], [5.530244, 52.013033], [5.530288, 52.013091], [5.530251, 52.013102], [5.532301, 52.015723]]], [[[5.533977, 52.016131], [5.534886, 52.015783], [5.532418, 52.012486], [5.532351, 52.012473], [5.531462, 52.01272], [5.531487, 52.012754], [5.531406, 52.012777], [5.532098, 52.013621], [5.533977, 52.016131]]], [[[5.526872, 52.014899], [5.52732, 52.01549], [5.527202, 52.015524], [5.527158, 52.015537], [5.526593, 52.01482], [5.525328, 52.015261], [5.526254, 52.016408], [5.526865, 52.016228], [5.527215, 52.016124], [5.527748, 52.016013], [5.527934, 52.016275], [5.528885, 52.016029], [5.527725, 52.014612], [5.526872, 52.014899]]], [[[5.530688, 52.014653], [5.530475, 52.014708], [5.530633, 52.014925], [5.530813, 52.015173], [5.530079, 52.015389], [5.530338, 52.015749], [5.530497, 52.01597], [5.530623, 52.016198], [5.530681, 52.016302], [5.530716, 52.016344], [5.53091, 52.016576], [5.531742, 52.016328], [5.531942, 52.016555], [5.532149, 52.016789], [5.532341, 52.01661], [5.532576, 52.016391], [5.531113, 52.014453], [5.530942, 52.014506], [5.530668, 52.01459], [5.530676, 52.014616], [5.530688, 52.014653]]], [[[5.530028, 52.017944], [5.529969, 52.017964], [5.529994, 52.017995], [5.530508, 52.018646], [5.532041, 52.018288], [5.531499, 52.017614], [5.53139, 52.017644], [5.531356, 52.017653], [5.529893, 52.015841], [5.529078, 52.016046], [5.528638, 52.016156], [5.530028, 52.017944]]], [[[5.522688, 52.015149], [5.52271, 52.015114], [5.520416, 52.012199], [5.519853, 52.012199], [5.51948, 52.012235], [5.519212, 52.012261], [5.518397, 52.011908], [5.51805, 52.011823], [5.518031, 52.011818], [5.518258, 52.012137], [5.518494, 52.012467], [5.518622, 52.012602], [5.518912, 52.012908], [5.519971, 52.01424], [5.520305, 52.01466], [5.520212, 52.014691], [5.520019, 52.014755], [5.520072, 52.014881], [5.519988, 52.015059], [5.519976, 52.015085], [5.520024, 52.015145], [5.520053, 52.01518], [5.519965, 52.015203], [5.519642, 52.015287], [5.519793, 52.015471], [5.519932, 52.01564], [5.51991, 52.015647], [5.5199, 52.015651], [5.520123, 52.015912], [5.520131, 52.015921], [5.52073, 52.015742], [5.521096, 52.015632], [5.521158, 52.015701], [5.520082, 52.016029], [5.520259, 52.016248], [5.520225, 52.016257], [5.5202, 52.016264], [5.520167, 52.016227], [5.518973, 52.016551], [5.518761, 52.016649], [5.518885, 52.016807], [5.519699, 52.017841], [5.519633, 52.017865], [5.51846, 52.018302], [5.518945, 52.018941], [5.520268, 52.018581], [5.52034, 52.018682], [5.520551, 52.018977], [5.519494, 52.019316], [5.518778, 52.019545], [5.517375, 52.017761], [5.516879, 52.017131], [5.516391, 52.017289], [5.516262, 52.017331], [5.515931, 52.01751], [5.515776, 52.017614], [5.51548, 52.017814], [5.515457, 52.017835], [5.515437, 52.017854], [5.515634, 52.018104], [5.515914, 52.018461], [5.515043, 52.018752], [5.517206, 52.021503], [5.517539, 52.021416], [5.518004, 52.021295], [5.518035, 52.021336], [5.518192, 52.021542], [5.518269, 52.021523], [5.519927, 52.023683], [5.520202, 52.024042], [5.520495, 52.023957], [5.52063, 52.023918], [5.51856, 52.021343], [5.51852, 52.021354], [5.517791, 52.020497], [5.517293, 52.019913], [5.518026, 52.019689], [5.518072, 52.019748], [5.51815, 52.019849], [5.517992, 52.019905], [5.517887, 52.019942], [5.518263, 52.020387], [5.518912, 52.020177], [5.518846, 52.020095], [5.518844, 52.020093], [5.518911, 52.020073], [5.519135, 52.020005], [5.519367, 52.02031], [5.519421, 52.020337], [5.51947, 52.020362], [5.519482, 52.020357], [5.519521, 52.020341], [5.520091, 52.020715], [5.520782, 52.020792], [5.521609, 52.021782], [5.522383, 52.021594], [5.522463, 52.021601], [5.522468, 52.021602], [5.52251, 52.021669], [5.522555, 52.021739], [5.521743, 52.021943], [5.522122, 52.022398], [5.522252, 52.022421], [5.523037, 52.02222], [5.523302, 52.022593], [5.523534, 52.022528], [5.523605, 52.022508], [5.523694, 52.022416], [5.523706, 52.022413], [5.523978, 52.022338], [5.523836, 52.02212], [5.524007, 52.021982], [5.523994, 52.021953], [5.523975, 52.021912], [5.524301, 52.021837], [5.524686, 52.021748], [5.523645, 52.020457], [5.522306, 52.018799], [5.52237, 52.01878], [5.522273, 52.018667], [5.52249, 52.018486], [5.522541, 52.018466], [5.522634, 52.018428], [5.522798, 52.018406], [5.522872, 52.018396], [5.523213, 52.018214], [5.523455, 52.018513], [5.523567, 52.018651], [5.52446, 52.018373], [5.525139, 52.018161], [5.525206, 52.018071], [5.525439, 52.018378], [5.525616, 52.018612], [5.526138, 52.018459], [5.526148, 52.01847], [5.526168, 52.018492], [5.526188, 52.018485], [5.526448, 52.018399], [5.526132, 52.017974], [5.526661, 52.017819], [5.527106, 52.017689], [5.527518, 52.018208], [5.52758, 52.018286], [5.527736, 52.018438], [5.527857, 52.018557], [5.527816, 52.018569], [5.527801, 52.018574], [5.527813, 52.01861], [5.528847, 52.019927], [5.529105, 52.019856], [5.530349, 52.019514], [5.529956, 52.019003], [5.529054, 52.017832], [5.529007, 52.017837], [5.528974, 52.01784], [5.527845, 52.016406], [5.527208, 52.016582], [5.527111, 52.016495], [5.526922, 52.016556], [5.526711, 52.016624], [5.526602, 52.016479], [5.526565, 52.016466], [5.526544, 52.016459], [5.526376, 52.016507], [5.526268, 52.016538], [5.526264, 52.016544], [5.526234, 52.016586], [5.526276, 52.01667], [5.524807, 52.017084], [5.524415, 52.017194], [5.523978, 52.016651], [5.523966, 52.016636], [5.523549, 52.016761], [5.52322, 52.016859], [5.522847, 52.016435], [5.522495, 52.016035], [5.522502, 52.015878], [5.522534, 52.015865], [5.522725, 52.015787], [5.522537, 52.015454], [5.522516, 52.015417], [5.522652, 52.015363], [5.522785, 52.01531], [5.522772, 52.01527], [5.522749, 52.0152], [5.522686, 52.015152], [5.522688, 52.015149]]], [[[5.522768, 52.01924], [5.523106, 52.019649], [5.523261, 52.019837], [5.523819, 52.019675], [5.524281, 52.01954], [5.523793, 52.018931], [5.523193, 52.019112], [5.522768, 52.01924]]], [[[5.522395, 52.023413], [5.522568, 52.023364], [5.522475, 52.023249], [5.522418, 52.023178], [5.522404, 52.023099], [5.522391, 52.023023], [5.522183, 52.022693], [5.521371, 52.021752], [5.520671, 52.020941], [5.520623, 52.0211], [5.520532, 52.021199], [5.520364, 52.021247], [5.520184, 52.021231], [5.519947, 52.02113], [5.519968, 52.020919], [5.519848, 52.020991], [5.518645, 52.02132], [5.519737, 52.022663], [5.520733, 52.023888], [5.522395, 52.023413]]], [[[5.517857, 52.030214], [5.517788, 52.030202], [5.517386, 52.030319], [5.518041, 52.031144], [5.517359, 52.03135], [5.517146, 52.031414], [5.5175, 52.031793], [5.518192, 52.031859], [5.51857, 52.031855], [5.51831, 52.031525], [5.518233, 52.031428], [5.518717, 52.031298], [5.517857, 52.030214]]], [[[5.517431, 52.032082], [5.517593, 52.032291], [5.518647, 52.031959], [5.518568, 52.031947], [5.518447, 52.031928], [5.517664, 52.03187], [5.517244, 52.031839], [5.517431, 52.032082]]], [[[5.521574, 52.032577], [5.520051, 52.032887], [5.519923, 52.03273], [5.519603, 52.032808], [5.519151, 52.032917], [5.518827, 52.032482], [5.518699, 52.03231], [5.517991, 52.032542], [5.517869, 52.032582], [5.518348, 52.033202], [5.518876, 52.033089], [5.518941, 52.033164], [5.519003, 52.033235], [5.518951, 52.033262], [5.519006, 52.033327], [5.519346, 52.033729], [5.519133, 52.033803], [5.518893, 52.033886], [5.517832, 52.032581], [5.516997, 52.032895], [5.516716, 52.032965], [5.516155, 52.033104], [5.522175, 52.040655], [5.52299, 52.040427], [5.523305, 52.040827], [5.523513, 52.041092], [5.523866, 52.040994], [5.524454, 52.040832], [5.52084, 52.03633], [5.521668, 52.036096], [5.521786, 52.03624], [5.521964, 52.036459], [5.522551, 52.036285], [5.522937, 52.036171], [5.523378, 52.036724], [5.525218, 52.036166], [5.524992, 52.035783], [5.525043, 52.035607], [5.522906, 52.032661], [5.522302, 52.032816], [5.521906, 52.032918], [5.521897, 52.032907], [5.521887, 52.032894], [5.521867, 52.0329], [5.521841, 52.032908], [5.52168, 52.032708], [5.521574, 52.032577]]], [[[5.525655, 52.036726], [5.525289, 52.036266], [5.524929, 52.036363], [5.524716, 52.03642], [5.527304, 52.039562], [5.527443, 52.039518], [5.527745, 52.039423], [5.52665, 52.037974], [5.525655, 52.036726]]], [[[5.517384, 52.045429], [5.517663, 52.04538], [5.518979, 52.04515], [5.519215, 52.045154], [5.519702, 52.044826], [5.520548, 52.044256], [5.516558, 52.038747], [5.515858, 52.038941], [5.516867, 52.040373], [5.517848, 52.041764], [5.516499, 52.04214], [5.517563, 52.043671], [5.516449, 52.044027], [5.517384, 52.045429]]], [[[5.527429, 52.041421], [5.526878, 52.041129], [5.526853, 52.041116], [5.526817, 52.041128], [5.526771, 52.041105], [5.526732, 52.041085], [5.526079, 52.041374], [5.525844, 52.041478], [5.521829, 52.044026], [5.521774, 52.044071], [5.521584, 52.044227], [5.521895, 52.044569], [5.522078, 52.044769], [5.524823, 52.044256], [5.528558, 52.043558], [5.528541, 52.043539], [5.528539, 52.043536], [5.528596, 52.043525], [5.528398, 52.043277], [5.528123, 52.042933], [5.528383, 52.042848], [5.528758, 52.042726], [5.528605, 52.042549], [5.528591, 52.042553], [5.528484, 52.042585], [5.52838, 52.042472], [5.528308, 52.042395], [5.528664, 52.042267], [5.528678, 52.042262], [5.528705, 52.042299], [5.528823, 52.042461], [5.529359, 52.04299], [5.529564, 52.042924], [5.529664, 52.042891], [5.529206, 52.041922], [5.528832, 52.041129], [5.527429, 52.041421]]], [[[5.550677, 52.043841], [5.550686, 52.043527], [5.55048, 52.043398], [5.550385, 52.043339], [5.549778, 52.043099], [5.549127, 52.042975], [5.548777, 52.042958], [5.546001, 52.043059], [5.542845, 52.043173], [5.542862, 52.043748], [5.542393, 52.043741], [5.54239, 52.043686], [5.542389, 52.043669], [5.542296, 52.043668], [5.541921, 52.043665], [5.541915, 52.043427], [5.541909, 52.043204], [5.541104, 52.043223], [5.541299, 52.043711], [5.541599, 52.044706], [5.54163, 52.044724], [5.541661, 52.044743], [5.550663, 52.04433], [5.550677, 52.043841]]], [[[5.54023, 52.043102], [5.537948, 52.043186], [5.537928, 52.043238], [5.538114, 52.043377], [5.537844, 52.043494], [5.537551, 52.04362], [5.538358, 52.044523], [5.538932, 52.044379], [5.539229, 52.044591], [5.539263, 52.044757], [5.540955, 52.044676], [5.541503, 52.04465], [5.541061, 52.043411], [5.540861, 52.043079], [5.54023, 52.043102]]], [[[5.547182, 52.046873], [5.547404, 52.046879], [5.547607, 52.046885], [5.548223, 52.046956], [5.54878, 52.04702], [5.549523, 52.047026], [5.551137, 52.046795], [5.553524, 52.046453], [5.553471, 52.045949], [5.553432, 52.045573], [5.552978, 52.045596], [5.552715, 52.045451], [5.552727, 52.045403], [5.552737, 52.045361], [5.554142, 52.045318], [5.555098, 52.045289], [5.554832, 52.044241], [5.550531, 52.044424], [5.547943, 52.044534], [5.547819, 52.044541], [5.547765, 52.044574], [5.547749, 52.044548], [5.547546, 52.044554], [5.547389, 52.044558], [5.546393, 52.044609], [5.544018, 52.04473], [5.542419, 52.044788], [5.541632, 52.044817], [5.541525, 52.044709], [5.538664, 52.044846], [5.540334, 52.046861], [5.54079, 52.047412], [5.540791, 52.047433], [5.540797, 52.047523], [5.540726, 52.047567], [5.539471, 52.048022], [5.539655, 52.048208], [5.539805, 52.048359], [5.53998, 52.048388], [5.540306, 52.048617], [5.540738, 52.048922], [5.541271, 52.048784], [5.54168, 52.048678], [5.543285, 52.048613], [5.543405, 52.048691], [5.543435, 52.048663], [5.543525, 52.04858], [5.543504, 52.048527], [5.543475, 52.048452], [5.545017, 52.048258], [5.544807, 52.04789], [5.54439, 52.047157], [5.545413, 52.047053], [5.547182, 52.046873]]], [[[5.552612, 52.049998], [5.552591, 52.050004], [5.55255, 52.050016], [5.552582, 52.050075], [5.552604, 52.050116], [5.549094, 52.051161], [5.545637, 52.05219], [5.545676, 52.052338], [5.545686, 52.052378], [5.545658, 52.052454], [5.545643, 52.052496], [5.545323, 52.052731], [5.54536, 52.052774], [5.545976, 52.053487], [5.546981, 52.053177], [5.548224, 52.052794], [5.548365, 52.052755], [5.550075, 52.052278], [5.550568, 52.052886], [5.553718, 52.051935], [5.553579, 52.051812], [5.553464, 52.051611], [5.553341, 52.051395], [5.554009, 52.051274], [5.554077, 52.051419], [5.554135, 52.051542], [5.554185, 52.051544], [5.554281, 52.051728], [5.554297, 52.051759], [5.55466, 52.051649], [5.555562, 52.051375], [5.554601, 52.051305], [5.554557, 52.051296], [5.554468, 52.051279], [5.554412, 52.051236], [5.554405, 52.051231], [5.554417, 52.05081], [5.554433, 52.050243], [5.554462, 52.050145], [5.55466, 52.050094], [5.554626, 52.049877], [5.55458, 52.049577], [5.553849, 52.049636], [5.552555, 52.04974], [5.552531, 52.049837], [5.552612, 52.049998]]], [[[5.521254, 52.067677], [5.521085, 52.067671], [5.521058, 52.067688], [5.521012, 52.067718], [5.520997, 52.067838], [5.518812, 52.069055], [5.518761, 52.06908], [5.517291, 52.069789], [5.517386, 52.069942], [5.518254, 52.069801], [5.518785, 52.069715], [5.51984, 52.069425], [5.520694, 52.069308], [5.520706, 52.069381], [5.52081, 52.069374], [5.521386, 52.069332], [5.521515, 52.06888], [5.522015, 52.068571], [5.522031, 52.068431], [5.521764, 52.067695], [5.521254, 52.067677]]], [[[5.54045, 52.093283], [5.540904, 52.094159], [5.541808, 52.09409], [5.541519, 52.093563], [5.541364, 52.093082], [5.541261, 52.09276], [5.540484, 52.092827], [5.540205, 52.09281], [5.54045, 52.093283]]], [[[5.536864, 52.092951], [5.536856, 52.092941], [5.535844, 52.092988], [5.535824, 52.092989], [5.535778, 52.093], [5.535563, 52.093051], [5.537041, 52.094495], [5.538101, 52.094197], [5.538559, 52.094115], [5.538394, 52.093682], [5.538092, 52.092886], [5.536883, 52.092935], [5.536878, 52.092955], [5.536875, 52.092965], [5.536864, 52.092951]]]]}}], "properties": {"computedBy": "poc-crosstrack-engine/0.1"}}