{"type": "FeatureCollection", "features": [{"type": "Feature", "geometry": {"type": "Point", "coordinates": [4.6376932116068, 52.3453355785727]}, "properties": {"CODE": "471-036-00023", "NAAM": "Gemaal Heemstederveld", "FUNCTIEGEMAAL": "Afvoeren", "CODEPEILGEBIEDPRAKTIJK": "RL-471", "MAXIMALECAPACITEIT": 4.67, "POLDERNAAM": "Polder Heemstederveld"}}, {"type": "Feature", "geometry": {"type": "Point", "coordinates": [4.750844199519788, 52.411113975002515]}, "properties": {"CODE": "306-036-00023", "NAAM": "Gemaal Ruigoord", "FUNCTIEGEMAAL": "Afvoergemaal", "CODEPEILGEBIEDPRAKTIJK": "GH-080.04", "MAXIMALECAPACITEIT": 11.08, "POLDERNAAM": "Houtrakpolder"}}, {"type": "Feature", "geometry": {"type": "Point", "coordinates": [4.6178678732298915, 52.180480263502226]}, "properties": {"CODE": "144-036-00022", "NAAM": "Vakgemaal Veenderpolder", "FUNCTIEGEMAAL": "Afvoeren", "CODEPEILGEBIEDPRAKTIJK": "OR-3.42.2.1", "MAXIMALECAPACITEIT": 1.6, "POLDERNAAM": "Veenderpolder"}}, {"type": "Feature", "geometry": {"type": "Point", "coordinates": [4.651943270097581, 52.34209154807446]}, "properties": {"CODE": "424-036-00023", "NAAM": "Gemaal Vereenigde Grote en Kleine Polders", "FUNCTIEGEMAAL": "Afvoeren", "CODEPEILGEBIEDPRAKTIJK": "RL-424-1.1", "MAXIMALECAPACITEIT": 7.5, "POLDERNAAM": "Verenigde Groote en Kleine Polders"}}, {"type": "Feature", "geometry": {"type": "Point", "coordinates": [4.757487261023806, 52.283191191022375]}, "properties": {"CODE": "180-036-00115", "NAAM": "Vakgemaal Koolhoven", "FUNCTIEGEMAAL": "Afvoergemaal", "CODEPEILGEBIEDPRAKTIJK": "GH-140.04.2B", "MAXIMALECAPACITEIT": 18.33, "POLDERNAAM": "Haarlemmermeerpolder"}}, {"type": "Feature", "geometry": {"type": "Point", "coordinates": [4.503326653047193, 52.10672729301875]}, "properties": {"CODE": "175-036-00021", "NAAM": "Gemaal Zwet- en Grote Blankaartpolder", "FUNCTIEGEMAAL": "Afvoeren", "CODEPEILGEBIEDPRAKTIJK": "WW-05A", "MAXIMALECAPACITEIT": 19.6, "POLDERNAAM": "Zwet- en Grote Blankaartpolder"}}, {"type": "Feature", "geometry": {"type": "Point", "coordinates": [4.424035565307362, 52.14189356129542]}, "properties": {"CODE": "236-036-00022", "NAAM": "Gemaal Polder Zuidwijk", "FUNCTIEGEMAAL": "Afvoeren", "CODEPEILGEBIEDPRAKTIJK": "OR-2.19.1.1", "MAXIMALECAPACITEIT": 11.04, "POLDERNAAM": "Polder Zuidwijk"}}, {"type": "Feature", "geometry": {"type": "Point", "coordinates": [4.770633387092306, 52.39245437070429]}, "properties": {"CODE": "462-036-00059", "NAAM": "Boezemgemaal Halfweg", "FUNCTIEGEMAAL": "Afvoeren", "CODEPEILGEBIEDPRAKTIJK": "RIJNLANDSBOEZEM", "MAXIMALECAPACITEIT": 1980, "POLDERNAAM": "Compartiment 01"}}, {"type": "Feature", "geometry": {"type": "Point", "coordinates": [4.64502946852865, 52.272789810212906]}, "properties": {"CODE": "180-036-00075", "NAAM": "Inlaatgemaal Welgelegen", "FUNCTIEGEMAAL": "Afvoeren", "CODEPEILGEBIEDPRAKTIJK": "GH-140.07.2", "MAXIMALECAPACITEIT": null, "POLDERNAAM": "Haarlemmermeerpolder"}}, {"type": "Feature", "geometry": {"type": "Point", "coordinates": [4.664040388070117, 52.299768915656315]}, "properties": {"CODE": "180-036-00091", "NAAM": "Doorspoelgemaal Manenburgdreef", "FUNCTIEGEMAAL": "Doorspoelen", "CODEPEILGEBIEDPRAKTIJK": "GH-140.12", "MAXIMALECAPACITEIT": null, "POLDERNAAM": "Haarlemmermeerpolder"}}, {"type": "Feature", "geometry": {"type": "Point", "coordinates": [4.562735545268363, 52.39898167099363]}, "properties": {"CODE": "455-036-00033", "NAAM": "Gemaal De Bokkedoorns", "FUNCTIEGEMAAL": "Noodgemaal", "CODEPEILGEBIEDPRAKTIJK": "RL-455-01", "MAXIMALECAPACITEIT": null, "POLDERNAAM": "Duingebied"}}, {"type": "Feature", "geometry": {"type": "Point", "coordinates": [4.486795100598143, 52.17329229735378]}, "properties": {"CODE": "405-036-00026", "NAAM": "Gemaal Groene Maredijk (Kikkerpolder)", "FUNCTIEGEMAAL": "Afvoeren", "CODEPEILGEBIEDPRAKTIJK": "RL-007.1.1", "MAXIMALECAPACITEIT": 8, "POLDERNAAM": "Kikkerpolder"}}, {"type": "Feature", "geometry": {"type": "Point", "coordinates": [4.535758839792354, 52.205685309658556]}, "properties": {"CODE": "080-036-00022", "NAAM": "Gemaal Lakerpolder II", "FUNCTIEGEMAAL": null, "CODEPEILGEBIEDPRAKTIJK": "OR-3.32.1.1", "MAXIMALECAPACITEIT": null, "POLDERNAAM": "Lakerpolder"}}, {"type": "Feature", "geometry": {"type": "Point", "coordinates": [4.472125622030182, 52.10072049465526]}, "properties": {"CODE": "045-036-00022", "NAAM": "Vakgemaal Grote Westeindsepolder 1", "FUNCTIEGEMAAL": "Afvoeren", "CODEPEILGEBIEDPRAKTIJK": "WW-04H", "MAXIMALECAPACITEIT": 4.46, "POLDERNAAM": "Grote Westeindse Polder"}}, {"type": "Feature", "geometry": {"type": "Point", "coordinates": [4.527641292733478, 52.237133523296905]}, "properties": {"CODE": "005-036-00021", "NAAM": "Gemaal Beekpolder", "FUNCTIEGEMAAL": "Afvoeren", "CODEPEILGEBIEDPRAKTIJK": "OR-1.13.1.1", "MAXIMALECAPACITEIT": 26, "POLDERNAAM": "Beekpolder"}}, {"type": "Feature", "geometry": {"type": "Point", "coordinates": [4.482535070350278, 52.23621862049391]}, "properties": {"CODE": "176-036-00021", "NAAM": "Gemaal Zwetterpolder", "FUNCTIEGEMAAL": "Afvoeren", "CODEPEILGEBIEDPRAKTIJK": "OR-1.10.1.1", "MAXIMALECAPACITEIT": 24.12, "POLDERNAAM": "Zwetterpolder"}}, {"type": "Feature", "geometry": {"type": "Point", "coordinates": [4.481616696328968, 52.22969701098889]}, "properties": {"CODE": "012-036-00021", "NAAM": "Gemaal Polder Boekhorst", "FUNCTIEGEMAAL": "Afvoeren", "CODEPEILGEBIEDPRAKTIJK": "OR-1.11.1.1", "MAXIMALECAPACITEIT": 27, "POLDERNAAM": "Polder Boekhorst"}}, {"type": "Feature", "geometry": {"type": "Point", "coordinates": [4.53896077285973, 52.230139878848476]}, "properties": {"CODE": "013-036-00021", "NAAM": "Gemaal Polder De Bonte Kriel", "FUNCTIEGEMAAL": "Afvoeren", "CODEPEILGEBIEDPRAKTIJK": "OR-1.15.1.1", "MAXIMALECAPACITEIT": 3.5, "POLDERNAAM": "Polder de Bonte Kriel"}}, {"type": "Feature", "geometry": {"type": "Point", "coordinates": [4.488582357413711, 52.22332311256013]}, "properties": {"CODE": "084-036-00021", "NAAM": "Gemaal Luizenmarktpolder", "FUNCTIEGEMAAL": "Afvoeren", "CODEPEILGEBIEDPRAKTIJK": "OR-1.16.1.1", "MAXIMALECAPACITEIT": 15.9, "POLDERNAAM": "Luizenmarktpolder"}}, {"type": "Feature", "geometry": {"type": "Point", "coordinates": [4.636797266423677, 52.07513742707673]}, "properties": {"CODE": "155-036-00021", "NAAM": "Inlaatgemaal Lekriool", "FUNCTIEGEMAAL": "Afvoeren", "CODEPEILGEBIEDPRAKTIJK": "WW-42A", "MAXIMALECAPACITEIT": 4.02, "POLDERNAAM": "Voorofschepolder"}}, {"type": "Feature", "geometry": {"type": "Point", "coordinates": [4.504833718215644, 52.22820018655087]}, "properties": {"CODE": "089-036-00021", "NAAM": "Gemaal Mottigerpolder", "FUNCTIEGEMAAL": "Afvoeren", "CODEPEILGEBIEDPRAKTIJK": "OR-1.14.1.1", "MAXIMALECAPACITEIT": 15.5, "POLDERNAAM": "Mottigerpolder"}}, {"type": "Feature", "geometry": {"type": "Point", "coordinates": [4.5071880611812976, 52.24519766818041]}, "properties": {"CODE": "008-036-00021", "NAAM": "Gemaal Berg- en Daalpolder", "FUNCTIEGEMAAL": "Afvoeren", "CODEPEILGEBIEDPRAKTIJK": "OR-1.09.1.1", "MAXIMALECAPACITEIT": 13.02, "POLDERNAAM": "Berg- en Daalpolder"}}, {"type": "Feature", "geometry": {"type": "Point", "coordinates": [4.663540540601354, 52.18626886861911]}, "properties": {"CODE": "150-036-00050", "NAAM": "Gemaal Polder Vierambacht Noord", "FUNCTIEGEMAAL": "Afvoeren", "CODEPEILGEBIEDPRAKTIJK": "OR-4.06.1.1", "MAXIMALECAPACITEIT": 65, "POLDERNAAM": "Polder Vierambacht"}}, {"type": "Feature", "geometry": {"type": "Point", "coordinates": [4.526017347777092, 52.26664055407267]}, "properties": {"CODE": "053-036-00030", "NAAM": "Gemaal Hogeveensepolder I", "FUNCTIEGEMAAL": "Afvoeren", "CODEPEILGEBIEDPRAKTIJK": "OR-1.04.2.2", "MAXIMALECAPACITEIT": 62.4, "POLDERNAAM": "Hogeveensepolder"}}, {"type": "Feature", "geometry": {"type": "Point", "coordinates": [4.5260313623577835, 52.26665597201307]}, "properties": {"CODE": "053-036-00031", "NAAM": "Gemaal Hogeveensepolder II", "FUNCTIEGEMAAL": "Afvoeren", "CODEPEILGEBIEDPRAKTIJK": "OR-1.04.3.1", "MAXIMALECAPACITEIT": 12.05, "POLDERNAAM": "Hogeveensepolder"}}, {"type": "Feature", "geometry": {"type": "Point", "coordinates": [4.479958262071156, 52.26196479722869]}, "properties": {"CODE": "255-036-00022", "NAAM": "Inlaatgemaal Noordzijderpolder-Zuid Schulpweg", "FUNCTIEGEMAAL": "Afvoeren", "CODEPEILGEBIEDPRAKTIJK": "RIJNLANDSBOEZEM", "MAXIMALECAPACITEIT": 27, "POLDERNAAM": "Compartiment 06"}}, {"type": "Feature", "geometry": {"type": "Point", "coordinates": [4.754500868275751, 52.38795343059861]}, "properties": {"CODE": "237-036-00021", "NAAM": "Gemaal IJpolder", "FUNCTIEGEMAAL": "Afvoeren", "CODEPEILGEBIEDPRAKTIJK": "GH-120.00", "MAXIMALECAPACITEIT": 4.17, "POLDERNAAM": "IJpolder"}}, {"type": "Feature", "geometry": {"type": "Point", "coordinates": [4.7743049345634825, 52.26667590018325]}, "properties": {"CODE": "181-036-00021", "NAAM": "Gemaal Horn en Stommeer", "FUNCTIEGEMAAL": "Afvoeren", "CODEPEILGEBIEDPRAKTIJK": "GH-180.00", "MAXIMALECAPACITEIT": 72, "POLDERNAAM": "Horn- en Stommeerpolder"}}, {"type": "Feature", "geometry": {"type": "Point", "coordinates": [4.684985635431163, 52.30080755969317]}, "properties": {"CODE": "180-036-00052", "NAAM": "Vakgemaal Pax", "FUNCTIEGEMAAL": "Afvoeren", "CODEPEILGEBIEDPRAKTIJK": "GH-140.12", "MAXIMALECAPACITEIT": 38.5, "POLDERNAAM": "Haarlemmermeerpolder"}}, {"type": "Feature", "geometry": {"type": "Point", "coordinates": [4.6580504038667785, 52.337026990723594]}, "properties": {"CODE": "180-036-00058", "NAAM": "Inlaatgemaal Groene Weelde", "FUNCTIEGEMAAL": "Afvoeren", "CODEPEILGEBIEDPRAKTIJK": "GH-140.00", "MAXIMALECAPACITEIT": 3, "POLDERNAAM": "Haarlemmermeerpolder"}}, {"type": "Feature", "geometry": {"type": "Point", "coordinates": [4.687284612930097, 52.308497093354035]}, "properties": {"CODE": "180-036-00067", "NAAM": "Inlaatgemaal Kruisweg 1197", "FUNCTIEGEMAAL": "Afvoeren", "CODEPEILGEBIEDPRAKTIJK": "GH-140.00", "MAXIMALECAPACITEIT": null, "POLDERNAAM": "Haarlemmermeerpolder"}}, {"type": "Feature", "geometry": {"type": "Point", "coordinates": [4.6475318459361805, 52.300128244590674]}, "properties": {"CODE": "180-036-00082", "NAAM": "Doorspoelgemaal Toolenburgplas IV", "FUNCTIEGEMAAL": "Doorspoelgemaal", "CODEPEILGEBIEDPRAKTIJK": "GH-140.51", "MAXIMALECAPACITEIT": null, "POLDERNAAM": "Haarlemmermeerpolder"}}, {"type": "Feature", "geometry": {"type": "Point", "coordinates": [4.666503918235881, 52.316771494650325]}, "properties": {"CODE": "180-036-00089", "NAAM": "Inlaatgemaal Bunderbos", "FUNCTIEGEMAAL": "Afvoeren", "CODEPEILGEBIEDPRAKTIJK": "GH-140.12", "MAXIMALECAPACITEIT": null, "POLDERNAAM": "Haarlemmermeerpolder"}}, {"type": "Feature", "geometry": {"type": "Point", "coordinates": [4.52723407461289, 52.277368402276196]}, "properties": {"CODE": "053-036-00021", "NAAM": "Gemaal Hogeveensepolder (Noord)", "FUNCTIEGEMAAL": "Afvoeren", "CODEPEILGEBIEDPRAKTIJK": "OR-1.04.1.1", "MAXIMALECAPACITEIT": 16.98, "POLDERNAAM": "Hogeveensepolder"}}, {"type": "Feature", "geometry": {"type": "Point", "coordinates": [4.439387876379728, 52.1689191938557]}, "properties": {"CODE": "235-036-00021", "NAAM": "Gemaal Zonneveld", "FUNCTIEGEMAAL": "Afvoeren", "CODEPEILGEBIEDPRAKTIJK": "OR-2.02.1.1", "MAXIMALECAPACITEIT": 4.98, "POLDERNAAM": "Zonneveldspolder"}}, {"type": "Feature", "geometry": {"type": "Point", "coordinates": [4.502411909508796, 52.147835117175376]}, "properties": {"CODE": "411-036-00021", "NAAM": "Gemaal Van Vollenhovenkade", "FUNCTIEGEMAAL": "Afvoeren", "CODEPEILGEBIEDPRAKTIJK": "RL-015", "MAXIMALECAPACITEIT": 1.02, "POLDERNAAM": "Rodenburger- en Cronesteinschepolder (Oost)"}}, {"type": "Feature", "geometry": {"type": "Point", "coordinates": [4.659646630596393, 52.36817228275059]}, "properties": {"CODE": "422-036-00024", "NAAM": "Gemaal Poelpolder Noord-Midden", "FUNCTIEGEMAAL": "Afvoeren", "CODEPEILGEBIEDPRAKTIJK": "RL-N-06-02", "MAXIMALECAPACITEIT": 2.5, "POLDERNAAM": "Poelpolder (Noord)"}}, {"type": "Feature", "geometry": {"type": "Point", "coordinates": [4.716005361185029, 52.007263708568495]}, "properties": {"CODE": "413-036-00022", "NAAM": "Gemaal Hanepraai", "FUNCTIEGEMAAL": "Afvoeren", "CODEPEILGEBIEDPRAKTIJK": "RL-027.1.1", "MAXIMALECAPACITEIT": 58.5, "POLDERNAAM": "Stadsboezem Gouda"}}, {"type": "Feature", "geometry": {"type": "Point", "coordinates": [4.70056670739167, 52.134149246136836]}, "properties": {"CODE": "169-036-00021", "NAAM": "Inlaatgemaal Zuid- en Noordeinderpolder (Kassengebied 2)", "FUNCTIEGEMAAL": "Afvoeren", "CODEPEILGEBIEDPRAKTIJK": "OR-4.12.1.3", "MAXIMALECAPACITEIT": 2, "POLDERNAAM": "Zuid- en Noordeinderpolder"}}, {"type": "Feature", "geometry": {"type": "Point", "coordinates": [4.457601258295225, 52.12929609894353]}, "properties": {"CODE": "170-036-00021", "NAAM": "Gemaal Zuid-Hoflandschepolder (Boerhaveweg)", "FUNCTIEGEMAAL": "Afvoeren", "CODEPEILGEBIEDPRAKTIJK": "OR-2.12.2.1", "MAXIMALECAPACITEIT": 0.1, "POLDERNAAM": "Zuid-Hoflandschepolder"}}, {"type": "Feature", "geometry": {"type": "Point", "coordinates": [4.355007830218406, 52.12179533182792]}, "properties": {"CODE": "403-036-00023", "NAAM": "Inlaatgemaal Blankenburg", "FUNCTIEGEMAAL": "Afvoeren", "CODEPEILGEBIEDPRAKTIJK": "OR-2.21.1.1", "MAXIMALECAPACITEIT": 6, "POLDERNAAM": "Inmaling Duinland"}}, {"type": "Feature", "geometry": {"type": "Point", "coordinates": [4.544023647139476, 52.20753741301457]}, "properties": {"CODE": "141-036-00021", "NAAM": "Gemaal Tuinder- of Kogjespolder I", "FUNCTIEGEMAAL": "Afvoeren", "CODEPEILGEBIEDPRAKTIJK": "OR-3.41.1.1", "MAXIMALECAPACITEIT": 1.5, "POLDERNAAM": "Tuinder- of Kogjespolder"}}, {"type": "Feature", "geometry": {"type": "Point", "coordinates": [4.676725737570101, 52.057628988525224]}, "properties": {"CODE": "241-036-00023", "NAAM": "Vakgemaal Berkenbroek", "FUNCTIEGEMAAL": "Afvoeren", "CODEPEILGEBIEDPRAKTIJK": "WW-28C", "MAXIMALECAPACITEIT": 4.02, "POLDERNAAM": "Gouwepolder"}}, {"type": "Feature", "geometry": {"type": "Point", "coordinates": [4.684249122276708, 52.09539713821606]}, "properties": {"CODE": "241-036-00024", "NAAM": "Vakgemaal Koetsveld", "FUNCTIEGEMAAL": "Afvoeren", "CODEPEILGEBIEDPRAKTIJK": "WW-28A", "MAXIMALECAPACITEIT": 3.1, "POLDERNAAM": "Gouwepolder"}}, {"type": "Feature", "geometry": {"type": "Point", "coordinates": [4.662609257917684, 52.05237340882423]}, "properties": {"CODE": "246-036-00021", "NAAM": "Gemaal Middelburg", "FUNCTIEGEMAAL": "Afvoeren", "CODEPEILGEBIEDPRAKTIJK": "WW-29A", "MAXIMALECAPACITEIT": 36.5, "POLDERNAAM": "Polder Middelburg en Tempelpolder"}}, {"type": "Feature", "geometry": {"type": "Point", "coordinates": [4.553064487622806, 52.29808101795435]}, "properties": {"CODE": "402-036-00031", "NAAM": "Gemaal De Zilk 8.1", "FUNCTIEGEMAAL": "Afvoeren", "CODEPEILGEBIEDPRAKTIJK": "RL-402-08", "MAXIMALECAPACITEIT": 13.8, "POLDERNAAM": "Peilvakken De Zilk"}}, {"type": "Feature", "geometry": {"type": "Point", "coordinates": [4.572887727508209, 52.29131243033824]}, "properties": {"CODE": "402-036-00026", "NAAM": "Gemaal De Zilk 10.1", "FUNCTIEGEMAAL": "Afvoeren", "CODEPEILGEBIEDPRAKTIJK": "RL-402-10.1", "MAXIMALECAPACITEIT": 19.5, "POLDERNAAM": "Peilvakken De Zilk"}}, {"type": "Feature", "geometry": {"type": "Point", "coordinates": [4.564334277173633, 52.28214966696461]}, "properties": {"CODE": "402-036-00028", "NAAM": "Gemaal De Zilk 10.2", "FUNCTIEGEMAAL": "Afvoeren", "CODEPEILGEBIEDPRAKTIJK": "RL-402-10.2", "MAXIMALECAPACITEIT": 10.9, "POLDERNAAM": "Peilvakken De Zilk"}}, {"type": "Feature", "geometry": {"type": "Point", "coordinates": [4.348559610300031, 52.120564412965976]}, "properties": {"CODE": "403-036-00024", "NAAM": "Inlaatgemaal Voorlinden", "FUNCTIEGEMAAL": "Afvoeren", "CODEPEILGEBIEDPRAKTIJK": "OR-2.21.3.1", "MAXIMALECAPACITEIT": null, "POLDERNAAM": "Inmaling Duinland"}}, {"type": "Feature", "geometry": {"type": "Point", "coordinates": [4.5904349295626306, 52.18336257346594]}, "properties": {"CODE": "010-036-00021", "NAAM": "Gemaal Blauwepolder (Zuidweg)", "FUNCTIEGEMAAL": "Afvoeren", "CODEPEILGEBIEDPRAKTIJK": "OR-3.13.1.1", "MAXIMALECAPACITEIT": 23.22, "POLDERNAAM": "Blauwepolder"}}, {"type": "Feature", "geometry": {"type": "Point", "coordinates": [4.58337056945938, 52.17515916485724]}, "properties": {"CODE": "034-036-00021", "NAAM": "Gemaal Frederikspolder", "FUNCTIEGEMAAL": "Afvoeren", "CODEPEILGEBIEDPRAKTIJK": "OR-3.20.1.1", "MAXIMALECAPACITEIT": 11, "POLDERNAAM": "Frederikspolder"}}, {"type": "Feature", "geometry": {"type": "Point", "coordinates": [4.527856059673983, 52.20888200686892]}, "properties": {"CODE": "049-036-00021", "NAAM": "Gemaal Hemmeerpolder", "FUNCTIEGEMAAL": "Afvoeren", "CODEPEILGEBIEDPRAKTIJK": "OR-3.24.1.1", "MAXIMALECAPACITEIT": 22, "POLDERNAAM": "Hemmeerpolder"}}, {"type": "Feature", "geometry": {"type": "Point", "coordinates": [4.623048101719441, 52.17383831659637]}, "properties": {"CODE": "111-036-00021", "NAAM": "Gemaal Polder Oudendijk", "FUNCTIEGEMAAL": "Afvoeren", "CODEPEILGEBIEDPRAKTIJK": "OR-3.37.1.1", "MAXIMALECAPACITEIT": 41.67, "POLDERNAAM": "Polder Oudendijk"}}, {"type": "Feature", "geometry": {"type": "Point", "coordinates": [4.585445751504449, 52.19934253622526]}, "properties": {"CODE": "028-036-00021", "NAAM": "Gemaal Dr. Veender- en Lijkerpolder", "FUNCTIEGEMAAL": "Afvoeren", "CODEPEILGEBIEDPRAKTIJK": "OR-3.43.1.1", "MAXIMALECAPACITEIT": 64.53, "POLDERNAAM": "Drooggemaakte Veender- en Lijkerpolder"}}, {"type": "Feature", "geometry": {"type": "Point", "coordinates": [4.678439091842951, 52.10513268914422]}, "properties": {"CODE": "137-036-00023", "NAAM": "Vakgemaal Steekt 2", "FUNCTIEGEMAAL": "Afvoeren", "CODEPEILGEBIEDPRAKTIJK": "WW-26B", "MAXIMALECAPACITEIT": 12, "POLDERNAAM": "Polder Steekt"}}, {"type": "Feature", "geometry": {"type": "Point", "coordinates": [4.736016597417887, 52.08393102091695]}, "properties": {"CODE": "020-036-00021", "NAAM": "Gemaal Binnenpolder", "FUNCTIEGEMAAL": "Afvoeren", "CODEPEILGEBIEDPRAKTIJK": "WW-27A", "MAXIMALECAPACITEIT": 44, "POLDERNAAM": "Binnenpolder (Bodegraven)"}}, {"type": "Feature", "geometry": {"type": "Point", "coordinates": [4.654540963152053, 52.06367959455859]}, "properties": {"CODE": "155-036-00022", "NAAM": "Gemaal Het Lege End", "FUNCTIEGEMAAL": "Afvoeren", "CODEPEILGEBIEDPRAKTIJK": "WW-42C", "MAXIMALECAPACITEIT": 19.98, "POLDERNAAM": "Voorofschepolder"}}, {"type": "Feature", "geometry": {"type": "Point", "coordinates": [4.769049559849345, 52.17691881210451]}, "properties": {"CODE": "093-036-00023", "NAAM": "Vakgemaal Polder Nieuwkoop (Het Haasje)", "FUNCTIEGEMAAL": "Afvoeren", "CODEPEILGEBIEDPRAKTIJK": "OR-4.09.2.1", "MAXIMALECAPACITEIT": 13, "POLDERNAAM": "Polder Nieuwkoop"}}, {"type": "Feature", "geometry": {"type": "Point", "coordinates": [4.4891772379436246, 52.16873545761621]}, "properties": {"CODE": "408-036-00021", "NAAM": "Combigemaal Schuttersveld", "FUNCTIEGEMAAL": "Afvoeren", "CODEPEILGEBIEDPRAKTIJK": "RL-011", "MAXIMALECAPACITEIT": 3.67, "POLDERNAAM": "Polder Marendijk"}}, {"type": "Feature", "geometry": {"type": "Point", "coordinates": [4.741760299729205, 52.108443153729056]}, "properties": {"CODE": "094-036-00063", "NAAM": "Gemaal Polder Nieuwkoop en Noorden", "FUNCTIEGEMAAL": "Afvoeren", "CODEPEILGEBIEDPRAKTIJK": "OR-4.10.1.1", "MAXIMALECAPACITEIT": 160, "POLDERNAAM": "Polder Nieuwkoop en Noorden"}}, {"type": "Feature", "geometry": {"type": "Point", "coordinates": [4.705280117002403, 52.076867985836145]}, "properties": {"CODE": "250-036-00039", "NAAM": "Vakgemaal De Wijk", "FUNCTIEGEMAAL": "Afvoeren", "CODEPEILGEBIEDPRAKTIJK": "WW-31H", "MAXIMALECAPACITEIT": 22.17, "POLDERNAAM": "Polder Reeuwijk en Sluipwijk"}}, {"type": "Feature", "geometry": {"type": "Point", "coordinates": [4.6356560045222945, 52.3946930096454]}, "properties": {"CODE": "462-036-00099", "NAAM": "Doorspoelgemaal Ripperdaterrein", "FUNCTIEGEMAAL": "Doorspoelen", "CODEPEILGEBIEDPRAKTIJK": "RIJNLANDSBOEZEM", "MAXIMALECAPACITEIT": 0.25, "POLDERNAAM": "Compartiment 01"}}, {"type": "Feature", "geometry": {"type": "Point", "coordinates": [4.522893175615405, 52.22345406368415]}, "properties": {"CODE": "033-036-00023", "NAAM": "Gemaal Dr. de Visserlaan", "FUNCTIEGEMAAL": "Afvoeren", "CODEPEILGEBIEDPRAKTIJK": "OR-3.19.2.1", "MAXIMALECAPACITEIT": 1.5, "POLDERNAAM": "Floris-, Schouten- en Vrouwenpolder"}}, {"type": "Feature", "geometry": {"type": "Point", "coordinates": [4.638772505394656, 52.39029635196944]}, "properties": {"CODE": "462-036-00098", "NAAM": "Inlaatgemaal Schotersingel", "FUNCTIEGEMAAL": "Afvoeren", "CODEPEILGEBIEDPRAKTIJK": "RIJNLANDSBOEZEM", "MAXIMALECAPACITEIT": null, "POLDERNAAM": "Compartiment 01"}}, {"type": "Feature", "geometry": {"type": "Point", "coordinates": [4.7043448380153885, 52.143802081080345]}, "properties": {"CODE": "169-036-00027", "NAAM": "Gemaal Neptunus (Zuid- en Noordeinderpolder)", "FUNCTIEGEMAAL": "Afvoeren", "CODEPEILGEBIEDPRAKTIJK": "OR-4.12.1.1", "MAXIMALECAPACITEIT": 94.98, "POLDERNAAM": "Zuid- en Noordeinderpolder"}}, {"type": "Feature", "geometry": {"type": "Point", "coordinates": [4.77704895251873, 52.18113560979863]}, "properties": {"CODE": "093-036-00024", "NAAM": "Vakgemaal Polder Nieuwkoop (Zevenhoven)", "FUNCTIEGEMAAL": "Afvoeren", "CODEPEILGEBIEDPRAKTIJK": "OR-4.09.1.1", "MAXIMALECAPACITEIT": 24.2, "POLDERNAAM": "Polder Nieuwkoop"}}, {"type": "Feature", "geometry": {"type": "Point", "coordinates": [4.706036824124585, 52.01102616448173]}, "properties": {"CODE": "413-036-00024", "NAAM": "Gemaal Turfmarkt", "FUNCTIEGEMAAL": "Afvoeren", "CODEPEILGEBIEDPRAKTIJK": "RL-027.1.1", "MAXIMALECAPACITEIT": 20, "POLDERNAAM": "Stadsboezem Gouda"}}, {"type": "Feature", "geometry": {"type": "Point", "coordinates": [4.421289411063558, 52.098612537888066]}, "properties": {"CODE": "101-036-00023", "NAAM": "Gemaal Oostbosch II", "FUNCTIEGEMAAL": "Afvoeren", "CODEPEILGEBIEDPRAKTIJK": "OR-2.17.2.1", "MAXIMALECAPACITEIT": 1, "POLDERNAAM": "Oostboschpolder"}}, {"type": "Feature", "geometry": {"type": "Point", "coordinates": [4.630122318861911, 52.39841943944818]}, "properties": {"CODE": "420-036-00021", "NAAM": "Gemaal Schoter Veenpolder", "FUNCTIEGEMAAL": "Afvoeren", "CODEPEILGEBIEDPRAKTIJK": "RL-N-02-01", "MAXIMALECAPACITEIT": 1.5, "POLDERNAAM": "Schoter Veenpolder"}}, {"type": "Feature", "geometry": {"type": "Point", "coordinates": [4.56895798333561, 52.29483934385599]}, "properties": {"CODE": "462-036-00043", "NAAM": "Gemaal De Zilk 7.3", "FUNCTIEGEMAAL": "Afvoeren", "CODEPEILGEBIEDPRAKTIJK": "RL-402-07", "MAXIMALECAPACITEIT": 14.9, "POLDERNAAM": "Peilvakken De Zilk"}}, {"type": "Feature", "geometry": {"type": "Point", "coordinates": [4.721287923817758, 52.0074352898308]}, "properties": {"CODE": "244-036-00021", "NAAM": "Gemaal Kort Haarlem", "FUNCTIEGEMAAL": "Afvoeren", "CODEPEILGEBIEDPRAKTIJK": "WW-36", "MAXIMALECAPACITEIT": 28.3, "POLDERNAAM": "Polder Kort Haarlem"}}, {"type": "Feature", "geometry": {"type": "Point", "coordinates": [4.447794408872327, 52.131960544194826]}, "properties": {"CODE": "096-036-00024", "NAAM": "Gemaal Bachlaan", "FUNCTIEGEMAAL": "Afvoeren", "CODEPEILGEBIEDPRAKTIJK": "OR-2.08.4.1", "MAXIMALECAPACITEIT": 1.5, "POLDERNAAM": "Noord-Hoflandschepolder"}}, {"type": "Feature", "geometry": {"type": "Point", "coordinates": [4.775804887199549, 52.34332918820594]}, "properties": {"CODE": "180-036-00087", "NAAM": "Doorspoelgemaal Keizerweg", "FUNCTIEGEMAAL": "Doorspoelgemaal", "CODEPEILGEBIEDPRAKTIJK": "GH-140.31.2", "MAXIMALECAPACITEIT": null, "POLDERNAAM": "Haarlemmermeerpolder"}}, {"type": "Feature", "geometry": {"type": "Point", "coordinates": [4.6584837839679105, 52.30948182723406]}, "properties": {"CODE": "180-036-00090", "NAAM": "Inlaatgemaal Harderbos", "FUNCTIEGEMAAL": "Afvoeren", "CODEPEILGEBIEDPRAKTIJK": "GH-140.12", "MAXIMALECAPACITEIT": null, "POLDERNAAM": "Haarlemmermeerpolder"}}, {"type": "Feature", "geometry": {"type": "Point", "coordinates": [4.602586522988165, 52.30424535769101]}, "properties": {"CODE": "157-036-00022", "NAAM": "Gemaal Weerlanerpolder", "FUNCTIEGEMAAL": "Afvoeren", "CODEPEILGEBIEDPRAKTIJK": "OR-1.02.1.1", "MAXIMALECAPACITEIT": 15.3, "POLDERNAAM": "Vosse- en Weerlanerpolder"}}, {"type": "Feature", "geometry": {"type": "Point", "coordinates": [4.7028936924075015, 52.218625427893684]}, "properties": {"CODE": "041-036-00036", "NAAM": "Gemaal Vriesekoopschepolder", "FUNCTIEGEMAAL": "Afvoergemaal", "CODEPEILGEBIEDPRAKTIJK": "OR-4.01.1.2A", "MAXIMALECAPACITEIT": 55, "POLDERNAAM": "Vriesekoopschepolder"}}, {"type": "Feature", "geometry": {"type": "Point", "coordinates": [4.706961003694199, 52.15815820997767]}, "properties": {"CODE": "142-036-00023", "NAAM": "Vakgemaal Uiteindsche- en Middelpolder", "FUNCTIEGEMAAL": "Afvoeren", "CODEPEILGEBIEDPRAKTIJK": "OR-4.07.2.1", "MAXIMALECAPACITEIT": 2.5, "POLDERNAAM": "Uiteindsche- en Middelpolder"}}, {"type": "Feature", "geometry": {"type": "Point", "coordinates": [4.731318836891689, 52.18071628757019]}, "properties": {"CODE": "147-036-00027", "NAAM": "Gemaal Ver. Bloklandse- en Korteraarsepolder (De Horde)", "FUNCTIEGEMAAL": "Afvoeren", "CODEPEILGEBIEDPRAKTIJK": "OR-4.08.1.1", "MAXIMALECAPACITEIT": 40.2, "POLDERNAAM": "Verenigde Bloklandse- en Korteraarsepolder"}}, {"type": "Feature", "geometry": {"type": "Point", "coordinates": [4.607335300587228, 52.15703456134296]}, "properties": {"CODE": "078-036-00021", "NAAM": "Gemaal Lagenwaardsepolder", "FUNCTIEGEMAAL": "Afvoeren", "CODEPEILGEBIEDPRAKTIJK": "OR-3.31.1.1", "MAXIMALECAPACITEIT": 78, "POLDERNAAM": "Lagenwaardsepolder"}}, {"type": "Feature", "geometry": {"type": "Point", "coordinates": [4.668891319200965, 52.19735828604429]}, "properties": {"CODE": "131-036-00021", "NAAM": "Gemaal Rijnsaterwoudschepolder", "FUNCTIEGEMAAL": "Afvoeren", "CODEPEILGEBIEDPRAKTIJK": "OR-4.03.1.1", "MAXIMALECAPACITEIT": 7.98, "POLDERNAAM": "Rijnsaterwoudschepolder"}}, {"type": "Feature", "geometry": {"type": "Point", "coordinates": [4.588934895000457, 52.20799494130137]}, "properties": {"CODE": "019-036-00021", "NAAM": "Gemaal Buurterpolder", "FUNCTIEGEMAAL": "Afvoeren", "CODEPEILGEBIEDPRAKTIJK": "OR-3.17.1.1", "MAXIMALECAPACITEIT": 8.41, "POLDERNAAM": "Buurterpolder"}}, {"type": "Feature", "geometry": {"type": "Point", "coordinates": [4.5731125860066175, 52.16450990805373]}, "properties": {"CODE": "021-036-00021", "NAAM": "Gemaal Doespolder", "FUNCTIEGEMAAL": "Afvoeren", "CODEPEILGEBIEDPRAKTIJK": "OR-3.18.1.1", "MAXIMALECAPACITEIT": 9, "POLDERNAAM": "Doespolder"}}, {"type": "Feature", "geometry": {"type": "Point", "coordinates": [4.644599245832913, 52.14889301666494]}, "properties": {"CODE": "039-036-00021", "NAAM": "Gemaal Polder Gnephoek", "FUNCTIEGEMAAL": "Afvoeren", "CODEPEILGEBIEDPRAKTIJK": "OR-3.21.1.1", "MAXIMALECAPACITEIT": 19.94, "POLDERNAAM": "Polder Gnephoek"}}, {"type": "Feature", "geometry": {"type": "Point", "coordinates": [4.63451200962513, 52.14841883922265]}, "properties": {"CODE": "039-036-00022", "NAAM": "Vakgemaal Polder Gnephoek", "FUNCTIEGEMAAL": "Afvoeren", "CODEPEILGEBIEDPRAKTIJK": "OR-3.21.2.1", "MAXIMALECAPACITEIT": 0.82, "POLDERNAAM": "Polder Gnephoek"}}, {"type": "Feature", "geometry": {"type": "Point", "coordinates": [4.742373568006251, 52.36066936905326]}, "properties": {"CODE": "180-036-00039", "NAAM": "Vakgemaal Raasdorp", "FUNCTIEGEMAAL": "Afvoeren", "CODEPEILGEBIEDPRAKTIJK": "GH-140.01.1", "MAXIMALECAPACITEIT": 150, "POLDERNAAM": "Haarlemmermeerpolder"}}, {"type": "Feature", "geometry": {"type": "Point", "coordinates": [4.5440894327875965, 52.207450415324786]}, "properties": {"CODE": "141-036-00022", "NAAM": "Gemaal Tuinder- of Kogjespolder II", "FUNCTIEGEMAAL": null, "CODEPEILGEBIEDPRAKTIJK": "OR-3.41.1.1", "MAXIMALECAPACITEIT": null, "POLDERNAAM": "Tuinder- of Kogjespolder"}}, {"type": "Feature", "geometry": {"type": "Point", "coordinates": [4.744763565056027, 52.003396441631445]}, "properties": {"CODE": "251-036-00021", "NAAM": "Gemaal Goverwelle", "FUNCTIEGEMAAL": "Afvoeren", "CODEPEILGEBIEDPRAKTIJK": "WW-38A", "MAXIMALECAPACITEIT": 3, "POLDERNAAM": "Sportcomplex Uiterwaard"}}, {"type": "Feature", "geometry": {"type": "Point", "coordinates": [4.480734602372101, 52.094238494695624]}, "properties": {"CODE": "024-036-00021", "NAAM": "Gemaal Geer- en Kleine Blankaardpolder", "FUNCTIEGEMAAL": "Afvoeren", "CODEPEILGEBIEDPRAKTIJK": "WW-13A", "MAXIMALECAPACITEIT": 21.24, "POLDERNAAM": "Drooggemaakte Geer- en Kleine Blankaardpolder"}}, {"type": "Feature", "geometry": {"type": "Point", "coordinates": [4.585331218801236, 52.218000592484394]}, "properties": {"CODE": "003-036-00021", "NAAM": "Gemaal Aderpolder", "FUNCTIEGEMAAL": "Afvoeren", "CODEPEILGEBIEDPRAKTIJK": "OR-3.11.1.1", "MAXIMALECAPACITEIT": 9.48, "POLDERNAAM": "Aderpolder"}}, {"type": "Feature", "geometry": {"type": "Point", "coordinates": [4.657962837043871, 52.06731422286322]}, "properties": {"CODE": "155-036-00023", "NAAM": "Gemaal De Oude Vliet", "FUNCTIEGEMAAL": "Afvoeren", "CODEPEILGEBIEDPRAKTIJK": "WW-42A", "MAXIMALECAPACITEIT": 19.8, "POLDERNAAM": "Voorofschepolder"}}, {"type": "Feature", "geometry": {"type": "Point", "coordinates": [4.733121631598202, 52.082348633131325]}, "properties": {"CODE": "020-036-00025", "NAAM": "Inlaatgemaal Vlietkade", "FUNCTIEGEMAAL": "Afvoeren", "CODEPEILGEBIEDPRAKTIJK": "WW-27A", "MAXIMALECAPACITEIT": 60, "POLDERNAAM": "Binnenpolder (Bodegraven)"}}, {"type": "Feature", "geometry": {"type": "Point", "coordinates": [4.531848364978906, 52.073364718621356]}, "properties": {"CODE": "431-036-00022", "NAAM": "Inlaatgemaal Zoetermeerse Tussenboezem", "FUNCTIEGEMAAL": "Aanvoergemaal", "CODEPEILGEBIEDPRAKTIJK": "WW-25U", "MAXIMALECAPACITEIT": null, "POLDERNAAM": "Polder de Noordplas"}}, {"type": "Feature", "geometry": {"type": "Point", "coordinates": [4.58161978316612, 52.173048877546286]}, "properties": {"CODE": "055-036-00024", "NAAM": "Vispassage Hoogmadesepolder", "FUNCTIEGEMAAL": null, "CODEPEILGEBIEDPRAKTIJK": "OR-3.27.1.1", "MAXIMALECAPACITEIT": null, "POLDERNAAM": "Hoogmadesepolder"}}, {"type": "Feature", "geometry": {"type": "Point", "coordinates": [4.421309218535475, 52.100344229419065]}, "properties": {"CODE": "101-036-00024", "NAAM": "Gemaal Oostboschpolder, Vlietvoorde", "FUNCTIEGEMAAL": null, "CODEPEILGEBIEDPRAKTIJK": "OR-2.17.1.1", "MAXIMALECAPACITEIT": 0.13, "POLDERNAAM": "Oostboschpolder"}}, {"type": "Feature", "geometry": {"type": "Point", "coordinates": [4.51348416451715, 52.103312507388154]}, "properties": {"CODE": "259-036-00022", "NAAM": "Vakgemaal Westbroekpolder (Den Blanken)", "FUNCTIEGEMAAL": "Afvoeren", "CODEPEILGEBIEDPRAKTIJK": "WW-08B", "MAXIMALECAPACITEIT": 4.05, "POLDERNAAM": "Westbroekpolder"}}, {"type": "Feature", "geometry": {"type": "Point", "coordinates": [4.57660990967968, 52.27375114756813]}, "properties": {"CODE": "031-036-00022", "NAAM": "Gemaal Elsbroekerpolder (Hillegom-Zuid)", "FUNCTIEGEMAAL": "Afvoeren", "CODEPEILGEBIEDPRAKTIJK": "OR-1.06.2.1", "MAXIMALECAPACITEIT": 7, "POLDERNAAM": "Elsbroekerpolder"}}, {"type": "Feature", "geometry": {"type": "Point", "coordinates": [4.551652511034867, 52.25045541523444]}, "properties": {"CODE": "166-036-00023", "NAAM": "Gemaal Zemelpolder (Vennestraat)", "FUNCTIEGEMAAL": "Afvoeren", "CODEPEILGEBIEDPRAKTIJK": "OR-1.08.2.1", "MAXIMALECAPACITEIT": 5, "POLDERNAAM": "Zemelpolder"}}, {"type": "Feature", "geometry": {"type": "Point", "coordinates": [4.470634005690548, 52.1760225522755]}, "properties": {"CODE": "427-036-00023", "NAAM": "Gemaal Polder Oudenhof - Zuid", "FUNCTIEGEMAAL": "Afvoergemaal", "CODEPEILGEBIEDPRAKTIJK": "RL-N-12", "MAXIMALECAPACITEIT": 12, "POLDERNAAM": "Polder Oudenhof"}}, {"type": "Feature", "geometry": {"type": "Point", "coordinates": [4.643426055682987, 52.1967032642345]}, "properties": {"CODE": "143-036-00023", "NAAM": "Vispassage Veender- en Lijkerpolder b.d.b.", "FUNCTIEGEMAAL": null, "CODEPEILGEBIEDPRAKTIJK": "OR-3.44.1.1", "MAXIMALECAPACITEIT": null, "POLDERNAAM": "Veender- en Lijkerpolder buiten de bedijking"}}, {"type": "Feature", "geometry": {"type": "Point", "coordinates": [4.4523706762174, 52.13768076879643]}, "properties": {"CODE": "096-036-00025", "NAAM": "Vakgemaal Adegeest", "FUNCTIEGEMAAL": "Afvoeren", "CODEPEILGEBIEDPRAKTIJK": "OR-2.08.1.1", "MAXIMALECAPACITEIT": 2.58, "POLDERNAAM": "Noord-Hoflandschepolder"}}, {"type": "Feature", "geometry": {"type": "Point", "coordinates": [4.654798264046858, 52.30665611382117]}, "properties": {"CODE": "180-036-00083", "NAAM": "Inlaatgemaal IJweg-Volkstuinen", "FUNCTIEGEMAAL": "Afvoeren", "CODEPEILGEBIEDPRAKTIJK": "GH-140.00", "MAXIMALECAPACITEIT": null, "POLDERNAAM": "Haarlemmermeerpolder"}}, {"type": "Feature", "geometry": {"type": "Point", "coordinates": [4.70467490599804, 52.36931151990803]}, "properties": {"CODE": "180-036-00085", "NAAM": "Inlaatgemaal Kromme Spieringweg", "FUNCTIEGEMAAL": "Afvoeren", "CODEPEILGEBIEDPRAKTIJK": "GH-140.02.1", "MAXIMALECAPACITEIT": null, "POLDERNAAM": "Haarlemmermeerpolder"}}, {"type": "Feature", "geometry": {"type": "Point", "coordinates": [4.750034243350962, 52.373498488671295]}, "properties": {"CODE": "180-036-00086", "NAAM": "Inlaatgemaal Lijsterbeslaan", "FUNCTIEGEMAAL": "Afvoeren", "CODEPEILGEBIEDPRAKTIJK": "GH-140.01.5", "MAXIMALECAPACITEIT": null, "POLDERNAAM": "Haarlemmermeerpolder"}}, {"type": "Feature", "geometry": {"type": "Point", "coordinates": [4.482139561396384, 52.15075349266871]}, "properties": {"CODE": "449-036-00028", "NAAM": "Gemaal Telderskade", "FUNCTIEGEMAAL": "Onderbemalen", "CODEPEILGEBIEDPRAKTIJK": "RL-020", "MAXIMALECAPACITEIT": 1.17, "POLDERNAAM": "Polder Telderskade"}}, {"type": "Feature", "geometry": {"type": "Point", "coordinates": [4.44928379903923, 52.15062931322005]}, "properties": {"CODE": "473-036-00001", "NAAM": "Gemaal Wijkpark Stevenshof", "FUNCTIEGEMAAL": "Afvoeren", "CODEPEILGEBIEDPRAKTIJK": "RL-016", "MAXIMALECAPACITEIT": 1.02, "POLDERNAAM": "Wijkpark Stevenshof"}}, {"type": "Feature", "geometry": {"type": "Point", "coordinates": [4.645336522433908, 52.27337775890735]}, "properties": {"CODE": "180-036-00046", "NAAM": "Vakgemaal Nieuw-Vennep", "FUNCTIEGEMAAL": "Afvoeren", "CODEPEILGEBIEDPRAKTIJK": "GH-140.07.1", "MAXIMALECAPACITEIT": 50, "POLDERNAAM": "Haarlemmermeerpolder"}}, {"type": "Feature", "geometry": {"type": "Point", "coordinates": [4.539366184839383, 52.18420624887773]}, "properties": {"CODE": "016-036-00021", "NAAM": "Gemaal Boterhuispolder", "FUNCTIEGEMAAL": "Afvoeren", "CODEPEILGEBIEDPRAKTIJK": "OR-3.15.1.1", "MAXIMALECAPACITEIT": 27.3, "POLDERNAAM": "Boterhuispolder"}}, {"type": "Feature", "geometry": {"type": "Point", "coordinates": [4.557482604563184, 52.158784604898536]}, "properties": {"CODE": "015-036-00022", "NAAM": "Gemaal Bospolder", "FUNCTIEGEMAAL": "Afvoeren", "CODEPEILGEBIEDPRAKTIJK": "OR-3.14.1.1", "MAXIMALECAPACITEIT": 7.2, "POLDERNAAM": "Bospolder"}}, {"type": "Feature", "geometry": {"type": "Point", "coordinates": [4.652601712432408, 52.22220582139475]}, "properties": {"CODE": "222-036-00021", "NAAM": "Gemaal Grietpolder", "FUNCTIEGEMAAL": "Afvoeren", "CODEPEILGEBIEDPRAKTIJK": "OR-4.20.1.1", "MAXIMALECAPACITEIT": 20, "POLDERNAAM": "Grietpolder"}}, {"type": "Feature", "geometry": {"type": "Point", "coordinates": [4.432208729979134, 52.106683415553476]}, "properties": {"CODE": "073-036-00022", "NAAM": "Gemaal Vliet en wegen", "FUNCTIEGEMAAL": "Afvoeren", "CODEPEILGEBIEDPRAKTIJK": "OR-2.16.2.1", "MAXIMALECAPACITEIT": 1.98, "POLDERNAAM": "Knippolder"}}, {"type": "Feature", "geometry": {"type": "Point", "coordinates": [4.710011344085577, 52.214873312039295]}, "properties": {"CODE": "161-036-00021", "NAAM": "Gemaal Wassenaarschepolder", "FUNCTIEGEMAAL": "Afvoeren", "CODEPEILGEBIEDPRAKTIJK": "OR-4.04.1.1", "MAXIMALECAPACITEIT": 92.7, "POLDERNAAM": "Wassenaarschepolder"}}, {"type": "Feature", "geometry": {"type": "Point", "coordinates": [4.408564564450125, 52.089876153627266]}, "properties": {"CODE": "123-036-00021", "NAAM": "Gemaal Rozenrust", "FUNCTIEGEMAAL": "Afvoeren", "CODEPEILGEBIEDPRAKTIJK": "OR-2.18.1.1", "MAXIMALECAPACITEIT": 0.5, "POLDERNAAM": "Rietvinkpolder"}}, {"type": "Feature", "geometry": {"type": "Point", "coordinates": [4.73373807824685, 52.29713822190465]}, "properties": {"CODE": "180-036-00042", "NAAM": "Vakgemaal Rijk", "FUNCTIEGEMAAL": "Afvoeren", "CODEPEILGEBIEDPRAKTIJK": "GH-140.04.1", "MAXIMALECAPACITEIT": 135, "POLDERNAAM": "Haarlemmermeerpolder"}}, {"type": "Feature", "geometry": {"type": "Point", "coordinates": [4.6688191955732545, 52.282090842184004]}, "properties": {"CODE": "180-036-00043", "NAAM": "Vakgemaal Oude Secretarie", "FUNCTIEGEMAAL": "Afvoeren", "CODEPEILGEBIEDPRAKTIJK": "GH-140.05.1", "MAXIMALECAPACITEIT": 150, "POLDERNAAM": "Haarlemmermeerpolder"}}, {"type": "Feature", "geometry": {"type": "Point", "coordinates": [4.648812385487491, 52.29016327955963]}, "properties": {"CODE": "180-036-00097", "NAAM": "Vakgemaal Bennebroekerweg", "FUNCTIEGEMAAL": "Afvoeren", "CODEPEILGEBIEDPRAKTIJK": "GH-140.07.1", "MAXIMALECAPACITEIT": 25, "POLDERNAAM": "Haarlemmermeerpolder"}}, {"type": "Feature", "geometry": {"type": "Point", "coordinates": [4.61162732869465, 52.262295118687454]}, "properties": {"CODE": "180-036-00048", "NAAM": "Vakgemaal Linquenda", "FUNCTIEGEMAAL": "Afvoeren", "CODEPEILGEBIEDPRAKTIJK": "GH-140.08A", "MAXIMALECAPACITEIT": 80, "POLDERNAAM": "Haarlemmermeerpolder"}}, {"type": "Feature", "geometry": {"type": "Point", "coordinates": [4.6287064365993595, 52.30235426036481]}, "properties": {"CODE": "180-036-00049", "NAAM": "Vakgemaal Zwaanshoek", "FUNCTIEGEMAAL": "Afvoeren", "CODEPEILGEBIEDPRAKTIJK": "GH-140.08B", "MAXIMALECAPACITEIT": 70, "POLDERNAAM": "Haarlemmermeerpolder"}}, {"type": "Feature", "geometry": {"type": "Point", "coordinates": [4.491926850645387, 52.17151890099746]}, "properties": {"CODE": "407-036-00024", "NAAM": "Gemaal Floris Versterlaan", "FUNCTIEGEMAAL": "Afvoeren", "CODEPEILGEBIEDPRAKTIJK": "RL-010-2.1", "MAXIMALECAPACITEIT": 2.3, "POLDERNAAM": "Slaaghpolder"}}, {"type": "Feature", "geometry": {"type": "Point", "coordinates": [4.481649659740509, 52.206873448491244]}, "properties": {"CODE": "032-036-00026", "NAAM": "Gemaal Elsgeesterpolder-Oost", "FUNCTIEGEMAAL": "Afvoeren", "CODEPEILGEBIEDPRAKTIJK": "OR-1.18.1.1", "MAXIMALECAPACITEIT": 11.4, "POLDERNAAM": "Elsgeesterpolder"}}, {"type": "Feature", "geometry": {"type": "Point", "coordinates": [4.565768373599729, 52.24520197620767]}, "properties": {"CODE": "083-036-00023", "NAAM": "Gemaal Lisserpoelpolder (AWZI)", "FUNCTIEGEMAAL": "Afvoeren", "CODEPEILGEBIEDPRAKTIJK": "OR-3.34.2.1", "MAXIMALECAPACITEIT": 17.16, "POLDERNAAM": "Lisserpoelpolder"}}, {"type": "Feature", "geometry": {"type": "Point", "coordinates": [4.7185068629289955, 52.091332586277]}, "properties": {"CODE": "020-036-00024", "NAAM": "Vakgemaal Binnenpolder - Onderwater", "FUNCTIEGEMAAL": "Afvoeren", "CODEPEILGEBIEDPRAKTIJK": "WW-27E", "MAXIMALECAPACITEIT": 3, "POLDERNAAM": "Binnenpolder (Bodegraven)"}}, {"type": "Feature", "geometry": {"type": "Point", "coordinates": [4.670164574886976, 52.45047285967618]}, "properties": {"CODE": "263-036-00021", "NAAM": "Gemaal Noordspaarndammer", "FUNCTIEGEMAAL": "Afvoeren", "CODEPEILGEBIEDPRAKTIJK": "GH-010.00", "MAXIMALECAPACITEIT": 12.6, "POLDERNAAM": "Noord-Spaarndammerpolder"}}, {"type": "Feature", "geometry": {"type": "Point", "coordinates": [4.715051291425364, 52.40489679619992]}, "properties": {"CODE": "307-036-00021", "NAAM": "Gemaal Inlaagpolder", "FUNCTIEGEMAAL": "Afvoeren", "CODEPEILGEBIEDPRAKTIJK": "GH-090.00", "MAXIMALECAPACITEIT": 34.03, "POLDERNAAM": "Inlaagpolder"}}, {"type": "Feature", "geometry": {"type": "Point", "coordinates": [4.6895775876314785, 52.38899394339586]}, "properties": {"CODE": "210-036-00022", "NAAM": "Gemaal Vereenigde Binnenpolder", "FUNCTIEGEMAAL": "Afvoeren", "CODEPEILGEBIEDPRAKTIJK": "GH-100.00", "MAXIMALECAPACITEIT": 70, "POLDERNAAM": "Vereenigde Binnenpolder"}}, {"type": "Feature", "geometry": {"type": "Point", "coordinates": [4.706399215587197, 52.38247536788193]}, "properties": {"CODE": "198-036-00021", "NAAM": "Gemaal Rottepolder", "FUNCTIEGEMAAL": "Afvoeren", "CODEPEILGEBIEDPRAKTIJK": "GH-110.00", "MAXIMALECAPACITEIT": 12.47, "POLDERNAAM": "Rottepolder"}}, {"type": "Feature", "geometry": {"type": "Point", "coordinates": [4.760494854768537, 52.35339381962483]}, "properties": {"CODE": "180-036-00035", "NAAM": "Gemaal De Lynden", "FUNCTIEGEMAAL": "Afvoeren", "CODEPEILGEBIEDPRAKTIJK": "GH-140.00", "MAXIMALECAPACITEIT": 1278, "POLDERNAAM": "Haarlemmermeerpolder"}}, {"type": "Feature", "geometry": {"type": "Point", "coordinates": [4.665291852097883, 52.34660459844737]}, "properties": {"CODE": "180-036-00037", "NAAM": "Gemaal Koning Willem I", "FUNCTIEGEMAAL": "Afvoeren", "CODEPEILGEBIEDPRAKTIJK": "GH-140.00", "MAXIMALECAPACITEIT": 600, "POLDERNAAM": "Haarlemmermeerpolder"}}, {"type": "Feature", "geometry": {"type": "Point", "coordinates": [4.776322895383323, 52.28236034170466]}, "properties": {"CODE": "180-036-00038", "NAAM": "Gemaal Bolstra", "FUNCTIEGEMAAL": "Afvoeren", "CODEPEILGEBIEDPRAKTIJK": "GH-140.04.2A", "MAXIMALECAPACITEIT": 100, "POLDERNAAM": "Haarlemmermeerpolder"}}, {"type": "Feature", "geometry": {"type": "Point", "coordinates": [4.844041085016436, 52.3296016902954]}, "properties": {"CODE": "217-036-00021", "NAAM": "Gemaal Buitendijksche Buitenveldersche Polder", "FUNCTIEGEMAAL": "Afvoeren", "CODEPEILGEBIEDPRAKTIJK": "GH-150.00", "MAXIMALECAPACITEIT": 16.2, "POLDERNAAM": "Buitendijksche Buitenveldersche polder"}}, {"type": "Feature", "geometry": {"type": "Point", "coordinates": [4.8005029815551525, 52.3018097669664]}, "properties": {"CODE": "199-036-00021", "NAAM": "Gemaal Schinkelpolder", "FUNCTIEGEMAAL": "Afvoeren", "CODEPEILGEBIEDPRAKTIJK": "GH-160.00", "MAXIMALECAPACITEIT": 32.04, "POLDERNAAM": "Schinkelpolder"}}, {"type": "Feature", "geometry": {"type": "Point", "coordinates": [4.787353932286279, 52.27982697147601]}, "properties": {"CODE": "189-036-00021", "NAAM": "Gemaal Oosteinderpoel", "FUNCTIEGEMAAL": "Afvoeren", "CODEPEILGEBIEDPRAKTIJK": "GH-170.00", "MAXIMALECAPACITEIT": 93.6, "POLDERNAAM": "Oosteinderpoelpolder"}}, {"type": "Feature", "geometry": {"type": "Point", "coordinates": [4.818343213673657, 52.31844904982017]}, "properties": {"CODE": "401-036-00021", "NAAM": "Gemaal Schipholdijk", "FUNCTIEGEMAAL": "Afvoeren", "CODEPEILGEBIEDPRAKTIJK": "GH-190.00", "MAXIMALECAPACITEIT": 137.2, "POLDERNAAM": "Het Amsterdamse Bos"}}, {"type": "Feature", "geometry": {"type": "Point", "coordinates": [4.646096090930158, 52.38050942521052]}, "properties": {"CODE": "462-036-00094", "NAAM": "Doorspoelgemaal Amsterdamse Poort", "FUNCTIEGEMAAL": "Doorspoelen", "CODEPEILGEBIEDPRAKTIJK": "RIJNLANDSBOEZEM", "MAXIMALECAPACITEIT": 0.37, "POLDERNAAM": "Compartiment 01"}}, {"type": "Feature", "geometry": {"type": "Point", "coordinates": [4.637738897899253, 52.30835023111624]}, "properties": {"CODE": "180-036-00094", "NAAM": "Inlaatgemaal Sportdorp", "FUNCTIEGEMAAL": "Afvoeren", "CODEPEILGEBIEDPRAKTIJK": "GH-140.50", "MAXIMALECAPACITEIT": 3.6, "POLDERNAAM": "Haarlemmermeerpolder"}}, {"type": "Feature", "geometry": {"type": "Point", "coordinates": [4.58593578891647, 52.32255336572154]}, "properties": {"CODE": "402-036-00029", "NAAM": "Gemaal De Zilk 4.1", "FUNCTIEGEMAAL": "Afvoeren", "CODEPEILGEBIEDPRAKTIJK": "RL-402-04", "MAXIMALECAPACITEIT": 5.8, "POLDERNAAM": "Peilvakken De Zilk"}}, {"type": "Feature", "geometry": {"type": "Point", "coordinates": [4.6465234871638526, 52.08623627644365]}, "properties": {"CODE": "077-036-00021", "NAAM": "Gemaal Laag Boskoop", "FUNCTIEGEMAAL": "Afvoeren", "CODEPEILGEBIEDPRAKTIJK": "WW-23A", "MAXIMALECAPACITEIT": 95.7, "POLDERNAAM": "Polder Laag Boskoop"}}, {"type": "Feature", "geometry": {"type": "Point", "coordinates": [4.5032096566143975, 52.17236956013273]}, "properties": {"CODE": "406-036-00022", "NAAM": "Gemaal Merenwijk", "FUNCTIEGEMAAL": "Afvoeren", "CODEPEILGEBIEDPRAKTIJK": "RL-009", "MAXIMALECAPACITEIT": 31, "POLDERNAAM": "Polder Merenwijk"}}, {"type": "Feature", "geometry": {"type": "Point", "coordinates": [4.6599360619802335, 52.38657455666542]}, "properties": {"CODE": "462-036-00121", "NAAM": "Doorspoelgemaal Nijverheidsweg", "FUNCTIEGEMAAL": "Doorspoelen", "CODEPEILGEBIEDPRAKTIJK": "RIJNLANDSBOEZEM", "MAXIMALECAPACITEIT": 1.7, "POLDERNAAM": "Compartiment 01"}}, {"type": "Feature", "geometry": {"type": "Point", "coordinates": [4.70067366243264, 52.18657946252912]}, "properties": {"CODE": "095-036-00021", "NAAM": "Gemaal Noordeind- en Geerpolder (Smidskade)", "FUNCTIEGEMAAL": "Afvoeren", "CODEPEILGEBIEDPRAKTIJK": "OR-4.05.1.1", "MAXIMALECAPACITEIT": 40.02, "POLDERNAAM": "Noordeind- en Geerpolder"}}, {"type": "Feature", "geometry": {"type": "Point", "coordinates": [4.643498020413062, 52.15879243269418]}, "properties": {"CODE": "150-036-00021", "NAAM": "Gemaal Polder Vierambacht", "FUNCTIEGEMAAL": "Afvoeren", "CODEPEILGEBIEDPRAKTIJK": "OR-4.06.1.1", "MAXIMALECAPACITEIT": 190.2, "POLDERNAAM": "Polder Vierambacht"}}, {"type": "Feature", "geometry": {"type": "Point", "coordinates": [4.611962391195537, 52.21417607012644]}, "properties": {"CODE": "097-036-00021", "NAAM": "Gemaal Polder Het Noordveen", "FUNCTIEGEMAAL": "Afvoeren", "CODEPEILGEBIEDPRAKTIJK": "OR-3.36.1.1", "MAXIMALECAPACITEIT": 6.36, "POLDERNAAM": "Polder Het Noordveen"}}, {"type": "Feature", "geometry": {"type": "Point", "coordinates": [4.539144973219673, 52.17898393306774]}, "properties": {"CODE": "126-036-00021", "NAAM": "Gemaal Rodepolder", "FUNCTIEGEMAAL": "Afvoeren", "CODEPEILGEBIEDPRAKTIJK": "OR-3.39.1.1", "MAXIMALECAPACITEIT": 21.35, "POLDERNAAM": "Rodepolder"}}, {"type": "Feature", "geometry": {"type": "Point", "coordinates": [4.573393081593715, 52.21582291752518]}, "properties": {"CODE": "060-036-00021", "NAAM": "Gemaal Kaagerpolder", "FUNCTIEGEMAAL": "Afvoeren", "CODEPEILGEBIEDPRAKTIJK": "RIJNLANDSBOEZEM", "MAXIMALECAPACITEIT": 8.5, "POLDERNAAM": "Compartiment 06"}}, {"type": "Feature", "geometry": {"type": "Point", "coordinates": [4.5523176497133715, 52.230476639440184]}, "properties": {"CODE": "083-036-00021", "NAAM": "Gemaal Lisserpoelpolder (Molen)", "FUNCTIEGEMAAL": "Afvoeren", "CODEPEILGEBIEDPRAKTIJK": "OR-3.34.1.1", "MAXIMALECAPACITEIT": 24, "POLDERNAAM": "Lisserpoelpolder"}}, {"type": "Feature", "geometry": {"type": "Point", "coordinates": [4.559931919187923, 52.174703861946305]}, "properties": {"CODE": "010-036-00022", "NAAM": "Gemaal Blauwepolder (Achterwetering)", "FUNCTIEGEMAAL": "Afvoeren", "CODEPEILGEBIEDPRAKTIJK": "OR-3.13.2.1", "MAXIMALECAPACITEIT": 1.98, "POLDERNAAM": "Blauwepolder"}}, {"type": "Feature", "geometry": {"type": "Point", "coordinates": [4.755371374237221, 52.25976433704865]}, "properties": {"CODE": "458-036-00021", "NAAM": "Doorspoelgemaal Stommeerweg", "FUNCTIEGEMAAL": "Doorspoelen", "CODEPEILGEBIEDPRAKTIJK": "RIJNLANDSBOEZEM", "MAXIMALECAPACITEIT": 10, "POLDERNAAM": "Compartiment 02"}}, {"type": "Feature", "geometry": {"type": "Point", "coordinates": [4.762097980141252, 52.05402913805326]}, "properties": {"CODE": "250-036-00028", "NAAM": "Vakgemaal Lecksdijk", "FUNCTIEGEMAAL": "Afvoeren", "CODEPEILGEBIEDPRAKTIJK": "WW-31E", "MAXIMALECAPACITEIT": 3.04, "POLDERNAAM": "Polder Reeuwijk en Sluipwijk"}}, {"type": "Feature", "geometry": {"type": "Point", "coordinates": [4.482772241979468, 52.200224253326496]}, "properties": {"CODE": "088-036-00021", "NAAM": "Gemaal Polder Morsebel", "FUNCTIEGEMAAL": "Afvoeren", "CODEPEILGEBIEDPRAKTIJK": "OR-1.21.1.1", "MAXIMALECAPACITEIT": 15, "POLDERNAAM": "Polder Morsebel"}}, {"type": "Feature", "geometry": {"type": "Point", "coordinates": [4.463563498930028, 52.18557324653972]}, "properties": {"CODE": "062-036-00021", "NAAM": "Gemaal Polder Kamphuizen", "FUNCTIEGEMAAL": "Afvoeren", "CODEPEILGEBIEDPRAKTIJK": "OR-1.22.1.1", "MAXIMALECAPACITEIT": 9.9, "POLDERNAAM": "Polder Kamphuizen"}}, {"type": "Feature", "geometry": {"type": "Point", "coordinates": [4.516188897562369, 52.29293416124602]}, "properties": {"CODE": "227-036-00023", "NAAM": "Inlaatgemaal Polder Langeveld", "FUNCTIEGEMAAL": "Afvoeren", "CODEPEILGEBIEDPRAKTIJK": "RIJNLANDSBOEZEM", "MAXIMALECAPACITEIT": 17, "POLDERNAAM": "Compartiment 06"}}, {"type": "Feature", "geometry": {"type": "Point", "coordinates": [4.555176336459695, 52.252347926749586]}, "properties": {"CODE": "166-036-00022", "NAAM": "Gemaal Zemelpolder (1e Poellaan)", "FUNCTIEGEMAAL": "Afvoeren", "CODEPEILGEBIEDPRAKTIJK": "OR-1.08.1.1", "MAXIMALECAPACITEIT": 2, "POLDERNAAM": "Zemelpolder"}}, {"type": "Feature", "geometry": {"type": "Point", "coordinates": [4.406332018863731, 52.20771192387235]}, "properties": {"CODE": "448-036-00021", "NAAM": "Boezemgemaal Katwijk", "FUNCTIEGEMAAL": "Afvoeren", "CODEPEILGEBIEDPRAKTIJK": "RIJNLANDSBOEZEM", "MAXIMALECAPACITEIT": 5640, "POLDERNAAM": "Compartiment 12"}}, {"type": "Feature", "geometry": {"type": "Point", "coordinates": [4.703432833328642, 52.13349911122874]}, "properties": {"CODE": "169-036-00035", "NAAM": "Inlaatgemaal Zuid- en Noordeinderpolder (Kassengebied 3)", "FUNCTIEGEMAAL": "Afvoeren", "CODEPEILGEBIEDPRAKTIJK": "OR-4.12.1.1", "MAXIMALECAPACITEIT": null, "POLDERNAAM": "Zuid- en Noordeinderpolder"}}, {"type": "Feature", "geometry": {"type": "Point", "coordinates": [4.56645016497071, 52.312822041304884]}, "properties": {"CODE": "402-036-00030", "NAAM": "Gemaal De Zilk 5.1", "FUNCTIEGEMAAL": "Afvoeren", "CODEPEILGEBIEDPRAKTIJK": "RL-402-05.1", "MAXIMALECAPACITEIT": 42.3, "POLDERNAAM": "Peilvakken De Zilk"}}, {"type": "Feature", "geometry": {"type": "Point", "coordinates": [4.562936552198896, 52.30794544521996]}, "properties": {"CODE": "402-036-00024", "NAAM": "Gemaal De Zilk 6.2", "FUNCTIEGEMAAL": "Afvoeren", "CODEPEILGEBIEDPRAKTIJK": "RL-402-06.2", "MAXIMALECAPACITEIT": 12.5, "POLDERNAAM": "Peilvakken De Zilk"}}, {"type": "Feature", "geometry": {"type": "Point", "coordinates": [4.556018427393457, 52.29948849708283]}, "properties": {"CODE": "402-036-00025", "NAAM": "Gemaal De Zilk 6.3", "FUNCTIEGEMAAL": "Afvoeren", "CODEPEILGEBIEDPRAKTIJK": "RL-402-06.3", "MAXIMALECAPACITEIT": 1.2, "POLDERNAAM": "Peilvakken De Zilk"}}, {"type": "Feature", "geometry": {"type": "Point", "coordinates": [4.673850431750323, 52.411157589849736]}, "properties": {"CODE": "464-036-00022", "NAAM": "Vispassage Spaarndam", "FUNCTIEGEMAAL": null, "CODEPEILGEBIEDPRAKTIJK": "RIJNLANDSBOEZEM", "MAXIMALECAPACITEIT": 22, "POLDERNAAM": "Compartiment 01"}}, {"type": "Feature", "geometry": {"type": "Point", "coordinates": [4.638826512830049, 52.25530062063508]}, "properties": {"CODE": "180-036-00108", "NAAM": "Vakgemaal 't Kabel", "FUNCTIEGEMAAL": "Afvoeren", "CODEPEILGEBIEDPRAKTIJK": "GH-140.05.1", "MAXIMALECAPACITEIT": 135, "POLDERNAAM": "Haarlemmermeerpolder"}}, {"type": "Feature", "geometry": {"type": "Point", "coordinates": [4.469655456358963, 52.16965034943159]}, "properties": {"CODE": "412-036-00021", "NAAM": "Gemaal Pesthuispolder (Noord)", "FUNCTIEGEMAAL": "Afvoeren", "CODEPEILGEBIEDPRAKTIJK": "RL-019", "MAXIMALECAPACITEIT": 4, "POLDERNAAM": "Pesthuispolder (Noord)"}}, {"type": "Feature", "geometry": {"type": "Point", "coordinates": [4.5165640385487364, 52.14482422146306]}, "properties": {"CODE": "127-036-00022", "NAAM": "Gemaal Meerburgerpolder", "FUNCTIEGEMAAL": "Afvoeren", "CODEPEILGEBIEDPRAKTIJK": "WW-01A", "MAXIMALECAPACITEIT": 2.1, "POLDERNAAM": "Room- of Meerburgerpolder"}}, {"type": "Feature", "geometry": {"type": "Point", "coordinates": [4.495695113377398, 52.13608734832309]}, "properties": {"CODE": "067-036-00021", "NAAM": "Gemaal Knotterpolder (Cronenstein)", "FUNCTIEGEMAAL": "Afvoeren", "CODEPEILGEBIEDPRAKTIJK": "WW-02A", "MAXIMALECAPACITEIT": null, "POLDERNAAM": "Kleine Cronesteinse- of Knotterpolder"}}, {"type": "Feature", "geometry": {"type": "Point", "coordinates": [4.493214424223905, 52.10969711568588]}, "properties": {"CODE": "045-036-00021", "NAAM": "Gemaal Grote Westeindse Polder", "FUNCTIEGEMAAL": "Afvoeren", "CODEPEILGEBIEDPRAKTIJK": "WW-04A", "MAXIMALECAPACITEIT": 33.48, "POLDERNAAM": "Grote Westeindse Polder"}}, {"type": "Feature", "geometry": {"type": "Point", "coordinates": [4.467753630590813, 52.10523909218726]}, "properties": {"CODE": "045-036-00023", "NAAM": "Vakgemaal Grote Westeindsepolder 2", "FUNCTIEGEMAAL": "Afvoeren", "CODEPEILGEBIEDPRAKTIJK": "WW-04G", "MAXIMALECAPACITEIT": 5.29, "POLDERNAAM": "Grote Westeindse Polder"}}, {"type": "Feature", "geometry": {"type": "Point", "coordinates": [4.65106765530124, 52.35096786216735]}, "properties": {"CODE": "462-036-00064", "NAAM": "Doorspoelgemaal Molenvaart", "FUNCTIEGEMAAL": "Doorspoelen", "CODEPEILGEBIEDPRAKTIJK": "RIJNLANDSBOEZEM", "MAXIMALECAPACITEIT": 20, "POLDERNAAM": "Compartiment 01"}}, {"type": "Feature", "geometry": {"type": "Point", "coordinates": [4.607150936792956, 52.36696907312182]}, "properties": {"CODE": "462-036-00067", "NAAM": "Doorspoelgemaal Parnassiakade", "FUNCTIEGEMAAL": "Doorspoelen", "CODEPEILGEBIEDPRAKTIJK": "RIJNLANDSBOEZEM", "MAXIMALECAPACITEIT": 43.1, "POLDERNAAM": "Compartiment 01"}}, {"type": "Feature", "geometry": {"type": "Point", "coordinates": [4.499397885305722, 52.08714763070826]}, "properties": {"CODE": "247-036-00022", "NAAM": "Gemaal Nieuwe Polder", "FUNCTIEGEMAAL": "Afvoeren", "CODEPEILGEBIEDPRAKTIJK": "WW-17B", "MAXIMALECAPACITEIT": 78, "POLDERNAAM": "Nieuwe Driemanspolder"}}, {"type": "Feature", "geometry": {"type": "Point", "coordinates": [4.781536126778463, 52.023187116378175]}, "properties": {"CODE": "254-036-00025", "NAAM": "Inlaatgemaal Twaalfmorgen", "FUNCTIEGEMAAL": "Afvoeren", "CODEPEILGEBIEDPRAKTIJK": "WW-31A (OOST)", "MAXIMALECAPACITEIT": 0.75, "POLDERNAAM": "Polder Reeuwijk en Sluipwijk"}}, {"type": "Feature", "geometry": {"type": "Point", "coordinates": [4.615695224132664, 52.36871537383203]}, "properties": {"CODE": "207-036-00021", "NAAM": "Gemaal Veenpolder", "FUNCTIEGEMAAL": "Afvoeren", "CODEPEILGEBIEDPRAKTIJK": "RL-N-11", "MAXIMALECAPACITEIT": 7, "POLDERNAAM": "Veenpolder"}}, {"type": "Feature", "geometry": {"type": "Point", "coordinates": [4.584717912161866, 52.18987995935838]}, "properties": {"CODE": "023-036-00024", "NAAM": "Gemaal Dr. AHB polder (Achterpad)", "FUNCTIEGEMAAL": "Afvoeren", "CODEPEILGEBIEDPRAKTIJK": "OR-3.12.1.1", "MAXIMALECAPACITEIT": 15.4, "POLDERNAAM": "Drooggemaakte Akkersloot-, Hertogs- en Blijverpolder"}}, {"type": "Feature", "geometry": {"type": "Point", "coordinates": [4.557844264164007, 52.197045776661724]}, "properties": {"CODE": "162-036-00022", "NAAM": "Gemaal Waterloospolder", "FUNCTIEGEMAAL": "Afvoeren", "CODEPEILGEBIEDPRAKTIJK": "OR-3.50.1.1", "MAXIMALECAPACITEIT": 14.3, "POLDERNAAM": "Waterloospolder"}}, {"type": "Feature", "geometry": {"type": "Point", "coordinates": [4.553596032859266, 52.13242334065718]}, "properties": {"CODE": "242-036-00021", "NAAM": "Gemaal Polder Groenendijk", "FUNCTIEGEMAAL": "Afvoeren", "CODEPEILGEBIEDPRAKTIJK": "WW-09A", "MAXIMALECAPACITEIT": 88, "POLDERNAAM": "Polder Groenendijk"}}, {"type": "Feature", "geometry": {"type": "Point", "coordinates": [4.409597712635268, 52.110013775155906]}, "properties": {"CODE": "029-036-00021", "NAAM": "Gemaal DV Polder", "FUNCTIEGEMAAL": "Afvoeren", "CODEPEILGEBIEDPRAKTIJK": "OR-2.15.1.13", "MAXIMALECAPACITEIT": 90, "POLDERNAAM": "Duivenvoordse- en Veenzijdsepolder"}}, {"type": "Feature", "geometry": {"type": "Point", "coordinates": [4.671381786203106, 52.42016225678681]}, "properties": {"CODE": "192-036-00022", "NAAM": "Gemaal Oude Spaarndammer", "FUNCTIEGEMAAL": "Afvoeren", "CODEPEILGEBIEDPRAKTIJK": "GH-030.00", "MAXIMALECAPACITEIT": 11.7, "POLDERNAAM": "Oude Spaarndammerpolder"}}, {"type": "Feature", "geometry": {"type": "Point", "coordinates": [4.67468622258376, 52.38997857017204]}, "properties": {"CODE": "208-036-00023", "NAAM": "Gemaal Waarder en Veer", "FUNCTIEGEMAAL": "Afvoeren", "CODEPEILGEBIEDPRAKTIJK": "GH-050.00", "MAXIMALECAPACITEIT": 9.05, "POLDERNAAM": "Waarder- en Veerpolder"}}, {"type": "Feature", "geometry": {"type": "Point", "coordinates": [4.672117875898543, 52.37366637630286]}, "properties": {"CODE": "215-036-00021", "NAAM": "Gemaal Zuiderpolder", "FUNCTIEGEMAAL": "Afvoeren", "CODEPEILGEBIEDPRAKTIJK": "GH-060.00", "MAXIMALECAPACITEIT": 10.02, "POLDERNAAM": "Zuiderpolder"}}, {"type": "Feature", "geometry": {"type": "Point", "coordinates": [4.727962987042575, 52.159615645037725]}, "properties": {"CODE": "093-036-00021", "NAAM": "Gemaal Polder Nieuwkoop", "FUNCTIEGEMAAL": "Afvoeren", "CODEPEILGEBIEDPRAKTIJK": "OR-4.09.1.1", "MAXIMALECAPACITEIT": 390, "POLDERNAAM": "Polder Nieuwkoop"}}, {"type": "Feature", "geometry": {"type": "Point", "coordinates": [4.543110044807703, 52.11832123292431]}, "properties": {"CODE": "242-036-00022", "NAAM": "Inlaatgemaal De Wilck", "FUNCTIEGEMAAL": "Afvoeren", "CODEPEILGEBIEDPRAKTIJK": "WW-10E", "MAXIMALECAPACITEIT": 2, "POLDERNAAM": "Oostbroekpolder"}}, {"type": "Feature", "geometry": {"type": "Point", "coordinates": [4.521259997828162, 52.10895218425028]}, "properties": {"CODE": "248-036-00021", "NAAM": "Gemaal Haasbroek", "FUNCTIEGEMAAL": "Afvoeren", "CODEPEILGEBIEDPRAKTIJK": "WW-10A", "MAXIMALECAPACITEIT": 49.98, "POLDERNAAM": "Oostbroekpolder"}}, {"type": "Feature", "geometry": {"type": "Point", "coordinates": [4.437711530312844, 52.10789550312881]}, "properties": {"CODE": "261-036-00021", "NAAM": "Gemaal Vlietland", "FUNCTIEGEMAAL": "Afvoeren", "CODEPEILGEBIEDPRAKTIJK": "WW-11", "MAXIMALECAPACITEIT": 1.5, "POLDERNAAM": "Polder Vlietland"}}, {"type": "Feature", "geometry": {"type": "Point", "coordinates": [4.494903113390885, 52.088555091003954]}, "properties": {"CODE": "167-036-00021", "NAAM": "Gemaal Zoetermeerse Meerpolder", "FUNCTIEGEMAAL": "Afvoeren", "CODEPEILGEBIEDPRAKTIJK": "WW-15A", "MAXIMALECAPACITEIT": 49.2, "POLDERNAAM": "Zoetermeerse Meerpolder"}}, {"type": "Feature", "geometry": {"type": "Point", "coordinates": [4.62061356754234, 52.17901591813384]}, "properties": {"CODE": "144-036-00021", "NAAM": "Gemaal Veenderpolder (Hoofdgemaal)", "FUNCTIEGEMAAL": "Afvoeren", "CODEPEILGEBIEDPRAKTIJK": "OR-3.42.1.1", "MAXIMALECAPACITEIT": 23.29, "POLDERNAAM": "Veenderpolder"}}, {"type": "Feature", "geometry": {"type": "Point", "coordinates": [4.519203110875345, 52.217095473785285]}, "properties": {"CODE": "160-036-00021", "NAAM": "Gemaal Van Alkemadelaan", "FUNCTIEGEMAAL": "Afvoeren", "CODEPEILGEBIEDPRAKTIJK": "OR-1.19.1.1", "MAXIMALECAPACITEIT": 6.48, "POLDERNAAM": "Warmonderdam- en Alkemaderpolder"}}, {"type": "Feature", "geometry": {"type": "Point", "coordinates": [4.609582731960809, 52.19257990767523]}, "properties": {"CODE": "028-036-00023", "NAAM": "Vakgemaal Veenderveld", "FUNCTIEGEMAAL": "Afvoeren", "CODEPEILGEBIEDPRAKTIJK": "OR-3.43.3.1", "MAXIMALECAPACITEIT": 6, "POLDERNAAM": "Drooggemaakte Veender- en Lijkerpolder"}}, {"type": "Feature", "geometry": {"type": "Point", "coordinates": [4.643448798048566, 52.19675073845047]}, "properties": {"CODE": "143-036-00021", "NAAM": "Gemaal Veender- en Lijkerpolder b.d.b.", "FUNCTIEGEMAAL": "Afvoeren", "CODEPEILGEBIEDPRAKTIJK": "OR-3.44.1.1", "MAXIMALECAPACITEIT": 39.66, "POLDERNAAM": "Veender- en Lijkerpolder buiten de bedijking"}}, {"type": "Feature", "geometry": {"type": "Point", "coordinates": [4.501445213859935, 52.18693630148629]}, "properties": {"CODE": "145-036-00021", "NAAM": "Gemaal Veerpolder", "FUNCTIEGEMAAL": "Afvoeren", "CODEPEILGEBIEDPRAKTIJK": "OR-3.45.1.1", "MAXIMALECAPACITEIT": 9.5, "POLDERNAAM": "Veerpolder"}}, {"type": "Feature", "geometry": {"type": "Point", "coordinates": [4.590704937490326, 52.16877187849067]}, "properties": {"CODE": "153-036-00021", "NAAM": "Gemaal Vlietpolder", "FUNCTIEGEMAAL": "Afvoeren", "CODEPEILGEBIEDPRAKTIJK": "OR-3.46.1.1", "MAXIMALECAPACITEIT": 17.29, "POLDERNAAM": "Vlietpolder"}}, {"type": "Feature", "geometry": {"type": "Point", "coordinates": [4.5986790843570935, 52.1595239760808]}, "properties": {"CODE": "153-036-00022", "NAAM": "Vakgemaal Vlietpolder 1", "FUNCTIEGEMAAL": "Afvoeren", "CODEPEILGEBIEDPRAKTIJK": "OR-3.46.2.1", "MAXIMALECAPACITEIT": 1.7, "POLDERNAAM": "Vlietpolder"}}, {"type": "Feature", "geometry": {"type": "Point", "coordinates": [4.585535540676601, 52.166787030101645]}, "properties": {"CODE": "153-036-00023", "NAAM": "Vakgemaal Vlietpolder 2", "FUNCTIEGEMAAL": "Afvoeren", "CODEPEILGEBIEDPRAKTIJK": "OR-3.46.3.1", "MAXIMALECAPACITEIT": 1.71, "POLDERNAAM": "Vlietpolder"}}, {"type": "Feature", "geometry": {"type": "Point", "coordinates": [4.70003375903266, 52.143725742863126]}, "properties": {"CODE": "230-036-00021", "NAAM": "Gemaal Polder Oudshoorn-Zuid", "FUNCTIEGEMAAL": "Afvoeren", "CODEPEILGEBIEDPRAKTIJK": "OR-4.17.1.1", "MAXIMALECAPACITEIT": 1.8, "POLDERNAAM": "Polder Oudshoorn-Zuid"}}, {"type": "Feature", "geometry": {"type": "Point", "coordinates": [4.541263851661742, 52.17141231036209]}, "properties": {"CODE": "015-036-00023", "NAAM": "Gemaal Bospolder (De Bloemerd)", "FUNCTIEGEMAAL": "Afvoeren", "CODEPEILGEBIEDPRAKTIJK": "OR-3.14.2.1", "MAXIMALECAPACITEIT": 16, "POLDERNAAM": "Bospolder"}}, {"type": "Feature", "geometry": {"type": "Point", "coordinates": [4.486699301672175, 52.26730854530731]}, "properties": {"CODE": "255-036-00021", "NAAM": "Inlaatgemaal Noordzijderpolder-Noord", "FUNCTIEGEMAAL": "Afvoeren", "CODEPEILGEBIEDPRAKTIJK": "OR-1.25.2.1", "MAXIMALECAPACITEIT": 3, "POLDERNAAM": "Noordzijderpolder"}}, {"type": "Feature", "geometry": {"type": "Point", "coordinates": [4.562771435831574, 52.16858053515657]}, "properties": {"CODE": "055-036-00023", "NAAM": "Gemaal Hoogmadesepolder-West", "FUNCTIEGEMAAL": "Afvoeren", "CODEPEILGEBIEDPRAKTIJK": "OR-3.27.2.1", "MAXIMALECAPACITEIT": 10.02, "POLDERNAAM": "Hoogmadesepolder"}}, {"type": "Feature", "geometry": {"type": "Point", "coordinates": [4.6597048541804105, 52.06779207058193]}, "properties": {"CODE": "241-036-00021", "NAAM": "Gemaal Th. Brans", "FUNCTIEGEMAAL": "Afvoeren", "CODEPEILGEBIEDPRAKTIJK": "WW-28A", "MAXIMALECAPACITEIT": 229.7, "POLDERNAAM": "Gouwepolder"}}, {"type": "Feature", "geometry": {"type": "Point", "coordinates": [4.518520538244561, 52.21539633058107]}, "properties": {"CODE": "160-036-00022", "NAAM": "Gemaal Wasbeeklaan 37", "FUNCTIEGEMAAL": "Afvoeren", "CODEPEILGEBIEDPRAKTIJK": "OR-1.19.2.1", "MAXIMALECAPACITEIT": 6.72, "POLDERNAAM": "Warmonderdam- en Alkemaderpolder"}}, {"type": "Feature", "geometry": {"type": "Point", "coordinates": [4.419752595641578, 52.15718060637822]}, "properties": {"CODE": "232-036-00022", "NAAM": "Gemaal Ruijgelaan", "FUNCTIEGEMAAL": "Afvoeren", "CODEPEILGEBIEDPRAKTIJK": "OR-2.03.2.1", "MAXIMALECAPACITEIT": 6.72, "POLDERNAAM": "Ruijgelaansepolder"}}, {"type": "Feature", "geometry": {"type": "Point", "coordinates": [4.401431061240433, 52.08072996798659]}, "properties": {"CODE": "256-036-00021", "NAAM": "Gemaal De Tol", "FUNCTIEGEMAAL": "Afvoeren", "CODEPEILGEBIEDPRAKTIJK": "WW-16", "MAXIMALECAPACITEIT": 1.94, "POLDERNAAM": "Polder Klein Starrevaart, De Tol"}}, {"type": "Feature", "geometry": {"type": "Point", "coordinates": [4.6021161790279335, 52.11507877513641]}, "properties": {"CODE": "129-036-00021", "NAAM": "Gemaal Rhijnenburg", "FUNCTIEGEMAAL": "Afvoeren", "CODEPEILGEBIEDPRAKTIJK": "WW-19A", "MAXIMALECAPACITEIT": 64.98, "POLDERNAAM": "Rhijnenburgerpolder"}}, {"type": "Feature", "geometry": {"type": "Point", "coordinates": [4.585033651366391, 52.11893579065054]}, "properties": {"CODE": "129-036-00023", "NAAM": "Inlaatgemaal Lodewijksvaart", "FUNCTIEGEMAAL": "Afvoeren", "CODEPEILGEBIEDPRAKTIJK": "WW-19A", "MAXIMALECAPACITEIT": 2, "POLDERNAAM": "Rhijnenburgerpolder"}}, {"type": "Feature", "geometry": {"type": "Point", "coordinates": [4.622355461748656, 52.12757084134456]}, "properties": {"CODE": "239-036-00021", "NAAM": "Gemaal Alpherhoorn", "FUNCTIEGEMAAL": "Afvoeren", "CODEPEILGEBIEDPRAKTIJK": "WW-21A", "MAXIMALECAPACITEIT": 140, "POLDERNAAM": "Polder Alpherhoorn"}}, {"type": "Feature", "geometry": {"type": "Point", "coordinates": [4.65372756649331, 52.063846217197074]}, "properties": {"CODE": "249-036-00021", "NAAM": "Gemaal De Omringdijk", "FUNCTIEGEMAAL": "Afvoeren", "CODEPEILGEBIEDPRAKTIJK": "WW-25A", "MAXIMALECAPACITEIT": 258, "POLDERNAAM": "Polder de Noordplas"}}, {"type": "Feature", "geometry": {"type": "Point", "coordinates": [4.514646497891105, 52.087807753787374]}, "properties": {"CODE": "249-036-00022", "NAAM": "Gemaal Palenstein", "FUNCTIEGEMAAL": "Afvoeren", "CODEPEILGEBIEDPRAKTIJK": "WW-25B", "MAXIMALECAPACITEIT": 208.4, "POLDERNAAM": "Polder de Noordplas"}}, {"type": "Feature", "geometry": {"type": "Point", "coordinates": [4.631375698445521, 52.06491405767824]}, "properties": {"CODE": "249-036-00023", "NAAM": "Vakgemaal van der Torre", "FUNCTIEGEMAAL": "Afvoeren", "CODEPEILGEBIEDPRAKTIJK": "WW-25C", "MAXIMALECAPACITEIT": 49.02, "POLDERNAAM": "Polder de Noordplas"}}, {"type": "Feature", "geometry": {"type": "Point", "coordinates": [4.580127160166688, 52.331112555083315]}, "properties": {"CODE": "258-036-00021", "NAAM": "Inlaatgemaal Vogelenzang", "FUNCTIEGEMAAL": "Afvoeren", "CODEPEILGEBIEDPRAKTIJK": "RL-258-1.3", "MAXIMALECAPACITEIT": 10, "POLDERNAAM": "Vogelenzang"}}, {"type": "Feature", "geometry": {"type": "Point", "coordinates": [4.705450243557519, 52.152023541710754]}, "properties": {"CODE": "229-036-00021", "NAAM": "Gemaal Polder Oudshoorn-Noord", "FUNCTIEGEMAAL": "Afvoeren", "CODEPEILGEBIEDPRAKTIJK": "OR-4.18.1.1", "MAXIMALECAPACITEIT": 32, "POLDERNAAM": "Polder Oudshoorn-Noord"}}, {"type": "Feature", "geometry": {"type": "Point", "coordinates": [4.710930713966288, 52.006558950304765]}, "properties": {"CODE": "413-036-00021", "NAAM": "Gemaal Mallegat", "FUNCTIEGEMAAL": "Afvoeren", "CODEPEILGEBIEDPRAKTIJK": "RL-027.1.1", "MAXIMALECAPACITEIT": 79.3, "POLDERNAAM": "Stadsboezem Gouda"}}, {"type": "Feature", "geometry": {"type": "Point", "coordinates": [4.6932982158009, 52.42100564097004]}, "properties": {"CODE": "309-036-00024", "NAAM": "Gemaal Zuidspaarndammer", "FUNCTIEGEMAAL": "Afvoeren", "CODEPEILGEBIEDPRAKTIJK": "GH-070.00", "MAXIMALECAPACITEIT": 65, "POLDERNAAM": "Zuid-Spaarndammerpolder"}}, {"type": "Feature", "geometry": {"type": "Point", "coordinates": [4.443337712548009, 52.132918838975975]}, "properties": {"CODE": "108-036-00021", "NAAM": "Gemaal Oranjepolder", "FUNCTIEGEMAAL": "Afvoeren", "CODEPEILGEBIEDPRAKTIJK": "OR-2.11.1.1", "MAXIMALECAPACITEIT": 20, "POLDERNAAM": "Oranjepolder"}}, {"type": "Feature", "geometry": {"type": "Point", "coordinates": [4.424758293528034, 52.10056879375839]}, "properties": {"CODE": "101-036-00021", "NAAM": "Gemaal Oostbosch I", "FUNCTIEGEMAAL": "Afvoeren", "CODEPEILGEBIEDPRAKTIJK": "OR-2.17.1.1", "MAXIMALECAPACITEIT": 4.02, "POLDERNAAM": "Oostboschpolder"}}, {"type": "Feature", "geometry": {"type": "Point", "coordinates": [4.66801623991619, 52.10805390839649]}, "properties": {"CODE": "260-036-00026", "NAAM": "Vispassage gemaal Het Zaanse Rietveld", "FUNCTIEGEMAAL": null, "CODEPEILGEBIEDPRAKTIJK": "WW-22A", "MAXIMALECAPACITEIT": null, "POLDERNAAM": "Polder Het Zaanse Rietveld"}}, {"type": "Feature", "geometry": {"type": "Point", "coordinates": [4.6260371324986105, 52.26016488116279]}, "properties": {"CODE": "180-036-00106", "NAAM": "Inlaatgemaal De Vronen", "FUNCTIEGEMAAL": "Afvoeren", "CODEPEILGEBIEDPRAKTIJK": "GH-140.08C", "MAXIMALECAPACITEIT": null, "POLDERNAAM": "Haarlemmermeerpolder"}}, {"type": "Feature", "geometry": {"type": "Point", "coordinates": [4.409569073643304, 52.11009963493938]}, "properties": {"CODE": "029-036-00025", "NAAM": "Vispassage gemaal DV polder", "FUNCTIEGEMAAL": null, "CODEPEILGEBIEDPRAKTIJK": "OR-2.15.1.13", "MAXIMALECAPACITEIT": null, "POLDERNAAM": "Duivenvoordse- en Veenzijdsepolder"}}, {"type": "Feature", "geometry": {"type": "Point", "coordinates": [4.631342225437707, 52.06556726096308]}, "properties": {"CODE": "249-036-00024", "NAAM": "Vakgemaal Achterhof", "FUNCTIEGEMAAL": "Afvoeren", "CODEPEILGEBIEDPRAKTIJK": "WW-25D", "MAXIMALECAPACITEIT": 8, "POLDERNAAM": "Polder de Noordplas"}}, {"type": "Feature", "geometry": {"type": "Point", "coordinates": [4.737793187219111, 52.19676776943236]}, "properties": {"CODE": "095-036-00024", "NAAM": "Vispassage De Afdamming", "FUNCTIEGEMAAL": null, "CODEPEILGEBIEDPRAKTIJK": "OR-4.05.2.1", "MAXIMALECAPACITEIT": 0.5, "POLDERNAAM": "Noordeind- en Geerpolder"}}, {"type": "Feature", "geometry": {"type": "Point", "coordinates": [4.600066494218283, 52.11474334915086]}, "properties": {"CODE": "129-036-00026", "NAAM": "Vakgemaal Westgere", "FUNCTIEGEMAAL": "Afvoeren", "CODEPEILGEBIEDPRAKTIJK": "WW-19C", "MAXIMALECAPACITEIT": 10, "POLDERNAAM": "Rhijnenburgerpolder"}}, {"type": "Feature", "geometry": {"type": "Point", "coordinates": [4.514197665864353, 52.140201700922255]}, "properties": {"CODE": "243-036-00022", "NAAM": "Gemaal Industrieterrein Grote Polder", "FUNCTIEGEMAAL": "Afvoeren", "CODEPEILGEBIEDPRAKTIJK": "WW-06", "MAXIMALECAPACITEIT": 20, "POLDERNAAM": "Grote Polder - Industrieterrein"}}, {"type": "Feature", "geometry": {"type": "Point", "coordinates": [4.735611159351754, 52.083750020471136]}, "properties": {"CODE": "250-036-00021", "NAAM": "Gemaal Buleaus Brack", "FUNCTIEGEMAAL": "Afvoeren", "CODEPEILGEBIEDPRAKTIJK": "WW-31G", "MAXIMALECAPACITEIT": 151, "POLDERNAAM": "Polder Reeuwijk en Sluipwijk"}}, {"type": "Feature", "geometry": {"type": "Point", "coordinates": [4.532233588816642, 52.203286254900505]}, "properties": {"CODE": "080-036-00021", "NAAM": "Gemaal Lakerpolder I", "FUNCTIEGEMAAL": "Afvoeren", "CODEPEILGEBIEDPRAKTIJK": "OR-3.32.1.1", "MAXIMALECAPACITEIT": 1.5, "POLDERNAAM": "Lakerpolder"}}, {"type": "Feature", "geometry": {"type": "Point", "coordinates": [4.735092597174125, 52.08311318487901]}, "properties": {"CODE": "250-036-00046", "NAAM": "Gemaal Buleaus Brack", "FUNCTIEGEMAAL": null, "CODEPEILGEBIEDPRAKTIJK": "WW-31G", "MAXIMALECAPACITEIT": null, "POLDERNAAM": "Polder Reeuwijk en Sluipwijk"}}, {"type": "Feature", "geometry": {"type": "Point", "coordinates": [4.589784860185895, 52.2263115920312]}, "properties": {"CODE": "180-036-00105", "NAAM": "Vakgemaal Dr. J.P. Heyepad", "FUNCTIEGEMAAL": "Afvoeren", "CODEPEILGEBIEDPRAKTIJK": "GH-140.09.1", "MAXIMALECAPACITEIT": 25, "POLDERNAAM": "Haarlemmermeerpolder"}}, {"type": "Feature", "geometry": {"type": "Point", "coordinates": [4.5939048377599025, 52.349631268500865]}, "properties": {"CODE": "462-036-00115", "NAAM": "Inlaatgemaal Mariënduin", "FUNCTIEGEMAAL": "Afvoeren", "CODEPEILGEBIEDPRAKTIJK": "RIJNLANDSBOEZEM", "MAXIMALECAPACITEIT": null, "POLDERNAAM": "Compartiment 01"}}, {"type": "Feature", "geometry": {"type": "Point", "coordinates": [4.695778931519951, 52.102444054020815]}, "properties": {"CODE": "137-036-00022", "NAAM": "Vakgemaal Steekt 1", "FUNCTIEGEMAAL": "Afvoeren", "CODEPEILGEBIEDPRAKTIJK": "WW-26B", "MAXIMALECAPACITEIT": 12, "POLDERNAAM": "Polder Steekt"}}, {"type": "Feature", "geometry": {"type": "Point", "coordinates": [4.7532455255253, 52.065976418926454]}, "properties": {"CODE": "250-036-00023", "NAAM": "Vakgemaal Abessinië", "FUNCTIEGEMAAL": "Afvoeren", "CODEPEILGEBIEDPRAKTIJK": "WW-31G", "MAXIMALECAPACITEIT": 21.12, "POLDERNAAM": "Polder Reeuwijk en Sluipwijk"}}, {"type": "Feature", "geometry": {"type": "Point", "coordinates": [4.737771206313552, 52.19678142007875]}, "properties": {"CODE": "095-036-00022", "NAAM": "Gemaal Noordeind- en Geerpolder (De Afdamming)", "FUNCTIEGEMAAL": "Afvoeren", "CODEPEILGEBIEDPRAKTIJK": "OR-4.05.2.1", "MAXIMALECAPACITEIT": 12, "POLDERNAAM": "Noordeind- en Geerpolder"}}, {"type": "Feature", "geometry": {"type": "Point", "coordinates": [4.72295282249422, 52.15908131545762]}, "properties": {"CODE": "169-036-00028", "NAAM": "Gemaal Hoef- en Schoutenpolder", "FUNCTIEGEMAAL": "Afvoeren", "CODEPEILGEBIEDPRAKTIJK": "OR-4.12.3.1", "MAXIMALECAPACITEIT": 7, "POLDERNAAM": "Zuid- en Noordeinderpolder"}}, {"type": "Feature", "geometry": {"type": "Point", "coordinates": [4.678093340217326, 52.13865525235166]}, "properties": {"CODE": "231-036-00023", "NAAM": "Gemaal Ridderveld/De Bijlen (Edelsteensingel)", "FUNCTIEGEMAAL": "Afvoeren", "CODEPEILGEBIEDPRAKTIJK": "OR-4.15.1.1", "MAXIMALECAPACITEIT": 14, "POLDERNAAM": "Ridderveld en de Bijlen"}}, {"type": "Feature", "geometry": {"type": "Point", "coordinates": [4.776700645859558, 52.32230445570343]}, "properties": {"CODE": "180-036-00055", "NAAM": "Vakgemaal NS-Noord", "FUNCTIEGEMAAL": "Afvoeren", "CODEPEILGEBIEDPRAKTIJK": "GH-140.04.2A", "MAXIMALECAPACITEIT": 172.4, "POLDERNAAM": "Haarlemmermeerpolder"}}, {"type": "Feature", "geometry": {"type": "Point", "coordinates": [4.657130260105431, 52.32191741806673]}, "properties": {"CODE": "180-036-00053", "NAAM": "Vakgemaal Overbos", "FUNCTIEGEMAAL": "Afvoeren", "CODEPEILGEBIEDPRAKTIJK": "GH-140.12", "MAXIMALECAPACITEIT": 15, "POLDERNAAM": "Haarlemmermeerpolder"}}, {"type": "Feature", "geometry": {"type": "Point", "coordinates": [4.641050954395429, 52.15880871238491]}, "properties": {"CODE": "159-036-00021", "NAAM": "Gemaal Vrouwgeestpolder", "FUNCTIEGEMAAL": "Afvoeren", "CODEPEILGEBIEDPRAKTIJK": "OR-3.48.1.1", "MAXIMALECAPACITEIT": 20.3, "POLDERNAAM": "Vrouwgeestpolder"}}, {"type": "Feature", "geometry": {"type": "Point", "coordinates": [4.666903130608556, 52.45459791745537]}, "properties": {"CODE": "263-036-00022", "NAAM": "Gemaal Rijksweg 22", "FUNCTIEGEMAAL": "Afvoeren", "CODEPEILGEBIEDPRAKTIJK": "GH-010.01", "MAXIMALECAPACITEIT": 2.28, "POLDERNAAM": "Noord-Spaarndammerpolder"}}, {"type": "Feature", "geometry": {"type": "Point", "coordinates": [4.696498919116189, 52.00465846656286]}, "properties": {"CODE": "245-036-00021", "NAAM": "Gemaal Korte Akkeren", "FUNCTIEGEMAAL": "Afvoeren", "CODEPEILGEBIEDPRAKTIJK": "WW-34", "MAXIMALECAPACITEIT": 20.1, "POLDERNAAM": "Polder Korte Akkeren"}}, {"type": "Feature", "geometry": {"type": "Point", "coordinates": [4.739558178794777, 52.42964756756966]}, "properties": {"CODE": "306-036-00022", "NAAM": "Gemaal Houtrak", "FUNCTIEGEMAAL": "Afvoergemaal", "CODEPEILGEBIEDPRAKTIJK": "GH-080.00", "MAXIMALECAPACITEIT": 163.8, "POLDERNAAM": "Houtrakpolder"}}, {"type": "Feature", "geometry": {"type": "Point", "coordinates": [4.4977674606938916, 52.13169880566115]}, "properties": {"CODE": "044-036-00025", "NAAM": "Vispassage gemaal Grote Polder", "FUNCTIEGEMAAL": null, "CODEPEILGEBIEDPRAKTIJK": "WW-07A", "MAXIMALECAPACITEIT": null, "POLDERNAAM": "Grote Polder"}}, {"type": "Feature", "geometry": {"type": "Point", "coordinates": [4.643193704080204, 52.319979480466316]}, "properties": {"CODE": "180-036-00059", "NAAM": "Inlaatgemaal Floriande", "FUNCTIEGEMAAL": "Afvoeren", "CODEPEILGEBIEDPRAKTIJK": "GH-140.49", "MAXIMALECAPACITEIT": 3, "POLDERNAAM": "Haarlemmermeerpolder"}}, {"type": "Feature", "geometry": {"type": "Point", "coordinates": [4.5731542162426155, 52.1945641072286]}, "properties": {"CODE": "023-036-00023", "NAAM": "Gemaal Sportpark Rijpwetering", "FUNCTIEGEMAAL": "Afvoeren", "CODEPEILGEBIEDPRAKTIJK": "OR-3.12.2.1", "MAXIMALECAPACITEIT": 3.5, "POLDERNAAM": "Drooggemaakte Akkersloot-, Hertogs- en Blijverpolder"}}, {"type": "Feature", "geometry": {"type": "Point", "coordinates": [4.621877583837029, 52.38822899608179]}, "properties": {"CODE": "462-036-00071", "NAAM": "Gemaal Julianalaan", "FUNCTIEGEMAAL": "Afvoeren", "CODEPEILGEBIEDPRAKTIJK": "RL-475", "MAXIMALECAPACITEIT": 2.2, "POLDERNAAM": "Polder Spoorwegdriehoek"}}, {"type": "Feature", "geometry": {"type": "Point", "coordinates": [4.4661762468287565, 52.18277523525403]}, "properties": {"CODE": "427-036-00022", "NAAM": "Gemaal Polder Oudenhof - Noord", "FUNCTIEGEMAAL": "Afvoeren", "CODEPEILGEBIEDPRAKTIJK": "RL-N-12", "MAXIMALECAPACITEIT": 3, "POLDERNAAM": "Polder Oudenhof"}}, {"type": "Feature", "geometry": {"type": "Point", "coordinates": [4.6358534280133386, 52.39068870634723]}, "properties": {"CODE": "462-036-00100", "NAAM": "Gemaal Schotersingel", "FUNCTIEGEMAAL": "Onderbemalen", "CODEPEILGEBIEDPRAKTIJK": "RIJNLANDSBOEZEM", "MAXIMALECAPACITEIT": null, "POLDERNAAM": "Compartiment 01"}}, {"type": "Feature", "geometry": {"type": "Point", "coordinates": [4.6991942214447855, 52.081778848130064]}, "properties": {"CODE": "250-036-00038", "NAAM": "Inlaatgemaal Th. Aendekerk", "FUNCTIEGEMAAL": "Afvoeren", "CODEPEILGEBIEDPRAKTIJK": "WW-31H", "MAXIMALECAPACITEIT": 46.67, "POLDERNAAM": "Polder Reeuwijk en Sluipwijk"}}, {"type": "Feature", "geometry": {"type": "Point", "coordinates": [4.596023356202887, 52.29159503130936]}, "properties": {"CODE": "146-036-00021", "NAAM": "Gemaal Venniperpolder", "FUNCTIEGEMAAL": "Afvoeren", "CODEPEILGEBIEDPRAKTIJK": "OR-1.27.1.1", "MAXIMALECAPACITEIT": 15, "POLDERNAAM": "Venniperpolder"}}, {"type": "Feature", "geometry": {"type": "Point", "coordinates": [4.719174825011129, 52.0893325114352]}, "properties": {"CODE": "020-036-00026", "NAAM": "Vakgemaal Binnenpolder - Dammekade", "FUNCTIEGEMAAL": "Afvoeren", "CODEPEILGEBIEDPRAKTIJK": "WW-27C", "MAXIMALECAPACITEIT": 11, "POLDERNAAM": "Binnenpolder (Bodegraven)"}}, {"type": "Feature", "geometry": {"type": "Point", "coordinates": [4.682964263579534, 52.22087377742913]}, "properties": {"CODE": "161-036-00044", "NAAM": "Gemaal Wassenaarschepolder - Noordwest", "FUNCTIEGEMAAL": "Afvoeren", "CODEPEILGEBIEDPRAKTIJK": "OR-4.04.2.2", "MAXIMALECAPACITEIT": 18.3, "POLDERNAAM": "Wassenaarschepolder"}}, {"type": "Feature", "geometry": {"type": "Point", "coordinates": [4.512852003999431, 52.14462143466351]}, "properties": {"CODE": "127-036-00024", "NAAM": "Gemaal Roomburg II", "FUNCTIEGEMAAL": "Afvoeren", "CODEPEILGEBIEDPRAKTIJK": "WW-01B", "MAXIMALECAPACITEIT": 2.33, "POLDERNAAM": "Room- of Meerburgerpolder"}}, {"type": "Feature", "geometry": {"type": "Point", "coordinates": [4.610215208064714, 52.31863815324613]}, "properties": {"CODE": "429-036-00022", "NAAM": "Gemaal Reigersbos", "FUNCTIEGEMAAL": "Afvoeren", "CODEPEILGEBIEDPRAKTIJK": "RL-N-15", "MAXIMALECAPACITEIT": 2.3, "POLDERNAAM": "Bennebroekerpolder"}}, {"type": "Feature", "geometry": {"type": "Point", "coordinates": [4.784828218080686, 52.069371455740914]}, "properties": {"CODE": "172-036-00022", "NAAM": "Gemaal Zuidzijderpolder", "FUNCTIEGEMAAL": "Afvoeren", "CODEPEILGEBIEDPRAKTIJK": "WW-30A", "MAXIMALECAPACITEIT": 69.4, "POLDERNAAM": "Zuidzijderpolder"}}, {"type": "Feature", "geometry": {"type": "Point", "coordinates": [4.7131195458920905, 52.057338017409535]}, "properties": {"CODE": "250-036-00026", "NAAM": "Vakgemaal Oud Reeuwijk", "FUNCTIEGEMAAL": "Afvoeren", "CODEPEILGEBIEDPRAKTIJK": "WW-31K", "MAXIMALECAPACITEIT": 5.06, "POLDERNAAM": "Polder Reeuwijk en Sluipwijk"}}, {"type": "Feature", "geometry": {"type": "Point", "coordinates": [4.757207257036628, 52.00322985229473]}, "properties": {"CODE": "254-036-00022", "NAAM": "Gemaal Stein", "FUNCTIEGEMAAL": "Afvoergemaal", "CODEPEILGEBIEDPRAKTIJK": "WW-39F", "MAXIMALECAPACITEIT": 40.98, "POLDERNAAM": "Polder Oukoop en Negenviertel / Polder Stein"}}, {"type": "Feature", "geometry": {"type": "Point", "coordinates": [4.782067910375171, 52.0234426717329]}, "properties": {"CODE": "254-036-00023", "NAAM": "Inlaatgemaal Roggebroek", "FUNCTIEGEMAAL": "Afvoeren", "CODEPEILGEBIEDPRAKTIJK": "WW-39", "MAXIMALECAPACITEIT": 6.4, "POLDERNAAM": "Polder Oukoop en Negenviertel / Polder Stein"}}, {"type": "Feature", "geometry": {"type": "Point", "coordinates": [4.5098795925373665, 52.224389803673326]}, "properties": {"CODE": "125-036-00022", "NAAM": "Gemaal Roodemolenpolder", "FUNCTIEGEMAAL": "Afvoeren", "CODEPEILGEBIEDPRAKTIJK": "OR-1.17.1.1", "MAXIMALECAPACITEIT": 12, "POLDERNAAM": "Roodemolenpolder"}}, {"type": "Feature", "geometry": {"type": "Point", "coordinates": [4.687366166153328, 52.345131500525774]}, "properties": {"CODE": "180-036-00057", "NAAM": "Vakgemaal Spieringmeer", "FUNCTIEGEMAAL": "Afvoeren", "CODEPEILGEBIEDPRAKTIJK": "GH-140.02.1", "MAXIMALECAPACITEIT": 72, "POLDERNAAM": "Haarlemmermeerpolder"}}, {"type": "Feature", "geometry": {"type": "Point", "coordinates": [4.475471128481827, 52.13795448153323]}, "properties": {"CODE": "014-036-00023", "NAAM": "Gemaal B&G polder (De Vliet)", "FUNCTIEGEMAAL": "Afvoergemaal", "CODEPEILGEBIEDPRAKTIJK": "OR-2.09.2.1", "MAXIMALECAPACITEIT": 5.38, "POLDERNAAM": "Bosch- en Gasthuispolder"}}, {"type": "Feature", "geometry": {"type": "Point", "coordinates": [4.716856910331411, 52.202790895298165]}, "properties": {"CODE": "161-036-00045", "NAAM": "Vakgemaal Wassenaarschepolder - Noordoost", "FUNCTIEGEMAAL": "Afvoeren", "CODEPEILGEBIEDPRAKTIJK": "OR-4.04.1.1", "MAXIMALECAPACITEIT": 9.2, "POLDERNAAM": "Wassenaarschepolder"}}, {"type": "Feature", "geometry": {"type": "Point", "coordinates": [4.498284938666792, 52.172406974578266]}, "properties": {"CODE": "407-036-00025", "NAAM": "Gemaal Slaaghmolen", "FUNCTIEGEMAAL": "Afvoeren", "CODEPEILGEBIEDPRAKTIJK": "RL-010-3.1", "MAXIMALECAPACITEIT": 6, "POLDERNAAM": "Slaaghpolder"}}, {"type": "Feature", "geometry": {"type": "Point", "coordinates": [4.798528082553566, 52.0134409313631]}, "properties": {"CODE": "254-036-00024", "NAAM": "Gemaal Stein Oukoop", "FUNCTIEGEMAAL": "Afvoeren", "CODEPEILGEBIEDPRAKTIJK": "WW-41A", "MAXIMALECAPACITEIT": 98, "POLDERNAAM": "Polder Oukoop en Negenviertel / Polder Stein"}}, {"type": "Feature", "geometry": {"type": "Point", "coordinates": [4.4957416046059215, 52.07347306855901]}, "properties": {"CODE": "247-036-00023", "NAAM": "Vakgemaal De Leyens", "FUNCTIEGEMAAL": "Afvoeren", "CODEPEILGEBIEDPRAKTIJK": "WW-17A", "MAXIMALECAPACITEIT": 197.9, "POLDERNAAM": "Nieuwe Driemanspolder"}}, {"type": "Feature", "geometry": {"type": "Point", "coordinates": [4.680595559205323, 52.051875204983276]}, "properties": {"CODE": "246-036-00022", "NAAM": "Vakgemaal Tempel", "FUNCTIEGEMAAL": "Afvoeren", "CODEPEILGEBIEDPRAKTIJK": "WW-29B", "MAXIMALECAPACITEIT": 50.1, "POLDERNAAM": "Polder Middelburg en Tempelpolder"}}, {"type": "Feature", "geometry": {"type": "Point", "coordinates": [4.506075230994074, 52.07874282881177]}, "properties": {"CODE": "431-036-00021", "NAAM": "Inlaatgemaal Het Lange Land", "FUNCTIEGEMAAL": "Afvoeren", "CODEPEILGEBIEDPRAKTIJK": "WW-17B", "MAXIMALECAPACITEIT": 20, "POLDERNAAM": "Nieuwe Driemanspolder"}}, {"type": "Feature", "geometry": {"type": "Point", "coordinates": [4.696044875194754, 52.14368290948226]}, "properties": {"CODE": "231-036-00021", "NAAM": "Gemaal Ridderveld/De Bijlen (Kromme Aarweg)", "FUNCTIEGEMAAL": "Afvoeren", "CODEPEILGEBIEDPRAKTIJK": "OR-4.15.1.1", "MAXIMALECAPACITEIT": 51.6, "POLDERNAAM": "Ridderveld en de Bijlen"}}, {"type": "Feature", "geometry": {"type": "Point", "coordinates": [4.465052678761211, 52.131814815678425]}, "properties": {"CODE": "170-036-00023", "NAAM": "Gemaal Z-Hoflandschepld (Noord)", "FUNCTIEGEMAAL": "Afvoeren", "CODEPEILGEBIEDPRAKTIJK": "OR-2.12.1.3", "MAXIMALECAPACITEIT": 2, "POLDERNAAM": "Zuid-Hoflandschepolder"}}, {"type": "Feature", "geometry": {"type": "Point", "coordinates": [4.452799697461465, 52.122859714015966]}, "properties": {"CODE": "009-036-00021", "NAAM": "Gemaal Binnenpolder (Vlietwijk)", "FUNCTIEGEMAAL": "Afvoeren", "CODEPEILGEBIEDPRAKTIJK": "OR-2.13.1.1", "MAXIMALECAPACITEIT": 6, "POLDERNAAM": "Binnenpolder (Voorschoten)"}}, {"type": "Feature", "geometry": {"type": "Point", "coordinates": [4.517066331087978, 52.18254181558108]}, "properties": {"CODE": "017-036-00023", "NAAM": "Gemaal B&S polder (Het Joppepad)", "FUNCTIEGEMAAL": "Afvoeren", "CODEPEILGEBIEDPRAKTIJK": "OR-3.16.1.1", "MAXIMALECAPACITEIT": 4.5, "POLDERNAAM": "Broek- en Simontjespolder"}}, {"type": "Feature", "geometry": {"type": "Point", "coordinates": [4.553895053055914, 52.29565947457683]}, "properties": {"CODE": "462-036-00116", "NAAM": "Gemaal De Zilk 9", "FUNCTIEGEMAAL": "Afvoeren", "CODEPEILGEBIEDPRAKTIJK": "RL-402-09", "MAXIMALECAPACITEIT": 6.5, "POLDERNAAM": "Peilvakken De Zilk"}}, {"type": "Feature", "geometry": {"type": "Point", "coordinates": [4.6957539842231855, 51.998666616542565]}, "properties": {"CODE": "433-036-00021", "NAAM": "Boezemgemaal Gouda", "FUNCTIEGEMAAL": "Afvoeren", "CODEPEILGEBIEDPRAKTIJK": "RIJNLANDSBOEZEM", "MAXIMALECAPACITEIT": 2400, "POLDERNAAM": "Boezem Hollandse IJssel (RL)"}}, {"type": "Feature", "geometry": {"type": "Point", "coordinates": [4.467608040424749, 52.13401521385339]}, "properties": {"CODE": "449-036-00021", "NAAM": "OB Kamsteeg", "FUNCTIEGEMAAL": "Onderbemalen", "CODEPEILGEBIEDPRAKTIJK": "RIJNLANDSBOEZEM", "MAXIMALECAPACITEIT": null, "POLDERNAAM": "Compartiment 09"}}, {"type": "Feature", "geometry": {"type": "Point", "coordinates": [4.796079462575386, 52.26320728157787]}, "properties": {"CODE": "189-036-00023", "NAAM": "Inlaatgemaal HW Legmeerdijk", "FUNCTIEGEMAAL": null, "CODEPEILGEBIEDPRAKTIJK": "GH-170.00", "MAXIMALECAPACITEIT": null, "POLDERNAAM": "Oosteinderpoelpolder"}}, {"type": "Feature", "geometry": {"type": "Point", "coordinates": [4.4390691964040885, 52.114742032929875]}, "properties": {"CODE": "136-036-00022", "NAAM": "Gemaal Koningsveld", "FUNCTIEGEMAAL": null, "CODEPEILGEBIEDPRAKTIJK": "OR-2.14.1.2", "MAXIMALECAPACITEIT": 7, "POLDERNAAM": "Starrenburgerpolder"}}, {"type": "Feature", "geometry": {"type": "Point", "coordinates": [4.364465504936918, 52.10183714337887]}, "properties": {"CODE": "029-036-00022", "NAAM": "Gemaal Norah", "FUNCTIEGEMAAL": "Afvoeren", "CODEPEILGEBIEDPRAKTIJK": "OR-2.15.1.6 (WEST)", "MAXIMALECAPACITEIT": 1.5, "POLDERNAAM": "Duivenvoordse- en Veenzijdsepolder"}}, {"type": "Feature", "geometry": {"type": "Point", "coordinates": [4.37793226458978, 52.08813158866628]}, "properties": {"CODE": "234-036-00022", "NAAM": "Gemaal Zijdepolder (Sijtwende)", "FUNCTIEGEMAAL": "Afvoeren", "CODEPEILGEBIEDPRAKTIJK": "OR-2.20.1.3", "MAXIMALECAPACITEIT": 6, "POLDERNAAM": "Zijdepolder"}}, {"type": "Feature", "geometry": {"type": "Point", "coordinates": [4.377604455803881, 52.13388189549555]}, "properties": {"CODE": "403-036-00021", "NAAM": "Inlaatgemaal Jagerslaan", "FUNCTIEGEMAAL": "Afvoeren", "CODEPEILGEBIEDPRAKTIJK": "RIJNLANDSBOEZEM", "MAXIMALECAPACITEIT": 10, "POLDERNAAM": "Compartiment 09"}}, {"type": "Feature", "geometry": {"type": "Point", "coordinates": [4.4471777919771345, 52.13888765914255]}, "properties": {"CODE": "096-036-00022", "NAAM": "Windmolen Hofland", "FUNCTIEGEMAAL": "Afvoeren", "CODEPEILGEBIEDPRAKTIJK": "OR-2.08.2.1", "MAXIMALECAPACITEIT": 1.02, "POLDERNAAM": "Noord-Hoflandschepolder"}}, {"type": "Feature", "geometry": {"type": "Point", "coordinates": [4.703942949514211, 52.14377345369988]}, "properties": {"CODE": "169-036-00031", "NAAM": "Gemaal Zuid- en Noordeinderpolder", "FUNCTIEGEMAAL": "Afvoeren", "CODEPEILGEBIEDPRAKTIJK": "OR-4.12.1.1", "MAXIMALECAPACITEIT": 118.8, "POLDERNAAM": "Zuid- en Noordeinderpolder"}}, {"type": "Feature", "geometry": {"type": "Point", "coordinates": [4.728412750954055, 52.01798227475918]}, "properties": {"CODE": "163-036-00024", "NAAM": "Vakgemaal Willens - Achterwillenseweg", "FUNCTIEGEMAAL": "Afvoeren", "CODEPEILGEBIEDPRAKTIJK": "WW-37", "MAXIMALECAPACITEIT": 17, "POLDERNAAM": "Polder Willens"}}, {"type": "Feature", "geometry": {"type": "Point", "coordinates": [4.634775262929056, 52.20473568403359]}, "properties": {"CODE": "040-036-00022", "NAAM": "Gemaal Sportpark Roelofarendsveen", "FUNCTIEGEMAAL": "Afvoeren", "CODEPEILGEBIEDPRAKTIJK": "OR-3.22.2.1", "MAXIMALECAPACITEIT": 0.76, "POLDERNAAM": "Gogerpolder"}}, {"type": "Feature", "geometry": {"type": "Point", "coordinates": [4.623107833933002, 52.21448178146948]}, "properties": {"CODE": "040-036-00023", "NAAM": "Gemaal Gogerpolder", "FUNCTIEGEMAAL": "Afvoeren", "CODEPEILGEBIEDPRAKTIJK": "OR-3.22.3.1", "MAXIMALECAPACITEIT": 6, "POLDERNAAM": "Gogerpolder"}}, {"type": "Feature", "geometry": {"type": "Point", "coordinates": [4.609392445955879, 52.13020505146283]}, "properties": {"CODE": "052-036-00021", "NAAM": "Gemaal Hogewaardsepolder", "FUNCTIEGEMAAL": "Afvoeren", "CODEPEILGEBIEDPRAKTIJK": "OR-3.25.1.1", "MAXIMALECAPACITEIT": 8.71, "POLDERNAAM": "Hogenwaardsepolder"}}, {"type": "Feature", "geometry": {"type": "Point", "coordinates": [4.506888606593477, 52.16950608135758]}, "properties": {"CODE": "407-036-00021", "NAAM": "Vakgemaal Roodenburg", "FUNCTIEGEMAAL": "Afvoeren", "CODEPEILGEBIEDPRAKTIJK": "RL-010-3.2", "MAXIMALECAPACITEIT": 1, "POLDERNAAM": "Slaaghpolder"}}, {"type": "Feature", "geometry": {"type": "Point", "coordinates": [4.7314650140170045, 52.00988908485323]}, "properties": {"CODE": "163-036-00025", "NAAM": "Gemaal Willens - Goejanverwelledijk", "FUNCTIEGEMAAL": "Afvoeren", "CODEPEILGEBIEDPRAKTIJK": "WW-37", "MAXIMALECAPACITEIT": 63.06, "POLDERNAAM": "Polder Willens"}}, {"type": "Feature", "geometry": {"type": "Point", "coordinates": [4.462148163573753, 52.1382432688557]}, "properties": {"CODE": "096-036-00023", "NAAM": "Gemaal Barentzslaan", "FUNCTIEGEMAAL": "Afvoeren", "CODEPEILGEBIEDPRAKTIJK": "OR-2.08.3.1", "MAXIMALECAPACITEIT": 1.5, "POLDERNAAM": "Noord-Hoflandschepolder"}}, {"type": "Feature", "geometry": {"type": "Point", "coordinates": [4.5681571724129615, 52.25356856305851]}, "properties": {"CODE": "082-036-00022", "NAAM": "Gemaal Meer- en Duinpolder (Gasstraat)", "FUNCTIEGEMAAL": "Afvoeren", "CODEPEILGEBIEDPRAKTIJK": "OR-1.07.3.1", "MAXIMALECAPACITEIT": 5.66, "POLDERNAAM": "Meer- en Duinpolder"}}, {"type": "Feature", "geometry": {"type": "Point", "coordinates": [4.45350793821183, 52.13919481983793]}, "properties": {"CODE": "096-036-00021", "NAAM": "Gemaal Het Wedde", "FUNCTIEGEMAAL": "Afvoeren", "CODEPEILGEBIEDPRAKTIJK": "OR-2.08.1.1", "MAXIMALECAPACITEIT": 18, "POLDERNAAM": "Noord-Hoflandschepolder"}}, {"type": "Feature", "geometry": {"type": "Point", "coordinates": [4.427049882860246, 52.15366702248979]}, "properties": {"CODE": "099-036-00021", "NAAM": "Gemaal Ommedijk", "FUNCTIEGEMAAL": "Afvoeren", "CODEPEILGEBIEDPRAKTIJK": "OR-2.06.1.1", "MAXIMALECAPACITEIT": 16.98, "POLDERNAAM": "Ommedijksepolder"}}, {"type": "Feature", "geometry": {"type": "Point", "coordinates": [4.602313591793061, 52.11405898683114]}, "properties": {"CODE": "240-036-00021", "NAAM": "Gemaal Oostgere", "FUNCTIEGEMAAL": "Afvoeren", "CODEPEILGEBIEDPRAKTIJK": "WW-20A", "MAXIMALECAPACITEIT": 18, "POLDERNAAM": "Geer- en Buurtpolder"}}, {"type": "Feature", "geometry": {"type": "Point", "coordinates": [4.626377674270703, 52.3968155902686]}, "properties": {"CODE": "462-036-00073", "NAAM": "Doorspoelgemaal Kleverlaan", "FUNCTIEGEMAAL": "Doorspoelen", "CODEPEILGEBIEDPRAKTIJK": "RIJNLANDSBOEZEM", "MAXIMALECAPACITEIT": null, "POLDERNAAM": "Compartiment 01"}}, {"type": "Feature", "geometry": {"type": "Point", "coordinates": [4.677226101266808, 52.12251865997003]}, "properties": {"CODE": "233-036-00021", "NAAM": "Gemaal Zegersloot", "FUNCTIEGEMAAL": "Afvoeren", "CODEPEILGEBIEDPRAKTIJK": "OR-4.14.1.1", "MAXIMALECAPACITEIT": 21, "POLDERNAAM": "Zegersloot"}}, {"type": "Feature", "geometry": {"type": "Point", "coordinates": [4.545272631665498, 52.194935053093765]}, "properties": {"CODE": "174-036-00021", "NAAM": "Gemaal Zweilanderpolder", "FUNCTIEGEMAAL": "Afvoeren", "CODEPEILGEBIEDPRAKTIJK": "OR-3.52.1.1", "MAXIMALECAPACITEIT": 9.48, "POLDERNAAM": "Zweilanderpolder"}}, {"type": "Feature", "geometry": {"type": "Point", "coordinates": [4.61119562272591, 52.316231956117036]}, "properties": {"CODE": "429-036-00023", "NAAM": "Gemaal Bennebroekerpolder", "FUNCTIEGEMAAL": "Afvoeren", "CODEPEILGEBIEDPRAKTIJK": "RL-N-16A", "MAXIMALECAPACITEIT": 4.02, "POLDERNAAM": "Bennebroekerpolder"}}, {"type": "Feature", "geometry": {"type": "Point", "coordinates": [4.854735267347492, 52.16049238247282]}, "properties": {"CODE": "094-036-00061", "NAAM": "Doorspoelgemaal Uitweg", "FUNCTIEGEMAAL": "Doorspoelen", "CODEPEILGEBIEDPRAKTIJK": "OR-4.10.1.1", "MAXIMALECAPACITEIT": null, "POLDERNAAM": "Polder Nieuwkoop en Noorden"}}, {"type": "Feature", "geometry": {"type": "Point", "coordinates": [4.557102016466973, 52.22009202029104]}, "properties": {"CODE": "180-036-00036", "NAAM": "Gemaal De Leeghwater", "FUNCTIEGEMAAL": "Afvoergemaal", "CODEPEILGEBIEDPRAKTIJK": "GH-140.00", "MAXIMALECAPACITEIT": 600, "POLDERNAAM": "Haarlemmermeerpolder"}}, {"type": "Feature", "geometry": {"type": "Point", "coordinates": [4.537701518962804, 52.16746817856081]}, "properties": {"CODE": "228-036-00024", "NAAM": "Vispassage Munniken-, Zijllaan- en Meijepolder", "FUNCTIEGEMAAL": null, "CODEPEILGEBIEDPRAKTIJK": "OR-3.35.1.1", "MAXIMALECAPACITEIT": null, "POLDERNAAM": "Munniken-, Zijllaan- en Meijepolder"}}, {"type": "Feature", "geometry": {"type": "Point", "coordinates": [4.443228236845534, 52.15493891542211]}, "properties": {"CODE": "139-036-00021", "NAAM": "Gemaal Stevenshof", "FUNCTIEGEMAAL": "Afvoeren", "CODEPEILGEBIEDPRAKTIJK": "OR-2.07.1.2 (Noord)", "MAXIMALECAPACITEIT": 2.82, "POLDERNAAM": "Stevenshofjespolder"}}, {"type": "Feature", "geometry": {"type": "Point", "coordinates": [4.401097154731576, 52.15730355444983]}, "properties": {"CODE": "226-036-00021", "NAAM": "Gemaal Kokshoorn", "FUNCTIEGEMAAL": "Afvoeren", "CODEPEILGEBIEDPRAKTIJK": "OR-2.01.1.1", "MAXIMALECAPACITEIT": 6.3, "POLDERNAAM": "Kokshoornpolder"}}, {"type": "Feature", "geometry": {"type": "Point", "coordinates": [4.464651739537044, 52.1282464872965]}, "properties": {"CODE": "170-036-00022", "NAAM": "Gemaal Zuid-Hoflandschepolder (Allemansgeest)", "FUNCTIEGEMAAL": "Afvoeren", "CODEPEILGEBIEDPRAKTIJK": "OR-2.12.1.1", "MAXIMALECAPACITEIT": 3, "POLDERNAAM": "Zuid-Hoflandschepolder"}}, {"type": "Feature", "geometry": {"type": "Point", "coordinates": [4.674268889769673, 52.411003175580404]}, "properties": {"CODE": "464-036-00021", "NAAM": "Boezemgemaal Spaarndam", "FUNCTIEGEMAAL": "Afvoeren", "CODEPEILGEBIEDPRAKTIJK": "RIJNLANDSBOEZEM", "MAXIMALECAPACITEIT": 1920, "POLDERNAAM": "Compartiment 01"}}, {"type": "Feature", "geometry": {"type": "Point", "coordinates": [4.581773742760712, 52.16719756948289]}, "properties": {"CODE": "156-036-00021", "NAAM": "Gemaal Voorofsepolder", "FUNCTIEGEMAAL": "Afvoeren", "CODEPEILGEBIEDPRAKTIJK": "OR-3.47.1.1", "MAXIMALECAPACITEIT": 9.45, "POLDERNAAM": "Voorofse- & Kooipolder"}}, {"type": "Feature", "geometry": {"type": "Point", "coordinates": [4.559329264762225, 52.190719244920004]}, "properties": {"CODE": "158-036-00021", "NAAM": "Gemaal Vrouw Vennepolder", "FUNCTIEGEMAAL": "Afvoeren", "CODEPEILGEBIEDPRAKTIJK": "OR-3.49.1.1", "MAXIMALECAPACITEIT": 21.07, "POLDERNAAM": "Vrouw Vennepolder"}}, {"type": "Feature", "geometry": {"type": "Point", "coordinates": [4.685045230263743, 52.42840438893305]}, "properties": {"CODE": "309-036-00023", "NAAM": "Doorspoelgemaal naaktrecreatie Zuid-Spaarndammerpolder", "FUNCTIEGEMAAL": "Doorspoelen", "CODEPEILGEBIEDPRAKTIJK": "GH-070.00", "MAXIMALECAPACITEIT": 3, "POLDERNAAM": "Zuid-Spaarndammerpolder"}}, {"type": "Feature", "geometry": {"type": "Point", "coordinates": [4.524855452343544, 52.254005717057154]}, "properties": {"CODE": "079-036-00023", "NAAM": "Gemaal Lageveensepolder", "FUNCTIEGEMAAL": "Afvoeren", "CODEPEILGEBIEDPRAKTIJK": "OR-1.05.1.1", "MAXIMALECAPACITEIT": null, "POLDERNAAM": "Lageveensepolder"}}, {"type": "Feature", "geometry": {"type": "Point", "coordinates": [4.7419606742976494, 52.16289311151128]}, "properties": {"CODE": "093-036-00104", "NAAM": "Vakgemaal Polder Nieuwkoop (Achttienkavels)", "FUNCTIEGEMAAL": "Afvoeren", "CODEPEILGEBIEDPRAKTIJK": "OR-4.09.4.1", "MAXIMALECAPACITEIT": 8.4, "POLDERNAAM": "Polder Nieuwkoop"}}, {"type": "Feature", "geometry": {"type": "Point", "coordinates": [4.608251528700933, 52.242339441350296]}, "properties": {"CODE": "180-036-00117", "NAAM": "Vakgemaal Dr. J.P. Heye", "FUNCTIEGEMAAL": "Afvoeren", "CODEPEILGEBIEDPRAKTIJK": "GH-140.09.1", "MAXIMALECAPACITEIT": 89, "POLDERNAAM": "Haarlemmermeerpolder"}}, {"type": "Feature", "geometry": {"type": "Point", "coordinates": [4.537784017866023, 52.16744320761241]}, "properties": {"CODE": "228-036-00021", "NAAM": "Gemaal Munniken-, Zijllaan- en Meijepolder", "FUNCTIEGEMAAL": "Afvoeren", "CODEPEILGEBIEDPRAKTIJK": "OR-3.35.1.1", "MAXIMALECAPACITEIT": 48, "POLDERNAAM": "Munniken-, Zijllaan- en Meijepolder"}}, {"type": "Feature", "geometry": {"type": "Point", "coordinates": [4.4077853485137215, 52.07766437281276]}, "properties": {"CODE": "247-036-00021", "NAAM": "Gemaal Driemanspolder", "FUNCTIEGEMAAL": "Afvoeren", "CODEPEILGEBIEDPRAKTIJK": "WW-17A", "MAXIMALECAPACITEIT": 116, "POLDERNAAM": "Nieuwe Driemanspolder"}}, {"type": "Feature", "geometry": {"type": "Point", "coordinates": [4.711663645180544, 52.11639983895675]}, "properties": {"CODE": "027-036-00021", "NAAM": "Gemaal Molen 3 Dr. Polder aan de W.zijde te Aarlanderveen", "FUNCTIEGEMAAL": "Afvoeren", "CODEPEILGEBIEDPRAKTIJK": "OR-4.12.1.15", "MAXIMALECAPACITEIT": 35.52, "POLDERNAAM": "Zuid- en Noordeinderpolder"}}, {"type": "Feature", "geometry": {"type": "Point", "coordinates": [4.722447601534278, 52.12680492467522]}, "properties": {"CODE": "027-036-00022", "NAAM": "Vakgemaal Molen 2 Dr. Polder aan de W.zijde te Aarlanderveen", "FUNCTIEGEMAAL": "Afvoeren", "CODEPEILGEBIEDPRAKTIJK": "OR-4.11.1.1", "MAXIMALECAPACITEIT": 35.52, "POLDERNAAM": "Drooggemaakte Polder aan de Westzijde te Aarlanderveen"}}, {"type": "Feature", "geometry": {"type": "Point", "coordinates": [4.720971088819806, 52.135152161040025]}, "properties": {"CODE": "027-036-00023", "NAAM": "Vakgemaal Molen 4 Dr. Polder aan de W.zijde te Aarlanderveen", "FUNCTIEGEMAAL": "Afvoeren", "CODEPEILGEBIEDPRAKTIJK": "OR-4.11.2.1", "MAXIMALECAPACITEIT": 5.4, "POLDERNAAM": "Drooggemaakte Polder aan de Westzijde te Aarlanderveen"}}, {"type": "Feature", "geometry": {"type": "Point", "coordinates": [4.703461387852229, 52.14146815853682]}, "properties": {"CODE": "169-036-00022", "NAAM": "Inlaatgemaal Zuid- en Noordeinderpolder (Kassengebied 1)", "FUNCTIEGEMAAL": "Afvoeren", "CODEPEILGEBIEDPRAKTIJK": "OR-4.12.1.1", "MAXIMALECAPACITEIT": 2, "POLDERNAAM": "Zuid- en Noordeinderpolder"}}, {"type": "Feature", "geometry": {"type": "Point", "coordinates": [4.605694272645089, 52.19782391449883]}, "properties": {"CODE": "028-036-00024", "NAAM": "Gemaal Dr. V&L polder (Korte Dwarsweg)", "FUNCTIEGEMAAL": "Afvoeren", "CODEPEILGEBIEDPRAKTIJK": "OR-3.43.1.1", "MAXIMALECAPACITEIT": 10, "POLDERNAAM": "Drooggemaakte Veender- en Lijkerpolder"}}, {"type": "Feature", "geometry": {"type": "Point", "coordinates": [4.611140372272063, 52.311760097731394]}, "properties": {"CODE": "104-036-00023", "NAAM": "Gemaal Oosteinderpolder", "FUNCTIEGEMAAL": "Afvoeren", "CODEPEILGEBIEDPRAKTIJK": "OR-1.01.1.1", "MAXIMALECAPACITEIT": 10, "POLDERNAAM": "Oosteinderpolder"}}, {"type": "Feature", "geometry": {"type": "Point", "coordinates": [4.481039226146978, 52.206382694923555]}, "properties": {"CODE": "032-036-00027", "NAAM": "Gemaal Elsgeesterpolder-West", "FUNCTIEGEMAAL": "Afvoeren", "CODEPEILGEBIEDPRAKTIJK": "OR-1.18.2.1", "MAXIMALECAPACITEIT": 26, "POLDERNAAM": "Elsgeesterpolder"}}, {"type": "Feature", "geometry": {"type": "Point", "coordinates": [4.435975234253119, 52.11260019400141]}, "properties": {"CODE": "136-036-00021", "NAAM": "Gemaal Starrenburg", "FUNCTIEGEMAAL": "Afvoeren", "CODEPEILGEBIEDPRAKTIJK": "OR-2.14.1.1", "MAXIMALECAPACITEIT": 7.02, "POLDERNAAM": "Starrenburgerpolder"}}, {"type": "Feature", "geometry": {"type": "Point", "coordinates": [4.556626093110273, 52.15502230003734]}, "properties": {"CODE": "002-036-00021", "NAAM": "Gemaal Polder Achthoven", "FUNCTIEGEMAAL": "Afvoeren", "CODEPEILGEBIEDPRAKTIJK": "OR-3.10.1.1", "MAXIMALECAPACITEIT": 37.98, "POLDERNAAM": "Polder Achthoven"}}, {"type": "Feature", "geometry": {"type": "Point", "coordinates": [4.586244790866434, 52.140516468765775]}, "properties": {"CODE": "051-036-00022", "NAAM": "Gemaal Hondsdijksepolder", "FUNCTIEGEMAAL": "Afvoeren", "CODEPEILGEBIEDPRAKTIJK": "OR-3.26.1.1", "MAXIMALECAPACITEIT": 30.3, "POLDERNAAM": "Hondsdijksepolder"}}, {"type": "Feature", "geometry": {"type": "Point", "coordinates": [4.520746112708504, 52.11021503611825]}, "properties": {"CODE": "259-036-00021", "NAAM": "Gemaal Westbroekpolder", "FUNCTIEGEMAAL": "Afvoeren", "CODEPEILGEBIEDPRAKTIJK": "WW-08A", "MAXIMALECAPACITEIT": 37.6, "POLDERNAAM": "Westbroekpolder"}}, {"type": "Feature", "geometry": {"type": "Point", "coordinates": [4.464913353334107, 52.149295075345144]}, "properties": {"CODE": "014-036-00021", "NAAM": "Gemaal B&G polder (Korte Vliet)", "FUNCTIEGEMAAL": "Afvoeren", "CODEPEILGEBIEDPRAKTIJK": "OR-2.09.1.1", "MAXIMALECAPACITEIT": 2, "POLDERNAAM": "Bosch- en Gasthuispolder"}}, {"type": "Feature", "geometry": {"type": "Point", "coordinates": [4.551903223380453, 52.21930821616711]}, "properties": {"CODE": "048-036-00021", "NAAM": "Gemaal Hellegatspolder", "FUNCTIEGEMAAL": "Afvoeren", "CODEPEILGEBIEDPRAKTIJK": "OR-3.23.1.1", "MAXIMALECAPACITEIT": 8.5, "POLDERNAAM": "Hellegatspolder"}}, {"type": "Feature", "geometry": {"type": "Point", "coordinates": [4.698005753159997, 52.11006305068856]}, "properties": {"CODE": "137-036-00028", "NAAM": "Gemaal Steekt", "FUNCTIEGEMAAL": "Afvoeren", "CODEPEILGEBIEDPRAKTIJK": "WW-26A", "MAXIMALECAPACITEIT": 94.4, "POLDERNAAM": "Polder Steekt"}}, {"type": "Feature", "geometry": {"type": "Point", "coordinates": [4.618890915073284, 52.34604934458103]}, "properties": {"CODE": "462-036-00117", "NAAM": "Doorspoelgemaal Zandvaart", "FUNCTIEGEMAAL": "Doorspoelen", "CODEPEILGEBIEDPRAKTIJK": "RIJNLANDSBOEZEM", "MAXIMALECAPACITEIT": 3.6, "POLDERNAAM": "Compartiment 01"}}, {"type": "Feature", "geometry": {"type": "Point", "coordinates": [4.398309336512664, 52.092795348895294]}, "properties": {"CODE": "234-036-00021", "NAAM": "Gemaal Zijdepolder", "FUNCTIEGEMAAL": "Afvoeren", "CODEPEILGEBIEDPRAKTIJK": "OR-2.20.1.1", "MAXIMALECAPACITEIT": 63.84, "POLDERNAAM": "Zijdepolder"}}, {"type": "Feature", "geometry": {"type": "Point", "coordinates": [4.6719731626149965, 52.430558890237954]}, "properties": {"CODE": "308-036-00022", "NAAM": "Vakgemaal De Westbroek", "FUNCTIEGEMAAL": "Afvoeren", "CODEPEILGEBIEDPRAKTIJK": "GH-020.03.2", "MAXIMALECAPACITEIT": 21, "POLDERNAAM": "Polder de Velserbroek"}}, {"type": "Feature", "geometry": {"type": "Point", "coordinates": [4.443448972531451, 52.138331434651725]}, "properties": {"CODE": "116-036-00021", "NAAM": "Gemaal Papenweg", "FUNCTIEGEMAAL": "Afvoeren", "CODEPEILGEBIEDPRAKTIJK": "OR-2.10.1.1", "MAXIMALECAPACITEIT": 43, "POLDERNAAM": "Papenwegsepolder"}}, {"type": "Feature", "geometry": {"type": "Point", "coordinates": [4.403008153517665, 52.08433272726952]}, "properties": {"CODE": "123-036-00022", "NAAM": "Gemaal Rietvink", "FUNCTIEGEMAAL": "Afvoeren", "CODEPEILGEBIEDPRAKTIJK": "OR-2.18.2.1", "MAXIMALECAPACITEIT": 8.5, "POLDERNAAM": "Rietvinkpolder"}}, {"type": "Feature", "geometry": {"type": "Point", "coordinates": [4.723509395131321, 52.15902234899235]}, "properties": {"CODE": "221-036-00021", "NAAM": "Gemaal Drooggemaakte Hoef- en Schoutenpolder", "FUNCTIEGEMAAL": "Afvoeren", "CODEPEILGEBIEDPRAKTIJK": "OR-4.13.1.1", "MAXIMALECAPACITEIT": 1.02, "POLDERNAAM": "Drooggemaakte Hoef- en Schoutenpolder"}}, {"type": "Feature", "geometry": {"type": "Point", "coordinates": [4.466025929476774, 52.22509049610949]}, "properties": {"CODE": "054-036-00021", "NAAM": "Gemaal Hoogewegpolder", "FUNCTIEGEMAAL": "Afvoeren", "CODEPEILGEBIEDPRAKTIJK": "OR-1.12.1.1", "MAXIMALECAPACITEIT": 19.1, "POLDERNAAM": "Hoogewegpolder"}}, {"type": "Feature", "geometry": {"type": "Point", "coordinates": [4.478930720620486, 52.13617394048113]}, "properties": {"CODE": "107-036-00022", "NAAM": "Gemaal Oostvlietpolder", "FUNCTIEGEMAAL": "Afvoeren", "CODEPEILGEBIEDPRAKTIJK": "WW-03A", "MAXIMALECAPACITEIT": 26, "POLDERNAAM": "Oostvliet-, Hof- en Spekpolder"}}, {"type": "Feature", "geometry": {"type": "Point", "coordinates": [4.706402778943132, 52.30116809107065]}, "properties": {"CODE": "180-036-00065", "NAAM": "Inlaatgemaal van der Burghstraat", "FUNCTIEGEMAAL": "Afvoeren", "CODEPEILGEBIEDPRAKTIJK": "GH-140.30", "MAXIMALECAPACITEIT": null, "POLDERNAAM": "Haarlemmermeerpolder"}}, {"type": "Feature", "geometry": {"type": "Point", "coordinates": [4.686785173422667, 52.30085808594311]}, "properties": {"CODE": "180-036-00068", "NAAM": "Inlaatgemaal Voorkanaal", "FUNCTIEGEMAAL": "Afvoeren", "CODEPEILGEBIEDPRAKTIJK": "GH-140.34", "MAXIMALECAPACITEIT": null, "POLDERNAAM": "Haarlemmermeerpolder"}}, {"type": "Feature", "geometry": {"type": "Point", "coordinates": [4.697508875379886, 52.29499661795294]}, "properties": {"CODE": "180-036-00062", "NAAM": "Inlaatgemaal Fruittuinen I", "FUNCTIEGEMAAL": "Afvoeren", "CODEPEILGEBIEDPRAKTIJK": "GH-140.54", "MAXIMALECAPACITEIT": null, "POLDERNAAM": "Haarlemmermeerpolder"}}, {"type": "Feature", "geometry": {"type": "Point", "coordinates": [4.490282787850094, 52.18353751326976]}, "properties": {"CODE": "114-036-00021", "NAAM": "Gemaal Overveerpolder", "FUNCTIEGEMAAL": "Afvoeren", "CODEPEILGEBIEDPRAKTIJK": "OR-1.23.1.1", "MAXIMALECAPACITEIT": 3, "POLDERNAAM": "Overveerpolder"}}, {"type": "Feature", "geometry": {"type": "Point", "coordinates": [4.437938152109167, 52.12181022199298]}, "properties": {"CODE": "108-036-00023", "NAAM": "Gemaal Woelwijklaan", "FUNCTIEGEMAAL": "Afvoeren", "CODEPEILGEBIEDPRAKTIJK": "OR-2.11.2.1", "MAXIMALECAPACITEIT": 0.9, "POLDERNAAM": "Oranjepolder"}}, {"type": "Feature", "geometry": {"type": "Point", "coordinates": [4.49434687129344, 52.143492565634446]}, "properties": {"CODE": "410-036-00022", "NAAM": "Gemaal Kanaalweg", "FUNCTIEGEMAAL": "Afvoeren", "CODEPEILGEBIEDPRAKTIJK": "RL-014", "MAXIMALECAPACITEIT": 4.98, "POLDERNAAM": "Rodenburger- en Cronesteinschepolder (West)"}}, {"type": "Feature", "geometry": {"type": "Point", "coordinates": [4.512831371477036, 52.14461489997738]}, "properties": {"CODE": "127-036-00023", "NAAM": "Gemaal Roomburg I", "FUNCTIEGEMAAL": "Afvoeren", "CODEPEILGEBIEDPRAKTIJK": "WW-01C", "MAXIMALECAPACITEIT": 2.38, "POLDERNAAM": "Room- of Meerburgerpolder"}}, {"type": "Feature", "geometry": {"type": "Point", "coordinates": [4.669945015280536, 52.06350108624835]}, "properties": {"CODE": "241-036-00028", "NAAM": "Vakgemaal Gouwedreef", "FUNCTIEGEMAAL": "Afvoeren", "CODEPEILGEBIEDPRAKTIJK": "WW-28F", "MAXIMALECAPACITEIT": 3.2, "POLDERNAAM": "Gouwepolder"}}, {"type": "Feature", "geometry": {"type": "Point", "coordinates": [4.59329271607355, 52.30958808155126]}, "properties": {"CODE": "402-036-00041", "NAAM": "Gemaal De Zilk 7", "FUNCTIEGEMAAL": "Afvoeren", "CODEPEILGEBIEDPRAKTIJK": "RL-402-07", "MAXIMALECAPACITEIT": 26.52, "POLDERNAAM": "Peilvakken De Zilk"}}, {"type": "Feature", "geometry": {"type": "Point", "coordinates": [4.50437414069199, 52.227992600442185]}, "properties": {"CODE": "084-036-00022", "NAAM": "Gemaal Luizenmarkt (van Rijn)", "FUNCTIEGEMAAL": "Onderbemalen", "CODEPEILGEBIEDPRAKTIJK": "OR-1.16.1.1", "MAXIMALECAPACITEIT": 2, "POLDERNAAM": "Luizenmarktpolder"}}, {"type": "Feature", "geometry": {"type": "Point", "coordinates": [4.639411579625594, 52.26821149281564]}, "properties": {"CODE": "180-036-00071", "NAAM": "Inlaatgemaal Spoorzicht", "FUNCTIEGEMAAL": "Afvoeren", "CODEPEILGEBIEDPRAKTIJK": "GH-140.00", "MAXIMALECAPACITEIT": null, "POLDERNAAM": "Haarlemmermeerpolder"}}, {"type": "Feature", "geometry": {"type": "Point", "coordinates": [4.701490283067104, 52.01166402365787]}, "properties": {"CODE": "252-036-00021", "NAAM": "Gemaal Spruit", "FUNCTIEGEMAAL": "Afvoeren", "CODEPEILGEBIEDPRAKTIJK": "WW-33", "MAXIMALECAPACITEIT": 3.3, "POLDERNAAM": "Polder Spruit"}}, {"type": "Feature", "geometry": {"type": "Point", "coordinates": [4.451310209590322, 52.1390245083938]}, "properties": {"CODE": "096-036-00029", "NAAM": "Gemaal Noord-Hoflandsche polder - Tuinderspad", "FUNCTIEGEMAAL": "Afvoeren", "CODEPEILGEBIEDPRAKTIJK": "OR-2.08.6.1", "MAXIMALECAPACITEIT": 1.6, "POLDERNAAM": "Noord-Hoflandschepolder"}}, {"type": "Feature", "geometry": {"type": "Point", "coordinates": [4.739995657255835, 52.352343167189666]}, "properties": {"CODE": "180-036-00109", "NAAM": "Vakgemaal Nieuwerkerk", "FUNCTIEGEMAAL": "Afvoeren", "CODEPEILGEBIEDPRAKTIJK": "GH-140.02.1", "MAXIMALECAPACITEIT": 101.2, "POLDERNAAM": "Haarlemmermeerpolder"}}, {"type": "Feature", "geometry": {"type": "Point", "coordinates": [4.568544923929654, 52.26382844690506]}, "properties": {"CODE": "082-036-00021", "NAAM": "Gemaal Meer- en Duinpolder (Fioretti College)", "FUNCTIEGEMAAL": "Afvoeren", "CODEPEILGEBIEDPRAKTIJK": "OR-1.07.2.1", "MAXIMALECAPACITEIT": 21.66, "POLDERNAAM": "Meer- en Duinpolder"}}, {"type": "Feature", "geometry": {"type": "Point", "coordinates": [4.663447506804607, 52.21917501499744]}, "properties": {"CODE": "223-036-00021", "NAAM": "Gemaal Groote- en Kleine Heilige Geestpolder", "FUNCTIEGEMAAL": "Afvoeren", "CODEPEILGEBIEDPRAKTIJK": "OR-4.02.1.1", "MAXIMALECAPACITEIT": 20, "POLDERNAAM": "Groote en Kleine Heilige Geestpolder"}}, {"type": "Feature", "geometry": {"type": "Point", "coordinates": [4.498507402977892, 52.208564691980385]}, "properties": {"CODE": "225-036-00021", "NAAM": "Gemaal Klinkenberger- en Voorhofpolder", "FUNCTIEGEMAAL": "Afvoeren", "CODEPEILGEBIEDPRAKTIJK": "OR-1.20.1.1", "MAXIMALECAPACITEIT": 18, "POLDERNAAM": "Klinkenberger- en Voorhofpolder"}}, {"type": "Feature", "geometry": {"type": "Point", "coordinates": [4.693324874324914, 52.42109797290618]}, "properties": {"CODE": "309-036-00025", "NAAM": "Vispassage gemaal Zuidspaarndammer", "FUNCTIEGEMAAL": null, "CODEPEILGEBIEDPRAKTIJK": "GH-070.00", "MAXIMALECAPACITEIT": null, "POLDERNAAM": "Zuid-Spaarndammerpolder"}}, {"type": "Feature", "geometry": {"type": "Point", "coordinates": [4.578320502311679, 52.21740978013029]}, "properties": {"CODE": "003-036-00022", "NAAM": "Weidemolen Aderpolder", "FUNCTIEGEMAAL": "Afvoeren", "CODEPEILGEBIEDPRAKTIJK": "OR-3.11.2.1", "MAXIMALECAPACITEIT": 0.48, "POLDERNAAM": "Aderpolder"}}, {"type": "Feature", "geometry": {"type": "Point", "coordinates": [4.537077257511583, 52.14820855070583]}, "properties": {"CODE": "224-036-00021", "NAAM": "Gemaal Kalkpolder", "FUNCTIEGEMAAL": "Afvoeren", "CODEPEILGEBIEDPRAKTIJK": "OR-3.53.1.1", "MAXIMALECAPACITEIT": 8, "POLDERNAAM": "Kalkpolder"}}, {"type": "Feature", "geometry": {"type": "Point", "coordinates": [4.58741982669202, 52.27997724768114]}, "properties": {"CODE": "031-036-00021", "NAAM": "Gemaal Elsbroekerpolder (G.Gezellelaan)", "FUNCTIEGEMAAL": "Afvoeren", "CODEPEILGEBIEDPRAKTIJK": "OR-1.06.1.1", "MAXIMALECAPACITEIT": 15, "POLDERNAAM": "Elsbroekerpolder"}}, {"type": "Feature", "geometry": {"type": "Point", "coordinates": [4.40966259788922, 52.08962763462541]}, "properties": {"CODE": "037-036-00021", "NAAM": "Gemaal Starrevaart", "FUNCTIEGEMAAL": "Afvoeren", "CODEPEILGEBIEDPRAKTIJK": "WW-14A", "MAXIMALECAPACITEIT": 54, "POLDERNAAM": "Gecombineerde Starrevaart- en Damhouderpolder"}}, {"type": "Feature", "geometry": {"type": "Point", "coordinates": [4.676355578485373, 52.35613767833136]}, "properties": {"CODE": "423-036-00024", "NAAM": "Gemaal Vijfhuizerpolder", "FUNCTIEGEMAAL": "Afvoeren", "CODEPEILGEBIEDPRAKTIJK": "RL-N-07-01", "MAXIMALECAPACITEIT": 6, "POLDERNAAM": "Vijfhuizer- en Poelpolder"}}, {"type": "Feature", "geometry": {"type": "Point", "coordinates": [4.638424210522464, 52.3603946912887]}, "properties": {"CODE": "421-036-00025", "NAAM": "Gemaal Romolenpolder", "FUNCTIEGEMAAL": "Afvoeren", "CODEPEILGEBIEDPRAKTIJK": "RL-N-04A", "MAXIMALECAPACITEIT": 8.2, "POLDERNAAM": "Romolenpolder"}}, {"type": "Feature", "geometry": {"type": "Point", "coordinates": [4.468985432607577, 52.09998933586192]}, "properties": {"CODE": "086-036-00022", "NAAM": "Gemaal Meeslouwerpolder", "FUNCTIEGEMAAL": "Afvoeren", "CODEPEILGEBIEDPRAKTIJK": "WW-12A", "MAXIMALECAPACITEIT": 30, "POLDERNAAM": "Meeslouwerpolder"}}, {"type": "Feature", "geometry": {"type": "Point", "coordinates": [4.671268005011239, 52.36982025369496]}, "properties": {"CODE": "422-036-00021", "NAAM": "Gemaal Poelpolder-Noord", "FUNCTIEGEMAAL": "Afvoeren", "CODEPEILGEBIEDPRAKTIJK": "RL-N-06-01", "MAXIMALECAPACITEIT": 2.37, "POLDERNAAM": "Poelpolder (Noord)"}}, {"type": "Feature", "geometry": {"type": "Point", "coordinates": [4.582296255489532, 52.101878060276576]}, "properties": {"CODE": "249-036-00029", "NAAM": "Vakgemaal Galgpolder", "FUNCTIEGEMAAL": "Afvoeren", "CODEPEILGEBIEDPRAKTIJK": "WW-25AK", "MAXIMALECAPACITEIT": null, "POLDERNAAM": "Polder de Noordplas"}}, {"type": "Feature", "geometry": {"type": "Point", "coordinates": [4.672415343247308, 52.427749379843725]}, "properties": {"CODE": "308-036-00031", "NAAM": "Doorspoelgemaal Westbroekplas", "FUNCTIEGEMAAL": "Doorspoelen", "CODEPEILGEBIEDPRAKTIJK": "GH-020.02.1", "MAXIMALECAPACITEIT": null, "POLDERNAAM": "Polder de Velserbroek"}}, {"type": "Feature", "geometry": {"type": "Point", "coordinates": [4.512198010581993, 52.19823638853341]}, "properties": {"CODE": "173-036-00021", "NAAM": "Gemaal Zwanburgerpolder", "FUNCTIEGEMAAL": "Afvoeren", "CODEPEILGEBIEDPRAKTIJK": "OR-3.51.1.1", "MAXIMALECAPACITEIT": 12.6, "POLDERNAAM": "Zwanburgerpolder"}}, {"type": "Feature", "geometry": {"type": "Point", "coordinates": [4.4948598416854875, 52.18334821248181]}, "properties": {"CODE": "404-036-00021", "NAAM": "Gemaal Klaas Hennepoelpolder", "FUNCTIEGEMAAL": "Afvoeren", "CODEPEILGEBIEDPRAKTIJK": "OR-3.55.1.1", "MAXIMALECAPACITEIT": 6, "POLDERNAAM": "Klaas Hennepoelpolder"}}, {"type": "Feature", "geometry": {"type": "Point", "coordinates": [4.537094520326873, 52.222986717394384]}, "properties": {"CODE": "033-036-00021", "NAAM": "Gemaal Floris-Schouten-Vrouwenpolder", "FUNCTIEGEMAAL": "Afvoergemaal", "CODEPEILGEBIEDPRAKTIJK": "OR-3.19.1.1", "MAXIMALECAPACITEIT": 27.3, "POLDERNAAM": "Floris-, Schouten- en Vrouwenpolder"}}, {"type": "Feature", "geometry": {"type": "Point", "coordinates": [4.518840164512582, 52.14321972032036]}, "properties": {"CODE": "243-036-00021", "NAAM": "Gemaal Industrieterrein Grote Polder", "FUNCTIEGEMAAL": "Afvoeren", "CODEPEILGEBIEDPRAKTIJK": "WW-06", "MAXIMALECAPACITEIT": 18.9, "POLDERNAAM": "Grote Polder - Industrieterrein"}}, {"type": "Feature", "geometry": {"type": "Point", "coordinates": [4.612677678543813, 52.2758184258203]}, "properties": {"CODE": "180-036-00064", "NAAM": "Inlaatgemaal Getsewoud", "FUNCTIEGEMAAL": "Afvoeren", "CODEPEILGEBIEDPRAKTIJK": "GH-140.08A", "MAXIMALECAPACITEIT": 3.17, "POLDERNAAM": "Haarlemmermeerpolder"}}, {"type": "Feature", "geometry": {"type": "Point", "coordinates": [4.720233126627812, 52.02242018307757]}, "properties": {"CODE": "250-036-00022", "NAAM": "Vakgemaal Burgvlietkade", "FUNCTIEGEMAAL": "Afvoeren", "CODEPEILGEBIEDPRAKTIJK": "RL-027.1.1", "MAXIMALECAPACITEIT": 90, "POLDERNAAM": "Stadsboezem Gouda"}}, {"type": "Feature", "geometry": {"type": "Point", "coordinates": [4.691452280040833, 52.085103286818594]}, "properties": {"CODE": "241-036-00031", "NAAM": "Vakgemaal Spoelwijk", "FUNCTIEGEMAAL": "Afvoeren", "CODEPEILGEBIEDPRAKTIJK": "WW-28B", "MAXIMALECAPACITEIT": null, "POLDERNAAM": "Gouwepolder"}}, {"type": "Feature", "geometry": {"type": "Point", "coordinates": [4.517065223177477, 52.208235219113]}, "properties": {"CODE": "049-036-00022", "NAAM": "Gemaal Camping Wasbeek", "FUNCTIEGEMAAL": "Afvoeren", "CODEPEILGEBIEDPRAKTIJK": "OR-3.24.2.1", "MAXIMALECAPACITEIT": null, "POLDERNAAM": "Hemmeerpolder"}}, {"type": "Feature", "geometry": {"type": "Point", "coordinates": [4.771188596739601, 52.392289151574495]}, "properties": {"CODE": "462-036-00110", "NAAM": "Gemaal Halfweg Vispassage", "FUNCTIEGEMAAL": null, "CODEPEILGEBIEDPRAKTIJK": "RIJNLANDSBOEZEM", "MAXIMALECAPACITEIT": null, "POLDERNAAM": "Compartiment 01"}}, {"type": "Feature", "geometry": {"type": "Point", "coordinates": [4.677276910943119, 52.4269012390396]}, "properties": {"CODE": "308-036-00021", "NAAM": "Gemaal De Dammers", "FUNCTIEGEMAAL": "Afvoeren", "CODEPEILGEBIEDPRAKTIJK": "GH-020.02.1", "MAXIMALECAPACITEIT": 60, "POLDERNAAM": "Polder de Velserbroek"}}, {"type": "Feature", "geometry": {"type": "Point", "coordinates": [4.668143766050823, 52.10811444362597]}, "properties": {"CODE": "260-036-00021", "NAAM": "Gemaal Het Zaanse Rietveld", "FUNCTIEGEMAAL": "Afvoeren", "CODEPEILGEBIEDPRAKTIJK": "WW-22A", "MAXIMALECAPACITEIT": 100, "POLDERNAAM": "Polder Het Zaanse Rietveld"}}, {"type": "Feature", "geometry": {"type": "Point", "coordinates": [4.581676014836385, 52.17310862908633]}, "properties": {"CODE": "055-036-00021", "NAAM": "Gemaal Hoogmade (bij molen)", "FUNCTIEGEMAAL": "Afvoeren", "CODEPEILGEBIEDPRAKTIJK": "RIJNLANDSBOEZEM", "MAXIMALECAPACITEIT": 13, "POLDERNAAM": "Compartiment 05"}}, {"type": "Feature", "geometry": {"type": "Point", "coordinates": [4.471775531258028, 52.16310137518454]}, "properties": {"CODE": "409-036-00021", "NAAM": "Gemaal Pesthuispolder-Zuid", "FUNCTIEGEMAAL": "Afvoeren", "CODEPEILGEBIEDPRAKTIJK": "RL-012.1.1", "MAXIMALECAPACITEIT": 1.5, "POLDERNAAM": "Pesthuispolder (Zuid)"}}, {"type": "Feature", "geometry": {"type": "Point", "coordinates": [4.53698318693122, 52.22297059466888]}, "properties": {"CODE": "033-036-00024", "NAAM": "Gemaal Floris-Schouten-Vrouwenpolder", "FUNCTIEGEMAAL": "Afvoeren", "CODEPEILGEBIEDPRAKTIJK": "OR-3.19.1.1", "MAXIMALECAPACITEIT": 28, "POLDERNAAM": "Floris-, Schouten- en Vrouwenpolder"}}, {"type": "Feature", "geometry": {"type": "Point", "coordinates": [4.453505840694085, 52.119921507393435]}, "properties": {"CODE": "009-036-00022", "NAAM": "Gemaal Binnenpolder (Roerdomperf)", "FUNCTIEGEMAAL": "Afvoeren", "CODEPEILGEBIEDPRAKTIJK": "OR-2.13.2.1", "MAXIMALECAPACITEIT": 6, "POLDERNAAM": "Binnenpolder (Voorschoten)"}}, {"type": "Feature", "geometry": {"type": "Point", "coordinates": [4.737017682359158, 52.38583397881208]}, "properties": {"CODE": "238-036-00022", "NAAM": "Gemaal Zwetpolder, Sugar City", "FUNCTIEGEMAAL": "Afvoeren", "CODEPEILGEBIEDPRAKTIJK": "GH-130.00", "MAXIMALECAPACITEIT": 1.62, "POLDERNAAM": "Zwetpolder"}}, {"type": "Feature", "geometry": {"type": "Point", "coordinates": [4.667743341875694, 52.28771109665524]}, "properties": {"CODE": "180-036-00074", "NAAM": "Inlaatgemaal De President", "FUNCTIEGEMAAL": "Afvoeren", "CODEPEILGEBIEDPRAKTIJK": "GH-140.33", "MAXIMALECAPACITEIT": 2, "POLDERNAAM": "Haarlemmermeerpolder"}}, {"type": "Feature", "geometry": {"type": "Point", "coordinates": [4.519804226554661, 52.15066967916899]}, "properties": {"CODE": "449-036-00032", "NAAM": "Gemaal Besjeslaan", "FUNCTIEGEMAAL": "Afvoeren", "CODEPEILGEBIEDPRAKTIJK": "RL-022.1.1", "MAXIMALECAPACITEIT": 3, "POLDERNAAM": "Polder Besjeslaan"}}, {"type": "Feature", "geometry": {"type": "Point", "coordinates": [4.7268537682791765, 52.21008768514696]}, "properties": {"CODE": "095-036-00023", "NAAM": "Gemaal Noordeind- en Geerpolder (Bilderdam)", "FUNCTIEGEMAAL": "Afvoergemaal", "CODEPEILGEBIEDPRAKTIJK": "OR-4.05.3.1", "MAXIMALECAPACITEIT": 4.43, "POLDERNAAM": "Noordeind- en Geerpolder"}}, {"type": "Feature", "geometry": {"type": "Point", "coordinates": [4.632761362064407, 52.215965077047926]}, "properties": {"CODE": "040-036-00021", "NAAM": "Gemaal Gogerpolder (bij molen)", "FUNCTIEGEMAAL": "Afvoeren", "CODEPEILGEBIEDPRAKTIJK": "OR-3.22.1.1", "MAXIMALECAPACITEIT": 50.88, "POLDERNAAM": "Gogerpolder"}}, {"type": "Feature", "geometry": {"type": "Point", "coordinates": [4.538551328680375, 52.28033859554469]}, "properties": {"CODE": "046-036-00022", "NAAM": "Gemaal Zilkerpolder", "FUNCTIEGEMAAL": "Afvoeren", "CODEPEILGEBIEDPRAKTIJK": "OR-1.03.1.2", "MAXIMALECAPACITEIT": 28.9, "POLDERNAAM": "Zilkerpolder"}}, {"type": "Feature", "geometry": {"type": "Point", "coordinates": [4.607429499898456, 52.156974391381006]}, "properties": {"CODE": "078-036-00024", "NAAM": "Vispassage Lagewaardsepolder", "FUNCTIEGEMAAL": null, "CODEPEILGEBIEDPRAKTIJK": "OR-3.31.1.1", "MAXIMALECAPACITEIT": null, "POLDERNAAM": "Lagenwaardsepolder"}}, {"type": "Feature", "geometry": {"type": "Point", "coordinates": [4.497746292076137, 52.131851388084854]}, "properties": {"CODE": "044-036-00021", "NAAM": "Gemaal Grote Polder", "FUNCTIEGEMAAL": "Afvoeren", "CODEPEILGEBIEDPRAKTIJK": "WW-07A", "MAXIMALECAPACITEIT": 61.95, "POLDERNAAM": "Grote Polder"}}, {"type": "Feature", "geometry": {"type": "Point", "coordinates": [4.65924588624705, 52.03633428934025]}, "properties": {"CODE": "011-036-00021", "NAAM": "Gemaal Bloemendaal", "FUNCTIEGEMAAL": "Afvoeren", "CODEPEILGEBIEDPRAKTIJK": "WW-32A", "MAXIMALECAPACITEIT": 162, "POLDERNAAM": "Polder Bloemendaal"}}, {"type": "Feature", "geometry": {"type": "Point", "coordinates": [4.659307190007525, 52.036227996870196]}, "properties": {"CODE": "011-036-00030", "NAAM": "Vispassage gemaal Bloemendaal", "FUNCTIEGEMAAL": null, "CODEPEILGEBIEDPRAKTIJK": "WW-32A", "MAXIMALECAPACITEIT": null, "POLDERNAAM": "Polder Bloemendaal"}}, {"type": "Feature", "geometry": {"type": "Point", "coordinates": [4.677047781170827, 52.42692108938099]}, "properties": {"CODE": "308-036-00033", "NAAM": "Vispassage gemaal De Dammers", "FUNCTIEGEMAAL": null, "CODEPEILGEBIEDPRAKTIJK": "GH-020.02.1", "MAXIMALECAPACITEIT": null, "POLDERNAAM": "Polder de Velserbroek"}}]}