{"type": "FeatureCollection", "name": "zones", "crs": {"type": "name", "properties": {"name": "urn:ogc:def:crs:OGC:1.3:CRS84"}}, "features": [{"type": "Feature", "id": "zr-difference-83f13d743a", "properties": {"id": "zr-difference-83f13d743a", "ruleIds": ["FR-LS-01"], "operation": "difference", "geometryValid": true, "areaKm2": 1425.972130863, "areaM2": 1425972130.862915, "layers": ["unesco_werelderfgoed_hollandse_waterlinies", "provincial_gio_unverified"], "operands": ["unesco_werelderfgoed_hollandse_waterlinies", "provincial_gio_unverified"], "status": "ok", "prov": "op=validity_check; ctx=aoi; make_valid_repairs=0; engine=poc-zone-engine/0.1 shapely/2.1.2 | op=aoi_seed; area_m2=1560053846.303311; engine=poc-zone-engine/0.1 | op=validity_check; ctx=union layer=unesco_werelderfgoed_hollandse_waterlinies; make_valid_repairs=0; engine=poc-zone-engine/0.1 shapely/2.1.2 | op=union; layer=unesco_werelderfgoed_hollandse_waterlinies(https://agrest.geodata-utrecht.nl/rest/services/Omgevingsverordening/FeatureServer/0; lastChecked=2026-10-05T07:01:26Z; simplifiedM=2.0); features=3; make_valid_repairs=0; area_m2=134084715.050986; engine=poc-zone-engine/0.1 | op=validity_check; ctx=difference rule=FR-LS-01; make_valid_repairs=0; engine=poc-zone-engine/0.1 shapely/2.1.2 | op=difference; rule=FR-LS-01; layers=unesco_werelderfgoed_hollandse_waterlinies,provincial_gio_unverified; buffer_m=0.0; area_before_m2=1560053846.303311; area_after_m2=1425972130.862915; engine=poc-zone-engine/0.1", "provenance": "op=validity_check; ctx=aoi; make_valid_repairs=0; engine=poc-zone-engine/0.1 shapely/2.1.2 | op=aoi_seed; area_m2=1560053846.303311; engine=poc-zone-engine/0.1 | op=validity_check; ctx=union layer=unesco_werelderfgoed_hollandse_waterlinies; make_valid_repairs=0; engine=poc-zone-engine/0.1 shapely/2.1.2 | op=union; layer=unesco_werelderfgoed_hollandse_waterlinies(https://agrest.geodata-utrecht.nl/rest/services/Omgevingsverordening/FeatureServer/0; lastChecked=2026-10-05T07:01:26Z; simplifiedM=2.0); features=3; make_valid_repairs=0; area_m2=134084715.050986; engine=poc-zone-engine/0.1 | op=validity_check; ctx=difference rule=FR-LS-01; make_valid_repairs=0; engine=poc-zone-engine/0.1 shapely/2.1.2 | op=difference; rule=FR-LS-01; layers=unesco_werelderfgoed_hollandse_waterlinies,provincial_gio_unverified; buffer_m=0.0; area_before_m2=1560053846.303311; area_after_m2=1425972130.862915; engine=poc-zone-engine/0.1", "provSteps": ["op=validity_check; ctx=aoi; make_valid_repairs=0; engine=poc-zone-engine/0.1 shapely/2.1.2", "op=aoi_seed; area_m2=1560053846.303311; engine=poc-zone-engine/0.1", "op=validity_check; ctx=union layer=unesco_werelderfgoed_hollandse_waterlinies; make_valid_repairs=0; engine=poc-zone-engine/0.1 shapely/2.1.2", "op=union; layer=unesco_werelderfgoed_hollandse_waterlinies(https://agrest.geodata-utrecht.nl/rest/services/Omgevingsverordening/FeatureServer/0; lastChecked=2026-10-05T07:01:26Z; simplifiedM=2.0); features=3; make_valid_repairs=0; area_m2=134084715.050986; engine=poc-zone-engine/0.1", "op=validity_check; ctx=difference rule=FR-LS-01; make_valid_repairs=0; engine=poc-zone-engine/0.1 shapely/2.1.2", "op=difference; rule=FR-LS-01; layers=unesco_werelderfgoed_hollandse_waterlinies,provincial_gio_unverified; buffer_m=0.0; area_before_m2=1560053846.303311; area_after_m2=1425972130.862915; engine=poc-zone-engine/0.1"], "computedBy": "poc-zone-engine/0.1", "computedAt": ""}, "geometry": {"type": "MultiPolygon", "coordinates": [[[[5.048102, 51.85868], [5.046139, 51.858931], [5.044912, 51.859123], [5.043851, 51.859226], [5.043627, 51.859223], [5.042735, 51.859094], [5.041336, 51.858959], [5.038442, 51.858994], [5.037768, 51.858935], [5.035999, 51.858679], [5.0321, 51.858599], [5.027103, 51.858628], [5.026908, 51.858608], [5.027512, 51.859854], [5.027496, 51.859903], [5.027274, 51.859979], [5.027422, 51.860203], [5.027092, 51.860218], [5.02713, 51.860276], [5.02731, 51.860276], [5.027408, 51.860309], [5.027414, 51.860741], [5.027297, 51.860741], [5.027454, 51.863388], [5.027388, 51.863739], [5.027027, 51.864219], [5.02647, 51.864643], [5.026111, 51.864981], [5.025535, 51.865303], [5.025163, 51.865585], [5.024581, 51.865923], [5.023979, 51.866347], [5.023792, 51.866559], [5.023642, 51.867012], [5.023424, 51.867279], [5.023109, 51.867586], [5.022058, 51.868355], [5.021827, 51.868607], [5.021749, 51.86882], [5.021817, 51.869116], [5.022093, 51.869526], [5.022213, 51.869803], [5.022361, 51.870489], [5.022657, 51.870909], [5.022729, 51.871171], [5.022853, 51.871417], [5.022971, 51.871511], [5.023167, 51.872027], [5.023139, 51.873122], [5.022955, 51.873599], [5.022836, 51.874265], [5.022917, 51.874688], [5.023143, 51.875288], [5.02325, 51.875802], [5.02338, 51.876064], [5.023685, 51.876491], [5.023719, 51.876769], [5.023923, 51.877231], [5.024568, 51.878213], [5.024728, 51.878584], [5.024734, 51.878773], [5.025114, 51.879544], [5.025467, 51.880631], [5.02567, 51.880902], [5.02613, 51.881249], [5.026691, 51.881415], [5.027254, 51.881528], [5.026956, 51.881918], [5.023562, 51.88101], [5.020677, 51.880175], [5.014119, 51.878338], [5.014138, 51.878363], [5.001242, 51.874726], [5.001267, 51.874992], [4.99797, 51.873893], [4.996797, 51.873552], [4.996634, 51.873405], [4.996708, 51.873291], [4.996536, 51.873226], [4.996549, 51.873207], [4.996238, 51.873119], [4.995408, 51.874795], [4.995077, 51.875745], [4.994974, 51.876254], [4.994941, 51.87676], [4.995047, 51.877616], [4.995198, 51.878084], [4.995511, 51.878787], [4.995852, 51.879334], [4.996174, 51.879746], [4.996776, 51.880389], [4.9983, 51.881625], [4.998561, 51.8819], [4.998836, 51.882279], [4.99914, 51.882809], [4.999319, 51.883301], [4.999452, 51.884284], [4.999376, 51.884612], [4.999122, 51.88524], [4.997422, 51.888523], [4.997146, 51.889376], [4.996673, 51.890106], [4.996325, 51.890758], [4.995962, 51.891963], [4.995775, 51.892985], [4.995769, 51.893478], [4.995878, 51.894038], [4.996149, 51.89478], [4.996327, 51.895454], [4.996302, 51.896689], [4.995854, 51.898885], [4.995395, 51.90052], [4.995319, 51.900529], [4.995237, 51.900693], [4.994968, 51.902292], [4.99436, 51.902238], [4.994349, 51.902347], [4.993322, 51.902135], [4.992666, 51.901953], [4.992457, 51.901945], [4.988281, 51.900807], [4.974799, 51.897253], [4.974355, 51.897093], [4.973904, 51.897214], [4.97355, 51.897269], [4.973411, 51.89725], [4.973527, 51.90105], [4.973748, 51.905974], [4.973778, 51.907524], [4.973741, 51.907667], [4.973269, 51.907901], [4.972063, 51.908347], [4.968097, 51.909997], [4.967792, 51.910094], [4.967112, 51.910206], [4.966432, 51.910268], [4.964128, 51.910638], [4.964193, 51.912014], [4.96416, 51.912267], [4.963262, 51.912804], [4.963868, 51.913063], [4.964785, 51.913519], [4.964377, 51.913692], [4.963148, 51.913987], [4.960641, 51.914664], [4.96038, 51.914827], [4.959693, 51.914046], [4.958918, 51.914953], [4.958558, 51.915285], [4.956809, 51.915437], [4.956318, 51.915616], [4.956157, 51.915591], [4.954002, 51.920799], [4.951602, 51.926816], [4.951076, 51.927986], [4.949595, 51.931566], [4.949494, 51.931653], [4.948545, 51.931231], [4.947696, 51.933725], [4.946257, 51.9334], [4.945944, 51.93329], [4.945651, 51.933049], [4.945168, 51.932404], [4.944869, 51.932116], [4.94391, 51.931403], [4.943198, 51.931004], [4.942293, 51.930167], [4.942078, 51.930061], [4.941249, 51.929767], [4.940798, 51.929412], [4.940364, 51.929198], [4.940005, 51.929079], [4.939235, 51.928938], [4.934286, 51.942132], [4.933978, 51.942776], [4.93401, 51.942783], [4.932615, 51.946663], [4.932126, 51.947552], [4.931366, 51.94861], [4.931165, 51.948738], [4.931022, 51.948885], [4.930732, 51.949006], [4.930131, 51.948645], [4.929964, 51.948822], [4.929641, 51.949509], [4.929475, 51.950191], [4.926301, 51.950928], [4.92529, 51.949721], [4.924494, 51.948946], [4.922358, 51.9471], [4.921328, 51.946266], [4.919188, 51.944729], [4.918003, 51.943987], [4.91638, 51.943178], [4.915515, 51.942878], [4.914011, 51.942436], [4.908499, 51.941646], [4.906423, 51.941409], [4.897918, 51.940244], [4.894073, 51.939786], [4.892282, 51.939499], [4.88511, 51.938587], [4.879788, 51.938119], [4.877793, 51.938031], [4.877768, 51.93904], [4.877706, 51.939029], [4.877584, 51.939303], [4.872778, 51.950738], [4.872843, 51.950748], [4.871223, 51.954643], [4.870884, 51.954882], [4.870802, 51.954804], [4.870429, 51.955], [4.865805, 51.960416], [4.865689, 51.9604], [4.864072, 51.963911], [4.863068, 51.964725], [4.862493, 51.965401], [4.861713, 51.966326], [4.860789, 51.967653], [4.860806, 51.967784], [4.860515, 51.967913], [4.859804, 51.968482], [4.859484, 51.968673], [4.858385, 51.96883], [4.858072, 51.968905], [4.857828, 51.969004], [4.848943, 51.974358], [4.847553, 51.975137], [4.847209, 51.975245], [4.845622, 51.974985], [4.845552, 51.975196], [4.845052, 51.975621], [4.845035, 51.97567], [4.842968, 51.977578], [4.834114, 51.98558], [4.834127, 51.985654], [4.834366, 51.985737], [4.834478, 51.98584], [4.835139, 51.985985], [4.835218, 51.986143], [4.824734, 51.994375], [4.818869, 51.998897], [4.818262, 51.999455], [4.817806, 51.999767], [4.818167, 51.999858], [4.818585, 51.999859], [4.82126, 52.000276], [4.826752, 52.000966], [4.826778, 52.001021], [4.826906, 52.001047], [4.828374, 52.001257], [4.828451, 52.001267], [4.828481, 52.00118], [4.829084, 52.001261], [4.830756, 52.001514], [4.830736, 52.00154], [4.831406, 52.001643], [4.832911, 52.00183], [4.845235, 52.003615], [4.853337, 52.004747], [4.853897, 52.004884], [4.854352, 52.00506], [4.856136, 52.005616], [4.857127, 52.00596], [4.853901, 52.009749], [4.852942, 52.011032], [4.851675, 52.012516], [4.85095, 52.013241], [4.85001, 52.014332], [4.848279, 52.016514], [4.847474, 52.017716], [4.847191, 52.017987], [4.846953, 52.018109], [4.846896, 52.018182], [4.844759, 52.017718], [4.842099, 52.017006], [4.840991, 52.016798], [4.840178, 52.016707], [4.83957, 52.016733], [4.838625, 52.0167], [4.837994, 52.016646], [4.836035, 52.016582], [4.833335, 52.016423], [4.831295, 52.016616], [4.830433, 52.01663], [4.827515, 52.016815], [4.826881, 52.016881], [4.82523, 52.01723], [4.824994, 52.017237], [4.824172, 52.017046], [4.823754, 52.016913], [4.823103, 52.016582], [4.822103, 52.016148], [4.820046, 52.015385], [4.818958, 52.015077], [4.818088, 52.014656], [4.817206, 52.014346], [4.815616, 52.013981], [4.813186, 52.013914], [4.810895, 52.014043], [4.810345, 52.014006], [4.80966, 52.014034], [4.808285, 52.014143], [4.806311, 52.014152], [4.804844, 52.014099], [4.803523, 52.013956], [4.803089, 52.014639], [4.801103, 52.018056], [4.799891, 52.020249], [4.7987, 52.022272], [4.799023, 52.022407], [4.799116, 52.022255], [4.803212, 52.023961], [4.803287, 52.023886], [4.803146, 52.02412], [4.803434, 52.024239], [4.803521, 52.024096], [4.803972, 52.024282], [4.803883, 52.024429], [4.804141, 52.024535], [4.804184, 52.024497], [4.804894, 52.024793], [4.804874, 52.024832], [4.805892, 52.025256], [4.805967, 52.025114], [4.809933, 52.026765], [4.809341, 52.028375], [4.80706, 52.03272], [4.806895, 52.032972], [4.806704, 52.033167], [4.807257, 52.033252], [4.8099, 52.033433], [4.810922, 52.033598], [4.811822, 52.033825], [4.813789, 52.034951], [4.815816, 52.036229], [4.816044, 52.036334], [4.816436, 52.036454], [4.817193, 52.036931], [4.818878, 52.038236], [4.819193, 52.038703], [4.820541, 52.040015], [4.826736, 52.046477], [4.828614, 52.048385], [4.829371, 52.049189], [4.829361, 52.04928], [4.829503, 52.049324], [4.829706, 52.049476], [4.829663, 52.04962], [4.82949, 52.049813], [4.834992, 52.052349], [4.836316, 52.052922], [4.837916, 52.053668], [4.839093, 52.054167], [4.83908, 52.054192], [4.839656, 52.054473], [4.842056, 52.055548], [4.843263, 52.056148], [4.843169, 52.056232], [4.844391, 52.056784], [4.844551, 52.056758], [4.844712, 52.056792], [4.845803, 52.057277], [4.846654, 52.05759], [4.848049, 52.058165], [4.848965, 52.058309], [4.849933, 52.0584], [4.850886, 52.058466], [4.851796, 52.058467], [4.853231, 52.058592], [4.854036, 52.058724], [4.855307, 52.058983], [4.855971, 52.059065], [4.856305, 52.059152], [4.857083, 52.059442], [4.858224, 52.059948], [4.862692, 52.061564], [4.862934, 52.061634], [4.863541, 52.061684], [4.864829, 52.061997], [4.866043, 52.062385], [4.867858, 52.063054], [4.8732, 52.068745], [4.872736, 52.068852], [4.869904, 52.06891], [4.865747, 52.069047], [4.863902, 52.069053], [4.864251, 52.068613], [4.86404, 52.068553], [4.862943, 52.068945], [4.862263, 52.069064], [4.857266, 52.068998], [4.856064, 52.068811], [4.854778, 52.068817], [4.853622, 52.068956], [4.853494, 52.068918], [4.853387, 52.069052], [4.852886, 52.068881], [4.852713, 52.069061], [4.850786, 52.069117], [4.848868, 52.069118], [4.846801, 52.069075], [4.846755, 52.069135], [4.846507, 52.069133], [4.845816, 52.069115], [4.845873, 52.069031], [4.842204, 52.069006], [4.839871, 52.068827], [4.837139, 52.068424], [4.834176, 52.067808], [4.829808, 52.066823], [4.830755, 52.068306], [4.831147, 52.068776], [4.834035, 52.072736], [4.832666, 52.072844], [4.833034, 52.074535], [4.833072, 52.074765], [4.833045, 52.074827], [4.831709, 52.074503], [4.830898, 52.074353], [4.830634, 52.074971], [4.829186, 52.074899], [4.828183, 52.074748], [4.827445, 52.07467], [4.826528, 52.074623], [4.826276, 52.074644], [4.826493, 52.079527], [4.826023, 52.079688], [4.825629, 52.079774], [4.825622, 52.080234], [4.823621, 52.091134], [4.823348, 52.093369], [4.823304, 52.096733], [4.823056, 52.105193], [4.824389, 52.105403], [4.824941, 52.106196], [4.825332, 52.106907], [4.82538, 52.107087], [4.825315, 52.107151], [4.825103, 52.107253], [4.821988, 52.108697], [4.821004, 52.109105], [4.817983, 52.110471], [4.80724, 52.115403], [4.795523, 52.120725], [4.79528, 52.120837], [4.795367, 52.120913], [4.793038, 52.121994], [4.79238, 52.12226], [4.79208, 52.122287], [4.792043, 52.122312], [4.792212, 52.122932], [4.792345, 52.123164], [4.792996, 52.123746], [4.793113, 52.123825], [4.793491, 52.123973], [4.793813, 52.124072], [4.7943, 52.124168], [4.795454, 52.124365], [4.79602, 52.124427], [4.796739, 52.124692], [4.796993, 52.124661], [4.797491, 52.124903], [4.797575, 52.125069], [4.797673, 52.125107], [4.797808, 52.125081], [4.797928, 52.125113], [4.798342, 52.125299], [4.799258, 52.125198], [4.799272, 52.125124], [4.800136, 52.124978], [4.80037, 52.125008], [4.80062, 52.124933], [4.801151, 52.124853], [4.801797, 52.124841], [4.802097, 52.124889], [4.802439, 52.125046], [4.802601, 52.12506], [4.802985, 52.125394], [4.803126, 52.125563], [4.803106, 52.125823], [4.803184, 52.126011], [4.803352, 52.126282], [4.803474, 52.126404], [4.803898, 52.1266], [4.804008, 52.126623], [4.804152, 52.126566], [4.804346, 52.126636], [4.804251, 52.126678], [4.804244, 52.12672], [4.805271, 52.126896], [4.805803, 52.127069], [4.806416, 52.127422], [4.806679, 52.127688], [4.806674, 52.127823], [4.807065, 52.128282], [4.807332, 52.128408], [4.807505, 52.128549], [4.807623, 52.128604], [4.807766, 52.128622], [4.808065, 52.128948], [4.808071, 52.129112], [4.807827, 52.129623], [4.80779, 52.129858], [4.807878, 52.130071], [4.808028, 52.13023], [4.807996, 52.13032], [4.808299, 52.130696], [4.808365, 52.130855], [4.808312, 52.131391], [4.808352, 52.131526], [4.808539, 52.131648], [4.808807, 52.13173], [4.808882, 52.131888], [4.808689, 52.132255], [4.808541, 52.132401], [4.80829, 52.132777], [4.808244, 52.132954], [4.808328, 52.132989], [4.808305, 52.133089], [4.808069, 52.133457], [4.807999, 52.133984], [4.808013, 52.134297], [4.807529, 52.13482], [4.807486, 52.135022], [4.807619, 52.135224], [4.807851, 52.135292], [4.808038, 52.135415], [4.808814, 52.135659], [4.808967, 52.135843], [4.809027, 52.136027], [4.808999, 52.136351], [4.808664, 52.137149], [4.808737, 52.137278], [4.809093, 52.137642], [4.809337, 52.137812], [4.809582, 52.137931], [4.80974, 52.138138], [4.809874, 52.1382], [4.80996, 52.138432], [4.810212, 52.13857], [4.810326, 52.138482], [4.81044, 52.138513], [4.810589, 52.138694], [4.810711, 52.138768], [4.811505, 52.138991], [4.811715, 52.139089], [4.81208, 52.139303], [4.813111, 52.140173], [4.81337, 52.140247], [4.814038, 52.140222], [4.814041, 52.140169], [4.814664, 52.140005], [4.814854, 52.139985], [4.815427, 52.139632], [4.815966, 52.139436], [4.816223, 52.139376], [4.816666, 52.139387], [4.816914, 52.139468], [4.817172, 52.139654], [4.817551, 52.140358], [4.817916, 52.140755], [4.818031, 52.140837], [4.818839, 52.141194], [4.819444, 52.14152], [4.819907, 52.141803], [4.81996, 52.141905], [4.820109, 52.142013], [4.820495, 52.142216], [4.820612, 52.142236], [4.820872, 52.14221], [4.821577, 52.141908], [4.82178, 52.141964], [4.822437, 52.142017], [4.823377, 52.142228], [4.823743, 52.142183], [4.824832, 52.14217], [4.825242, 52.142198], [4.826005, 52.142142], [4.826472, 52.142176], [4.827607, 52.142476], [4.828331, 52.142908], [4.829242, 52.143208], [4.829485, 52.143242], [4.829877, 52.143228], [4.830144, 52.143308], [4.830816, 52.143708], [4.831915, 52.144244], [4.831987, 52.144314], [4.83197, 52.144458], [4.83236, 52.144495], [4.832385, 52.144467], [4.832647, 52.14467], [4.832858, 52.144762], [4.833067, 52.1447], [4.833295, 52.144465], [4.834135, 52.143431], [4.834128, 52.142876], [4.835489, 52.143029], [4.835574, 52.142763], [4.836705, 52.14288], [4.837017, 52.141785], [4.837237, 52.141374], [4.837243, 52.140896], [4.837366, 52.14065], [4.837461, 52.14067], [4.83758, 52.140629], [4.837946, 52.140617], [4.838188, 52.140839], [4.838891, 52.141192], [4.83976, 52.141487], [4.840071, 52.141552], [4.840276, 52.141561], [4.840793, 52.141477], [4.840963, 52.141423], [4.841375, 52.141079], [4.84174, 52.140897], [4.84188, 52.140726], [4.842067, 52.140007], [4.842186, 52.139819], [4.84253, 52.139554], [4.842872, 52.13946], [4.843491, 52.139406], [4.844524, 52.139382], [4.845626, 52.139529], [4.846251, 52.139545], [4.846675, 52.139407], [4.8469, 52.139206], [4.847208, 52.13901], [4.847485, 52.138938], [4.848003, 52.138994], [4.848164, 52.139075], [4.84866, 52.139237], [4.848791, 52.139354], [4.849391, 52.13948], [4.849534, 52.139578], [4.850892, 52.139696], [4.851479, 52.139674], [4.851739, 52.139511], [4.852152, 52.139392], [4.852483, 52.138384], [4.852608, 52.138269], [4.853079, 52.137986], [4.853292, 52.137917], [4.853845, 52.137549], [4.854601, 52.137389], [4.854878, 52.137284], [4.855239, 52.13721], [4.858634, 52.137234], [4.859259, 52.137264], [4.860638, 52.137251], [4.864915, 52.137391], [4.86592, 52.137511], [4.866975, 52.137681], [4.868209, 52.137926], [4.870229, 52.138235], [4.870342, 52.138207], [4.871315, 52.138838], [4.872367, 52.138884], [4.873084, 52.138807], [4.874518, 52.138831], [4.874207, 52.145868], [4.874062, 52.147504], [4.874006, 52.150524], [4.873923, 52.151405], [4.873866, 52.153184], [4.873774, 52.153419], [4.873623, 52.156083], [4.878601, 52.15744], [4.887574, 52.159958], [4.890309, 52.160884], [4.891232, 52.161237], [4.891217, 52.161257], [4.891593, 52.161363], [4.891544, 52.161424], [4.892273, 52.161593], [4.892178, 52.161798], [4.891743, 52.161771], [4.890542, 52.162421], [4.890055, 52.162573], [4.888319, 52.16335], [4.886755, 52.1641], [4.886419, 52.164186], [4.886231, 52.164528], [4.88398, 52.16554], [4.881323, 52.166821], [4.880572, 52.167138], [4.880029, 52.167422], [4.87774, 52.168477], [4.876432, 52.169115], [4.876015, 52.169365], [4.874716, 52.169933], [4.874367, 52.170128], [4.873986, 52.170238], [4.87356, 52.170407], [4.872501, 52.170944], [4.870441, 52.171897], [4.869657, 52.172316], [4.869005, 52.172567], [4.868367, 52.172903], [4.868175, 52.172948], [4.863393, 52.175251], [4.862787, 52.175508], [4.85884, 52.177397], [4.857834, 52.177826], [4.857054, 52.178228], [4.855582, 52.178917], [4.855428, 52.178966], [4.855135, 52.178967], [4.854496, 52.17887], [4.854178, 52.178861], [4.853636, 52.178939], [4.852865, 52.179119], [4.852381, 52.179184], [4.85166, 52.179033], [4.851409, 52.179026], [4.851179, 52.179079], [4.850642, 52.179288], [4.849978, 52.179423], [4.849587, 52.179438], [4.848954, 52.179393], [4.848449, 52.179544], [4.847518, 52.179591], [4.846366, 52.179882], [4.845788, 52.179985], [4.845156, 52.180013], [4.844518, 52.179923], [4.843921, 52.180122], [4.842982, 52.180825], [4.842699, 52.180983], [4.842368, 52.18131], [4.841519, 52.181772], [4.838208, 52.183344], [4.837106, 52.18397], [4.83652, 52.184358], [4.836158, 52.184643], [4.836048, 52.184771], [4.835978, 52.184958], [4.836008, 52.185176], [4.835937, 52.185343], [4.835538, 52.185739], [4.83535, 52.186109], [4.835148, 52.186252], [4.834343, 52.186523], [4.834029, 52.186673], [4.833902, 52.186816], [4.833609, 52.187405], [4.833462, 52.187561], [4.833319, 52.187616], [4.832799, 52.187672], [4.832588, 52.187727], [4.831605, 52.188437], [4.831278, 52.188582], [4.829941, 52.189027], [4.829336, 52.18929], [4.828928, 52.189542], [4.828268, 52.190296], [4.827583, 52.190932], [4.827332, 52.191048], [4.826605, 52.191169], [4.826323, 52.191262], [4.826005, 52.191742], [4.82583, 52.191869], [4.825367, 52.19205], [4.824914, 52.192608], [4.824725, 52.192695], [4.824354, 52.192794], [4.823993, 52.193016], [4.823616, 52.193165], [4.823445, 52.193266], [4.823376, 52.19345], [4.823584, 52.193988], [4.823554, 52.194303], [4.823119, 52.194867], [4.822974, 52.195366], [4.822209, 52.196125], [4.820462, 52.196816], [4.819612, 52.197004], [4.819157, 52.197219], [4.817796, 52.197967], [4.81616, 52.198602], [4.814949, 52.199016], [4.8144, 52.199309], [4.814182, 52.199514], [4.813979, 52.199799], [4.813606, 52.200674], [4.813461, 52.200839], [4.813187, 52.201053], [4.813102, 52.201189], [4.813111, 52.201372], [4.813179, 52.201485], [4.813594, 52.201847], [4.810587, 52.201648], [4.802925, 52.201028], [4.801655, 52.203864], [4.801588, 52.204322], [4.80154, 52.20621], [4.801653, 52.206322], [4.80152, 52.20643], [4.801443, 52.208083], [4.801622, 52.21491], [4.801631, 52.215042], [4.801671, 52.215043], [4.801586, 52.210827], [4.813757, 52.211498], [4.81385, 52.212017], [4.814566, 52.212326], [4.81615, 52.212914], [4.817779, 52.213777], [4.818709, 52.214497], [4.818614, 52.214575], [4.819673, 52.215374], [4.843904, 52.21193], [4.8447, 52.211903], [4.846119, 52.211712], [4.84646, 52.212188], [4.846928, 52.21257], [4.84751, 52.21384], [4.846843, 52.215486], [4.850756, 52.226239], [4.851894, 52.227141], [4.865897, 52.234001], [4.875015, 52.238413], [4.874042, 52.241138], [4.874037, 52.241536], [4.87224, 52.24352], [4.92397, 52.244009], [4.926192, 52.243365], [4.931899, 52.242163], [4.939981, 52.25232], [4.945373, 52.250454], [4.969958, 52.246655], [4.971547, 52.247612], [4.979448, 52.252187], [4.979132, 52.252441], [4.979255, 52.252911], [4.978676, 52.25336], [4.978687, 52.253908], [4.980638, 52.255138], [4.982187, 52.256661], [4.982105, 52.256954], [4.983309, 52.257879], [4.984035, 52.258782], [4.984578, 52.258676], [4.986524, 52.258673], [4.987591, 52.258882], [4.987396, 52.259238], [4.984212, 52.263828], [4.987597, 52.264402], [4.988685, 52.264525], [4.990045, 52.264591], [4.995214, 52.264618], [4.996399, 52.264451], [4.996432, 52.264242], [5.004535, 52.263032], [5.004708, 52.263211], [5.015073, 52.263571], [5.016137, 52.263753], [5.017885, 52.263282], [5.021803, 52.263949], [5.021963, 52.264095], [5.024627, 52.264408], [5.025433, 52.26441], [5.026025, 52.26434], [5.026031, 52.26428], [5.026271, 52.263989], [5.025919, 52.263918], [5.026284, 52.263926], [5.026453, 52.263687], [5.026209, 52.263586], [5.026266, 52.26351], [5.026546, 52.263618], [5.02697, 52.263345], [5.028175, 52.262792], [5.029446, 52.262143], [5.030143, 52.261795], [5.030079, 52.26172], [5.030092, 52.261676], [5.030292, 52.261716], [5.031395, 52.261073], [5.031727, 52.260714], [5.031341, 52.260567], [5.031328, 52.260513], [5.031377, 52.260499], [5.031769, 52.260656], [5.032084, 52.260141], [5.032162, 52.259734], [5.032104, 52.259684], [5.031881, 52.259687], [5.031877, 52.259649], [5.032057, 52.259625], [5.032049, 52.259574], [5.032155, 52.259561], [5.032035, 52.259162], [5.032083, 52.259155], [5.032046, 52.25899], [5.031651, 52.258961], [5.031635, 52.258885], [5.03188, 52.258878], [5.03194, 52.258786], [5.03172, 52.258438], [5.03148, 52.2581], [5.030912, 52.257642], [5.030608, 52.257304], [5.030054, 52.257113], [5.029947, 52.256979], [5.029933, 52.256865], [5.030011, 52.256809], [5.030411, 52.256709], [5.030563, 52.256597], [5.030773, 52.2561], [5.031033, 52.255673], [5.031622, 52.254841], [5.031984, 52.25442], [5.032176, 52.254323], [5.0325, 52.254029], [5.032988, 52.253722], [5.034562, 52.252433], [5.034714, 52.252351], [5.035064, 52.252264], [5.035841, 52.252296], [5.036308, 52.252467], [5.037308, 52.252926], [5.037595, 52.253115], [5.038144, 52.253673], [5.039214, 52.255308], [5.040253, 52.256178], [5.040807, 52.256341], [5.041115, 52.256396], [5.041784, 52.256256], [5.042216, 52.256108], [5.042782, 52.255798], [5.043161, 52.255419], [5.043125, 52.255278], [5.043258, 52.254162], [5.043341, 52.254069], [5.043419, 52.253476], [5.043548, 52.253442], [5.043622, 52.253313], [5.043633, 52.253156], [5.043578, 52.25297], [5.043695, 52.252485], [5.043781, 52.25232], [5.043721, 52.252296], [5.043736, 52.25219], [5.04404, 52.25148], [5.044041, 52.251277], [5.044128, 52.251239], [5.044395, 52.250623], [5.044382, 52.250503], [5.04476, 52.250054], [5.044951, 52.249746], [5.045506, 52.249143], [5.046042, 52.248675], [5.046116, 52.248532], [5.046108, 52.248425], [5.046004, 52.248216], [5.045762, 52.248061], [5.043887, 52.24749], [5.042034, 52.247265], [5.041167, 52.247355], [5.040525, 52.247261], [5.038803, 52.247129], [5.037591, 52.246891], [5.036664, 52.246619], [5.036263, 52.246436], [5.036134, 52.24636], [5.035729, 52.245864], [5.03577, 52.245649], [5.035845, 52.245525], [5.035937, 52.245402], [5.036235, 52.245185], [5.036455, 52.245071], [5.037758, 52.244656], [5.039301, 52.244348], [5.040392, 52.244211], [5.042779, 52.243829], [5.043587, 52.24368], [5.043752, 52.243607], [5.043853, 52.24363], [5.044073, 52.243602], [5.044312, 52.243507], [5.044331, 52.243457], [5.044173, 52.243147], [5.043958, 52.243006], [5.041663, 52.242341], [5.04137, 52.242295], [5.041096, 52.242204], [5.040402, 52.241895], [5.038863, 52.24113], [5.037818, 52.240562], [5.036126, 52.239471], [5.034283, 52.23838], [5.033746, 52.237883], [5.03336, 52.237454], [5.03307, 52.237048], [5.030745, 52.233254], [5.030692, 52.232962], [5.030939, 52.23254], [5.031174, 52.232386], [5.03196, 52.232048], [5.032222, 52.231962], [5.032391, 52.231988], [5.032492, 52.231949], [5.03265, 52.231791], [5.032781, 52.231411], [5.032814, 52.231011], [5.032746, 52.230259], [5.032777, 52.229838], [5.032749, 52.229227], [5.032777, 52.229047], [5.033083, 52.228484], [5.033149, 52.228218], [5.033139, 52.228062], [5.032653, 52.228027], [5.032662, 52.227816], [5.032512, 52.227706], [5.032582, 52.227616], [5.032587, 52.22752], [5.032394, 52.22658], [5.032317, 52.225356], [5.032341, 52.224121], [5.032278, 52.222738], [5.032515, 52.220761], [5.032496, 52.220565], [5.032383, 52.22034], [5.032114, 52.220134], [5.031705, 52.21996], [5.030178, 52.219416], [5.029295, 52.218977], [5.029073, 52.218813], [5.029046, 52.218678], [5.029157, 52.218517], [5.029932, 52.218084], [5.0305, 52.2178], [5.030738, 52.217715], [5.031, 52.217549], [5.031087, 52.217445], [5.031335, 52.216806], [5.031639, 52.216361], [5.031361, 52.215762], [5.029522, 52.213196], [5.028815, 52.21172], [5.028376, 52.211026], [5.028085, 52.21072], [5.027588, 52.210329], [5.026648, 52.210655], [5.026538, 52.21068], [5.026392, 52.210671], [5.022969, 52.209685], [5.022339, 52.209472], [5.022159, 52.209473], [5.021446, 52.209058], [5.020584, 52.208461], [5.02033, 52.208362], [5.019855, 52.208012], [5.019435, 52.207629], [5.019181, 52.207305], [5.018876, 52.206605], [5.018769, 52.206094], [5.018665, 52.205322], [5.018637, 52.204048], [5.018738, 52.203485], [5.018991, 52.20295], [5.019008, 52.202619], [5.018904, 52.202014], [5.018734, 52.201609], [5.018408, 52.201027], [5.018064, 52.200675], [5.016956, 52.1998], [5.016618, 52.199639], [5.015266, 52.199262], [5.014631, 52.199002], [5.013441, 52.198271], [5.01219, 52.197285], [5.011874, 52.197089], [5.011299, 52.196857], [5.010756, 52.196754], [5.009363, 52.197429], [5.008923, 52.197524], [5.008441, 52.197744], [5.007935, 52.197888], [5.007175, 52.198258], [5.006638, 52.198361], [5.006361, 52.198201], [5.00554, 52.197558], [5.002417, 52.197599], [5.001849, 52.197505], [5.001623, 52.197387], [5.001503, 52.197228], [5.001511, 52.19701], [5.001668, 52.196662], [5.002189, 52.195842], [5.002271, 52.195772], [5.002589, 52.195661], [5.003414, 52.195621], [5.003757, 52.195527], [5.003946, 52.195371], [5.004035, 52.195111], [5.004213, 52.194949], [5.004218, 52.194892], [5.004477, 52.194818], [5.003841, 52.194148], [5.003463, 52.193608], [5.003226, 52.193174], [5.002879, 52.192206], [5.002818, 52.191882], [5.002812, 52.191355], [5.002901, 52.191023], [5.00307, 52.190643], [5.003434, 52.19027], [5.004622, 52.189359], [5.004977, 52.188876], [5.005171, 52.188434], [5.005803, 52.186326], [5.005848, 52.185933], [5.005773, 52.184943], [5.005411, 52.183055], [5.005322, 52.18289], [5.004963, 52.181641], [5.005036, 52.180141], [5.004505, 52.179742], [5.004288, 52.179463], [5.00421, 52.179439], [5.004016, 52.179233], [5.003615, 52.178587], [5.003437, 52.178204], [5.003183, 52.176998], [5.003146, 52.177002], [5.003049, 52.176172], [5.002992, 52.174841], [5.003069, 52.174302], [5.003408, 52.173589], [5.003721, 52.17314], [5.004773, 52.172295], [5.005156, 52.171945], [5.005939, 52.17148], [5.006588, 52.170917], [5.00716, 52.17053], [5.008094, 52.169797], [5.008846, 52.168824], [5.009176, 52.168001], [5.00938, 52.166857], [5.009743, 52.165827], [5.010378, 52.163408], [5.011015, 52.161816], [5.011508, 52.161046], [5.011659, 52.161071], [5.011754, 52.161054], [5.012025, 52.160844], [5.012295, 52.16069], [5.012747, 52.160544], [5.013133, 52.160371], [5.013354, 52.160316], [5.013605, 52.160173], [5.015058, 52.159801], [5.015942, 52.159527], [5.016495, 52.159313], [5.016938, 52.159104], [5.018255, 52.158381], [5.018917, 52.158079], [5.019261, 52.157818], [5.019085, 52.157706], [5.019367, 52.157724], [5.019867, 52.157403], [5.020522, 52.15661], [5.020413, 52.156576], [5.020596, 52.156176], [5.020636, 52.155959], [5.020584, 52.155954], [5.020627, 52.155842], [5.020577, 52.155546], [5.020436, 52.155345], [5.020408, 52.154827], [5.020479, 52.154507], [5.021058, 52.153778], [5.021306, 52.15362], [5.021784, 52.153419], [5.022475, 52.153244], [5.022989, 52.153202], [5.023283, 52.153189], [5.024033, 52.153264], [5.024317, 52.153324], [5.025152, 52.153582], [5.025419, 52.153626], [5.026145, 52.153967], [5.026583, 52.15411], [5.027946, 52.154381], [5.028276, 52.154388], [5.0289, 52.154319], [5.029539, 52.154173], [5.029986, 52.154035], [5.031718, 52.153716], [5.032457, 52.153543], [5.033303, 52.153185], [5.03368, 52.152967], [5.03416, 52.152545], [5.034327, 52.15232], [5.034453, 52.15205], [5.034446, 52.151712], [5.034586, 52.151464], [5.034624, 52.151171], [5.034551, 52.15063], [5.034496, 52.150556], [5.034402, 52.150518], [5.034406, 52.150471], [5.035392, 52.150937], [5.035561, 52.150954], [5.035705, 52.151029], [5.036185, 52.151632], [5.036711, 52.151441], [5.03664, 52.151377], [5.036867, 52.151284], [5.037974, 52.152384], [5.038965, 52.152023], [5.039052, 52.151959], [5.039121, 52.151832], [5.039304, 52.151988], [5.039691, 52.15176], [5.039756, 52.151807], [5.040557, 52.151261], [5.04059, 52.151283], [5.041177, 52.150893], [5.041224, 52.150895], [5.041999, 52.150371], [5.042012, 52.150318], [5.043291, 52.149488], [5.043362, 52.149498], [5.043423, 52.149448], [5.043358, 52.149429], [5.043619, 52.149263], [5.043679, 52.149282], [5.043757, 52.149224], [5.043697, 52.149213], [5.050002, 52.145013], [5.049878, 52.144929], [5.049511, 52.144903], [5.049436, 52.144851], [5.049341, 52.144681], [5.049253, 52.144343], [5.04949, 52.14421], [5.051048, 52.144449], [5.053604, 52.142912], [5.053407, 52.142766], [5.053598, 52.142531], [5.053659, 52.142513], [5.053591, 52.142389], [5.054844, 52.141756], [5.055182, 52.1415], [5.055975, 52.140638], [5.056238, 52.140412], [5.059406, 52.136943], [5.059534, 52.136864], [5.060626, 52.136717], [5.061129, 52.136593], [5.061592, 52.136371], [5.061919, 52.136133], [5.062087, 52.135915], [5.062238, 52.135517], [5.0607, 52.13521], [5.059235, 52.134832], [5.060173, 52.132853], [5.060521, 52.132916], [5.060927, 52.132938], [5.061485, 52.132858], [5.062474, 52.132645], [5.063517, 52.13234], [5.063751, 52.132211], [5.063649, 52.132147], [5.063715, 52.132105], [5.063817, 52.132167], [5.064128, 52.131937], [5.063993, 52.131864], [5.064068, 52.131811], [5.064199, 52.131881], [5.064663, 52.131531], [5.065383, 52.131209], [5.066093, 52.131096], [5.066925, 52.131066], [5.067312, 52.13102], [5.067526, 52.130957], [5.067887, 52.130774], [5.068296, 52.1304], [5.068551, 52.12991], [5.068594, 52.129241], [5.068692, 52.128765], [5.068886, 52.128238], [5.069089, 52.127943], [5.069403, 52.127602], [5.069698, 52.127372], [5.071019, 52.126461], [5.071345, 52.126189], [5.071789, 52.12574], [5.072011, 52.125424], [5.072779, 52.124051], [5.073574, 52.122891], [5.074429, 52.122187], [5.074864, 52.121712], [5.075786, 52.121061], [5.076726, 52.120488], [5.077749, 52.11995], [5.078779, 52.119292], [5.079304, 52.119042], [5.079788, 52.118941], [5.080474, 52.118877], [5.081072, 52.11886], [5.082452, 52.118937], [5.082837, 52.11893], [5.087853, 52.118443], [5.090336, 52.118089], [5.091349, 52.11803], [5.092228, 52.11909], [5.102747, 52.128427], [5.104621, 52.128132], [5.105279, 52.127965], [5.105997, 52.127694], [5.112369, 52.124929], [5.121264, 52.120713], [5.123555, 52.119829], [5.124408, 52.119535], [5.12569, 52.119159], [5.132321, 52.117412], [5.133057, 52.117298], [5.133417, 52.117306], [5.133921, 52.117388], [5.134346, 52.117169], [5.134749, 52.116833], [5.134681, 52.116629], [5.134651, 52.116306], [5.134739, 52.115982], [5.135196, 52.115315], [5.136255, 52.113983], [5.136439, 52.113616], [5.136682, 52.112782], [5.139221, 52.113343], [5.141078, 52.113797], [5.142163, 52.113997], [5.143773, 52.114364], [5.143828, 52.114409], [5.145434, 52.11481], [5.147009, 52.115083], [5.148152, 52.115368], [5.148156, 52.114903], [5.148286, 52.114295], [5.151315, 52.108491], [5.151487, 52.108231], [5.154294, 52.102341], [5.155441, 52.100338], [5.156578, 52.09869], [5.155732, 52.098525], [5.154757, 52.098288], [5.152399, 52.097813], [5.149119, 52.097196], [5.149165, 52.097637], [5.149094, 52.098205], [5.149016, 52.098361], [5.14882, 52.098451], [5.148355, 52.09848], [5.147128, 52.098395], [5.146871, 52.098462], [5.146492, 52.098626], [5.146122, 52.098688], [5.145603, 52.098639], [5.144805, 52.098479], [5.144679, 52.098361], [5.14469, 52.098178], [5.145044, 52.097483], [5.145376, 52.09703], [5.14552, 52.096727], [5.14563, 52.096619], [5.14568, 52.096347], [5.14552, 52.096321], [5.145519, 52.096272], [5.145344, 52.096219], [5.145193, 52.096217], [5.145148, 52.096257], [5.144983, 52.096223], [5.14518, 52.095804], [5.145539, 52.095609], [5.145625, 52.095512], [5.146103, 52.094544], [5.146588, 52.094455], [5.146852, 52.094361], [5.146983, 52.094363], [5.147293, 52.094434], [5.148275, 52.094775], [5.148375, 52.09487], [5.148471, 52.095157], [5.148557, 52.09525], [5.150119, 52.095791], [5.150292, 52.096096], [5.15027, 52.096156], [5.149384, 52.096936], [5.15131, 52.097269], [5.155014, 52.09799], [5.155758, 52.098081], [5.156623, 52.09827], [5.156807, 52.098335], [5.157566, 52.097192], [5.158199, 52.096417], [5.158521, 52.096099], [5.160286, 52.094596], [5.160461, 52.094484], [5.160911, 52.094287], [5.161448, 52.094141], [5.163873, 52.093807], [5.166576, 52.093488], [5.166943, 52.093478], [5.167687, 52.093519], [5.168791, 52.093681], [5.169391, 52.093729], [5.170392, 52.093728], [5.171293, 52.093655], [5.173883, 52.093345], [5.180716, 52.092923], [5.181289, 52.092849], [5.182237, 52.092811], [5.182696, 52.090893], [5.184223, 52.09167], [5.185466, 52.089233], [5.183169, 52.088834], [5.183114, 52.088876], [5.183033, 52.088884], [5.181516, 52.088625], [5.180701, 52.088541], [5.178613, 52.088143], [5.178382, 52.088084], [5.178236, 52.087999], [5.177011, 52.087821], [5.176042, 52.087765], [5.175896, 52.087648], [5.174258, 52.087384], [5.172015, 52.086967], [5.172324, 52.087394], [5.172201, 52.088518], [5.171658, 52.08884], [5.170177, 52.089387], [5.168764, 52.089315], [5.168659, 52.08907], [5.16865, 52.088422], [5.168749, 52.088397], [5.168867, 52.088282], [5.168891, 52.087743], [5.168985, 52.087743], [5.168982, 52.08728], [5.169892, 52.087278], [5.169897, 52.086908], [5.171157, 52.086914], [5.171353, 52.08689], [5.17137, 52.086767], [5.171494, 52.086734], [5.172289, 52.086873], [5.172391, 52.086852], [5.172398, 52.086876], [5.175774, 52.087464], [5.176859, 52.087465], [5.177116, 52.087623], [5.178407, 52.08785], [5.178625, 52.08772], [5.17875, 52.087713], [5.179543, 52.087986], [5.180213, 52.088102], [5.18051, 52.088082], [5.181076, 52.087916], [5.181186, 52.087918], [5.181389, 52.088038], [5.181746, 52.088349], [5.182063, 52.08845], [5.18217, 52.088513], [5.183669, 52.088775], [5.183892, 52.088348], [5.183994, 52.088022], [5.184001, 52.087579], [5.18384, 52.087106], [5.183943, 52.086621], [5.1842, 52.086008], [5.184183, 52.085243], [5.184199, 52.085224], [5.186057, 52.08523], [5.186015, 52.083054], [5.187415, 52.083061], [5.187447, 52.080958], [5.180468, 52.080943], [5.180451, 52.080744], [5.17968, 52.080771], [5.177221, 52.080773], [5.176418, 52.080898], [5.175971, 52.081028], [5.175749, 52.081039], [5.175726, 52.081181], [5.161901, 52.081167], [5.161485, 52.08034], [5.161457, 52.080195], [5.161498, 52.080081], [5.16139, 52.080067], [5.161066, 52.079474], [5.160288, 52.078405], [5.15928, 52.077248], [5.158062, 52.076134], [5.157267, 52.075462], [5.15564, 52.07425], [5.155464, 52.074154], [5.153642, 52.072847], [5.152426, 52.071894], [5.150392, 52.069954], [5.149466, 52.06895], [5.148596, 52.067869], [5.147485, 52.068165], [5.146031, 52.06612], [5.145163, 52.064616], [5.146107, 52.063671], [5.147235, 52.062682], [5.150074, 52.0598], [5.152796, 52.056965], [5.152985, 52.056722], [5.151705, 52.056325], [5.150456, 52.055746], [5.149501, 52.055121], [5.148829, 52.054608], [5.148463, 52.054422], [5.147743, 52.053976], [5.146388, 52.053294], [5.145358, 52.052956], [5.14481, 52.052844], [5.144023, 52.052746], [5.14304, 52.052757], [5.141807, 52.052886], [5.14013, 52.053117], [5.13439, 52.054064], [5.131687, 52.054386], [5.126929, 52.054895], [5.127006, 52.05516], [5.128881, 52.059088], [5.129015, 52.059428], [5.129059, 52.059854], [5.130959, 52.064354], [5.1317, 52.065906], [5.132156, 52.066986], [5.132189, 52.067205], [5.132076, 52.06744], [5.132467, 52.067588], [5.132961, 52.067551], [5.133778, 52.067636], [5.133915, 52.067691], [5.134765, 52.067746], [5.134846, 52.067779], [5.134924, 52.067874], [5.134985, 52.068227], [5.135211, 52.068792], [5.135296, 52.069149], [5.135261, 52.069193], [5.135098, 52.06923], [5.134458, 52.069582], [5.134473, 52.069628], [5.133919, 52.070178], [5.133888, 52.070268], [5.133917, 52.070403], [5.134272, 52.070802], [5.134567, 52.070923], [5.134973, 52.070857], [5.136219, 52.070792], [5.136386, 52.070817], [5.136482, 52.070868], [5.13699, 52.071558], [5.137172, 52.071871], [5.137116, 52.071997], [5.136686, 52.072267], [5.137777, 52.072857], [5.138443, 52.07264], [5.138725, 52.072619], [5.139585, 52.072789], [5.140135, 52.072982], [5.140624, 52.073813], [5.140648, 52.073943], [5.140871, 52.074322], [5.140835, 52.074603], [5.140996, 52.074748], [5.141055, 52.074747], [5.141093, 52.074788], [5.1413, 52.075218], [5.142113, 52.075156], [5.142292, 52.075183], [5.143509, 52.07578], [5.143358, 52.076057], [5.142821, 52.076659], [5.142483, 52.076612], [5.14185, 52.076891], [5.141661, 52.076102], [5.14103, 52.075477], [5.140956, 52.07525], [5.140762, 52.074933], [5.140588, 52.07482], [5.139889, 52.074493], [5.138962, 52.073686], [5.138215, 52.073347], [5.135591, 52.072028], [5.134565, 52.071679], [5.133795, 52.071305], [5.133894, 52.071089], [5.133895, 52.07082], [5.133819, 52.070617], [5.133522, 52.070158], [5.133527, 52.069727], [5.13349, 52.069613], [5.133275, 52.069244], [5.133116, 52.069054], [5.132973, 52.069148], [5.131954, 52.069502], [5.131923, 52.069466], [5.131823, 52.06945], [5.131371, 52.068917], [5.130976, 52.068155], [5.130774, 52.068076], [5.130811, 52.067781], [5.130954, 52.067555], [5.131348, 52.067269], [5.131278, 52.067163], [5.131371, 52.067001], [5.131265, 52.066726], [5.129871, 52.063806], [5.129241, 52.062317], [5.129136, 52.062107], [5.128743, 52.061679], [5.128604, 52.061361], [5.12858, 52.061183], [5.128229, 52.060574], [5.128265, 52.060471], [5.128129, 52.060147], [5.128082, 52.059825], [5.127792, 52.059558], [5.127518, 52.058947], [5.127533, 52.058829], [5.127156, 52.057971], [5.127076, 52.057648], [5.125458, 52.053919], [5.124273, 52.051247], [5.124221, 52.051147], [5.124068, 52.051095], [5.124178, 52.051053], [5.12424, 52.050974], [5.123721, 52.049778], [5.122645, 52.049817], [5.121706, 52.049897], [5.121165, 52.049991], [5.119778, 52.050334], [5.118242, 52.047043], [5.117691, 52.045998], [5.117405, 52.045602], [5.117172, 52.045355], [5.116424, 52.044786], [5.115537, 52.04437], [5.114612, 52.044085], [5.107926, 52.042418], [5.108118, 52.042081], [5.110027, 52.038054], [5.104498, 52.037877], [5.104022, 52.037898], [5.102036, 52.037858], [5.101962, 52.037898], [5.102543, 52.038726], [5.102577, 52.038838], [5.102521, 52.038951], [5.10227, 52.039095], [5.102061, 52.039124], [5.101411, 52.039092], [5.101254, 52.039185], [5.101029, 52.039392], [5.100835, 52.039431], [5.100668, 52.039431], [5.100413, 52.039359], [5.100029, 52.039126], [5.099756, 52.039119], [5.099515, 52.039041], [5.099441, 52.038849], [5.099557, 52.037801], [5.099394, 52.037769], [5.098936, 52.03777], [5.096898, 52.037816], [5.096125, 52.037808], [5.095865, 52.037869], [5.095616, 52.037561], [5.095971, 52.037477], [5.096895, 52.037466], [5.098234, 52.037401], [5.098974, 52.03739], [5.099323, 52.037418], [5.099462, 52.037344], [5.09905, 52.036578], [5.09905, 52.036489], [5.099186, 52.036372], [5.099633, 52.03623], [5.099955, 52.035982], [5.100301, 52.03593], [5.100621, 52.036023], [5.100917, 52.036224], [5.101697, 52.036198], [5.101983, 52.036282], [5.102118, 52.036384], [5.102006, 52.036458], [5.101776, 52.037415], [5.101963, 52.037447], [5.102628, 52.037452], [5.102851, 52.037488], [5.10434, 52.037505], [5.105081, 52.037565], [5.109302, 52.037677], [5.109671, 52.036733], [5.109735, 52.036478], [5.109755, 52.036123], [5.109703, 52.035858], [5.109472, 52.035611], [5.10931, 52.035508], [5.111066, 52.034297], [5.111147, 52.034227], [5.111341, 52.033833], [5.111775, 52.033907], [5.111955, 52.033819], [5.112044, 52.0337], [5.113053, 52.031569], [5.113444, 52.030413], [5.113665, 52.029499], [5.11381, 52.028531], [5.113886, 52.027389], [5.113766, 52.025732], [5.113583, 52.024858], [5.113391, 52.024148], [5.113173, 52.023586], [5.112613, 52.022316], [5.112499, 52.022204], [5.112465, 52.022083], [5.112188, 52.022086], [5.111982, 52.022134], [5.111402, 52.02206], [5.111129, 52.022097], [5.109484, 52.02271], [5.109193, 52.022874], [5.103675, 52.024936], [5.101988, 52.025638], [5.100553, 52.02609], [5.100027, 52.026338], [5.099964, 52.026212], [5.099774, 52.025272], [5.101331, 52.024688], [5.101725, 52.024744], [5.102599, 52.024803], [5.103492, 52.024646], [5.103612, 52.024658], [5.103762, 52.024551], [5.103889, 52.024514], [5.103868, 52.024464], [5.104102, 52.024338], [5.104823, 52.024315], [5.109197, 52.022606], [5.111384, 52.021797], [5.10958, 52.019068], [5.108886, 52.017627], [5.108192, 52.015913], [5.105724, 52.016153], [5.105646, 52.015747], [5.10556, 52.015758], [5.105707, 52.014918], [5.105763, 52.014927], [5.104181, 52.0114], [5.10384, 52.011436], [5.103554, 52.010618], [5.103335, 52.009696], [5.102597, 52.00733], [5.102469, 52.007154], [5.102255, 52.007043], [5.102652, 52.007044], [5.102287, 52.005847], [5.10199, 52.005791], [5.101611, 52.005786], [5.101473, 52.005734], [5.101299, 52.005758], [5.101229, 52.005813], [5.101083, 52.006292], [5.100829, 52.006269], [5.10064, 52.006285], [5.100507, 52.006601], [5.100452, 52.006638], [5.099345, 52.006645], [5.09935, 52.006593], [5.09836, 52.006744], [5.098049, 52.005741], [5.0968, 52.00558], [5.096558, 52.005448], [5.096212, 52.005185], [5.09608, 52.005164], [5.095788, 52.004943], [5.095646, 52.004969], [5.095615, 52.004879], [5.095503, 52.004811], [5.095279, 52.004146], [5.095353, 52.004063], [5.095303, 52.00397], [5.094987, 52.003786], [5.094663, 52.003462], [5.094648, 52.003396], [5.094739, 52.003345], [5.094665, 52.003233], [5.094733, 52.003208], [5.094764, 52.003139], [5.095058, 52.003079], [5.096251, 52.002033], [5.096368, 52.001736], [5.096205, 52.001406], [5.096241, 52.00122], [5.096709, 52.000561], [5.097171, 51.999812], [5.097686, 51.998558], [5.097796, 51.998074], [5.097981, 51.996499], [5.101556, 51.997283], [5.102523, 51.997537], [5.10314, 51.997595], [5.105919, 51.997308], [5.106409, 51.997306], [5.107198, 51.997353], [5.11034, 51.996981], [5.111472, 51.996829], [5.111632, 51.996683], [5.112123, 51.99655], [5.113212, 51.996349], [5.113868, 51.99632], [5.115105, 51.996414], [5.116249, 51.996284], [5.116665, 51.996209], [5.117585, 51.995799], [5.11822, 51.995562], [5.119163, 51.99531], [5.121436, 51.994778], [5.122423, 51.994413], [5.123261, 51.994173], [5.124539, 51.993679], [5.126404, 51.993177], [5.127678, 51.992772], [5.128328, 51.992515], [5.129743, 51.991657], [5.130267, 51.991269], [5.130692, 51.991006], [5.131178, 51.990479], [5.131563, 51.990136], [5.132592, 51.989512], [5.132705, 51.989466], [5.133064, 51.9894], [5.133388, 51.989247], [5.134159, 51.988454], [5.134211, 51.988237], [5.134525, 51.987814], [5.134813, 51.985494], [5.134564, 51.985189], [5.134194, 51.984979], [5.133918, 51.984775], [5.133703, 51.984497], [5.133665, 51.984356], [5.133686, 51.98412], [5.133828, 51.983844], [5.133998, 51.983637], [5.134308, 51.98342], [5.134549, 51.983335], [5.134704, 51.983314], [5.135181, 51.983324], [5.135825, 51.983412], [5.136169, 51.983397], [5.136485, 51.983344], [5.137351, 51.983057], [5.13793, 51.982917], [5.138608, 51.982532], [5.139857, 51.982035], [5.140198, 51.981803], [5.141953, 51.979886], [5.143056, 51.978789], [5.143155, 51.978514], [5.143816, 51.977448], [5.14396, 51.977099], [5.14404, 51.976827], [5.144179, 51.975921], [5.144624, 51.974969], [5.144916, 51.973908], [5.145255, 51.973205], [5.145806, 51.972353], [5.14557, 51.97228], [5.145544, 51.971945], [5.145665, 51.971848], [5.146097, 51.971899], [5.146918, 51.970616], [5.147291, 51.970259], [5.148443, 51.96953], [5.150985, 51.968076], [5.152659, 51.96706], [5.153657, 51.967821], [5.153778, 51.967845], [5.154218, 51.967624], [5.154604, 51.967486], [5.154768, 51.967452], [5.155344, 51.967415], [5.158026, 51.966645], [5.157948, 51.966019], [5.160621, 51.965631], [5.160019, 51.964821], [5.159599, 51.964081], [5.159286, 51.963321], [5.159053, 51.962391], [5.158979, 51.96145], [5.159039, 51.960667], [5.159165, 51.960049], [5.159508, 51.959124], [5.159894, 51.958377], [5.160495, 51.957512], [5.161105, 51.956824], [5.16181, 51.956172], [5.162604, 51.95556], [5.163667, 51.954886], [5.164635, 51.954379], [5.165802, 51.953875], [5.161452, 51.947828], [5.153191, 51.939456], [5.150457, 51.935895], [5.146837, 51.934267], [5.145053, 51.932342], [5.146031, 51.930015], [5.141189, 51.926366], [5.133469, 51.918638], [5.12441, 51.907286], [5.122456, 51.905176], [5.121757, 51.904473], [5.119023, 51.900993], [5.117915, 51.899642], [5.117027, 51.899601], [5.11639, 51.899501], [5.115473, 51.899179], [5.114785, 51.898465], [5.114683, 51.897803], [5.114681, 51.8973], [5.114764, 51.896709], [5.115151, 51.896164], [5.115843, 51.89569], [5.116161, 51.895604], [5.115959, 51.894665], [5.115609, 51.893574], [5.115532, 51.892915], [5.115426, 51.892708], [5.115058, 51.892328], [5.114032, 51.891635], [5.111936, 51.889461], [5.113386, 51.888389], [5.112895, 51.887926], [5.112587, 51.887854], [5.112547, 51.887801], [5.112737, 51.887776], [5.108838, 51.888194], [5.108172, 51.888324], [5.107602, 51.8885], [5.105759, 51.888811], [5.103127, 51.888658], [5.102427, 51.888538], [5.100662, 51.888337], [5.099884, 51.88821], [5.098886, 51.887927], [5.098539, 51.887866], [5.097995, 51.887837], [5.097629, 51.887852], [5.096568, 51.888054], [5.096604, 51.88822], [5.096445, 51.888254], [5.095871, 51.888511], [5.094825, 51.888744], [5.093251, 51.888965], [5.092415, 51.889051], [5.091603, 51.889032], [5.090975, 51.888976], [5.09071, 51.888883], [5.090793, 51.888775], [5.090234, 51.888607], [5.089043, 51.888087], [5.088692, 51.887845], [5.088446, 51.887551], [5.088159, 51.887094], [5.087872, 51.886385], [5.087649, 51.885541], [5.087551, 51.884955], [5.087465, 51.883634], [5.087382, 51.883068], [5.087133, 51.882231], [5.086921, 51.88171], [5.08669, 51.881276], [5.08634, 51.880769], [5.086007, 51.880365], [5.085686, 51.880077], [5.083933, 51.87866], [5.08366, 51.878361], [5.083176, 51.877638], [5.082846, 51.877265], [5.082228, 51.876731], [5.081323, 51.876051], [5.081184, 51.875911], [5.080816, 51.875662], [5.080532, 51.875525], [5.079862, 51.875312], [5.079518, 51.875234], [5.075951, 51.874606], [5.075532, 51.874473], [5.073659, 51.874039], [5.072684, 51.87403], [5.070945, 51.874158], [5.070288, 51.874157], [5.068524, 51.87405], [5.067232, 51.874142], [5.065296, 51.874396], [5.064431, 51.87443], [5.063388, 51.87441], [5.062373, 51.874318], [5.061804, 51.874235], [5.059008, 51.873659], [5.057548, 51.873451], [5.056451, 51.873341], [5.055964, 51.873264], [5.055362, 51.873041], [5.05416, 51.872349], [5.053614, 51.871898], [5.052978, 51.871114], [5.052311, 51.869984], [5.051948, 51.869081], [5.051811, 51.868266], [5.051803, 51.867893], [5.051859, 51.867504], [5.051995, 51.867055], [5.052199, 51.866643], [5.052604, 51.866209], [5.052996, 51.865874], [5.053376, 51.86559], [5.0542, 51.865099], [5.056218, 51.864326], [5.057645, 51.863826], [5.060881, 51.862852], [5.062047, 51.862387], [5.062456, 51.862195], [5.06306, 51.86186], [5.063292, 51.861678], [5.063578, 51.861284], [5.063682, 51.860824], [5.06363, 51.860608], [5.063414, 51.860271], [5.063069, 51.859854], [5.062846, 51.859663], [5.062358, 51.859362], [5.061893, 51.859152], [5.061517, 51.859027], [5.06064, 51.858623], [5.059185, 51.858154], [5.058248, 51.857962], [5.056356, 51.857719], [5.055606, 51.857651], [5.053808, 51.857386], [5.052999, 51.857361], [5.052667, 51.857436], [5.05214, 51.857492], [5.051805, 51.857477], [5.051261, 51.857569], [5.050623, 51.857818], [5.050075, 51.858106], [5.049606, 51.858299], [5.048839, 51.858478], [5.048105, 51.858582], [5.048102, 51.85868]]], [[[5.003612, 52.1935], [5.003559, 52.193484], [5.00355, 52.193542], [5.003612, 52.1935]]], [[[4.802147, 52.217641], [4.802146, 52.217636], [4.801028, 52.21826], [4.802147, 52.217641]]], [[[4.909935, 52.252435], [4.909768, 52.252447], [4.910112, 52.252458], [4.909935, 52.252435]]], [[[4.909314, 52.25248], [4.909145, 52.252512], [4.909593, 52.25246], [4.909314, 52.25248]]], [[[4.910378, 52.252493], [4.910334, 52.252487], [4.910805, 52.252614], [4.910378, 52.252493]]], [[[4.908986, 52.252543], [4.907988, 52.252833], [4.909033, 52.252534], [4.908986, 52.252543]]], [[[4.911122, 52.252778], [4.911113, 52.252771], [4.911109, 52.252769], [4.911122, 52.252778]]], [[[4.906496, 52.253056], [4.905655, 52.253167], [4.905712, 52.253164], [4.906496, 52.253056]]], [[[4.903099, 52.253207], [4.902585, 52.253113], [4.903076, 52.253205], [4.903099, 52.253207]]], [[[4.903756, 52.25325], [4.90321, 52.253217], [4.9036, 52.253251], [4.903756, 52.25325]]], [[[4.904463, 52.25324], [4.904091, 52.253248], [4.90436, 52.253246], [4.904463, 52.25324]]], [[[4.914334, 52.255358], [4.914291, 52.255328], [4.914309, 52.255345], [4.914334, 52.255358]]], [[[4.91755, 52.257018], [4.917303, 52.256817], [4.917575, 52.257054], [4.91755, 52.257018]]], [[[4.917986, 52.261514], [4.917998, 52.26153], [4.917987, 52.261498], [4.917986, 52.261514]]], [[[4.918614, 52.26194], [4.918371, 52.26184], [4.918456, 52.261889], [4.918614, 52.26194]]], [[[4.919939, 52.262266], [4.918839, 52.262013], [4.918943, 52.262046], [4.919939, 52.262266]]], [[[4.921629, 52.262525], [4.920428, 52.262373], [4.920504, 52.26239], [4.921629, 52.262525]]], [[[4.922973, 52.262945], [4.92285, 52.262899], [4.923098, 52.263016], [4.922973, 52.262945]]], [[[4.923451, 52.263215], [4.92334, 52.263152], [4.923499, 52.263271], [4.923451, 52.263215]]], [[[4.923744, 52.26355], [4.92363, 52.26342], [4.923833, 52.263732], [4.923744, 52.26355]]], [[[4.923843, 52.26375], [4.923962, 52.264839], [4.924003, 52.265025], [4.923848, 52.263762], [4.923843, 52.26375]]], [[[4.9243, 52.266225], [4.924103, 52.265481], [4.924235, 52.266084], [4.9243, 52.266225]]], [[[4.924584, 52.266767], [4.924403, 52.266452], [4.924477, 52.266615], [4.924584, 52.266767]]], [[[4.924764, 52.26701], [4.924741, 52.26699], [4.924748, 52.267001], [4.924764, 52.26701]]], [[[4.925432, 52.267365], [4.925294, 52.267305], [4.925329, 52.267324], [4.925432, 52.267365]]], [[[4.925897, 52.267535], [4.925782, 52.267503], [4.925818, 52.267517], [4.925897, 52.267535]]], [[[4.928318, 52.267982], [4.926336, 52.267636], [4.926474, 52.267668], [4.928318, 52.267982]]], [[[5.022886, 52.272416], [5.022898, 52.272456], [5.023291, 52.271509], [5.022886, 52.272416]]], [[[4.928506, 52.270466], [4.928119, 52.271144], [4.928015, 52.271742], [4.927663, 52.271938], [4.926992, 52.27217], [4.926781, 52.272282], [4.926651, 52.272445], [4.926667, 52.272639], [4.927459, 52.273311], [4.927661, 52.273712], [4.927616, 52.273928], [4.927257, 52.274622], [4.926754, 52.275377], [4.926785, 52.276856], [4.926688, 52.277077], [4.926152, 52.277773], [4.925958, 52.278195], [4.926121, 52.279108], [4.926225, 52.2794], [4.926444, 52.27978], [4.926671, 52.279713], [4.927467, 52.279596], [4.927978, 52.279581], [4.928587, 52.279611], [4.929033, 52.279711], [4.931388, 52.280506], [4.931966, 52.280618], [4.932757, 52.280671], [4.933533, 52.280865], [4.933801, 52.280893], [4.934839, 52.280571], [4.936349, 52.28017], [4.936622, 52.280035], [4.937283, 52.279619], [4.937463, 52.279548], [4.938638, 52.279414], [4.93931, 52.279181], [4.940226, 52.279166], [4.940717, 52.279057], [4.941129, 52.278894], [4.942265, 52.278304], [4.942692, 52.278184], [4.943022, 52.278168], [4.943417, 52.278194], [4.944113, 52.278282], [4.945127, 52.278702], [4.945535, 52.278827], [4.946374, 52.278969], [4.947214, 52.279004], [4.947645, 52.278994], [4.947979, 52.278953], [4.949012, 52.278627], [4.949914, 52.278443], [4.951501, 52.278264], [4.952979, 52.278221], [4.953798, 52.278027], [4.955243, 52.278306], [4.956514, 52.27863], [4.956773, 52.278671], [4.957296, 52.278665], [4.957809, 52.278612], [4.958664, 52.278343], [4.959968, 52.278346], [4.960472, 52.278293], [4.961054, 52.278174], [4.961336, 52.278525], [4.961878, 52.279712], [4.962132, 52.280116], [4.962244, 52.280207], [4.962548, 52.280285], [4.963324, 52.280313], [4.964159, 52.280407], [4.964865, 52.280384], [4.965315, 52.280448], [4.965709, 52.280578], [4.966166, 52.28098], [4.96622, 52.28097], [4.966252, 52.280886], [4.966326, 52.280341], [4.966491, 52.280096], [4.966842, 52.279878], [4.967576, 52.279561], [4.967674, 52.279582], [4.968327, 52.280412], [4.968542, 52.280609], [4.968753, 52.280726], [4.968815, 52.280973], [4.969378, 52.281789], [4.969379, 52.281956], [4.969726, 52.283121], [4.969913, 52.283194], [4.970266, 52.283429], [4.971358, 52.284041], [4.972611, 52.284846], [4.973072, 52.285022], [4.973249, 52.285236], [4.973712, 52.285445], [4.975148, 52.286342], [4.975937, 52.286647], [4.976116, 52.286752], [4.978569, 52.287839], [4.979187, 52.288078], [4.980112, 52.28851], [4.982889, 52.289642], [4.982979, 52.289789], [4.983506, 52.290368], [4.98757, 52.289896], [4.990459, 52.289603], [4.994117, 52.289288], [4.997475, 52.289118], [4.998298, 52.289815], [4.998452, 52.289839], [4.998551, 52.290234], [4.998765, 52.290218], [4.998814, 52.290239], [5.00125, 52.292329], [5.001373, 52.292483], [5.001789, 52.292793], [5.001833, 52.292922], [5.001797, 52.293175], [5.001851, 52.295879], [5.002484, 52.296035], [5.002816, 52.296046], [5.003109, 52.296019], [5.003227, 52.296065], [5.003233, 52.297389], [5.003835, 52.298509], [5.005265, 52.298393], [5.007056, 52.300376], [5.007544, 52.300868], [5.007752, 52.301366], [5.007892, 52.301522], [5.008961, 52.301726], [5.009429, 52.301885], [5.009915, 52.302094], [5.010398, 52.302423], [5.011051, 52.303029], [5.011424, 52.303246], [5.011769, 52.303393], [5.012555, 52.303567], [5.013215, 52.303618], [5.014228, 52.30359], [5.014265, 52.303677], [5.014731, 52.303548], [5.016097, 52.303081], [5.016706, 52.30292], [5.016685, 52.302881], [5.01784, 52.302662], [5.01941, 52.302502], [5.021543, 52.302457], [5.021663, 52.301221], [5.021863, 52.289426], [5.021926, 52.284932], [5.021867, 52.282653], [5.022786, 52.2822], [5.022827, 52.282156], [5.022818, 52.282162], [5.020826, 52.282673], [5.018977, 52.281283], [5.016337, 52.282949], [5.011199, 52.286269], [5.009555, 52.286854], [5.007445, 52.287476], [5.004167, 52.28754], [5.003204, 52.287833], [5.000229, 52.288047], [4.995478, 52.28815], [4.992905, 52.288498], [4.992458, 52.28763], [4.992824, 52.287535], [4.99184, 52.286742], [4.989866, 52.285744], [4.988325, 52.284864], [4.987407, 52.284391], [4.98654, 52.2841], [4.985396, 52.283659], [4.983001, 52.283053], [4.982048, 52.282634], [4.981433, 52.282566], [4.977607, 52.281424], [4.977008, 52.281219], [4.974857, 52.280635], [4.976074, 52.279226], [4.977706, 52.27721], [4.980678, 52.273921], [4.980835, 52.273626], [4.980437, 52.273368], [4.978755, 52.27284], [4.973514, 52.271659], [4.972994, 52.271518], [4.972217, 52.270918], [4.972116, 52.270502], [4.972694, 52.27012], [4.973618, 52.269899], [4.973939, 52.269112], [4.974923, 52.267451], [4.973182, 52.267088], [4.973427, 52.266762], [4.969292, 52.266063], [4.969319, 52.265707], [4.96857, 52.265556], [4.968018, 52.266842], [4.967582, 52.266752], [4.967368, 52.267317], [4.967276, 52.267796], [4.967299, 52.268443], [4.966787, 52.269499], [4.966561, 52.269874], [4.964095, 52.269503], [4.960985, 52.269225], [4.959927, 52.268965], [4.953007, 52.271653], [4.950865, 52.272655], [4.949809, 52.272139], [4.948565, 52.271292], [4.946131, 52.26949], [4.944707, 52.268174], [4.94375, 52.266951], [4.943328, 52.266322], [4.94291, 52.266342], [4.9401, 52.265712], [4.936407, 52.264632], [4.935938, 52.264587], [4.935034, 52.264594], [4.934681, 52.265094], [4.934588, 52.265713], [4.933775, 52.26699], [4.933628, 52.267811], [4.933238, 52.26846], [4.932557, 52.268799], [4.931409, 52.268837], [4.929422, 52.268403], [4.929422, 52.268403], [4.929626, 52.268955], [4.929655, 52.269246], [4.929354, 52.269891], [4.929186, 52.270059], [4.928736, 52.270276], [4.928506, 52.270466]]], [[[5.032165, 52.254806], [5.032039, 52.254946], [5.032531, 52.254476], [5.032165, 52.254806]]], [[[5.031182, 52.256008], [5.031452, 52.255598], [5.031435, 52.255617], [5.031191, 52.255988], [5.031182, 52.256008]]], [[[5.031029, 52.256359], [5.031025, 52.256389], [5.031129, 52.256129], [5.031029, 52.256359]]], [[[5.030967, 52.256771], [5.030975, 52.256794], [5.030995, 52.256589], [5.030967, 52.256771]]], [[[5.03109, 52.257162], [5.031141, 52.257225], [5.031079, 52.257126], [5.03109, 52.257162]]], [[[5.031338, 52.257471], [5.031673, 52.257755], [5.031257, 52.25737], [5.031338, 52.257471]]], [[[5.032084, 52.258135], [5.032011, 52.258068], [5.032117, 52.258176], [5.032084, 52.258135]]], [[[5.032179, 52.258254], [5.03232, 52.258458], [5.032269, 52.258367], [5.032179, 52.258254]]], [[[5.032368, 52.260352], [5.032237, 52.260549], [5.032249, 52.260535], [5.032368, 52.260352]]], [[[5.032106, 52.260701], [5.031936, 52.260893], [5.031955, 52.260877], [5.032106, 52.260701]]], [[[5.031639, 52.261149], [5.031471, 52.261291], [5.03149, 52.261277], [5.031639, 52.261149]]], [[[5.031326, 52.261395], [5.031057, 52.261583], [5.031099, 52.261557], [5.031326, 52.261395]]], [[[5.030703, 52.261796], [5.030024, 52.262187], [5.030218, 52.262089], [5.030703, 52.261796]]], [[[5.02691, 52.263849], [5.026888, 52.263863], [5.026743, 52.264001], [5.02691, 52.263849]]], [[[5.026571, 52.264165], [5.026507, 52.264396], [5.02658, 52.264156], [5.026571, 52.264165]]], [[[5.02779, 52.266022], [5.027819, 52.266134], [5.027799, 52.266041], [5.02779, 52.266022]]], [[[5.027877, 52.266401], [5.027901, 52.266672], [5.02789, 52.266463], [5.027877, 52.266401]]], [[[5.02791, 52.266854], [5.02789, 52.267087], [5.027912, 52.266894], [5.02791, 52.266854]]], [[[5.027877, 52.267207], [5.027825, 52.267364], [5.027874, 52.267228], [5.027877, 52.267207]]], [[[5.027766, 52.267529], [5.027695, 52.267652], [5.02775, 52.267574], [5.027766, 52.267529]]], [[[5.027546, 52.267863], [5.027293, 52.268097], [5.027509, 52.267915], [5.027546, 52.267863]]], [[[5.027167, 52.268204], [5.026892, 52.268375], [5.027136, 52.268229], [5.027167, 52.268204]]], [[[5.02568, 52.268997], [5.026727, 52.268474], [5.026745, 52.268463], [5.025869, 52.268887], [5.02568, 52.268997]]], [[[5.025327, 52.269202], [5.025224, 52.269285], [5.025438, 52.269138], [5.025327, 52.269202]]], [[[5.024938, 52.269516], [5.024877, 52.269579], [5.025019, 52.26945], [5.024938, 52.269516]]], [[[5.024316, 52.270156], [5.024277, 52.270205], [5.024559, 52.269906], [5.024316, 52.270156]]], [[[5.023553, 52.271106], [5.023533, 52.271138], [5.023845, 52.270743], [5.023553, 52.271106]]], [[[5.029526, 52.272014], [5.029814, 52.272044], [5.029538, 52.272014], [5.029526, 52.272014]]], [[[5.031256, 52.273173], [5.031532, 52.273551], [5.032687, 52.274956], [5.031256, 52.273173]]], [[[5.024682, 52.281685], [5.024382, 52.281357], [5.025245, 52.282372], [5.026508, 52.283978], [5.027819, 52.285487], [5.030528, 52.288487], [5.03042, 52.28832], [5.027005, 52.284541], [5.024766, 52.281663], [5.024682, 52.281685]]], [[[5.035135, 52.252653], [5.034956, 52.252679], [5.035209, 52.252653], [5.035135, 52.252653]]], [[[5.034883, 52.252689], [5.034779, 52.252724], [5.03491, 52.252685], [5.034883, 52.252689]]], [[[5.034696, 52.252752], [5.034643, 52.252784], [5.034708, 52.252748], [5.034696, 52.252752]]], [[[5.036262, 52.252847], [5.036217, 52.252831], [5.036368, 52.252909], [5.036262, 52.252847]]], [[[5.036833, 52.253179], [5.036709, 52.253106], [5.036947, 52.253265], [5.036833, 52.253179]]], [[[5.033251, 52.253827], [5.033128, 52.253938], [5.034456, 52.252896], [5.034413, 52.252922], [5.033251, 52.253827]]], [[[5.037422, 52.253626], [5.03736, 52.253579], [5.037443, 52.253646], [5.037422, 52.253626]]], [[[5.037756, 52.253954], [5.037557, 52.253759], [5.037908, 52.254153], [5.037756, 52.253954]]], [[[5.04358, 52.254298], [5.043514, 52.25516], [5.043548, 52.255008], [5.04358, 52.254298]]], [[[5.038075, 52.254371], [5.038013, 52.254291], [5.038625, 52.255271], [5.038075, 52.254371]]], [[[5.043488, 52.255279], [5.043448, 52.255381], [5.043475, 52.255335], [5.043488, 52.255279]]], [[[5.039003, 52.255714], [5.038625, 52.255271], [5.038877, 52.255594], [5.039003, 52.255714]]], [[[5.043279, 52.255671], [5.043328, 52.255587], [5.04321, 52.255734], [5.043279, 52.255671]]], [[[5.043056, 52.255874], [5.042866, 52.256024], [5.042943, 52.255977], [5.043056, 52.255874]]], [[[5.039682, 52.256293], [5.039298, 52.255994], [5.039436, 52.256125], [5.039682, 52.256293]]], [[[5.039711, 52.256313], [5.039731, 52.256326], [5.040062, 52.256499], [5.040153, 52.256528], [5.039711, 52.256313]]], [[[5.042222, 52.256409], [5.04169, 52.256623], [5.042143, 52.256456], [5.042222, 52.256409]]], [[[5.04169, 52.256623], [5.041343, 52.256702], [5.04138, 52.256698], [5.04169, 52.256623]]], [[[5.040843, 52.256711], [5.040655, 52.256687], [5.040676, 52.256694], [5.040843, 52.256711]]], [[[5.041185, 52.25672], [5.041039, 52.25673], [5.041067, 52.256733], [5.041185, 52.25672]]], [[[5.032418, 52.258636], [5.032467, 52.258741], [5.032457, 52.258706], [5.032418, 52.258636]]], [[[5.032664, 52.259446], [5.032669, 52.259496], [5.032672, 52.259472], [5.032664, 52.259446]]], [[[5.032645, 52.259695], [5.032627, 52.259807], [5.032633, 52.259791], [5.032645, 52.259695]]], [[[5.03256, 52.259982], [5.032479, 52.26018], [5.032489, 52.260166], [5.03256, 52.259982]]], [[[5.03288, 52.275148], [5.032925, 52.27518], [5.032687, 52.274956], [5.03288, 52.275148]]], [[[5.033156, 52.275344], [5.03323, 52.275377], [5.033035, 52.275258], [5.033156, 52.275344]]], [[[5.038471, 52.277038], [5.040324, 52.277427], [5.038349, 52.276998], [5.038471, 52.277038]]], [[[5.040324, 52.277427], [5.041948, 52.277838], [5.04205, 52.277855], [5.040324, 52.277427]]], [[[5.042522, 52.27793], [5.042816, 52.277948], [5.042218, 52.277882], [5.042522, 52.27793]]], [[[5.043706, 52.277911], [5.042949, 52.277956], [5.043014, 52.27796], [5.043672, 52.277917], [5.043706, 52.277911]]], [[[5.196104, 51.960806], [5.198444, 51.960287], [5.198064, 51.96036], [5.196104, 51.960806]]], [[[5.192201, 51.961981], [5.193999, 51.961412], [5.193362, 51.961594], [5.192201, 51.961981]]], [[[5.116233, 52.008514], [5.11266, 52.008994], [5.114275, 52.01362], [5.117112, 52.013099], [5.116766, 52.012199], [5.11754, 52.01209], [5.116233, 52.008514]]], [[[5.119258, 52.016775], [5.117791, 52.014675], [5.117738, 52.01464], [5.117673, 52.01466], [5.117493, 52.014007], [5.115617, 52.014308], [5.115242, 52.014257], [5.114802, 52.014386], [5.11497, 52.014494], [5.115449, 52.015352], [5.116966, 52.019141], [5.117153, 52.01911], [5.117356, 52.019136], [5.120401, 52.018018], [5.120755, 52.017874], [5.120755, 52.017835], [5.119774, 52.016718], [5.119258, 52.016775]]], [[[5.119492, 52.024931], [5.119826, 52.02506], [5.120035, 52.025103], [5.120117, 52.025201], [5.120373, 52.026045], [5.12065, 52.026656], [5.120888, 52.027324], [5.120915, 52.027747], [5.121054, 52.028211], [5.121553, 52.029341], [5.128374, 52.025126], [5.122418, 52.018108], [5.122315, 52.017922], [5.117709, 52.01961], [5.117729, 52.019939], [5.118031, 52.020709], [5.118087, 52.02109], [5.118675, 52.022572], [5.118687, 52.022684], [5.119474, 52.024637], [5.119383, 52.024652], [5.119492, 52.024931]]], [[[5.217214, 52.206233], [5.216487, 52.206367], [5.221337, 52.217717], [5.223465, 52.222501], [5.22473, 52.225197], [5.222901, 52.225261], [5.245093, 52.254431], [5.24398, 52.254535], [5.246583, 52.257804], [5.247116, 52.258525], [5.249752, 52.261807], [5.250102, 52.262172], [5.250734, 52.262948], [5.252698, 52.265479], [5.255987, 52.269572], [5.258801, 52.272966], [5.260963, 52.275685], [5.262673, 52.27774], [5.265179, 52.280862], [5.265978, 52.281926], [5.278153, 52.280519], [5.280562, 52.28028], [5.283667, 52.279897], [5.284007, 52.279907], [5.284255, 52.279831], [5.285412, 52.279697], [5.285889, 52.279659], [5.286107, 52.279699], [5.286998, 52.27964], [5.287343, 52.279525], [5.289593, 52.279271], [5.28973, 52.279225], [5.290469, 52.279139], [5.290855, 52.279064], [5.297467, 52.278346], [5.30206, 52.277799], [5.302365, 52.277733], [5.302897, 52.277707], [5.303714, 52.277582], [5.30405, 52.277573], [5.305834, 52.277329], [5.335461, 52.290218], [5.393236, 52.255157], [5.402897, 52.249527], [5.404643, 52.24963], [5.403239, 52.246072], [5.401839, 52.242674], [5.401236, 52.241056], [5.400821, 52.240202], [5.399836, 52.23758], [5.399569, 52.237059], [5.398676, 52.234992], [5.397818, 52.232751], [5.396789, 52.230377], [5.396687, 52.229997], [5.39645, 52.229412], [5.396237, 52.228464], [5.395958, 52.228011], [5.395698, 52.227272], [5.395397, 52.226626], [5.395314, 52.226269], [5.394967, 52.225585], [5.394576, 52.224134], [5.394264, 52.223498], [5.393303, 52.220992], [5.393215, 52.220634], [5.393525, 52.220176], [5.393642, 52.22008], [5.400052, 52.216897], [5.403728, 52.215126], [5.405993, 52.213968], [5.407222, 52.213405], [5.4088, 52.216974], [5.40967, 52.21858], [5.417179, 52.21498], [5.419623, 52.213711], [5.421029, 52.213194], [5.421987, 52.212279], [5.423119, 52.211766], [5.426036, 52.210336], [5.429589, 52.208357], [5.430595, 52.207856], [5.431685, 52.207365], [5.431736, 52.207238], [5.431891, 52.207123], [5.432522, 52.206895], [5.432865, 52.206833], [5.434329, 52.206215], [5.434231, 52.206117], [5.434684, 52.205925], [5.434714, 52.205876], [5.435426, 52.205605], [5.43545, 52.205629], [5.436382, 52.205296], [5.436652, 52.205586], [5.439237, 52.204601], [5.43982, 52.205984], [5.440568, 52.205837], [5.441039, 52.205693], [5.440848, 52.205486], [5.440938, 52.205466], [5.440187, 52.20463], [5.441146, 52.204314], [5.440865, 52.204014], [5.440937, 52.203991], [5.439637, 52.202608], [5.439576, 52.202303], [5.439662, 52.202211], [5.43959, 52.202139], [5.439449, 52.202195], [5.439387, 52.20143], [5.439382, 52.200758], [5.439352, 52.200758], [5.439422, 52.19996], [5.439609, 52.198891], [5.439665, 52.198453], [5.439649, 52.198194], [5.439772, 52.197282], [5.439705, 52.19596], [5.439973, 52.195761], [5.440014, 52.194563], [5.439933, 52.194515], [5.440048, 52.194019], [5.440163, 52.192033], [5.440096, 52.190052], [5.439795, 52.188445], [5.439347, 52.187119], [5.438861, 52.185992], [5.438867, 52.185902], [5.438086, 52.184585], [5.438476, 52.184408], [5.43886, 52.18445], [5.439248, 52.184313], [5.439043, 52.184127], [5.439575, 52.178965], [5.439903, 52.175066], [5.440058, 52.174093], [5.440061, 52.173452], [5.440137, 52.173215], [5.439342, 52.173078], [5.438916, 52.172917], [5.43943, 52.172124], [5.439541, 52.172019], [5.439557, 52.172038], [5.439799, 52.171569], [5.439876, 52.171197], [5.442019, 52.169737], [5.442932, 52.169176], [5.443594, 52.16883], [5.444244, 52.168563], [5.445366, 52.168265], [5.44662, 52.168006], [5.446856, 52.168068], [5.448026, 52.167827], [5.448824, 52.167704], [5.449787, 52.167608], [5.453535, 52.16733], [5.454193, 52.167332], [5.458173, 52.167038], [5.458552, 52.166943], [5.458775, 52.166964], [5.458764, 52.167003], [5.475752, 52.165762], [5.475746, 52.166095], [5.479922, 52.165815], [5.479859, 52.165704], [5.479751, 52.165679], [5.479615, 52.165477], [5.478948, 52.164741], [5.478883, 52.164401], [5.477739, 52.16424], [5.475557, 52.16439], [5.475472, 52.164359], [5.475257, 52.164151], [5.474484, 52.163876], [5.473869, 52.163907], [5.472982, 52.163822], [5.473192, 52.163645], [5.473316, 52.163464], [5.473409, 52.163275], [5.473405, 52.163114], [5.473332, 52.1631], [5.473393, 52.162995], [5.472433, 52.162851], [5.472866, 52.161848], [5.47552, 52.162162], [5.47814, 52.161717], [5.479197, 52.161361], [5.479598, 52.161176], [5.47997, 52.160955], [5.480733, 52.160354], [5.480973, 52.160102], [5.481125, 52.160046], [5.481398, 52.160025], [5.481751, 52.159877], [5.482116, 52.159796], [5.481458, 52.158374], [5.481496, 52.158297], [5.482309, 52.158205], [5.482461, 52.158243], [5.483038, 52.158289], [5.483653, 52.158289], [5.483977, 52.158236], [5.484143, 52.158178], [5.484317, 52.158064], [5.484132, 52.157134], [5.484254, 52.157086], [5.484197, 52.156919], [5.484166, 52.155817], [5.484113, 52.155479], [5.484074, 52.155346], [5.48361, 52.155385], [5.483724, 52.155047], [5.483774, 52.154684], [5.483767, 52.153981], [5.483248, 52.154017], [5.482933, 52.15253], [5.482626, 52.151504], [5.481342, 52.150501], [5.483425, 52.149596], [5.484795, 52.149166], [5.489476, 52.148219], [5.496251, 52.14735], [5.497172, 52.14731], [5.498552, 52.147386], [5.498596, 52.147355], [5.498982, 52.147393], [5.498815, 52.146227], [5.498506, 52.144932], [5.49837, 52.144486], [5.498179, 52.144193], [5.498031, 52.143818], [5.497989, 52.14353], [5.498092, 52.143467], [5.498007, 52.143153], [5.497306, 52.141444], [5.498535, 52.141171], [5.498943, 52.141118], [5.499835, 52.141083], [5.500002, 52.141043], [5.501222, 52.140505], [5.502202, 52.139851], [5.502603, 52.139536], [5.502742, 52.139567], [5.504139, 52.139356], [5.504216, 52.139277], [5.504377, 52.139225], [5.504716, 52.139209], [5.505614, 52.139052], [5.507592, 52.138866], [5.50745, 52.138532], [5.509637, 52.138167], [5.510307, 52.137999], [5.511685, 52.137496], [5.512481, 52.137072], [5.514079, 52.135923], [5.513536, 52.135773], [5.512367, 52.134224], [5.511881, 52.134115], [5.51196, 52.134001], [5.512, 52.133998], [5.512042, 52.133736], [5.511964, 52.132513], [5.512077, 52.132284], [5.512171, 52.132193], [5.511928, 52.132105], [5.511668, 52.132051], [5.511339, 52.13211], [5.510989, 52.132026], [5.510065, 52.131916], [5.509203, 52.131945], [5.508931, 52.131775], [5.508857, 52.131585], [5.508561, 52.131653], [5.507697, 52.131335], [5.50769, 52.131129], [5.507636, 52.131124], [5.507562, 52.131169], [5.507472, 52.131348], [5.507342, 52.131331], [5.507094, 52.131222], [5.506721, 52.13098], [5.506297, 52.131023], [5.506103, 52.130914], [5.505513, 52.131118], [5.50522, 52.131141], [5.505043, 52.131114], [5.504971, 52.131068], [5.504978, 52.130933], [5.504757, 52.130953], [5.504615, 52.130931], [5.504118, 52.130666], [5.503584, 52.130573], [5.502778, 52.130249], [5.502395, 52.130199], [5.502117, 52.130093], [5.501603, 52.130086], [5.501532, 52.130042], [5.501518, 52.129961], [5.501424, 52.129926], [5.500992, 52.130053], [5.500724, 52.130043], [5.500395, 52.130136], [5.499734, 52.130253], [5.499165, 52.130245], [5.499071, 52.130292], [5.499166, 52.130458], [5.499087, 52.130543], [5.498881, 52.130481], [5.498344, 52.130225], [5.498044, 52.130211], [5.497913, 52.130283], [5.497583, 52.128633], [5.497467, 52.128335], [5.497351, 52.127833], [5.496897, 52.125356], [5.496759, 52.124814], [5.496496, 52.124847], [5.496421, 52.124601], [5.495259, 52.12466], [5.494751, 52.124721], [5.494695, 52.124698], [5.494686, 52.124615], [5.494738, 52.124591], [5.494691, 52.124245], [5.49514, 52.122296], [5.495141, 52.122255], [5.495019, 52.122209], [5.49506, 52.121993], [5.495582, 52.121453], [5.495862, 52.121249], [5.496134, 52.121101], [5.496653, 52.120496], [5.496706, 52.120283], [5.496652, 52.120125], [5.49673, 52.119962], [5.496819, 52.119913], [5.496918, 52.119557], [5.497961, 52.119358], [5.500042, 52.1192], [5.500419, 52.119266], [5.501201, 52.119497], [5.501669, 52.11957], [5.503222, 52.119686], [5.503229, 52.119649], [5.504829, 52.119763], [5.505354, 52.11975], [5.50471, 52.118148], [5.504609, 52.118162], [5.504212, 52.117165], [5.503756, 52.116586], [5.505894, 52.115984], [5.5066, 52.115855], [5.507076, 52.115841], [5.507164, 52.115609], [5.507549, 52.115645], [5.507702, 52.113897], [5.506467, 52.114281], [5.506168, 52.11431], [5.504157, 52.113738], [5.50395, 52.11372], [5.50377, 52.11381], [5.502499, 52.114949], [5.50261, 52.115092], [5.498917, 52.116018], [5.497508, 52.11593], [5.497012, 52.115851], [5.496456, 52.115945], [5.496051, 52.115746], [5.495626, 52.115586], [5.493903, 52.115651], [5.492579, 52.115662], [5.491945, 52.115723], [5.491139, 52.115872], [5.490755, 52.116055], [5.488082, 52.116101], [5.4879, 52.116043], [5.486447, 52.11536], [5.48686, 52.115205], [5.487415, 52.115051], [5.487886, 52.114998], [5.488705, 52.114965], [5.489005, 52.114874], [5.489075, 52.114899], [5.489113, 52.114981], [5.489162, 52.114998], [5.489718, 52.1149], [5.48977, 52.114812], [5.489887, 52.114744], [5.490256, 52.114645], [5.490439, 52.114645], [5.49094, 52.114486], [5.491052, 52.114507], [5.491176, 52.114599], [5.491521, 52.114465], [5.491831, 52.114508], [5.491896, 52.114426], [5.491832, 52.11409], [5.492397, 52.113813], [5.492625, 52.113767], [5.493014, 52.113559], [5.493003, 52.113457], [5.493376, 52.113002], [5.493581, 52.113105], [5.493688, 52.113094], [5.493714, 52.112873], [5.493879, 52.112815], [5.493922, 52.112764], [5.493941, 52.112504], [5.493872, 52.111908], [5.493874, 52.111373], [5.49391, 52.111271], [5.493862, 52.111097], [5.488966, 52.108145], [5.488618, 52.108009], [5.487874, 52.10764], [5.485945, 52.106472], [5.484302, 52.105542], [5.484775, 52.103784], [5.484995, 52.103304], [5.485038, 52.101849], [5.485237, 52.099216], [5.48474, 52.096624], [5.48518, 52.095625], [5.485897, 52.094216], [5.486083, 52.093657], [5.482673, 52.092611], [5.480622, 52.092027], [5.479969, 52.091709], [5.476785, 52.09038], [5.476761, 52.090348], [5.47554, 52.090355], [5.474833, 52.090255], [5.474428, 52.090093], [5.472786, 52.089162], [5.471886, 52.089381], [5.471498, 52.088351], [5.469995, 52.087436], [5.470001, 52.087402], [5.468943, 52.086615], [5.467959, 52.085995], [5.466263, 52.084812], [5.464927, 52.083797], [5.464938, 52.083724], [5.464054, 52.083056], [5.463478, 52.083418], [5.463368, 52.083442], [5.462532, 52.083156], [5.459807, 52.082019], [5.459678, 52.082003], [5.460148, 52.080952], [5.459243, 52.080226], [5.45965, 52.079983], [5.460364, 52.079653], [5.461328, 52.079311], [5.46223, 52.079084], [5.464658, 52.078748], [5.464901, 52.078674], [5.465435, 52.078429], [5.465638, 52.078303], [5.465988, 52.077959], [5.466108, 52.077731], [5.4662, 52.077442], [5.466308, 52.076379], [5.466382, 52.07619], [5.466729, 52.075802], [5.466891, 52.075686], [5.467144, 52.07557], [5.46749, 52.075458], [5.467952, 52.075372], [5.46927, 52.075219], [5.470305, 52.074948], [5.470678, 52.074801], [5.472631, 52.073801], [5.473825, 52.07305], [5.474209, 52.072921], [5.474579, 52.072845], [5.475659, 52.072761], [5.475926, 52.072714], [5.476174, 52.072716], [5.476376, 52.072641], [5.476492, 52.0725], [5.476849, 52.072299], [5.477222, 52.072013], [5.478212, 52.071714], [5.478416, 52.071709], [5.478413, 52.071676], [5.479148, 52.071598], [5.479976, 52.07138], [5.481744, 52.07046], [5.483897, 52.069656], [5.48415, 52.069622], [5.484522, 52.069638], [5.484721, 52.069685], [5.485628, 52.070183], [5.48589, 52.070263], [5.486213, 52.070264], [5.486985, 52.070161], [5.487494, 52.070186], [5.487821, 52.07025], [5.488282, 52.070393], [5.490175, 52.071252], [5.490696, 52.071411], [5.492327, 52.07156], [5.493053, 52.071749], [5.493887, 52.071889], [5.494424, 52.071931], [5.495165, 52.071901], [5.495775, 52.071777], [5.496639, 52.071527], [5.497508, 52.071349], [5.498068, 52.071313], [5.499882, 52.071335], [5.501666, 52.072852], [5.50199, 52.073177], [5.502092, 52.073345], [5.504584, 52.07335], [5.504847, 52.075174], [5.504984, 52.076694], [5.50507, 52.076911], [5.506482, 52.076706], [5.508758, 52.076979], [5.509204, 52.07697], [5.509576, 52.077362], [5.509752, 52.07762], [5.510295, 52.077967], [5.510361, 52.078055], [5.510361, 52.078161], [5.510281, 52.078318], [5.509994, 52.078686], [5.509694, 52.07898], [5.509923, 52.07905], [5.511552, 52.078939], [5.511578, 52.078913], [5.511698, 52.078943], [5.512171, 52.078934], [5.513146, 52.078805], [5.514157, 52.078752], [5.514453, 52.078795], [5.514873, 52.078975], [5.514897, 52.078916], [5.51514, 52.078901], [5.515162, 52.079001], [5.516396, 52.079179], [5.517755, 52.07922], [5.519437, 52.079227], [5.51942, 52.079137], [5.519502, 52.079049], [5.519577, 52.079036], [5.519589, 52.07896], [5.519992, 52.078692], [5.520357, 52.078308], [5.520605, 52.0783], [5.521049, 52.078141], [5.521215, 52.07827], [5.521411, 52.078231], [5.521978, 52.07804], [5.522256, 52.077909], [5.522554, 52.077681], [5.522654, 52.077542], [5.524111, 52.078463], [5.524539, 52.078806], [5.525877, 52.080086], [5.526896, 52.08068], [5.527838, 52.081092], [5.52826, 52.081137], [5.528786, 52.08144], [5.529462, 52.081683], [5.530474, 52.081819], [5.530999, 52.082167], [5.531245, 52.082419], [5.531477, 52.083271], [5.531807, 52.083619], [5.531306, 52.083939], [5.530292, 52.08417], [5.526634, 52.084903], [5.530856, 52.089774], [5.537127, 52.088659], [5.538294, 52.09269], [5.535079, 52.092875], [5.538831, 52.096436], [5.538921, 52.09668], [5.53916, 52.097814], [5.538573, 52.098086], [5.535937, 52.099163], [5.534241, 52.099772], [5.533855, 52.099871], [5.532817, 52.099984], [5.531543, 52.102267], [5.537477, 52.103164], [5.54154, 52.103737], [5.543498, 52.10207], [5.544013, 52.101949], [5.546302, 52.102444], [5.5464, 52.102846], [5.545292, 52.10439], [5.550343, 52.10542], [5.553063, 52.100954], [5.553235, 52.100806], [5.554236, 52.100151], [5.554123, 52.099982], [5.55295, 52.099136], [5.551825, 52.097504], [5.551581, 52.09726], [5.551131, 52.096962], [5.550463, 52.096641], [5.550563, 52.096394], [5.554429, 52.095392], [5.554537, 52.094808], [5.554517, 52.094707], [5.554236, 52.094358], [5.554179, 52.094194], [5.554435, 52.093469], [5.554863, 52.09314], [5.555328, 52.092432], [5.555684, 52.091991], [5.55587, 52.09182], [5.555857, 52.091741], [5.555752, 52.091711], [5.555359, 52.091785], [5.555347, 52.091741], [5.55471, 52.091522], [5.55474, 52.091241], [5.555023, 52.090239], [5.555264, 52.088096], [5.554905, 52.08655], [5.554961, 52.086449], [5.555116, 52.086528], [5.555719, 52.087101], [5.555781, 52.087112], [5.555973, 52.087112], [5.55613, 52.087069], [5.556542, 52.086787], [5.557053, 52.086867], [5.557112, 52.086851], [5.557202, 52.086791], [5.557229, 52.086712], [5.557079, 52.086443], [5.557377, 52.086252], [5.557414, 52.086111], [5.556687, 52.085483], [5.557046, 52.085301], [5.55732, 52.08525], [5.557479, 52.085184], [5.55753, 52.085104], [5.557876, 52.084958], [5.558056, 52.084791], [5.558402, 52.084722], [5.558611, 52.084722], [5.558689, 52.084693], [5.558768, 52.084605], [5.559118, 52.084468], [5.559384, 52.084536], [5.559581, 52.08454], [5.559972, 52.084454], [5.560472, 52.084483], [5.560778, 52.084394], [5.56063, 52.083112], [5.560589, 52.08194], [5.560711, 52.081413], [5.560806, 52.081172], [5.561061, 52.080751], [5.561343, 52.080057], [5.561414, 52.079993], [5.561803, 52.079807], [5.562582, 52.079258], [5.562644, 52.078997], [5.562677, 52.078492], [5.562739, 52.078332], [5.562132, 52.075813], [5.561444, 52.073286], [5.559212, 52.071043], [5.559679, 52.070208], [5.560782, 52.06859], [5.560729, 52.067501], [5.560429, 52.066375], [5.560373, 52.065609], [5.560387, 52.064424], [5.560333, 52.063883], [5.560214, 52.063337], [5.559955, 52.063229], [5.560067, 52.06321], [5.559948, 52.060888], [5.559815, 52.05955], [5.559508, 52.058777], [5.559153, 52.057673], [5.558835, 52.056214], [5.558719, 52.054765], [5.558589, 52.054031], [5.558386, 52.053359], [5.558319, 52.052871], [5.558147, 52.05222], [5.557575, 52.050375], [5.558414, 52.050204], [5.558542, 52.050143], [5.558649, 52.050006], [5.557876, 52.048952], [5.557903, 52.048865], [5.558254, 52.048829], [5.558328, 52.048747], [5.558495, 52.04876], [5.560145, 52.048669], [5.560771, 52.048664], [5.569845, 52.048112], [5.570853, 52.047997], [5.570444, 52.046687], [5.57022, 52.046288], [5.569981, 52.045684], [5.569935, 52.045287], [5.570046, 52.045171], [5.569967, 52.045177], [5.570034, 52.045019], [5.570014, 52.04451], [5.570235, 52.0445], [5.570152, 52.04444], [5.570045, 52.043401], [5.569754, 52.043415], [5.568657, 52.042397], [5.568622, 52.042097], [5.56835, 52.041832], [5.567386, 52.040606], [5.568052, 52.040433], [5.568013, 52.040377], [5.5684, 52.040237], [5.568582, 52.040233], [5.573506, 52.039068], [5.58354, 52.036448], [5.586586, 52.035556], [5.588142, 52.035054], [5.59003, 52.034387], [5.589907, 52.032693], [5.589756, 52.032698], [5.589589, 52.031177], [5.586712, 52.03129], [5.586503, 52.029171], [5.58653, 52.028743], [5.586644, 52.028426], [5.587256, 52.02761], [5.587403, 52.027291], [5.587484, 52.026955], [5.587495, 52.026788], [5.587453, 52.02679], [5.587446, 52.026632], [5.587511, 52.026628], [5.587297, 52.022215], [5.587263, 52.022217], [5.587225, 52.021319], [5.58717, 52.021319], [5.587149, 52.020909], [5.587222, 52.020904], [5.5872, 52.02045], [5.590242, 52.020267], [5.590161, 52.019384], [5.589622, 52.015595], [5.586922, 52.015713], [5.586835, 52.014132], [5.586835, 52.014078], [5.586901, 52.014035], [5.586912, 52.013914], [5.586839, 52.013875], [5.586751, 52.012286], [5.586656, 52.012144], [5.586455, 52.012004], [5.586015, 52.011776], [5.588188, 52.010431], [5.588296, 52.010412], [5.588594, 52.010262], [5.589132, 52.009856], [5.589427, 52.009551], [5.590359, 52.008227], [5.591113, 52.007301], [5.591071, 52.007287], [5.591209, 52.006652], [5.59122, 52.006138], [5.591155, 52.005751], [5.590884, 52.005219], [5.59079, 52.004905], [5.590836, 52.004917], [5.590761, 52.004494], [5.590808, 52.004123], [5.590755, 52.003685], [5.590808, 52.003025], [5.59099, 52.00265], [5.591436, 52.002065], [5.591908, 52.001519], [5.591996, 52.00147], [5.591998, 52.001392], [5.592248, 52.001187], [5.593042, 52.000746], [5.593923, 52.000425], [5.595613, 51.999677], [5.596556, 51.999202], [5.597178, 51.998564], [5.59781, 51.998255], [5.599317, 51.996987], [5.599494, 51.996893], [5.600202, 51.996636], [5.600975, 51.996255], [5.602177, 51.995341], [5.602515, 51.994998], [5.602805, 51.994869], [5.603511, 51.994666], [5.604481, 51.99416], [5.605065, 51.99406], [5.605503, 51.994051], [5.606734, 51.994339], [5.607051, 51.994327], [5.608249, 51.993902], [5.60864, 51.993849], [5.609548, 51.993877], [5.609972, 51.993692], [5.610931, 51.992809], [5.611273, 51.992444], [5.611525, 51.992099], [5.611636, 51.99201], [5.612212, 51.991709], [5.613813, 51.990343], [5.613905, 51.99018], [5.614326, 51.988786], [5.614188, 51.987559], [5.614337, 51.98637], [5.614506, 51.986003], [5.615133, 51.985512], [5.615229, 51.985172], [5.615235, 51.984892], [5.614956, 51.984456], [5.614899, 51.98427], [5.615031, 51.982808], [5.615083, 51.982687], [5.617089, 51.980531], [5.618381, 51.979502], [5.618784, 51.979135], [5.619415, 51.978361], [5.620147, 51.977362], [5.620419, 51.977216], [5.621564, 51.976861], [5.622262, 51.976528], [5.624963, 51.974853], [5.626064, 51.97407], [5.626171, 51.973844], [5.626149, 51.973621], [5.626029, 51.973434], [5.62535, 51.97156], [5.624856, 51.970448], [5.623082, 51.968883], [5.622673, 51.968415], [5.622424, 51.968239], [5.621636, 51.967919], [5.619539, 51.967203], [5.618542, 51.9666], [5.618408, 51.96644], [5.618329, 51.966258], [5.620258, 51.966582], [5.620145, 51.966432], [5.620258, 51.966394], [5.620388, 51.966416], [5.623148, 51.962661], [5.624978, 51.960065], [5.6259, 51.958496], [5.626495, 51.957366], [5.626409, 51.957326], [5.626857, 51.956382], [5.627124, 51.955616], [5.627287, 51.954574], [5.627309, 51.952473], [5.627152, 51.952348], [5.625027, 51.951615], [5.624712, 51.951679], [5.624123, 51.951895], [5.623446, 51.951946], [5.621515, 51.951738], [5.620162, 51.951498], [5.620446, 51.948166], [5.619366, 51.948347], [5.618791, 51.948122], [5.6185, 51.948328], [5.618643, 51.948436], [5.617636, 51.948839], [5.617601, 51.94882], [5.617156, 51.948983], [5.616428, 51.949354], [5.611832, 51.946656], [5.608988, 51.945037], [5.607198, 51.943965], [5.60594, 51.943125], [5.605782, 51.94316], [5.603072, 51.944184], [5.602005, 51.944623], [5.600882, 51.945168], [5.599896, 51.945719], [5.5989, 51.946331], [5.597432, 51.947095], [5.596662, 51.947483], [5.594441, 51.948494], [5.592737, 51.949183], [5.590992, 51.949776], [5.587835, 51.950575], [5.586136, 51.950925], [5.583386, 51.951438], [5.580795, 51.951876], [5.579446, 51.952158], [5.575574, 51.952827], [5.564071, 51.954103], [5.561253, 51.954502], [5.560141, 51.954768], [5.558339, 51.955269], [5.556934, 51.955711], [5.555658, 51.956157], [5.554398, 51.956655], [5.552742, 51.9574], [5.551061, 51.958274], [5.549561, 51.959197], [5.548216, 51.960138], [5.546918, 51.961177], [5.545709, 51.962256], [5.543302, 51.964982], [5.542407, 51.965855], [5.54135, 51.966642], [5.540208, 51.967282], [5.538942, 51.967827], [5.53752, 51.968285], [5.536086, 51.968601], [5.529692, 51.969772], [5.524814, 51.970613], [5.523026, 51.970857], [5.521205, 51.971148], [5.519168, 51.971507], [5.51695, 51.97194], [5.515384, 51.972306], [5.512481, 51.973081], [5.510979, 51.973643], [5.509454, 51.974264], [5.508045, 51.974913], [5.503205, 51.977397], [5.500751, 51.978592], [5.496351, 51.980273], [5.493398, 51.981343], [5.491877, 51.981856], [5.488678, 51.982838], [5.485918, 51.983284], [5.486214, 51.983826], [5.484601, 51.983931], [5.481507, 51.983889], [5.473217, 51.98299], [5.472096, 51.982971], [5.470991, 51.982987], [5.467788, 51.983157], [5.465762, 51.983333], [5.462687, 51.983533], [5.457012, 51.983684], [5.454433, 51.983685], [5.453885, 51.98371], [5.453194, 51.983809], [5.45237, 51.984007], [5.451045, 51.984391], [5.44997, 51.984749], [5.448403, 51.985162], [5.446374, 51.985574], [5.444654, 51.985802], [5.442408, 51.985948], [5.440601, 51.985918], [5.439394, 51.985833], [5.437323, 51.985561], [5.435434, 51.985157], [5.433869, 51.984738], [5.433266, 51.984552], [5.432524, 51.984262], [5.431304, 51.983725], [5.430266, 51.983187], [5.4249, 51.979652], [5.423364, 51.978755], [5.42203, 51.978102], [5.420597, 51.977483], [5.419515, 51.977071], [5.418156, 51.976606], [5.416257, 51.976048], [5.413514, 51.97543], [5.408601, 51.974643], [5.408557, 51.974589], [5.408147, 51.974512], [5.407842, 51.97448], [5.407778, 51.974513], [5.402062, 51.973616], [5.399338, 51.973103], [5.397578, 51.972688], [5.395894, 51.972241], [5.390976, 51.97073], [5.389024, 51.970234], [5.38707, 51.969831], [5.385396, 51.969563], [5.383999, 51.969378], [5.381996, 51.969199], [5.3798, 51.969108], [5.378229, 51.969118], [5.376909, 51.969161], [5.376011, 51.969211], [5.374404, 51.969361], [5.372518, 51.969586], [5.366212, 51.970672], [5.364167, 51.970891], [5.363016, 51.97095], [5.361845, 51.970966], [5.35996, 51.970917], [5.358771, 51.970825], [5.357674, 51.970694], [5.355638, 51.970354], [5.354038, 51.969982], [5.351951, 51.969354], [5.350237, 51.968668], [5.348678, 51.967921], [5.347095, 51.966997], [5.346456, 51.966515], [5.345144, 51.965408], [5.343552, 51.963935], [5.341166, 51.962222], [5.338319, 51.95995], [5.337492, 51.959371], [5.336664, 51.958859], [5.335221, 51.958044], [5.333118, 51.957201], [5.332698, 51.957066], [5.330873, 51.95656], [5.329075, 51.95614], [5.327271, 51.955748], [5.323439, 51.955097], [5.321611, 51.954919], [5.318322, 51.955019], [5.316601, 51.955221], [5.314857, 51.95562], [5.310768, 51.95705], [5.310976, 51.957209], [5.308087, 51.958586], [5.305828, 51.959711], [5.304594, 51.960279], [5.303452, 51.960771], [5.302193, 51.961216], [5.300894, 51.961569], [5.299517, 51.961836], [5.298329, 51.961986], [5.296649, 51.962149], [5.293736, 51.962335], [5.290854, 51.962409], [5.289121, 51.962512], [5.286439, 51.962732], [5.284083, 51.962981], [5.280967, 51.963374], [5.276521, 51.96402], [5.275114, 51.96426], [5.27371, 51.964542], [5.272413, 51.964849], [5.270374, 51.965427], [5.267584, 51.966275], [5.264561, 51.967286], [5.262104, 51.968206], [5.260887, 51.968701], [5.258549, 51.969762], [5.256266, 51.970939], [5.255228, 51.971504], [5.254186, 51.97213], [5.253205, 51.972776], [5.247575, 51.976905], [5.246524, 51.977498], [5.24526, 51.977999], [5.244003, 51.978377], [5.242664, 51.978675], [5.241165, 51.978869], [5.23978, 51.97894], [5.23827, 51.978894], [5.236867, 51.978757], [5.235465, 51.97847], [5.234201, 51.978063], [5.233007, 51.97755], [5.231897, 51.976994], [5.230851, 51.976349], [5.229913, 51.975649], [5.229109, 51.974906], [5.228426, 51.974153], [5.227192, 51.972603], [5.224373, 51.968284], [5.222596, 51.966331], [5.221507, 51.965285], [5.220633, 51.964556], [5.219738, 51.96387], [5.218715, 51.963204], [5.217668, 51.962578], [5.216594, 51.962005], [5.215444, 51.961448], [5.214236, 51.960947], [5.213427, 51.96065], [5.211646, 51.960146], [5.213423, 51.960649], [5.20045, 51.974069], [5.198264, 51.976407], [5.197905, 51.976817], [5.197284, 51.977645], [5.196223, 51.979352], [5.195447, 51.98112], [5.191458, 51.992201], [5.188718, 51.993086], [5.179153, 51.995888], [5.178376, 51.996135], [5.178047, 51.996306], [5.17791, 51.996647], [5.178019, 51.996697], [5.178155, 51.996844], [5.178154, 51.996911], [5.178496, 51.997581], [5.178683, 51.998165], [5.178707, 51.998591], [5.17858, 51.999106], [5.178083, 52.000087], [5.177984, 52.00062], [5.177998, 52.000872], [5.17809, 52.001292], [5.179134, 52.004489], [5.179141, 52.004952], [5.178825, 52.006185], [5.178861, 52.006538], [5.179535, 52.007437], [5.15648, 52.012052], [5.155345, 52.012315], [5.154082, 52.012649], [5.152468, 52.013134], [5.151395, 52.013507], [5.149882, 52.014112], [5.148788, 52.014598], [5.147459, 52.015248], [5.145868, 52.01614], [5.130656, 52.025555], [5.132163, 52.027257], [5.133653, 52.0291], [5.135559, 52.031958], [5.136142, 52.032731], [5.136662, 52.033545], [5.137151, 52.034413], [5.13808, 52.036238], [5.138793, 52.037847], [5.139752, 52.040497], [5.140798, 52.043939], [5.143442, 52.044137], [5.143418, 52.044555], [5.146295, 52.044673], [5.146277, 52.045125], [5.148066, 52.045119], [5.148088, 52.045266], [5.148724, 52.045333], [5.148744, 52.045262], [5.149017, 52.045291], [5.149151, 52.045345], [5.149108, 52.045484], [5.149144, 52.045732], [5.149413, 52.045788], [5.149338, 52.046006], [5.14937, 52.046063], [5.149493, 52.046072], [5.149429, 52.046335], [5.152873, 52.046734], [5.153023, 52.046248], [5.154762, 52.046456], [5.15475, 52.04625], [5.155145, 52.045782], [5.155262, 52.045552], [5.15516, 52.044852], [5.155186, 52.04447], [5.155277, 52.044239], [5.155569, 52.043785], [5.156318, 52.043019], [5.156514, 52.042672], [5.156575, 52.042202], [5.156518, 52.041596], [5.162829, 52.041597], [5.163458, 52.040658], [5.164033, 52.040762], [5.167116, 52.04114], [5.167636, 52.041283], [5.170568, 52.042505], [5.171007, 52.042758], [5.172277, 52.043686], [5.172792, 52.043951], [5.173611, 52.044216], [5.174532, 52.044372], [5.175301, 52.044393], [5.176013, 52.044333], [5.178472, 52.044012], [5.178779, 52.045291], [5.178801, 52.045726], [5.178858, 52.045803], [5.179721, 52.051225], [5.179838, 52.051247], [5.180451, 52.051241], [5.181293, 52.051407], [5.183299, 52.050913], [5.1834, 52.051069], [5.186482, 52.050626], [5.186425, 52.051448], [5.186599, 52.051557], [5.187111, 52.052443], [5.187337, 52.052749], [5.187477, 52.052864], [5.187389, 52.053344], [5.187252, 52.054861], [5.18717, 52.05509], [5.18697, 52.055304], [5.187183, 52.055399], [5.18737, 52.055623], [5.187524, 52.05569], [5.188889, 52.055817], [5.189059, 52.055891], [5.18921, 52.056045], [5.189263, 52.056162], [5.189813, 52.057596], [5.189851, 52.05804], [5.189605, 52.059238], [5.189633, 52.059461], [5.189541, 52.059582], [5.188921, 52.061781], [5.188969, 52.061902], [5.188566, 52.062807], [5.188212, 52.064214], [5.188169, 52.064346], [5.188119, 52.064362], [5.187715, 52.065918], [5.186211, 52.071089], [5.187266, 52.071742], [5.187813, 52.072036], [5.188837, 52.072376], [5.191327, 52.073367], [5.191917, 52.073523], [5.193229, 52.073753], [5.193502, 52.073764], [5.193481, 52.073784], [5.193652, 52.07403], [5.194034, 52.074409], [5.194419, 52.074676], [5.194864, 52.074905], [5.195438, 52.074357], [5.195698, 52.074038], [5.196015, 52.073509], [5.196307, 52.072821], [5.196484, 52.072589], [5.197194, 52.072003], [5.197665, 52.071687], [5.197635, 52.071647], [5.197694, 52.071616], [5.197745, 52.071641], [5.199052, 52.070732], [5.199741, 52.069985], [5.200245, 52.06967], [5.200698, 52.069499], [5.20232, 52.06903], [5.203286, 52.068717], [5.204113, 52.06859], [5.204128, 52.068565], [5.204729, 52.06851], [5.206348, 52.068039], [5.207757, 52.06754], [5.207609, 52.067436], [5.208244, 52.06726], [5.20897, 52.067133], [5.209647, 52.066911], [5.210657, 52.066479], [5.211262, 52.06614], [5.211927, 52.06562], [5.212699, 52.064931], [5.213076, 52.064469], [5.213168, 52.064293], [5.213352, 52.063311], [5.213491, 52.063017], [5.213928, 52.062373], [5.214383, 52.061903], [5.214671, 52.061499], [5.215033, 52.061089], [5.215378, 52.060847], [5.216218, 52.060363], [5.217001, 52.059816], [5.217891, 52.059296], [5.218365, 52.058909], [5.218735, 52.058683], [5.220286, 52.057919], [5.221443, 52.057465], [5.222107, 52.057025], [5.222295, 52.056934], [5.222497, 52.056863], [5.222835, 52.056807], [5.225645, 52.056594], [5.225923, 52.056638], [5.22671, 52.056837], [5.227529, 52.056935], [5.227935, 52.057016], [5.228739, 52.057258], [5.229643, 52.057409], [5.229729, 52.057284], [5.22984, 52.057249], [5.230164, 52.057241], [5.230483, 52.057288], [5.23079, 52.05744], [5.231994, 52.057717], [5.233214, 52.057614], [5.233814, 52.057621], [5.234388, 52.057694], [5.234597, 52.057762], [5.235072, 52.057833], [5.235749, 52.057841], [5.236384, 52.057805], [5.237403, 52.05768], [5.239755, 52.05731], [5.240077, 52.057196], [5.240567, 52.056902], [5.24132, 52.056543], [5.241457, 52.056439], [5.242219, 52.055723], [5.24332, 52.054821], [5.243724, 52.05441], [5.243909, 52.054086], [5.243966, 52.053892], [5.243965, 52.053441], [5.243673, 52.052336], [5.243706, 52.051956], [5.243835, 52.051579], [5.243714, 52.050758], [5.243657, 52.050665], [5.24285, 52.049912], [5.241927, 52.049587], [5.241431, 52.049259], [5.240768, 52.049162], [5.240112, 52.048836], [5.239532, 52.048596], [5.238838, 52.048183], [5.238135, 52.047556], [5.237075, 52.046261], [5.23683, 52.045925], [5.236702, 52.045618], [5.236558, 52.044973], [5.236563, 52.044736], [5.237018, 52.043876], [5.237344, 52.043637], [5.237873, 52.04333], [5.238462, 52.042828], [5.238823, 52.042583], [5.239002, 52.042311], [5.239324, 52.042048], [5.239497, 52.0418], [5.240097, 52.041366], [5.240326, 52.040864], [5.240609, 52.040585], [5.240784, 52.040458], [5.241736, 52.039983], [5.241944, 52.039848], [5.242222, 52.039349], [5.242432, 52.039153], [5.242771, 52.03873], [5.242882, 52.038438], [5.243049, 52.038174], [5.243522, 52.037703], [5.244356, 52.036139], [5.244929, 52.035374], [5.245942, 52.034425], [5.24687, 52.033356], [5.247324, 52.033009], [5.247578, 52.032734], [5.248298, 52.032221], [5.249379, 52.031364], [5.249558, 52.03114], [5.249829, 52.030537], [5.250034, 52.030295], [5.251772, 52.029381], [5.252209, 52.029095], [5.252781, 52.02857], [5.25317, 52.028291], [5.254032, 52.027541], [5.25486, 52.026903], [5.257237, 52.024835], [5.257399, 52.02475], [5.257648, 52.02469], [5.258677, 52.024582], [5.259312, 52.024285], [5.260154, 52.023992], [5.261444, 52.023487], [5.261945, 52.023207], [5.262828, 52.022627], [5.263239, 52.022335], [5.263817, 52.021821], [5.264277, 52.021468], [5.264309, 52.020958], [5.26442, 52.020782], [5.265752, 52.019917], [5.265959, 52.01975], [5.265982, 52.019249], [5.266253, 52.01835], [5.26653, 52.017894], [5.266698, 52.01735], [5.267003, 52.016881], [5.26717, 52.016378], [5.267145, 52.01551], [5.26733, 52.014954], [5.267595, 52.014572], [5.268348, 52.013695], [5.268561, 52.013387], [5.268938, 52.012552], [5.268992, 52.012391], [5.268928, 52.012177], [5.269067, 52.011893], [5.269219, 52.011785], [5.269564, 52.011419], [5.270125, 52.011019], [5.270497, 52.010824], [5.270772, 52.010721], [5.271621, 52.010487], [5.2731, 52.010322], [5.278725, 52.009258], [5.27958, 52.009009], [5.280483, 52.008656], [5.281039, 52.00853], [5.282052, 52.008377], [5.283455, 52.008312], [5.284167, 52.008199], [5.28502, 52.007926], [5.285661, 52.007606], [5.286892, 52.006777], [5.287685, 52.005988], [5.288078, 52.00549], [5.289929, 52.004267], [5.290197, 52.003397], [5.29071, 52.002101], [5.291538, 52.000757], [5.29168, 52.000344], [5.292115, 51.999866], [5.292385, 51.99942], [5.292472, 51.999128], [5.292697, 51.998828], [5.293164, 51.998454], [5.293523, 51.998236], [5.294153, 51.997765], [5.295162, 51.997343], [5.295397, 51.997288], [5.296855, 51.99715], [5.297988, 51.997158], [5.298473, 51.997199], [5.29903, 51.997391], [5.299866, 51.997765], [5.300527, 51.997912], [5.300823, 51.997929], [5.301532, 51.997845], [5.301761, 51.997868], [5.301888, 51.997947], [5.302103, 51.998268], [5.303333, 51.998708], [5.303446, 51.998709], [5.303432, 51.998635], [5.303482, 51.998568], [5.30369, 51.998507], [5.303813, 51.998506], [5.304025, 51.998621], [5.304168, 51.998831], [5.304487, 51.998957], [5.304632, 51.999074], [5.305794, 51.999436], [5.306112, 51.9995], [5.306217, 51.999551], [5.308151, 51.999824], [5.30872, 51.999803], [5.309514, 51.999599], [5.310258, 51.999453], [5.311611, 51.998895], [5.312523, 51.998168], [5.31375, 51.997492], [5.314622, 51.99691], [5.314997, 51.996718], [5.316593, 51.99626], [5.318243, 51.995695], [5.319811, 51.995477], [5.321737, 51.995117], [5.322609, 51.994924], [5.322862, 51.994604], [5.323033, 51.994523], [5.323752, 51.993937], [5.324161, 51.993452], [5.324363, 51.993308], [5.326187, 51.992773], [5.32674, 51.992446], [5.327315, 51.992028], [5.328087, 51.99132], [5.327981, 51.99081], [5.328068, 51.990567], [5.328424, 51.990156], [5.330307, 51.989031], [5.331126, 51.988412], [5.332531, 51.987501], [5.332595, 51.987395], [5.332782, 51.987299], [5.332876, 51.987292], [5.333662, 51.98691], [5.334481, 51.986626], [5.335474, 51.986357], [5.336093, 51.986077], [5.336731, 51.98594], [5.337149, 51.985925], [5.337377, 51.98595], [5.337739, 51.986051], [5.33823, 51.986242], [5.338398, 51.98626], [5.339423, 51.98618], [5.340113, 51.986224], [5.340734, 51.986129], [5.341561, 51.986073], [5.341861, 51.986077], [5.342353, 51.986174], [5.342508, 51.986175], [5.343133, 51.986056], [5.344967, 51.98562], [5.345319, 51.985416], [5.345854, 51.985181], [5.347937, 51.984422], [5.349734, 51.983435], [5.350269, 51.983176], [5.350905, 51.982609], [5.351366, 51.982255], [5.351904, 51.981996], [5.351992, 51.981771], [5.352003, 51.980791], [5.351872, 51.979957], [5.351787, 51.979815], [5.350855, 51.97879], [5.349046, 51.976604], [5.348561, 51.975667], [5.348455, 51.97505], [5.348396, 51.973525], [5.348479, 51.973229], [5.348641, 51.973027], [5.349067, 51.972688], [5.349337, 51.972566], [5.349387, 51.972433], [5.350529, 51.971433], [5.351071, 51.970908], [5.351292, 51.97062], [5.351313, 51.970471], [5.351193, 51.96996], [5.350845, 51.969662], [5.350871, 51.969546], [5.352923, 51.970247], [5.351155, 51.971864], [5.351034, 51.972148], [5.350844, 51.972252], [5.350533, 51.972276], [5.34997, 51.972724], [5.349755, 51.97279], [5.349669, 51.972849], [5.349614, 51.97295], [5.34927, 51.97318], [5.349073, 51.973386], [5.349007, 51.973604], [5.349098, 51.975386], [5.34936, 51.975946], [5.349817, 51.976631], [5.351706, 51.978961], [5.352433, 51.979769], [5.352549, 51.980062], [5.352669, 51.981462], [5.352642, 51.981739], [5.352475, 51.982242], [5.352318, 51.982337], [5.351872, 51.982478], [5.351311, 51.982917], [5.350927, 51.983323], [5.350713, 51.983478], [5.349108, 51.984288], [5.348201, 51.984794], [5.347223, 51.985117], [5.345951, 51.985593], [5.345227, 51.985986], [5.343575, 51.986385], [5.342387, 51.986571], [5.342152, 51.986572], [5.341793, 51.986484], [5.341602, 51.986477], [5.340569, 51.986569], [5.340204, 51.986639], [5.33941, 51.986596], [5.338725, 51.986656], [5.338329, 51.986662], [5.337907, 51.986592], [5.337423, 51.986405], [5.337181, 51.986512], [5.337141, 51.986591], [5.337033, 51.986641], [5.336724, 51.986608], [5.336576, 51.986518], [5.336274, 51.986604], [5.336003, 51.986617], [5.334637, 51.987021], [5.333695, 51.987376], [5.332662, 51.987969], [5.330864, 51.989241], [5.328866, 51.990452], [5.328632, 51.990765], [5.328741, 51.991283], [5.328716, 51.991438], [5.328577, 51.991613], [5.327751, 51.992374], [5.326836, 51.992986], [5.326545, 51.993131], [5.324726, 51.993649], [5.324319, 51.994111], [5.323164, 51.995142], [5.32297, 51.995268], [5.322654, 51.995373], [5.322182, 51.995469], [5.319471, 51.995966], [5.319294, 51.99606], [5.318958, 51.99614], [5.318705, 51.996253], [5.318419, 51.99626], [5.318121, 51.996194], [5.316583, 51.996719], [5.315782, 51.996933], [5.315563, 51.997056], [5.315326, 51.99709], [5.313802, 51.998039], [5.312928, 51.998442], [5.312614, 51.998796], [5.312405, 51.998955], [5.312147, 51.999072], [5.312004, 51.999192], [5.310486, 51.999818], [5.30884, 52.000177], [5.308363, 52.000229], [5.308004, 52.000204], [5.305412, 51.999824], [5.304606, 51.999573], [5.303812, 51.999266], [5.302317, 51.998828], [5.301575, 51.998553], [5.300592, 51.998335], [5.300419, 51.998368], [5.300124, 51.998353], [5.299275, 51.99817], [5.299151, 51.998057], [5.298865, 51.998014], [5.298774, 51.997956], [5.298754, 51.997875], [5.298624, 51.997802], [5.29844, 51.997782], [5.29834, 51.997687], [5.298139, 51.99765], [5.297902, 51.997632], [5.297785, 51.997707], [5.297589, 51.997727], [5.297044, 51.99764], [5.296515, 51.997661], [5.296297, 51.997704], [5.296101, 51.997807], [5.295531, 51.997936], [5.294861, 51.998135], [5.294607, 51.99825], [5.294418, 51.998407], [5.293992, 51.99854], [5.293244, 51.999023], [5.293047, 51.999258], [5.293112, 51.999672], [5.292548, 52.00057], [5.291542, 52.002379], [5.290714, 52.004498], [5.290503, 52.004598], [5.290254, 52.004649], [5.288645, 52.005712], [5.288514, 52.005823], [5.288233, 52.00621], [5.287459, 52.006973], [5.286333, 52.007804], [5.285802, 52.008128], [5.285322, 52.008319], [5.28428, 52.008613], [5.283527, 52.008718], [5.282116, 52.008777], [5.281483, 52.008857], [5.28078, 52.009026], [5.279563, 52.009468], [5.278927, 52.009629], [5.273045, 52.010725], [5.27177, 52.010873], [5.271095, 52.011059], [5.270475, 52.011375], [5.270061, 52.01169], [5.26966, 52.012158], [5.269606, 52.012251], [5.269475, 52.012889], [5.269223, 52.013532], [5.267975, 52.015018], [5.267826, 52.015353], [5.267804, 52.015542], [5.267846, 52.016714], [5.267342, 52.017616], [5.267211, 52.017988], [5.2669, 52.018445], [5.266703, 52.019282], [5.266668, 52.019841], [5.266372, 52.020106], [5.265018, 52.021039], [5.264978, 52.021102], [5.26494, 52.021556], [5.264793, 52.021779], [5.264388, 52.022033], [5.26388, 52.022515], [5.262922, 52.023199], [5.261695, 52.023893], [5.259645, 52.02464], [5.259045, 52.024928], [5.258823, 52.024979], [5.257844, 52.025061], [5.257627, 52.025152], [5.255046, 52.027401], [5.254387, 52.027903], [5.252592, 52.029396], [5.252223, 52.029641], [5.25071, 52.030426], [5.250483, 52.03058], [5.25035, 52.030828], [5.250282, 52.031198], [5.250151, 52.031525], [5.250474, 52.031635], [5.250549, 52.031579], [5.250758, 52.031565], [5.251382, 52.031764], [5.251505, 52.031882], [5.251578, 52.03203], [5.251566, 52.032214], [5.251508, 52.032313], [5.251203, 52.032506], [5.250901, 52.032562], [5.250268, 52.032551], [5.248943, 52.032468], [5.248695, 52.032578], [5.248444, 52.032744], [5.247359, 52.033628], [5.246463, 52.034678], [5.245664, 52.035363], [5.245092, 52.03604], [5.24473, 52.036631], [5.24414, 52.037803], [5.243761, 52.038161], [5.243528, 52.038439], [5.243371, 52.038808], [5.243231, 52.038997], [5.243214, 52.039127], [5.243046, 52.039256], [5.242795, 52.039544], [5.242539, 52.040009], [5.242281, 52.040205], [5.241289, 52.040685], [5.241078, 52.040823], [5.240876, 52.041067], [5.240576, 52.041646], [5.240109, 52.04196], [5.239824, 52.04229], [5.239529, 52.042542], [5.239312, 52.042854], [5.238895, 52.043115], [5.238386, 52.043536], [5.237663, 52.044014], [5.237202, 52.044691], [5.237147, 52.044786], [5.237152, 52.04496], [5.237253, 52.045408], [5.23739, 52.045757], [5.238307, 52.046983], [5.239022, 52.047694], [5.239481, 52.048039], [5.240939, 52.048761], [5.241312, 52.048813], [5.241484, 52.048807], [5.241658, 52.048848], [5.241913, 52.048994], [5.242304, 52.049297], [5.243309, 52.049648], [5.244264, 52.050516], [5.244354, 52.050678], [5.244399, 52.051021], [5.244593, 52.051034], [5.244781, 52.05113], [5.244773, 52.051264], [5.244572, 52.051472], [5.244474, 52.051638], [5.244335, 52.052117], [5.244363, 52.052469], [5.244628, 52.053119], [5.244639, 52.053237], [5.244603, 52.054415], [5.244495, 52.054608], [5.244359, 52.054743], [5.243658, 52.055231], [5.24314, 52.055648], [5.241882, 52.056758], [5.24084, 52.057299], [5.240302, 52.057644], [5.239541, 52.057734], [5.236756, 52.0582], [5.235099, 52.058256], [5.234663, 52.058224], [5.233954, 52.05807], [5.233542, 52.058055], [5.232109, 52.058175], [5.23173, 52.058169], [5.229808, 52.057851], [5.228545, 52.057708], [5.227527, 52.057408], [5.226546, 52.057297], [5.22593, 52.057087], [5.225881, 52.057165], [5.225719, 52.057223], [5.225149, 52.057203], [5.224941, 52.057212], [5.224711, 52.057269], [5.224361, 52.057251], [5.224074, 52.057299], [5.223708, 52.057311], [5.223079, 52.057425], [5.222886, 52.057403], [5.222708, 52.057291], [5.221812, 52.057792], [5.220482, 52.058369], [5.219512, 52.058832], [5.217548, 52.059956], [5.217453, 52.060065], [5.216899, 52.060481], [5.216858, 52.060609], [5.216556, 52.060696], [5.215836, 52.061094], [5.215638, 52.061241], [5.215422, 52.061465], [5.214929, 52.062133], [5.214434, 52.062639], [5.214246, 52.062887], [5.213848, 52.063798], [5.213912, 52.064062], [5.213789, 52.064489], [5.213696, 52.064643], [5.213123, 52.065276], [5.212607, 52.065681], [5.211921, 52.066325], [5.211677, 52.066494], [5.211033, 52.066816], [5.210467, 52.067056], [5.209577, 52.067414], [5.209235, 52.067501], [5.208437, 52.067799], [5.208333, 52.067876], [5.20834, 52.067949], [5.208194, 52.068083], [5.206314, 52.068632], [5.205438, 52.06899], [5.204548, 52.069424], [5.204431, 52.069458], [5.204179, 52.069469], [5.204024, 52.069382], [5.203903, 52.069421], [5.198139, 52.072945], [5.19796, 52.073163], [5.196758, 52.076796], [5.19652, 52.076945], [5.195133, 52.077289], [5.195147, 52.077405], [5.193533, 52.083042], [5.193545, 52.083125], [5.192732, 52.086057], [5.190296, 52.086151], [5.189957, 52.086202], [5.189708, 52.086337], [5.187141, 52.091098], [5.186739, 52.091699], [5.186766, 52.09178], [5.186129, 52.093122], [5.186051, 52.093203], [5.185716, 52.093867], [5.185293, 52.094796], [5.184875, 52.095116], [5.183837, 52.095633], [5.182722, 52.095987], [5.181991, 52.09628], [5.18163, 52.096318], [5.184855, 52.10095], [5.185381, 52.101966], [5.185408, 52.102143], [5.185375, 52.102173], [5.183582, 52.102577], [5.183434, 52.102633], [5.180356, 52.103073], [5.179153, 52.103134], [5.17799, 52.103087], [5.176892, 52.102952], [5.173264, 52.102232], [5.172092, 52.101988], [5.170579, 52.101569], [5.170279, 52.10144], [5.170068, 52.101278], [5.169837, 52.10107], [5.169302, 52.100415], [5.169397, 52.100407], [5.167886, 52.097884], [5.166385, 52.098281], [5.166426, 52.099004], [5.165931, 52.099155], [5.165563, 52.099336], [5.165462, 52.09943], [5.165332, 52.099758], [5.165636, 52.100074], [5.165699, 52.100712], [5.167335, 52.101089], [5.167866, 52.101938], [5.16837, 52.102625], [5.168431, 52.102609], [5.171019, 52.106597], [5.171216, 52.106981], [5.170359, 52.107132], [5.169771, 52.10728], [5.168868, 52.107682], [5.168615, 52.107726], [5.168371, 52.107909], [5.168783, 52.108111], [5.168981, 52.108491], [5.171065, 52.111631], [5.171111, 52.111856], [5.174084, 52.116433], [5.17202, 52.117207], [5.170016, 52.117891], [5.166403, 52.118973], [5.16601, 52.11912], [5.165289, 52.119314], [5.164876, 52.11956], [5.164584, 52.119672], [5.163985, 52.119738], [5.163645, 52.119815], [5.161363, 52.120552], [5.158642, 52.121378], [5.157158, 52.121871], [5.156036, 52.122202], [5.150883, 52.123584], [5.148537, 52.12419], [5.146962, 52.124562], [5.147732, 52.12599], [5.149083, 52.12829], [5.152322, 52.133177], [5.151082, 52.133443], [5.151752, 52.134699], [5.150782, 52.134872], [5.15009, 52.133656], [5.147963, 52.134112], [5.148252, 52.134475], [5.149194, 52.136319], [5.151172, 52.139895], [5.151342, 52.140129], [5.151361, 52.140331], [5.152, 52.141405], [5.153887, 52.144904], [5.15544, 52.147603], [5.151868, 52.148669], [5.147598, 52.149712], [5.145024, 52.146313], [5.141088, 52.146628], [5.13518, 52.14732], [5.125749, 52.148309], [5.12527, 52.147887], [5.125283, 52.147837], [5.124725, 52.147346], [5.123212, 52.148028], [5.122224, 52.148347], [5.119975, 52.149289], [5.121381, 52.150525], [5.117351, 52.152256], [5.114517, 52.153341], [5.117748, 52.156122], [5.11809, 52.156332], [5.120253, 52.157889], [5.123751, 52.1606], [5.129177, 52.16465], [5.131612, 52.166651], [5.140115, 52.173452], [5.147648, 52.179623], [5.148039, 52.179895], [5.146803, 52.179966], [5.146599, 52.179953], [5.146487, 52.179923], [5.14648, 52.179896], [5.146132, 52.179862], [5.143989, 52.179905], [5.143035, 52.179754], [5.143023, 52.179849], [5.143067, 52.179897], [5.143039, 52.179952], [5.143208, 52.179936], [5.143358, 52.18027], [5.173461, 52.178601], [5.177096, 52.178338], [5.189316, 52.177681], [5.191301, 52.177753], [5.192586, 52.177833], [5.217214, 52.206233]]], [[[5.099801, 52.129116], [5.100012, 52.128993], [5.100169, 52.128837], [5.100431, 52.128729], [5.101293, 52.128612], [5.097655, 52.125251], [5.095842, 52.123659], [5.09586, 52.123618], [5.095757, 52.123526], [5.095476, 52.123283], [5.095371, 52.123308], [5.095152, 52.123129], [5.095094, 52.123157], [5.094892, 52.122996], [5.094951, 52.122967], [5.094415, 52.122533], [5.094209, 52.122423], [5.093683, 52.121864], [5.093225, 52.12161], [5.093026, 52.121395], [5.093118, 52.121359], [5.09283, 52.121108], [5.092216, 52.120422], [5.091911, 52.120541], [5.091894, 52.120482], [5.091693, 52.120334], [5.091739, 52.120254], [5.091605, 52.120088], [5.091273, 52.119793], [5.091159, 52.119799], [5.090877, 52.119902], [5.090813, 52.119868], [5.090514, 52.120011], [5.090581, 52.120188], [5.090236, 52.120352], [5.090429, 52.12052], [5.090361, 52.120572], [5.090513, 52.120721], [5.090402, 52.120769], [5.090433, 52.120783], [5.089021, 52.121388], [5.088952, 52.121393], [5.088653, 52.121214], [5.08789, 52.121561], [5.086791, 52.120868], [5.085489, 52.121574], [5.083298, 52.122829], [5.07882, 52.125432], [5.076007, 52.126961], [5.08574, 52.13456], [5.098055, 52.12941], [5.098547, 52.129275], [5.099498, 52.129245], [5.099801, 52.129116]]], [[[5.046198, 52.166033], [5.046076, 52.166269], [5.046217, 52.166024], [5.046198, 52.166033]]], [[[5.118601, 52.180464], [5.116523, 52.180105], [5.120573, 52.180838], [5.118601, 52.180464]]], [[[5.12819, 52.180641], [5.123562, 52.180854], [5.125498, 52.180778], [5.12819, 52.180641]]], [[[5.121197, 52.180947], [5.121161, 52.180945], [5.121176, 52.180947], [5.121197, 52.180947]]], [[[5.046634, 52.248541], [5.046418, 52.248865], [5.046549, 52.248712], [5.046634, 52.248541]]], [[[5.046386, 52.248903], [5.046397, 52.24889], [5.046228, 52.249035], [5.046386, 52.248903]]], [[[5.04556, 52.249606], [5.045472, 52.249703], [5.045662, 52.249519], [5.04556, 52.249606]]], [[[5.045162, 52.250046], [5.045113, 52.250126], [5.045204, 52.25], [5.045162, 52.250046]]], [[[5.044914, 52.250445], [5.044835, 52.250607], [5.044989, 52.250325], [5.044914, 52.250445]]], [[[5.043945, 52.252594], [5.043942, 52.252671], [5.043963, 52.252542], [5.043945, 52.252594]]], [[[5.043922, 52.253121], [5.043911, 52.253376], [5.043922, 52.253347], [5.043922, 52.253121]]], [[[5.047147, 52.27703], [5.047233, 52.277011], [5.047216, 52.277013], [5.047147, 52.27703]]], [[[5.046218, 52.277273], [5.04653, 52.277185], [5.046451, 52.277205], [5.046218, 52.277273]]], [[[5.044389, 52.277792], [5.044606, 52.27773], [5.043836, 52.277888], [5.044389, 52.277792]]], [[[5.065375, 52.280524], [5.065595, 52.280508], [5.065582, 52.280506], [5.065375, 52.280524]]], [[[5.065748, 52.280527], [5.06588, 52.280546], [5.06588, 52.280543], [5.065748, 52.280527]]], [[[5.064827, 52.2806], [5.065166, 52.280543], [5.065146, 52.280545], [5.064827, 52.2806]]], [[[5.061159, 52.285213], [5.061856, 52.28513], [5.06114, 52.285212], [5.061159, 52.285213]]], [[[5.06056, 52.285176], [5.060857, 52.285194], [5.060538, 52.28517], [5.06056, 52.285176]]], [[[5.064195, 52.286293], [5.063239, 52.28722], [5.063284, 52.287195], [5.064195, 52.286293]]]]}}, {"type": "Feature", "id": "zr-difference-42104aa0b5", "properties": {"id": "zr-difference-42104aa0b5", "ruleIds": ["FR-LS-02"], "operation": "difference", "geometryValid": true, "areaKm2": 1425.95873722, "areaM2": 1425958737.220266, "layers": ["unesco_werelderfgoed_neder_germaanse_limes_kernzone", "provincial_gio_unverified"], "operands": ["unesco_werelderfgoed_neder_germaanse_limes_kernzone", "provincial_gio_unverified"], "status": "ok", "prov": "op=validity_check; ctx=union layer=unesco_werelderfgoed_neder_germaanse_limes_kernzone; make_valid_repairs=0; engine=poc-zone-engine/0.1 shapely/2.1.2 | op=union; layer=unesco_werelderfgoed_neder_germaanse_limes_kernzone(https://agrest.geodata-utrecht.nl/rest/services/Omgevingsverordening/FeatureServer/0; lastChecked=2026-10-05T07:01:26Z; simplifiedM=2.0); features=1; make_valid_repairs=0; area_m2=13393.642652; engine=poc-zone-engine/0.1 | op=validity_check; ctx=difference rule=FR-LS-02; make_valid_repairs=0; engine=poc-zone-engine/0.1 shapely/2.1.2 | op=difference; rule=FR-LS-02; layers=unesco_werelderfgoed_neder_germaanse_limes_kernzone,provincial_gio_unverified; buffer_m=0.0; area_before_m2=1425972130.862915; area_after_m2=1425958737.220266; engine=poc-zone-engine/0.1", "provenance": "op=validity_check; ctx=union layer=unesco_werelderfgoed_neder_germaanse_limes_kernzone; make_valid_repairs=0; engine=poc-zone-engine/0.1 shapely/2.1.2 | op=union; layer=unesco_werelderfgoed_neder_germaanse_limes_kernzone(https://agrest.geodata-utrecht.nl/rest/services/Omgevingsverordening/FeatureServer/0; lastChecked=2026-10-05T07:01:26Z; simplifiedM=2.0); features=1; make_valid_repairs=0; area_m2=13393.642652; engine=poc-zone-engine/0.1 | op=validity_check; ctx=difference rule=FR-LS-02; make_valid_repairs=0; engine=poc-zone-engine/0.1 shapely/2.1.2 | op=difference; rule=FR-LS-02; layers=unesco_werelderfgoed_neder_germaanse_limes_kernzone,provincial_gio_unverified; buffer_m=0.0; area_before_m2=1425972130.862915; area_after_m2=1425958737.220266; engine=poc-zone-engine/0.1", "provSteps": ["op=validity_check; ctx=union layer=unesco_werelderfgoed_neder_germaanse_limes_kernzone; make_valid_repairs=0; engine=poc-zone-engine/0.1 shapely/2.1.2", "op=union; layer=unesco_werelderfgoed_neder_germaanse_limes_kernzone(https://agrest.geodata-utrecht.nl/rest/services/Omgevingsverordening/FeatureServer/0; lastChecked=2026-10-05T07:01:26Z; simplifiedM=2.0); features=1; make_valid_repairs=0; area_m2=13393.642652; engine=poc-zone-engine/0.1", "op=validity_check; ctx=difference rule=FR-LS-02; make_valid_repairs=0; engine=poc-zone-engine/0.1 shapely/2.1.2", "op=difference; rule=FR-LS-02; layers=unesco_werelderfgoed_neder_germaanse_limes_kernzone,provincial_gio_unverified; buffer_m=0.0; area_before_m2=1425972130.862915; area_after_m2=1425958737.220266; engine=poc-zone-engine/0.1"], "computedBy": "poc-zone-engine/0.1", "computedAt": ""}, "geometry": {"type": "MultiPolygon", "coordinates": [[[[5.038442, 51.858994], [5.037768, 51.858935], [5.035999, 51.858679], [5.0321, 51.858599], [5.027103, 51.858628], [5.026908, 51.858608], [5.027512, 51.859854], [5.027496, 51.859903], [5.027274, 51.859979], [5.027422, 51.860203], [5.027092, 51.860218], [5.02713, 51.860276], [5.02731, 51.860276], [5.027408, 51.860309], [5.027414, 51.860741], [5.027297, 51.860741], [5.027454, 51.863388], [5.027388, 51.863739], [5.027027, 51.864219], [5.02647, 51.864643], [5.026111, 51.864981], [5.025535, 51.865303], [5.025163, 51.865585], [5.024581, 51.865923], [5.023979, 51.866347], [5.023792, 51.866559], [5.023642, 51.867012], [5.023424, 51.867279], [5.023109, 51.867586], [5.022058, 51.868355], [5.021827, 51.868607], [5.021749, 51.86882], [5.021817, 51.869116], [5.022093, 51.869526], [5.022213, 51.869803], [5.022361, 51.870489], [5.022657, 51.870909], [5.022729, 51.871171], [5.022853, 51.871417], [5.022971, 51.871511], [5.023167, 51.872027], [5.023139, 51.873122], [5.022955, 51.873599], [5.022836, 51.874265], [5.022917, 51.874688], [5.023143, 51.875288], [5.02325, 51.875802], [5.02338, 51.876064], [5.023685, 51.876491], [5.023719, 51.876769], [5.023923, 51.877231], [5.024568, 51.878213], [5.024728, 51.878584], [5.024734, 51.878773], [5.025114, 51.879544], [5.025467, 51.880631], [5.02567, 51.880902], [5.02613, 51.881249], [5.026691, 51.881415], [5.027254, 51.881528], [5.026956, 51.881918], [5.023562, 51.88101], [5.020677, 51.880175], [5.014119, 51.878338], [5.014138, 51.878363], [5.001242, 51.874726], [5.001267, 51.874992], [4.99797, 51.873893], [4.996797, 51.873552], [4.996634, 51.873405], [4.996708, 51.873291], [4.996536, 51.873226], [4.996549, 51.873207], [4.996238, 51.873119], [4.995408, 51.874795], [4.995077, 51.875745], [4.994974, 51.876254], [4.994941, 51.87676], [4.995047, 51.877616], [4.995198, 51.878084], [4.995511, 51.878787], [4.995852, 51.879334], [4.996174, 51.879746], [4.996776, 51.880389], [4.9983, 51.881625], [4.998561, 51.8819], [4.998836, 51.882279], [4.99914, 51.882809], [4.999319, 51.883301], [4.999452, 51.884284], [4.999376, 51.884612], [4.999122, 51.88524], [4.997422, 51.888523], [4.997146, 51.889376], [4.996673, 51.890106], [4.996325, 51.890758], [4.995962, 51.891963], [4.995775, 51.892985], [4.995769, 51.893478], [4.995878, 51.894038], [4.996149, 51.89478], [4.996327, 51.895454], [4.996302, 51.896689], [4.995854, 51.898885], [4.995395, 51.90052], [4.995319, 51.900529], [4.995237, 51.900693], [4.994968, 51.902292], [4.99436, 51.902238], [4.994349, 51.902347], [4.993322, 51.902135], [4.992666, 51.901953], [4.992457, 51.901945], [4.988281, 51.900807], [4.974799, 51.897253], [4.974355, 51.897093], [4.973904, 51.897214], [4.97355, 51.897269], [4.973411, 51.89725], [4.973527, 51.90105], [4.973748, 51.905974], [4.973778, 51.907524], [4.973741, 51.907667], [4.973269, 51.907901], [4.972063, 51.908347], [4.968097, 51.909997], [4.967792, 51.910094], [4.967112, 51.910206], [4.966432, 51.910268], [4.964128, 51.910638], [4.964193, 51.912014], [4.96416, 51.912267], [4.963262, 51.912804], [4.963868, 51.913063], [4.964785, 51.913519], [4.964377, 51.913692], [4.963148, 51.913987], [4.960641, 51.914664], [4.96038, 51.914827], [4.959693, 51.914046], [4.958918, 51.914953], [4.958558, 51.915285], [4.956809, 51.915437], [4.956318, 51.915616], [4.956157, 51.915591], [4.954002, 51.920799], [4.951602, 51.926816], [4.951076, 51.927986], [4.949595, 51.931566], [4.949494, 51.931653], [4.948545, 51.931231], [4.947696, 51.933725], [4.946257, 51.9334], [4.945944, 51.93329], [4.945651, 51.933049], [4.945168, 51.932404], [4.944869, 51.932116], [4.94391, 51.931403], [4.943198, 51.931004], [4.942293, 51.930167], [4.942078, 51.930061], [4.941249, 51.929767], [4.940798, 51.929412], [4.940364, 51.929198], [4.940005, 51.929079], [4.939235, 51.928938], [4.934286, 51.942132], [4.933978, 51.942776], [4.93401, 51.942783], [4.932615, 51.946663], [4.932126, 51.947552], [4.931366, 51.94861], [4.931165, 51.948738], [4.931022, 51.948885], [4.930732, 51.949006], [4.930131, 51.948645], [4.929964, 51.948822], [4.929641, 51.949509], [4.929475, 51.950191], [4.926301, 51.950928], [4.92529, 51.949721], [4.924494, 51.948946], [4.922358, 51.9471], [4.921328, 51.946266], [4.919188, 51.944729], [4.918003, 51.943987], [4.91638, 51.943178], [4.915515, 51.942878], [4.914011, 51.942436], [4.908499, 51.941646], [4.906423, 51.941409], [4.897918, 51.940244], [4.894073, 51.939786], [4.892282, 51.939499], [4.88511, 51.938587], [4.879788, 51.938119], [4.877793, 51.938031], [4.877768, 51.93904], [4.877706, 51.939029], [4.877584, 51.939303], [4.872778, 51.950738], [4.872843, 51.950748], [4.871223, 51.954643], [4.870884, 51.954882], [4.870802, 51.954804], [4.870429, 51.955], [4.865805, 51.960416], [4.865689, 51.9604], [4.864072, 51.963911], [4.863068, 51.964725], [4.862493, 51.965401], [4.861713, 51.966326], [4.860789, 51.967653], [4.860806, 51.967784], [4.860515, 51.967913], [4.859804, 51.968482], [4.859484, 51.968673], [4.858385, 51.96883], [4.858072, 51.968905], [4.857828, 51.969004], [4.848943, 51.974358], [4.847553, 51.975137], [4.847209, 51.975245], [4.845622, 51.974985], [4.845552, 51.975196], [4.845052, 51.975621], [4.845035, 51.97567], [4.842968, 51.977578], [4.834114, 51.98558], [4.834127, 51.985654], [4.834366, 51.985737], [4.834478, 51.98584], [4.835139, 51.985985], [4.835218, 51.986143], [4.824734, 51.994375], [4.818869, 51.998897], [4.818262, 51.999455], [4.817806, 51.999767], [4.818167, 51.999858], [4.818585, 51.999859], [4.82126, 52.000276], [4.826752, 52.000966], [4.826778, 52.001021], [4.826906, 52.001047], [4.828374, 52.001257], [4.828451, 52.001267], [4.828481, 52.00118], [4.829084, 52.001261], [4.830756, 52.001514], [4.830736, 52.00154], [4.831406, 52.001643], [4.832911, 52.00183], [4.845235, 52.003615], [4.853337, 52.004747], [4.853897, 52.004884], [4.854352, 52.00506], [4.856136, 52.005616], [4.857127, 52.00596], [4.853901, 52.009749], [4.852942, 52.011032], [4.851675, 52.012516], [4.85095, 52.013241], [4.85001, 52.014332], [4.848279, 52.016514], [4.847474, 52.017716], [4.847191, 52.017987], [4.846953, 52.018109], [4.846896, 52.018182], [4.844759, 52.017718], [4.842099, 52.017006], [4.840991, 52.016798], [4.840178, 52.016707], [4.83957, 52.016733], [4.838625, 52.0167], [4.837994, 52.016646], [4.836035, 52.016582], [4.833335, 52.016423], [4.831295, 52.016616], [4.830433, 52.01663], [4.827515, 52.016815], [4.826881, 52.016881], [4.82523, 52.01723], [4.824994, 52.017237], [4.824172, 52.017046], [4.823754, 52.016913], [4.823103, 52.016582], [4.822103, 52.016148], [4.820046, 52.015385], [4.818958, 52.015077], [4.818088, 52.014656], [4.817206, 52.014346], [4.815616, 52.013981], [4.813186, 52.013914], [4.810895, 52.014043], [4.810345, 52.014006], [4.80966, 52.014034], [4.808285, 52.014143], [4.806311, 52.014152], [4.804844, 52.014099], [4.803523, 52.013956], [4.803089, 52.014639], [4.801103, 52.018056], [4.799891, 52.020249], [4.7987, 52.022272], [4.799023, 52.022407], [4.799116, 52.022255], [4.803212, 52.023961], [4.803287, 52.023886], [4.803146, 52.02412], [4.803434, 52.024239], [4.803521, 52.024096], [4.803972, 52.024282], [4.803883, 52.024429], [4.804141, 52.024535], [4.804184, 52.024497], [4.804894, 52.024793], [4.804874, 52.024832], [4.805892, 52.025256], [4.805967, 52.025114], [4.809933, 52.026765], [4.809341, 52.028375], [4.80706, 52.03272], [4.806895, 52.032972], [4.806704, 52.033167], [4.807257, 52.033252], [4.8099, 52.033433], [4.810922, 52.033598], [4.811822, 52.033825], [4.813789, 52.034951], [4.815816, 52.036229], [4.816044, 52.036334], [4.816436, 52.036454], [4.817193, 52.036931], [4.818878, 52.038236], [4.819193, 52.038703], [4.820541, 52.040015], [4.826736, 52.046477], [4.828614, 52.048385], [4.829371, 52.049189], [4.829361, 52.04928], [4.829503, 52.049324], [4.829706, 52.049476], [4.829663, 52.04962], [4.82949, 52.049813], [4.834992, 52.052349], [4.836316, 52.052922], [4.837916, 52.053668], [4.839093, 52.054167], [4.83908, 52.054192], [4.839656, 52.054473], [4.842056, 52.055548], [4.843263, 52.056148], [4.843169, 52.056232], [4.844391, 52.056784], [4.844551, 52.056758], [4.844712, 52.056792], [4.845803, 52.057277], [4.846654, 52.05759], [4.848049, 52.058165], [4.848965, 52.058309], [4.849933, 52.0584], [4.850886, 52.058466], [4.851796, 52.058467], [4.853231, 52.058592], [4.854036, 52.058724], [4.855307, 52.058983], [4.855971, 52.059065], [4.856305, 52.059152], [4.857083, 52.059442], [4.858224, 52.059948], [4.862692, 52.061564], [4.862934, 52.061634], [4.863541, 52.061684], [4.864829, 52.061997], [4.866043, 52.062385], [4.867858, 52.063054], [4.8732, 52.068745], [4.872736, 52.068852], [4.869904, 52.06891], [4.865747, 52.069047], [4.863902, 52.069053], [4.864251, 52.068613], [4.86404, 52.068553], [4.862943, 52.068945], [4.862263, 52.069064], [4.857266, 52.068998], [4.856064, 52.068811], [4.854778, 52.068817], [4.853622, 52.068956], [4.853494, 52.068918], [4.853387, 52.069052], [4.852886, 52.068881], [4.852713, 52.069061], [4.850786, 52.069117], [4.848868, 52.069118], [4.846801, 52.069075], [4.846755, 52.069135], [4.846507, 52.069133], [4.845816, 52.069115], [4.845873, 52.069031], [4.842204, 52.069006], [4.839871, 52.068827], [4.837139, 52.068424], [4.834176, 52.067808], [4.829808, 52.066823], [4.830755, 52.068306], [4.831147, 52.068776], [4.834035, 52.072736], [4.832666, 52.072844], [4.833034, 52.074535], [4.833072, 52.074765], [4.833045, 52.074827], [4.831709, 52.074503], [4.830898, 52.074353], [4.830634, 52.074971], [4.829186, 52.074899], [4.828183, 52.074748], [4.827445, 52.07467], [4.826528, 52.074623], [4.826276, 52.074644], [4.826493, 52.079527], [4.826023, 52.079688], [4.825629, 52.079774], [4.825622, 52.080234], [4.823621, 52.091134], [4.823348, 52.093369], [4.823304, 52.096733], [4.823056, 52.105193], [4.824389, 52.105403], [4.824941, 52.106196], [4.825332, 52.106907], [4.82538, 52.107087], [4.825315, 52.107151], [4.825103, 52.107253], [4.821988, 52.108697], [4.821004, 52.109105], [4.817983, 52.110471], [4.80724, 52.115403], [4.795523, 52.120725], [4.79528, 52.120837], [4.795367, 52.120913], [4.793038, 52.121994], [4.79238, 52.12226], [4.79208, 52.122287], [4.792043, 52.122312], [4.792212, 52.122932], [4.792345, 52.123164], [4.792996, 52.123746], [4.793113, 52.123825], [4.793491, 52.123973], [4.793813, 52.124072], [4.7943, 52.124168], [4.795454, 52.124365], [4.79602, 52.124427], [4.796739, 52.124692], [4.796993, 52.124661], [4.797491, 52.124903], [4.797575, 52.125069], [4.797673, 52.125107], [4.797808, 52.125081], [4.797928, 52.125113], [4.798342, 52.125299], [4.799258, 52.125198], [4.799272, 52.125124], [4.800136, 52.124978], [4.80037, 52.125008], [4.80062, 52.124933], [4.801151, 52.124853], [4.801797, 52.124841], [4.802097, 52.124889], [4.802439, 52.125046], [4.802601, 52.12506], [4.802985, 52.125394], [4.803126, 52.125563], [4.803106, 52.125823], [4.803184, 52.126011], [4.803352, 52.126282], [4.803474, 52.126404], [4.803898, 52.1266], [4.804008, 52.126623], [4.804152, 52.126566], [4.804346, 52.126636], [4.804251, 52.126678], [4.804244, 52.12672], [4.805271, 52.126896], [4.805803, 52.127069], [4.806416, 52.127422], [4.806679, 52.127688], [4.806674, 52.127823], [4.807065, 52.128282], [4.807332, 52.128408], [4.807505, 52.128549], [4.807623, 52.128604], [4.807766, 52.128622], [4.808065, 52.128948], [4.808071, 52.129112], [4.807827, 52.129623], [4.80779, 52.129858], [4.807878, 52.130071], [4.808028, 52.13023], [4.807996, 52.13032], [4.808299, 52.130696], [4.808365, 52.130855], [4.808312, 52.131391], [4.808352, 52.131526], [4.808539, 52.131648], [4.808807, 52.13173], [4.808882, 52.131888], [4.808689, 52.132255], [4.808541, 52.132401], [4.80829, 52.132777], [4.808244, 52.132954], [4.808328, 52.132989], [4.808305, 52.133089], [4.808069, 52.133457], [4.807999, 52.133984], [4.808013, 52.134297], [4.807529, 52.13482], [4.807486, 52.135022], [4.807619, 52.135224], [4.807851, 52.135292], [4.808038, 52.135415], [4.808814, 52.135659], [4.808967, 52.135843], [4.809027, 52.136027], [4.808999, 52.136351], [4.808664, 52.137149], [4.808737, 52.137278], [4.809093, 52.137642], [4.809337, 52.137812], [4.809582, 52.137931], [4.80974, 52.138138], [4.809874, 52.1382], [4.80996, 52.138432], [4.810212, 52.13857], [4.810326, 52.138482], [4.81044, 52.138513], [4.810589, 52.138694], [4.810711, 52.138768], [4.811505, 52.138991], [4.811715, 52.139089], [4.81208, 52.139303], [4.813111, 52.140173], [4.81337, 52.140247], [4.814038, 52.140222], [4.814041, 52.140169], [4.814664, 52.140005], [4.814854, 52.139985], [4.815427, 52.139632], [4.815966, 52.139436], [4.816223, 52.139376], [4.816666, 52.139387], [4.816914, 52.139468], [4.817172, 52.139654], [4.817551, 52.140358], [4.817916, 52.140755], [4.818031, 52.140837], [4.818839, 52.141194], [4.819444, 52.14152], [4.819907, 52.141803], [4.81996, 52.141905], [4.820109, 52.142013], [4.820495, 52.142216], [4.820612, 52.142236], [4.820872, 52.14221], [4.821577, 52.141908], [4.82178, 52.141964], [4.822437, 52.142017], [4.823377, 52.142228], [4.823743, 52.142183], [4.824832, 52.14217], [4.825242, 52.142198], [4.826005, 52.142142], [4.826472, 52.142176], [4.827607, 52.142476], [4.828331, 52.142908], [4.829242, 52.143208], [4.829485, 52.143242], [4.829877, 52.143228], [4.830144, 52.143308], [4.830816, 52.143708], [4.831915, 52.144244], [4.831987, 52.144314], [4.83197, 52.144458], [4.83236, 52.144495], [4.832385, 52.144467], [4.832647, 52.14467], [4.832858, 52.144762], [4.833067, 52.1447], [4.833295, 52.144465], [4.834135, 52.143431], [4.834128, 52.142876], [4.835489, 52.143029], [4.835574, 52.142763], [4.836705, 52.14288], [4.837017, 52.141785], [4.837237, 52.141374], [4.837243, 52.140896], [4.837366, 52.14065], [4.837461, 52.14067], [4.83758, 52.140629], [4.837946, 52.140617], [4.838188, 52.140839], [4.838891, 52.141192], [4.83976, 52.141487], [4.840071, 52.141552], [4.840276, 52.141561], [4.840793, 52.141477], [4.840963, 52.141423], [4.841375, 52.141079], [4.84174, 52.140897], [4.84188, 52.140726], [4.842067, 52.140007], [4.842186, 52.139819], [4.84253, 52.139554], [4.842872, 52.13946], [4.843491, 52.139406], [4.844524, 52.139382], [4.845626, 52.139529], [4.846251, 52.139545], [4.846675, 52.139407], [4.8469, 52.139206], [4.847208, 52.13901], [4.847485, 52.138938], [4.848003, 52.138994], [4.848164, 52.139075], [4.84866, 52.139237], [4.848791, 52.139354], [4.849391, 52.13948], [4.849534, 52.139578], [4.850892, 52.139696], [4.851479, 52.139674], [4.851739, 52.139511], [4.852152, 52.139392], [4.852483, 52.138384], [4.852608, 52.138269], [4.853079, 52.137986], [4.853292, 52.137917], [4.853845, 52.137549], [4.854601, 52.137389], [4.854878, 52.137284], [4.855239, 52.13721], [4.858634, 52.137234], [4.859259, 52.137264], [4.860638, 52.137251], [4.864915, 52.137391], [4.86592, 52.137511], [4.866975, 52.137681], [4.868209, 52.137926], [4.870229, 52.138235], [4.870342, 52.138207], [4.871315, 52.138838], [4.872367, 52.138884], [4.873084, 52.138807], [4.874518, 52.138831], [4.874207, 52.145868], [4.874062, 52.147504], [4.874006, 52.150524], [4.873923, 52.151405], [4.873866, 52.153184], [4.873774, 52.153419], [4.873623, 52.156083], [4.878601, 52.15744], [4.887574, 52.159958], [4.890309, 52.160884], [4.891232, 52.161237], [4.891217, 52.161257], [4.891593, 52.161363], [4.891544, 52.161424], [4.892273, 52.161593], [4.892178, 52.161798], [4.891743, 52.161771], [4.890542, 52.162421], [4.890055, 52.162573], [4.888319, 52.16335], [4.886755, 52.1641], [4.886419, 52.164186], [4.886231, 52.164528], [4.88398, 52.16554], [4.881323, 52.166821], [4.880572, 52.167138], [4.880029, 52.167422], [4.87774, 52.168477], [4.876432, 52.169115], [4.876015, 52.169365], [4.874716, 52.169933], [4.874367, 52.170128], [4.873986, 52.170238], [4.87356, 52.170407], [4.872501, 52.170944], [4.870441, 52.171897], [4.869657, 52.172316], [4.869005, 52.172567], [4.868367, 52.172903], [4.868175, 52.172948], [4.863393, 52.175251], [4.862787, 52.175508], [4.85884, 52.177397], [4.857834, 52.177826], [4.857054, 52.178228], [4.855582, 52.178917], [4.855428, 52.178966], [4.855135, 52.178967], [4.854496, 52.17887], [4.854178, 52.178861], [4.853636, 52.178939], [4.852865, 52.179119], [4.852381, 52.179184], [4.85166, 52.179033], [4.851409, 52.179026], [4.851179, 52.179079], [4.850642, 52.179288], [4.849978, 52.179423], [4.849587, 52.179438], [4.848954, 52.179393], [4.848449, 52.179544], [4.847518, 52.179591], [4.846366, 52.179882], [4.845788, 52.179985], [4.845156, 52.180013], [4.844518, 52.179923], [4.843921, 52.180122], [4.842982, 52.180825], [4.842699, 52.180983], [4.842368, 52.18131], [4.841519, 52.181772], [4.838208, 52.183344], [4.837106, 52.18397], [4.83652, 52.184358], [4.836158, 52.184643], [4.836048, 52.184771], [4.835978, 52.184958], [4.836008, 52.185176], [4.835937, 52.185343], [4.835538, 52.185739], [4.83535, 52.186109], [4.835148, 52.186252], [4.834343, 52.186523], [4.834029, 52.186673], [4.833902, 52.186816], [4.833609, 52.187405], [4.833462, 52.187561], [4.833319, 52.187616], [4.832799, 52.187672], [4.832588, 52.187727], [4.831605, 52.188437], [4.831278, 52.188582], [4.829941, 52.189027], [4.829336, 52.18929], [4.828928, 52.189542], [4.828268, 52.190296], [4.827583, 52.190932], [4.827332, 52.191048], [4.826605, 52.191169], [4.826323, 52.191262], [4.826005, 52.191742], [4.82583, 52.191869], [4.825367, 52.19205], [4.824914, 52.192608], [4.824725, 52.192695], [4.824354, 52.192794], [4.823993, 52.193016], [4.823616, 52.193165], [4.823445, 52.193266], [4.823376, 52.19345], [4.823584, 52.193988], [4.823554, 52.194303], [4.823119, 52.194867], [4.822974, 52.195366], [4.822209, 52.196125], [4.820462, 52.196816], [4.819612, 52.197004], [4.819157, 52.197219], [4.817796, 52.197967], [4.81616, 52.198602], [4.814949, 52.199016], [4.8144, 52.199309], [4.814182, 52.199514], [4.813979, 52.199799], [4.813606, 52.200674], [4.813461, 52.200839], [4.813187, 52.201053], [4.813102, 52.201189], [4.813111, 52.201372], [4.813179, 52.201485], [4.813594, 52.201847], [4.810587, 52.201648], [4.802925, 52.201028], [4.801655, 52.203864], [4.801588, 52.204322], [4.80154, 52.20621], [4.801653, 52.206322], [4.80152, 52.20643], [4.801443, 52.208083], [4.801622, 52.21491], [4.801631, 52.215042], [4.801671, 52.215043], [4.801586, 52.210827], [4.813757, 52.211498], [4.81385, 52.212017], [4.814566, 52.212326], [4.81615, 52.212914], [4.817779, 52.213777], [4.818709, 52.214497], [4.818614, 52.214575], [4.819673, 52.215374], [4.843904, 52.21193], [4.8447, 52.211903], [4.846119, 52.211712], [4.84646, 52.212188], [4.846928, 52.21257], [4.84751, 52.21384], [4.846843, 52.215486], [4.850756, 52.226239], [4.851894, 52.227141], [4.865897, 52.234001], [4.875015, 52.238413], [4.874042, 52.241138], [4.874037, 52.241536], [4.87224, 52.24352], [4.92397, 52.244009], [4.926192, 52.243365], [4.931899, 52.242163], [4.939981, 52.25232], [4.945373, 52.250454], [4.969958, 52.246655], [4.971547, 52.247612], [4.979448, 52.252187], [4.979132, 52.252441], [4.979255, 52.252911], [4.978676, 52.25336], [4.978687, 52.253908], [4.980638, 52.255138], [4.982187, 52.256661], [4.982105, 52.256954], [4.983309, 52.257879], [4.984035, 52.258782], [4.984578, 52.258676], [4.986524, 52.258673], [4.987591, 52.258882], [4.987396, 52.259238], [4.984212, 52.263828], [4.987597, 52.264402], [4.988685, 52.264525], [4.990045, 52.264591], [4.995214, 52.264618], [4.996399, 52.264451], [4.996432, 52.264242], [5.004535, 52.263032], [5.004708, 52.263211], [5.015073, 52.263571], [5.016137, 52.263753], [5.017885, 52.263282], [5.021803, 52.263949], [5.021963, 52.264095], [5.024627, 52.264408], [5.025433, 52.26441], [5.026025, 52.26434], [5.026031, 52.26428], [5.026271, 52.263989], [5.025919, 52.263918], [5.026284, 52.263926], [5.026453, 52.263687], [5.026209, 52.263586], [5.026266, 52.26351], [5.026546, 52.263618], [5.02697, 52.263345], [5.028175, 52.262792], [5.029446, 52.262143], [5.030143, 52.261795], [5.030079, 52.26172], [5.030092, 52.261676], [5.030292, 52.261716], [5.031395, 52.261073], [5.031727, 52.260714], [5.031341, 52.260567], [5.031328, 52.260513], [5.031377, 52.260499], [5.031769, 52.260656], [5.032084, 52.260141], [5.032162, 52.259734], [5.032104, 52.259684], [5.031881, 52.259687], [5.031877, 52.259649], [5.032057, 52.259625], [5.032049, 52.259574], [5.032155, 52.259561], [5.032035, 52.259162], [5.032083, 52.259155], [5.032046, 52.25899], [5.031651, 52.258961], [5.031635, 52.258885], [5.03188, 52.258878], [5.03194, 52.258786], [5.03172, 52.258438], [5.03148, 52.2581], [5.030912, 52.257642], [5.030608, 52.257304], [5.030054, 52.257113], [5.029947, 52.256979], [5.029933, 52.256865], [5.030011, 52.256809], [5.030411, 52.256709], [5.030563, 52.256597], [5.030773, 52.2561], [5.031033, 52.255673], [5.031622, 52.254841], [5.031984, 52.25442], [5.032176, 52.254323], [5.0325, 52.254029], [5.032988, 52.253722], [5.034562, 52.252433], [5.034714, 52.252351], [5.035064, 52.252264], [5.035841, 52.252296], [5.036308, 52.252467], [5.037308, 52.252926], [5.037595, 52.253115], [5.038144, 52.253673], [5.039214, 52.255308], [5.040253, 52.256178], [5.040807, 52.256341], [5.041115, 52.256396], [5.041784, 52.256256], [5.042216, 52.256108], [5.042782, 52.255798], [5.043161, 52.255419], [5.043125, 52.255278], [5.043258, 52.254162], [5.043341, 52.254069], [5.043419, 52.253476], [5.043548, 52.253442], [5.043622, 52.253313], [5.043633, 52.253156], [5.043578, 52.25297], [5.043695, 52.252485], [5.043781, 52.25232], [5.043721, 52.252296], [5.043736, 52.25219], [5.04404, 52.25148], [5.044041, 52.251277], [5.044128, 52.251239], [5.044395, 52.250623], [5.044382, 52.250503], [5.04476, 52.250054], [5.044951, 52.249746], [5.045506, 52.249143], [5.046042, 52.248675], [5.046116, 52.248532], [5.046108, 52.248425], [5.046004, 52.248216], [5.045762, 52.248061], [5.043887, 52.24749], [5.042034, 52.247265], [5.041167, 52.247355], [5.040525, 52.247261], [5.038803, 52.247129], [5.037591, 52.246891], [5.036664, 52.246619], [5.036263, 52.246436], [5.036134, 52.24636], [5.035729, 52.245864], [5.03577, 52.245649], [5.035845, 52.245525], [5.035937, 52.245402], [5.036235, 52.245185], [5.036455, 52.245071], [5.037758, 52.244656], [5.039301, 52.244348], [5.040392, 52.244211], [5.042779, 52.243829], [5.043587, 52.24368], [5.043752, 52.243607], [5.043853, 52.24363], [5.044073, 52.243602], [5.044312, 52.243507], [5.044331, 52.243457], [5.044173, 52.243147], [5.043958, 52.243006], [5.041663, 52.242341], [5.04137, 52.242295], [5.041096, 52.242204], [5.040402, 52.241895], [5.038863, 52.24113], [5.037818, 52.240562], [5.036126, 52.239471], [5.034283, 52.23838], [5.033746, 52.237883], [5.03336, 52.237454], [5.03307, 52.237048], [5.030745, 52.233254], [5.030692, 52.232962], [5.030939, 52.23254], [5.031174, 52.232386], [5.03196, 52.232048], [5.032222, 52.231962], [5.032391, 52.231988], [5.032492, 52.231949], [5.03265, 52.231791], [5.032781, 52.231411], [5.032814, 52.231011], [5.032746, 52.230259], [5.032777, 52.229838], [5.032749, 52.229227], [5.032777, 52.229047], [5.033083, 52.228484], [5.033149, 52.228218], [5.033139, 52.228062], [5.032653, 52.228027], [5.032662, 52.227816], [5.032512, 52.227706], [5.032582, 52.227616], [5.032587, 52.22752], [5.032394, 52.22658], [5.032317, 52.225356], [5.032341, 52.224121], [5.032278, 52.222738], [5.032515, 52.220761], [5.032496, 52.220565], [5.032383, 52.22034], [5.032114, 52.220134], [5.031705, 52.21996], [5.030178, 52.219416], [5.029295, 52.218977], [5.029073, 52.218813], [5.029046, 52.218678], [5.029157, 52.218517], [5.029932, 52.218084], [5.0305, 52.2178], [5.030738, 52.217715], [5.031, 52.217549], [5.031087, 52.217445], [5.031335, 52.216806], [5.031639, 52.216361], [5.031361, 52.215762], [5.029522, 52.213196], [5.028815, 52.21172], [5.028376, 52.211026], [5.028085, 52.21072], [5.027588, 52.210329], [5.026648, 52.210655], [5.026538, 52.21068], [5.026392, 52.210671], [5.022969, 52.209685], [5.022339, 52.209472], [5.022159, 52.209473], [5.021446, 52.209058], [5.020584, 52.208461], [5.02033, 52.208362], [5.019855, 52.208012], [5.019435, 52.207629], [5.019181, 52.207305], [5.018876, 52.206605], [5.018769, 52.206094], [5.018665, 52.205322], [5.018637, 52.204048], [5.018738, 52.203485], [5.018991, 52.20295], [5.019008, 52.202619], [5.018904, 52.202014], [5.018734, 52.201609], [5.018408, 52.201027], [5.018064, 52.200675], [5.016956, 52.1998], [5.016618, 52.199639], [5.015266, 52.199262], [5.014631, 52.199002], [5.013441, 52.198271], [5.01219, 52.197285], [5.011874, 52.197089], [5.011299, 52.196857], [5.010756, 52.196754], [5.009363, 52.197429], [5.008923, 52.197524], [5.008441, 52.197744], [5.007935, 52.197888], [5.007175, 52.198258], [5.006638, 52.198361], [5.006361, 52.198201], [5.00554, 52.197558], [5.002417, 52.197599], [5.001849, 52.197505], [5.001623, 52.197387], [5.001503, 52.197228], [5.001511, 52.19701], [5.001668, 52.196662], [5.002189, 52.195842], [5.002271, 52.195772], [5.002589, 52.195661], [5.003414, 52.195621], [5.003757, 52.195527], [5.003946, 52.195371], [5.004035, 52.195111], [5.004213, 52.194949], [5.004218, 52.194892], [5.004477, 52.194818], [5.003841, 52.194148], [5.003463, 52.193608], [5.003226, 52.193174], [5.002879, 52.192206], [5.002818, 52.191882], [5.002812, 52.191355], [5.002901, 52.191023], [5.00307, 52.190643], [5.003434, 52.19027], [5.004622, 52.189359], [5.004977, 52.188876], [5.005171, 52.188434], [5.005803, 52.186326], [5.005848, 52.185933], [5.005773, 52.184943], [5.005411, 52.183055], [5.005322, 52.18289], [5.004963, 52.181641], [5.005036, 52.180141], [5.004505, 52.179742], [5.004288, 52.179463], [5.00421, 52.179439], [5.004016, 52.179233], [5.003615, 52.178587], [5.003437, 52.178204], [5.003183, 52.176998], [5.003146, 52.177002], [5.003049, 52.176172], [5.002992, 52.174841], [5.003069, 52.174302], [5.003408, 52.173589], [5.003721, 52.17314], [5.004773, 52.172295], [5.005156, 52.171945], [5.005939, 52.17148], [5.006588, 52.170917], [5.00716, 52.17053], [5.008094, 52.169797], [5.008846, 52.168824], [5.009176, 52.168001], [5.00938, 52.166857], [5.009743, 52.165827], [5.010378, 52.163408], [5.011015, 52.161816], [5.011508, 52.161046], [5.011659, 52.161071], [5.011754, 52.161054], [5.012025, 52.160844], [5.012295, 52.16069], [5.012747, 52.160544], [5.013133, 52.160371], [5.013354, 52.160316], [5.013605, 52.160173], [5.015058, 52.159801], [5.015942, 52.159527], [5.016495, 52.159313], [5.016938, 52.159104], [5.018255, 52.158381], [5.018917, 52.158079], [5.019261, 52.157818], [5.019085, 52.157706], [5.019367, 52.157724], [5.019867, 52.157403], [5.020522, 52.15661], [5.020413, 52.156576], [5.020596, 52.156176], [5.020636, 52.155959], [5.020584, 52.155954], [5.020627, 52.155842], [5.020577, 52.155546], [5.020436, 52.155345], [5.020408, 52.154827], [5.020479, 52.154507], [5.021058, 52.153778], [5.021306, 52.15362], [5.021784, 52.153419], [5.022475, 52.153244], [5.022989, 52.153202], [5.023283, 52.153189], [5.024033, 52.153264], [5.024317, 52.153324], [5.025152, 52.153582], [5.025419, 52.153626], [5.026145, 52.153967], [5.026583, 52.15411], [5.027946, 52.154381], [5.028276, 52.154388], [5.0289, 52.154319], [5.029539, 52.154173], [5.029986, 52.154035], [5.031718, 52.153716], [5.032457, 52.153543], [5.033303, 52.153185], [5.03368, 52.152967], [5.03416, 52.152545], [5.034327, 52.15232], [5.034453, 52.15205], [5.034446, 52.151712], [5.034586, 52.151464], [5.034624, 52.151171], [5.034551, 52.15063], [5.034496, 52.150556], [5.034402, 52.150518], [5.034406, 52.150471], [5.035392, 52.150937], [5.035561, 52.150954], [5.035705, 52.151029], [5.036185, 52.151632], [5.036711, 52.151441], [5.03664, 52.151377], [5.036867, 52.151284], [5.037974, 52.152384], [5.038965, 52.152023], [5.039052, 52.151959], [5.039121, 52.151832], [5.039304, 52.151988], [5.039691, 52.15176], [5.039756, 52.151807], [5.040557, 52.151261], [5.04059, 52.151283], [5.041177, 52.150893], [5.041224, 52.150895], [5.041999, 52.150371], [5.042012, 52.150318], [5.043291, 52.149488], [5.043362, 52.149498], [5.043423, 52.149448], [5.043358, 52.149429], [5.043619, 52.149263], [5.043679, 52.149282], [5.043757, 52.149224], [5.043697, 52.149213], [5.050002, 52.145013], [5.049878, 52.144929], [5.049511, 52.144903], [5.049436, 52.144851], [5.049341, 52.144681], [5.049253, 52.144343], [5.04949, 52.14421], [5.051048, 52.144449], [5.053604, 52.142912], [5.053407, 52.142766], [5.053598, 52.142531], [5.053659, 52.142513], [5.053591, 52.142389], [5.054844, 52.141756], [5.055182, 52.1415], [5.055975, 52.140638], [5.056238, 52.140412], [5.059406, 52.136943], [5.059534, 52.136864], [5.060626, 52.136717], [5.061129, 52.136593], [5.061592, 52.136371], [5.061919, 52.136133], [5.062087, 52.135915], [5.062238, 52.135517], [5.0607, 52.13521], [5.059235, 52.134832], [5.060173, 52.132853], [5.060521, 52.132916], [5.060927, 52.132938], [5.061485, 52.132858], [5.062474, 52.132645], [5.063517, 52.13234], [5.063751, 52.132211], [5.063649, 52.132147], [5.063715, 52.132105], [5.063817, 52.132167], [5.064128, 52.131937], [5.063993, 52.131864], [5.064068, 52.131811], [5.064199, 52.131881], [5.064663, 52.131531], [5.065383, 52.131209], [5.066093, 52.131096], [5.066925, 52.131066], [5.067312, 52.13102], [5.067526, 52.130957], [5.067887, 52.130774], [5.068296, 52.1304], [5.068551, 52.12991], [5.068594, 52.129241], [5.068692, 52.128765], [5.068886, 52.128238], [5.069089, 52.127943], [5.069403, 52.127602], [5.069698, 52.127372], [5.071019, 52.126461], [5.071345, 52.126189], [5.071789, 52.12574], [5.072011, 52.125424], [5.072779, 52.124051], [5.073574, 52.122891], [5.074429, 52.122187], [5.074864, 52.121712], [5.075786, 52.121061], [5.076726, 52.120488], [5.077749, 52.11995], [5.078779, 52.119292], [5.079304, 52.119042], [5.079788, 52.118941], [5.080474, 52.118877], [5.081072, 52.11886], [5.082452, 52.118937], [5.082837, 52.11893], [5.087853, 52.118443], [5.090336, 52.118089], [5.091349, 52.11803], [5.092228, 52.11909], [5.102747, 52.128427], [5.104621, 52.128132], [5.105279, 52.127965], [5.105997, 52.127694], [5.112369, 52.124929], [5.121264, 52.120713], [5.123555, 52.119829], [5.124408, 52.119535], [5.12569, 52.119159], [5.132321, 52.117412], [5.133057, 52.117298], [5.133417, 52.117306], [5.133921, 52.117388], [5.134346, 52.117169], [5.134749, 52.116833], [5.134681, 52.116629], [5.134651, 52.116306], [5.134739, 52.115982], [5.135196, 52.115315], [5.136255, 52.113983], [5.136439, 52.113616], [5.136682, 52.112782], [5.139221, 52.113343], [5.141078, 52.113797], [5.142163, 52.113997], [5.143773, 52.114364], [5.143828, 52.114409], [5.145434, 52.11481], [5.147009, 52.115083], [5.148152, 52.115368], [5.148156, 52.114903], [5.148286, 52.114295], [5.151315, 52.108491], [5.151487, 52.108231], [5.154294, 52.102341], [5.155441, 52.100338], [5.156578, 52.09869], [5.155732, 52.098525], [5.154757, 52.098288], [5.152399, 52.097813], [5.149119, 52.097196], [5.149165, 52.097637], [5.149094, 52.098205], [5.149016, 52.098361], [5.14882, 52.098451], [5.148355, 52.09848], [5.147128, 52.098395], [5.146871, 52.098462], [5.146492, 52.098626], [5.146122, 52.098688], [5.145603, 52.098639], [5.144805, 52.098479], [5.144679, 52.098361], [5.14469, 52.098178], [5.145044, 52.097483], [5.145376, 52.09703], [5.14552, 52.096727], [5.14563, 52.096619], [5.14568, 52.096347], [5.14552, 52.096321], [5.145519, 52.096272], [5.145344, 52.096219], [5.145193, 52.096217], [5.145148, 52.096257], [5.144983, 52.096223], [5.14518, 52.095804], [5.145539, 52.095609], [5.145625, 52.095512], [5.146103, 52.094544], [5.146588, 52.094455], [5.146852, 52.094361], [5.146983, 52.094363], [5.147293, 52.094434], [5.148275, 52.094775], [5.148375, 52.09487], [5.148471, 52.095157], [5.148557, 52.09525], [5.150119, 52.095791], [5.150292, 52.096096], [5.15027, 52.096156], [5.149384, 52.096936], [5.15131, 52.097269], [5.155014, 52.09799], [5.155758, 52.098081], [5.156623, 52.09827], [5.156807, 52.098335], [5.157566, 52.097192], [5.158199, 52.096417], [5.158521, 52.096099], [5.160286, 52.094596], [5.160461, 52.094484], [5.160911, 52.094287], [5.161448, 52.094141], [5.163873, 52.093807], [5.166576, 52.093488], [5.166943, 52.093478], [5.167687, 52.093519], [5.168791, 52.093681], [5.169391, 52.093729], [5.170392, 52.093728], [5.171293, 52.093655], [5.173883, 52.093345], [5.180716, 52.092923], [5.181289, 52.092849], [5.182237, 52.092811], [5.182696, 52.090893], [5.184223, 52.09167], [5.185466, 52.089233], [5.183169, 52.088834], [5.183114, 52.088876], [5.183033, 52.088884], [5.181516, 52.088625], [5.180701, 52.088541], [5.178613, 52.088143], [5.178382, 52.088084], [5.178236, 52.087999], [5.177011, 52.087821], [5.176042, 52.087765], [5.175896, 52.087648], [5.174258, 52.087384], [5.172015, 52.086967], [5.172324, 52.087394], [5.172201, 52.088518], [5.171658, 52.08884], [5.170177, 52.089387], [5.168764, 52.089315], [5.168659, 52.08907], [5.16865, 52.088422], [5.168749, 52.088397], [5.168867, 52.088282], [5.168891, 52.087743], [5.168985, 52.087743], [5.168982, 52.08728], [5.169892, 52.087278], [5.169897, 52.086908], [5.171157, 52.086914], [5.171353, 52.08689], [5.17137, 52.086767], [5.171494, 52.086734], [5.172289, 52.086873], [5.172391, 52.086852], [5.172398, 52.086876], [5.175774, 52.087464], [5.176859, 52.087465], [5.177116, 52.087623], [5.178407, 52.08785], [5.178625, 52.08772], [5.17875, 52.087713], [5.179543, 52.087986], [5.180213, 52.088102], [5.18051, 52.088082], [5.181076, 52.087916], [5.181186, 52.087918], [5.181389, 52.088038], [5.181746, 52.088349], [5.182063, 52.08845], [5.18217, 52.088513], [5.183669, 52.088775], [5.183892, 52.088348], [5.183994, 52.088022], [5.184001, 52.087579], [5.18384, 52.087106], [5.183943, 52.086621], [5.1842, 52.086008], [5.184183, 52.085243], [5.184199, 52.085224], [5.186057, 52.08523], [5.186015, 52.083054], [5.187415, 52.083061], [5.187447, 52.080958], [5.180468, 52.080943], [5.180451, 52.080744], [5.17968, 52.080771], [5.177221, 52.080773], [5.176418, 52.080898], [5.175971, 52.081028], [5.175749, 52.081039], [5.175726, 52.081181], [5.161901, 52.081167], [5.161485, 52.08034], [5.161457, 52.080195], [5.161498, 52.080081], [5.16139, 52.080067], [5.161066, 52.079474], [5.160288, 52.078405], [5.15928, 52.077248], [5.158062, 52.076134], [5.157267, 52.075462], [5.15564, 52.07425], [5.155464, 52.074154], [5.153642, 52.072847], [5.152426, 52.071894], [5.150392, 52.069954], [5.149466, 52.06895], [5.148596, 52.067869], [5.147485, 52.068165], [5.146031, 52.06612], [5.145163, 52.064616], [5.146107, 52.063671], [5.147235, 52.062682], [5.150074, 52.0598], [5.152796, 52.056965], [5.152985, 52.056722], [5.151705, 52.056325], [5.150456, 52.055746], [5.149501, 52.055121], [5.148829, 52.054608], [5.148463, 52.054422], [5.147743, 52.053976], [5.146388, 52.053294], [5.145358, 52.052956], [5.14481, 52.052844], [5.144023, 52.052746], [5.14304, 52.052757], [5.141807, 52.052886], [5.14013, 52.053117], [5.13439, 52.054064], [5.131687, 52.054386], [5.126929, 52.054895], [5.127006, 52.05516], [5.128881, 52.059088], [5.129015, 52.059428], [5.129059, 52.059854], [5.130959, 52.064354], [5.1317, 52.065906], [5.132156, 52.066986], [5.132189, 52.067205], [5.132076, 52.06744], [5.132467, 52.067588], [5.132961, 52.067551], [5.133778, 52.067636], [5.133915, 52.067691], [5.134765, 52.067746], [5.134846, 52.067779], [5.134924, 52.067874], [5.134985, 52.068227], [5.135211, 52.068792], [5.135296, 52.069149], [5.135261, 52.069193], [5.135098, 52.06923], [5.134458, 52.069582], [5.134473, 52.069628], [5.133919, 52.070178], [5.133888, 52.070268], [5.133917, 52.070403], [5.134272, 52.070802], [5.134567, 52.070923], [5.134973, 52.070857], [5.136219, 52.070792], [5.136386, 52.070817], [5.136482, 52.070868], [5.13699, 52.071558], [5.137172, 52.071871], [5.137116, 52.071997], [5.136686, 52.072267], [5.137777, 52.072857], [5.138443, 52.07264], [5.138725, 52.072619], [5.139585, 52.072789], [5.140135, 52.072982], [5.140624, 52.073813], [5.140648, 52.073943], [5.140871, 52.074322], [5.140835, 52.074603], [5.140996, 52.074748], [5.141055, 52.074747], [5.141093, 52.074788], [5.1413, 52.075218], [5.142113, 52.075156], [5.142292, 52.075183], [5.143509, 52.07578], [5.143358, 52.076057], [5.142821, 52.076659], [5.142483, 52.076612], [5.14185, 52.076891], [5.141661, 52.076102], [5.14103, 52.075477], [5.140956, 52.07525], [5.140762, 52.074933], [5.140588, 52.07482], [5.139889, 52.074493], [5.138962, 52.073686], [5.138215, 52.073347], [5.135591, 52.072028], [5.134565, 52.071679], [5.133795, 52.071305], [5.133894, 52.071089], [5.133895, 52.07082], [5.133819, 52.070617], [5.133522, 52.070158], [5.133527, 52.069727], [5.13349, 52.069613], [5.133275, 52.069244], [5.133116, 52.069054], [5.132973, 52.069148], [5.131954, 52.069502], [5.131923, 52.069466], [5.131823, 52.06945], [5.131371, 52.068917], [5.130976, 52.068155], [5.130774, 52.068076], [5.130811, 52.067781], [5.130954, 52.067555], [5.131348, 52.067269], [5.131278, 52.067163], [5.131371, 52.067001], [5.131265, 52.066726], [5.129871, 52.063806], [5.129241, 52.062317], [5.129136, 52.062107], [5.128743, 52.061679], [5.128604, 52.061361], [5.12858, 52.061183], [5.128229, 52.060574], [5.128265, 52.060471], [5.128129, 52.060147], [5.128082, 52.059825], [5.127792, 52.059558], [5.127518, 52.058947], [5.127533, 52.058829], [5.127156, 52.057971], [5.127076, 52.057648], [5.125458, 52.053919], [5.124273, 52.051247], [5.124221, 52.051147], [5.124068, 52.051095], [5.124178, 52.051053], [5.12424, 52.050974], [5.123721, 52.049778], [5.122645, 52.049817], [5.121706, 52.049897], [5.121165, 52.049991], [5.119778, 52.050334], [5.118242, 52.047043], [5.117691, 52.045998], [5.117405, 52.045602], [5.117172, 52.045355], [5.116424, 52.044786], [5.115537, 52.04437], [5.114612, 52.044085], [5.107926, 52.042418], [5.108118, 52.042081], [5.110027, 52.038054], [5.104498, 52.037877], [5.104022, 52.037898], [5.102036, 52.037858], [5.101962, 52.037898], [5.102543, 52.038726], [5.102577, 52.038838], [5.102521, 52.038951], [5.10227, 52.039095], [5.102061, 52.039124], [5.101411, 52.039092], [5.101254, 52.039185], [5.101029, 52.039392], [5.100835, 52.039431], [5.100668, 52.039431], [5.100413, 52.039359], [5.100029, 52.039126], [5.099756, 52.039119], [5.099515, 52.039041], [5.099441, 52.038849], [5.099557, 52.037801], [5.099394, 52.037769], [5.098936, 52.03777], [5.096898, 52.037816], [5.096125, 52.037808], [5.095865, 52.037869], [5.095616, 52.037561], [5.095971, 52.037477], [5.096895, 52.037466], [5.098234, 52.037401], [5.098974, 52.03739], [5.099323, 52.037418], [5.099462, 52.037344], [5.09905, 52.036578], [5.09905, 52.036489], [5.099186, 52.036372], [5.099633, 52.03623], [5.099955, 52.035982], [5.100301, 52.03593], [5.100621, 52.036023], [5.100917, 52.036224], [5.101697, 52.036198], [5.101983, 52.036282], [5.102118, 52.036384], [5.102006, 52.036458], [5.101776, 52.037415], [5.101963, 52.037447], [5.102628, 52.037452], [5.102851, 52.037488], [5.10434, 52.037505], [5.105081, 52.037565], [5.109302, 52.037677], [5.109671, 52.036733], [5.109735, 52.036478], [5.109755, 52.036123], [5.109703, 52.035858], [5.109472, 52.035611], [5.10931, 52.035508], [5.111066, 52.034297], [5.111147, 52.034227], [5.111341, 52.033833], [5.111775, 52.033907], [5.111955, 52.033819], [5.112044, 52.0337], [5.113053, 52.031569], [5.113444, 52.030413], [5.113665, 52.029499], [5.11381, 52.028531], [5.113886, 52.027389], [5.113766, 52.025732], [5.113583, 52.024858], [5.113391, 52.024148], [5.113173, 52.023586], [5.112613, 52.022316], [5.112499, 52.022204], [5.112465, 52.022083], [5.112188, 52.022086], [5.111982, 52.022134], [5.111402, 52.02206], [5.111129, 52.022097], [5.109484, 52.02271], [5.109193, 52.022874], [5.103675, 52.024936], [5.101988, 52.025638], [5.100553, 52.02609], [5.100027, 52.026338], [5.099964, 52.026212], [5.099774, 52.025272], [5.101331, 52.024688], [5.101725, 52.024744], [5.102599, 52.024803], [5.103492, 52.024646], [5.103612, 52.024658], [5.103762, 52.024551], [5.103889, 52.024514], [5.103868, 52.024464], [5.104102, 52.024338], [5.104823, 52.024315], [5.109197, 52.022606], [5.111384, 52.021797], [5.10958, 52.019068], [5.108886, 52.017627], [5.108192, 52.015913], [5.105724, 52.016153], [5.105646, 52.015747], [5.10556, 52.015758], [5.105707, 52.014918], [5.105763, 52.014927], [5.104181, 52.0114], [5.10384, 52.011436], [5.103554, 52.010618], [5.103335, 52.009696], [5.102597, 52.00733], [5.102469, 52.007154], [5.102255, 52.007043], [5.102652, 52.007044], [5.102287, 52.005847], [5.10199, 52.005791], [5.101611, 52.005786], [5.101473, 52.005734], [5.101299, 52.005758], [5.101229, 52.005813], [5.101083, 52.006292], [5.100829, 52.006269], [5.10064, 52.006285], [5.100507, 52.006601], [5.100452, 52.006638], [5.099345, 52.006645], [5.09935, 52.006593], [5.09836, 52.006744], [5.098049, 52.005741], [5.0968, 52.00558], [5.096558, 52.005448], [5.096212, 52.005185], [5.09608, 52.005164], [5.095788, 52.004943], [5.095646, 52.004969], [5.095615, 52.004879], [5.095503, 52.004811], [5.095279, 52.004146], [5.095353, 52.004063], [5.095303, 52.00397], [5.094987, 52.003786], [5.094663, 52.003462], [5.094648, 52.003396], [5.094739, 52.003345], [5.094665, 52.003233], [5.094733, 52.003208], [5.094764, 52.003139], [5.095058, 52.003079], [5.096251, 52.002033], [5.096368, 52.001736], [5.096205, 52.001406], [5.096241, 52.00122], [5.096709, 52.000561], [5.097171, 51.999812], [5.097686, 51.998558], [5.097796, 51.998074], [5.097981, 51.996499], [5.101556, 51.997283], [5.102523, 51.997537], [5.10314, 51.997595], [5.105919, 51.997308], [5.106409, 51.997306], [5.107198, 51.997353], [5.11034, 51.996981], [5.111472, 51.996829], [5.111632, 51.996683], [5.112123, 51.99655], [5.113212, 51.996349], [5.113868, 51.99632], [5.115105, 51.996414], [5.116249, 51.996284], [5.116665, 51.996209], [5.117585, 51.995799], [5.11822, 51.995562], [5.119163, 51.99531], [5.121436, 51.994778], [5.122423, 51.994413], [5.123261, 51.994173], [5.124539, 51.993679], [5.126404, 51.993177], [5.127678, 51.992772], [5.128328, 51.992515], [5.129743, 51.991657], [5.130267, 51.991269], [5.130692, 51.991006], [5.131178, 51.990479], [5.131563, 51.990136], [5.132592, 51.989512], [5.132705, 51.989466], [5.133064, 51.9894], [5.133388, 51.989247], [5.134159, 51.988454], [5.134211, 51.988237], [5.134525, 51.987814], [5.134813, 51.985494], [5.134564, 51.985189], [5.134194, 51.984979], [5.133918, 51.984775], [5.133703, 51.984497], [5.133665, 51.984356], [5.133686, 51.98412], [5.133828, 51.983844], [5.133998, 51.983637], [5.134308, 51.98342], [5.134549, 51.983335], [5.134704, 51.983314], [5.135181, 51.983324], [5.135825, 51.983412], [5.136169, 51.983397], [5.136485, 51.983344], [5.137351, 51.983057], [5.13793, 51.982917], [5.138608, 51.982532], [5.139857, 51.982035], [5.140198, 51.981803], [5.141953, 51.979886], [5.143056, 51.978789], [5.143155, 51.978514], [5.143816, 51.977448], [5.14396, 51.977099], [5.14404, 51.976827], [5.144179, 51.975921], [5.144624, 51.974969], [5.144916, 51.973908], [5.145255, 51.973205], [5.145806, 51.972353], [5.14557, 51.97228], [5.145544, 51.971945], [5.145665, 51.971848], [5.146097, 51.971899], [5.146918, 51.970616], [5.147291, 51.970259], [5.148443, 51.96953], [5.150985, 51.968076], [5.152659, 51.96706], [5.153657, 51.967821], [5.153778, 51.967845], [5.154218, 51.967624], [5.154604, 51.967486], [5.154768, 51.967452], [5.155344, 51.967415], [5.158026, 51.966645], [5.157948, 51.966019], [5.160621, 51.965631], [5.160019, 51.964821], [5.159599, 51.964081], [5.159286, 51.963321], [5.159053, 51.962391], [5.158979, 51.96145], [5.159039, 51.960667], [5.159165, 51.960049], [5.159508, 51.959124], [5.159894, 51.958377], [5.160495, 51.957512], [5.161105, 51.956824], [5.16181, 51.956172], [5.162604, 51.95556], [5.163667, 51.954886], [5.164635, 51.954379], [5.165802, 51.953875], [5.161452, 51.947828], [5.153191, 51.939456], [5.150457, 51.935895], [5.146837, 51.934267], [5.145053, 51.932342], [5.146031, 51.930015], [5.141189, 51.926366], [5.133469, 51.918638], [5.12441, 51.907286], [5.122456, 51.905176], [5.121757, 51.904473], [5.119023, 51.900993], [5.117915, 51.899642], [5.117027, 51.899601], [5.11639, 51.899501], [5.115473, 51.899179], [5.114785, 51.898465], [5.114683, 51.897803], [5.114681, 51.8973], [5.114764, 51.896709], [5.115151, 51.896164], [5.115843, 51.89569], [5.116161, 51.895604], [5.115959, 51.894665], [5.115609, 51.893574], [5.115532, 51.892915], [5.115426, 51.892708], [5.115058, 51.892328], [5.114032, 51.891635], [5.111936, 51.889461], [5.113386, 51.888389], [5.112895, 51.887926], [5.112587, 51.887854], [5.112547, 51.887801], [5.112737, 51.887776], [5.108838, 51.888194], [5.108172, 51.888324], [5.107602, 51.8885], [5.105759, 51.888811], [5.103127, 51.888658], [5.102427, 51.888538], [5.100662, 51.888337], [5.099884, 51.88821], [5.098886, 51.887927], [5.098539, 51.887866], [5.097995, 51.887837], [5.097629, 51.887852], [5.096568, 51.888054], [5.096604, 51.88822], [5.096445, 51.888254], [5.095871, 51.888511], [5.094825, 51.888744], [5.093251, 51.888965], [5.092415, 51.889051], [5.091603, 51.889032], [5.090975, 51.888976], [5.09071, 51.888883], [5.090793, 51.888775], [5.090234, 51.888607], [5.089043, 51.888087], [5.088692, 51.887845], [5.088446, 51.887551], [5.088159, 51.887094], [5.087872, 51.886385], [5.087649, 51.885541], [5.087551, 51.884955], [5.087465, 51.883634], [5.087382, 51.883068], [5.087133, 51.882231], [5.086921, 51.88171], [5.08669, 51.881276], [5.08634, 51.880769], [5.086007, 51.880365], [5.085686, 51.880077], [5.083933, 51.87866], [5.08366, 51.878361], [5.083176, 51.877638], [5.082846, 51.877265], [5.082228, 51.876731], [5.081323, 51.876051], [5.081184, 51.875911], [5.080816, 51.875662], [5.080532, 51.875525], [5.079862, 51.875312], [5.079518, 51.875234], [5.075951, 51.874606], [5.075532, 51.874473], [5.073659, 51.874039], [5.072684, 51.87403], [5.070945, 51.874158], [5.070288, 51.874157], [5.068524, 51.87405], [5.067232, 51.874142], [5.065296, 51.874396], [5.064431, 51.87443], [5.063388, 51.87441], [5.062373, 51.874318], [5.061804, 51.874235], [5.059008, 51.873659], [5.057548, 51.873451], [5.056451, 51.873341], [5.055964, 51.873264], [5.055362, 51.873041], [5.05416, 51.872349], [5.053614, 51.871898], [5.052978, 51.871114], [5.052311, 51.869984], [5.051948, 51.869081], [5.051811, 51.868266], [5.051803, 51.867893], [5.051859, 51.867504], [5.051995, 51.867055], [5.052199, 51.866643], [5.052604, 51.866209], [5.052996, 51.865874], [5.053376, 51.86559], [5.0542, 51.865099], [5.056218, 51.864326], [5.057645, 51.863826], [5.060881, 51.862852], [5.062047, 51.862387], [5.062456, 51.862195], [5.06306, 51.86186], [5.063292, 51.861678], [5.063578, 51.861284], [5.063682, 51.860824], [5.06363, 51.860608], [5.063414, 51.860271], [5.063069, 51.859854], [5.062846, 51.859663], [5.062358, 51.859362], [5.061893, 51.859152], [5.061517, 51.859027], [5.06064, 51.858623], [5.059185, 51.858154], [5.058248, 51.857962], [5.056356, 51.857719], [5.055606, 51.857651], [5.053808, 51.857386], [5.052999, 51.857361], [5.052667, 51.857436], [5.05214, 51.857492], [5.051805, 51.857477], [5.051261, 51.857569], [5.050623, 51.857818], [5.050075, 51.858106], [5.049606, 51.858299], [5.048839, 51.858478], [5.048105, 51.858582], [5.048102, 51.85868], [5.046139, 51.858931], [5.044912, 51.859123], [5.043851, 51.859226], [5.043627, 51.859223], [5.042735, 51.859094], [5.041336, 51.858959], [5.038442, 51.858994]], [[5.044327, 52.086928], [5.04503, 52.086821], [5.045165, 52.086818], [5.045232, 52.086953], [5.04509, 52.086953], [5.045126, 52.087312], [5.044876, 52.087331], [5.044857, 52.087243], [5.044054, 52.087329], [5.044026, 52.087145], [5.043198, 52.087266], [5.043346, 52.087695], [5.04295, 52.087761], [5.043451, 52.088597], [5.044259, 52.088573], [5.044293, 52.088792], [5.043557, 52.088791], [5.043733, 52.089134], [5.043585, 52.089107], [5.042706, 52.087639], [5.042296, 52.087069], [5.043604, 52.086891], [5.043545, 52.086501], [5.043919, 52.086477], [5.044015, 52.087038], [5.044327, 52.086928]]], [[[5.00355, 52.193542], [5.003612, 52.1935], [5.003559, 52.193484], [5.00355, 52.193542]]], [[[4.801028, 52.21826], [4.802147, 52.217641], [4.802146, 52.217636], [4.801028, 52.21826]]], [[[4.910112, 52.252458], [4.909935, 52.252435], [4.909768, 52.252447], [4.910112, 52.252458]]], [[[4.909593, 52.25246], [4.909314, 52.25248], [4.909145, 52.252512], [4.909593, 52.25246]]], [[[4.910805, 52.252614], [4.910378, 52.252493], [4.910334, 52.252487], [4.910805, 52.252614]]], [[[4.909033, 52.252534], [4.908986, 52.252543], [4.907988, 52.252833], [4.909033, 52.252534]]], [[[4.911113, 52.252771], [4.911109, 52.252769], [4.911122, 52.252778], [4.911113, 52.252771]]], [[[4.905712, 52.253164], [4.906496, 52.253056], [4.905655, 52.253167], [4.905712, 52.253164]]], [[[4.903076, 52.253205], [4.903099, 52.253207], [4.902585, 52.253113], [4.903076, 52.253205]]], [[[4.9036, 52.253251], [4.903756, 52.25325], [4.90321, 52.253217], [4.9036, 52.253251]]], [[[4.90436, 52.253246], [4.904463, 52.25324], [4.904091, 52.253248], [4.90436, 52.253246]]], [[[4.914309, 52.255345], [4.914334, 52.255358], [4.914291, 52.255328], [4.914309, 52.255345]]], [[[4.917575, 52.257054], [4.91755, 52.257018], [4.917303, 52.256817], [4.917575, 52.257054]]], [[[4.917998, 52.26153], [4.917987, 52.261498], [4.917986, 52.261514], [4.917998, 52.26153]]], [[[4.918456, 52.261889], [4.918614, 52.26194], [4.918371, 52.26184], [4.918456, 52.261889]]], [[[4.918943, 52.262046], [4.919939, 52.262266], [4.918839, 52.262013], [4.918943, 52.262046]]], [[[4.920504, 52.26239], [4.921629, 52.262525], [4.920428, 52.262373], [4.920504, 52.26239]]], [[[4.923098, 52.263016], [4.922973, 52.262945], [4.92285, 52.262899], [4.923098, 52.263016]]], [[[4.923499, 52.263271], [4.923451, 52.263215], [4.92334, 52.263152], [4.923499, 52.263271]]], [[[4.923833, 52.263732], [4.923744, 52.26355], [4.92363, 52.26342], [4.923833, 52.263732]]], [[[4.923843, 52.26375], [4.923962, 52.264839], [4.924003, 52.265025], [4.923848, 52.263762], [4.923843, 52.26375]]], [[[4.924235, 52.266084], [4.9243, 52.266225], [4.924103, 52.265481], [4.924235, 52.266084]]], [[[4.924477, 52.266615], [4.924584, 52.266767], [4.924403, 52.266452], [4.924477, 52.266615]]], [[[4.924748, 52.267001], [4.924764, 52.26701], [4.924741, 52.26699], [4.924748, 52.267001]]], [[[4.925329, 52.267324], [4.925432, 52.267365], [4.925294, 52.267305], [4.925329, 52.267324]]], [[[4.925818, 52.267517], [4.925897, 52.267535], [4.925782, 52.267503], [4.925818, 52.267517]]], [[[4.926474, 52.267668], [4.928318, 52.267982], [4.926336, 52.267636], [4.926474, 52.267668]]], [[[5.023291, 52.271509], [5.022886, 52.272416], [5.022898, 52.272456], [5.023291, 52.271509]]], [[[4.926667, 52.272639], [4.927459, 52.273311], [4.927661, 52.273712], [4.927616, 52.273928], [4.927257, 52.274622], [4.926754, 52.275377], [4.926785, 52.276856], [4.926688, 52.277077], [4.926152, 52.277773], [4.925958, 52.278195], [4.926121, 52.279108], [4.926225, 52.2794], [4.926444, 52.27978], [4.926671, 52.279713], [4.927467, 52.279596], [4.927978, 52.279581], [4.928587, 52.279611], [4.929033, 52.279711], [4.931388, 52.280506], [4.931966, 52.280618], [4.932757, 52.280671], [4.933533, 52.280865], [4.933801, 52.280893], [4.934839, 52.280571], [4.936349, 52.28017], [4.936622, 52.280035], [4.937283, 52.279619], [4.937463, 52.279548], [4.938638, 52.279414], [4.93931, 52.279181], [4.940226, 52.279166], [4.940717, 52.279057], [4.941129, 52.278894], [4.942265, 52.278304], [4.942692, 52.278184], [4.943022, 52.278168], [4.943417, 52.278194], [4.944113, 52.278282], [4.945127, 52.278702], [4.945535, 52.278827], [4.946374, 52.278969], [4.947214, 52.279004], [4.947645, 52.278994], [4.947979, 52.278953], [4.949012, 52.278627], [4.949914, 52.278443], [4.951501, 52.278264], [4.952979, 52.278221], [4.953798, 52.278027], [4.955243, 52.278306], [4.956514, 52.27863], [4.956773, 52.278671], [4.957296, 52.278665], [4.957809, 52.278612], [4.958664, 52.278343], [4.959968, 52.278346], [4.960472, 52.278293], [4.961054, 52.278174], [4.961336, 52.278525], [4.961878, 52.279712], [4.962132, 52.280116], [4.962244, 52.280207], [4.962548, 52.280285], [4.963324, 52.280313], [4.964159, 52.280407], [4.964865, 52.280384], [4.965315, 52.280448], [4.965709, 52.280578], [4.966166, 52.28098], [4.96622, 52.28097], [4.966252, 52.280886], [4.966326, 52.280341], [4.966491, 52.280096], [4.966842, 52.279878], [4.967576, 52.279561], [4.967674, 52.279582], [4.968327, 52.280412], [4.968542, 52.280609], [4.968753, 52.280726], [4.968815, 52.280973], [4.969378, 52.281789], [4.969379, 52.281956], [4.969726, 52.283121], [4.969913, 52.283194], [4.970266, 52.283429], [4.971358, 52.284041], [4.972611, 52.284846], [4.973072, 52.285022], [4.973249, 52.285236], [4.973712, 52.285445], [4.975148, 52.286342], [4.975937, 52.286647], [4.976116, 52.286752], [4.978569, 52.287839], [4.979187, 52.288078], [4.980112, 52.28851], [4.982889, 52.289642], [4.982979, 52.289789], [4.983506, 52.290368], [4.98757, 52.289896], [4.990459, 52.289603], [4.994117, 52.289288], [4.997475, 52.289118], [4.998298, 52.289815], [4.998452, 52.289839], [4.998551, 52.290234], [4.998765, 52.290218], [4.998814, 52.290239], [5.00125, 52.292329], [5.001373, 52.292483], [5.001789, 52.292793], [5.001833, 52.292922], [5.001797, 52.293175], [5.001851, 52.295879], [5.002484, 52.296035], [5.002816, 52.296046], [5.003109, 52.296019], [5.003227, 52.296065], [5.003233, 52.297389], [5.003835, 52.298509], [5.005265, 52.298393], [5.007056, 52.300376], [5.007544, 52.300868], [5.007752, 52.301366], [5.007892, 52.301522], [5.008961, 52.301726], [5.009429, 52.301885], [5.009915, 52.302094], [5.010398, 52.302423], [5.011051, 52.303029], [5.011424, 52.303246], [5.011769, 52.303393], [5.012555, 52.303567], [5.013215, 52.303618], [5.014228, 52.30359], [5.014265, 52.303677], [5.014731, 52.303548], [5.016097, 52.303081], [5.016706, 52.30292], [5.016685, 52.302881], [5.01784, 52.302662], [5.01941, 52.302502], [5.021543, 52.302457], [5.021663, 52.301221], [5.021863, 52.289426], [5.021926, 52.284932], [5.021867, 52.282653], [5.022786, 52.2822], [5.022827, 52.282156], [5.022818, 52.282162], [5.020826, 52.282673], [5.018977, 52.281283], [5.016337, 52.282949], [5.011199, 52.286269], [5.009555, 52.286854], [5.007445, 52.287476], [5.004167, 52.28754], [5.003204, 52.287833], [5.000229, 52.288047], [4.995478, 52.28815], [4.992905, 52.288498], [4.992458, 52.28763], [4.992824, 52.287535], [4.99184, 52.286742], [4.989866, 52.285744], [4.988325, 52.284864], [4.987407, 52.284391], [4.98654, 52.2841], [4.985396, 52.283659], [4.983001, 52.283053], [4.982048, 52.282634], [4.981433, 52.282566], [4.977607, 52.281424], [4.977008, 52.281219], [4.974857, 52.280635], [4.976074, 52.279226], [4.977706, 52.27721], [4.980678, 52.273921], [4.980835, 52.273626], [4.980437, 52.273368], [4.978755, 52.27284], [4.973514, 52.271659], [4.972994, 52.271518], [4.972217, 52.270918], [4.972116, 52.270502], [4.972694, 52.27012], [4.973618, 52.269899], [4.973939, 52.269112], [4.974923, 52.267451], [4.973182, 52.267088], [4.973427, 52.266762], [4.969292, 52.266063], [4.969319, 52.265707], [4.96857, 52.265556], [4.968018, 52.266842], [4.967582, 52.266752], [4.967368, 52.267317], [4.967276, 52.267796], [4.967299, 52.268443], [4.966787, 52.269499], [4.966561, 52.269874], [4.964095, 52.269503], [4.960985, 52.269225], [4.959927, 52.268965], [4.953007, 52.271653], [4.950865, 52.272655], [4.949809, 52.272139], [4.948565, 52.271292], [4.946131, 52.26949], [4.944707, 52.268174], [4.94375, 52.266951], [4.943328, 52.266322], [4.94291, 52.266342], [4.9401, 52.265712], [4.936407, 52.264632], [4.935938, 52.264587], [4.935034, 52.264594], [4.934681, 52.265094], [4.934588, 52.265713], [4.933775, 52.26699], [4.933628, 52.267811], [4.933238, 52.26846], [4.932557, 52.268799], [4.931409, 52.268837], [4.929422, 52.268403], [4.929422, 52.268403], [4.929626, 52.268955], [4.929655, 52.269246], [4.929354, 52.269891], [4.929186, 52.270059], [4.928736, 52.270276], [4.928506, 52.270466], [4.928119, 52.271144], [4.928015, 52.271742], [4.927663, 52.271938], [4.926992, 52.27217], [4.926781, 52.272282], [4.926651, 52.272445], [4.926667, 52.272639]]], [[[5.032531, 52.254476], [5.032165, 52.254806], [5.032039, 52.254946], [5.032531, 52.254476]]], [[[5.031182, 52.256008], [5.031452, 52.255598], [5.031435, 52.255617], [5.031191, 52.255988], [5.031182, 52.256008]]], [[[5.031129, 52.256129], [5.031029, 52.256359], [5.031025, 52.256389], [5.031129, 52.256129]]], [[[5.030995, 52.256589], [5.030967, 52.256771], [5.030975, 52.256794], [5.030995, 52.256589]]], [[[5.031079, 52.257126], [5.03109, 52.257162], [5.031141, 52.257225], [5.031079, 52.257126]]], [[[5.031257, 52.25737], [5.031338, 52.257471], [5.031673, 52.257755], [5.031257, 52.25737]]], [[[5.032011, 52.258068], [5.032117, 52.258176], [5.032084, 52.258135], [5.032011, 52.258068]]], [[[5.032269, 52.258367], [5.032179, 52.258254], [5.03232, 52.258458], [5.032269, 52.258367]]], [[[5.032249, 52.260535], [5.032368, 52.260352], [5.032237, 52.260549], [5.032249, 52.260535]]], [[[5.031955, 52.260877], [5.032106, 52.260701], [5.031936, 52.260893], [5.031955, 52.260877]]], [[[5.03149, 52.261277], [5.031639, 52.261149], [5.031471, 52.261291], [5.03149, 52.261277]]], [[[5.031099, 52.261557], [5.031326, 52.261395], [5.031057, 52.261583], [5.031099, 52.261557]]], [[[5.030218, 52.262089], [5.030703, 52.261796], [5.030024, 52.262187], [5.030218, 52.262089]]], [[[5.026888, 52.263863], [5.026743, 52.264001], [5.02691, 52.263849], [5.026888, 52.263863]]], [[[5.02658, 52.264156], [5.026571, 52.264165], [5.026507, 52.264396], [5.02658, 52.264156]]], [[[5.027799, 52.266041], [5.02779, 52.266022], [5.027819, 52.266134], [5.027799, 52.266041]]], [[[5.02789, 52.266463], [5.027877, 52.266401], [5.027901, 52.266672], [5.02789, 52.266463]]], [[[5.027912, 52.266894], [5.02791, 52.266854], [5.02789, 52.267087], [5.027912, 52.266894]]], [[[5.027874, 52.267228], [5.027877, 52.267207], [5.027825, 52.267364], [5.027874, 52.267228]]], [[[5.02775, 52.267574], [5.027766, 52.267529], [5.027695, 52.267652], [5.02775, 52.267574]]], [[[5.027509, 52.267915], [5.027546, 52.267863], [5.027293, 52.268097], [5.027509, 52.267915]]], [[[5.027136, 52.268229], [5.027167, 52.268204], [5.026892, 52.268375], [5.027136, 52.268229]]], [[[5.02568, 52.268997], [5.026727, 52.268474], [5.026745, 52.268463], [5.025869, 52.268887], [5.02568, 52.268997]]], [[[5.025438, 52.269138], [5.025327, 52.269202], [5.025224, 52.269285], [5.025438, 52.269138]]], [[[5.025019, 52.26945], [5.024938, 52.269516], [5.024877, 52.269579], [5.025019, 52.26945]]], [[[5.024559, 52.269906], [5.024316, 52.270156], [5.024277, 52.270205], [5.024559, 52.269906]]], [[[5.023845, 52.270743], [5.023553, 52.271106], [5.023533, 52.271138], [5.023845, 52.270743]]], [[[5.029538, 52.272014], [5.029526, 52.272014], [5.029814, 52.272044], [5.029538, 52.272014]]], [[[5.031532, 52.273551], [5.032687, 52.274956], [5.031256, 52.273173], [5.031532, 52.273551]]], [[[5.024766, 52.281663], [5.024682, 52.281685], [5.024382, 52.281357], [5.025245, 52.282372], [5.026508, 52.283978], [5.027819, 52.285487], [5.030528, 52.288487], [5.03042, 52.28832], [5.027005, 52.284541], [5.024766, 52.281663]]], [[[5.035209, 52.252653], [5.035135, 52.252653], [5.034956, 52.252679], [5.035209, 52.252653]]], [[[5.03491, 52.252685], [5.034883, 52.252689], [5.034779, 52.252724], [5.03491, 52.252685]]], [[[5.034708, 52.252748], [5.034696, 52.252752], [5.034643, 52.252784], [5.034708, 52.252748]]], [[[5.036368, 52.252909], [5.036262, 52.252847], [5.036217, 52.252831], [5.036368, 52.252909]]], [[[5.036947, 52.253265], [5.036833, 52.253179], [5.036709, 52.253106], [5.036947, 52.253265]]], [[[5.034413, 52.252922], [5.033251, 52.253827], [5.033128, 52.253938], [5.034456, 52.252896], [5.034413, 52.252922]]], [[[5.037443, 52.253646], [5.037422, 52.253626], [5.03736, 52.253579], [5.037443, 52.253646]]], [[[5.037908, 52.254153], [5.037756, 52.253954], [5.037557, 52.253759], [5.037908, 52.254153]]], [[[5.043548, 52.255008], [5.04358, 52.254298], [5.043514, 52.25516], [5.043548, 52.255008]]], [[[5.038625, 52.255271], [5.038075, 52.254371], [5.038013, 52.254291], [5.038625, 52.255271]]], [[[5.043475, 52.255335], [5.043488, 52.255279], [5.043448, 52.255381], [5.043475, 52.255335]]], [[[5.038877, 52.255594], [5.039003, 52.255714], [5.038625, 52.255271], [5.038877, 52.255594]]], [[[5.043328, 52.255587], [5.04321, 52.255734], [5.043279, 52.255671], [5.043328, 52.255587]]], [[[5.042943, 52.255977], [5.043056, 52.255874], [5.042866, 52.256024], [5.042943, 52.255977]]], [[[5.039436, 52.256125], [5.039682, 52.256293], [5.039298, 52.255994], [5.039436, 52.256125]]], [[[5.039711, 52.256313], [5.039731, 52.256326], [5.040062, 52.256499], [5.040153, 52.256528], [5.039711, 52.256313]]], [[[5.042143, 52.256456], [5.042222, 52.256409], [5.04169, 52.256623], [5.042143, 52.256456]]], [[[5.04138, 52.256698], [5.04169, 52.256623], [5.041343, 52.256702], [5.04138, 52.256698]]], [[[5.040676, 52.256694], [5.040843, 52.256711], [5.040655, 52.256687], [5.040676, 52.256694]]], [[[5.041067, 52.256733], [5.041185, 52.25672], [5.041039, 52.25673], [5.041067, 52.256733]]], [[[5.032457, 52.258706], [5.032418, 52.258636], [5.032467, 52.258741], [5.032457, 52.258706]]], [[[5.032672, 52.259472], [5.032664, 52.259446], [5.032669, 52.259496], [5.032672, 52.259472]]], [[[5.032633, 52.259791], [5.032645, 52.259695], [5.032627, 52.259807], [5.032633, 52.259791]]], [[[5.032489, 52.260166], [5.03256, 52.259982], [5.032479, 52.26018], [5.032489, 52.260166]]], [[[5.032687, 52.274956], [5.03288, 52.275148], [5.032925, 52.27518], [5.032687, 52.274956]]], [[[5.033035, 52.275258], [5.033156, 52.275344], [5.03323, 52.275377], [5.033035, 52.275258]]], [[[5.038349, 52.276998], [5.038471, 52.277038], [5.040324, 52.277427], [5.038349, 52.276998]]], [[[5.041948, 52.277838], [5.04205, 52.277855], [5.040324, 52.277427], [5.041948, 52.277838]]], [[[5.042218, 52.277882], [5.042522, 52.27793], [5.042816, 52.277948], [5.042218, 52.277882]]], [[[5.043706, 52.277911], [5.042949, 52.277956], [5.043014, 52.27796], [5.043672, 52.277917], [5.043706, 52.277911]]], [[[5.198064, 51.96036], [5.196104, 51.960806], [5.198444, 51.960287], [5.198064, 51.96036]]], [[[5.193362, 51.961594], [5.192201, 51.961981], [5.193999, 51.961412], [5.193362, 51.961594]]], [[[5.114275, 52.01362], [5.117112, 52.013099], [5.116766, 52.012199], [5.11754, 52.01209], [5.116233, 52.008514], [5.11266, 52.008994], [5.114275, 52.01362]]], [[[5.11497, 52.014494], [5.115449, 52.015352], [5.116966, 52.019141], [5.117153, 52.01911], [5.117356, 52.019136], [5.120401, 52.018018], [5.120755, 52.017874], [5.120755, 52.017835], [5.119774, 52.016718], [5.119258, 52.016775], [5.117791, 52.014675], [5.117738, 52.01464], [5.117673, 52.01466], [5.117493, 52.014007], [5.115617, 52.014308], [5.115242, 52.014257], [5.114802, 52.014386], [5.11497, 52.014494]]], [[[5.121054, 52.028211], [5.121553, 52.029341], [5.128374, 52.025126], [5.122418, 52.018108], [5.122315, 52.017922], [5.117709, 52.01961], [5.117729, 52.019939], [5.118031, 52.020709], [5.118087, 52.02109], [5.118675, 52.022572], [5.118687, 52.022684], [5.119474, 52.024637], [5.119383, 52.024652], [5.119492, 52.024931], [5.119826, 52.02506], [5.120035, 52.025103], [5.120117, 52.025201], [5.120373, 52.026045], [5.12065, 52.026656], [5.120888, 52.027324], [5.120915, 52.027747], [5.121054, 52.028211]]], [[[5.246583, 52.257804], [5.247116, 52.258525], [5.249752, 52.261807], [5.250102, 52.262172], [5.250734, 52.262948], [5.252698, 52.265479], [5.255987, 52.269572], [5.258801, 52.272966], [5.260963, 52.275685], [5.262673, 52.27774], [5.265179, 52.280862], [5.265978, 52.281926], [5.278153, 52.280519], [5.280562, 52.28028], [5.283667, 52.279897], [5.284007, 52.279907], [5.284255, 52.279831], [5.285412, 52.279697], [5.285889, 52.279659], [5.286107, 52.279699], [5.286998, 52.27964], [5.287343, 52.279525], [5.289593, 52.279271], [5.28973, 52.279225], [5.290469, 52.279139], [5.290855, 52.279064], [5.297467, 52.278346], [5.30206, 52.277799], [5.302365, 52.277733], [5.302897, 52.277707], [5.303714, 52.277582], [5.30405, 52.277573], [5.305834, 52.277329], [5.335461, 52.290218], [5.393236, 52.255157], [5.402897, 52.249527], [5.404643, 52.24963], [5.403239, 52.246072], [5.401839, 52.242674], [5.401236, 52.241056], [5.400821, 52.240202], [5.399836, 52.23758], [5.399569, 52.237059], [5.398676, 52.234992], [5.397818, 52.232751], [5.396789, 52.230377], [5.396687, 52.229997], [5.39645, 52.229412], [5.396237, 52.228464], [5.395958, 52.228011], [5.395698, 52.227272], [5.395397, 52.226626], [5.395314, 52.226269], [5.394967, 52.225585], [5.394576, 52.224134], [5.394264, 52.223498], [5.393303, 52.220992], [5.393215, 52.220634], [5.393525, 52.220176], [5.393642, 52.22008], [5.400052, 52.216897], [5.403728, 52.215126], [5.405993, 52.213968], [5.407222, 52.213405], [5.4088, 52.216974], [5.40967, 52.21858], [5.417179, 52.21498], [5.419623, 52.213711], [5.421029, 52.213194], [5.421987, 52.212279], [5.423119, 52.211766], [5.426036, 52.210336], [5.429589, 52.208357], [5.430595, 52.207856], [5.431685, 52.207365], [5.431736, 52.207238], [5.431891, 52.207123], [5.432522, 52.206895], [5.432865, 52.206833], [5.434329, 52.206215], [5.434231, 52.206117], [5.434684, 52.205925], [5.434714, 52.205876], [5.435426, 52.205605], [5.43545, 52.205629], [5.436382, 52.205296], [5.436652, 52.205586], [5.439237, 52.204601], [5.43982, 52.205984], [5.440568, 52.205837], [5.441039, 52.205693], [5.440848, 52.205486], [5.440938, 52.205466], [5.440187, 52.20463], [5.441146, 52.204314], [5.440865, 52.204014], [5.440937, 52.203991], [5.439637, 52.202608], [5.439576, 52.202303], [5.439662, 52.202211], [5.43959, 52.202139], [5.439449, 52.202195], [5.439387, 52.20143], [5.439382, 52.200758], [5.439352, 52.200758], [5.439422, 52.19996], [5.439609, 52.198891], [5.439665, 52.198453], [5.439649, 52.198194], [5.439772, 52.197282], [5.439705, 52.19596], [5.439973, 52.195761], [5.440014, 52.194563], [5.439933, 52.194515], [5.440048, 52.194019], [5.440163, 52.192033], [5.440096, 52.190052], [5.439795, 52.188445], [5.439347, 52.187119], [5.438861, 52.185992], [5.438867, 52.185902], [5.438086, 52.184585], [5.438476, 52.184408], [5.43886, 52.18445], [5.439248, 52.184313], [5.439043, 52.184127], [5.439575, 52.178965], [5.439903, 52.175066], [5.440058, 52.174093], [5.440061, 52.173452], [5.440137, 52.173215], [5.439342, 52.173078], [5.438916, 52.172917], [5.43943, 52.172124], [5.439541, 52.172019], [5.439557, 52.172038], [5.439799, 52.171569], [5.439876, 52.171197], [5.442019, 52.169737], [5.442932, 52.169176], [5.443594, 52.16883], [5.444244, 52.168563], [5.445366, 52.168265], [5.44662, 52.168006], [5.446856, 52.168068], [5.448026, 52.167827], [5.448824, 52.167704], [5.449787, 52.167608], [5.453535, 52.16733], [5.454193, 52.167332], [5.458173, 52.167038], [5.458552, 52.166943], [5.458775, 52.166964], [5.458764, 52.167003], [5.475752, 52.165762], [5.475746, 52.166095], [5.479922, 52.165815], [5.479859, 52.165704], [5.479751, 52.165679], [5.479615, 52.165477], [5.478948, 52.164741], [5.478883, 52.164401], [5.477739, 52.16424], [5.475557, 52.16439], [5.475472, 52.164359], [5.475257, 52.164151], [5.474484, 52.163876], [5.473869, 52.163907], [5.472982, 52.163822], [5.473192, 52.163645], [5.473316, 52.163464], [5.473409, 52.163275], [5.473405, 52.163114], [5.473332, 52.1631], [5.473393, 52.162995], [5.472433, 52.162851], [5.472866, 52.161848], [5.47552, 52.162162], [5.47814, 52.161717], [5.479197, 52.161361], [5.479598, 52.161176], [5.47997, 52.160955], [5.480733, 52.160354], [5.480973, 52.160102], [5.481125, 52.160046], [5.481398, 52.160025], [5.481751, 52.159877], [5.482116, 52.159796], [5.481458, 52.158374], [5.481496, 52.158297], [5.482309, 52.158205], [5.482461, 52.158243], [5.483038, 52.158289], [5.483653, 52.158289], [5.483977, 52.158236], [5.484143, 52.158178], [5.484317, 52.158064], [5.484132, 52.157134], [5.484254, 52.157086], [5.484197, 52.156919], [5.484166, 52.155817], [5.484113, 52.155479], [5.484074, 52.155346], [5.48361, 52.155385], [5.483724, 52.155047], [5.483774, 52.154684], [5.483767, 52.153981], [5.483248, 52.154017], [5.482933, 52.15253], [5.482626, 52.151504], [5.481342, 52.150501], [5.483425, 52.149596], [5.484795, 52.149166], [5.489476, 52.148219], [5.496251, 52.14735], [5.497172, 52.14731], [5.498552, 52.147386], [5.498596, 52.147355], [5.498982, 52.147393], [5.498815, 52.146227], [5.498506, 52.144932], [5.49837, 52.144486], [5.498179, 52.144193], [5.498031, 52.143818], [5.497989, 52.14353], [5.498092, 52.143467], [5.498007, 52.143153], [5.497306, 52.141444], [5.498535, 52.141171], [5.498943, 52.141118], [5.499835, 52.141083], [5.500002, 52.141043], [5.501222, 52.140505], [5.502202, 52.139851], [5.502603, 52.139536], [5.502742, 52.139567], [5.504139, 52.139356], [5.504216, 52.139277], [5.504377, 52.139225], [5.504716, 52.139209], [5.505614, 52.139052], [5.507592, 52.138866], [5.50745, 52.138532], [5.509637, 52.138167], [5.510307, 52.137999], [5.511685, 52.137496], [5.512481, 52.137072], [5.514079, 52.135923], [5.513536, 52.135773], [5.512367, 52.134224], [5.511881, 52.134115], [5.51196, 52.134001], [5.512, 52.133998], [5.512042, 52.133736], [5.511964, 52.132513], [5.512077, 52.132284], [5.512171, 52.132193], [5.511928, 52.132105], [5.511668, 52.132051], [5.511339, 52.13211], [5.510989, 52.132026], [5.510065, 52.131916], [5.509203, 52.131945], [5.508931, 52.131775], [5.508857, 52.131585], [5.508561, 52.131653], [5.507697, 52.131335], [5.50769, 52.131129], [5.507636, 52.131124], [5.507562, 52.131169], [5.507472, 52.131348], [5.507342, 52.131331], [5.507094, 52.131222], [5.506721, 52.13098], [5.506297, 52.131023], [5.506103, 52.130914], [5.505513, 52.131118], [5.50522, 52.131141], [5.505043, 52.131114], [5.504971, 52.131068], [5.504978, 52.130933], [5.504757, 52.130953], [5.504615, 52.130931], [5.504118, 52.130666], [5.503584, 52.130573], [5.502778, 52.130249], [5.502395, 52.130199], [5.502117, 52.130093], [5.501603, 52.130086], [5.501532, 52.130042], [5.501518, 52.129961], [5.501424, 52.129926], [5.500992, 52.130053], [5.500724, 52.130043], [5.500395, 52.130136], [5.499734, 52.130253], [5.499165, 52.130245], [5.499071, 52.130292], [5.499166, 52.130458], [5.499087, 52.130543], [5.498881, 52.130481], [5.498344, 52.130225], [5.498044, 52.130211], [5.497913, 52.130283], [5.497583, 52.128633], [5.497467, 52.128335], [5.497351, 52.127833], [5.496897, 52.125356], [5.496759, 52.124814], [5.496496, 52.124847], [5.496421, 52.124601], [5.495259, 52.12466], [5.494751, 52.124721], [5.494695, 52.124698], [5.494686, 52.124615], [5.494738, 52.124591], [5.494691, 52.124245], [5.49514, 52.122296], [5.495141, 52.122255], [5.495019, 52.122209], [5.49506, 52.121993], [5.495582, 52.121453], [5.495862, 52.121249], [5.496134, 52.121101], [5.496653, 52.120496], [5.496706, 52.120283], [5.496652, 52.120125], [5.49673, 52.119962], [5.496819, 52.119913], [5.496918, 52.119557], [5.497961, 52.119358], [5.500042, 52.1192], [5.500419, 52.119266], [5.501201, 52.119497], [5.501669, 52.11957], [5.503222, 52.119686], [5.503229, 52.119649], [5.504829, 52.119763], [5.505354, 52.11975], [5.50471, 52.118148], [5.504609, 52.118162], [5.504212, 52.117165], [5.503756, 52.116586], [5.505894, 52.115984], [5.5066, 52.115855], [5.507076, 52.115841], [5.507164, 52.115609], [5.507549, 52.115645], [5.507702, 52.113897], [5.506467, 52.114281], [5.506168, 52.11431], [5.504157, 52.113738], [5.50395, 52.11372], [5.50377, 52.11381], [5.502499, 52.114949], [5.50261, 52.115092], [5.498917, 52.116018], [5.497508, 52.11593], [5.497012, 52.115851], [5.496456, 52.115945], [5.496051, 52.115746], [5.495626, 52.115586], [5.493903, 52.115651], [5.492579, 52.115662], [5.491945, 52.115723], [5.491139, 52.115872], [5.490755, 52.116055], [5.488082, 52.116101], [5.4879, 52.116043], [5.486447, 52.11536], [5.48686, 52.115205], [5.487415, 52.115051], [5.487886, 52.114998], [5.488705, 52.114965], [5.489005, 52.114874], [5.489075, 52.114899], [5.489113, 52.114981], [5.489162, 52.114998], [5.489718, 52.1149], [5.48977, 52.114812], [5.489887, 52.114744], [5.490256, 52.114645], [5.490439, 52.114645], [5.49094, 52.114486], [5.491052, 52.114507], [5.491176, 52.114599], [5.491521, 52.114465], [5.491831, 52.114508], [5.491896, 52.114426], [5.491832, 52.11409], [5.492397, 52.113813], [5.492625, 52.113767], [5.493014, 52.113559], [5.493003, 52.113457], [5.493376, 52.113002], [5.493581, 52.113105], [5.493688, 52.113094], [5.493714, 52.112873], [5.493879, 52.112815], [5.493922, 52.112764], [5.493941, 52.112504], [5.493872, 52.111908], [5.493874, 52.111373], [5.49391, 52.111271], [5.493862, 52.111097], [5.488966, 52.108145], [5.488618, 52.108009], [5.487874, 52.10764], [5.485945, 52.106472], [5.484302, 52.105542], [5.484775, 52.103784], [5.484995, 52.103304], [5.485038, 52.101849], [5.485237, 52.099216], [5.48474, 52.096624], [5.48518, 52.095625], [5.485897, 52.094216], [5.486083, 52.093657], [5.482673, 52.092611], [5.480622, 52.092027], [5.479969, 52.091709], [5.476785, 52.09038], [5.476761, 52.090348], [5.47554, 52.090355], [5.474833, 52.090255], [5.474428, 52.090093], [5.472786, 52.089162], [5.471886, 52.089381], [5.471498, 52.088351], [5.469995, 52.087436], [5.470001, 52.087402], [5.468943, 52.086615], [5.467959, 52.085995], [5.466263, 52.084812], [5.464927, 52.083797], [5.464938, 52.083724], [5.464054, 52.083056], [5.463478, 52.083418], [5.463368, 52.083442], [5.462532, 52.083156], [5.459807, 52.082019], [5.459678, 52.082003], [5.460148, 52.080952], [5.459243, 52.080226], [5.45965, 52.079983], [5.460364, 52.079653], [5.461328, 52.079311], [5.46223, 52.079084], [5.464658, 52.078748], [5.464901, 52.078674], [5.465435, 52.078429], [5.465638, 52.078303], [5.465988, 52.077959], [5.466108, 52.077731], [5.4662, 52.077442], [5.466308, 52.076379], [5.466382, 52.07619], [5.466729, 52.075802], [5.466891, 52.075686], [5.467144, 52.07557], [5.46749, 52.075458], [5.467952, 52.075372], [5.46927, 52.075219], [5.470305, 52.074948], [5.470678, 52.074801], [5.472631, 52.073801], [5.473825, 52.07305], [5.474209, 52.072921], [5.474579, 52.072845], [5.475659, 52.072761], [5.475926, 52.072714], [5.476174, 52.072716], [5.476376, 52.072641], [5.476492, 52.0725], [5.476849, 52.072299], [5.477222, 52.072013], [5.478212, 52.071714], [5.478416, 52.071709], [5.478413, 52.071676], [5.479148, 52.071598], [5.479976, 52.07138], [5.481744, 52.07046], [5.483897, 52.069656], [5.48415, 52.069622], [5.484522, 52.069638], [5.484721, 52.069685], [5.485628, 52.070183], [5.48589, 52.070263], [5.486213, 52.070264], [5.486985, 52.070161], [5.487494, 52.070186], [5.487821, 52.07025], [5.488282, 52.070393], [5.490175, 52.071252], [5.490696, 52.071411], [5.492327, 52.07156], [5.493053, 52.071749], [5.493887, 52.071889], [5.494424, 52.071931], [5.495165, 52.071901], [5.495775, 52.071777], [5.496639, 52.071527], [5.497508, 52.071349], [5.498068, 52.071313], [5.499882, 52.071335], [5.501666, 52.072852], [5.50199, 52.073177], [5.502092, 52.073345], [5.504584, 52.07335], [5.504847, 52.075174], [5.504984, 52.076694], [5.50507, 52.076911], [5.506482, 52.076706], [5.508758, 52.076979], [5.509204, 52.07697], [5.509576, 52.077362], [5.509752, 52.07762], [5.510295, 52.077967], [5.510361, 52.078055], [5.510361, 52.078161], [5.510281, 52.078318], [5.509994, 52.078686], [5.509694, 52.07898], [5.509923, 52.07905], [5.511552, 52.078939], [5.511578, 52.078913], [5.511698, 52.078943], [5.512171, 52.078934], [5.513146, 52.078805], [5.514157, 52.078752], [5.514453, 52.078795], [5.514873, 52.078975], [5.514897, 52.078916], [5.51514, 52.078901], [5.515162, 52.079001], [5.516396, 52.079179], [5.517755, 52.07922], [5.519437, 52.079227], [5.51942, 52.079137], [5.519502, 52.079049], [5.519577, 52.079036], [5.519589, 52.07896], [5.519992, 52.078692], [5.520357, 52.078308], [5.520605, 52.0783], [5.521049, 52.078141], [5.521215, 52.07827], [5.521411, 52.078231], [5.521978, 52.07804], [5.522256, 52.077909], [5.522554, 52.077681], [5.522654, 52.077542], [5.524111, 52.078463], [5.524539, 52.078806], [5.525877, 52.080086], [5.526896, 52.08068], [5.527838, 52.081092], [5.52826, 52.081137], [5.528786, 52.08144], [5.529462, 52.081683], [5.530474, 52.081819], [5.530999, 52.082167], [5.531245, 52.082419], [5.531477, 52.083271], [5.531807, 52.083619], [5.531306, 52.083939], [5.530292, 52.08417], [5.526634, 52.084903], [5.530856, 52.089774], [5.537127, 52.088659], [5.538294, 52.09269], [5.535079, 52.092875], [5.538831, 52.096436], [5.538921, 52.09668], [5.53916, 52.097814], [5.538573, 52.098086], [5.535937, 52.099163], [5.534241, 52.099772], [5.533855, 52.099871], [5.532817, 52.099984], [5.531543, 52.102267], [5.537477, 52.103164], [5.54154, 52.103737], [5.543498, 52.10207], [5.544013, 52.101949], [5.546302, 52.102444], [5.5464, 52.102846], [5.545292, 52.10439], [5.550343, 52.10542], [5.553063, 52.100954], [5.553235, 52.100806], [5.554236, 52.100151], [5.554123, 52.099982], [5.55295, 52.099136], [5.551825, 52.097504], [5.551581, 52.09726], [5.551131, 52.096962], [5.550463, 52.096641], [5.550563, 52.096394], [5.554429, 52.095392], [5.554537, 52.094808], [5.554517, 52.094707], [5.554236, 52.094358], [5.554179, 52.094194], [5.554435, 52.093469], [5.554863, 52.09314], [5.555328, 52.092432], [5.555684, 52.091991], [5.55587, 52.09182], [5.555857, 52.091741], [5.555752, 52.091711], [5.555359, 52.091785], [5.555347, 52.091741], [5.55471, 52.091522], [5.55474, 52.091241], [5.555023, 52.090239], [5.555264, 52.088096], [5.554905, 52.08655], [5.554961, 52.086449], [5.555116, 52.086528], [5.555719, 52.087101], [5.555781, 52.087112], [5.555973, 52.087112], [5.55613, 52.087069], [5.556542, 52.086787], [5.557053, 52.086867], [5.557112, 52.086851], [5.557202, 52.086791], [5.557229, 52.086712], [5.557079, 52.086443], [5.557377, 52.086252], [5.557414, 52.086111], [5.556687, 52.085483], [5.557046, 52.085301], [5.55732, 52.08525], [5.557479, 52.085184], [5.55753, 52.085104], [5.557876, 52.084958], [5.558056, 52.084791], [5.558402, 52.084722], [5.558611, 52.084722], [5.558689, 52.084693], [5.558768, 52.084605], [5.559118, 52.084468], [5.559384, 52.084536], [5.559581, 52.08454], [5.559972, 52.084454], [5.560472, 52.084483], [5.560778, 52.084394], [5.56063, 52.083112], [5.560589, 52.08194], [5.560711, 52.081413], [5.560806, 52.081172], [5.561061, 52.080751], [5.561343, 52.080057], [5.561414, 52.079993], [5.561803, 52.079807], [5.562582, 52.079258], [5.562644, 52.078997], [5.562677, 52.078492], [5.562739, 52.078332], [5.562132, 52.075813], [5.561444, 52.073286], [5.559212, 52.071043], [5.559679, 52.070208], [5.560782, 52.06859], [5.560729, 52.067501], [5.560429, 52.066375], [5.560373, 52.065609], [5.560387, 52.064424], [5.560333, 52.063883], [5.560214, 52.063337], [5.559955, 52.063229], [5.560067, 52.06321], [5.559948, 52.060888], [5.559815, 52.05955], [5.559508, 52.058777], [5.559153, 52.057673], [5.558835, 52.056214], [5.558719, 52.054765], [5.558589, 52.054031], [5.558386, 52.053359], [5.558319, 52.052871], [5.558147, 52.05222], [5.557575, 52.050375], [5.558414, 52.050204], [5.558542, 52.050143], [5.558649, 52.050006], [5.557876, 52.048952], [5.557903, 52.048865], [5.558254, 52.048829], [5.558328, 52.048747], [5.558495, 52.04876], [5.560145, 52.048669], [5.560771, 52.048664], [5.569845, 52.048112], [5.570853, 52.047997], [5.570444, 52.046687], [5.57022, 52.046288], [5.569981, 52.045684], [5.569935, 52.045287], [5.570046, 52.045171], [5.569967, 52.045177], [5.570034, 52.045019], [5.570014, 52.04451], [5.570235, 52.0445], [5.570152, 52.04444], [5.570045, 52.043401], [5.569754, 52.043415], [5.568657, 52.042397], [5.568622, 52.042097], [5.56835, 52.041832], [5.567386, 52.040606], [5.568052, 52.040433], [5.568013, 52.040377], [5.5684, 52.040237], [5.568582, 52.040233], [5.573506, 52.039068], [5.58354, 52.036448], [5.586586, 52.035556], [5.588142, 52.035054], [5.59003, 52.034387], [5.589907, 52.032693], [5.589756, 52.032698], [5.589589, 52.031177], [5.586712, 52.03129], [5.586503, 52.029171], [5.58653, 52.028743], [5.586644, 52.028426], [5.587256, 52.02761], [5.587403, 52.027291], [5.587484, 52.026955], [5.587495, 52.026788], [5.587453, 52.02679], [5.587446, 52.026632], [5.587511, 52.026628], [5.587297, 52.022215], [5.587263, 52.022217], [5.587225, 52.021319], [5.58717, 52.021319], [5.587149, 52.020909], [5.587222, 52.020904], [5.5872, 52.02045], [5.590242, 52.020267], [5.590161, 52.019384], [5.589622, 52.015595], [5.586922, 52.015713], [5.586835, 52.014132], [5.586835, 52.014078], [5.586901, 52.014035], [5.586912, 52.013914], [5.586839, 52.013875], [5.586751, 52.012286], [5.586656, 52.012144], [5.586455, 52.012004], [5.586015, 52.011776], [5.588188, 52.010431], [5.588296, 52.010412], [5.588594, 52.010262], [5.589132, 52.009856], [5.589427, 52.009551], [5.590359, 52.008227], [5.591113, 52.007301], [5.591071, 52.007287], [5.591209, 52.006652], [5.59122, 52.006138], [5.591155, 52.005751], [5.590884, 52.005219], [5.59079, 52.004905], [5.590836, 52.004917], [5.590761, 52.004494], [5.590808, 52.004123], [5.590755, 52.003685], [5.590808, 52.003025], [5.59099, 52.00265], [5.591436, 52.002065], [5.591908, 52.001519], [5.591996, 52.00147], [5.591998, 52.001392], [5.592248, 52.001187], [5.593042, 52.000746], [5.593923, 52.000425], [5.595613, 51.999677], [5.596556, 51.999202], [5.597178, 51.998564], [5.59781, 51.998255], [5.599317, 51.996987], [5.599494, 51.996893], [5.600202, 51.996636], [5.600975, 51.996255], [5.602177, 51.995341], [5.602515, 51.994998], [5.602805, 51.994869], [5.603511, 51.994666], [5.604481, 51.99416], [5.605065, 51.99406], [5.605503, 51.994051], [5.606734, 51.994339], [5.607051, 51.994327], [5.608249, 51.993902], [5.60864, 51.993849], [5.609548, 51.993877], [5.609972, 51.993692], [5.610931, 51.992809], [5.611273, 51.992444], [5.611525, 51.992099], [5.611636, 51.99201], [5.612212, 51.991709], [5.613813, 51.990343], [5.613905, 51.99018], [5.614326, 51.988786], [5.614188, 51.987559], [5.614337, 51.98637], [5.614506, 51.986003], [5.615133, 51.985512], [5.615229, 51.985172], [5.615235, 51.984892], [5.614956, 51.984456], [5.614899, 51.98427], [5.615031, 51.982808], [5.615083, 51.982687], [5.617089, 51.980531], [5.618381, 51.979502], [5.618784, 51.979135], [5.619415, 51.978361], [5.620147, 51.977362], [5.620419, 51.977216], [5.621564, 51.976861], [5.622262, 51.976528], [5.624963, 51.974853], [5.626064, 51.97407], [5.626171, 51.973844], [5.626149, 51.973621], [5.626029, 51.973434], [5.62535, 51.97156], [5.624856, 51.970448], [5.623082, 51.968883], [5.622673, 51.968415], [5.622424, 51.968239], [5.621636, 51.967919], [5.619539, 51.967203], [5.618542, 51.9666], [5.618408, 51.96644], [5.618329, 51.966258], [5.620258, 51.966582], [5.620145, 51.966432], [5.620258, 51.966394], [5.620388, 51.966416], [5.623148, 51.962661], [5.624978, 51.960065], [5.6259, 51.958496], [5.626495, 51.957366], [5.626409, 51.957326], [5.626857, 51.956382], [5.627124, 51.955616], [5.627287, 51.954574], [5.627309, 51.952473], [5.627152, 51.952348], [5.625027, 51.951615], [5.624712, 51.951679], [5.624123, 51.951895], [5.623446, 51.951946], [5.621515, 51.951738], [5.620162, 51.951498], [5.620446, 51.948166], [5.619366, 51.948347], [5.618791, 51.948122], [5.6185, 51.948328], [5.618643, 51.948436], [5.617636, 51.948839], [5.617601, 51.94882], [5.617156, 51.948983], [5.616428, 51.949354], [5.611832, 51.946656], [5.608988, 51.945037], [5.607198, 51.943965], [5.60594, 51.943125], [5.605782, 51.94316], [5.603072, 51.944184], [5.602005, 51.944623], [5.600882, 51.945168], [5.599896, 51.945719], [5.5989, 51.946331], [5.597432, 51.947095], [5.596662, 51.947483], [5.594441, 51.948494], [5.592737, 51.949183], [5.590992, 51.949776], [5.587835, 51.950575], [5.586136, 51.950925], [5.583386, 51.951438], [5.580795, 51.951876], [5.579446, 51.952158], [5.575574, 51.952827], [5.564071, 51.954103], [5.561253, 51.954502], [5.560141, 51.954768], [5.558339, 51.955269], [5.556934, 51.955711], [5.555658, 51.956157], [5.554398, 51.956655], [5.552742, 51.9574], [5.551061, 51.958274], [5.549561, 51.959197], [5.548216, 51.960138], [5.546918, 51.961177], [5.545709, 51.962256], [5.543302, 51.964982], [5.542407, 51.965855], [5.54135, 51.966642], [5.540208, 51.967282], [5.538942, 51.967827], [5.53752, 51.968285], [5.536086, 51.968601], [5.529692, 51.969772], [5.524814, 51.970613], [5.523026, 51.970857], [5.521205, 51.971148], [5.519168, 51.971507], [5.51695, 51.97194], [5.515384, 51.972306], [5.512481, 51.973081], [5.510979, 51.973643], [5.509454, 51.974264], [5.508045, 51.974913], [5.503205, 51.977397], [5.500751, 51.978592], [5.496351, 51.980273], [5.493398, 51.981343], [5.491877, 51.981856], [5.488678, 51.982838], [5.485918, 51.983284], [5.486214, 51.983826], [5.484601, 51.983931], [5.481507, 51.983889], [5.473217, 51.98299], [5.472096, 51.982971], [5.470991, 51.982987], [5.467788, 51.983157], [5.465762, 51.983333], [5.462687, 51.983533], [5.457012, 51.983684], [5.454433, 51.983685], [5.453885, 51.98371], [5.453194, 51.983809], [5.45237, 51.984007], [5.451045, 51.984391], [5.44997, 51.984749], [5.448403, 51.985162], [5.446374, 51.985574], [5.444654, 51.985802], [5.442408, 51.985948], [5.440601, 51.985918], [5.439394, 51.985833], [5.437323, 51.985561], [5.435434, 51.985157], [5.433869, 51.984738], [5.433266, 51.984552], [5.432524, 51.984262], [5.431304, 51.983725], [5.430266, 51.983187], [5.4249, 51.979652], [5.423364, 51.978755], [5.42203, 51.978102], [5.420597, 51.977483], [5.419515, 51.977071], [5.418156, 51.976606], [5.416257, 51.976048], [5.413514, 51.97543], [5.408601, 51.974643], [5.408557, 51.974589], [5.408147, 51.974512], [5.407842, 51.97448], [5.407778, 51.974513], [5.402062, 51.973616], [5.399338, 51.973103], [5.397578, 51.972688], [5.395894, 51.972241], [5.390976, 51.97073], [5.389024, 51.970234], [5.38707, 51.969831], [5.385396, 51.969563], [5.383999, 51.969378], [5.381996, 51.969199], [5.3798, 51.969108], [5.378229, 51.969118], [5.376909, 51.969161], [5.376011, 51.969211], [5.374404, 51.969361], [5.372518, 51.969586], [5.366212, 51.970672], [5.364167, 51.970891], [5.363016, 51.97095], [5.361845, 51.970966], [5.35996, 51.970917], [5.358771, 51.970825], [5.357674, 51.970694], [5.355638, 51.970354], [5.354038, 51.969982], [5.351951, 51.969354], [5.350237, 51.968668], [5.348678, 51.967921], [5.347095, 51.966997], [5.346456, 51.966515], [5.345144, 51.965408], [5.343552, 51.963935], [5.341166, 51.962222], [5.338319, 51.95995], [5.337492, 51.959371], [5.336664, 51.958859], [5.335221, 51.958044], [5.333118, 51.957201], [5.332698, 51.957066], [5.330873, 51.95656], [5.329075, 51.95614], [5.327271, 51.955748], [5.323439, 51.955097], [5.321611, 51.954919], [5.318322, 51.955019], [5.316601, 51.955221], [5.314857, 51.95562], [5.310768, 51.95705], [5.310976, 51.957209], [5.308087, 51.958586], [5.305828, 51.959711], [5.304594, 51.960279], [5.303452, 51.960771], [5.302193, 51.961216], [5.300894, 51.961569], [5.299517, 51.961836], [5.298329, 51.961986], [5.296649, 51.962149], [5.293736, 51.962335], [5.290854, 51.962409], [5.289121, 51.962512], [5.286439, 51.962732], [5.284083, 51.962981], [5.280967, 51.963374], [5.276521, 51.96402], [5.275114, 51.96426], [5.27371, 51.964542], [5.272413, 51.964849], [5.270374, 51.965427], [5.267584, 51.966275], [5.264561, 51.967286], [5.262104, 51.968206], [5.260887, 51.968701], [5.258549, 51.969762], [5.256266, 51.970939], [5.255228, 51.971504], [5.254186, 51.97213], [5.253205, 51.972776], [5.247575, 51.976905], [5.246524, 51.977498], [5.24526, 51.977999], [5.244003, 51.978377], [5.242664, 51.978675], [5.241165, 51.978869], [5.23978, 51.97894], [5.23827, 51.978894], [5.236867, 51.978757], [5.235465, 51.97847], [5.234201, 51.978063], [5.233007, 51.97755], [5.231897, 51.976994], [5.230851, 51.976349], [5.229913, 51.975649], [5.229109, 51.974906], [5.228426, 51.974153], [5.227192, 51.972603], [5.224373, 51.968284], [5.222596, 51.966331], [5.221507, 51.965285], [5.220633, 51.964556], [5.219738, 51.96387], [5.218715, 51.963204], [5.217668, 51.962578], [5.216594, 51.962005], [5.215444, 51.961448], [5.214236, 51.960947], [5.213427, 51.96065], [5.211646, 51.960146], [5.213423, 51.960649], [5.20045, 51.974069], [5.198264, 51.976407], [5.197905, 51.976817], [5.197284, 51.977645], [5.196223, 51.979352], [5.195447, 51.98112], [5.191458, 51.992201], [5.188718, 51.993086], [5.179153, 51.995888], [5.178376, 51.996135], [5.178047, 51.996306], [5.17791, 51.996647], [5.178019, 51.996697], [5.178155, 51.996844], [5.178154, 51.996911], [5.178496, 51.997581], [5.178683, 51.998165], [5.178707, 51.998591], [5.17858, 51.999106], [5.178083, 52.000087], [5.177984, 52.00062], [5.177998, 52.000872], [5.17809, 52.001292], [5.179134, 52.004489], [5.179141, 52.004952], [5.178825, 52.006185], [5.178861, 52.006538], [5.179535, 52.007437], [5.15648, 52.012052], [5.155345, 52.012315], [5.154082, 52.012649], [5.152468, 52.013134], [5.151395, 52.013507], [5.149882, 52.014112], [5.148788, 52.014598], [5.147459, 52.015248], [5.145868, 52.01614], [5.130656, 52.025555], [5.132163, 52.027257], [5.133653, 52.0291], [5.135559, 52.031958], [5.136142, 52.032731], [5.136662, 52.033545], [5.137151, 52.034413], [5.13808, 52.036238], [5.138793, 52.037847], [5.139752, 52.040497], [5.140798, 52.043939], [5.143442, 52.044137], [5.143418, 52.044555], [5.146295, 52.044673], [5.146277, 52.045125], [5.148066, 52.045119], [5.148088, 52.045266], [5.148724, 52.045333], [5.148744, 52.045262], [5.149017, 52.045291], [5.149151, 52.045345], [5.149108, 52.045484], [5.149144, 52.045732], [5.149413, 52.045788], [5.149338, 52.046006], [5.14937, 52.046063], [5.149493, 52.046072], [5.149429, 52.046335], [5.152873, 52.046734], [5.153023, 52.046248], [5.154762, 52.046456], [5.15475, 52.04625], [5.155145, 52.045782], [5.155262, 52.045552], [5.15516, 52.044852], [5.155186, 52.04447], [5.155277, 52.044239], [5.155569, 52.043785], [5.156318, 52.043019], [5.156514, 52.042672], [5.156575, 52.042202], [5.156518, 52.041596], [5.162829, 52.041597], [5.163458, 52.040658], [5.164033, 52.040762], [5.167116, 52.04114], [5.167636, 52.041283], [5.170568, 52.042505], [5.171007, 52.042758], [5.172277, 52.043686], [5.172792, 52.043951], [5.173611, 52.044216], [5.174532, 52.044372], [5.175301, 52.044393], [5.176013, 52.044333], [5.178472, 52.044012], [5.178779, 52.045291], [5.178801, 52.045726], [5.178858, 52.045803], [5.179721, 52.051225], [5.179838, 52.051247], [5.180451, 52.051241], [5.181293, 52.051407], [5.183299, 52.050913], [5.1834, 52.051069], [5.186482, 52.050626], [5.186425, 52.051448], [5.186599, 52.051557], [5.187111, 52.052443], [5.187337, 52.052749], [5.187477, 52.052864], [5.187389, 52.053344], [5.187252, 52.054861], [5.18717, 52.05509], [5.18697, 52.055304], [5.187183, 52.055399], [5.18737, 52.055623], [5.187524, 52.05569], [5.188889, 52.055817], [5.189059, 52.055891], [5.18921, 52.056045], [5.189263, 52.056162], [5.189813, 52.057596], [5.189851, 52.05804], [5.189605, 52.059238], [5.189633, 52.059461], [5.189541, 52.059582], [5.188921, 52.061781], [5.188969, 52.061902], [5.188566, 52.062807], [5.188212, 52.064214], [5.188169, 52.064346], [5.188119, 52.064362], [5.187715, 52.065918], [5.186211, 52.071089], [5.187266, 52.071742], [5.187813, 52.072036], [5.188837, 52.072376], [5.191327, 52.073367], [5.191917, 52.073523], [5.193229, 52.073753], [5.193502, 52.073764], [5.193481, 52.073784], [5.193652, 52.07403], [5.194034, 52.074409], [5.194419, 52.074676], [5.194864, 52.074905], [5.195438, 52.074357], [5.195698, 52.074038], [5.196015, 52.073509], [5.196307, 52.072821], [5.196484, 52.072589], [5.197194, 52.072003], [5.197665, 52.071687], [5.197635, 52.071647], [5.197694, 52.071616], [5.197745, 52.071641], [5.199052, 52.070732], [5.199741, 52.069985], [5.200245, 52.06967], [5.200698, 52.069499], [5.20232, 52.06903], [5.203286, 52.068717], [5.204113, 52.06859], [5.204128, 52.068565], [5.204729, 52.06851], [5.206348, 52.068039], [5.207757, 52.06754], [5.207609, 52.067436], [5.208244, 52.06726], [5.20897, 52.067133], [5.209647, 52.066911], [5.210657, 52.066479], [5.211262, 52.06614], [5.211927, 52.06562], [5.212699, 52.064931], [5.213076, 52.064469], [5.213168, 52.064293], [5.213352, 52.063311], [5.213491, 52.063017], [5.213928, 52.062373], [5.214383, 52.061903], [5.214671, 52.061499], [5.215033, 52.061089], [5.215378, 52.060847], [5.216218, 52.060363], [5.217001, 52.059816], [5.217891, 52.059296], [5.218365, 52.058909], [5.218735, 52.058683], [5.220286, 52.057919], [5.221443, 52.057465], [5.222107, 52.057025], [5.222295, 52.056934], [5.222497, 52.056863], [5.222835, 52.056807], [5.225645, 52.056594], [5.225923, 52.056638], [5.22671, 52.056837], [5.227529, 52.056935], [5.227935, 52.057016], [5.228739, 52.057258], [5.229643, 52.057409], [5.229729, 52.057284], [5.22984, 52.057249], [5.230164, 52.057241], [5.230483, 52.057288], [5.23079, 52.05744], [5.231994, 52.057717], [5.233214, 52.057614], [5.233814, 52.057621], [5.234388, 52.057694], [5.234597, 52.057762], [5.235072, 52.057833], [5.235749, 52.057841], [5.236384, 52.057805], [5.237403, 52.05768], [5.239755, 52.05731], [5.240077, 52.057196], [5.240567, 52.056902], [5.24132, 52.056543], [5.241457, 52.056439], [5.242219, 52.055723], [5.24332, 52.054821], [5.243724, 52.05441], [5.243909, 52.054086], [5.243966, 52.053892], [5.243965, 52.053441], [5.243673, 52.052336], [5.243706, 52.051956], [5.243835, 52.051579], [5.243714, 52.050758], [5.243657, 52.050665], [5.24285, 52.049912], [5.241927, 52.049587], [5.241431, 52.049259], [5.240768, 52.049162], [5.240112, 52.048836], [5.239532, 52.048596], [5.238838, 52.048183], [5.238135, 52.047556], [5.237075, 52.046261], [5.23683, 52.045925], [5.236702, 52.045618], [5.236558, 52.044973], [5.236563, 52.044736], [5.237018, 52.043876], [5.237344, 52.043637], [5.237873, 52.04333], [5.238462, 52.042828], [5.238823, 52.042583], [5.239002, 52.042311], [5.239324, 52.042048], [5.239497, 52.0418], [5.240097, 52.041366], [5.240326, 52.040864], [5.240609, 52.040585], [5.240784, 52.040458], [5.241736, 52.039983], [5.241944, 52.039848], [5.242222, 52.039349], [5.242432, 52.039153], [5.242771, 52.03873], [5.242882, 52.038438], [5.243049, 52.038174], [5.243522, 52.037703], [5.244356, 52.036139], [5.244929, 52.035374], [5.245942, 52.034425], [5.24687, 52.033356], [5.247324, 52.033009], [5.247578, 52.032734], [5.248298, 52.032221], [5.249379, 52.031364], [5.249558, 52.03114], [5.249829, 52.030537], [5.250034, 52.030295], [5.251772, 52.029381], [5.252209, 52.029095], [5.252781, 52.02857], [5.25317, 52.028291], [5.254032, 52.027541], [5.25486, 52.026903], [5.257237, 52.024835], [5.257399, 52.02475], [5.257648, 52.02469], [5.258677, 52.024582], [5.259312, 52.024285], [5.260154, 52.023992], [5.261444, 52.023487], [5.261945, 52.023207], [5.262828, 52.022627], [5.263239, 52.022335], [5.263817, 52.021821], [5.264277, 52.021468], [5.264309, 52.020958], [5.26442, 52.020782], [5.265752, 52.019917], [5.265959, 52.01975], [5.265982, 52.019249], [5.266253, 52.01835], [5.26653, 52.017894], [5.266698, 52.01735], [5.267003, 52.016881], [5.26717, 52.016378], [5.267145, 52.01551], [5.26733, 52.014954], [5.267595, 52.014572], [5.268348, 52.013695], [5.268561, 52.013387], [5.268938, 52.012552], [5.268992, 52.012391], [5.268928, 52.012177], [5.269067, 52.011893], [5.269219, 52.011785], [5.269564, 52.011419], [5.270125, 52.011019], [5.270497, 52.010824], [5.270772, 52.010721], [5.271621, 52.010487], [5.2731, 52.010322], [5.278725, 52.009258], [5.27958, 52.009009], [5.280483, 52.008656], [5.281039, 52.00853], [5.282052, 52.008377], [5.283455, 52.008312], [5.284167, 52.008199], [5.28502, 52.007926], [5.285661, 52.007606], [5.286892, 52.006777], [5.287685, 52.005988], [5.288078, 52.00549], [5.289929, 52.004267], [5.290197, 52.003397], [5.29071, 52.002101], [5.291538, 52.000757], [5.29168, 52.000344], [5.292115, 51.999866], [5.292385, 51.99942], [5.292472, 51.999128], [5.292697, 51.998828], [5.293164, 51.998454], [5.293523, 51.998236], [5.294153, 51.997765], [5.295162, 51.997343], [5.295397, 51.997288], [5.296855, 51.99715], [5.297988, 51.997158], [5.298473, 51.997199], [5.29903, 51.997391], [5.299866, 51.997765], [5.300527, 51.997912], [5.300823, 51.997929], [5.301532, 51.997845], [5.301761, 51.997868], [5.301888, 51.997947], [5.302103, 51.998268], [5.303333, 51.998708], [5.303446, 51.998709], [5.303432, 51.998635], [5.303482, 51.998568], [5.30369, 51.998507], [5.303813, 51.998506], [5.304025, 51.998621], [5.304168, 51.998831], [5.304487, 51.998957], [5.304632, 51.999074], [5.305794, 51.999436], [5.306112, 51.9995], [5.306217, 51.999551], [5.308151, 51.999824], [5.30872, 51.999803], [5.309514, 51.999599], [5.310258, 51.999453], [5.311611, 51.998895], [5.312523, 51.998168], [5.31375, 51.997492], [5.314622, 51.99691], [5.314997, 51.996718], [5.316593, 51.99626], [5.318243, 51.995695], [5.319811, 51.995477], [5.321737, 51.995117], [5.322609, 51.994924], [5.322862, 51.994604], [5.323033, 51.994523], [5.323752, 51.993937], [5.324161, 51.993452], [5.324363, 51.993308], [5.326187, 51.992773], [5.32674, 51.992446], [5.327315, 51.992028], [5.328087, 51.99132], [5.327981, 51.99081], [5.328068, 51.990567], [5.328424, 51.990156], [5.330307, 51.989031], [5.331126, 51.988412], [5.332531, 51.987501], [5.332595, 51.987395], [5.332782, 51.987299], [5.332876, 51.987292], [5.333662, 51.98691], [5.334481, 51.986626], [5.335474, 51.986357], [5.336093, 51.986077], [5.336731, 51.98594], [5.337149, 51.985925], [5.337377, 51.98595], [5.337739, 51.986051], [5.33823, 51.986242], [5.338398, 51.98626], [5.339423, 51.98618], [5.340113, 51.986224], [5.340734, 51.986129], [5.341561, 51.986073], [5.341861, 51.986077], [5.342353, 51.986174], [5.342508, 51.986175], [5.343133, 51.986056], [5.344967, 51.98562], [5.345319, 51.985416], [5.345854, 51.985181], [5.347937, 51.984422], [5.349734, 51.983435], [5.350269, 51.983176], [5.350905, 51.982609], [5.351366, 51.982255], [5.351904, 51.981996], [5.351992, 51.981771], [5.352003, 51.980791], [5.351872, 51.979957], [5.351787, 51.979815], [5.350855, 51.97879], [5.349046, 51.976604], [5.348561, 51.975667], [5.348455, 51.97505], [5.348396, 51.973525], [5.348479, 51.973229], [5.348641, 51.973027], [5.349067, 51.972688], [5.349337, 51.972566], [5.349387, 51.972433], [5.350529, 51.971433], [5.351071, 51.970908], [5.351292, 51.97062], [5.351313, 51.970471], [5.351193, 51.96996], [5.350845, 51.969662], [5.350871, 51.969546], [5.352923, 51.970247], [5.351155, 51.971864], [5.351034, 51.972148], [5.350844, 51.972252], [5.350533, 51.972276], [5.34997, 51.972724], [5.349755, 51.97279], [5.349669, 51.972849], [5.349614, 51.97295], [5.34927, 51.97318], [5.349073, 51.973386], [5.349007, 51.973604], [5.349098, 51.975386], [5.34936, 51.975946], [5.349817, 51.976631], [5.351706, 51.978961], [5.352433, 51.979769], [5.352549, 51.980062], [5.352669, 51.981462], [5.352642, 51.981739], [5.352475, 51.982242], [5.352318, 51.982337], [5.351872, 51.982478], [5.351311, 51.982917], [5.350927, 51.983323], [5.350713, 51.983478], [5.349108, 51.984288], [5.348201, 51.984794], [5.347223, 51.985117], [5.345951, 51.985593], [5.345227, 51.985986], [5.343575, 51.986385], [5.342387, 51.986571], [5.342152, 51.986572], [5.341793, 51.986484], [5.341602, 51.986477], [5.340569, 51.986569], [5.340204, 51.986639], [5.33941, 51.986596], [5.338725, 51.986656], [5.338329, 51.986662], [5.337907, 51.986592], [5.337423, 51.986405], [5.337181, 51.986512], [5.337141, 51.986591], [5.337033, 51.986641], [5.336724, 51.986608], [5.336576, 51.986518], [5.336274, 51.986604], [5.336003, 51.986617], [5.334637, 51.987021], [5.333695, 51.987376], [5.332662, 51.987969], [5.330864, 51.989241], [5.328866, 51.990452], [5.328632, 51.990765], [5.328741, 51.991283], [5.328716, 51.991438], [5.328577, 51.991613], [5.327751, 51.992374], [5.326836, 51.992986], [5.326545, 51.993131], [5.324726, 51.993649], [5.324319, 51.994111], [5.323164, 51.995142], [5.32297, 51.995268], [5.322654, 51.995373], [5.322182, 51.995469], [5.319471, 51.995966], [5.319294, 51.99606], [5.318958, 51.99614], [5.318705, 51.996253], [5.318419, 51.99626], [5.318121, 51.996194], [5.316583, 51.996719], [5.315782, 51.996933], [5.315563, 51.997056], [5.315326, 51.99709], [5.313802, 51.998039], [5.312928, 51.998442], [5.312614, 51.998796], [5.312405, 51.998955], [5.312147, 51.999072], [5.312004, 51.999192], [5.310486, 51.999818], [5.30884, 52.000177], [5.308363, 52.000229], [5.308004, 52.000204], [5.305412, 51.999824], [5.304606, 51.999573], [5.303812, 51.999266], [5.302317, 51.998828], [5.301575, 51.998553], [5.300592, 51.998335], [5.300419, 51.998368], [5.300124, 51.998353], [5.299275, 51.99817], [5.299151, 51.998057], [5.298865, 51.998014], [5.298774, 51.997956], [5.298754, 51.997875], [5.298624, 51.997802], [5.29844, 51.997782], [5.29834, 51.997687], [5.298139, 51.99765], [5.297902, 51.997632], [5.297785, 51.997707], [5.297589, 51.997727], [5.297044, 51.99764], [5.296515, 51.997661], [5.296297, 51.997704], [5.296101, 51.997807], [5.295531, 51.997936], [5.294861, 51.998135], [5.294607, 51.99825], [5.294418, 51.998407], [5.293992, 51.99854], [5.293244, 51.999023], [5.293047, 51.999258], [5.293112, 51.999672], [5.292548, 52.00057], [5.291542, 52.002379], [5.290714, 52.004498], [5.290503, 52.004598], [5.290254, 52.004649], [5.288645, 52.005712], [5.288514, 52.005823], [5.288233, 52.00621], [5.287459, 52.006973], [5.286333, 52.007804], [5.285802, 52.008128], [5.285322, 52.008319], [5.28428, 52.008613], [5.283527, 52.008718], [5.282116, 52.008777], [5.281483, 52.008857], [5.28078, 52.009026], [5.279563, 52.009468], [5.278927, 52.009629], [5.273045, 52.010725], [5.27177, 52.010873], [5.271095, 52.011059], [5.270475, 52.011375], [5.270061, 52.01169], [5.26966, 52.012158], [5.269606, 52.012251], [5.269475, 52.012889], [5.269223, 52.013532], [5.267975, 52.015018], [5.267826, 52.015353], [5.267804, 52.015542], [5.267846, 52.016714], [5.267342, 52.017616], [5.267211, 52.017988], [5.2669, 52.018445], [5.266703, 52.019282], [5.266668, 52.019841], [5.266372, 52.020106], [5.265018, 52.021039], [5.264978, 52.021102], [5.26494, 52.021556], [5.264793, 52.021779], [5.264388, 52.022033], [5.26388, 52.022515], [5.262922, 52.023199], [5.261695, 52.023893], [5.259645, 52.02464], [5.259045, 52.024928], [5.258823, 52.024979], [5.257844, 52.025061], [5.257627, 52.025152], [5.255046, 52.027401], [5.254387, 52.027903], [5.252592, 52.029396], [5.252223, 52.029641], [5.25071, 52.030426], [5.250483, 52.03058], [5.25035, 52.030828], [5.250282, 52.031198], [5.250151, 52.031525], [5.250474, 52.031635], [5.250549, 52.031579], [5.250758, 52.031565], [5.251382, 52.031764], [5.251505, 52.031882], [5.251578, 52.03203], [5.251566, 52.032214], [5.251508, 52.032313], [5.251203, 52.032506], [5.250901, 52.032562], [5.250268, 52.032551], [5.248943, 52.032468], [5.248695, 52.032578], [5.248444, 52.032744], [5.247359, 52.033628], [5.246463, 52.034678], [5.245664, 52.035363], [5.245092, 52.03604], [5.24473, 52.036631], [5.24414, 52.037803], [5.243761, 52.038161], [5.243528, 52.038439], [5.243371, 52.038808], [5.243231, 52.038997], [5.243214, 52.039127], [5.243046, 52.039256], [5.242795, 52.039544], [5.242539, 52.040009], [5.242281, 52.040205], [5.241289, 52.040685], [5.241078, 52.040823], [5.240876, 52.041067], [5.240576, 52.041646], [5.240109, 52.04196], [5.239824, 52.04229], [5.239529, 52.042542], [5.239312, 52.042854], [5.238895, 52.043115], [5.238386, 52.043536], [5.237663, 52.044014], [5.237202, 52.044691], [5.237147, 52.044786], [5.237152, 52.04496], [5.237253, 52.045408], [5.23739, 52.045757], [5.238307, 52.046983], [5.239022, 52.047694], [5.239481, 52.048039], [5.240939, 52.048761], [5.241312, 52.048813], [5.241484, 52.048807], [5.241658, 52.048848], [5.241913, 52.048994], [5.242304, 52.049297], [5.243309, 52.049648], [5.244264, 52.050516], [5.244354, 52.050678], [5.244399, 52.051021], [5.244593, 52.051034], [5.244781, 52.05113], [5.244773, 52.051264], [5.244572, 52.051472], [5.244474, 52.051638], [5.244335, 52.052117], [5.244363, 52.052469], [5.244628, 52.053119], [5.244639, 52.053237], [5.244603, 52.054415], [5.244495, 52.054608], [5.244359, 52.054743], [5.243658, 52.055231], [5.24314, 52.055648], [5.241882, 52.056758], [5.24084, 52.057299], [5.240302, 52.057644], [5.239541, 52.057734], [5.236756, 52.0582], [5.235099, 52.058256], [5.234663, 52.058224], [5.233954, 52.05807], [5.233542, 52.058055], [5.232109, 52.058175], [5.23173, 52.058169], [5.229808, 52.057851], [5.228545, 52.057708], [5.227527, 52.057408], [5.226546, 52.057297], [5.22593, 52.057087], [5.225881, 52.057165], [5.225719, 52.057223], [5.225149, 52.057203], [5.224941, 52.057212], [5.224711, 52.057269], [5.224361, 52.057251], [5.224074, 52.057299], [5.223708, 52.057311], [5.223079, 52.057425], [5.222886, 52.057403], [5.222708, 52.057291], [5.221812, 52.057792], [5.220482, 52.058369], [5.219512, 52.058832], [5.217548, 52.059956], [5.217453, 52.060065], [5.216899, 52.060481], [5.216858, 52.060609], [5.216556, 52.060696], [5.215836, 52.061094], [5.215638, 52.061241], [5.215422, 52.061465], [5.214929, 52.062133], [5.214434, 52.062639], [5.214246, 52.062887], [5.213848, 52.063798], [5.213912, 52.064062], [5.213789, 52.064489], [5.213696, 52.064643], [5.213123, 52.065276], [5.212607, 52.065681], [5.211921, 52.066325], [5.211677, 52.066494], [5.211033, 52.066816], [5.210467, 52.067056], [5.209577, 52.067414], [5.209235, 52.067501], [5.208437, 52.067799], [5.208333, 52.067876], [5.20834, 52.067949], [5.208194, 52.068083], [5.206314, 52.068632], [5.205438, 52.06899], [5.204548, 52.069424], [5.204431, 52.069458], [5.204179, 52.069469], [5.204024, 52.069382], [5.203903, 52.069421], [5.198139, 52.072945], [5.19796, 52.073163], [5.196758, 52.076796], [5.19652, 52.076945], [5.195133, 52.077289], [5.195147, 52.077405], [5.193533, 52.083042], [5.193545, 52.083125], [5.192732, 52.086057], [5.190296, 52.086151], [5.189957, 52.086202], [5.189708, 52.086337], [5.187141, 52.091098], [5.186739, 52.091699], [5.186766, 52.09178], [5.186129, 52.093122], [5.186051, 52.093203], [5.185716, 52.093867], [5.185293, 52.094796], [5.184875, 52.095116], [5.183837, 52.095633], [5.182722, 52.095987], [5.181991, 52.09628], [5.18163, 52.096318], [5.184855, 52.10095], [5.185381, 52.101966], [5.185408, 52.102143], [5.185375, 52.102173], [5.183582, 52.102577], [5.183434, 52.102633], [5.180356, 52.103073], [5.179153, 52.103134], [5.17799, 52.103087], [5.176892, 52.102952], [5.173264, 52.102232], [5.172092, 52.101988], [5.170579, 52.101569], [5.170279, 52.10144], [5.170068, 52.101278], [5.169837, 52.10107], [5.169302, 52.100415], [5.169397, 52.100407], [5.167886, 52.097884], [5.166385, 52.098281], [5.166426, 52.099004], [5.165931, 52.099155], [5.165563, 52.099336], [5.165462, 52.09943], [5.165332, 52.099758], [5.165636, 52.100074], [5.165699, 52.100712], [5.167335, 52.101089], [5.167866, 52.101938], [5.16837, 52.102625], [5.168431, 52.102609], [5.171019, 52.106597], [5.171216, 52.106981], [5.170359, 52.107132], [5.169771, 52.10728], [5.168868, 52.107682], [5.168615, 52.107726], [5.168371, 52.107909], [5.168783, 52.108111], [5.168981, 52.108491], [5.171065, 52.111631], [5.171111, 52.111856], [5.174084, 52.116433], [5.17202, 52.117207], [5.170016, 52.117891], [5.166403, 52.118973], [5.16601, 52.11912], [5.165289, 52.119314], [5.164876, 52.11956], [5.164584, 52.119672], [5.163985, 52.119738], [5.163645, 52.119815], [5.161363, 52.120552], [5.158642, 52.121378], [5.157158, 52.121871], [5.156036, 52.122202], [5.150883, 52.123584], [5.148537, 52.12419], [5.146962, 52.124562], [5.147732, 52.12599], [5.149083, 52.12829], [5.152322, 52.133177], [5.151082, 52.133443], [5.151752, 52.134699], [5.150782, 52.134872], [5.15009, 52.133656], [5.147963, 52.134112], [5.148252, 52.134475], [5.149194, 52.136319], [5.151172, 52.139895], [5.151342, 52.140129], [5.151361, 52.140331], [5.152, 52.141405], [5.153887, 52.144904], [5.15544, 52.147603], [5.151868, 52.148669], [5.147598, 52.149712], [5.145024, 52.146313], [5.141088, 52.146628], [5.13518, 52.14732], [5.125749, 52.148309], [5.12527, 52.147887], [5.125283, 52.147837], [5.124725, 52.147346], [5.123212, 52.148028], [5.122224, 52.148347], [5.119975, 52.149289], [5.121381, 52.150525], [5.117351, 52.152256], [5.114517, 52.153341], [5.117748, 52.156122], [5.11809, 52.156332], [5.120253, 52.157889], [5.123751, 52.1606], [5.129177, 52.16465], [5.131612, 52.166651], [5.140115, 52.173452], [5.147648, 52.179623], [5.148039, 52.179895], [5.146803, 52.179966], [5.146599, 52.179953], [5.146487, 52.179923], [5.14648, 52.179896], [5.146132, 52.179862], [5.143989, 52.179905], [5.143035, 52.179754], [5.143023, 52.179849], [5.143067, 52.179897], [5.143039, 52.179952], [5.143208, 52.179936], [5.143358, 52.18027], [5.173461, 52.178601], [5.177096, 52.178338], [5.189316, 52.177681], [5.191301, 52.177753], [5.192586, 52.177833], [5.217214, 52.206233], [5.216487, 52.206367], [5.221337, 52.217717], [5.223465, 52.222501], [5.22473, 52.225197], [5.222901, 52.225261], [5.245093, 52.254431], [5.24398, 52.254535], [5.246583, 52.257804]]], [[[5.095757, 52.123526], [5.095476, 52.123283], [5.095371, 52.123308], [5.095152, 52.123129], [5.095094, 52.123157], [5.094892, 52.122996], [5.094951, 52.122967], [5.094415, 52.122533], [5.094209, 52.122423], [5.093683, 52.121864], [5.093225, 52.12161], [5.093026, 52.121395], [5.093118, 52.121359], [5.09283, 52.121108], [5.092216, 52.120422], [5.091911, 52.120541], [5.091894, 52.120482], [5.091693, 52.120334], [5.091739, 52.120254], [5.091605, 52.120088], [5.091273, 52.119793], [5.091159, 52.119799], [5.090877, 52.119902], [5.090813, 52.119868], [5.090514, 52.120011], [5.090581, 52.120188], [5.090236, 52.120352], [5.090429, 52.12052], [5.090361, 52.120572], [5.090513, 52.120721], [5.090402, 52.120769], [5.090433, 52.120783], [5.089021, 52.121388], [5.088952, 52.121393], [5.088653, 52.121214], [5.08789, 52.121561], [5.086791, 52.120868], [5.085489, 52.121574], [5.083298, 52.122829], [5.07882, 52.125432], [5.076007, 52.126961], [5.08574, 52.13456], [5.098055, 52.12941], [5.098547, 52.129275], [5.099498, 52.129245], [5.099801, 52.129116], [5.100012, 52.128993], [5.100169, 52.128837], [5.100431, 52.128729], [5.101293, 52.128612], [5.097655, 52.125251], [5.095842, 52.123659], [5.09586, 52.123618], [5.095757, 52.123526]]], [[[5.046217, 52.166024], [5.046198, 52.166033], [5.046076, 52.166269], [5.046217, 52.166024]]], [[[5.120573, 52.180838], [5.118601, 52.180464], [5.116523, 52.180105], [5.120573, 52.180838]]], [[[5.125498, 52.180778], [5.12819, 52.180641], [5.123562, 52.180854], [5.125498, 52.180778]]], [[[5.121176, 52.180947], [5.121197, 52.180947], [5.121161, 52.180945], [5.121176, 52.180947]]], [[[5.046549, 52.248712], [5.046634, 52.248541], [5.046418, 52.248865], [5.046549, 52.248712]]], [[[5.046397, 52.24889], [5.046228, 52.249035], [5.046386, 52.248903], [5.046397, 52.24889]]], [[[5.045662, 52.249519], [5.04556, 52.249606], [5.045472, 52.249703], [5.045662, 52.249519]]], [[[5.045204, 52.25], [5.045162, 52.250046], [5.045113, 52.250126], [5.045204, 52.25]]], [[[5.044989, 52.250325], [5.044914, 52.250445], [5.044835, 52.250607], [5.044989, 52.250325]]], [[[5.043963, 52.252542], [5.043945, 52.252594], [5.043942, 52.252671], [5.043963, 52.252542]]], [[[5.043922, 52.253347], [5.043922, 52.253121], [5.043911, 52.253376], [5.043922, 52.253347]]], [[[5.047216, 52.277013], [5.047147, 52.27703], [5.047233, 52.277011], [5.047216, 52.277013]]], [[[5.046451, 52.277205], [5.046218, 52.277273], [5.04653, 52.277185], [5.046451, 52.277205]]], [[[5.043836, 52.277888], [5.044389, 52.277792], [5.044606, 52.27773], [5.043836, 52.277888]]], [[[5.065582, 52.280506], [5.065375, 52.280524], [5.065595, 52.280508], [5.065582, 52.280506]]], [[[5.06588, 52.280543], [5.065748, 52.280527], [5.06588, 52.280546], [5.06588, 52.280543]]], [[[5.065146, 52.280545], [5.064827, 52.2806], [5.065166, 52.280543], [5.065146, 52.280545]]], [[[5.06114, 52.285212], [5.061159, 52.285213], [5.061856, 52.28513], [5.06114, 52.285212]]], [[[5.060538, 52.28517], [5.06056, 52.285176], [5.060857, 52.285194], [5.060538, 52.28517]]], [[[5.063284, 52.287195], [5.064195, 52.286293], [5.063239, 52.28722], [5.063284, 52.287195]]]]}}, {"type": "Feature", "id": "zr-conditional_mark-17e5c752e6", "properties": {"id": "zr-conditional_mark-17e5c752e6", "ruleIds": ["FR-LS-03"], "operation": "conditional_mark", "geometryValid": true, "areaKm2": 0.747797425, "areaM2": 747797.425128, "layers": ["unesco_werelderfgoed_neder_germaanse_limes_bufferzone", "provincial_gio_unverified"], "operands": ["unesco_werelderfgoed_neder_germaanse_limes_bufferzone", "provincial_gio_unverified"], "status": "ok", "prov": "op=marker; rule=FR-LS-03; semantics=conditional; note=non-core semantics reported as marker zone, does not alter the opportunity zone; engine=poc-zone-engine/0.1 | op=validity_check; ctx=union layer=unesco_werelderfgoed_neder_germaanse_limes_bufferzone; make_valid_repairs=0; engine=poc-zone-engine/0.1 shapely/2.1.2 | op=union; layer=unesco_werelderfgoed_neder_germaanse_limes_bufferzone(https://agrest.geodata-utrecht.nl/rest/services/Omgevingsverordening/FeatureServer/0; lastChecked=2026-10-05T07:01:26Z; simplifiedM=2.0); features=8; make_valid_repairs=0; area_m2=747797.425128; engine=poc-zone-engine/0.1", "provenance": "op=marker; rule=FR-LS-03; semantics=conditional; note=non-core semantics reported as marker zone, does not alter the opportunity zone; engine=poc-zone-engine/0.1 | op=validity_check; ctx=union layer=unesco_werelderfgoed_neder_germaanse_limes_bufferzone; make_valid_repairs=0; engine=poc-zone-engine/0.1 shapely/2.1.2 | op=union; layer=unesco_werelderfgoed_neder_germaanse_limes_bufferzone(https://agrest.geodata-utrecht.nl/rest/services/Omgevingsverordening/FeatureServer/0; lastChecked=2026-10-05T07:01:26Z; simplifiedM=2.0); features=8; make_valid_repairs=0; area_m2=747797.425128; engine=poc-zone-engine/0.1", "provSteps": ["op=marker; rule=FR-LS-03; semantics=conditional; note=non-core semantics reported as marker zone, does not alter the opportunity zone; engine=poc-zone-engine/0.1", "op=validity_check; ctx=union layer=unesco_werelderfgoed_neder_germaanse_limes_bufferzone; make_valid_repairs=0; engine=poc-zone-engine/0.1 shapely/2.1.2", "op=union; layer=unesco_werelderfgoed_neder_germaanse_limes_bufferzone(https://agrest.geodata-utrecht.nl/rest/services/Omgevingsverordening/FeatureServer/0; lastChecked=2026-10-05T07:01:26Z; simplifiedM=2.0); features=8; make_valid_repairs=0; area_m2=747797.425128; engine=poc-zone-engine/0.1"], "computedBy": "poc-zone-engine/0.1", "computedAt": ""}, "geometry": {"type": "MultiPolygon", "coordinates": [[[[5.173793, 52.063603], [5.173903, 52.063609], [5.173935, 52.063648], [5.173931, 52.063777], [5.173834, 52.063869], [5.173773, 52.06387], [5.173376, 52.063775], [5.172821, 52.063405], [5.173242, 52.063218], [5.172911, 52.063001], [5.173261, 52.062842], [5.173337, 52.062674], [5.174434, 52.062652], [5.174542, 52.061804], [5.175072, 52.061698], [5.175051, 52.061457], [5.17911, 52.059245], [5.179195, 52.057111], [5.175732, 52.05705], [5.175325, 52.059972], [5.17495, 52.060209], [5.173745, 52.060865], [5.173696, 52.060725], [5.173623, 52.060719], [5.173728, 52.060359], [5.173574, 52.060348], [5.17356, 52.060418], [5.172677, 52.060347], [5.173022, 52.060804], [5.173177, 52.06093], [5.173313, 52.060982], [5.17313, 52.061084], [5.173059, 52.061265], [5.172798, 52.061527], [5.172848, 52.061542], [5.17264, 52.061901], [5.172251, 52.061831], [5.172179, 52.06177], [5.171793, 52.061621], [5.171424, 52.061532], [5.171121, 52.061524], [5.169782, 52.061637], [5.169021, 52.061586], [5.167467, 52.06142], [5.1663, 52.061056], [5.16562, 52.060811], [5.164331, 52.060245], [5.16424, 52.060348], [5.164186, 52.060613], [5.160246, 52.059443], [5.159339, 52.059127], [5.159329, 52.059703], [5.164125, 52.061125], [5.167635, 52.06286], [5.168942, 52.064089], [5.170219, 52.063994], [5.170759, 52.063989], [5.171803, 52.063914], [5.17431, 52.063897], [5.174336, 52.063168], [5.174079, 52.063429], [5.173969, 52.063429], [5.173793, 52.063603]]], [[[5.016238, 52.082102], [5.016186, 52.082105], [5.016079, 52.082147], [5.016103, 52.0823], [5.016013, 52.082306], [5.016062, 52.082563], [5.01587, 52.082594], [5.015854, 52.082494], [5.0157, 52.082505], [5.015714, 52.082585], [5.015252, 52.082614], [5.015231, 52.082493], [5.013925, 52.083018], [5.010486, 52.084149], [5.008539, 52.084978], [5.008233, 52.085141], [5.007961, 52.085373], [5.008796, 52.085319], [5.008834, 52.085537], [5.008992, 52.085439], [5.010767, 52.084666], [5.014378, 52.083477], [5.018092, 52.08199], [5.019964, 52.081275], [5.019289, 52.081329], [5.019279, 52.081266], [5.018824, 52.081433], [5.018806, 52.081327], [5.019261, 52.081161], [5.019247, 52.081078], [5.019727, 52.080739], [5.017226, 52.081697], [5.017237, 52.081785], [5.0172, 52.08178], [5.017242, 52.081804], [5.017402, 52.082222], [5.016711, 52.082442], [5.016321, 52.08248], [5.016238, 52.082102]]], [[[5.044661, 52.082557], [5.044593, 52.082328], [5.044606, 52.081928], [5.04366, 52.081877], [5.043251, 52.081924], [5.03924, 52.082637], [5.039659, 52.083485], [5.039518, 52.083666], [5.039757, 52.084243], [5.039697, 52.084254], [5.039773, 52.084617], [5.039693, 52.084623], [5.039274, 52.085292], [5.039155, 52.085585], [5.038974, 52.086297], [5.039734, 52.089828], [5.043484, 52.089854], [5.043636, 52.089839], [5.043755, 52.089779], [5.045717, 52.089754], [5.04569, 52.088826], [5.045425, 52.086953], [5.045507, 52.086956], [5.0453, 52.085978], [5.045269, 52.085207], [5.044821, 52.082551], [5.044661, 52.082557]], [[5.043996, 52.085139], [5.044477, 52.085594], [5.044777, 52.085996], [5.044994, 52.086399], [5.045253, 52.086989], [5.045307, 52.08722], [5.045307, 52.087565], [5.045137, 52.087847], [5.044971, 52.087979], [5.045108, 52.08899], [5.044304, 52.089128], [5.043815, 52.08914], [5.043347, 52.089054], [5.042581, 52.08882], [5.042148, 52.088627], [5.041953, 52.088481], [5.041122, 52.087734], [5.040841, 52.08737], [5.040568, 52.087374], [5.040509, 52.087099], [5.040404, 52.087034], [5.040335, 52.086701], [5.040173, 52.086613], [5.040069, 52.086132], [5.041526, 52.085902], [5.041244, 52.085513], [5.041898, 52.085411], [5.041814, 52.085296], [5.041644, 52.085322], [5.041068, 52.084027], [5.041454, 52.084028], [5.042008, 52.0841], [5.042578, 52.084296], [5.04317, 52.084588], [5.043751, 52.084955], [5.043996, 52.085139]]], [[[4.886046, 52.084719], [4.886118, 52.084528], [4.883166, 52.084142], [4.882955, 52.084136], [4.881385, 52.085413], [4.881607, 52.085505], [4.88141, 52.085689], [4.8816, 52.085903], [4.881438, 52.085957], [4.882395, 52.086968], [4.882729, 52.08686], [4.882995, 52.086866], [4.883309, 52.08725], [4.883898, 52.087058], [4.88469, 52.086584], [4.88505, 52.086277], [4.885074, 52.086204], [4.885561, 52.085734], [4.885876, 52.085566], [4.885721, 52.085292], [4.886229, 52.085195], [4.886046, 52.084719]], [[4.88268, 52.085862], [4.883541, 52.084966], [4.885041, 52.085538], [4.885058, 52.085586], [4.885064, 52.085705], [4.884972, 52.085868], [4.88431, 52.086498], [4.88268, 52.085862]]], [[[5.004983, 52.090576], [5.005247, 52.090513], [5.005756, 52.090327], [5.006741, 52.089745], [5.007022, 52.089531], [5.007481, 52.089045], [5.007805, 52.088545], [5.008026, 52.088014], [5.008289, 52.086955], [5.008453, 52.086001], [5.008575, 52.085805], [5.007622, 52.085864], [5.007413, 52.086944], [5.007147, 52.087998], [5.00684, 52.088607], [5.00664, 52.088886], [5.00633, 52.089208], [5.0057, 52.089634], [5.005161, 52.089924], [5.004735, 52.090057], [5.004423, 52.090101], [5.003115, 52.090068], [5.002293, 52.090083], [5.000307, 52.090201], [4.998899, 52.090314], [4.998546, 52.090366], [4.994818, 52.091083], [4.995105, 52.091588], [4.998715, 52.090887], [5.001101, 52.090679], [5.002296, 52.090624], [5.003058, 52.090603], [5.004068, 52.090646], [5.004487, 52.090636], [5.004983, 52.090576]], [[4.994945, 52.091281], [4.997351, 52.090797], [4.997421, 52.090953], [4.996688, 52.091089], [4.996722, 52.091151], [4.995069, 52.091497], [4.994945, 52.091281]]], [[[5.124983, 52.091731], [5.125043, 52.091714], [5.125041, 52.091675], [5.125189, 52.091737], [5.125254, 52.091677], [5.125674, 52.091816], [5.12598, 52.091519], [5.126175, 52.091234], [5.126119, 52.091092], [5.125797, 52.09084], [5.125454, 52.090634], [5.124478, 52.090324], [5.124106, 52.090256], [5.124063, 52.090215], [5.124088, 52.090165], [5.12404, 52.090028], [5.123933, 52.089982], [5.123151, 52.089891], [5.121231, 52.089586], [5.121193, 52.089659], [5.120667, 52.089523], [5.119358, 52.089285], [5.11907, 52.08974], [5.117988, 52.089472], [5.117152, 52.090678], [5.118185, 52.090761], [5.118182, 52.090844], [5.11826, 52.090844], [5.118276, 52.091162], [5.118963, 52.091185], [5.119624, 52.091313], [5.119883, 52.091438], [5.119873, 52.091504], [5.120338, 52.091734], [5.120554, 52.091788], [5.122125, 52.092044], [5.122917, 52.091969], [5.123178, 52.091874], [5.12351, 52.091945], [5.123913, 52.091922], [5.123909, 52.091894], [5.124468, 52.091836], [5.124697, 52.091768], [5.124983, 52.091731]], [[5.120731, 52.090018], [5.120783, 52.090033], [5.120868, 52.089968], [5.121111, 52.089664], [5.122968, 52.089993], [5.123415, 52.090121], [5.123644, 52.090253], [5.123836, 52.090472], [5.123847, 52.090618], [5.123329, 52.091588], [5.123098, 52.091698], [5.122558, 52.091729], [5.120168, 52.091219], [5.120268, 52.091084], [5.120318, 52.090758], [5.120501, 52.090337], [5.120731, 52.090018]]], [[[5.051457, 52.094068], [5.051456, 52.094042], [5.04953, 52.094036], [5.049533, 52.094467], [5.050357, 52.094079], [5.051434, 52.094075], [5.052918, 52.094635], [5.052426, 52.095113], [5.052707, 52.094881], [5.052929, 52.094624], [5.051457, 52.094068]]], [[[5.049504, 52.094736], [5.048814, 52.094734], [5.048812, 52.095062], [5.048989, 52.095447], [5.049297, 52.095673], [5.051692, 52.095505], [5.051859, 52.095344], [5.052174, 52.095321], [5.052337, 52.095186], [5.051704, 52.095194], [5.051565, 52.095128], [5.051478, 52.095197], [5.0492, 52.095226], [5.049195, 52.09476], [5.04923, 52.094738], [5.049504, 52.094736]]]]}}, {"type": "Feature", "id": "zr-conditional_mark-a6a4e6b654", "properties": {"id": "zr-conditional_mark-a6a4e6b654", "ruleIds": ["FR-LS-04"], "operation": "conditional_mark", "geometryValid": true, "areaKm2": 847.424382915, "areaM2": 847424382.915299, "layers": ["gebied_cultuurhistorische_hoofdstructuur", "provincial_gio_unverified"], "operands": ["gebied_cultuurhistorische_hoofdstructuur", "provincial_gio_unverified"], "status": "ok", "prov": "op=marker; rule=FR-LS-04; semantics=conditional; note=non-core semantics reported as marker zone, does not alter the opportunity zone; engine=poc-zone-engine/0.1 | op=validity_check; ctx=union layer=gebied_cultuurhistorische_hoofdstructuur; make_valid_repairs=0; engine=poc-zone-engine/0.1 shapely/2.1.2 | op=union; layer=gebied_cultuurhistorische_hoofdstructuur(https://agrest.geodata-utrecht.nl/rest/services/Omgevingsverordening/FeatureServer/0; lastChecked=2026-10-05T07:01:26Z; simplifiedM=2.0); features=28; make_valid_repairs=0; area_m2=847424382.915297; engine=poc-zone-engine/0.1 | op=payload_validity_repair; rounding_dp=6; make_valid_repairs=3; engine=poc-zone-engine/0.1", "provenance": "op=marker; rule=FR-LS-04; semantics=conditional; note=non-core semantics reported as marker zone, does not alter the opportunity zone; engine=poc-zone-engine/0.1 | op=validity_check; ctx=union layer=gebied_cultuurhistorische_hoofdstructuur; make_valid_repairs=0; engine=poc-zone-engine/0.1 shapely/2.1.2 | op=union; layer=gebied_cultuurhistorische_hoofdstructuur(https://agrest.geodata-utrecht.nl/rest/services/Omgevingsverordening/FeatureServer/0; lastChecked=2026-10-05T07:01:26Z; simplifiedM=2.0); features=28; make_valid_repairs=0; area_m2=847424382.915297; engine=poc-zone-engine/0.1 | op=payload_validity_repair; rounding_dp=6; make_valid_repairs=3; engine=poc-zone-engine/0.1", "provSteps": ["op=marker; rule=FR-LS-04; semantics=conditional; note=non-core semantics reported as marker zone, does not alter the opportunity zone; engine=poc-zone-engine/0.1", "op=validity_check; ctx=union layer=gebied_cultuurhistorische_hoofdstructuur; make_valid_repairs=0; engine=poc-zone-engine/0.1 shapely/2.1.2", "op=union; layer=gebied_cultuurhistorische_hoofdstructuur(https://agrest.geodata-utrecht.nl/rest/services/Omgevingsverordening/FeatureServer/0; lastChecked=2026-10-05T07:01:26Z; simplifiedM=2.0); features=28; make_valid_repairs=0; area_m2=847424382.915297; engine=poc-zone-engine/0.1", "op=payload_validity_repair; rounding_dp=6; make_valid_repairs=3; engine=poc-zone-engine/0.1"], "computedBy": "poc-zone-engine/0.1", "computedAt": ""}, "geometry": {"type": "MultiPolygon", "coordinates": [[[[5.109699, 51.960702], [5.110559, 51.9603], [5.111653, 51.959844], [5.112385, 51.959487], [5.112358, 51.959477], [5.113104, 51.959187], [5.116508, 51.957963], [5.119597, 51.956949], [5.121472, 51.956254], [5.126684, 51.954497], [5.129165, 51.953628], [5.130354, 51.9532], [5.130565, 51.952979], [5.133034, 51.952136], [5.133989, 51.95177], [5.144121, 51.948605], [5.146488, 51.951072], [5.148012, 51.952724], [5.148862, 51.954395], [5.149271, 51.954836], [5.149702, 51.955555], [5.149982, 51.956256], [5.150237, 51.956664], [5.150311, 51.95723], [5.150378, 51.957407], [5.15047, 51.957469], [5.150636, 51.957469], [5.15074, 51.957431], [5.1512, 51.957173], [5.151415, 51.95709], [5.151661, 51.957024], [5.151976, 51.956987], [5.157368, 51.956547], [5.165547, 51.955812], [5.166843, 51.955801], [5.167609, 51.955603], [5.168961, 51.955072], [5.168982, 51.955022], [5.168927, 51.954906], [5.164932, 51.94926], [5.163343, 51.94712], [5.16311, 51.94689], [5.1624, 51.946331], [5.161629, 51.945563], [5.158306, 51.942157], [5.157497, 51.941209], [5.156728, 51.940383], [5.154988, 51.93866], [5.154547, 51.93801], [5.153329, 51.936805], [5.153011, 51.936335], [5.152742, 51.935803], [5.151293, 51.93378], [5.15105, 51.933595], [5.150726, 51.93351], [5.150449, 51.933531], [5.149737, 51.933734], [5.14954, 51.933736], [5.149281, 51.93368], [5.148889, 51.933487], [5.148163, 51.932959], [5.147888, 51.932648], [5.147659, 51.932302], [5.147641, 51.932091], [5.147685, 51.931886], [5.147986, 51.931351], [5.148307, 51.930911], [5.148658, 51.930569], [5.148707, 51.930436], [5.148627, 51.930228], [5.148189, 51.929538], [5.147953, 51.929333], [5.146923, 51.928625], [5.143095, 51.925746], [5.141545, 51.924496], [5.141032, 51.923989], [5.140467, 51.923341], [5.139377, 51.922325], [5.137338, 51.920249], [5.135539, 51.9185], [5.135373, 51.918278], [5.135363, 51.918164], [5.135776, 51.917597], [5.135902, 51.916682], [5.136241, 51.914994], [5.136236, 51.914826], [5.136118, 51.914621], [5.135997, 51.914531], [5.135875, 51.91449], [5.135681, 51.914466], [5.135447, 51.914481], [5.132473, 51.915086], [5.132136, 51.915008], [5.13179, 51.914729], [5.127562, 51.909382], [5.12659, 51.908066], [5.125892, 51.907248], [5.124114, 51.905006], [5.122204, 51.902555], [5.121322, 51.901355], [5.119148, 51.898661], [5.119031, 51.898572], [5.118864, 51.898512], [5.117967, 51.898513], [5.117981, 51.899124], [5.118207, 51.899366], [5.118191, 51.899452], [5.118124, 51.899505], [5.111433, 51.902278], [5.101197, 51.902774], [5.100908, 51.902783], [5.100661, 51.902748], [5.100217, 51.902778], [5.099928, 51.902766], [5.099553, 51.902578], [5.09944, 51.902445], [5.09847, 51.902772], [5.093493, 51.9021], [5.081578, 51.90056], [5.081289, 51.900504], [5.080927, 51.900328], [5.080488, 51.900236], [5.080155, 51.900085], [5.080039, 51.900076], [5.079686, 51.900228], [5.079063, 51.900404], [5.078917, 51.900488], [5.07864, 51.900935], [5.078473, 51.901129], [5.07791, 51.901628], [5.077438, 51.902205], [5.076957, 51.902558], [5.076671, 51.902844], [5.076407, 51.902885], [5.0751, 51.902857], [5.074876, 51.902909], [5.074761, 51.90299], [5.074418, 51.903392], [5.074098, 51.90369], [5.073137, 51.904493], [5.072936, 51.904592], [5.069519, 51.905133], [5.068977, 51.905184], [5.067818, 51.905184], [5.067002, 51.905089], [5.063782, 51.905074], [5.060148, 51.905], [5.05889, 51.905014], [5.058586, 51.905067], [5.056791, 51.905604], [5.055223, 51.906019], [5.054465, 51.906289], [5.054068, 51.906375], [5.053891, 51.906466], [5.053824, 51.906466], [5.050917, 51.90748], [5.050429, 51.907683], [5.049923, 51.907963], [5.047063, 51.909831], [5.044564, 51.911401], [5.043152, 51.912157], [5.042192, 51.912413], [5.04123, 51.91278], [5.040952, 51.912858], [5.040698, 51.912865], [5.04036, 51.91283], [5.036946, 51.911953], [5.036365, 51.91187], [5.034968, 51.911862], [5.033839, 51.911966], [5.033416, 51.911972], [5.031988, 51.91178], [5.031552, 51.91183], [5.030473, 51.912121], [5.030052, 51.912126], [5.029636, 51.912083], [5.028181, 51.911792], [5.027347, 51.911424], [5.02691, 51.91127], [5.025726, 51.910995], [5.025473, 51.910881], [5.024354, 51.910099], [5.024155, 51.910047], [5.023654, 51.910078], [5.023319, 51.910131], [5.02246, 51.910365], [5.022168, 51.91041], [5.018996, 51.910478], [5.017967, 51.910611], [5.016911, 51.910646], [5.016323, 51.910713], [5.015599, 51.910921], [5.01522, 51.911136], [5.014123, 51.912264], [5.012975, 51.913308], [5.012775, 51.913801], [5.012835, 51.914364], [5.012782, 51.914599], [5.012409, 51.915444], [5.0116, 51.916738], [5.011462, 51.916849], [5.01042, 51.917351], [5.00928, 51.918099], [5.009044, 51.918319], [5.007963, 51.91961], [5.007877, 51.919791], [5.007863, 51.919968], [5.008003, 51.920684], [5.008049, 51.920729], [5.008339, 51.920753], [5.009152, 51.92072], [5.011696, 51.920528], [5.012632, 51.920645], [5.014046, 51.92089], [5.014353, 51.92097], [5.015853, 51.921554], [5.018066, 51.922696], [5.019349, 51.923212], [5.021591, 51.924424], [5.022209, 51.924652], [5.022815, 51.924834], [5.025425, 51.925385], [5.029443, 51.927235], [5.032528, 51.92871], [5.032962, 51.929098], [5.03356, 51.929768], [5.034133, 51.930465], [5.034444, 51.930931], [5.03508, 51.932348], [5.035399, 51.932905], [5.035659, 51.933665], [5.036224, 51.934919], [5.036785, 51.935803], [5.037207, 51.936267], [5.037614, 51.936626], [5.037996, 51.936865], [5.038033, 51.936918], [5.038401, 51.937137], [5.039111, 51.937481], [5.040064, 51.937821], [5.041933, 51.938307], [5.043201, 51.938889], [5.043824, 51.939269], [5.044286, 51.93961], [5.045021, 51.940345], [5.045414, 51.940876], [5.045563, 51.941012], [5.045592, 51.941119], [5.047095, 51.943325], [5.047227, 51.943427], [5.047273, 51.943562], [5.048663, 51.945625], [5.048824, 51.94575], [5.048815, 51.945852], [5.051493, 51.949732], [5.053857, 51.953247], [5.05398, 51.95338], [5.054582, 51.9543], [5.054863, 51.954807], [5.055177, 51.955139], [5.057539, 51.958579], [5.058247, 51.959647], [5.058534, 51.960191], [5.059617, 51.961045], [5.060493, 51.961536], [5.064588, 51.96428], [5.068996, 51.966715], [5.070471, 51.967433], [5.072634, 51.968618], [5.072821, 51.968654], [5.075924, 51.96868], [5.076967, 51.968612], [5.085322, 51.966547], [5.087349, 51.965955], [5.089159, 51.965302], [5.089187, 51.965259], [5.090133, 51.964755], [5.090297, 51.964876], [5.090398, 51.964911], [5.090681, 51.964845], [5.091249, 51.964881], [5.093047, 51.964616], [5.094146, 51.964338], [5.099372, 51.963279], [5.10064, 51.962961], [5.103167, 51.962405], [5.105349, 51.961798], [5.109107, 51.960905], [5.109699, 51.960702]]], [[[4.980479, 51.951759], [4.979873, 51.951526], [4.97935, 51.951269], [4.979426, 51.951164], [4.979324, 51.951161], [4.978716, 51.950918], [4.978354, 51.951138], [4.978012, 51.95141], [4.976181, 51.953389], [4.976307, 51.953399], [4.976873, 51.953646], [4.976994, 51.953569], [4.977402, 51.95375], [4.977428, 51.953789], [4.977533, 51.953802], [4.977896, 51.953955], [4.977286, 51.954536], [4.976094, 51.955563], [4.975766, 51.955899], [4.975742, 51.956015], [4.974868, 51.956185], [4.974617, 51.956489], [4.974609, 51.956582], [4.974372, 51.956971], [4.972665, 51.957093], [4.970156, 51.957221], [4.97067, 51.958287], [4.970733, 51.958346], [4.97112, 51.958618], [4.972411, 51.959152], [4.97269, 51.959189], [4.976599, 51.95931], [4.976605, 51.959353], [4.976652, 51.959357], [4.977164, 51.95931], [4.97744, 51.959614], [4.977756, 51.959842], [4.979042, 51.96043], [4.979229, 51.960469], [4.980091, 51.960061], [4.980161, 51.959984], [4.980532, 51.959784], [4.984696, 51.958359], [4.985239, 51.958104], [4.985726, 51.958072], [4.98746, 51.958085], [4.98779, 51.958005], [4.989718, 51.956749], [4.989963, 51.956558], [4.991378, 51.954804], [4.991353, 51.954448], [4.99095, 51.952734], [4.98986, 51.951089], [4.989705, 51.950628], [4.989756, 51.950449], [4.990004, 51.950292], [4.990316, 51.950211], [4.990409, 51.950057], [4.99059, 51.949912], [4.999086, 51.944383], [4.999211, 51.944355], [4.999386, 51.944407], [4.999458, 51.944397], [4.999513, 51.944348], [4.99974, 51.944411], [5.001149, 51.944108], [5.000682, 51.943317], [5.000215, 51.94303], [4.999875, 51.943004], [4.999872, 51.942965], [4.999802, 51.942943], [4.999771, 51.942799], [4.999853, 51.939753], [4.999916, 51.939159], [5.000047, 51.936219], [5.000223, 51.935531], [5.000141, 51.935354], [5.000199, 51.935041], [5.000178, 51.934192], [5.000128, 51.933884], [5.000264, 51.932631], [5.000312, 51.930725], [5.000423, 51.928955], [5.000563, 51.927981], [5.000523, 51.927185], [5.000611, 51.925667], [5.00061, 51.924917], [5.000631, 51.924806], [5.000868, 51.924557], [5.000922, 51.924418], [5.000903, 51.924281], [5.000678, 51.923971], [5.000751, 51.923135], [5.000717, 51.921928], [5.000741, 51.921816], [5.000832, 51.921723], [5.001376, 51.92162], [5.001178, 51.921435], [5.000591, 51.92145], [4.99951, 51.921416], [4.997976, 51.921279], [4.997868, 51.921745], [4.997873, 51.922246], [4.997829, 51.922294], [4.997651, 51.923934], [4.9975, 51.92581], [4.996001, 51.925917], [4.995313, 51.925774], [4.995029, 51.925785], [4.994902, 51.925825], [4.99443, 51.926107], [4.993872, 51.926363], [4.993782, 51.926537], [4.993773, 51.926689], [4.993895, 51.926759], [4.993936, 51.92684], [4.994544, 51.926828], [4.994576, 51.9273], [4.994473, 51.927502], [4.99459, 51.927637], [4.994576, 51.927826], [4.994766, 51.927825], [4.994791, 51.92772], [4.994832, 51.927713], [4.995343, 51.927923], [4.995494, 51.927959], [4.995728, 51.927966], [4.997353, 51.927848], [4.997138, 51.930349], [4.996698, 51.931478], [4.996287, 51.93209], [4.996121, 51.932349], [4.995088, 51.932361], [4.995046, 51.932473], [4.995218, 51.934475], [4.995261, 51.934495], [4.996024, 51.934512], [4.996157, 51.934523], [4.996158, 51.934546], [4.996851, 51.93455], [4.996512, 51.937471], [4.996271, 51.940446], [4.996068, 51.940876], [4.995092, 51.942272], [4.994726, 51.94262], [4.992641, 51.944392], [4.987537, 51.948399], [4.985642, 51.949931], [4.985705, 51.949983], [4.985603, 51.949976], [4.982169, 51.952601], [4.981327, 51.952218], [4.980479, 51.951759]], [[4.99628, 51.932113], [4.996283, 51.9321], [4.996287, 51.93209], [4.99628, 51.932113]]], [[[5.07583, 51.986124], [5.074407, 51.985222], [5.070092, 51.982191], [5.069529, 51.981712], [5.068889, 51.981032], [5.068473, 51.979474], [5.068192, 51.978608], [5.067899, 51.978328], [5.066997, 51.9778], [5.066293, 51.977454], [5.065227, 51.977265], [5.064618, 51.976899], [5.063388, 51.976024], [5.062397, 51.975439], [5.046693, 51.966944], [5.045509, 51.966253], [5.044526, 51.965945], [5.044324, 51.965806], [5.04415, 51.965743], [5.040645, 51.963879], [5.039885, 51.96357], [5.039204, 51.963382], [5.038713, 51.963309], [5.036838, 51.96321], [5.036611, 51.963147], [5.036585, 51.963083], [5.036635, 51.962837], [5.037266, 51.960413], [5.037268, 51.959897], [5.036968, 51.959537], [5.036691, 51.959349], [5.034411, 51.958181], [5.034199, 51.958201], [5.032717, 51.957356], [5.031732, 51.956856], [5.03089, 51.956295], [5.029881, 51.955496], [5.028915, 51.95464], [5.028857, 51.954508], [5.02826, 51.953896], [5.027475, 51.953201], [5.026785, 51.952441], [5.026038, 51.951796], [5.025955, 51.951778], [5.025817, 51.951668], [5.025304, 51.951067], [5.024995, 51.950764], [5.024943, 51.950762], [5.024325, 51.950099], [5.023917, 51.949746], [5.023944, 51.949718], [5.023198, 51.94897], [5.022547, 51.94841], [5.022549, 51.948354], [5.022204, 51.948104], [5.021819, 51.94776], [5.021755, 51.947761], [5.021548, 51.947582], [5.021541, 51.947527], [5.021403, 51.947413], [5.021249, 51.947351], [5.020836, 51.946982], [5.020571, 51.94651], [5.020264, 51.946199], [5.020064, 51.945731], [5.019718, 51.945171], [5.019538, 51.944974], [5.019216, 51.944476], [5.019277, 51.944441], [5.018858, 51.942843], [5.018852, 51.94266], [5.018339, 51.941807], [5.018151, 51.941566], [5.018097, 51.941545], [5.017133, 51.940068], [5.016698, 51.938739], [5.016375, 51.938105], [5.016376, 51.937999], [5.01645, 51.937954], [5.016434, 51.936697], [5.016532, 51.936653], [5.016443, 51.936573], [5.01644, 51.935983], [5.016531, 51.935357], [5.016668, 51.933312], [5.016721, 51.933199], [5.016823, 51.932258], [5.016846, 51.931649], [5.015628, 51.929387], [5.015381, 51.929006], [5.014984, 51.928166], [5.012879, 51.926207], [5.010912, 51.924916], [5.008939, 51.923355], [5.008905, 51.923237], [5.008655, 51.923125], [5.007574, 51.922267], [5.006638, 51.921925], [5.006377, 51.921867], [5.00594, 51.921851], [5.004074, 51.922014], [5.003334, 51.921991], [5.00225, 51.921859], [5.001867, 51.921779], [5.001684, 51.921715], [5.001284, 51.921378], [5.001146, 51.921347], [5.000374, 51.92137], [4.999308, 51.921326], [4.998256, 51.921223], [4.998066, 51.921102], [4.99803, 51.921033], [4.998121, 51.920703], [4.998621, 51.91923], [4.998352, 51.917839], [4.99835, 51.917565], [4.998451, 51.917319], [4.99905, 51.916312], [4.999086, 51.916069], [4.999064, 51.915736], [4.998504, 51.914341], [4.998055, 51.913561], [4.997688, 51.912505], [4.997477, 51.9122], [4.996921, 51.911691], [4.99672, 51.911438], [4.996457, 51.910597], [4.995722, 51.908706], [4.995659, 51.908297], [4.995693, 51.90766], [4.995627, 51.90738], [4.995456, 51.90699], [4.994914, 51.906229], [4.994818, 51.906026], [4.99496, 51.905911], [4.994761, 51.905024], [4.994608, 51.904991], [4.994526, 51.904725], [4.994659, 51.904595], [4.994475, 51.903223], [4.994348, 51.902972], [4.994345, 51.902346], [4.994255, 51.902328], [4.994241, 51.902728], [4.994358, 51.903898], [4.994327, 51.90466], [4.994593, 51.9055], [4.994637, 51.905926], [4.994727, 51.905991], [4.994817, 51.906217], [4.995304, 51.906904], [4.995506, 51.907294], [4.995602, 51.907679], [4.995566, 51.908262], [4.99561, 51.908644], [4.996368, 51.910569], [4.996636, 51.911437], [4.99679, 51.911655], [4.997381, 51.912212], [4.997601, 51.912528], [4.997793, 51.912952], [4.997997, 51.913624], [4.998419, 51.91434], [4.998973, 51.915683], [4.999001, 51.916107], [4.998961, 51.916336], [4.998458, 51.917165], [4.998275, 51.917541], [4.998278, 51.917832], [4.998547, 51.91924], [4.998036, 51.920728], [4.997945, 51.921198], [4.998042, 51.921256], [4.99939, 51.921392], [5.000553, 51.921433], [5.001132, 51.9214], [5.001325, 51.921519], [5.001593, 51.921806], [5.001756, 51.921876], [5.001731, 51.921917], [5.001871, 51.921987], [5.002909, 51.922123], [5.003767, 51.922191], [5.005808, 51.922024], [5.00641, 51.922017], [5.007186, 51.922306], [5.007609, 51.922529], [5.008052, 51.92292], [5.008327, 51.923082], [5.010789, 51.925047], [5.011855, 51.925763], [5.012607, 51.926222], [5.014742, 51.928208], [5.01486, 51.928616], [5.015008, 51.928891], [5.015164, 51.92901], [5.015281, 51.929192], [5.016185, 51.930864], [5.016555, 51.931608], [5.016603, 51.931809], [5.01648, 51.933235], [5.016344, 51.933658], [5.016401, 51.934], [5.016275, 51.935406], [5.016131, 51.935642], [5.016111, 51.935909], [5.016046, 51.936093], [5.016186, 51.936401], [5.016209, 51.93777], [5.016175, 51.938041], [5.016649, 51.939423], [5.017033, 51.940313], [5.017372, 51.940738], [5.017757, 51.941345], [5.017922, 51.941701], [5.018122, 51.941878], [5.018555, 51.942597], [5.018715, 51.943162], [5.01876, 51.943724], [5.018946, 51.944137], [5.019058, 51.944521], [5.019291, 51.944972], [5.019335, 51.945217], [5.019499, 51.945494], [5.019783, 51.945835], [5.019937, 51.94609], [5.020156, 51.946311], [5.020675, 51.947046], [5.021513, 51.947799], [5.022501, 51.948575], [5.022564, 51.948733], [5.022992, 51.949048], [5.026521, 51.952527], [5.02663, 51.952726], [5.026977, 51.953136], [5.027055, 51.953515], [5.027498, 51.9541], [5.028446, 51.954749], [5.029075, 51.95532], [5.029349, 51.955675], [5.02993, 51.956185], [5.030169, 51.956462], [5.030751, 51.956861], [5.031383, 51.957188], [5.032065, 51.957481], [5.032646, 51.95754], [5.033594, 51.957999], [5.034131, 51.958276], [5.034935, 51.95881], [5.036933, 51.959928], [5.037121, 51.960232], [5.037122, 51.960364], [5.036461, 51.963153], [5.03665, 51.963245], [5.038946, 51.963397], [5.039947, 51.963714], [5.040712, 51.964036], [5.044465, 51.966078], [5.044836, 51.966254], [5.045003, 51.966238], [5.056032, 51.97222], [5.056367, 51.972367], [5.056782, 51.972625], [5.062191, 51.975548], [5.062967, 51.975996], [5.063835, 51.976574], [5.065086, 51.977575], [5.065458, 51.97744], [5.065812, 51.977481], [5.065966, 51.977458], [5.066192, 51.977705], [5.06765, 51.978385], [5.067941, 51.978647], [5.068099, 51.978901], [5.068155, 51.979332], [5.068248, 51.979402], [5.068723, 51.981004], [5.068678, 51.98152], [5.06901, 51.981878], [5.069289, 51.982256], [5.069671, 51.982517], [5.070219, 51.982819], [5.070318, 51.982936], [5.071562, 51.983824], [5.072548, 51.984656], [5.074822, 51.986246], [5.075122, 51.98642], [5.077199, 51.987234], [5.079575, 51.988283], [5.080563, 51.988624], [5.081097, 51.98879], [5.081247, 51.988793], [5.081395, 51.98875], [5.083287, 51.989261], [5.083915, 51.989401], [5.085098, 51.989326], [5.08689, 51.989342], [5.087493, 51.989255], [5.090626, 51.98929], [5.091193, 51.989269], [5.091351, 51.98928], [5.091464, 51.989331], [5.091726, 51.989897], [5.091855, 51.990069], [5.09183, 51.990119], [5.092162, 51.990552], [5.092805, 51.9916], [5.092914, 51.991604], [5.093046, 51.991775], [5.093085, 51.992119], [5.092022, 51.995065], [5.091812, 51.995777], [5.089713, 51.999617], [5.089487, 52.000058], [5.089591, 52.000081], [5.091038, 51.997399], [5.091848, 51.995798], [5.091923, 51.995719], [5.093113, 51.992613], [5.093019, 51.9925], [5.093145, 51.992136], [5.093108, 51.991728], [5.092838, 51.991369], [5.092191, 51.990327], [5.091876, 51.989909], [5.091629, 51.989317], [5.091126, 51.989031], [5.090093, 51.989136], [5.088745, 51.989123], [5.0885, 51.989159], [5.085089, 51.989122], [5.083352, 51.988969], [5.081125, 51.988377], [5.08101, 51.988329], [5.080954, 51.988191], [5.079915, 51.987904], [5.076794, 51.986593], [5.07583, 51.986124]]], [[[5.091233, 52.003875], [5.087702, 52.003586], [5.088409, 52.002105], [5.088354, 52.002096], [5.088338, 52.002126], [5.087595, 52.003625], [5.088782, 52.003745], [5.091199, 52.003929], [5.091233, 52.003875]]], [[[4.919172, 52.073814], [4.923603, 52.071533], [4.925325, 52.070813], [4.927859, 52.069932], [4.928915, 52.069423], [4.930288, 52.068688], [4.930682, 52.0686], [4.935026, 52.066388], [4.93717, 52.065245], [4.939575, 52.064083], [4.939678, 52.063861], [4.940419, 52.060101], [4.94054, 52.059864], [4.940883, 52.059594], [4.941, 52.059324], [4.942016, 52.054264], [4.944311, 52.054485], [4.945071, 52.054476], [4.945967, 52.054182], [4.947102, 52.053709], [4.94846, 52.053299], [4.949283, 52.053131], [4.949681, 52.053146], [4.949997, 52.053231], [4.950258, 52.053378], [4.950352, 52.05351], [4.950441, 52.054144], [4.95119, 52.05505], [4.95183, 52.056151], [4.952121, 52.056504], [4.952364, 52.056726], [4.952839, 52.057033], [4.955144, 52.057848], [4.955349, 52.058001], [4.95563, 52.058246], [4.955846, 52.058577], [4.956101, 52.059102], [4.956608, 52.059791], [4.95718, 52.060435], [4.95751, 52.060631], [4.957647, 52.060752], [4.958097, 52.061001], [4.958861, 52.061293], [4.959739, 52.061431], [4.960246, 52.061549], [4.961184, 52.06147], [4.961827, 52.061275], [4.962546, 52.06048], [4.962557, 52.060343], [4.962394, 52.059863], [4.962805, 52.059655], [4.962961, 52.059523], [4.963245, 52.059134], [4.963233, 52.058859], [4.963969, 52.058354], [4.96446, 52.058358], [4.9646, 52.058292], [4.964435, 52.057969], [4.964863, 52.057865], [4.965499, 52.057468], [4.965858, 52.057193], [4.965985, 52.056921], [4.965716, 52.056964], [4.964104, 52.056925], [4.963446, 52.056776], [4.962432, 52.056467], [4.961493, 52.056082], [4.961148, 52.055906], [4.95834, 52.054756], [4.956009, 52.05421], [4.954625, 52.05382], [4.953974, 52.05348], [4.953461, 52.053099], [4.952526, 52.052205], [4.952105, 52.051698], [4.951854, 52.051578], [4.951278, 52.051437], [4.950814, 52.051388], [4.950118, 52.05123], [4.947618, 52.050376], [4.94483, 52.049362], [4.943896, 52.049069], [4.943953, 52.048999], [4.937917, 52.045882], [4.938192, 52.04559], [4.938172, 52.045333], [4.938096, 52.045173], [4.937835, 52.044922], [4.937163, 52.044428], [4.936247, 52.043499], [4.93603, 52.043194], [4.935685, 52.043304], [4.934703, 52.04349], [4.934267, 52.043468], [4.933266, 52.043517], [4.932532, 52.043428], [4.93137, 52.043482], [4.931603, 52.042888], [4.931939, 52.042338], [4.933651, 52.040376], [4.933529, 52.040232], [4.933665, 52.039866], [4.933589, 52.03896], [4.933415, 52.038397], [4.933173, 52.038054], [4.933082, 52.037965], [4.932215, 52.03745], [4.931666, 52.036991], [4.931501, 52.03683], [4.931315, 52.036552], [4.930819, 52.036179], [4.929245, 52.034677], [4.928238, 52.033783], [4.928051, 52.033583], [4.927933, 52.033387], [4.927811, 52.032591], [4.927772, 52.032482], [4.92759, 52.032256], [4.927301, 52.032054], [4.926657, 52.031842], [4.926343, 52.031692], [4.924835, 52.030201], [4.923708, 52.028923], [4.923496, 52.028827], [4.92288, 52.028651], [4.92233, 52.02837], [4.921828, 52.02821], [4.920246, 52.027942], [4.919278, 52.027727], [4.917731, 52.027545], [4.914502, 52.026995], [4.91487, 52.026584], [4.915788, 52.025391], [4.914776, 52.025354], [4.915035, 52.025079], [4.915756, 52.025108], [4.916923, 52.02499], [4.917452, 52.024988], [4.920542, 52.025417], [4.922149, 52.025688], [4.924112, 52.02607], [4.926186, 52.026741], [4.927128, 52.027218], [4.927774, 52.02762], [4.928303, 52.028032], [4.930284, 52.029811], [4.932622, 52.032022], [4.933036, 52.032355], [4.933656, 52.032991], [4.93407, 52.033345], [4.934722, 52.033801], [4.934908, 52.033987], [4.93503, 52.034183], [4.935362, 52.034833], [4.935733, 52.035205], [4.936821, 52.036082], [4.936919, 52.036109], [4.937044, 52.036082], [4.937238, 52.036165], [4.937387, 52.036191], [4.937408, 52.036317], [4.937701, 52.036562], [4.937607, 52.036687], [4.938363, 52.037375], [4.938441, 52.037493], [4.938363, 52.037497], [4.938959, 52.038397], [4.939126, 52.038489], [4.939821, 52.039354], [4.940685, 52.040308], [4.940869, 52.040457], [4.941399, 52.040747], [4.94177, 52.041002], [4.942066, 52.041127], [4.942818, 52.041367], [4.942865, 52.041307], [4.945709, 52.042193], [4.945682, 52.04224], [4.945988, 52.042317], [4.94609, 52.042329], [4.946133, 52.042307], [4.946303, 52.042057], [4.946077, 52.041956], [4.945482, 52.041594], [4.945443, 52.041547], [4.945463, 52.04149], [4.949558, 52.036216], [4.949819, 52.035942], [4.950517, 52.035351], [4.953102, 52.031877], [4.95324, 52.031789], [4.954963, 52.032799], [4.958755, 52.034807], [4.958519, 52.034921], [4.956308, 52.03862], [4.95743, 52.038871], [4.957584, 52.038782], [4.957834, 52.038774], [4.958002, 52.03885], [4.958066, 52.038973], [4.958, 52.039096], [4.95783, 52.039171], [4.9571, 52.040769], [4.956344, 52.041799], [4.956072, 52.042489], [4.956215, 52.042652], [4.956367, 52.0427], [4.958063, 52.042985], [4.958049, 52.043056], [4.958196, 52.043199], [4.958219, 52.043292], [4.958046, 52.043856], [4.957783, 52.044488], [4.957714, 52.044552], [4.957465, 52.045289], [4.957115, 52.045777], [4.957125, 52.046179], [4.957067, 52.046561], [4.956693, 52.046973], [4.956731, 52.046988], [4.956649, 52.047066], [4.956364, 52.047685], [4.95573, 52.048541], [4.955767, 52.04867], [4.956012, 52.04881], [4.956541, 52.049048], [4.958376, 52.049673], [4.961278, 52.051253], [4.962115, 52.051564], [4.962884, 52.051729], [4.963611, 52.051783], [4.968536, 52.051441], [4.970395, 52.051597], [4.971959, 52.051604], [4.973798, 52.051495], [4.974279, 52.051491], [4.977671, 52.051685], [4.97913, 52.051813], [4.980845, 52.052036], [4.981811, 52.052293], [4.983561, 52.052546], [4.985889, 52.053009], [4.986638, 52.05318], [4.987233, 52.053354], [4.98948, 52.052586], [4.989886, 52.052399], [4.990518, 52.052041], [4.990885, 52.051674], [4.990999, 52.051712], [4.991104, 52.051832], [4.991433, 52.051868], [4.991618, 52.051855], [4.993172, 52.051226], [4.993909, 52.050963], [4.993932, 52.050987], [4.994328, 52.050806], [4.994953, 52.05059], [4.995818, 52.050382], [4.99742, 52.050277], [4.997972, 52.050309], [4.999413, 52.050631], [5.000481, 52.050742], [5.004258, 52.051423], [5.00548, 52.051719], [5.007189, 52.052027], [5.008323, 52.0521], [5.00883, 52.052032], [5.009282, 52.051894], [5.009551, 52.051716], [5.010588, 52.050563], [5.013054, 52.048232], [5.013313, 52.047809], [5.013644, 52.046643], [5.01395, 52.046244], [5.013888, 52.046233], [5.013921, 52.046183], [5.014161, 52.045963], [5.014385, 52.04568], [5.014637, 52.045144], [5.014812, 52.044889], [5.015067, 52.044657], [5.016758, 52.043498], [5.018228, 52.042743], [5.019201, 52.042384], [5.021938, 52.041652], [5.023193, 52.041349], [5.02356, 52.041187], [5.024627, 52.040473], [5.025204, 52.040039], [5.026275, 52.038739], [5.026765, 52.038286], [5.027394, 52.037779], [5.027282, 52.037739], [5.027449, 52.03775], [5.027425, 52.037494], [5.027176, 52.036676], [5.027164, 52.036376], [5.027202, 52.03622], [5.027378, 52.035894], [5.027677, 52.035545], [5.02837, 52.035047], [5.028928, 52.034736], [5.029323, 52.034566], [5.030065, 52.034334], [5.03148, 52.03399], [5.031944, 52.033809], [5.032206, 52.033609], [5.033671, 52.032028], [5.03439, 52.031372], [5.030517, 52.029919], [5.030479, 52.029865], [5.028138, 52.029068], [5.027943, 52.029041], [5.028439, 52.028384], [5.02843, 52.028316], [5.028353, 52.02828], [5.027884, 52.028116], [5.020399, 52.026343], [5.019911, 52.025875], [5.020072, 52.025814], [5.020317, 52.025636], [5.026516, 52.01581], [5.026762, 52.015729], [5.026792, 52.015677], [5.026733, 52.015663], [5.026698, 52.015496], [5.027036, 52.014913], [5.02703, 52.014877], [5.026942, 52.014849], [5.027028, 52.014742], [5.02697, 52.014664], [5.027084, 52.014525], [5.02752, 52.014639], [5.027757, 52.014628], [5.02791, 52.014561], [5.028012, 52.01444], [5.028075, 52.014125], [5.028046, 52.013999], [5.028155, 52.014076], [5.028267, 52.013722], [5.028595, 52.013161], [5.032126, 52.007376], [5.033253, 52.005764], [5.034139, 52.004623], [5.034209, 52.004478], [5.034108, 52.004316], [5.034165, 52.004164], [5.034367, 52.00407], [5.03462, 52.004077], [5.034937, 52.004267], [5.036936, 52.00457], [5.041757, 52.005661], [5.042504, 52.005779], [5.043449, 52.005993], [5.043994, 52.005967], [5.044146, 52.006022], [5.044341, 52.006177], [5.045494, 52.006414], [5.046772, 52.006737], [5.050704, 52.007524], [5.050559, 52.007259], [5.050396, 52.006668], [5.050174, 52.005509], [5.049232, 52.00216], [5.048838, 52.000982], [5.048801, 52.000744], [5.048836, 52.000598], [5.048937, 52.000475], [5.052322, 51.997789], [5.052399, 51.99772], [5.052363, 51.997637], [5.05393, 51.996416], [5.053882, 51.996236], [5.05349, 51.995851], [5.053218, 51.995659], [5.05286, 51.995471], [5.052026, 51.995152], [5.059211, 51.991928], [5.059927, 51.991602], [5.059944, 51.991563], [5.05993, 51.991517], [5.059044, 51.990805], [5.05831, 51.990319], [5.058065, 51.99025], [5.056667, 51.990083], [5.056202, 51.989996], [5.053822, 51.989393], [5.05297, 51.989141], [5.048814, 51.987691], [5.048059, 51.98741], [5.042371, 51.984926], [5.040224, 51.983873], [5.037745, 51.982448], [5.036569, 51.981639], [5.035123, 51.980573], [5.03194, 51.977743], [5.030794, 51.976768], [5.030255, 51.976372], [5.03003, 51.97586], [5.029931, 51.975745], [5.029422, 51.97538], [5.029045, 51.97516], [5.028124, 51.974807], [5.026634, 51.973674], [5.026465, 51.97356], [5.026202, 51.973454], [5.025903, 51.973489], [5.024437, 51.974588], [5.023541, 51.975107], [5.023144, 51.975237], [5.022897, 51.975363], [5.022429, 51.975666], [5.022208, 51.975872], [5.021945, 51.976235], [5.02149, 51.97662], [5.021057, 51.976936], [5.020699, 51.977125], [5.020514, 51.977264], [5.019528, 51.97809], [5.017843, 51.978834], [5.017019, 51.979023], [5.016358, 51.979286], [5.015597, 51.979532], [5.01453, 51.980136], [5.013881, 51.980415], [5.013331, 51.980579], [5.013041, 51.980633], [5.010433, 51.980861], [5.009775, 51.980868], [5.008603, 51.980656], [5.008183, 51.980615], [5.007399, 51.980647], [5.007124, 51.980744], [5.006419, 51.981183], [5.006177, 51.981272], [5.005908, 51.981295], [5.005135, 51.981252], [5.004801, 51.98128], [5.004415, 51.981375], [5.003979, 51.981529], [5.003577, 51.981721], [5.003508, 51.981668], [5.001902, 51.981635], [5.000592, 51.981518], [4.999773, 51.981382], [4.998758, 51.981135], [4.998019, 51.980885], [4.997596, 51.980654], [4.997178, 51.980343], [4.995671, 51.978796], [4.995207, 51.978398], [4.994749, 51.978168], [4.994112, 51.977964], [4.992674, 51.977603], [4.991074, 51.977135], [4.990711, 51.977118], [4.989265, 51.977299], [4.988703, 51.977328], [4.988424, 51.977282], [4.987808, 51.976971], [4.986964, 51.976788], [4.986159, 51.976715], [4.985138, 51.976876], [4.984966, 51.976869], [4.984716, 51.976754], [4.984522, 51.976579], [4.984335, 51.976274], [4.984162, 51.975873], [4.984125, 51.975663], [4.984391, 51.974487], [4.984378, 51.974355], [4.984277, 51.974218], [4.981409, 51.971584], [4.980403, 51.970908], [4.980155, 51.970702], [4.978326, 51.968964], [4.978178, 51.968839], [4.977614, 51.968581], [4.977457, 51.968452], [4.977297, 51.968216], [4.976543, 51.966757], [4.97611, 51.966223], [4.975493, 51.96575], [4.972628, 51.963971], [4.971938, 51.963615], [4.971387, 51.963463], [4.970775, 51.963345], [4.97039, 51.963307], [4.969292, 51.963341], [4.968326, 51.963435], [4.967178, 51.963675], [4.963639, 51.96374], [4.962559, 51.963793], [4.958221, 51.96414], [4.957465, 51.964241], [4.955966, 51.964505], [4.954561, 51.964892], [4.953044, 51.964957], [4.952514, 51.965038], [4.95147, 51.965307], [4.95114, 51.965423], [4.950544, 51.965706], [4.950136, 51.965843], [4.949947, 51.965868], [4.948321, 51.965824], [4.947604, 51.965891], [4.946449, 51.966062], [4.946055, 51.966158], [4.945827, 51.966267], [4.94544, 51.966567], [4.945076, 51.966775], [4.944543, 51.966979], [4.943987, 51.967103], [4.94223, 51.9672], [4.941333, 51.967216], [4.939802, 51.967126], [4.939204, 51.967035], [4.938863, 51.966946], [4.938376, 51.96675], [4.938046, 51.966555], [4.936994, 51.965583], [4.936618, 51.96536], [4.936195, 51.965187], [4.935095, 51.964848], [4.934718, 51.964663], [4.933454, 51.963795], [4.933328, 51.963782], [4.932066, 51.962733], [4.931866, 51.962513], [4.930617, 51.96006], [4.93064, 51.959807], [4.930584, 51.959457], [4.930376, 51.958614], [4.930276, 51.958394], [4.92898, 51.956888], [4.927497, 51.954548], [4.927402, 51.9545], [4.92646, 51.954297], [4.92572, 51.95409], [4.925017, 51.953869], [4.924438, 51.953633], [4.924173, 51.953327], [4.923906, 51.952863], [4.923156, 51.952224], [4.922623, 51.951507], [4.921936, 51.951168], [4.921111, 51.950615], [4.920544, 51.950098], [4.92002, 51.948936], [4.919624, 51.948411], [4.919217, 51.948037], [4.918443, 51.947569], [4.917543, 51.947206], [4.916729, 51.946773], [4.915938, 51.946538], [4.915183, 51.946381], [4.913877, 51.946194], [4.91216, 51.945798], [4.910136, 51.945449], [4.908558, 51.945015], [4.907317, 51.944726], [4.906417, 51.944608], [4.904642, 51.944469], [4.902883, 51.944194], [4.899496, 51.943587], [4.896646, 51.942996], [4.895913, 51.9429], [4.895515, 51.942893], [4.895126, 51.942924], [4.893873, 51.942733], [4.893199, 51.942572], [4.891226, 51.941962], [4.887967, 51.941328], [4.885607, 51.940815], [4.885231, 51.940802], [4.884919, 51.940846], [4.883901, 51.941137], [4.883465, 51.941347], [4.883093, 51.941409], [4.882199, 51.941245], [4.881781, 51.941201], [4.880958, 51.941159], [4.878451, 51.941109], [4.87775, 51.941051], [4.876903, 51.940933], [4.872778, 51.950738], [4.872843, 51.950748], [4.871223, 51.954643], [4.870884, 51.954882], [4.870802, 51.954804], [4.870429, 51.955], [4.865805, 51.960416], [4.865689, 51.9604], [4.864072, 51.963911], [4.863068, 51.964725], [4.862493, 51.965401], [4.861713, 51.966326], [4.860789, 51.967653], [4.860806, 51.967784], [4.860515, 51.967913], [4.859804, 51.968482], [4.859484, 51.968673], [4.858385, 51.96883], [4.858072, 51.968905], [4.857828, 51.969004], [4.848943, 51.974358], [4.847553, 51.975137], [4.847209, 51.975245], [4.845622, 51.974985], [4.845552, 51.975196], [4.845052, 51.975621], [4.845035, 51.97567], [4.842968, 51.977578], [4.834114, 51.98558], [4.834127, 51.985654], [4.834366, 51.985737], [4.834478, 51.98584], [4.835139, 51.985985], [4.835218, 51.986143], [4.824734, 51.994375], [4.818869, 51.998897], [4.818262, 51.999455], [4.817806, 51.999767], [4.818167, 51.999858], [4.818585, 51.999859], [4.82126, 52.000276], [4.826752, 52.000966], [4.826778, 52.001021], [4.826906, 52.001047], [4.828374, 52.001257], [4.828451, 52.001267], [4.828481, 52.00118], [4.829084, 52.001261], [4.830756, 52.001514], [4.830736, 52.00154], [4.831406, 52.001643], [4.832911, 52.00183], [4.845235, 52.003615], [4.853337, 52.004747], [4.853897, 52.004884], [4.854352, 52.00506], [4.856136, 52.005616], [4.857127, 52.00596], [4.853901, 52.009749], [4.852942, 52.011032], [4.851675, 52.012516], [4.85095, 52.013241], [4.85001, 52.014332], [4.848279, 52.016514], [4.847427, 52.017768], [4.847517, 52.017793], [4.84796, 52.017879], [4.848423, 52.01792], [4.852019, 52.017901], [4.852694, 52.017966], [4.853262, 52.018067], [4.854059, 52.018274], [4.855785, 52.018984], [4.860253, 52.020251], [4.862492, 52.02098], [4.863856, 52.021188], [4.865301, 52.021504], [4.866007, 52.021533], [4.866543, 52.021482], [4.867261, 52.021343], [4.868274, 52.021085], [4.868438, 52.021003], [4.86854, 52.020891], [4.868746, 52.020438], [4.868864, 52.020329], [4.868997, 52.02024], [4.869895, 52.019856], [4.870062, 52.019749], [4.871023, 52.019001], [4.872472, 52.017784], [4.872942, 52.017492], [4.873947, 52.016992], [4.874074, 52.016961], [4.874127, 52.016998], [4.874792, 52.016955], [4.875903, 52.016943], [4.876783, 52.016852], [4.877126, 52.016855], [4.877579, 52.016921], [4.877876, 52.017004], [4.878019, 52.017104], [4.878539, 52.017303], [4.879733, 52.017686], [4.881914, 52.018719], [4.882181, 52.018887], [4.883733, 52.020128], [4.884149, 52.020398], [4.884442, 52.020699], [4.885145, 52.021244], [4.885545, 52.021497], [4.885946, 52.021648], [4.88656, 52.021743], [4.887884, 52.021698], [4.890342, 52.021974], [4.890641, 52.021984], [4.891377, 52.021919], [4.891959, 52.021955], [4.895608, 52.022651], [4.89679, 52.022922], [4.897399, 52.023021], [4.898692, 52.02338], [4.899565, 52.02351], [4.905542, 52.023811], [4.906498, 52.023823], [4.90845, 52.023721], [4.910421, 52.023899], [4.911314, 52.024066], [4.913849, 52.024884], [4.914106, 52.02494], [4.91283, 52.026558], [4.91281, 52.026614], [4.913444, 52.026737], [4.913396, 52.026786], [4.912556, 52.026631], [4.910997, 52.026527], [4.908181, 52.0264], [4.907374, 52.026403], [4.90709, 52.02643], [4.906579, 52.026525], [4.906359, 52.026601], [4.904746, 52.027461], [4.904097, 52.027747], [4.903505, 52.027959], [4.903043, 52.028078], [4.90221, 52.028196], [4.901558, 52.028217], [4.901169, 52.028182], [4.899884, 52.027923], [4.899403, 52.027785], [4.898384, 52.027425], [4.897195, 52.026854], [4.896875, 52.02676], [4.896196, 52.026642], [4.896021, 52.026578], [4.895374, 52.026094], [4.894308, 52.02521], [4.894131, 52.02508], [4.893894, 52.024977], [4.892768, 52.024779], [4.891284, 52.02438], [4.890978, 52.024325], [4.888277, 52.024138], [4.887, 52.02398], [4.885529, 52.023742], [4.884662, 52.023558], [4.882964, 52.023017], [4.882391, 52.022806], [4.882081, 52.022626], [4.881446, 52.022492], [4.881318, 52.02244], [4.880341, 52.021537], [4.87996, 52.021285], [4.87977, 52.021114], [4.878864, 52.02008], [4.878654, 52.019936], [4.878527, 52.019897], [4.878321, 52.019891], [4.878052, 52.019922], [4.877304, 52.019913], [4.876921, 52.019863], [4.876274, 52.019875], [4.87618, 52.019829], [4.876049, 52.019282], [4.87587, 52.019159], [4.875669, 52.019112], [4.875438, 52.019104], [4.874476, 52.019295], [4.874355, 52.019247], [4.873994, 52.018921], [4.873692, 52.01879], [4.873084, 52.019449], [4.872807, 52.019826], [4.872287, 52.020406], [4.871063, 52.021524], [4.871443, 52.021696], [4.871282, 52.021768], [4.871225, 52.021898], [4.87072, 52.021836], [4.870548, 52.021875], [4.870101, 52.022117], [4.869951, 52.022267], [4.869628, 52.022444], [4.869101, 52.022906], [4.86833, 52.023284], [4.867014, 52.023699], [4.86634, 52.023835], [4.866366, 52.024358], [4.866514, 52.02484], [4.867034, 52.025795], [4.867289, 52.025897], [4.867767, 52.026004], [4.869368, 52.02595], [4.869531, 52.02586], [4.869802, 52.025581], [4.87028, 52.025086], [4.870343, 52.024945], [4.870627, 52.025154], [4.871077, 52.025363], [4.871188, 52.025387], [4.871437, 52.025542], [4.871855, 52.025683], [4.872167, 52.025751], [4.873479, 52.025752], [4.874709, 52.025705], [4.875221, 52.02577], [4.87558, 52.02587], [4.876366, 52.026175], [4.876671, 52.026364], [4.877732, 52.027159], [4.873863, 52.031166], [4.872322, 52.032961], [4.871981, 52.033237], [4.871667, 52.033432], [4.869101, 52.03654], [4.869035, 52.036557], [4.86859, 52.037167], [4.866857, 52.039184], [4.869658, 52.041079], [4.870056, 52.041513], [4.870175, 52.041808], [4.870479, 52.044036], [4.870616, 52.044553], [4.870823, 52.045035], [4.872352, 52.047393], [4.873849, 52.049882], [4.874395, 52.050928], [4.876278, 52.052375], [4.876727, 52.052683], [4.879255, 52.055089], [4.88063, 52.056566], [4.877348, 52.058654], [4.878756, 52.059456], [4.877674, 52.060196], [4.889507, 52.07025], [4.887775, 52.07023], [4.89011, 52.07223], [4.891249, 52.071736], [4.893136, 52.073357], [4.894796, 52.072585], [4.896752, 52.074258], [4.897228, 52.074218], [4.898113, 52.074219], [4.898459, 52.074161], [4.899112, 52.073973], [4.899927, 52.073644], [4.900099, 52.073494], [4.901067, 52.072864], [4.901241, 52.072699], [4.901547, 52.072038], [4.901999, 52.071387], [4.902274, 52.070824], [4.902233, 52.070695], [4.90184, 52.07051], [4.901838, 52.070068], [4.903059, 52.069185], [4.903694, 52.069445], [4.907581, 52.070733], [4.916927, 52.073967], [4.917053, 52.07399], [4.918475, 52.073707], [4.918763, 52.073728], [4.919017, 52.073836], [4.919172, 52.073814]]], [[[5.097366, 52.011488], [5.097444, 52.011475], [5.09727, 52.010855], [5.096516, 52.00853], [5.096006, 52.006646], [5.096028, 52.006575], [5.095765, 52.005968], [5.095533, 52.005102], [5.095204, 52.004108], [5.095129, 52.004038], [5.095002, 52.004027], [5.094435, 52.004063], [5.093766, 52.003962], [5.093142, 52.003957], [5.093151, 52.004007], [5.093517, 52.003993], [5.094285, 52.00409], [5.095022, 52.004068], [5.095096, 52.004103], [5.095245, 52.004598], [5.09545, 52.005072], [5.095772, 52.006324], [5.09575, 52.006496], [5.095844, 52.006867], [5.096862, 52.00997], [5.096941, 52.01004], [5.097366, 52.011488]]], [[[5.116766, 52.012199], [5.11754, 52.01209], [5.116233, 52.008514], [5.11266, 52.008994], [5.114275, 52.01362], [5.117112, 52.013099], [5.116766, 52.012199]]], [[[5.105707, 52.014918], [5.105763, 52.014927], [5.104181, 52.0114], [5.10384, 52.011436], [5.103554, 52.010618], [5.103335, 52.009696], [5.102597, 52.00733], [5.102469, 52.007154], [5.102255, 52.007043], [5.102652, 52.007044], [5.102287, 52.005847], [5.10199, 52.005791], [5.101611, 52.005786], [5.101473, 52.005734], [5.101299, 52.005758], [5.101229, 52.005813], [5.101083, 52.006292], [5.100829, 52.006269], [5.10064, 52.006285], [5.100507, 52.006601], [5.100452, 52.006638], [5.099345, 52.006645], [5.09935, 52.006593], [5.09836, 52.006744], [5.098049, 52.005741], [5.0968, 52.00558], [5.096558, 52.005448], [5.096273, 52.005229], [5.096046, 52.005544], [5.096146, 52.005967], [5.09624, 52.006253], [5.096404, 52.006501], [5.096583, 52.006934], [5.097269, 52.008885], [5.097974, 52.0111], [5.098163, 52.011566], [5.098179, 52.012506], [5.09846, 52.012502], [5.098567, 52.01335], [5.098399, 52.01336], [5.098387, 52.015082], [5.098465, 52.01605], [5.098529, 52.021272], [5.098676, 52.022121], [5.099618, 52.024583], [5.099774, 52.025272], [5.101331, 52.024688], [5.101725, 52.024744], [5.102599, 52.024803], [5.103492, 52.024646], [5.103612, 52.024658], [5.103762, 52.024551], [5.103889, 52.024514], [5.103868, 52.024464], [5.104102, 52.024338], [5.104823, 52.024315], [5.109197, 52.022606], [5.111384, 52.021797], [5.10958, 52.019068], [5.108886, 52.017627], [5.108192, 52.015913], [5.105724, 52.016153], [5.105646, 52.015747], [5.10556, 52.015758], [5.105707, 52.014918]]], [[[5.117791, 52.014675], [5.117738, 52.01464], [5.117673, 52.01466], [5.117493, 52.014007], [5.115617, 52.014308], [5.115242, 52.014257], [5.114802, 52.014386], [5.11497, 52.014494], [5.115449, 52.015352], [5.116966, 52.019141], [5.117153, 52.01911], [5.117356, 52.019136], [5.120755, 52.017874], [5.120755, 52.017835], [5.119774, 52.016718], [5.119258, 52.016775], [5.117791, 52.014675]]], [[[5.097592, 52.020338], [5.097517, 52.021809], [5.097655, 52.022304], [5.098195, 52.023355], [5.098515, 52.024108], [5.098628, 52.024493], [5.09869, 52.024814], [5.09859, 52.025632], [5.098393, 52.025949], [5.097783, 52.026442], [5.097495, 52.026752], [5.097145, 52.027012], [5.096423, 52.027355], [5.095368, 52.028028], [5.094688, 52.028675], [5.093719, 52.029398], [5.093619, 52.029457], [5.093552, 52.029436], [5.093247, 52.02963], [5.092449, 52.030302], [5.09222, 52.030565], [5.092006, 52.030928], [5.091134, 52.032101], [5.090821, 52.032388], [5.090942, 52.032441], [5.091087, 52.032361], [5.091315, 52.032132], [5.092176, 52.031012], [5.093071, 52.030024], [5.095853, 52.027907], [5.096319, 52.027627], [5.097435, 52.027098], [5.097905, 52.026782], [5.098288, 52.02644], [5.098502, 52.026188], [5.098691, 52.025899], [5.098879, 52.025475], [5.098963, 52.024976], [5.098905, 52.024484], [5.098674, 52.023829], [5.097988, 52.022223], [5.097828, 52.021646], [5.097853, 52.019971], [5.097749, 52.013711], [5.097475, 52.013702], [5.097441, 52.013731], [5.097584, 52.01908], [5.097541, 52.019401], [5.097592, 52.020338]]], [[[5.112465, 52.022083], [5.112188, 52.022086], [5.111982, 52.022134], [5.111402, 52.02206], [5.111129, 52.022097], [5.109484, 52.02271], [5.109193, 52.022874], [5.103675, 52.024936], [5.101988, 52.025638], [5.100553, 52.02609], [5.09923, 52.026711], [5.098425, 52.027239], [5.098188, 52.027232], [5.09761, 52.027503], [5.096248, 52.028181], [5.093753, 52.030063], [5.093226, 52.03055], [5.092691, 52.031197], [5.092438, 52.031615], [5.092321, 52.031984], [5.092285, 52.032488], [5.092398, 52.033103], [5.092605, 52.033582], [5.092934, 52.034157], [5.093391, 52.03479], [5.094042, 52.035527], [5.095674, 52.03754], [5.095971, 52.037477], [5.096895, 52.037466], [5.097465, 52.03742], [5.098974, 52.03739], [5.099323, 52.037418], [5.099462, 52.037344], [5.09905, 52.036578], [5.09905, 52.036489], [5.099186, 52.036372], [5.099633, 52.03623], [5.099955, 52.035982], [5.100301, 52.03593], [5.100621, 52.036023], [5.100917, 52.036224], [5.101697, 52.036198], [5.101983, 52.036282], [5.102118, 52.036384], [5.102006, 52.036458], [5.101776, 52.037415], [5.101963, 52.037447], [5.102628, 52.037452], [5.102851, 52.037488], [5.10434, 52.037505], [5.105081, 52.037565], [5.109302, 52.037677], [5.109671, 52.036733], [5.109735, 52.036478], [5.109755, 52.036123], [5.109703, 52.035858], [5.109472, 52.035611], [5.10931, 52.035508], [5.111066, 52.034297], [5.111147, 52.034227], [5.111341, 52.033833], [5.111775, 52.033907], [5.111955, 52.033819], [5.112044, 52.0337], [5.113185, 52.031231], [5.113444, 52.030413], [5.113665, 52.029499], [5.11381, 52.028531], [5.113886, 52.027389], [5.113766, 52.025732], [5.113391, 52.024148], [5.112973, 52.023115], [5.112613, 52.022316], [5.112499, 52.022204], [5.112465, 52.022083]]], [[[5.104182, 52.048474], [5.097327, 52.04024], [5.095352, 52.037921], [5.095381, 52.037912], [5.095104, 52.037489], [5.094166, 52.036268], [5.094107, 52.036284], [5.092936, 52.034741], [5.091714, 52.033499], [5.090839, 52.03278], [5.090702, 52.032859], [5.091674, 52.033666], [5.092208, 52.034184], [5.09271, 52.03474], [5.095349, 52.03808], [5.095368, 52.038214], [5.095463, 52.038345], [5.097959, 52.041385], [5.098447, 52.041971], [5.099019, 52.042527], [5.104024, 52.048596], [5.10413, 52.048569], [5.104227, 52.048538], [5.104182, 52.048474]]], [[[5.102543, 52.038726], [5.102577, 52.038838], [5.102521, 52.038951], [5.10227, 52.039095], [5.102061, 52.039124], [5.101411, 52.039092], [5.101254, 52.039185], [5.101029, 52.039392], [5.100835, 52.039431], [5.100668, 52.039431], [5.100413, 52.039359], [5.100029, 52.039126], [5.099756, 52.039119], [5.099515, 52.039041], [5.099441, 52.038849], [5.099557, 52.037801], [5.099394, 52.037769], [5.098936, 52.03777], [5.096898, 52.037816], [5.096125, 52.037808], [5.095925, 52.037852], [5.096166, 52.038125], [5.096228, 52.038123], [5.096836, 52.038891], [5.096915, 52.038895], [5.09736, 52.039506], [5.098752, 52.041189], [5.098709, 52.041234], [5.09886, 52.041394], [5.099232, 52.041743], [5.09951, 52.041773], [5.100892, 52.042818], [5.102562, 52.044575], [5.102412, 52.044626], [5.10274, 52.04515], [5.102935, 52.045373], [5.103825, 52.04635], [5.104611, 52.04702], [5.104924, 52.047405], [5.105088, 52.047538], [5.106817, 52.049348], [5.107497, 52.050677], [5.107986, 52.050612], [5.108161, 52.050804], [5.112514, 52.050535], [5.112529, 52.050627], [5.117031, 52.050379], [5.117551, 52.05039], [5.118934, 52.050303], [5.119159, 52.050386], [5.119563, 52.050381], [5.119778, 52.050334], [5.118242, 52.047043], [5.117691, 52.045998], [5.117405, 52.045602], [5.117172, 52.045355], [5.116424, 52.044786], [5.115537, 52.04437], [5.114612, 52.044085], [5.107926, 52.042418], [5.108118, 52.042081], [5.110027, 52.038054], [5.104498, 52.037877], [5.104022, 52.037898], [5.102036, 52.037858], [5.101962, 52.037898], [5.102543, 52.038726]]], [[[5.110493, 52.058429], [5.10688, 52.052138], [5.106669, 52.052178], [5.107371, 52.053516], [5.107723, 52.054142], [5.107984, 52.054516], [5.108099, 52.05495], [5.108789, 52.055946], [5.109791, 52.057729], [5.11023, 52.058403], [5.110498, 52.058664], [5.110862, 52.059334], [5.110978, 52.059794], [5.11159, 52.060785], [5.111932, 52.061481], [5.112078, 52.061451], [5.112137, 52.061438], [5.112005, 52.061128], [5.11114, 52.059563], [5.111045, 52.059289], [5.110714, 52.058686], [5.110751, 52.05866], [5.110693, 52.058555], [5.110493, 52.058429]]], [[[5.556398, 51.956088], [5.564193, 51.954091], [5.562354, 51.954328], [5.561253, 51.954502], [5.560141, 51.954768], [5.558339, 51.955269], [5.556934, 51.955711], [5.555658, 51.956157], [5.554398, 51.956655], [5.552742, 51.9574], [5.551061, 51.958274], [5.549561, 51.959197], [5.548216, 51.960138], [5.546918, 51.961177], [5.545709, 51.962256], [5.543111, 51.965175], [5.543812, 51.964664], [5.54917, 51.959754], [5.556398, 51.956088]]], [[[5.537864, 51.968174], [5.53947, 51.967833], [5.540208, 51.967282], [5.538942, 51.967827], [5.537864, 51.968174]]], [[[5.51618, 51.972132], [5.52821, 51.970219], [5.534544, 51.968877], [5.53043, 51.969642], [5.524814, 51.970613], [5.523026, 51.970857], [5.519168, 51.971507], [5.51695, 51.97194], [5.515844, 51.972191], [5.512481, 51.973081], [5.510979, 51.973643], [5.509454, 51.974264], [5.508045, 51.974913], [5.503205, 51.977397], [5.500751, 51.978592], [5.496351, 51.980273], [5.493398, 51.981343], [5.491877, 51.981856], [5.488678, 51.982838], [5.485918, 51.983284], [5.486184, 51.983772], [5.49195, 51.982524], [5.50047, 51.979249], [5.505693, 51.976571], [5.51618, 51.972132]]], [[[5.426378, 51.980627], [5.4249, 51.979652], [5.423275, 51.978712], [5.426378, 51.980627]]], [[[5.467788, 51.983157], [5.465762, 51.983333], [5.463835, 51.983465], [5.462412, 51.983544], [5.460949, 51.983573], [5.475484, 51.983715], [5.480116, 51.985085], [5.485845, 51.983845], [5.484601, 51.983931], [5.481507, 51.983889], [5.473217, 51.98299], [5.47263, 51.982976], [5.47163, 51.982971], [5.469862, 51.983041], [5.467788, 51.983157]]], [[[5.432315, 51.984178], [5.43166, 51.983884], [5.432451, 51.984372], [5.44065, 51.986741], [5.460217, 51.983592], [5.456815, 51.983688], [5.454433, 51.983685], [5.454046, 51.983694], [5.453545, 51.983749], [5.452649, 51.983936], [5.451808, 51.984165], [5.451045, 51.984391], [5.450273, 51.984661], [5.449178, 51.984971], [5.447302, 51.985398], [5.445984, 51.985637], [5.444817, 51.985788], [5.442408, 51.985948], [5.440601, 51.985918], [5.439394, 51.985833], [5.437945, 51.985657], [5.436819, 51.985466], [5.434657, 51.984967], [5.433869, 51.984738], [5.433266, 51.984552], [5.432315, 51.984178]]], [[[5.15648, 52.012052], [5.155345, 52.012315], [5.154082, 52.012649], [5.152468, 52.013134], [5.151395, 52.013507], [5.149882, 52.014112], [5.148788, 52.014598], [5.147459, 52.015248], [5.145868, 52.01614], [5.132201, 52.024584], [5.131217, 52.025223], [5.131313, 52.025284], [5.144911, 52.01687], [5.148256, 52.014995], [5.14987, 52.01426], [5.151696, 52.013537], [5.152867, 52.013139], [5.153851, 52.012849], [5.156936, 52.012091], [5.161802, 52.011131], [5.162775, 52.010899], [5.168771, 52.009698], [5.180603, 52.007353], [5.180789, 52.007279], [5.184948, 52.006483], [5.187935, 52.000722], [5.189386, 51.997819], [5.191458, 51.992201], [5.188718, 51.993086], [5.179153, 51.995888], [5.178376, 51.996135], [5.178047, 51.996306], [5.17791, 51.996647], [5.178019, 51.996697], [5.178155, 51.996844], [5.178154, 51.996911], [5.178496, 51.997581], [5.178683, 51.998165], [5.178707, 51.998591], [5.17858, 51.999106], [5.178083, 52.000087], [5.177984, 52.00062], [5.177998, 52.000872], [5.17809, 52.001292], [5.179134, 52.004489], [5.179141, 52.004952], [5.178825, 52.006185], [5.178861, 52.006538], [5.179535, 52.007437], [5.15648, 52.012052]]], [[[5.122418, 52.018108], [5.122315, 52.017922], [5.117709, 52.01961], [5.117729, 52.019939], [5.118031, 52.020709], [5.118087, 52.02109], [5.119474, 52.024637], [5.119383, 52.024652], [5.119492, 52.024931], [5.119826, 52.02506], [5.120035, 52.025103], [5.120117, 52.025201], [5.120373, 52.026045], [5.12065, 52.026656], [5.120888, 52.027324], [5.120915, 52.027747], [5.121054, 52.028211], [5.121553, 52.029341], [5.128374, 52.025126], [5.122418, 52.018108]]], [[[5.173279, 52.044124], [5.173888, 52.044276], [5.17458, 52.044377], [5.175311, 52.044393], [5.176013, 52.044333], [5.178472, 52.044012], [5.178552, 52.044361], [5.178587, 52.044306], [5.178506, 52.043736], [5.175612, 52.044103], [5.175266, 52.044125], [5.174617, 52.044108], [5.17402, 52.044019], [5.173487, 52.043887], [5.172842, 52.043638], [5.172391, 52.043368], [5.171323, 52.042572], [5.170563, 52.04216], [5.168281, 52.041216], [5.167415, 52.040916], [5.164189, 52.040497], [5.160636, 52.039795], [5.159143, 52.03963], [5.158734, 52.039556], [5.158212, 52.039407], [5.156566, 52.038778], [5.155893, 52.0386], [5.15563, 52.038567], [5.152671, 52.038496], [5.152242, 52.038445], [5.151212, 52.038221], [5.151059, 52.038259], [5.151213, 52.038062], [5.148885, 52.037434], [5.146947, 52.037098], [5.145997, 52.036836], [5.145439, 52.036586], [5.145229, 52.036448], [5.144837, 52.036112], [5.144645, 52.035875], [5.143587, 52.036095], [5.143515, 52.035946], [5.142809, 52.036104], [5.142282, 52.036187], [5.141964, 52.036035], [5.137517, 52.034914], [5.136286, 52.032832], [5.136099, 52.032404], [5.134903, 52.030589], [5.133798, 52.029188], [5.132206, 52.027323], [5.133653, 52.0291], [5.135559, 52.031958], [5.136142, 52.032731], [5.136662, 52.033545], [5.137715, 52.035502], [5.138793, 52.037847], [5.139233, 52.03905], [5.139752, 52.040497], [5.140798, 52.043939], [5.143442, 52.044137], [5.143418, 52.044555], [5.146295, 52.044673], [5.146277, 52.045125], [5.148066, 52.045119], [5.148088, 52.045266], [5.148724, 52.045333], [5.148744, 52.045262], [5.149017, 52.045291], [5.149151, 52.045345], [5.149108, 52.045484], [5.149144, 52.045732], [5.149413, 52.045788], [5.149338, 52.046006], [5.14937, 52.046063], [5.149493, 52.046072], [5.149429, 52.046335], [5.152873, 52.046734], [5.153023, 52.046248], [5.154762, 52.046456], [5.15475, 52.04625], [5.155145, 52.045782], [5.155262, 52.045552], [5.15516, 52.044852], [5.155186, 52.04447], [5.155277, 52.044239], [5.155569, 52.043785], [5.156318, 52.043019], [5.156514, 52.042672], [5.156575, 52.042202], [5.156518, 52.041596], [5.162829, 52.041597], [5.163458, 52.040658], [5.164033, 52.040762], [5.167116, 52.04114], [5.167636, 52.041283], [5.170568, 52.042505], [5.171007, 52.042758], [5.172072, 52.043552], [5.17258, 52.043853], [5.173279, 52.044124]]], [[[5.219246, 52.099418], [5.219166, 52.099419], [5.219109, 52.099469], [5.217402, 52.099915], [5.216736, 52.100028], [5.216214, 52.100071], [5.215631, 52.100061], [5.214836, 52.099953], [5.21425, 52.099807], [5.214151, 52.099748], [5.214079, 52.099626], [5.214003, 52.099641], [5.214096, 52.099783], [5.214218, 52.099851], [5.214989, 52.100033], [5.21584, 52.100122], [5.216503, 52.100098], [5.217493, 52.099942], [5.219187, 52.099497], [5.219246, 52.099418]]], [[[5.005311, 52.272621], [5.005406, 52.27252], [5.005272, 52.272473], [5.004421, 52.272286], [5.003465, 52.271964], [5.002847, 52.271812], [5.00275, 52.27175], [5.002598, 52.271737], [5.002437, 52.271771], [5.001968, 52.271665], [5.000922, 52.271338], [5.000514, 52.271249], [4.999826, 52.270995], [4.998461, 52.270603], [4.998282, 52.270605], [4.99813, 52.270664], [4.998092, 52.270712], [4.997444, 52.272346], [4.996191, 52.272166], [4.995203, 52.271988], [4.994285, 52.271875], [4.994199, 52.271835], [4.992397, 52.271563], [4.991241, 52.271136], [4.990857, 52.27096], [4.989552, 52.270577], [4.988394, 52.27034], [4.988332, 52.270304], [4.98837, 52.270271], [4.988168, 52.270094], [4.986557, 52.269062], [4.986558, 52.269006], [4.986482, 52.268999], [4.986534, 52.268886], [4.985748, 52.268621], [4.985631, 52.268535], [4.98869, 52.265185], [4.990049, 52.263445], [4.991092, 52.26224], [4.994931, 52.25804], [4.995561, 52.258129], [4.99632, 52.258301], [4.996484, 52.258302], [4.99796, 52.258637], [4.998209, 52.257835], [4.998165, 52.257733], [4.998301, 52.257224], [4.998437, 52.25724], [4.998677, 52.256521], [4.998046, 52.256428], [4.996538, 52.256271], [4.999713, 52.252739], [4.999869, 52.252658], [5.000249, 52.252235], [5.000193, 52.252219], [5.001621, 52.250675], [5.001718, 52.25037], [5.001981, 52.250294], [5.003335, 52.248805], [5.004195, 52.247771], [5.00491, 52.246809], [5.005859, 52.245265], [5.006459, 52.243971], [5.007104, 52.242299], [5.007353, 52.241338], [5.007583, 52.239996], [5.007688, 52.237873], [5.007573, 52.236463], [5.007375, 52.235255], [5.00588, 52.22949], [5.004967, 52.226187], [5.005067, 52.226148], [5.005112, 52.226076], [5.000203, 52.208244], [5.000024, 52.207251], [4.99959, 52.20583], [5.001342, 52.205962], [5.001981, 52.206039], [5.002694, 52.208569], [5.0127, 52.206131], [5.012783, 52.206141], [5.013146, 52.206036], [5.013358, 52.205901], [5.014201, 52.205698], [5.014843, 52.205596], [5.014857, 52.20556], [5.014954, 52.205528], [5.016027, 52.205248], [5.016523, 52.205071], [5.017833, 52.204901], [5.018536, 52.204874], [5.018465, 52.205219], [5.018579, 52.206036], [5.019016, 52.207204], [5.019053, 52.207198], [5.019235, 52.207577], [5.019472, 52.207832], [5.020229, 52.208377], [5.021121, 52.208975], [5.022056, 52.209513], [5.022025, 52.209607], [5.021067, 52.210397], [5.020599, 52.210776], [5.02041, 52.210819], [5.01912, 52.21193], [5.018988, 52.212076], [5.018446, 52.213111], [5.018309, 52.213252], [5.017373, 52.213661], [5.016638, 52.213941], [5.014932, 52.21451], [5.013581, 52.214871], [5.012597, 52.215094], [5.012472, 52.215152], [5.011945, 52.215285], [5.011847, 52.215326], [5.010957, 52.215986], [5.010531, 52.216378], [5.010271, 52.216673], [5.009955, 52.217146], [5.009813, 52.217526], [5.009646, 52.218756], [5.009546, 52.219151], [5.009726, 52.219696], [5.009892, 52.219889], [5.009999, 52.220093], [5.009995, 52.220247], [5.009905, 52.220418], [5.009558, 52.220675], [5.008375, 52.221051], [5.007518, 52.221412], [5.00662, 52.221956], [5.006712, 52.222019], [5.006909, 52.221873], [5.007698, 52.221466], [5.007752, 52.221476], [5.009373, 52.220878], [5.009393, 52.220844], [5.009778, 52.22067], [5.01, 52.220479], [5.010108, 52.220428], [5.010187, 52.220271], [5.01019, 52.220087], [5.009889, 52.219583], [5.009777, 52.219268], [5.009819, 52.218674], [5.010123, 52.218196], [5.010126, 52.217685], [5.01031, 52.217157], [5.010865, 52.216463], [5.01111, 52.216191], [5.011346, 52.215996], [5.011667, 52.215789], [5.012052, 52.21561], [5.012931, 52.21532], [5.014205, 52.214981], [5.014566, 52.214826], [5.01662, 52.21416], [5.017577, 52.2138], [5.018434, 52.213419], [5.01883, 52.213134], [5.018898, 52.213047], [5.019234, 52.212417], [5.019299, 52.212182], [5.019541, 52.211862], [5.020632, 52.210931], [5.02079, 52.210898], [5.021844, 52.209999], [5.021768, 52.209933], [5.022187, 52.209577], [5.022184, 52.209492], [5.021638, 52.20919], [5.020854, 52.208707], [5.019741, 52.207937], [5.019357, 52.2076], [5.019241, 52.207408], [5.019232, 52.207313], [5.019271, 52.207303], [5.019566, 52.207667], [5.01996, 52.208019], [5.021446, 52.209058], [5.022159, 52.209473], [5.022339, 52.209472], [5.022969, 52.209685], [5.026465, 52.210683], [5.02655, 52.210775], [5.02627, 52.21102], [5.02627, 52.211103], [5.027217, 52.211656], [5.027363, 52.211777], [5.027785, 52.212714], [5.028729, 52.21388], [5.028937, 52.214219], [5.028912, 52.214427], [5.028631, 52.214735], [5.027903, 52.215211], [5.026182, 52.216168], [5.026211, 52.216233], [5.023659, 52.217222], [5.021372, 52.218173], [5.019689, 52.218818], [5.019596, 52.218874], [5.019573, 52.218958], [5.019669, 52.221178], [5.019715, 52.221197], [5.019802, 52.22541], [5.019609, 52.225649], [5.019583, 52.225932], [5.019686, 52.225955], [5.019679, 52.226183], [5.019822, 52.226214], [5.019891, 52.22898], [5.020145, 52.229814], [5.020546, 52.230772], [5.020444, 52.230869], [5.020515, 52.230955], [5.02151, 52.233894], [5.021823, 52.234684], [5.024345, 52.2384], [5.026581, 52.240759], [5.027429, 52.24188], [5.027515, 52.242697], [5.027419, 52.243166], [5.027119, 52.243971], [5.026715, 52.244789], [5.026401, 52.245558], [5.032623, 52.245729], [5.031725, 52.248156], [5.034587, 52.248719], [5.034496, 52.249022], [5.033942, 52.249442], [5.033658, 52.249968], [5.032938, 52.251078], [5.032599, 52.251441], [5.031612, 52.252106], [5.029805, 52.253222], [5.029495, 52.253167], [5.028707, 52.254121], [5.027981, 52.255618], [5.028023, 52.255627], [5.027792, 52.256129], [5.027785, 52.256229], [5.027332, 52.256888], [5.027714, 52.257025], [5.025702, 52.259256], [5.025585, 52.259315], [5.024156, 52.260846], [5.023137, 52.262238], [5.022708, 52.262752], [5.022112, 52.263649], [5.021965, 52.263718], [5.021893, 52.263924], [5.021928, 52.264181], [5.02222, 52.264594], [5.022076, 52.264832], [5.021889, 52.265027], [5.021403, 52.265322], [5.021333, 52.265397], [5.021247, 52.26553], [5.021172, 52.26583], [5.020785, 52.266244], [5.02029, 52.266556], [5.020176, 52.266858], [5.020142, 52.268397], [5.019913, 52.268864], [5.018932, 52.268745], [5.019977, 52.272604], [5.020253, 52.273224], [5.020458, 52.273836], [5.02066, 52.274003], [5.021255, 52.274194], [5.022547, 52.274362], [5.023032, 52.274377], [5.023074, 52.274473], [5.023077, 52.276744], [5.02274, 52.277718], [5.022557, 52.2784], [5.022477, 52.282353], [5.022786, 52.2822], [5.022882, 52.282097], [5.023071, 52.28198], [5.023213, 52.281913], [5.023417, 52.281876], [5.024382, 52.281357], [5.025576, 52.282754], [5.0265, 52.283968], [5.027822, 52.285484], [5.029162, 52.286969], [5.029453, 52.287275], [5.029553, 52.287291], [5.030582, 52.288441], [5.032024, 52.287207], [5.033212, 52.286258], [5.033345, 52.286251], [5.033417, 52.286311], [5.035562, 52.285318], [5.036843, 52.28467], [5.039397, 52.283231], [5.039581, 52.283291], [5.040794, 52.283881], [5.041625, 52.283369], [5.042779, 52.282488], [5.043257, 52.282671], [5.043651, 52.282863], [5.045919, 52.284124], [5.046998, 52.284677], [5.047505, 52.285027], [5.049177, 52.286699], [5.050372, 52.28779], [5.050816, 52.287623], [5.051433, 52.287245], [5.051535, 52.28725], [5.052704, 52.286441], [5.054287, 52.28727], [5.054959, 52.287586], [5.057339, 52.288478], [5.059258, 52.289238], [5.059437, 52.289302], [5.059568, 52.289299], [5.063318, 52.287159], [5.064195, 52.286293], [5.064792, 52.285081], [5.065471, 52.285198], [5.065489, 52.284953], [5.06493, 52.284813], [5.06465, 52.284787], [5.064335, 52.284642], [5.06471, 52.284355], [5.064816, 52.283926], [5.064707, 52.283797], [5.06433, 52.283615], [5.06423, 52.283275], [5.064005, 52.282983], [5.063991, 52.282882], [5.064126, 52.282676], [5.064074, 52.282478], [5.06438, 52.282226], [5.064387, 52.282178], [5.064271, 52.282092], [5.064283, 52.281824], [5.064213, 52.281707], [5.064003, 52.281763], [5.063836, 52.281886], [5.06361, 52.282215], [5.063533, 52.2825], [5.063697, 52.28334], [5.063679, 52.28342], [5.063561, 52.283522], [5.063456, 52.283873], [5.063604, 52.28395], [5.063629, 52.284011], [5.063571, 52.284087], [5.063659, 52.284161], [5.063645, 52.284205], [5.063481, 52.284265], [5.063495, 52.284372], [5.06354, 52.284455], [5.06382, 52.284573], [5.06386, 52.284891], [5.063441, 52.284929], [5.062881, 52.284749], [5.0628, 52.284828], [5.062944, 52.284872], [5.06303, 52.284999], [5.062851, 52.285248], [5.062602, 52.285376], [5.062282, 52.285432], [5.06181, 52.285463], [5.061726, 52.28557], [5.061646, 52.285563], [5.061646, 52.285517], [5.061321, 52.285564], [5.060747, 52.285554], [5.060548, 52.285525], [5.059858, 52.285332], [5.058454, 52.284863], [5.057151, 52.28428], [5.056819, 52.284079], [5.05673, 52.284042], [5.05662, 52.284044], [5.055626, 52.283547], [5.055011, 52.283286], [5.053638, 52.282902], [5.051229, 52.282426], [5.050578, 52.282169], [5.049484, 52.281078], [5.049282, 52.280672], [5.049196, 52.280233], [5.049172, 52.27962], [5.049255, 52.279022], [5.049259, 52.278916], [5.049179, 52.278759], [5.049252, 52.278492], [5.049248, 52.278087], [5.049084, 52.277682], [5.048975, 52.277547], [5.048801, 52.27744], [5.048436, 52.277291], [5.048163, 52.277244], [5.047649, 52.277225], [5.047496, 52.277299], [5.047093, 52.277352], [5.04662, 52.277492], [5.04634, 52.277526], [5.045601, 52.277785], [5.045341, 52.277948], [5.045322, 52.278099], [5.045255, 52.278085], [5.045182, 52.277947], [5.045114, 52.277919], [5.044855, 52.278007], [5.044684, 52.27802], [5.044638, 52.278072], [5.044517, 52.278115], [5.044194, 52.27816], [5.043577, 52.278317], [5.043343, 52.27831], [5.043126, 52.278364], [5.04281, 52.278374], [5.042625, 52.278434], [5.042444, 52.27841], [5.042271, 52.27832], [5.042122, 52.278308], [5.04053, 52.277818], [5.040031, 52.277692], [5.039678, 52.277652], [5.038125, 52.277274], [5.037024, 52.276974], [5.036462, 52.276722], [5.035428, 52.276326], [5.03379, 52.275873], [5.032729, 52.275513], [5.032773, 52.275468], [5.03208, 52.274901], [5.032143, 52.274837], [5.031985, 52.274863], [5.031961, 52.274835], [5.032071, 52.274801], [5.031795, 52.274453], [5.031412, 52.273815], [5.031189, 52.27358], [5.031233, 52.273574], [5.031153, 52.273397], [5.031103, 52.273402], [5.030953, 52.273066], [5.030468, 52.272492], [5.030065, 52.272321], [5.029638, 52.272239], [5.028567, 52.272268], [5.028103, 52.27232], [5.028072, 52.272287], [5.025935, 52.273093], [5.024369, 52.273494], [5.023449, 52.273487], [5.021791, 52.273605], [5.021987, 52.272905], [5.022326, 52.272432], [5.022106, 52.27242], [5.02214, 52.272244], [5.022505, 52.272265], [5.022884, 52.271204], [5.022799, 52.271188], [5.022842, 52.271119], [5.022959, 52.271134], [5.024047, 52.269937], [5.025399, 52.26879], [5.02534, 52.268738], [5.02631, 52.268359], [5.026595, 52.268212], [5.026868, 52.268025], [5.026788, 52.267918], [5.026933, 52.267951], [5.027333, 52.267589], [5.027416, 52.267446], [5.02745, 52.267116], [5.027388, 52.266887], [5.027454, 52.266618], [5.027346, 52.266375], [5.02723, 52.266337], [5.027244, 52.266248], [5.027376, 52.26624], [5.027223, 52.26583], [5.027051, 52.26558], [5.026833, 52.265355], [5.026143, 52.264752], [5.026095, 52.264546], [5.026016, 52.264427], [5.02602, 52.264334], [5.026453, 52.263687], [5.02697, 52.263345], [5.028175, 52.262792], [5.030143, 52.261795], [5.030079, 52.26172], [5.030092, 52.261676], [5.030292, 52.261716], [5.031116, 52.261251], [5.031395, 52.261073], [5.031692, 52.260762], [5.031999, 52.260323], [5.032131, 52.259979], [5.032162, 52.259734], [5.032155, 52.259561], [5.032035, 52.259162], [5.032083, 52.259155], [5.032046, 52.25899], [5.03194, 52.258786], [5.03148, 52.2581], [5.030912, 52.257642], [5.030608, 52.257303], [5.030054, 52.257113], [5.029947, 52.256979], [5.029933, 52.256865], [5.030011, 52.256809], [5.030411, 52.256709], [5.030563, 52.256597], [5.030773, 52.2561], [5.031033, 52.255673], [5.031622, 52.254842], [5.031983, 52.25442], [5.032176, 52.254323], [5.0325, 52.254029], [5.032988, 52.253722], [5.034562, 52.252433], [5.034714, 52.252351], [5.035064, 52.252264], [5.035715, 52.252276], [5.035841, 52.252295], [5.036308, 52.252468], [5.037308, 52.252926], [5.037595, 52.253115], [5.038144, 52.253673], [5.039214, 52.255308], [5.040253, 52.256178], [5.040964, 52.256381], [5.041115, 52.256396], [5.041325, 52.256368], [5.041784, 52.256256], [5.042216, 52.256108], [5.042783, 52.255798], [5.043161, 52.255419], [5.043125, 52.255278], [5.043258, 52.254162], [5.043341, 52.254069], [5.043419, 52.253476], [5.043548, 52.253442], [5.043622, 52.253313], [5.043633, 52.253156], [5.043578, 52.25297], [5.043706, 52.252573], [5.043594, 52.252565], [5.043612, 52.252478], [5.043711, 52.252486], [5.043781, 52.25232], [5.043721, 52.252296], [5.043748, 52.252104], [5.04404, 52.25148], [5.044041, 52.251278], [5.044161, 52.25121], [5.044395, 52.250623], [5.044382, 52.250503], [5.044937, 52.249823], [5.044951, 52.249746], [5.045506, 52.249143], [5.046042, 52.248675], [5.046116, 52.248532], [5.04607, 52.247311], [5.045971, 52.247108], [5.046027, 52.24695], [5.045959, 52.246841], [5.045929, 52.246652], [5.045976, 52.24648], [5.045885, 52.246337], [5.045915, 52.246055], [5.045887, 52.244969], [5.045771, 52.244536], [5.045809, 52.244387], [5.045647, 52.243945], [5.045854, 52.243382], [5.045996, 52.243221], [5.046457, 52.242843], [5.047529, 52.242206], [5.047751, 52.242102], [5.048421, 52.241913], [5.048724, 52.241579], [5.049075, 52.241309], [5.052947, 52.238997], [5.055457, 52.237545], [5.056262, 52.237136], [5.056906, 52.236515], [5.057149, 52.236076], [5.057124, 52.236014], [5.057455, 52.235833], [5.057624, 52.235382], [5.057475, 52.235212], [5.056762, 52.235593], [5.056355, 52.235337], [5.056281, 52.235381], [5.05579, 52.235214], [5.055927, 52.235115], [5.056224, 52.234979], [5.055432, 52.234727], [5.054993, 52.234676], [5.054517, 52.234553], [5.053805, 52.234233], [5.053539, 52.23421], [5.053464, 52.234152], [5.053283, 52.234243], [5.052905, 52.233956], [5.05274, 52.233927], [5.052548, 52.233822], [5.052412, 52.233784], [5.052237, 52.233858], [5.0519, 52.233704], [5.051955, 52.233674], [5.051688, 52.23353], [5.04651, 52.231858], [5.043823, 52.231019], [5.043567, 52.231118], [5.043244, 52.230819], [5.042397, 52.230547], [5.041586, 52.230888], [5.041345, 52.230077], [5.040518, 52.229834], [5.040706, 52.229547], [5.041314, 52.229494], [5.041102, 52.229322], [5.042484, 52.22878], [5.042086, 52.228461], [5.041695, 52.228235], [5.041583, 52.228213], [5.041326, 52.228069], [5.040842, 52.227693], [5.040945, 52.227538], [5.040723, 52.227227], [5.040512, 52.227139], [5.040046, 52.227031], [5.039108, 52.225921], [5.038856, 52.225731], [5.038936, 52.225655], [5.038934, 52.225507], [5.038856, 52.225471], [5.038731, 52.225179], [5.037102, 52.225342], [5.036959, 52.224752], [5.039334, 52.224435], [5.039317, 52.224372], [5.037101, 52.224589], [5.037003, 52.224581], [5.036993, 52.224543], [5.037274, 52.224446], [5.0372, 52.224289], [5.036666, 52.22436], [5.036645, 52.224246], [5.036684, 52.224231], [5.036644, 52.224207], [5.036592, 52.223568], [5.036494, 52.22309], [5.035849, 52.217529], [5.036524, 52.217387], [5.036845, 52.217191], [5.036974, 52.216971], [5.03713, 52.21655], [5.037078, 52.216416], [5.036917, 52.216244], [5.037106, 52.216195], [5.037008, 52.215909], [5.036943, 52.215914], [5.036693, 52.215691], [5.036874, 52.215154], [5.036029, 52.215162], [5.035692, 52.215139], [5.035654, 52.214824], [5.035759, 52.214583], [5.035599, 52.214518], [5.035329, 52.214487], [5.03533, 52.214462], [5.035459, 52.214384], [5.035551, 52.214418], [5.036949, 52.214413], [5.037121, 52.21434], [5.037257, 52.214324], [5.03729, 52.214216], [5.037166, 52.214186], [5.036656, 52.214198], [5.036657, 52.214155], [5.03678, 52.21414], [5.036802, 52.21408], [5.036699, 52.213648], [5.033788, 52.213714], [5.03373, 52.213123], [5.034291, 52.213098], [5.034314, 52.213064], [5.034182, 52.21233], [5.033741, 52.210899], [5.033666, 52.210463], [5.03361, 52.210332], [5.033571, 52.210334], [5.033511, 52.210194], [5.033437, 52.210141], [5.033471, 52.210078], [5.033401, 52.209836], [5.033486, 52.209828], [5.033468, 52.209717], [5.033258, 52.209098], [5.036217, 52.208833], [5.035934, 52.207624], [5.035876, 52.207455], [5.035816, 52.207413], [5.03287, 52.207747], [5.03284, 52.207869], [5.032734, 52.207822], [5.032694, 52.207638], [5.032614, 52.207589], [5.032654, 52.207579], [5.032669, 52.207514], [5.032524, 52.207324], [5.032559, 52.207189], [5.032119, 52.205697], [5.032561, 52.205663], [5.032624, 52.205635], [5.032803, 52.205642], [5.032886, 52.205606], [5.033459, 52.205522], [5.033723, 52.205546], [5.033842, 52.205505], [5.035325, 52.205277], [5.035315, 52.205233], [5.036157, 52.20513], [5.03527, 52.202368], [5.025948, 52.203956], [5.025934, 52.203929], [5.0256, 52.203982], [5.025431, 52.203256], [5.025037, 52.203271], [5.024997, 52.202849], [5.024674, 52.202864], [5.024689, 52.202989], [5.023315, 52.203051], [5.023461, 52.203807], [5.0226, 52.203971], [5.022429, 52.203362], [5.022409, 52.203], [5.022455, 52.202984], [5.022454, 52.202815], [5.022511, 52.202679], [5.023112, 52.20274], [5.023112, 52.202491], [5.02303, 52.202055], [5.022673, 52.202245], [5.022233, 52.202421], [5.021623, 52.202591], [5.021587, 52.202475], [5.021636, 52.202445], [5.022065, 52.202374], [5.022452, 52.202226], [5.022469, 52.202153], [5.022622, 52.202005], [5.023006, 52.201746], [5.022791, 52.201713], [5.021432, 52.202036], [5.021384, 52.202037], [5.021293, 52.201886], [5.022769, 52.201534], [5.023173, 52.201596], [5.02347, 52.201524], [5.025632, 52.201461], [5.026061, 52.201374], [5.02634, 52.201219], [5.027247, 52.200406], [5.02795, 52.200086], [5.027953, 52.199808], [5.028018, 52.199793], [5.028025, 52.199691], [5.027268, 52.197768], [5.026891, 52.197105], [5.026736, 52.197019], [5.026812, 52.196864], [5.026789, 52.196784], [5.02668, 52.196598], [5.026539, 52.196517], [5.026593, 52.196377], [5.026543, 52.196207], [5.026424, 52.19603], [5.026434, 52.195755], [5.026224, 52.195272], [5.026006, 52.194587], [5.025755, 52.194171], [5.025699, 52.194124], [5.025618, 52.194112], [5.025676, 52.19405], [5.025608, 52.193806], [5.025253, 52.193017], [5.025054, 52.192419], [5.024907, 52.192155], [5.024792, 52.191798], [5.024857, 52.191793], [5.02478, 52.191571], [5.023156, 52.187673], [5.022531, 52.18599], [5.022438, 52.185767], [5.022339, 52.185656], [5.02235, 52.185527], [5.022061, 52.184749], [5.019243, 52.184906], [5.018937, 52.184786], [5.01888, 52.184737], [5.018893, 52.184698], [5.01866, 52.184536], [5.018528, 52.184491], [5.018419, 52.184353], [5.01844, 52.183935], [5.018511, 52.183936], [5.018541, 52.183739], [5.018479, 52.183741], [5.018489, 52.183654], [5.018681, 52.182875], [5.020591, 52.177203], [5.020753, 52.176569], [5.021103, 52.17558], [5.021799, 52.173848], [5.021918, 52.173817], [5.021978, 52.173749], [5.021893, 52.173721], [5.022714, 52.171437], [5.02287, 52.171079], [5.023243, 52.170423], [5.023592, 52.169951], [5.024532, 52.168882], [5.028837, 52.163145], [5.029025, 52.162979], [5.029578, 52.162735], [5.029739, 52.162576], [5.02976, 52.162527], [5.029252, 52.162252], [5.029111, 52.161982], [5.028996, 52.161886], [5.028722, 52.161805], [5.028839, 52.161578], [5.029, 52.161589], [5.029585, 52.161369], [5.03005, 52.161311], [5.030794, 52.161437], [5.031106, 52.161598], [5.03119, 52.161733], [5.03145, 52.161543], [5.031738, 52.161427], [5.04063, 52.15929], [5.040626, 52.159259], [5.040539, 52.159241], [5.040611, 52.159134], [5.040953, 52.159196], [5.040991, 52.159143], [5.040645, 52.159076], [5.040744, 52.158921], [5.041515, 52.159071], [5.044374, 52.158366], [5.045055, 52.158136], [5.045157, 52.15805], [5.046206, 52.156361], [5.046547, 52.155877], [5.037828, 52.153868], [5.037642, 52.153758], [5.037322, 52.153429], [5.035609, 52.151362], [5.035481, 52.151244], [5.035322, 52.151231], [5.03541, 52.151076], [5.035349, 52.150917], [5.035561, 52.150954], [5.035764, 52.151077], [5.036185, 52.151632], [5.036711, 52.151441], [5.03664, 52.151377], [5.036867, 52.151284], [5.037974, 52.152384], [5.038965, 52.152023], [5.039052, 52.151959], [5.039121, 52.151832], [5.039304, 52.151988], [5.039691, 52.15176], [5.039756, 52.151807], [5.040557, 52.151261], [5.04059, 52.151283], [5.041177, 52.150893], [5.041224, 52.150895], [5.041999, 52.150371], [5.042012, 52.150318], [5.043291, 52.149488], [5.043362, 52.149498], [5.043423, 52.149448], [5.043358, 52.149429], [5.043619, 52.149263], [5.043679, 52.149282], [5.043757, 52.149224], [5.043697, 52.149213], [5.050002, 52.145013], [5.049878, 52.144929], [5.049511, 52.144903], [5.049436, 52.144851], [5.049341, 52.144681], [5.049253, 52.144343], [5.04949, 52.14421], [5.051048, 52.144449], [5.053604, 52.142912], [5.053407, 52.142766], [5.053598, 52.142531], [5.053659, 52.142513], [5.053591, 52.142389], [5.054844, 52.141756], [5.055182, 52.1415], [5.055975, 52.140638], [5.056238, 52.140412], [5.059406, 52.136943], [5.059534, 52.136864], [5.060626, 52.136717], [5.061129, 52.136593], [5.061592, 52.136371], [5.061996, 52.136056], [5.062238, 52.135517], [5.0607, 52.13521], [5.059235, 52.134832], [5.060002, 52.133215], [5.0587, 52.132973], [5.058484, 52.13286], [5.051048, 52.13729], [5.049142, 52.136757], [5.048866, 52.13671], [5.048859, 52.136655], [5.048758, 52.136655], [5.048765, 52.136691], [5.04651, 52.136058], [5.046629, 52.135826], [5.046753, 52.134627], [5.046873, 52.134052], [5.047128, 52.133453], [5.047504, 52.132861], [5.048043, 52.132312], [5.048719, 52.131709], [5.049559, 52.131117], [5.051471, 52.129526], [5.052489, 52.128886], [5.053594, 52.128376], [5.05394, 52.128262], [5.054488, 52.128174], [5.05524, 52.128116], [5.055625, 52.128122], [5.056439, 52.128247], [5.0572, 52.128433], [5.057525, 52.128573], [5.057872, 52.128845], [5.058046, 52.129085], [5.058397, 52.130444], [5.058459, 52.131356], [5.058377, 52.13261], [5.058547, 52.132817], [5.058751, 52.132912], [5.060687, 52.133273], [5.060764, 52.133297], [5.060752, 52.133352], [5.060907, 52.133382], [5.060814, 52.13351], [5.060867, 52.133773], [5.060745, 52.134066], [5.060508, 52.134173], [5.060476, 52.134355], [5.060532, 52.134357], [5.060474, 52.134921], [5.063319, 52.13546], [5.063724, 52.135559], [5.065321, 52.135764], [5.066141, 52.135285], [5.066768, 52.134979], [5.068368, 52.13404], [5.073158, 52.13153], [5.072737, 52.131215], [5.074119, 52.129018], [5.074735, 52.128716], [5.074105, 52.12822], [5.07411, 52.128082], [5.074037, 52.12806], [5.076007, 52.126961], [5.08574, 52.13456], [5.098055, 52.12941], [5.098547, 52.129275], [5.099498, 52.129245], [5.099801, 52.129116], [5.100012, 52.128993], [5.100169, 52.128837], [5.100431, 52.128729], [5.101293, 52.128612], [5.097655, 52.125251], [5.095842, 52.123659], [5.09586, 52.123618], [5.095757, 52.123526], [5.095476, 52.123283], [5.095371, 52.123308], [5.095152, 52.123129], [5.095094, 52.123157], [5.094892, 52.122996], [5.094951, 52.122967], [5.094415, 52.122533], [5.094209, 52.122423], [5.093683, 52.121864], [5.093225, 52.12161], [5.093026, 52.121395], [5.093118, 52.121359], [5.09283, 52.121108], [5.092216, 52.120422], [5.091911, 52.120541], [5.091894, 52.120482], [5.091693, 52.120334], [5.091739, 52.120254], [5.091605, 52.120088], [5.091273, 52.119793], [5.091207, 52.119793], [5.090877, 52.119902], [5.090813, 52.119868], [5.090514, 52.120011], [5.090581, 52.120188], [5.090238, 52.120347], [5.090429, 52.12052], [5.090361, 52.120572], [5.090513, 52.120721], [5.090402, 52.120769], [5.090433, 52.120783], [5.089021, 52.121388], [5.088952, 52.121393], [5.088653, 52.121214], [5.08789, 52.121561], [5.086791, 52.120868], [5.085489, 52.121574], [5.081324, 52.123993], [5.080617, 52.12342], [5.080765, 52.123351], [5.080715, 52.123251], [5.081701, 52.122759], [5.081423, 52.12247], [5.080806, 52.122769], [5.080517, 52.122775], [5.080369, 52.12272], [5.079985, 52.122356], [5.076871, 52.120743], [5.076275, 52.121066], [5.075874, 52.121329], [5.074066, 52.12284], [5.073714, 52.122758], [5.072884, 52.122394], [5.072773, 52.122465], [5.072794, 52.122504], [5.072327, 52.122785], [5.07224, 52.122766], [5.071992, 52.122892], [5.071843, 52.123038], [5.070216, 52.124028], [5.069246, 52.124134], [5.068926, 52.124276], [5.068365, 52.124716], [5.066701, 52.126279], [5.06583, 52.12691], [5.065514, 52.127076], [5.065135, 52.127222], [5.064566, 52.127305], [5.063721, 52.127362], [5.063568, 52.127442], [5.06289, 52.128242], [5.062189, 52.129442], [5.062322, 52.129711], [5.062538, 52.129931], [5.063596, 52.130552], [5.063934, 52.13087], [5.06408, 52.131084], [5.064663, 52.131531], [5.063947, 52.13208], [5.063517, 52.13234], [5.062474, 52.132645], [5.061866, 52.132785], [5.061089, 52.13292], [5.060782, 52.132937], [5.059915, 52.132806], [5.059939, 52.132753], [5.059706, 52.132662], [5.059575, 52.132474], [5.059556, 52.132229], [5.059463, 52.132069], [5.059507, 52.131806], [5.059328, 52.131756], [5.059246, 52.131893], [5.059186, 52.131903], [5.059144, 52.131792], [5.059058, 52.131304], [5.058919, 52.129805], [5.058748, 52.129235], [5.058592, 52.128953], [5.058301, 52.128605], [5.057913, 52.128337], [5.057678, 52.12823], [5.057207, 52.128059], [5.056369, 52.1279], [5.055766, 52.127826], [5.055149, 52.127829], [5.054129, 52.127914], [5.054043, 52.127763], [5.05393, 52.127761], [5.053871, 52.127809], [5.053333, 52.127947], [5.052635, 52.128174], [5.051712, 52.128707], [5.051868, 52.128578], [5.05281, 52.128061], [5.053059, 52.127985], [5.05357, 52.127691], [5.053569, 52.127639], [5.056822, 52.12574], [5.056935, 52.125706], [5.057341, 52.125473], [5.057726, 52.125351], [5.058321, 52.125001], [5.058299, 52.124936], [5.058696, 52.124691], [5.074158, 52.115729], [5.078621, 52.113171], [5.079042, 52.112984], [5.081117, 52.111787], [5.081555, 52.111479], [5.082921, 52.110665], [5.083133, 52.110571], [5.092486, 52.10519], [5.093675, 52.104457], [5.107446, 52.096489], [5.108794, 52.095839], [5.109489, 52.095188], [5.111376, 52.093018], [5.111445, 52.09289], [5.111584, 52.092737], [5.111723, 52.092659], [5.118732, 52.094734], [5.123377, 52.095185], [5.12911, 52.093215], [5.131272, 52.090357], [5.132013, 52.085733], [5.130236, 52.083968], [5.128464, 52.081322], [5.130896, 52.080064], [5.13813, 52.078699], [5.141662, 52.07754], [5.144529, 52.081546], [5.145496, 52.082714], [5.146342, 52.083568], [5.147956, 52.085005], [5.148318, 52.085369], [5.148668, 52.085828], [5.149025, 52.085648], [5.148845, 52.085746], [5.148894, 52.085784], [5.149089, 52.085699], [5.148703, 52.085884], [5.148933, 52.086333], [5.149062, 52.086895], [5.149044, 52.087359], [5.14889, 52.08773], [5.148405, 52.088405], [5.147881, 52.088852], [5.147411, 52.089361], [5.146895, 52.090089], [5.146146, 52.091338], [5.145008, 52.093899], [5.145573, 52.09401], [5.145541, 52.094006], [5.145552, 52.094058], [5.145519, 52.09406], [5.144979, 52.093967], [5.144319, 52.095653], [5.144135, 52.095808], [5.143903, 52.095917], [5.143642, 52.09598], [5.143325, 52.095998], [5.142977, 52.095953], [5.141178, 52.09551], [5.13852, 52.095589], [5.137159, 52.095574], [5.132228, 52.095342], [5.126737, 52.09503], [5.1264, 52.094988], [5.126381, 52.095058], [5.130468, 52.095298], [5.130896, 52.095349], [5.131344, 52.095351], [5.137194, 52.095633], [5.138752, 52.095644], [5.141064, 52.095586], [5.141423, 52.095629], [5.142961, 52.096031], [5.143312, 52.09608], [5.143612, 52.09607], [5.143929, 52.096003], [5.144208, 52.095878], [5.144401, 52.095728], [5.144639, 52.096085], [5.144482, 52.096487], [5.144217, 52.096582], [5.143937, 52.096737], [5.143791, 52.096905], [5.143692, 52.097102], [5.143356, 52.097967], [5.143223, 52.098471], [5.14313, 52.099124], [5.14234, 52.099138], [5.142346, 52.09936], [5.142149, 52.099364], [5.142068, 52.099403], [5.141698, 52.099456], [5.14034, 52.100041], [5.140314, 52.100012], [5.139847, 52.10018], [5.13985, 52.100205], [5.139188, 52.100399], [5.13622, 52.101467], [5.13607, 52.101514], [5.136055, 52.10147], [5.135671, 52.101511], [5.135685, 52.101552], [5.135325, 52.101674], [5.133018, 52.102374], [5.132551, 52.102491], [5.132522, 52.102443], [5.132086, 52.103551], [5.131684, 52.10364], [5.133682, 52.107134], [5.134129, 52.107157], [5.134129, 52.107217], [5.134044, 52.107242], [5.134081, 52.107283], [5.134006, 52.107369], [5.134004, 52.107699], [5.136852, 52.112486], [5.136682, 52.112782], [5.139221, 52.113343], [5.141078, 52.113797], [5.142163, 52.113997], [5.143773, 52.114364], [5.143828, 52.114409], [5.145434, 52.11481], [5.147009, 52.115083], [5.148152, 52.115368], [5.148156, 52.114903], [5.148286, 52.114295], [5.151315, 52.108491], [5.151487, 52.108231], [5.154294, 52.102341], [5.155441, 52.100338], [5.156578, 52.09869], [5.155732, 52.098525], [5.154757, 52.098288], [5.152399, 52.097813], [5.149119, 52.097196], [5.149165, 52.097637], [5.149094, 52.098205], [5.149016, 52.098361], [5.14882, 52.098451], [5.148355, 52.09848], [5.147128, 52.098395], [5.146871, 52.098462], [5.146492, 52.098626], [5.146122, 52.098688], [5.145603, 52.098639], [5.144805, 52.098479], [5.144679, 52.098361], [5.14469, 52.098178], [5.145044, 52.097483], [5.145376, 52.09703], [5.14552, 52.096727], [5.14563, 52.096619], [5.14568, 52.096347], [5.14552, 52.096321], [5.145519, 52.096272], [5.145344, 52.096219], [5.145193, 52.096217], [5.145148, 52.096257], [5.144983, 52.096223], [5.145109, 52.095912], [5.145221, 52.095769], [5.145591, 52.095559], [5.146103, 52.094544], [5.146588, 52.094455], [5.146852, 52.094361], [5.147138, 52.094392], [5.148275, 52.094775], [5.148375, 52.09487], [5.148471, 52.095157], [5.148557, 52.09525], [5.150119, 52.095791], [5.150292, 52.096096], [5.15027, 52.096156], [5.149384, 52.096936], [5.149441, 52.096942], [5.149334, 52.097157], [5.150847, 52.097427], [5.156982, 52.09862], [5.15932, 52.099109], [5.165689, 52.100608], [5.165699, 52.100712], [5.167335, 52.101089], [5.167866, 52.101938], [5.16837, 52.102625], [5.168431, 52.102609], [5.171019, 52.106597], [5.171216, 52.106981], [5.170359, 52.107132], [5.169771, 52.10728], [5.168868, 52.107682], [5.168615, 52.107726], [5.168371, 52.107909], [5.168783, 52.108111], [5.168981, 52.108491], [5.171065, 52.111631], [5.171111, 52.111856], [5.172152, 52.113443], [5.172773, 52.112594], [5.173183, 52.111852], [5.173487, 52.11109], [5.173681, 52.110315], [5.173768, 52.109375], [5.173675, 52.107745], [5.173496, 52.10681], [5.173401, 52.106501], [5.173307, 52.106475], [5.173768, 52.106059], [5.174774, 52.105428], [5.175267, 52.106167], [5.177407, 52.105741], [5.177956, 52.105612], [5.177999, 52.105533], [5.177758, 52.105021], [5.176722, 52.103574], [5.176678, 52.10345], [5.176694, 52.103258], [5.178606, 52.103442], [5.183839, 52.104436], [5.184462, 52.104453], [5.186241, 52.104251], [5.18626, 52.10434], [5.186451, 52.104337], [5.186379, 52.104397], [5.186376, 52.104456], [5.186538, 52.105078], [5.18675, 52.105611], [5.188893, 52.108539], [5.189121, 52.108711], [5.189391, 52.109001], [5.19015, 52.109951], [5.190851, 52.111136], [5.191496, 52.111991], [5.191559, 52.112188], [5.19149, 52.112513], [5.191571, 52.11277], [5.195827, 52.1181], [5.197977, 52.117479], [5.19817, 52.117372], [5.198235, 52.117436], [5.198263, 52.117426], [5.202776, 52.121781], [5.202646, 52.121805], [5.207236, 52.126272], [5.207959, 52.126132], [5.208014, 52.126181], [5.21637, 52.124322], [5.217058, 52.124051], [5.217162, 52.124052], [5.217257, 52.124127], [5.217534, 52.124067], [5.218412, 52.12373], [5.21852, 52.123733], [5.21917, 52.124067], [5.219309, 52.124147], [5.219404, 52.124256], [5.220044, 52.124021], [5.22104, 52.123744], [5.222003, 52.123529], [5.222794, 52.123387], [5.223629, 52.123277], [5.2282, 52.122814], [5.225885, 52.121817], [5.223637, 52.121064], [5.22338, 52.121051], [5.22316, 52.121099], [5.222938, 52.121196], [5.222777, 52.121152], [5.220595, 52.120198], [5.220225, 52.119969], [5.22012, 52.119671], [5.220051, 52.119639], [5.218258, 52.118939], [5.217172, 52.118611], [5.217113, 52.118514], [5.217236, 52.118356], [5.217066, 52.118262], [5.216775, 52.118159], [5.215909, 52.117964], [5.215929, 52.117839], [5.216051, 52.117878], [5.21636, 52.117283], [5.217713, 52.115521], [5.217939, 52.115319], [5.21843, 52.115025], [5.219327, 52.114614], [5.218543, 52.114343], [5.218092, 52.114318], [5.218656, 52.112256], [5.218764, 52.112206], [5.218935, 52.111663], [5.219168, 52.111124], [5.219145, 52.110731], [5.219634, 52.109858], [5.219775, 52.109246], [5.220487, 52.107301], [5.220582, 52.106881], [5.22056, 52.106818], [5.220912, 52.105997], [5.224092, 52.106342], [5.22454, 52.106432], [5.222621, 52.1073], [5.221536, 52.108315], [5.220694, 52.109365], [5.220129, 52.11045], [5.220032, 52.111135], [5.220626, 52.111513], [5.221426, 52.111675], [5.2226, 52.111539], [5.224521, 52.110719], [5.225675, 52.110412], [5.227128, 52.110278], [5.229008, 52.110372], [5.230773, 52.110866], [5.232091, 52.111634], [5.233149, 52.112368], [5.231474, 52.114626], [5.231593, 52.114659], [5.233277, 52.112456], [5.234305, 52.113143], [5.23474, 52.112656], [5.235077, 52.112366], [5.235832, 52.111851], [5.235705, 52.111255], [5.23701, 52.111099], [5.236606, 52.110059], [5.23753, 52.109967], [5.237506, 52.109894], [5.238399, 52.110047], [5.239255, 52.110246], [5.239897, 52.110532], [5.239826, 52.110577], [5.240102, 52.110852], [5.240222, 52.111208], [5.239596, 52.11128], [5.239037, 52.110777], [5.238698, 52.110825], [5.239176, 52.112496], [5.239701, 52.112125], [5.240653, 52.111612], [5.24179, 52.111168], [5.242945, 52.110868], [5.24352, 52.111181], [5.243729, 52.111372], [5.243766, 52.111556], [5.243603, 52.111808], [5.243645, 52.111906], [5.244508, 52.112244], [5.245871, 52.11257], [5.245889, 52.112718], [5.246057, 52.112808], [5.246154, 52.1128], [5.24632, 52.112728], [5.246413, 52.112797], [5.24651, 52.112801], [5.246694, 52.112667], [5.247078, 52.11269], [5.247488, 52.112921], [5.247706, 52.112976], [5.246981, 52.114176], [5.246602, 52.114687], [5.246415, 52.114801], [5.246401, 52.115103], [5.245727, 52.116], [5.245577, 52.116306], [5.245086, 52.116628], [5.245053, 52.116747], [5.244544, 52.11754], [5.244122, 52.118062], [5.243835, 52.118783], [5.243108, 52.119845], [5.243053, 52.120009], [5.243123, 52.120231], [5.243382, 52.120135], [5.24328, 52.120009], [5.243437, 52.119956], [5.243522, 52.119958], [5.243517, 52.120027], [5.243799, 52.12032], [5.243872, 52.120477], [5.243919, 52.120465], [5.244147, 52.120792], [5.244888, 52.121376], [5.245538, 52.121823], [5.245871, 52.122144], [5.246224, 52.122258], [5.245757, 52.123625], [5.247108, 52.123863], [5.246715, 52.124535], [5.246839, 52.124563], [5.246916, 52.124548], [5.247012, 52.124461], [5.24976, 52.126596], [5.249968, 52.126819], [5.250029, 52.127226], [5.250026, 52.127462], [5.249981, 52.127523], [5.24965, 52.127443], [5.247825, 52.125934], [5.247244, 52.126267], [5.245846, 52.126153], [5.245825, 52.126182], [5.246444, 52.127024], [5.247259, 52.127949], [5.247865, 52.128267], [5.248707, 52.128786], [5.249561, 52.12913], [5.250068, 52.129293], [5.249898, 52.12962], [5.249855, 52.12984], [5.249814, 52.130761], [5.250049, 52.131799], [5.250137, 52.131849], [5.250367, 52.131853], [5.250468, 52.131916], [5.250495, 52.131974], [5.250495, 52.132028], [5.2504, 52.132115], [5.250258, 52.132144], [5.250116, 52.132115], [5.249994, 52.132029], [5.25046, 52.133789], [5.250539, 52.134498], [5.250496, 52.135196], [5.250253, 52.13617], [5.250023, 52.136649], [5.24942, 52.137604], [5.248821, 52.13827], [5.248059, 52.13893], [5.248057, 52.13898], [5.247335, 52.139511], [5.246596, 52.139945], [5.244827, 52.140762], [5.248606, 52.141744], [5.248999, 52.141961], [5.250884, 52.142337], [5.256135, 52.143744], [5.262829, 52.145375], [5.264108, 52.145543], [5.264887, 52.145747], [5.265068, 52.145743], [5.266821, 52.145931], [5.267827, 52.145997], [5.268706, 52.146248], [5.270181, 52.146563], [5.271051, 52.146548], [5.272373, 52.146573], [5.273494, 52.146516], [5.274703, 52.146141], [5.275506, 52.145925], [5.275989, 52.145746], [5.277365, 52.145685], [5.278279, 52.145614], [5.277972, 52.144929], [5.278958, 52.144363], [5.279556, 52.144136], [5.280301, 52.144033], [5.281493, 52.144047], [5.285147, 52.143216], [5.285893, 52.142874], [5.286524, 52.142809], [5.286841, 52.14274], [5.287584, 52.14293], [5.288462, 52.142984], [5.28932, 52.142844], [5.291353, 52.142011], [5.292246, 52.142024], [5.294611, 52.142369], [5.29556, 52.142575], [5.295951, 52.143022], [5.296991, 52.143434], [5.301011, 52.144489], [5.30278, 52.144513], [5.304179, 52.144228], [5.305967, 52.144173], [5.30852, 52.143992], [5.310438, 52.143937], [5.312941, 52.144205], [5.312634, 52.144339], [5.314012, 52.1445], [5.314775, 52.144706], [5.315557, 52.144867], [5.31684, 52.145508], [5.317808, 52.145794], [5.318738, 52.146184], [5.31924, 52.146435], [5.320393, 52.147247], [5.320987, 52.147591], [5.321602, 52.147797], [5.322571, 52.147992], [5.324471, 52.148269], [5.324864, 52.147148], [5.325041, 52.146921], [5.32561, 52.146726], [5.326169, 52.146658], [5.326543, 52.146166], [5.326512, 52.146313], [5.332217, 52.146361], [5.332313, 52.147793], [5.326837, 52.147507], [5.326878, 52.147619], [5.327246, 52.147698], [5.32771, 52.148349], [5.327724, 52.148563], [5.328008, 52.148761], [5.328157, 52.148795], [5.328416, 52.148956], [5.328863, 52.149287], [5.329681, 52.149597], [5.330743, 52.14978], [5.331897, 52.14978], [5.332699, 52.149644], [5.334637, 52.148983], [5.335887, 52.148492], [5.337154, 52.148471], [5.338495, 52.148665], [5.339574, 52.149043], [5.341509, 52.149855], [5.342495, 52.150404], [5.342923, 52.150804], [5.343481, 52.151216], [5.345417, 52.151743], [5.346572, 52.151846], [5.347466, 52.151961], [5.34849, 52.152133], [5.349497, 52.152346], [5.350053, 52.152533], [5.350574, 52.152797], [5.350928, 52.153071], [5.351262, 52.153415], [5.352995, 52.153837], [5.353851, 52.153998], [5.354522, 52.154319], [5.355209, 52.154833], [5.355252, 52.155119], [5.355917, 52.154867], [5.356775, 52.154468], [5.357241, 52.154137], [5.357913, 52.15384], [5.360094, 52.153258], [5.358437, 52.152697], [5.357543, 52.152469], [5.356613, 52.152137], [5.355683, 52.15176], [5.353877, 52.150741], [5.353807, 52.150248], [5.35373, 52.150226], [5.354068, 52.150171], [5.353714, 52.149879], [5.353821, 52.14988], [5.353873, 52.14985], [5.354151, 52.146635], [5.354105, 52.146442], [5.353987, 52.146369], [5.35358, 52.14638], [5.352103, 52.14608], [5.350753, 52.145848], [5.349733, 52.145594], [5.34965, 52.145522], [5.349714, 52.144786], [5.351223, 52.145067], [5.35133, 52.144767], [5.351561, 52.144761], [5.351761, 52.144807], [5.352252, 52.144992], [5.353143, 52.145119], [5.354103, 52.145426], [5.355719, 52.145667], [5.3559, 52.14574], [5.356052, 52.145861], [5.356422, 52.145808], [5.356541, 52.145876], [5.359948, 52.14642], [5.360073, 52.146321], [5.361249, 52.144791], [5.361498, 52.144559], [5.362604, 52.143084], [5.363095, 52.142495], [5.363569, 52.142683], [5.361667, 52.145129], [5.361825, 52.145158], [5.363729, 52.142733], [5.364904, 52.143245], [5.365046, 52.143158], [5.363986, 52.142641], [5.36395, 52.142611], [5.363976, 52.142591], [5.362807, 52.142124], [5.358836, 52.141009], [5.358523, 52.141271], [5.358196, 52.141334], [5.358058, 52.141234], [5.35813, 52.141116], [5.358061, 52.140928], [5.35756, 52.140629], [5.357227, 52.140378], [5.356834, 52.14018], [5.354572, 52.139608], [5.35379, 52.139452], [5.353479, 52.139434], [5.353537, 52.139337], [5.353367, 52.139061], [5.353638, 52.138896], [5.353931, 52.138788], [5.357756, 52.137511], [5.358363, 52.137382], [5.358543, 52.137378], [5.358871, 52.137431], [5.358959, 52.137325], [5.359047, 52.137558], [5.359028, 52.137672], [5.359234, 52.137604], [5.360052, 52.138096], [5.360162, 52.138576], [5.360113, 52.138678], [5.360552, 52.139021], [5.361148, 52.139364], [5.361669, 52.139765], [5.362319, 52.140165], [5.362859, 52.14045], [5.364273, 52.140976], [5.365074, 52.14116], [5.365576, 52.141434], [5.367307, 52.142246], [5.368299, 52.143103], [5.368741, 52.142752], [5.369578, 52.142212], [5.370899, 52.14194], [5.370865, 52.141645], [5.370896, 52.141506], [5.369016, 52.139031], [5.368679, 52.138848], [5.367931, 52.138644], [5.365656, 52.137822], [5.365969, 52.13729], [5.366132, 52.136897], [5.366072, 52.135744], [5.369073, 52.134568], [5.368803, 52.134091], [5.370813, 52.133449], [5.370953, 52.133372], [5.3722, 52.133011], [5.373093, 52.132679], [5.373693, 52.132947], [5.37519, 52.133219], [5.375592, 52.134648], [5.377007, 52.134604], [5.377343, 52.134422], [5.377714, 52.134479], [5.37818, 52.134354], [5.378793, 52.134321], [5.37937, 52.134368], [5.379687, 52.134345], [5.380486, 52.134496], [5.383563, 52.13556], [5.383775, 52.135402], [5.389781, 52.136541], [5.391935, 52.133243], [5.395933, 52.134139], [5.396806, 52.134392], [5.39779, 52.134759], [5.398663, 52.135137], [5.399703, 52.135698], [5.396485, 52.139361], [5.39641, 52.139578], [5.396445, 52.139818], [5.396534, 52.14001], [5.397859, 52.138628], [5.398639, 52.137682], [5.399779, 52.137665], [5.401595, 52.138859], [5.400995, 52.140168], [5.401301, 52.14011], [5.402588, 52.13954], [5.404118, 52.138605], [5.404473, 52.138446], [5.404697, 52.138229], [5.403831, 52.136274], [5.403701, 52.136068], [5.403832, 52.13584], [5.404214, 52.133887], [5.404179, 52.133316], [5.404162, 52.133088], [5.403977, 52.132733], [5.403662, 52.132379], [5.403422, 52.132001], [5.40307, 52.131795], [5.402874, 52.131634], [5.39864, 52.131835], [5.398755, 52.131024], [5.402125, 52.130937], [5.402582, 52.130873], [5.40251, 52.130763], [5.402475, 52.130588], [5.401811, 52.1304], [5.400566, 52.129781], [5.40027, 52.129495], [5.399898, 52.129312], [5.399751, 52.129072], [5.399492, 52.128797], [5.399419, 52.128432], [5.39944, 52.128146], [5.399496, 52.127735], [5.399704, 52.127221], [5.399872, 52.127085], [5.399966, 52.126879], [5.400283, 52.126696], [5.400657, 52.126228], [5.401243, 52.125677], [5.401163, 52.125338], [5.401016, 52.125143], [5.400868, 52.124789], [5.400814, 52.124503], [5.400908, 52.124172], [5.400966, 52.123704], [5.400897, 52.123394], [5.400148, 52.123925], [5.399422, 52.123583], [5.396837, 52.120955], [5.398272, 52.120429], [5.400318, 52.121412], [5.400531, 52.121365], [5.400549, 52.121213], [5.399363, 52.120274], [5.399252, 52.120068], [5.398659, 52.119576], [5.398364, 52.11913], [5.398087, 52.11881], [5.397605, 52.118455], [5.397085, 52.118169], [5.396658, 52.117735], [5.395714, 52.116933], [5.395409, 52.116728], [5.395339, 52.116722], [5.395223, 52.116579], [5.394935, 52.116438], [5.394751, 52.116143], [5.394934, 52.11624], [5.394826, 52.115972], [5.394858, 52.115612], [5.395033, 52.115311], [5.395239, 52.115105], [5.395742, 52.114956], [5.396932, 52.114992], [5.397545, 52.114948], [5.39803, 52.114868], [5.398496, 52.114721], [5.398757, 52.11447], [5.39885, 52.114218], [5.398815, 52.114058], [5.398624, 52.113925], [5.400099, 52.11392], [5.400312, 52.113953], [5.402009, 52.113964], [5.402251, 52.113408], [5.402349, 52.11287], [5.402468, 52.107595], [5.402691, 52.106289], [5.402556, 52.105465], [5.402705, 52.105265], [5.402847, 52.10516], [5.403519, 52.104759], [5.404184, 52.104086], [5.404416, 52.103978], [5.404622, 52.10393], [5.404589, 52.103835], [5.406161, 52.103471], [5.406463, 52.103312], [5.407033, 52.102923], [5.407246, 52.102845], [5.40737, 52.102832], [5.407941, 52.102878], [5.409492, 52.103056], [5.409837, 52.103059], [5.410156, 52.102991], [5.410732, 52.102669], [5.411586, 52.101921], [5.412848, 52.10115], [5.41336, 52.100876], [5.413329, 52.100971], [5.413449, 52.100903], [5.413409, 52.101274], [5.414909, 52.105953], [5.414929, 52.106227], [5.414828, 52.10646], [5.416533, 52.106229], [5.41924, 52.105993], [5.421947, 52.105861], [5.42656, 52.1057], [5.42685, 52.105658], [5.427204, 52.105514], [5.427487, 52.105634], [5.427804, 52.105691], [5.434018, 52.105519], [5.434479, 52.10684], [5.434675, 52.107274], [5.437842, 52.111263], [5.443631, 52.12089], [5.444475, 52.122194], [5.445075, 52.123247], [5.445318, 52.12507], [5.445722, 52.129034], [5.445875, 52.131312], [5.445797, 52.132199], [5.445817, 52.132648], [5.446208, 52.134214], [5.446521, 52.135828], [5.447026, 52.136673], [5.447332, 52.13698], [5.447941, 52.137436], [5.448176, 52.137721], [5.448362, 52.138093], [5.448442, 52.138341], [5.448445, 52.138794], [5.448312, 52.139112], [5.448115, 52.139319], [5.447738, 52.139574], [5.446977, 52.139915], [5.445688, 52.140364], [5.444451, 52.140707], [5.441162, 52.141461], [5.440894, 52.141473], [5.440594, 52.141574], [5.439525, 52.141734], [5.437341, 52.141823], [5.436642, 52.141881], [5.435743, 52.142069], [5.435281, 52.142225], [5.434747, 52.142459], [5.434252, 52.142766], [5.431113, 52.14517], [5.43008, 52.145877], [5.429348, 52.146095], [5.428642, 52.146212], [5.426877, 52.146347], [5.424535, 52.14648], [5.42386, 52.146461], [5.41952, 52.146086], [5.418972, 52.146087], [5.4184, 52.146139], [5.417524, 52.14629], [5.417265, 52.145776], [5.417127, 52.145632], [5.41697, 52.144777], [5.416778, 52.144132], [5.414822, 52.144324], [5.41346, 52.144521], [5.412699, 52.144592], [5.411916, 52.143797], [5.410893, 52.143977], [5.409618, 52.144478], [5.412892, 52.148016], [5.412509, 52.148152], [5.41232, 52.148353], [5.41232, 52.148586], [5.412523, 52.148795], [5.411894, 52.149016], [5.411017, 52.149438], [5.41032, 52.150004], [5.410201, 52.15015], [5.409992, 52.150676], [5.409995, 52.151471], [5.40989, 52.151798], [5.409637, 52.152172], [5.409201, 52.152624], [5.408749, 52.153196], [5.408446, 52.153708], [5.408362, 52.154162], [5.407788, 52.155116], [5.407559, 52.155747], [5.407174, 52.156584], [5.406652, 52.157638], [5.406429, 52.1579], [5.406339, 52.158069], [5.405643, 52.159656], [5.405255, 52.160425], [5.404188, 52.163203], [5.404066, 52.163415], [5.403484, 52.164085], [5.403137, 52.164315], [5.402562, 52.164531], [5.399636, 52.165491], [5.398587, 52.165759], [5.398143, 52.165984], [5.395481, 52.167107], [5.393144, 52.167988], [5.392426, 52.168152], [5.391895, 52.168193], [5.390864, 52.16816], [5.39033, 52.168086], [5.389643, 52.167947], [5.382442, 52.166184], [5.380188, 52.165547], [5.379861, 52.165487], [5.379824, 52.165433], [5.37976, 52.165421], [5.379884, 52.165224], [5.379835, 52.164993], [5.379642, 52.164827], [5.379339, 52.164713], [5.377748, 52.164529], [5.377581, 52.164459], [5.377354, 52.164417], [5.376266, 52.164407], [5.376031, 52.164431], [5.375749, 52.164539], [5.375504, 52.16475], [5.375244, 52.164887], [5.37479, 52.165072], [5.37369, 52.165393], [5.373481, 52.165478], [5.370305, 52.167318], [5.369589, 52.167672], [5.36449, 52.169677], [5.361087, 52.171088], [5.350132, 52.174929], [5.348318, 52.175177], [5.346834, 52.175487], [5.34612, 52.175698], [5.344802, 52.176146], [5.342568, 52.176799], [5.340968, 52.177216], [5.340422, 52.177409], [5.339988, 52.177626], [5.339614, 52.17787], [5.338893, 52.178502], [5.337302, 52.180872], [5.336837, 52.181478], [5.33639, 52.18186], [5.335932, 52.182084], [5.33557, 52.182214], [5.335103, 52.182337], [5.334495, 52.182439], [5.333995, 52.18245], [5.333346, 52.182388], [5.333079, 52.182304], [5.332234, 52.181833], [5.331931, 52.181712], [5.331411, 52.181575], [5.330984, 52.181517], [5.329673, 52.181459], [5.326639, 52.18113], [5.325449, 52.181219], [5.324246, 52.181509], [5.323347, 52.181836], [5.322866, 52.18211], [5.32269, 52.1823], [5.322577, 52.182508], [5.322536, 52.182823], [5.323491, 52.18685], [5.323647, 52.18703], [5.323917, 52.187149], [5.324995, 52.187243], [5.324983, 52.187679], [5.324803, 52.188065], [5.323701, 52.188427], [5.322973, 52.189182], [5.32224, 52.189691], [5.320527, 52.190178], [5.320084, 52.190185], [5.318724, 52.190488], [5.31788, 52.190466], [5.316059, 52.191013], [5.313478, 52.191883], [5.312539, 52.192386], [5.311906, 52.192813], [5.311505, 52.193207], [5.311264, 52.19417], [5.311059, 52.194547], [5.310876, 52.195052], [5.310292, 52.195305], [5.310266, 52.196204], [5.310559, 52.196825], [5.311167, 52.197629], [5.311738, 52.199138], [5.312219, 52.200032], [5.312709, 52.201077], [5.313638, 52.201828], [5.31395, 52.202225], [5.313213, 52.203528], [5.312859, 52.203895], [5.312836, 52.203976], [5.312409, 52.204345], [5.312106, 52.204538], [5.311593, 52.2051], [5.31097, 52.205466], [5.310849, 52.205653], [5.310518, 52.205878], [5.310362, 52.206032], [5.31011, 52.206588], [5.309856, 52.206827], [5.309498, 52.20701], [5.308971, 52.207134], [5.308561, 52.207281], [5.308166, 52.207509], [5.307768, 52.20783], [5.307441, 52.208232], [5.307339, 52.208418], [5.307198, 52.209035], [5.307275, 52.209488], [5.307406, 52.209731], [5.307786, 52.210149], [5.308824, 52.210829], [5.309354, 52.21135], [5.309647, 52.211779], [5.31072, 52.213814], [5.310548, 52.214017], [5.308727, 52.214785], [5.307952, 52.21519], [5.307682, 52.21558], [5.307184, 52.215835], [5.306945, 52.216024], [5.306659, 52.216429], [5.306599, 52.216839], [5.306623, 52.217046], [5.306862, 52.217824], [5.307048, 52.218211], [5.307039, 52.218267], [5.306969, 52.218304], [5.306985, 52.218491], [5.306915, 52.218543], [5.307033, 52.219002], [5.307344, 52.219559], [5.307465, 52.219697], [5.307566, 52.219734], [5.307767, 52.220001], [5.308041, 52.220179], [5.308135, 52.220218], [5.308212, 52.220167], [5.30853, 52.220319], [5.310887, 52.220581], [5.311063, 52.220771], [5.312629, 52.221703], [5.312823, 52.221776], [5.313299, 52.222561], [5.314165, 52.223579], [5.314516, 52.224194], [5.314386, 52.224447], [5.313929, 52.224954], [5.31199, 52.225983], [5.311244, 52.226505], [5.311039, 52.2271], [5.311186, 52.227421], [5.311038, 52.227545], [5.31075, 52.227954], [5.310449, 52.228806], [5.310465, 52.229452], [5.310538, 52.229774], [5.310882, 52.230449], [5.31106, 52.230714], [5.312775, 52.232614], [5.313259, 52.233262], [5.313052, 52.233966], [5.3132, 52.235157], [5.313206, 52.23559], [5.312661, 52.236379], [5.311809, 52.237813], [5.311961, 52.238396], [5.312211, 52.238886], [5.311638, 52.240208], [5.310846, 52.241173], [5.310614, 52.24178], [5.310676, 52.242187], [5.311146, 52.24318], [5.311136, 52.243544], [5.311208, 52.24358], [5.311162, 52.243884], [5.311188, 52.244054], [5.311063, 52.244127], [5.311009, 52.244334], [5.311263, 52.244825], [5.311767, 52.24535], [5.311945, 52.245616], [5.312251, 52.246453], [5.31247, 52.246811], [5.312994, 52.247314], [5.313211, 52.247443], [5.313454, 52.247474], [5.313649, 52.247462], [5.314391, 52.247326], [5.315115, 52.247521], [5.315245, 52.247609], [5.316051, 52.249099], [5.317062, 52.250312], [5.31761, 52.250603], [5.31917, 52.251086], [5.320513, 52.2519], [5.32126, 52.252167], [5.322801, 52.252501], [5.322898, 52.252242], [5.32363, 52.252629], [5.324895, 52.252909], [5.325929, 52.253279], [5.326694, 52.253633], [5.326702, 52.253665], [5.32763, 52.254068], [5.328107, 52.254466], [5.328314, 52.254592], [5.328568, 52.254829], [5.328553, 52.254892], [5.328723, 52.2551], [5.328786, 52.255123], [5.329046, 52.255563], [5.329606, 52.255819], [5.329429, 52.255838], [5.329684, 52.256372], [5.330556, 52.256933], [5.331028, 52.257337], [5.331047, 52.257385], [5.330709, 52.25809], [5.331287, 52.25856], [5.331547, 52.258979], [5.331875, 52.259377], [5.3319, 52.25988], [5.332179, 52.260312], [5.3333, 52.260626], [5.333515, 52.260726], [5.333887, 52.261131], [5.335771, 52.262636], [5.33618, 52.263048], [5.33615, 52.263492], [5.336333, 52.264015], [5.336982, 52.264352], [5.338324, 52.264572], [5.338737, 52.264942], [5.338796, 52.2652], [5.339158, 52.26604], [5.340619, 52.266299], [5.341519, 52.266827], [5.342548, 52.267541], [5.343919, 52.267845], [5.346207, 52.268289], [5.348557, 52.268785], [5.352458, 52.269387], [5.353838, 52.268849], [5.357565, 52.267195], [5.357839, 52.267067], [5.357801, 52.26704], [5.358085, 52.2669], [5.361677, 52.265232], [5.360836, 52.264838], [5.360348, 52.264652], [5.359317, 52.264339], [5.358582, 52.264175], [5.357535, 52.264005], [5.355963, 52.263894], [5.354953, 52.263775], [5.35392, 52.263715], [5.353091, 52.263585], [5.347866, 52.259741], [5.346991, 52.258947], [5.339174, 52.250536], [5.33891, 52.250172], [5.332975, 52.243251], [5.33197, 52.241997], [5.331815, 52.241758], [5.331605, 52.241286], [5.331518, 52.240873], [5.3315, 52.240402], [5.33263, 52.229663], [5.33258, 52.228763], [5.332168, 52.226645], [5.32882, 52.227077], [5.326705, 52.220361], [5.324193, 52.216422], [5.323644, 52.215359], [5.330074, 52.214201], [5.329234, 52.213141], [5.328851, 52.212756], [5.327673, 52.209528], [5.327708, 52.209228], [5.327813, 52.208865], [5.33015, 52.203929], [5.330499, 52.203373], [5.330986, 52.203074], [5.330639, 52.202839], [5.330987, 52.202604], [5.332939, 52.1988], [5.333428, 52.197796], [5.333812, 52.196685], [5.333971, 52.196063], [5.334404, 52.195403], [5.335136, 52.194655], [5.335519, 52.194206], [5.335585, 52.193551], [5.33591, 52.19194], [5.337639, 52.192054], [5.338211, 52.192032], [5.338774, 52.191963], [5.339318, 52.19185], [5.339833, 52.191694], [5.340532, 52.191386], [5.340938, 52.191137], [5.34144, 52.190708], [5.341744, 52.190309], [5.341944, 52.189886], [5.342029, 52.18936], [5.341968, 52.188921], [5.341797, 52.188493], [5.341442, 52.188011], [5.341083, 52.187687], [5.34196, 52.187414], [5.34258, 52.187175], [5.343047, 52.186969], [5.343766, 52.186592], [5.344365, 52.186211], [5.344812, 52.185873], [5.345434, 52.185299], [5.345726, 52.184968], [5.348751, 52.183824], [5.34934, 52.183414], [5.349871, 52.182907], [5.351167, 52.181508], [5.352143, 52.181126], [5.355468, 52.182744], [5.356226, 52.182993], [5.357049, 52.183147], [5.357905, 52.183199], [5.358761, 52.183147], [5.359583, 52.182994], [5.360342, 52.182745], [5.361007, 52.18241], [5.361469, 52.182073], [5.36184, 52.181696], [5.362143, 52.181202], [5.362283, 52.18068], [5.362255, 52.180152], [5.36206, 52.179637], [5.361778, 52.179239], [5.363505, 52.178537], [5.363309, 52.178412], [5.363798, 52.17796], [5.364289, 52.177595], [5.364135, 52.177489], [5.365375, 52.176787], [5.367964, 52.175725], [5.36848, 52.175556], [5.369347, 52.175214], [5.370343, 52.174786], [5.371095, 52.174403], [5.372793, 52.173708], [5.373963, 52.173328], [5.375571, 52.172675], [5.376525, 52.172167], [5.377373, 52.1716], [5.37792, 52.171329], [5.378474, 52.171004], [5.386399, 52.172958], [5.38798, 52.173282], [5.389282, 52.173464], [5.390283, 52.173541], [5.391896, 52.173586], [5.393219, 52.173536], [5.394138, 52.173441], [5.395135, 52.173283], [5.396186, 52.173059], [5.397024, 52.172824], [5.397885, 52.172529], [5.400199, 52.171653], [5.403008, 52.170471], [5.403715, 52.170265], [5.407038, 52.169172], [5.407806, 52.168887], [5.408478, 52.168593], [5.409402, 52.168089], [5.410443, 52.167367], [5.41108, 52.16678], [5.412169, 52.165477], [5.412732, 52.164441], [5.413722, 52.16185], [5.414587, 52.159936], [5.414956, 52.15937], [5.415562, 52.158153], [5.416242, 52.156578], [5.416665, 52.155894], [5.416989, 52.155122], [5.417502, 52.154555], [5.417905, 52.15401], [5.418193, 52.15353], [5.418428, 52.153024], [5.420481, 52.152259], [5.423185, 52.152492], [5.425433, 52.152498], [5.427317, 52.152396], [5.427838, 52.152693], [5.429471, 52.153516], [5.430768, 52.153798], [5.431521, 52.153824], [5.432735, 52.153772], [5.433069, 52.153823], [5.433947, 52.153257], [5.436624, 52.15166], [5.437418, 52.151222], [5.437836, 52.151067], [5.438296, 52.150913], [5.441977, 52.150062], [5.442936, 52.149804], [5.447205, 52.14885], [5.447661, 52.148709], [5.448376, 52.148434], [5.451052, 52.147226], [5.451512, 52.147071], [5.452014, 52.146942], [5.452808, 52.146788], [5.453436, 52.146607], [5.455067, 52.146529], [5.456196, 52.146425], [5.45781, 52.146392], [5.461348, 52.14656], [5.461846, 52.146537], [5.463467, 52.146355], [5.464554, 52.146173], [5.465383, 52.145968], [5.465972, 52.145764], [5.468439, 52.14456], [5.46842, 52.144311], [5.468549, 52.143891], [5.46768, 52.142293], [5.467421, 52.141647], [5.467586, 52.141613], [5.46812, 52.141398], [5.468101, 52.14108], [5.46815, 52.140498], [5.467981, 52.139572], [5.468023, 52.139211], [5.468189, 52.138745], [5.468397, 52.138362], [5.468313, 52.137847], [5.468279, 52.137203], [5.468424, 52.135681], [5.468453, 52.133827], [5.468653, 52.133139], [5.468648, 52.132819], [5.468417, 52.131818], [5.468409, 52.131152], [5.469738, 52.130568], [5.471403, 52.129703], [5.471881, 52.129369], [5.472815, 52.128591], [5.473535, 52.127796], [5.474499, 52.127019], [5.474903, 52.126553], [5.475087, 52.126219], [5.475198, 52.125873], [5.475225, 52.125344], [5.47515, 52.124995], [5.474899, 52.124489], [5.474494, 52.124023], [5.473948, 52.123615], [5.473284, 52.12328], [5.472526, 52.123032], [5.471704, 52.122879], [5.471135, 52.122833], [5.470277, 52.122851], [5.469715, 52.12292], [5.468912, 52.123107], [5.468416, 52.123284], [5.467962, 52.123499], [5.46703, 52.124128], [5.46619, 52.124854], [5.465592, 52.125508], [5.46503, 52.125623], [5.464923, 52.119701], [5.464127, 52.119772], [5.463452, 52.119721], [5.46324, 52.119272], [5.463351, 52.119097], [5.463344, 52.119026], [5.463255, 52.118956], [5.461603, 52.117991], [5.461453, 52.117929], [5.460924, 52.117866], [5.460512, 52.117687], [5.459989, 52.117512], [5.459968, 52.117389], [5.459784, 52.117331], [5.458585, 52.117055], [5.458126, 52.117063], [5.456218, 52.117287], [5.454708, 52.117297], [5.455395, 52.115078], [5.456088, 52.11234], [5.456393, 52.111397], [5.456392, 52.111011], [5.456559, 52.110599], [5.456809, 52.110162], [5.456892, 52.109801], [5.456849, 52.109209], [5.456681, 52.108669], [5.456346, 52.108206], [5.455509, 52.107254], [5.454796, 52.105685], [5.457637, 52.105348], [5.460728, 52.103828], [5.464361, 52.101973], [5.468119, 52.099988], [5.471715, 52.098148], [5.472983, 52.097449], [5.474875, 52.096247], [5.475042, 52.095972], [5.475604, 52.093944], [5.475785, 52.093706], [5.476004, 52.093513], [5.47544, 52.093455], [5.474939, 52.093456], [5.474124, 52.093398], [5.473309, 52.093457], [5.472972, 52.092742], [5.472541, 52.091368], [5.471758, 52.091292], [5.47122, 52.08977], [5.469779, 52.090735], [5.468585, 52.090761], [5.465203, 52.089038], [5.464173, 52.088607], [5.463678, 52.088278], [5.462728, 52.087085], [5.462481, 52.086959], [5.462462, 52.08581], [5.463245, 52.085274], [5.46439, 52.084646], [5.465242, 52.084044], [5.464927, 52.083797], [5.464938, 52.083724], [5.464054, 52.083056], [5.463478, 52.083418], [5.463368, 52.083442], [5.462532, 52.083156], [5.459807, 52.082019], [5.459678, 52.082003], [5.460148, 52.080952], [5.459243, 52.080226], [5.45965, 52.079983], [5.460364, 52.079653], [5.461328, 52.079311], [5.462373, 52.07906], [5.464585, 52.078764], [5.464901, 52.078674], [5.465305, 52.078498], [5.465638, 52.078303], [5.465988, 52.077959], [5.4662, 52.077442], [5.466332, 52.076308], [5.466509, 52.076013], [5.466891, 52.075686], [5.467321, 52.075508], [5.467645, 52.075423], [5.46927, 52.075219], [5.470405, 52.074913], [5.470678, 52.074801], [5.472631, 52.073801], [5.473825, 52.07305], [5.474209, 52.072921], [5.474579, 52.072845], [5.475659, 52.072761], [5.475926, 52.072714], [5.476174, 52.072716], [5.476376, 52.072641], [5.476492, 52.0725], [5.476849, 52.072299], [5.477222, 52.072013], [5.478212, 52.071714], [5.478416, 52.071709], [5.478413, 52.071676], [5.479148, 52.071598], [5.479976, 52.07138], [5.481744, 52.07046], [5.483959, 52.069643], [5.484311, 52.06962], [5.484672, 52.069668], [5.484856, 52.06974], [5.485628, 52.070183], [5.485828, 52.070252], [5.486068, 52.070272], [5.486462, 52.070224], [5.486282, 52.069323], [5.485896, 52.068106], [5.486003, 52.06784], [5.487668, 52.068115], [5.487886, 52.066855], [5.48792, 52.065674], [5.487881, 52.064591], [5.48834, 52.063911], [5.491166, 52.059083], [5.491563, 52.058633], [5.491958, 52.058097], [5.492225, 52.057641], [5.492437, 52.057166], [5.492835, 52.057055], [5.493351, 52.057168], [5.493958, 52.057145], [5.495394, 52.056996], [5.49742, 52.057051], [5.497953, 52.057016], [5.498819, 52.056902], [5.499757, 52.056856], [5.500052, 52.056901], [5.500366, 52.057082], [5.500495, 52.057286], [5.500533, 52.057672], [5.500463, 52.059171], [5.500008, 52.061396], [5.499682, 52.063269], [5.499517, 52.063938], [5.499482, 52.064449], [5.499503, 52.065346], [5.499893, 52.06698], [5.499931, 52.067309], [5.49885, 52.069614], [5.498796, 52.069852], [5.498871, 52.070443], [5.498982, 52.070624], [5.49924, 52.070862], [5.499573, 52.071259], [5.499653, 52.071328], [5.499882, 52.071335], [5.501666, 52.072852], [5.50199, 52.073177], [5.502092, 52.073345], [5.504584, 52.07335], [5.504847, 52.075174], [5.504984, 52.076694], [5.505045, 52.076848], [5.506437, 52.076573], [5.510552, 52.076341], [5.512164, 52.076197], [5.512976, 52.076172], [5.518543, 52.076154], [5.519649, 52.077032], [5.519862, 52.078109], [5.520032, 52.078654], [5.520357, 52.078308], [5.520605, 52.0783], [5.521049, 52.078141], [5.521215, 52.07827], [5.521283, 52.078271], [5.522142, 52.077971], [5.522408, 52.077812], [5.522654, 52.077542], [5.524111, 52.078463], [5.524539, 52.078806], [5.525877, 52.080086], [5.526896, 52.08068], [5.527838, 52.081092], [5.52826, 52.081137], [5.528786, 52.08144], [5.529462, 52.081683], [5.530474, 52.081819], [5.530703, 52.081953], [5.531142, 52.08228], [5.531245, 52.082419], [5.531477, 52.083271], [5.531807, 52.083619], [5.53128, 52.083949], [5.530263, 52.084175], [5.534684, 52.084885], [5.536087, 52.087105], [5.539984, 52.08576], [5.5419, 52.086051], [5.544671, 52.086544], [5.545592, 52.086669], [5.550111, 52.087441], [5.550263, 52.0876], [5.551301, 52.089249], [5.551819, 52.089929], [5.552001, 52.090367], [5.55206, 52.090945], [5.552155, 52.091211], [5.552418, 52.091476], [5.554746, 52.09122], [5.555023, 52.090239], [5.555264, 52.088096], [5.554905, 52.08655], [5.554961, 52.086449], [5.555116, 52.086528], [5.55574, 52.087105], [5.555931, 52.087116], [5.556112, 52.087077], [5.556542, 52.086787], [5.557099, 52.086855], [5.557193, 52.0868], [5.557229, 52.086716], [5.557079, 52.086443], [5.557367, 52.086262], [5.557417, 52.086122], [5.557363, 52.086039], [5.556687, 52.085483], [5.557046, 52.085301], [5.55732, 52.08525], [5.557479, 52.085184], [5.55753, 52.085104], [5.557876, 52.084958], [5.558056, 52.084791], [5.558402, 52.084722], [5.558611, 52.084722], [5.558689, 52.084693], [5.558768, 52.084605], [5.559118, 52.084468], [5.559384, 52.084536], [5.559581, 52.08454], [5.559972, 52.084454], [5.560472, 52.084483], [5.560778, 52.084394], [5.56063, 52.083112], [5.560589, 52.08194], [5.560711, 52.081413], [5.560806, 52.081172], [5.561061, 52.080751], [5.561343, 52.080057], [5.561414, 52.079993], [5.561803, 52.079807], [5.562235, 52.07952], [5.56255, 52.079293], [5.562619, 52.079186], [5.562677, 52.078492], [5.562746, 52.078278], [5.561444, 52.073286], [5.559212, 52.071043], [5.559679, 52.070208], [5.560782, 52.06859], [5.560729, 52.067501], [5.560429, 52.066375], [5.560373, 52.065609], [5.560387, 52.064424], [5.560333, 52.063883], [5.560214, 52.063337], [5.559955, 52.063229], [5.560067, 52.06321], [5.559948, 52.060888], [5.559815, 52.05955], [5.559508, 52.058777], [5.559153, 52.057673], [5.558835, 52.056214], [5.558719, 52.054765], [5.558589, 52.054031], [5.558386, 52.053359], [5.558319, 52.052871], [5.558147, 52.05222], [5.557575, 52.050375], [5.558414, 52.050204], [5.558542, 52.050143], [5.558646, 52.05003], [5.558565, 52.049855], [5.557876, 52.048952], [5.557903, 52.048865], [5.558254, 52.048829], [5.558328, 52.048747], [5.558495, 52.04876], [5.561062, 52.048646], [5.560763, 52.04806], [5.560357, 52.047595], [5.559811, 52.047187], [5.559148, 52.046853], [5.558391, 52.046605], [5.55757, 52.046452], [5.556716, 52.046402], [5.555739, 52.046473], [5.555594, 52.046029], [5.555705, 52.04584], [5.55576, 52.045537], [5.555727, 52.044935], [5.555646, 52.044773], [5.555347, 52.04448], [5.554727, 52.043432], [5.554481, 52.042767], [5.552426, 52.042749], [5.550986, 52.042689], [5.549929, 52.042691], [5.538744, 52.043023], [5.542421, 52.041569], [5.543327, 52.041139], [5.543744, 52.040897], [5.54436, 52.040474], [5.544926, 52.040006], [5.545298, 52.039639], [5.545766, 52.039058], [5.546046, 52.038611], [5.546285, 52.038089], [5.546467, 52.037485], [5.546538, 52.036938], [5.546528, 52.036318], [5.546349, 52.035511], [5.546061, 52.034851], [5.546797, 52.034441], [5.547187, 52.034183], [5.547857, 52.033658], [5.548258, 52.033284], [5.548703, 52.032789], [5.551194, 52.029621], [5.555008, 52.028698], [5.561676, 52.028437], [5.563843, 52.028334], [5.565243, 52.028216], [5.566094, 52.028084], [5.567097, 52.027869], [5.568892, 52.027342], [5.570558, 52.027262], [5.571734, 52.027144], [5.572893, 52.026938], [5.573979, 52.026656], [5.574483, 52.026489], [5.575331, 52.026143], [5.576362, 52.025596], [5.581441, 52.022368], [5.582257, 52.021918], [5.58338, 52.021122], [5.589826, 52.017032], [5.589622, 52.015595], [5.586922, 52.015713], [5.586835, 52.014132], [5.586835, 52.014078], [5.586901, 52.014035], [5.586912, 52.013914], [5.586839, 52.013875], [5.586751, 52.012286], [5.586656, 52.012144], [5.586455, 52.012004], [5.586015, 52.011776], [5.588188, 52.010431], [5.588296, 52.010412], [5.588594, 52.010262], [5.589132, 52.009856], [5.589427, 52.009551], [5.590359, 52.008227], [5.591113, 52.007301], [5.591071, 52.007287], [5.591209, 52.006652], [5.59122, 52.006138], [5.591155, 52.005751], [5.590884, 52.005219], [5.59079, 52.004905], [5.590836, 52.004917], [5.590761, 52.004494], [5.590808, 52.004123], [5.590755, 52.003685], [5.590808, 52.003025], [5.59099, 52.00265], [5.591436, 52.002065], [5.591908, 52.001519], [5.591996, 52.00147], [5.591998, 52.001392], [5.592248, 52.001187], [5.593042, 52.000746], [5.593923, 52.000425], [5.595613, 51.999677], [5.596556, 51.999202], [5.597178, 51.998564], [5.59781, 51.998255], [5.599317, 51.996987], [5.599494, 51.996893], [5.600202, 51.996636], [5.600975, 51.996255], [5.602177, 51.995341], [5.602515, 51.994998], [5.602805, 51.994869], [5.603511, 51.994666], [5.604481, 51.99416], [5.605065, 51.99406], [5.605503, 51.994051], [5.606734, 51.994339], [5.607051, 51.994327], [5.608249, 51.993902], [5.60864, 51.993849], [5.609548, 51.993877], [5.609972, 51.993692], [5.610931, 51.992809], [5.611273, 51.992444], [5.611525, 51.992099], [5.611636, 51.99201], [5.612212, 51.991709], [5.613813, 51.990343], [5.613905, 51.99018], [5.614326, 51.988786], [5.614188, 51.987559], [5.614337, 51.98637], [5.614506, 51.986003], [5.615133, 51.985512], [5.615229, 51.985172], [5.615235, 51.984892], [5.614956, 51.984456], [5.614899, 51.98427], [5.615031, 51.982808], [5.615083, 51.982687], [5.617089, 51.980531], [5.618381, 51.979502], [5.618784, 51.979135], [5.619415, 51.978361], [5.620147, 51.977362], [5.620419, 51.977216], [5.621564, 51.976861], [5.622262, 51.976528], [5.624963, 51.974853], [5.626064, 51.97407], [5.626171, 51.973844], [5.626149, 51.973621], [5.626029, 51.973434], [5.62535, 51.97156], [5.624856, 51.970448], [5.623082, 51.968883], [5.622673, 51.968415], [5.622424, 51.968239], [5.621636, 51.967919], [5.619539, 51.967203], [5.618542, 51.9666], [5.618408, 51.96644], [5.618329, 51.966258], [5.620258, 51.966582], [5.620145, 51.966432], [5.620258, 51.966394], [5.620388, 51.966416], [5.623148, 51.962661], [5.624978, 51.960065], [5.6259, 51.958496], [5.626495, 51.957366], [5.626409, 51.957326], [5.626857, 51.956382], [5.627124, 51.955616], [5.627255, 51.954962], [5.627301, 51.954191], [5.627314, 51.952575], [5.627309, 51.952473], [5.627224, 51.952386], [5.625205, 51.951656], [5.625027, 51.951615], [5.624712, 51.951679], [5.624123, 51.951895], [5.623446, 51.951946], [5.621515, 51.951738], [5.620162, 51.951498], [5.620446, 51.948166], [5.619366, 51.948347], [5.618791, 51.948122], [5.6185, 51.948328], [5.618643, 51.948436], [5.617636, 51.948839], [5.617601, 51.94882], [5.617156, 51.948983], [5.616428, 51.949354], [5.611832, 51.946656], [5.608988, 51.945037], [5.607198, 51.943965], [5.60594, 51.943125], [5.605782, 51.94316], [5.603072, 51.944184], [5.602005, 51.944623], [5.600882, 51.945168], [5.599896, 51.945719], [5.5989, 51.946331], [5.596662, 51.947483], [5.594441, 51.948494], [5.592737, 51.949183], [5.590992, 51.949776], [5.588366, 51.950446], [5.586822, 51.950787], [5.58754, 51.951604], [5.587089, 51.951677], [5.568513, 51.957229], [5.56592, 51.957839], [5.564987, 51.957869], [5.563941, 51.957839], [5.563077, 51.957984], [5.562356, 51.958178], [5.561891, 51.958371], [5.561199, 51.958752], [5.560266, 51.959374], [5.560154, 51.959523], [5.559863, 51.959756], [5.559648, 51.959878], [5.555771, 51.961042], [5.555179, 51.961354], [5.553877, 51.961589], [5.552921, 51.962171], [5.55165, 51.962397], [5.550339, 51.962846], [5.545885, 51.964919], [5.545303, 51.965642], [5.544768, 51.966591], [5.543695, 51.967337], [5.542824, 51.967781], [5.54122, 51.968439], [5.539297, 51.969009], [5.538923, 51.969056], [5.536598, 51.969567], [5.533927, 51.970197], [5.53314, 51.970449], [5.532508, 51.970769], [5.531717, 51.970343], [5.531445, 51.970626], [5.531596, 51.970966], [5.531107, 51.971171], [5.530896, 51.971348], [5.530456, 51.971427], [5.52817, 51.97316], [5.5269, 51.974208], [5.526128, 51.975231], [5.525342, 51.976003], [5.524176, 51.976968], [5.523926, 51.977111], [5.523012, 51.977315], [5.521821, 51.977868], [5.521, 51.978289], [5.521118, 51.97835], [5.519885, 51.978708], [5.519885, 51.978664], [5.519286, 51.978864], [5.518558, 51.979001], [5.516237, 51.979318], [5.512857, 51.979835], [5.510619, 51.980214], [5.507286, 51.980834], [5.502891, 51.981757], [5.49856, 51.982788], [5.49642, 51.983343], [5.493246, 51.984226], [5.489082, 51.985494], [5.485004, 51.986863], [5.482999, 51.987586], [5.480435, 51.988559], [5.480287, 51.988628], [5.479963, 51.989072], [5.479246, 51.989457], [5.476898, 51.991269], [5.476665, 51.991653], [5.475943, 51.992518], [5.475637, 51.992675], [5.476211, 51.992649], [5.476268, 51.992945], [5.476311, 51.993311], [5.47624, 51.993908], [5.475985, 51.994536], [5.475202, 51.994391], [5.474855, 51.99467], [5.474392, 51.995173], [5.474328, 51.995308], [5.47419, 51.995406], [5.473859, 51.995794], [5.473224, 51.996058], [5.473099, 51.996206], [5.472829, 51.996394], [5.472712, 51.99643], [5.472239, 51.996725], [5.468679, 51.996542], [5.468679, 51.996492], [5.468463, 51.99629], [5.468108, 51.996098], [5.468027, 51.995993], [5.467923, 51.995931], [5.467518, 51.995882], [5.467364, 51.995746], [5.467182, 51.995682], [5.467048, 51.995649], [5.466892, 51.99568], [5.466467, 51.99553], [5.465053, 51.994943], [5.463724, 51.99444], [5.461492, 51.993937], [5.461204, 51.994041], [5.461021, 51.993975], [5.457282, 51.993768], [5.456315, 51.995769], [5.456329, 51.995878], [5.456187, 51.99616], [5.454268, 51.996138], [5.453719, 51.995912], [5.453291, 51.9958], [5.451607, 51.995697], [5.451345, 51.995651], [5.450886, 51.995475], [5.450566, 51.995397], [5.44971, 51.995386], [5.449424, 51.995342], [5.446847, 51.994741], [5.444349, 51.994197], [5.441842, 51.99353], [5.440787, 51.993342], [5.438265, 51.992966], [5.436859, 51.99429], [5.436718, 51.994531], [5.43468, 51.996469], [5.433459, 51.997594], [5.433408, 51.99758], [5.431846, 51.999064], [5.43158, 51.999262], [5.431479, 51.999236], [5.431405, 51.999296], [5.428742, 52.00176], [5.426246, 52.002297], [5.425809, 52.002378], [5.425546, 52.00219], [5.422822, 52.000752], [5.422211, 52.00065], [5.41522, 51.996799], [5.412158, 51.997971], [5.4121, 51.997938], [5.402969, 52.001509], [5.402403, 52.001689], [5.399959, 52.002632], [5.39912, 52.002917], [5.398829, 52.002935], [5.398554, 52.002895], [5.381702, 52.002137], [5.372758, 52.006029], [5.372577, 52.006009], [5.381637, 52.002062], [5.381901, 52.002048], [5.383513, 52.002116], [5.39863, 52.002838], [5.399037, 52.002825], [5.399247, 52.002786], [5.400338, 52.002419], [5.402341, 52.001637], [5.402913, 52.001446], [5.408624, 51.999194], [5.415035, 51.996723], [5.404481, 51.990829], [5.401205, 51.989027], [5.401003, 51.988969], [5.400787, 51.988782], [5.400337, 51.988531], [5.399536, 51.988118], [5.399046, 51.988001], [5.384578, 51.986911], [5.379012, 51.986294], [5.378146, 51.986168], [5.365635, 51.984786], [5.357626, 51.98397], [5.356917, 51.983856], [5.353897, 51.982885], [5.351728, 51.982373], [5.351038, 51.982923], [5.350738, 51.983256], [5.350453, 51.983442], [5.348962, 51.984187], [5.348068, 51.984687], [5.347117, 51.985], [5.345829, 51.985481], [5.345134, 51.985864], [5.343507, 51.986257], [5.342371, 51.986436], [5.34219, 51.986439], [5.341849, 51.986354], [5.341594, 51.986342], [5.340525, 51.986437], [5.340187, 51.986504], [5.339397, 51.986461], [5.338352, 51.986528], [5.338131, 51.986501], [5.337799, 51.986406], [5.337476, 51.986264], [5.338599, 51.985546], [5.339072, 51.985427], [5.340401, 51.984892], [5.341846, 51.984393], [5.343464, 51.983716], [5.345892, 51.982362], [5.347048, 51.981506], [5.3478, 51.980686], [5.348436, 51.979794], [5.348726, 51.978902], [5.3489, 51.977939], [5.348901, 51.97694], [5.348292, 51.974536], [5.348059, 51.97387], [5.348682, 51.972656], [5.352796, 51.97109], [5.368161, 51.970935], [5.38122, 51.969671], [5.42023, 51.977339], [5.418772, 51.976808], [5.417294, 51.976337], [5.416021, 51.975988], [5.414253, 51.975579], [5.411769, 51.975132], [5.408601, 51.974643], [5.408557, 51.974589], [5.408147, 51.974512], [5.407842, 51.97448], [5.407778, 51.974513], [5.402062, 51.973616], [5.399338, 51.973103], [5.397578, 51.972688], [5.395894, 51.972241], [5.390976, 51.97073], [5.389024, 51.970234], [5.38707, 51.969831], [5.385396, 51.969563], [5.383999, 51.969378], [5.381996, 51.969199], [5.3798, 51.969108], [5.377825, 51.969127], [5.376011, 51.969211], [5.373996, 51.969403], [5.372518, 51.969586], [5.366376, 51.97065], [5.364371, 51.970874], [5.363016, 51.97095], [5.361429, 51.970964], [5.35996, 51.970917], [5.35855, 51.9708], [5.356507, 51.970514], [5.354836, 51.970185], [5.353813, 51.96992], [5.352334, 51.969482], [5.350921, 51.968958], [5.349726, 51.968438], [5.348961, 51.968067], [5.347095, 51.966997], [5.346739, 51.966741], [5.345144, 51.965408], [5.343969, 51.964315], [5.341758, 51.964821], [5.333245, 51.973767], [5.318412, 51.982447], [5.307732, 51.984388], [5.28209, 51.990264], [5.27462, 51.993171], [5.268727, 51.992691], [5.262319, 51.993949], [5.258675, 51.996031], [5.255136, 51.997105], [5.247702, 51.998204], [5.243074, 52.002943], [5.238443, 52.008473], [5.237665, 52.011319], [5.235596, 52.016694], [5.231747, 52.017955], [5.222769, 52.019523], [5.214827, 52.018089], [5.207392, 52.018553], [5.205069, 52.022345], [5.204286, 52.025665], [5.205796, 52.032627], [5.197823, 52.038308], [5.190879, 52.042725], [5.187342, 52.049148], [5.181063, 52.051813], [5.159371, 52.050584], [5.150653, 52.051507], [5.146712, 52.051244], [5.140074, 52.052626], [5.139722, 52.05319], [5.134967, 52.053979], [5.133805, 52.054142], [5.126929, 52.054895], [5.127006, 52.05516], [5.128783, 52.058876], [5.127747, 52.059278], [5.122361, 52.06244], [5.109187, 52.065473], [5.092987, 52.071986], [5.084712, 52.075127], [5.076798, 52.07704], [5.072014, 52.077949], [5.062592, 52.078777], [5.056952, 52.07758], [5.044856, 52.077266], [5.035004, 52.076051], [5.032779, 52.073706], [5.029278, 52.069776], [5.024721, 52.065103], [5.022484, 52.062222], [5.019607, 52.059949], [5.016137, 52.060939], [5.018735, 52.062907], [5.026307, 52.070158], [5.029073, 52.073274], [5.030007, 52.075613], [5.031064, 52.077064], [5.027501, 52.078056], [5.020324, 52.078769], [5.012369, 52.082287], [5.006633, 52.083753], [5.004954, 52.08609], [5.003645, 52.088825], [4.993274, 52.089317], [4.989757, 52.088511], [4.986414, 52.087413], [4.979578, 52.086362], [4.970879, 52.087037], [4.96453, 52.088504], [4.958091, 52.088613], [4.954424, 52.087939], [4.948257, 52.091166], [4.939928, 52.092867], [4.930037, 52.094355], [4.926264, 52.09373], [4.918274, 52.09481], [4.910504, 52.091578], [4.902842, 52.089662], [4.897155, 52.086698], [4.893491, 52.083538], [4.879966, 52.081667], [4.867669, 52.081818], [4.85561, 52.083249], [4.848288, 52.080784], [4.833593, 52.073063], [4.832811, 52.07326], [4.833097, 52.074844], [4.831207, 52.074401], [4.830898, 52.074353], [4.830644, 52.074985], [4.828988, 52.074893], [4.827544, 52.074695], [4.826276, 52.074644], [4.826538, 52.079534], [4.826236, 52.07966], [4.825737, 52.079773], [4.825625, 52.0802], [4.823621, 52.091134], [4.823348, 52.093369], [4.823304, 52.096733], [4.823056, 52.105193], [4.824389, 52.105403], [4.824941, 52.106196], [4.825332, 52.106907], [4.82538, 52.107087], [4.825315, 52.107151], [4.825103, 52.107253], [4.821988, 52.108697], [4.821004, 52.109105], [4.817983, 52.110471], [4.80724, 52.115403], [4.795523, 52.120725], [4.79528, 52.120837], [4.795367, 52.120913], [4.793038, 52.121994], [4.79238, 52.12226], [4.79208, 52.122287], [4.792043, 52.122312], [4.792212, 52.122932], [4.792345, 52.123164], [4.792996, 52.123746], [4.793113, 52.123825], [4.793491, 52.123973], [4.793813, 52.124072], [4.7943, 52.124168], [4.795454, 52.124365], [4.79602, 52.124427], [4.796739, 52.124692], [4.796993, 52.124661], [4.797491, 52.124903], [4.797575, 52.125069], [4.797673, 52.125107], [4.797808, 52.125081], [4.797928, 52.125113], [4.798342, 52.125299], [4.799258, 52.125198], [4.799272, 52.125124], [4.800136, 52.124978], [4.80037, 52.125008], [4.80062, 52.124933], [4.801151, 52.124853], [4.801797, 52.124841], [4.802097, 52.124889], [4.802439, 52.125046], [4.802601, 52.12506], [4.802985, 52.125394], [4.803126, 52.125563], [4.803106, 52.125823], [4.803184, 52.126011], [4.803352, 52.126282], [4.803474, 52.126404], [4.803898, 52.1266], [4.804008, 52.126623], [4.804152, 52.126566], [4.804346, 52.126636], [4.804251, 52.126678], [4.804244, 52.12672], [4.805271, 52.126896], [4.805803, 52.127069], [4.806416, 52.127422], [4.806679, 52.127688], [4.806674, 52.127823], [4.807065, 52.128282], [4.807332, 52.128408], [4.807505, 52.128549], [4.807623, 52.128604], [4.807766, 52.128622], [4.808065, 52.128948], [4.808071, 52.129112], [4.807827, 52.129623], [4.80779, 52.129858], [4.807878, 52.130071], [4.808028, 52.13023], [4.807996, 52.13032], [4.808299, 52.130696], [4.808365, 52.130855], [4.808312, 52.131391], [4.808352, 52.131526], [4.808539, 52.131648], [4.808807, 52.13173], [4.808882, 52.131888], [4.808689, 52.132255], [4.808541, 52.132401], [4.80829, 52.132777], [4.808244, 52.132954], [4.808328, 52.132989], [4.808305, 52.133089], [4.808069, 52.133457], [4.807999, 52.133984], [4.808013, 52.134297], [4.807529, 52.13482], [4.807486, 52.135022], [4.807619, 52.135224], [4.807851, 52.135292], [4.808038, 52.135415], [4.808814, 52.135659], [4.808967, 52.135843], [4.809027, 52.136027], [4.808999, 52.136351], [4.808664, 52.137149], [4.808737, 52.137278], [4.809093, 52.137642], [4.809337, 52.137812], [4.809582, 52.137931], [4.80974, 52.138138], [4.809874, 52.1382], [4.80996, 52.138432], [4.810212, 52.13857], [4.810326, 52.138482], [4.81044, 52.138513], [4.810589, 52.138694], [4.810711, 52.138768], [4.811505, 52.138991], [4.811715, 52.139089], [4.81208, 52.139303], [4.813111, 52.140173], [4.81337, 52.140247], [4.814038, 52.140222], [4.814041, 52.140169], [4.814664, 52.140005], [4.814854, 52.139985], [4.815427, 52.139632], [4.815966, 52.139436], [4.816223, 52.139376], [4.816666, 52.139387], [4.816914, 52.139468], [4.817172, 52.139654], [4.817551, 52.140358], [4.817916, 52.140755], [4.818031, 52.140837], [4.818839, 52.141194], [4.819444, 52.14152], [4.819907, 52.141803], [4.81996, 52.141905], [4.820109, 52.142013], [4.820495, 52.142216], [4.820612, 52.142236], [4.820872, 52.14221], [4.821577, 52.141908], [4.82178, 52.141964], [4.822437, 52.142017], [4.823377, 52.142228], [4.823743, 52.142183], [4.824832, 52.14217], [4.825242, 52.142198], [4.826005, 52.142142], [4.826472, 52.142176], [4.827607, 52.142476], [4.828331, 52.142908], [4.829242, 52.143208], [4.829485, 52.143242], [4.829877, 52.143228], [4.830144, 52.143308], [4.830816, 52.143708], [4.831915, 52.144244], [4.831987, 52.144314], [4.83197, 52.144458], [4.83236, 52.144495], [4.832385, 52.144467], [4.832647, 52.14467], [4.832858, 52.144762], [4.833067, 52.1447], [4.833295, 52.144465], [4.834135, 52.143431], [4.834128, 52.142876], [4.835489, 52.143029], [4.835574, 52.142763], [4.836705, 52.14288], [4.837017, 52.141785], [4.837237, 52.141374], [4.837243, 52.140896], [4.837366, 52.14065], [4.837461, 52.14067], [4.83758, 52.140629], [4.837946, 52.140617], [4.838188, 52.140839], [4.838891, 52.141192], [4.83976, 52.141487], [4.840071, 52.141552], [4.840276, 52.141561], [4.840793, 52.141477], [4.840963, 52.141423], [4.841375, 52.141079], [4.84174, 52.140897], [4.84188, 52.140726], [4.842067, 52.140007], [4.842186, 52.139819], [4.84253, 52.139554], [4.842872, 52.13946], [4.843491, 52.139406], [4.844524, 52.139382], [4.845626, 52.139529], [4.846251, 52.139545], [4.846675, 52.139407], [4.8469, 52.139206], [4.847208, 52.13901], [4.847485, 52.138938], [4.848003, 52.138994], [4.848164, 52.139075], [4.84866, 52.139237], [4.848791, 52.139354], [4.849391, 52.13948], [4.849534, 52.139578], [4.850892, 52.139696], [4.851479, 52.139674], [4.851739, 52.139511], [4.852152, 52.139392], [4.852483, 52.138384], [4.852608, 52.138269], [4.853079, 52.137986], [4.853292, 52.137917], [4.853845, 52.137549], [4.854601, 52.137389], [4.854878, 52.137284], [4.855239, 52.13721], [4.858634, 52.137234], [4.859259, 52.137264], [4.860638, 52.137251], [4.864915, 52.137391], [4.86592, 52.137511], [4.866975, 52.137681], [4.868209, 52.137926], [4.870229, 52.138235], [4.870342, 52.138207], [4.871315, 52.138838], [4.872367, 52.138884], [4.873084, 52.138807], [4.874518, 52.138831], [4.874207, 52.145868], [4.874062, 52.147504], [4.874006, 52.150524], [4.873923, 52.151405], [4.873866, 52.153184], [4.873774, 52.153419], [4.873623, 52.156083], [4.878601, 52.15744], [4.887574, 52.159958], [4.890309, 52.160884], [4.891232, 52.161237], [4.891217, 52.161257], [4.891593, 52.161363], [4.891544, 52.161424], [4.892273, 52.161593], [4.892178, 52.161798], [4.891743, 52.161771], [4.890542, 52.162421], [4.890055, 52.162573], [4.888319, 52.16335], [4.886755, 52.1641], [4.886419, 52.164186], [4.886231, 52.164528], [4.88398, 52.16554], [4.881323, 52.166821], [4.880572, 52.167138], [4.880029, 52.167422], [4.87774, 52.168477], [4.876432, 52.169115], [4.876015, 52.169365], [4.874716, 52.169933], [4.874367, 52.170128], [4.873986, 52.170238], [4.87356, 52.170407], [4.872501, 52.170944], [4.870441, 52.171897], [4.869657, 52.172316], [4.869005, 52.172567], [4.868367, 52.172903], [4.868175, 52.172948], [4.863393, 52.175251], [4.862787, 52.175508], [4.85884, 52.177397], [4.857834, 52.177826], [4.857054, 52.178228], [4.855582, 52.178917], [4.855428, 52.178966], [4.855135, 52.178967], [4.854496, 52.17887], [4.854178, 52.178861], [4.853636, 52.178939], [4.852865, 52.179119], [4.852381, 52.179184], [4.85166, 52.179033], [4.851409, 52.179026], [4.851179, 52.179079], [4.850642, 52.179288], [4.849978, 52.179423], [4.849587, 52.179438], [4.848954, 52.179393], [4.848449, 52.179544], [4.847518, 52.179591], [4.846366, 52.179882], [4.845788, 52.179985], [4.845156, 52.180013], [4.844518, 52.179923], [4.843921, 52.180122], [4.842982, 52.180825], [4.842699, 52.180983], [4.842368, 52.18131], [4.841519, 52.181772], [4.838208, 52.183344], [4.837106, 52.18397], [4.83652, 52.184358], [4.836158, 52.184643], [4.836048, 52.184771], [4.835978, 52.184958], [4.836008, 52.185176], [4.835937, 52.185343], [4.835538, 52.185739], [4.83535, 52.186109], [4.835148, 52.186252], [4.834343, 52.186523], [4.834029, 52.186673], [4.833902, 52.186816], [4.833609, 52.187405], [4.833462, 52.187561], [4.833319, 52.187616], [4.832799, 52.187672], [4.832588, 52.187727], [4.831605, 52.188437], [4.831278, 52.188582], [4.829941, 52.189027], [4.829336, 52.18929], [4.828928, 52.189542], [4.828268, 52.190296], [4.827583, 52.190932], [4.827332, 52.191048], [4.826605, 52.191169], [4.826323, 52.191262], [4.826005, 52.191742], [4.82583, 52.191869], [4.825367, 52.19205], [4.824914, 52.192608], [4.824725, 52.192695], [4.824354, 52.192794], [4.823993, 52.193016], [4.823616, 52.193165], [4.823445, 52.193266], [4.823376, 52.19345], [4.823584, 52.193988], [4.823554, 52.194303], [4.823119, 52.194867], [4.822974, 52.195366], [4.822209, 52.196125], [4.820462, 52.196816], [4.819612, 52.197004], [4.819157, 52.197219], [4.817796, 52.197967], [4.81616, 52.198602], [4.814949, 52.199016], [4.8144, 52.199309], [4.814182, 52.199514], [4.813979, 52.199799], [4.813606, 52.200674], [4.813461, 52.200839], [4.813187, 52.201053], [4.813102, 52.201189], [4.813111, 52.201372], [4.813179, 52.201485], [4.813594, 52.201847], [4.810587, 52.201648], [4.802925, 52.201028], [4.801655, 52.203864], [4.801588, 52.204322], [4.80154, 52.20621], [4.801653, 52.206322], [4.80152, 52.20643], [4.801443, 52.208083], [4.801622, 52.21491], [4.801631, 52.215042], [4.801754, 52.215046], [4.80215, 52.217634], [4.801028, 52.21826], [4.797003, 52.220348], [4.796169, 52.2226], [4.795888, 52.223485], [4.79443, 52.223423], [4.794576, 52.226731], [4.795688, 52.226643], [4.7973, 52.226656], [4.798929, 52.22672], [4.799945, 52.226827], [4.801056, 52.226837], [4.801755, 52.226882], [4.802032, 52.226954], [4.803202, 52.227435], [4.804935, 52.227912], [4.805404, 52.227989], [4.806026, 52.227947], [4.806305, 52.227845], [4.807064, 52.227419], [4.8073, 52.227319], [4.807892, 52.227198], [4.808554, 52.227013], [4.80896, 52.226958], [4.809159, 52.22696], [4.809894, 52.227096], [4.813514, 52.227137], [4.8141, 52.227169], [4.814455, 52.227224], [4.815769, 52.227596], [4.81614, 52.227731], [4.817193, 52.228325], [4.818431, 52.228758], [4.81914, 52.228941], [4.820452, 52.228818], [4.820807, 52.228833], [4.822421, 52.22932], [4.823246, 52.229661], [4.82371, 52.229811], [4.824174, 52.22987], [4.825539, 52.229945], [4.826561, 52.230078], [4.826783, 52.230119], [4.828035, 52.230494], [4.829421, 52.23072], [4.830107, 52.230913], [4.830533, 52.231077], [4.830973, 52.231308], [4.831442, 52.231636], [4.831913, 52.23206], [4.832311, 52.232315], [4.832533, 52.23241], [4.833226, 52.23265], [4.833771, 52.232711], [4.834447, 52.232741], [4.834888, 52.23288], [4.835283, 52.233182], [4.836119, 52.233943], [4.837722, 52.234953], [4.838328, 52.235259], [4.838687, 52.235366], [4.839222, 52.235453], [4.840782, 52.235213], [4.84138, 52.23517], [4.841806, 52.235191], [4.842826, 52.235339], [4.842908, 52.235399], [4.842926, 52.235491], [4.842756, 52.236019], [4.842724, 52.236266], [4.842798, 52.236527], [4.842939, 52.236739], [4.843355, 52.237018], [4.843644, 52.237125], [4.845481, 52.23741], [4.845757, 52.237513], [4.846084, 52.237719], [4.846345, 52.23792], [4.846548, 52.238258], [4.846656, 52.238548], [4.846717, 52.239025], [4.846997, 52.239566], [4.84728, 52.239765], [4.847522, 52.239825], [4.847823, 52.239812], [4.848429, 52.23968], [4.849763, 52.239], [4.850819, 52.2386], [4.851017, 52.238614], [4.851211, 52.238703], [4.851626, 52.238995], [4.852078, 52.23946], [4.852144, 52.239586], [4.852187, 52.239884], [4.852159, 52.239967], [4.851944, 52.240184], [4.851625, 52.240627], [4.851306, 52.241282], [4.851201, 52.241539], [4.851254, 52.241867], [4.851445, 52.242], [4.851669, 52.242038], [4.854216, 52.241873], [4.85465, 52.241969], [4.854938, 52.242146], [4.855097, 52.242446], [4.855183, 52.242775], [4.855299, 52.243956], [4.85524, 52.245085], [4.855311, 52.245605], [4.855487, 52.245859], [4.85577, 52.246048], [4.856757, 52.246327], [4.856862, 52.246391], [4.857, 52.246655], [4.857148, 52.247346], [4.857369, 52.247615], [4.857522, 52.247723], [4.858807, 52.247739], [4.859266, 52.247793], [4.860621, 52.248217], [4.862053, 52.248857], [4.863086, 52.249194], [4.863903, 52.249599], [4.864401, 52.249795], [4.864756, 52.249981], [4.865204, 52.2504], [4.865706, 52.250764], [4.866253, 52.251061], [4.866878, 52.251253], [4.867859, 52.251393], [4.868583, 52.251579], [4.868779, 52.251698], [4.868958, 52.251898], [4.869315, 52.252483], [4.870037, 52.253361], [4.871308, 52.2522], [4.87188, 52.251507], [4.87229, 52.251182], [4.872702, 52.250967], [4.873493, 52.250791], [4.873853, 52.250743], [4.874524, 52.251022], [4.875247, 52.251512], [4.875879, 52.251885], [4.877245, 52.252615], [4.877729, 52.252816], [4.87843, 52.252975], [4.880318, 52.253277], [4.881323, 52.253501], [4.882719, 52.253712], [4.883128, 52.253703], [4.88341, 52.253654], [4.883847, 52.253491], [4.884082, 52.253352], [4.884358, 52.253149], [4.884843, 52.252616], [4.885559, 52.251622], [4.885711, 52.251471], [4.886512, 52.251006], [4.886733, 52.250935], [4.887016, 52.250899], [4.887356, 52.250926], [4.887979, 52.25108], [4.888265, 52.251196], [4.888815, 52.251639], [4.889418, 52.251948], [4.890741, 52.253105], [4.89104, 52.253247], [4.891325, 52.253303], [4.891523, 52.253302], [4.891997, 52.253231], [4.893042, 52.253002], [4.893686, 52.25266], [4.895227, 52.252037], [4.895387, 52.251925], [4.895656, 52.251605], [4.896351, 52.251292], [4.896587, 52.25123], [4.897591, 52.251112], [4.898597, 52.250931], [4.898927, 52.250969], [4.899819, 52.251237], [4.901795, 52.252755], [4.902203, 52.252966], [4.902585, 52.253113], [4.903076, 52.253205], [4.9036, 52.253251], [4.90436, 52.253246], [4.905712, 52.253164], [4.906496, 52.253056], [4.90716, 52.252897], [4.907988, 52.252833], [4.909083, 52.25252], [4.909715, 52.252446], [4.910242, 52.252462], [4.910897, 52.252649], [4.911216, 52.252846], [4.912443, 52.253868], [4.91287, 52.254131], [4.913085, 52.254413], [4.913365, 52.254685], [4.914027, 52.255089], [4.914309, 52.255345], [4.915526, 52.255972], [4.91663, 52.256388], [4.917303, 52.256817], [4.917601, 52.257077], [4.918407, 52.258241], [4.918554, 52.258586], [4.918637, 52.258942], [4.918603, 52.259385], [4.917987, 52.261211], [4.917986, 52.261514], [4.918118, 52.261695], [4.918456, 52.261889], [4.918943, 52.262046], [4.920504, 52.26239], [4.921629, 52.262525], [4.922131, 52.26263], [4.922671, 52.262815], [4.923257, 52.26309], [4.923563, 52.263318], [4.923842, 52.263745], [4.923962, 52.264839], [4.924235, 52.266084], [4.924477, 52.266615], [4.924748, 52.267001], [4.925329, 52.267324], [4.925818, 52.267517], [4.926474, 52.267668], [4.928318, 52.267982], [4.929391, 52.268353], [4.929422, 52.268403], [4.929626, 52.268955], [4.929655, 52.269246], [4.929354, 52.269891], [4.929186, 52.270059], [4.928736, 52.270276], [4.928506, 52.270466], [4.928119, 52.271144], [4.928015, 52.271742], [4.927663, 52.271938], [4.926992, 52.27217], [4.926781, 52.272282], [4.926651, 52.272445], [4.926667, 52.272639], [4.927459, 52.273311], [4.927661, 52.273712], [4.927616, 52.273928], [4.927257, 52.274622], [4.926754, 52.275377], [4.926785, 52.276856], [4.926688, 52.277077], [4.926152, 52.277773], [4.925958, 52.278195], [4.926121, 52.279108], [4.926225, 52.2794], [4.926444, 52.27978], [4.926671, 52.279713], [4.927467, 52.279596], [4.927978, 52.279581], [4.928587, 52.279611], [4.929033, 52.279711], [4.931388, 52.280506], [4.931966, 52.280618], [4.932757, 52.280671], [4.933715, 52.280895], [4.933892, 52.280877], [4.934839, 52.280571], [4.936349, 52.28017], [4.936622, 52.280035], [4.937283, 52.279619], [4.937463, 52.279548], [4.938638, 52.279414], [4.93931, 52.279181], [4.940226, 52.279166], [4.940642, 52.279079], [4.941129, 52.278894], [4.942265, 52.278304], [4.942692, 52.278184], [4.943022, 52.278168], [4.943417, 52.278194], [4.944113, 52.278282], [4.945127, 52.278702], [4.945535, 52.278827], [4.946374, 52.278969], [4.947214, 52.279004], [4.947645, 52.278994], [4.947979, 52.278953], [4.949098, 52.278605], [4.95019, 52.278407], [4.951501, 52.278264], [4.952979, 52.278221], [4.953798, 52.278027], [4.954513, 52.27815], [4.956122, 52.276193], [4.957337, 52.274551], [4.958235, 52.273127], [4.958927, 52.271803], [4.960126, 52.269109], [4.960325, 52.268911], [4.961831, 52.265783], [4.963376, 52.262267], [4.964057, 52.260934], [4.96403, 52.260926], [4.964905, 52.259082], [4.965566, 52.257532], [4.966337, 52.255554], [4.967991, 52.25106], [4.968907, 52.248745], [4.969397, 52.247646], [4.970099, 52.246196], [4.970935, 52.244638], [4.974838, 52.237579], [4.97661, 52.234468], [4.978513, 52.23129], [4.979442, 52.229848], [4.981414, 52.226606], [4.981695, 52.225952], [4.981729, 52.225734], [4.98165, 52.224863], [4.982536, 52.222992], [4.982544, 52.222913], [4.982432, 52.222819], [4.982528, 52.222643], [4.983805, 52.222885], [4.985516, 52.220091], [4.986183, 52.2187], [4.986455, 52.217909], [4.986572, 52.217372], [4.986761, 52.215874], [4.98668, 52.20492], [4.986878, 52.195143], [4.986527, 52.18638], [4.986415, 52.182474], [4.986432, 52.181759], [4.986935, 52.175232], [4.9872, 52.173219], [4.987181, 52.172748], [4.987265, 52.171621], [4.987249, 52.170932], [4.987318, 52.170665], [4.987418, 52.169732], [4.986664, 52.169698], [4.986361, 52.169591], [4.986058, 52.169352], [4.985964, 52.169177], [4.985551, 52.168791], [4.985098, 52.168459], [4.984875, 52.168373], [4.984219, 52.168199], [4.983453, 52.167893], [4.983083, 52.167802], [4.982846, 52.167517], [4.981496, 52.166969], [4.975695, 52.164468], [4.975762, 52.164408], [4.975889, 52.164395], [4.976243, 52.164113], [4.986836, 52.155463], [4.989015, 52.153613], [4.992363, 52.150557], [4.992765, 52.150106], [4.993275, 52.149402], [4.993996, 52.148522], [4.994527, 52.147934], [4.994456, 52.147901], [4.994803, 52.147456], [4.994737, 52.147413], [4.994796, 52.14736], [4.994902, 52.14737], [4.994999, 52.147282], [4.996074, 52.146188], [4.996113, 52.146206], [4.996154, 52.146159], [4.996122, 52.146142], [4.99903, 52.14397], [4.999354, 52.144097], [4.999568, 52.143903], [4.999462, 52.143858], [4.999598, 52.143733], [4.999862, 52.143688], [5.001174, 52.142692], [5.001231, 52.142636], [5.001275, 52.142468], [5.001363, 52.142453], [5.001499, 52.142179], [5.002005, 52.141708], [4.997637, 52.139952], [4.993589, 52.138226], [4.993678, 52.138204], [4.997771, 52.139876], [5.002282, 52.141653], [5.006885, 52.136118], [5.006996, 52.136034], [5.007075, 52.136058], [5.00738, 52.135686], [5.007777, 52.135137], [5.008165, 52.134461], [5.008174, 52.134396], [5.005776, 52.129669], [5.009686, 52.129111], [5.003953, 52.117889], [5.003884, 52.117849], [5.003822, 52.117858], [4.999813, 52.110545], [4.998211, 52.106975], [4.996952, 52.106999], [4.996874, 52.106865], [5.000521, 52.106787], [5.005909, 52.107436], [5.009505, 52.107606], [5.013374, 52.105721], [5.020063, 52.104318], [5.022391, 52.102269], [5.022402, 52.100846], [5.021642, 52.098694], [5.022951, 52.096578], [5.024749, 52.096583], [5.026554, 52.09564], [5.026121, 52.094306], [5.028252, 52.093479], [5.032231, 52.094088], [5.032709, 52.096607], [5.035007, 52.098353], [5.040384, 52.100426], [5.04372, 52.100752], [5.046354, 52.097955], [5.049163, 52.098007], [5.051434, 52.099509], [5.054769, 52.100151], [5.058115, 52.099053], [5.057984, 52.097606], [5.057365, 52.096204], [5.059526, 52.09595], [5.062425, 52.09572], [5.06727, 52.093472], [5.06922, 52.090979], [5.072335, 52.087418], [5.076409, 52.084812], [5.08082, 52.083772], [5.087232, 52.08365], [5.093397, 52.086525], [5.103741, 52.090294], [5.111425, 52.092571], [5.111267, 52.092706], [5.111094, 52.092986], [5.110782, 52.09328], [5.109642, 52.094598], [5.109111, 52.095023], [5.108699, 52.095514], [5.108082, 52.095934], [5.098409, 52.101523], [5.097501, 52.102076], [5.097088, 52.102287], [5.095646, 52.103136], [5.095383, 52.103232], [5.095095, 52.1034], [5.094937, 52.103534], [5.092403, 52.104979], [5.092152, 52.105084], [5.091463, 52.105548], [5.091398, 52.105544], [5.091065, 52.105735], [5.087958, 52.107566], [5.087589, 52.107746], [5.085198, 52.10915], [5.085106, 52.109166], [5.083644, 52.109987], [5.082947, 52.110444], [5.077633, 52.113513], [5.077148, 52.113791], [5.07679, 52.113955], [5.074094, 52.115492], [5.057267, 52.12523], [5.055247, 52.126414], [5.055193, 52.126496], [5.054166, 52.127089], [5.053831, 52.127332], [5.053678, 52.127357], [5.050913, 52.128875], [5.050589, 52.129286], [5.048288, 52.130958], [5.04781, 52.131344], [5.046838, 52.132309], [5.046108, 52.132917], [5.046151, 52.132944], [5.044357, 52.134043], [5.043901, 52.134278], [5.043651, 52.134303], [5.042558, 52.134821], [5.042466, 52.134877], [5.042461, 52.134997], [5.039373, 52.136887], [5.038932, 52.13722], [5.038569, 52.137382], [5.037971, 52.137764], [5.037475, 52.138], [5.037079, 52.138246], [5.036631, 52.138572], [5.036654, 52.138621], [5.036008, 52.138924], [5.033891, 52.140313], [5.033391, 52.140556], [5.0329, 52.140254], [5.032388, 52.140532], [5.032255, 52.140513], [5.031837, 52.140275], [5.031464, 52.140535], [5.029781, 52.139668], [5.029717, 52.139661], [5.02682, 52.141319], [5.030076, 52.143033], [5.029582, 52.143379], [5.029463, 52.143404], [5.028819, 52.143875], [5.028776, 52.144035], [5.028913, 52.144118], [5.028933, 52.14407], [5.029315, 52.143784], [5.029864, 52.144081], [5.030216, 52.143814], [5.0311, 52.144275], [5.031261, 52.145296], [5.031419, 52.145776], [5.031825, 52.146535], [5.031987, 52.146701], [5.031682, 52.146699], [5.031466, 52.14665], [5.031197, 52.146525], [5.028022, 52.144864], [5.026941, 52.145593], [5.027354, 52.14581], [5.027299, 52.145847], [5.032059, 52.14829], [5.032443, 52.14852], [5.032756, 52.148654], [5.032439, 52.149653], [5.032238, 52.150044], [5.031926, 52.150445], [5.03142, 52.150846], [5.030851, 52.151111], [5.030144, 52.151313], [5.027616, 52.151702], [5.026792, 52.151861], [5.025875, 52.1521], [5.024789, 52.152456], [5.024416, 52.15211], [5.023436, 52.150929], [5.022925, 52.150098], [5.022451, 52.149972], [5.02167, 52.149978], [5.021585, 52.149793], [5.021421, 52.149624], [5.020919, 52.149325], [5.018277, 52.148168], [5.018181, 52.148172], [5.017891, 52.14851], [5.015368, 52.150093], [5.01309, 52.151748], [5.012137, 52.152517], [5.009866, 52.154816], [5.00894, 52.155827], [5.008461, 52.156427], [5.00787, 52.15737], [5.007769, 52.157335], [5.007805, 52.157278], [5.007764, 52.157243], [5.007583, 52.15747], [5.007416, 52.157592], [5.005674, 52.159251], [5.005608, 52.159366], [5.005624, 52.159532], [5.005462, 52.15953], [5.005364, 52.159575], [5.003256, 52.158694], [5.003995, 52.157989], [5.000903, 52.156783], [5.000784, 52.156854], [5.000587, 52.15679], [4.999687, 52.157657], [4.99908, 52.158386], [4.998607, 52.159062], [4.997904, 52.160322], [4.997533, 52.161239], [5.001483, 52.162848], [5.001471, 52.162895], [5.001567, 52.162939], [5.001431, 52.163053], [5.006259, 52.165039], [5.006363, 52.165055], [5.006561, 52.165032], [5.006753, 52.165103], [5.0066, 52.165261], [5.007552, 52.16571], [5.007635, 52.165842], [5.007998, 52.166072], [5.00877, 52.166314], [5.008363, 52.166462], [5.006917, 52.167409], [5.006801, 52.167522], [5.006659, 52.1676], [5.006547, 52.167621], [5.006406, 52.167826], [5.004598, 52.16894], [5.004342, 52.168903], [5.004189, 52.168959], [5.004128, 52.169011], [5.004107, 52.169188], [5.00398, 52.169281], [5.003456, 52.169492], [5.003438, 52.16955], [5.002971, 52.169453], [5.002692, 52.170001], [5.002101, 52.170604], [5.002031, 52.170793], [5.00192, 52.170776], [5.001879, 52.170849], [5.001845, 52.170842], [5.001756, 52.171019], [5.000668, 52.170834], [4.999103, 52.170648], [4.996999, 52.170444], [4.996851, 52.170652], [4.995679, 52.170566], [4.995647, 52.170836], [4.995678, 52.17088], [4.995784, 52.170906], [4.995763, 52.170991], [4.995649, 52.170981], [4.995634, 52.171045], [4.99556, 52.17104], [4.995492, 52.171662], [4.99556, 52.171713], [4.996477, 52.171747], [4.99655, 52.17173], [4.998009, 52.171802], [4.997947, 52.172085], [4.999967, 52.172217], [5.000256, 52.172251], [5.0004, 52.172367], [5.0003, 52.172446], [5.000265, 52.172532], [5.000353, 52.173198], [5.000504, 52.173651], [5.000453, 52.173782], [5.000371, 52.173859], [5.000551, 52.173957], [5.00085, 52.174755], [5.00089, 52.175021], [5.001079, 52.175306], [5.001133, 52.175745], [5.001068, 52.175854], [5.001064, 52.176397], [5.000947, 52.176481], [5.000975, 52.176782], [5.000657, 52.176755], [4.998766, 52.176745], [4.998784, 52.176865], [4.998995, 52.176869], [4.999035, 52.177439], [4.99893, 52.177656], [4.998733, 52.177808], [4.998749, 52.178093], [4.99856, 52.178198], [4.998615, 52.178537], [4.998736, 52.178602], [4.998934, 52.178495], [4.999593, 52.178476], [5.001357, 52.178336], [5.001553, 52.178902], [5.001536, 52.179047], [5.001679, 52.179441], [5.00179, 52.179571], [5.001969, 52.18017], [5.002064, 52.180312], [5.002063, 52.180597], [5.002249, 52.181077], [5.002794, 52.184564], [5.003064, 52.184566], [5.003047, 52.185714], [5.002577, 52.185598], [5.002283, 52.185608], [5.002155, 52.18567], [5.002016, 52.18568], [4.996428, 52.185578], [4.997007, 52.187801], [4.995396, 52.188307], [4.994536, 52.188646], [4.993717, 52.18902], [4.992942, 52.189429], [4.992216, 52.18987], [4.991071, 52.190712], [4.990102, 52.191635], [4.989322, 52.192623], [4.988286, 52.194311], [4.988016, 52.194916], [4.987815, 52.195532], [4.987632, 52.196624], [4.987626, 52.197251], [4.98768, 52.1978], [4.987787, 52.198345], [4.987975, 52.198962], [4.988473, 52.200016], [4.989175, 52.201025], [4.990073, 52.201974], [4.991152, 52.202849], [4.991845, 52.203311], [4.992458, 52.20367], [4.989301, 52.205149], [4.98841, 52.205477], [4.988241, 52.205426], [4.988165, 52.205449], [4.988135, 52.205486], [4.988166, 52.205602], [4.987992, 52.205777], [4.987889, 52.206178], [4.987866, 52.20709], [4.987924, 52.207274], [4.988279, 52.207596], [4.988434, 52.207891], [4.988409, 52.208572], [4.988415, 52.208714], [4.988474, 52.208825], [4.989554, 52.210446], [4.990058, 52.210838], [4.990147, 52.210944], [4.990385, 52.21142], [4.990718, 52.211793], [4.990931, 52.212136], [4.991093, 52.212492], [4.991127, 52.212822], [4.991055, 52.212994], [4.991037, 52.213292], [4.990885, 52.213581], [4.9907, 52.214214], [4.990594, 52.214411], [4.990334, 52.214628], [4.990258, 52.214802], [4.990463, 52.215395], [4.990675, 52.215566], [4.991319, 52.215934], [4.991576, 52.216282], [4.992196, 52.217425], [4.992194, 52.21751], [4.992695, 52.218627], [4.99276, 52.219476], [4.992854, 52.219965], [4.993019, 52.220284], [4.993018, 52.220394], [4.992999, 52.220565], [4.99264, 52.221339], [4.992378, 52.221788], [4.992418, 52.22222], [4.992386, 52.222614], [4.992472, 52.222731], [4.992701, 52.222881], [4.992966, 52.222988], [4.993456, 52.223077], [4.993733, 52.223166], [4.993928, 52.22332], [4.993947, 52.223753], [4.994078, 52.223952], [4.993972, 52.224166], [4.994023, 52.224376], [4.993929, 52.2245], [4.993723, 52.224548], [4.993603, 52.225103], [4.993646, 52.225145], [4.993469, 52.225378], [4.991888, 52.224913], [4.990683, 52.224643], [4.989959, 52.224533], [4.988732, 52.224292], [4.988284, 52.224306], [4.987784, 52.2242], [4.987598, 52.224067], [4.987458, 52.224022], [4.986235, 52.223784], [4.986166, 52.223924], [4.986031, 52.223908], [4.985377, 52.225246], [4.985338, 52.22525], [4.984612, 52.226297], [4.984052, 52.227022], [4.982859, 52.228298], [4.98164, 52.22949], [4.98074, 52.230454], [4.98064, 52.230595], [4.98075, 52.230625], [4.979494, 52.232133], [4.978562, 52.233373], [4.981963, 52.234566], [4.984162, 52.235278], [4.98688, 52.236127], [4.993743, 52.238153], [4.993652, 52.238761], [4.993641, 52.239191], [4.993612, 52.239305], [4.993511, 52.239393], [4.993481, 52.239537], [4.993461, 52.24061], [4.993017, 52.240459], [4.991949, 52.241469], [4.991194, 52.241169], [4.99087, 52.241473], [4.990712, 52.241523], [4.990614, 52.241504], [4.989092, 52.243176], [4.989254, 52.243238], [4.988968, 52.243529], [4.988687, 52.243924], [4.988123, 52.243711], [4.98761, 52.244351], [4.986891, 52.24501], [4.985201, 52.245931], [4.984598, 52.246455], [4.984491, 52.246408], [4.98434, 52.246521], [4.984151, 52.246797], [4.98405, 52.247033], [4.983187, 52.247952], [4.983295, 52.247993], [4.98255, 52.248642], [4.982011, 52.249214], [4.982077, 52.249303], [4.981515, 52.249932], [4.981377, 52.24997], [4.981498, 52.250023], [4.98151, 52.250058], [4.980347, 52.251339], [4.979257, 52.252443], [4.979265, 52.252638], [4.978966, 52.252746], [4.978648, 52.253007], [4.978487, 52.253269], [4.978406, 52.253513], [4.978581, 52.253982], [4.97881, 52.254206], [4.979086, 52.254387], [4.979626, 52.25465], [4.979865, 52.254803], [4.9806, 52.255583], [4.980657, 52.255606], [4.980726, 52.256008], [4.98108, 52.256621], [4.981078, 52.256986], [4.980691, 52.257455], [4.980079, 52.258053], [4.978371, 52.259252], [4.977962, 52.259643], [4.977897, 52.259669], [4.975882, 52.259825], [4.975136, 52.25999], [4.974846, 52.26009], [4.974581, 52.260228], [4.974426, 52.260347], [4.974256, 52.260554], [4.974021, 52.260953], [4.973708, 52.261842], [4.973534, 52.262103], [4.97319, 52.262427], [4.972438, 52.26291], [4.972468, 52.263123], [4.972615, 52.263408], [4.974094, 52.265165], [4.974278, 52.265323], [4.974774, 52.265582], [4.975067, 52.265683], [4.975778, 52.265843], [4.975924, 52.265941], [4.975968, 52.266068], [4.975496, 52.266851], [4.974793, 52.267765], [4.974048, 52.269046], [4.97394, 52.269148], [4.973674, 52.269214], [4.973823, 52.26942], [4.973745, 52.269678], [4.973376, 52.269677], [4.972723, 52.269826], [4.971882, 52.270089], [4.971709, 52.270174], [4.971596, 52.270282], [4.971508, 52.270527], [4.971607, 52.270874], [4.971841, 52.271121], [4.972368, 52.271517], [4.972299, 52.271662], [4.972532, 52.271698], [4.973057, 52.272264], [4.973465, 52.272497], [4.973222, 52.272598], [4.972694, 52.27303], [4.97259, 52.273102], [4.972548, 52.27308], [4.972147, 52.273388], [4.971756, 52.273566], [4.970917, 52.273796], [4.970689, 52.273915], [4.970542, 52.274041], [4.970475, 52.274207], [4.970648, 52.274451], [4.971536, 52.27468], [4.971658, 52.274798], [4.970644, 52.276239], [4.969567, 52.277952], [4.968955, 52.278748], [4.968652, 52.27901], [4.968372, 52.279178], [4.967995, 52.279324], [4.967812, 52.279443], [4.967823, 52.279529], [4.967677, 52.279585], [4.967731, 52.279655], [4.968628, 52.279298], [4.969341, 52.278845], [4.969537, 52.278528], [4.969789, 52.277916], [4.971698, 52.275066], [4.971892, 52.274852], [4.971648, 52.274442], [4.971077, 52.274326], [4.970972, 52.274339], [4.970776, 52.274258], [4.970758, 52.274197], [4.970855, 52.273976], [4.97105, 52.273841], [4.971815, 52.273637], [4.972256, 52.273434], [4.972927, 52.272916], [4.973193, 52.272756], [4.973262, 52.272649], [4.973377, 52.272585], [4.973584, 52.272519], [4.974673, 52.272507], [4.974836, 52.272459], [4.974962, 52.272348], [4.977663, 52.272984], [4.979263, 52.273324], [4.979646, 52.27345], [4.980007, 52.273694], [4.980611, 52.27391], [4.980858, 52.274085], [4.981254, 52.274286], [4.980106, 52.275549], [4.97819, 52.277782], [4.976259, 52.280179], [4.972422, 52.284558], [4.973186, 52.285015], [4.97322, 52.285098], [4.973396, 52.285226], [4.973823, 52.285386], [4.975232, 52.286275], [4.979564, 52.288154], [4.981084, 52.288843], [4.981601, 52.289013], [4.982053, 52.289238], [4.982236, 52.289286], [4.983006, 52.289626], [4.983651, 52.290351], [4.98757, 52.289896], [4.990459, 52.289603], [4.994117, 52.289288], [4.997475, 52.289118], [4.998342, 52.289825], [4.998463, 52.28982], [4.998534, 52.290215], [4.998763, 52.290197], [5.001311, 52.292358], [5.001362, 52.292471], [5.001789, 52.292793], [5.001932, 52.293113], [5.001949, 52.295837], [5.002414, 52.295975], [5.003204, 52.295986], [5.003325, 52.296061], [5.003381, 52.297475], [5.003958, 52.298499], [5.005265, 52.298393], [5.007056, 52.300376], [5.007544, 52.300868], [5.007752, 52.301366], [5.007892, 52.301522], [5.008961, 52.301726], [5.009429, 52.301885], [5.009933, 52.302103], [5.010398, 52.302423], [5.010963, 52.302965], [5.011496, 52.303281], [5.011995, 52.303457], [5.012555, 52.303567], [5.013215, 52.303618], [5.014228, 52.30359], [5.014265, 52.303677], [5.016097, 52.303081], [5.016706, 52.30292], [5.016685, 52.302881], [5.01713, 52.302784], [5.018104, 52.302624], [5.018957, 52.302533], [5.020612, 52.302472], [5.020762, 52.301299], [5.020838, 52.299409], [5.021044, 52.283045], [5.020567, 52.282635], [5.020604, 52.282619], [5.017232, 52.279773], [5.015876, 52.278571], [5.011605, 52.275046], [5.011474, 52.274907], [5.01156, 52.274811], [5.010918, 52.274423], [5.010024, 52.274142], [5.007384, 52.273044], [5.006835, 52.272908], [5.005534, 52.272682], [5.005311, 52.272621]], [[5.562387, 51.958216], [5.562983, 51.958052], [5.564029, 51.957874], [5.564976, 51.95791], [5.56586, 51.957888], [5.567978, 51.957389], [5.560022, 51.959766], [5.56029, 51.959555], [5.560391, 51.959404], [5.561031, 51.958924], [5.561507, 51.958629], [5.562031, 51.958358], [5.562387, 51.958216]], [[5.598725, 51.965258], [5.60037, 51.964901], [5.600525, 51.964809], [5.600249, 51.964744], [5.600065, 51.964486], [5.599729, 51.964151], [5.599377, 51.963874], [5.598356, 51.963299], [5.59871, 51.963099], [5.599033, 51.962992], [5.600557, 51.964823], [5.600678, 51.964905], [5.600915, 51.964918], [5.601896, 51.964879], [5.602086, 51.965079], [5.602426, 51.965185], [5.604044, 51.965834], [5.604496, 51.965949], [5.60502, 51.966028], [5.605958, 51.965916], [5.606471, 51.965823], [5.606869, 51.965688], [5.608409, 51.965699], [5.610989, 51.96606], [5.610247, 51.96711], [5.610224, 51.967194], [5.606141, 51.970933], [5.605701, 51.97082], [5.604981, 51.970503], [5.603822, 51.97044], [5.603089, 51.970274], [5.602442, 51.970575], [5.600651, 51.971255], [5.600191, 51.971323], [5.599784, 51.971321], [5.599354, 51.971273], [5.598844, 51.971125], [5.598479, 51.970928], [5.598187, 51.970706], [5.59821, 51.969912], [5.597614, 51.969938], [5.597147, 51.969858], [5.596738, 51.969409], [5.596894, 51.968582], [5.59732, 51.968477], [5.597128, 51.968367], [5.596778, 51.968386], [5.596359, 51.96851], [5.595851, 51.968967], [5.595049, 51.970036], [5.594819, 51.970212], [5.594364, 51.970336], [5.5939, 51.970325], [5.593538, 51.970173], [5.593436, 51.96973], [5.593725, 51.969038], [5.59536, 51.967379], [5.595981, 51.96668], [5.596559, 51.966165], [5.597637, 51.965626], [5.598725, 51.965258]], [[5.540358, 51.968755], [5.541148, 51.968537], [5.542262, 51.968086], [5.542105, 51.968185], [5.541688, 51.968332], [5.542049, 51.968398], [5.54235, 51.96886], [5.542377, 51.969009], [5.542719, 51.969174], [5.542658, 51.969415], [5.541879, 51.969098], [5.541259, 51.968569], [5.540586, 51.968827], [5.539392, 51.969079], [5.539984, 51.968924], [5.540358, 51.968755]], [[5.536639, 51.969625], [5.538726, 51.969175], [5.539232, 51.969114], [5.532762, 51.970714], [5.533323, 51.970452], [5.534237, 51.970186], [5.536639, 51.969625]], [[5.598227, 51.977065], [5.597852, 51.97672], [5.59785, 51.976389], [5.597973, 51.976021], [5.598282, 51.975911], [5.599401, 51.975737], [5.599926, 51.975542], [5.60043, 51.975302], [5.600694, 51.975091], [5.600867, 51.974893], [5.601049, 51.974843], [5.601569, 51.974294], [5.601875, 51.973864], [5.602144, 51.973721], [5.603253, 51.973537], [5.603786, 51.97358], [5.602642, 51.974966], [5.600298, 51.977654], [5.598227, 51.977065]], [[5.318071, 51.996056], [5.316365, 51.996631], [5.317161, 51.996223], [5.323222, 51.99484], [5.322893, 51.995128], [5.32258, 51.995246], [5.31958, 51.995812], [5.318386, 51.995985], [5.318071, 51.996056]], [[5.300171, 51.998222], [5.299565, 51.998088], [5.30018, 51.997826], [5.302956, 51.998879], [5.301576, 51.998409], [5.300528, 51.998178], [5.300475, 51.998222], [5.30037, 51.998237], [5.300171, 51.998222]], [[5.312234, 51.998871], [5.312003, 51.998959], [5.311883, 51.999079], [5.310397, 51.999695], [5.312556, 51.998586], [5.312234, 51.998871]], [[5.529177, 52.01958], [5.529797, 52.019352], [5.530292, 52.019217], [5.530783, 52.019014], [5.531158, 52.019163], [5.531895, 52.01899], [5.532146, 52.019298], [5.533847, 52.018982], [5.536381, 52.018754], [5.536952, 52.018641], [5.536872, 52.018163], [5.53685, 52.017021], [5.536963, 52.015945], [5.536927, 52.015615], [5.536508, 52.014809], [5.536234, 52.014383], [5.538051, 52.013585], [5.535902, 52.009645], [5.536056, 52.009029], [5.536282, 52.008584], [5.537848, 52.008153], [5.537722, 52.007914], [5.537914, 52.007845], [5.537528, 52.007229], [5.538121, 52.006689], [5.538717, 52.006505], [5.538865, 52.006368], [5.539037, 52.006407], [5.539938, 52.006129], [5.541714, 52.008187], [5.542983, 52.007898], [5.54287, 52.007757], [5.543814, 52.007517], [5.544197, 52.00797], [5.54448, 52.007878], [5.546082, 52.009765], [5.548562, 52.009501], [5.5485, 52.009765], [5.548658, 52.010299], [5.548768, 52.010398], [5.548874, 52.010394], [5.548916, 52.010451], [5.549057, 52.010486], [5.549465, 52.01049], [5.55048, 52.010323], [5.55137, 52.010295], [5.551574, 52.010291], [5.552378, 52.010414], [5.553364, 52.010441], [5.554107, 52.010439], [5.554809, 52.010347], [5.555727, 52.010136], [5.556078, 52.009984], [5.556204, 52.009824], [5.556287, 52.009905], [5.556525, 52.009767], [5.557797, 52.008111], [5.559578, 52.006993], [5.560982, 52.00837], [5.561643, 52.008097], [5.562143, 52.00857], [5.563703, 52.007928], [5.563596, 52.007834], [5.56452, 52.007414], [5.563791, 52.00675], [5.56501, 52.006247], [5.565089, 52.006317], [5.565711, 52.006041], [5.565645, 52.005986], [5.566189, 52.005746], [5.56625, 52.005803], [5.568673, 52.004731], [5.568301, 52.004361], [5.568753, 52.004156], [5.565942, 52.001795], [5.56705, 52.001287], [5.569311, 51.999903], [5.570005, 51.999519], [5.570387, 51.999386], [5.572619, 51.999101], [5.57289, 51.999036], [5.573482, 51.998817], [5.574225, 51.999324], [5.574394, 51.999365], [5.577045, 52.001104], [5.58156, 52.004142], [5.581801, 52.00415], [5.582146, 52.004448], [5.581603, 52.005186], [5.580742, 52.006133], [5.579988, 52.006757], [5.580021, 52.006798], [5.579455, 52.007244], [5.579485, 52.007268], [5.578723, 52.007685], [5.578959, 52.007686], [5.569112, 52.012878], [5.568701, 52.013129], [5.568519, 52.013362], [5.568341, 52.013497], [5.567935, 52.013729], [5.567599, 52.013831], [5.567113, 52.01393], [5.565891, 52.014574], [5.565588, 52.014815], [5.564987, 52.014985], [5.564608, 52.015131], [5.564059, 52.015416], [5.562658, 52.015945], [5.562531, 52.016061], [5.562551, 52.01619], [5.563177, 52.016644], [5.563173, 52.01673], [5.563427, 52.016922], [5.563943, 52.017408], [5.567763, 52.021253], [5.567884, 52.021344], [5.568054, 52.02137], [5.568134, 52.021427], [5.568111, 52.021485], [5.568792, 52.021887], [5.568238, 52.021964], [5.566826, 52.022018], [5.566579, 52.022055], [5.566331, 52.022107], [5.563931, 52.02284], [5.563516, 52.022929], [5.560996, 52.023061], [5.552995, 52.023389], [5.544914, 52.025363], [5.544754, 52.025451], [5.540853, 52.030414], [5.540601, 52.030636], [5.540441, 52.030724], [5.540072, 52.030832], [5.534568, 52.031463], [5.534422, 52.031512], [5.534302, 52.03161], [5.534249, 52.031782], [5.534321, 52.031955], [5.537705, 52.03645], [5.537777, 52.036574], [5.537795, 52.036793], [5.537645, 52.037019], [5.537547, 52.037092], [5.532612, 52.039054], [5.532282, 52.03841], [5.529029, 52.034221], [5.525582, 52.029447], [5.521189, 52.023853], [5.522737, 52.023348], [5.525314, 52.022585], [5.524807, 52.021762], [5.52586, 52.02146], [5.526274, 52.022012], [5.526677, 52.021859], [5.526199, 52.021323], [5.527234, 52.020798], [5.527104, 52.02063], [5.527418, 52.020531], [5.526003, 52.018906], [5.525888, 52.018828], [5.525846, 52.018738], [5.52597, 52.018621], [5.527036, 52.018385], [5.527602, 52.018204], [5.527774, 52.018292], [5.528897, 52.019562], [5.529177, 52.01958]], [[5.30876, 52.000051], [5.308202, 52.00009], [5.305463, 51.999693], [5.304263, 51.999282], [5.30876, 52.000051]], [[5.269017, 52.013486], [5.268639, 52.013954], [5.269328, 52.010598], [5.272633, 52.007372], [5.276439, 52.005351], [5.28689, 52.002819], [5.29155, 52.00151], [5.29187, 52.001374], [5.291332, 52.00234], [5.290534, 52.004422], [5.29038, 52.004486], [5.290098, 52.004534], [5.290008, 52.004626], [5.28848, 52.005623], [5.288323, 52.005757], [5.288044, 52.006142], [5.287275, 52.0069], [5.286165, 52.007718], [5.285657, 52.008027], [5.284801, 52.008332], [5.28422, 52.008484], [5.283811, 52.008549], [5.283338, 52.008597], [5.282091, 52.008643], [5.281104, 52.008786], [5.28068, 52.008906], [5.279461, 52.009348], [5.278853, 52.009502], [5.272984, 52.010596], [5.271712, 52.010743], [5.270982, 52.010943], [5.27057, 52.011134], [5.270175, 52.01138], [5.269882, 52.011613], [5.269538, 52.01199], [5.269392, 52.01222], [5.269291, 52.012762], [5.269017, 52.013486]], [[5.338379, 52.020672], [5.338231, 52.020695], [5.338214, 52.020724], [5.327274, 52.022289], [5.323888, 52.022853], [5.323588, 52.022959], [5.318619, 52.025343], [5.314824, 52.026928], [5.313375, 52.027655], [5.312076, 52.028248], [5.311497, 52.028466], [5.310859, 52.028629], [5.308231, 52.028948], [5.307528, 52.02906], [5.306118, 52.029341], [5.30585, 52.029366], [5.30571, 52.029419], [5.304029, 52.029799], [5.302645, 52.030183], [5.302731, 52.030243], [5.301083, 52.030756], [5.299158, 52.031518], [5.297334, 52.032479], [5.296094, 52.033251], [5.295305, 52.034149], [5.295026, 52.035173], [5.295534, 52.03629], [5.295837, 52.037135], [5.296141, 52.037417], [5.296444, 52.037981], [5.296783, 52.038294], [5.297278, 52.038959], [5.297597, 52.039579], [5.297827, 52.04091], [5.29791, 52.042043], [5.297277, 52.04244], [5.29653, 52.042992], [5.295664, 52.044521], [5.295234, 52.044916], [5.294563, 52.045304], [5.293386, 52.046341], [5.293052, 52.046549], [5.292773, 52.046559], [5.292908, 52.046639], [5.292629, 52.046828], [5.293196, 52.047182], [5.291837, 52.047922], [5.291834, 52.047975], [5.291758, 52.048023], [5.291202, 52.047688], [5.291147, 52.047696], [5.290086, 52.048459], [5.290079, 52.048501], [5.289835, 52.04868], [5.288905, 52.049154], [5.286834, 52.048075], [5.286969, 52.047951], [5.286457, 52.047695], [5.285853, 52.048121], [5.284067, 52.047174], [5.28259, 52.045985], [5.282578, 52.045894], [5.282459, 52.045899], [5.28009, 52.044669], [5.278925, 52.043995], [5.277492, 52.043275], [5.278631, 52.042439], [5.28108, 52.041298], [5.285791, 52.037232], [5.287636, 52.035543], [5.288011, 52.035087], [5.288055, 52.034844], [5.288027, 52.034465], [5.288343, 52.034518], [5.292547, 52.036537], [5.293077, 52.036111], [5.293167, 52.036155], [5.295714, 52.033478], [5.295713, 52.033369], [5.29709, 52.032523], [5.297823, 52.032137], [5.299746, 52.030973], [5.300049, 52.030824], [5.301559, 52.030437], [5.302905, 52.030036], [5.30648, 52.029177], [5.30723, 52.029022], [5.308301, 52.02885], [5.310648, 52.028589], [5.310898, 52.028547], [5.311548, 52.028366], [5.311922, 52.028225], [5.313519, 52.027506], [5.314726, 52.026892], [5.318312, 52.02536], [5.318525, 52.025234], [5.320326, 52.024399], [5.322596, 52.02329], [5.323527, 52.022884], [5.324122, 52.022735], [5.328099, 52.02208], [5.337672, 52.020734], [5.337774, 52.020714], [5.337908, 52.020597], [5.338129, 52.020645], [5.341291, 52.020182], [5.342919, 52.020156], [5.343846, 52.020175], [5.344225, 52.020117], [5.344607, 52.01995], [5.345482, 52.019454], [5.346385, 52.019011], [5.34677, 52.01866], [5.347108, 52.018254], [5.348081, 52.017252], [5.348466, 52.016982], [5.350007, 52.016083], [5.350265, 52.015956], [5.352457, 52.015101], [5.353666, 52.014481], [5.354754, 52.014007], [5.355515, 52.013544], [5.35624, 52.013191], [5.358535, 52.012197], [5.36007, 52.011576], [5.364006, 52.00978], [5.367057, 52.008443], [5.367104, 52.00851], [5.359835, 52.011773], [5.358621, 52.012268], [5.3557, 52.01356], [5.354915, 52.014048], [5.353478, 52.014676], [5.352568, 52.015141], [5.350258, 52.016052], [5.34882, 52.01687], [5.348226, 52.017253], [5.34729, 52.018206], [5.346778, 52.018804], [5.34646, 52.019068], [5.345464, 52.019578], [5.344768, 52.019999], [5.344224, 52.020231], [5.34368, 52.020274], [5.341491, 52.020269], [5.341021, 52.02031], [5.338416, 52.020697], [5.338379, 52.020672]], [[5.266132, 52.020068], [5.266483, 52.019286], [5.266478, 52.019774], [5.266132, 52.020068]], [[5.245379, 52.022309], [5.250967, 52.019717], [5.251993, 52.019719], [5.256092, 52.020831], [5.261216, 52.021785], [5.264753, 52.021229], [5.264723, 52.021539], [5.264604, 52.021712], [5.264213, 52.021952], [5.263712, 52.022429], [5.262759, 52.02311], [5.262376, 52.023345], [5.261555, 52.023789], [5.259523, 52.024528], [5.258953, 52.024806], [5.258786, 52.024847], [5.257773, 52.024931], [5.257576, 52.024846], [5.257499, 52.024852], [5.257297, 52.024923], [5.255227, 52.023742], [5.25315, 52.025084], [5.25176, 52.025862], [5.249672, 52.024462], [5.245379, 52.022309]], [[5.245579, 52.035205], [5.247136, 52.033188], [5.247678, 52.033157], [5.247091, 52.033631], [5.246273, 52.03461], [5.245579, 52.035205]], [[5.430865, 52.095067], [5.430819, 52.094913], [5.43048, 52.094495], [5.429612, 52.093241], [5.428247, 52.091605], [5.426829, 52.089729], [5.430388, 52.089189], [5.429825, 52.088023], [5.429688, 52.087961], [5.429003, 52.08778], [5.428787, 52.087813], [5.42843, 52.087043], [5.428462, 52.086965], [5.427798, 52.085364], [5.427883, 52.085278], [5.427683, 52.084534], [5.416325, 52.086212], [5.416258, 52.086256], [5.413732, 52.086752], [5.409911, 52.087566], [5.409788, 52.087519], [5.401303, 52.089342], [5.391685, 52.089777], [5.391996, 52.089237], [5.391978, 52.088745], [5.391849, 52.088391], [5.391236, 52.087191], [5.391199, 52.08686], [5.390977, 52.085991], [5.39107, 52.08518], [5.391202, 52.08454], [5.391333, 52.084278], [5.391222, 52.083604], [5.391073, 52.083364], [5.390686, 52.083263], [5.390331, 52.082804], [5.390275, 52.082472], [5.390406, 52.082232], [5.390555, 52.081798], [5.390519, 52.081604], [5.390332, 52.081456], [5.389794, 52.081501], [5.389273, 52.081581], [5.388899, 52.081683], [5.388361, 52.081717], [5.387673, 52.081569], [5.387118, 52.081489], [5.387321, 52.080677], [5.387265, 52.080312], [5.38749, 52.079661], [5.387824, 52.079603], [5.387975, 52.079169], [5.3879, 52.078849], [5.387659, 52.078553], [5.38751, 52.078507], [5.387213, 52.078209], [5.387028, 52.077935], [5.386711, 52.077661], [5.386754, 52.077295], [5.386972, 52.077307], [5.38768, 52.076941], [5.388274, 52.076721], [5.389411, 52.075753], [5.390547, 52.074714], [5.391002, 52.074205], [5.391313, 52.072897], [5.391332, 52.072463], [5.391481, 52.072268], [5.391965, 52.07196], [5.393006, 52.071515], [5.393212, 52.071229], [5.39311, 52.070191], [5.393635, 52.069364], [5.394834, 52.068422], [5.394984, 52.068529], [5.396441, 52.067688], [5.396373, 52.067637], [5.396508, 52.067584], [5.398479, 52.067131], [5.398564, 52.066818], [5.398897, 52.067077], [5.399147, 52.067215], [5.400047, 52.067635], [5.40084, 52.066962], [5.400734, 52.066859], [5.400823, 52.066784], [5.401448, 52.067116], [5.402202, 52.066453], [5.403845, 52.067307], [5.404207, 52.066985], [5.404431, 52.066711], [5.406135, 52.067657], [5.406876, 52.067175], [5.409036, 52.068439], [5.409287, 52.068214], [5.409465, 52.068119], [5.409538, 52.067394], [5.409538, 52.06658], [5.409471, 52.066265], [5.409245, 52.065755], [5.408897, 52.065264], [5.408487, 52.064822], [5.404555, 52.061171], [5.403873, 52.060495], [5.403707, 52.060226], [5.403418, 52.059553], [5.40356, 52.058434], [5.403495, 52.057959], [5.403199, 52.057987], [5.40306, 52.057513], [5.403336, 52.05753], [5.403962, 52.05747], [5.406328, 52.057442], [5.406019, 52.055444], [5.406851, 52.055244], [5.406878, 52.05529], [5.408023, 52.055096], [5.410804, 52.054451], [5.4112, 52.054592], [5.411973, 52.054307], [5.414408, 52.053794], [5.416379, 52.053473], [5.419614, 52.053016], [5.427415, 52.052899], [5.427274, 52.05352], [5.426901, 52.053805], [5.426324, 52.054102], [5.425021, 52.054695], [5.424316, 52.055189], [5.424091, 52.055301], [5.423237, 52.055358], [5.422364, 52.055255], [5.42162, 52.054924], [5.420617, 52.054821], [5.419519, 52.055096], [5.418812, 52.05545], [5.418069, 52.055587], [5.417399, 52.055793], [5.416508, 52.05601], [5.415541, 52.056124], [5.414704, 52.056158], [5.413625, 52.056136], [5.412771, 52.056273], [5.412335, 52.056222], [5.412384, 52.056402], [5.412706, 52.056389], [5.412688, 52.056516], [5.412599, 52.056578], [5.412781, 52.056996], [5.4117, 52.057292], [5.409539, 52.05736], [5.408693, 52.058472], [5.407944, 52.059589], [5.407819, 52.059623], [5.407754, 52.059708], [5.408957, 52.059313], [5.409887, 52.058924], [5.410723, 52.058672], [5.41169, 52.058466], [5.412769, 52.058033], [5.414963, 52.057404], [5.415799, 52.056947], [5.418329, 52.056398], [5.420226, 52.05609], [5.421619, 52.056169], [5.422641, 52.056158], [5.423868, 52.056272], [5.4245, 52.056192], [5.425076, 52.056032], [5.42494, 52.055874], [5.425352, 52.055803], [5.426076, 52.055747], [5.427042, 52.055965], [5.427469, 52.055965], [5.428806, 52.055864], [5.430827, 52.055302], [5.431075, 52.055147], [5.431076, 52.054861], [5.430891, 52.054667], [5.43065, 52.054644], [5.430372, 52.054575], [5.430149, 52.05446], [5.429928, 52.054003], [5.4303, 52.053889], [5.430951, 52.053604], [5.431936, 52.053457], [5.433014, 52.053401], [5.435205, 52.05354], [5.437229, 52.053473], [5.43814, 52.053211], [5.439218, 52.053075], [5.441968, 52.052872], [5.442636, 52.052998], [5.44297, 52.053033], [5.443155, 52.053159], [5.443228, 52.053433], [5.443358, 52.053536], [5.444195, 52.053537], [5.449564, 52.053051], [5.45081, 52.05272], [5.452885, 52.051637], [5.4536, 52.051374], [5.453934, 52.051318], [5.4544, 52.051123], [5.454958, 52.05085], [5.455293, 52.050587], [5.456166, 52.050359], [5.457338, 52.0498], [5.458585, 52.049139], [5.459998, 52.048444], [5.461467, 52.047896], [5.463065, 52.047554], [5.464066, 52.047428], [5.465203, 52.047065], [5.465707, 52.046972], [5.465875, 52.046907], [5.4663, 52.046586], [5.467044, 52.046232], [5.469793, 52.045606], [5.471299, 52.045024], [5.47446, 52.04369], [5.475614, 52.042947], [5.476506, 52.042605], [5.477529, 52.042366], [5.47803, 52.042183], [5.478118, 52.041925], [5.480723, 52.041501], [5.481059, 52.041615], [5.482487, 52.041775], [5.484087, 52.041239], [5.484136, 52.041085], [5.486685, 52.041195], [5.486855, 52.040155], [5.49148, 52.04018], [5.491981, 52.039621], [5.496788, 52.038277], [5.499247, 52.038284], [5.502071, 52.037409], [5.502256, 52.037766], [5.503101, 52.037556], [5.503601, 52.038271], [5.503846, 52.038923], [5.502882, 52.039023], [5.50277, 52.0388], [5.500508, 52.039397], [5.500579, 52.039511], [5.501825, 52.039391], [5.505054, 52.038759], [5.506986, 52.038431], [5.508412, 52.03831], [5.508788, 52.038309], [5.510055, 52.038474], [5.511207, 52.038943], [5.511922, 52.038915], [5.513786, 52.03826], [5.516416, 52.037127], [5.516571, 52.037127], [5.516752, 52.037044], [5.517468, 52.036826], [5.518205, 52.036721], [5.519019, 52.03665], [5.520514, 52.036417], [5.520677, 52.036346], [5.520876, 52.03619], [5.524137, 52.040393], [5.524357, 52.040974], [5.524646, 52.041393], [5.521001, 52.043693], [5.520675, 52.043967], [5.519347, 52.0449], [5.517969, 52.045687], [5.517311, 52.046102], [5.516605, 52.046328], [5.504106, 52.04731], [5.496214, 52.0479], [5.494459, 52.048073], [5.491464, 52.048283], [5.485176, 52.048788], [5.484897, 52.048842], [5.484426, 52.048986], [5.484206, 52.04913], [5.48402, 52.049286], [5.483901, 52.049607], [5.48349, 52.052899], [5.483172, 52.054608], [5.48318, 52.05527], [5.483087, 52.055797], [5.482206, 52.056866], [5.481927, 52.057395], [5.479368, 52.061709], [5.478456, 52.063078], [5.477516, 52.064656], [5.475929, 52.066642], [5.475727, 52.066655], [5.475449, 52.067241], [5.4758, 52.068504], [5.476291, 52.06961], [5.476588, 52.070479], [5.47667, 52.070846], [5.476655, 52.07101], [5.476554, 52.071215], [5.476284, 52.071523], [5.476052, 52.071734], [5.475499, 52.072073], [5.474616, 52.072137], [5.474119, 52.072202], [5.473561, 52.072334], [5.47313, 52.072486], [5.47272, 52.072684], [5.472175, 52.073104], [5.471346, 52.073568], [5.469982, 52.07423], [5.469449, 52.074429], [5.468718, 52.074583], [5.466856, 52.074836], [5.466518, 52.074943], [5.466186, 52.075103], [5.465615, 52.075536], [5.465402, 52.075798], [5.465214, 52.076225], [5.465076, 52.077469], [5.464964, 52.077687], [5.464682, 52.077889], [5.464487, 52.077994], [5.464034, 52.078109], [5.46223, 52.078339], [5.461085, 52.078564], [5.460205, 52.078862], [5.459224, 52.079253], [5.45845, 52.079695], [5.457486, 52.080354], [5.456647, 52.080805], [5.456476, 52.080989], [5.456213, 52.081123], [5.454636, 52.082245], [5.453495, 52.082995], [5.451152, 52.08393], [5.450729, 52.084167], [5.45027, 52.084616], [5.450016, 52.08524], [5.45006, 52.085763], [5.450566, 52.086508], [5.450758, 52.08699], [5.450769, 52.088027], [5.450699, 52.088395], [5.450551, 52.088596], [5.449442, 52.089299], [5.447241, 52.089942], [5.446616, 52.090162], [5.445138, 52.090751], [5.444104, 52.091302], [5.443502, 52.09178], [5.443242, 52.092143], [5.443008, 52.092907], [5.443014, 52.093073], [5.442866, 52.093728], [5.442754, 52.093925], [5.442394, 52.094177], [5.439889, 52.095668], [5.435357, 52.09845], [5.434889, 52.098871], [5.434646, 52.099215], [5.43451, 52.099479], [5.434379, 52.0999], [5.434024, 52.098829], [5.433958, 52.098694], [5.433694, 52.09845], [5.434015, 52.098104], [5.433567, 52.098002], [5.432786, 52.098022], [5.4323, 52.097974], [5.432268, 52.097943], [5.432198, 52.097618], [5.432456, 52.096857], [5.432382, 52.096715], [5.432128, 52.096667], [5.432021, 52.096618], [5.431415, 52.096251], [5.431073, 52.0962], [5.430791, 52.09623], [5.430447, 52.09619], [5.429841, 52.095911], [5.429601, 52.095849], [5.429516, 52.095666], [5.430445, 52.095711], [5.430612, 52.095674], [5.430709, 52.095617], [5.430865, 52.095067]], [[5.242349, 52.039941], [5.242133, 52.040106], [5.241147, 52.040582], [5.240899, 52.040745], [5.240671, 52.041019], [5.240426, 52.041534], [5.239926, 52.041886], [5.239635, 52.042222], [5.23933, 52.042486], [5.23914, 52.04277], [5.238728, 52.043028], [5.238219, 52.043449], [5.237571, 52.043866], [5.237352, 52.044096], [5.236931, 52.044758], [5.236919, 52.044861], [5.237038, 52.045433], [5.237181, 52.045798], [5.238112, 52.047043], [5.238843, 52.047771], [5.237033, 52.047063], [5.236014, 52.044848], [5.238859, 52.042176], [5.239891, 52.040596], [5.243491, 52.037911], [5.244547, 52.036542], [5.243934, 52.037758], [5.243575, 52.03809], [5.243326, 52.038388], [5.243172, 52.038752], [5.242968, 52.039027], [5.243028, 52.039047], [5.243009, 52.039082], [5.242867, 52.039166], [5.242599, 52.039484], [5.242349, 52.039941]], [[5.214416, 52.06223], [5.221616, 52.05797], [5.224614, 52.057359], [5.228005, 52.057263], [5.23342, 52.057986], [5.237524, 52.058149], [5.242918, 52.056575], [5.24319, 52.056121], [5.244638, 52.056429], [5.244984, 52.056599], [5.246211, 52.057655], [5.246815, 52.05829], [5.24715, 52.058544], [5.247358, 52.058653], [5.247573, 52.058539], [5.248339, 52.057761], [5.249487, 52.056992], [5.250336, 52.056137], [5.25072, 52.055628], [5.251255, 52.054707], [5.251312, 52.054435], [5.251332, 52.053916], [5.251444, 52.053849], [5.251106, 52.053519], [5.251384, 52.05344], [5.251562, 52.053162], [5.25244, 52.053651], [5.252698, 52.05371], [5.25327, 52.05369], [5.253273, 52.053718], [5.25338, 52.053711], [5.253378, 52.053678], [5.256831, 52.053472], [5.256936, 52.053492], [5.257302, 52.053735], [5.257551, 52.054006], [5.257945, 52.054305], [5.258018, 52.054276], [5.258552, 52.054293], [5.258717, 52.05433], [5.259017, 52.054294], [5.259166, 52.054222], [5.259337, 52.054037], [5.259895, 52.053173], [5.260301, 52.052963], [5.260383, 52.05289], [5.260607, 52.052802], [5.260408, 52.052788], [5.260302, 52.052745], [5.259746, 52.052383], [5.25995, 52.052318], [5.26003, 52.052211], [5.260242, 52.052079], [5.260569, 52.052036], [5.260591, 52.051874], [5.261588, 52.051287], [5.262274, 52.050823], [5.262457, 52.050764], [5.262604, 52.050776], [5.262214, 52.050564], [5.263817, 52.049582], [5.263698, 52.049515], [5.264385, 52.049047], [5.263765, 52.048714], [5.266838, 52.046344], [5.267258, 52.046118], [5.267393, 52.046084], [5.269093, 52.045026], [5.269784, 52.044438], [5.272418, 52.045899], [5.273784, 52.044985], [5.273955, 52.044815], [5.282336, 52.049275], [5.281977, 52.049543], [5.281376, 52.050172], [5.280996, 52.050404], [5.280622, 52.050193], [5.27967, 52.050834], [5.279913, 52.050957], [5.278989, 52.051559], [5.277147, 52.052861], [5.276477, 52.053409], [5.276487, 52.053464], [5.276422, 52.053543], [5.276297, 52.053553], [5.273859, 52.055518], [5.273872, 52.055564], [5.273815, 52.055605], [5.273375, 52.056379], [5.272542, 52.056872], [5.272414, 52.056793], [5.27144, 52.057407], [5.270002, 52.05655], [5.268318, 52.057487], [5.268324, 52.057567], [5.268211, 52.05762], [5.267866, 52.057421], [5.267737, 52.057412], [5.266845, 52.05794], [5.266632, 52.057928], [5.266214, 52.057694], [5.264767, 52.058626], [5.26566, 52.05923], [5.264649, 52.059802], [5.264188, 52.060285], [5.260579, 52.058995], [5.258643, 52.059743], [5.256328, 52.060755], [5.257979, 52.061769], [5.257061, 52.062296], [5.257737, 52.062776], [5.257975, 52.063255], [5.258688, 52.064034], [5.259225, 52.064442], [5.259606, 52.064585], [5.260016, 52.064673], [5.260002, 52.064779], [5.260053, 52.064878], [5.259833, 52.064982], [5.259963, 52.065464], [5.259698, 52.065686], [5.258524, 52.066185], [5.25782, 52.066649], [5.257518, 52.066919], [5.256904, 52.066634], [5.256544, 52.066593], [5.255664, 52.066563], [5.255483, 52.066531], [5.252487, 52.067834], [5.250991, 52.068246], [5.249841, 52.068638], [5.247769, 52.067036], [5.246753, 52.066273], [5.246648, 52.066235], [5.246744, 52.066134], [5.246721, 52.066102], [5.249439, 52.064627], [5.249418, 52.064594], [5.249001, 52.06421], [5.241935, 52.058835], [5.241611, 52.058907], [5.241564, 52.058868], [5.234419, 52.059148], [5.23398, 52.059471], [5.240568, 52.064231], [5.23926, 52.064827], [5.235371, 52.064703], [5.235213, 52.06455], [5.235245, 52.064508], [5.235132, 52.064493], [5.232647, 52.062785], [5.2325, 52.062752], [5.232508, 52.062724], [5.232294, 52.062688], [5.232128, 52.062599], [5.230428, 52.061338], [5.227999, 52.062288], [5.227929, 52.062268], [5.223449, 52.063857], [5.219202, 52.060858], [5.218076, 52.061575], [5.221477, 52.063958], [5.221808, 52.064222], [5.219884, 52.064169], [5.220529, 52.064657], [5.220517, 52.064687], [5.219566, 52.065114], [5.220164, 52.065525], [5.221221, 52.066447], [5.2201, 52.066974], [5.220334, 52.067188], [5.218007, 52.068294], [5.218117, 52.068461], [5.217133, 52.06879], [5.216385, 52.069111], [5.216506, 52.069266], [5.216774, 52.069462], [5.220128, 52.07152], [5.227519, 52.076636], [5.227764, 52.076574], [5.227902, 52.076581], [5.227971, 52.076691], [5.231549, 52.079216], [5.231821, 52.079441], [5.235945, 52.08231], [5.235818, 52.082471], [5.234826, 52.083114], [5.234686, 52.083185], [5.234581, 52.083186], [5.233432, 52.083819], [5.233423, 52.083859], [5.231696, 52.084853], [5.231319, 52.085006], [5.230541, 52.085233], [5.230409, 52.085111], [5.230275, 52.08482], [5.230126, 52.084774], [5.229317, 52.084972], [5.229241, 52.084977], [5.229131, 52.084937], [5.229212, 52.085018], [5.229, 52.085015], [5.229083, 52.084941], [5.228972, 52.084809], [5.227034, 52.083556], [5.226991, 52.083551], [5.22611, 52.084106], [5.225999, 52.084235], [5.22572, 52.084142], [5.225283, 52.084388], [5.224867, 52.084724], [5.224483, 52.084965], [5.225213, 52.085508], [5.226558, 52.086886], [5.227316, 52.08715], [5.227498, 52.087256], [5.227611, 52.087357], [5.227752, 52.087595], [5.227452, 52.087731], [5.227125, 52.087775], [5.225744, 52.088225], [5.224871, 52.088639], [5.223007, 52.089641], [5.22186, 52.090107], [5.221439, 52.090247], [5.220877, 52.090291], [5.220782, 52.090369], [5.220084, 52.090491], [5.218531, 52.091058], [5.218385, 52.091106], [5.218293, 52.091079], [5.216673, 52.092036], [5.217109, 52.092291], [5.217255, 52.092485], [5.218041, 52.092952], [5.218145, 52.092997], [5.218514, 52.093044], [5.218509, 52.093098], [5.218833, 52.093274], [5.216341, 52.094857], [5.215788, 52.094968], [5.215658, 52.094952], [5.215631, 52.094983], [5.215392, 52.094866], [5.215242, 52.094912], [5.214146, 52.095935], [5.21183, 52.096559], [5.211639, 52.096524], [5.211459, 52.096649], [5.211243, 52.097146], [5.210138, 52.097123], [5.20787, 52.095087], [5.207925, 52.095006], [5.207169, 52.094239], [5.206864, 52.09418], [5.206801, 52.094125], [5.206737, 52.09395], [5.206577, 52.093885], [5.206696, 52.093729], [5.205475, 52.092348], [5.207023, 52.091779], [5.203382, 52.087543], [5.203189, 52.087563], [5.202623, 52.087755], [5.202573, 52.087821], [5.202638, 52.087964], [5.202466, 52.087875], [5.20226, 52.087893], [5.20099, 52.088245], [5.201019, 52.088322], [5.200819, 52.088456], [5.200708, 52.088709], [5.200649, 52.089582], [5.200566, 52.089913], [5.199534, 52.08875], [5.197085, 52.085807], [5.197003, 52.085776], [5.19568, 52.085892], [5.194174, 52.086076], [5.193512, 52.086123], [5.191675, 52.086208], [5.190274, 52.086235], [5.189998, 52.086291], [5.189816, 52.0864], [5.187339, 52.091006], [5.186801, 52.091889], [5.185486, 52.094713], [5.185389, 52.094841], [5.185309, 52.094939], [5.185036, 52.095125], [5.18419, 52.095555], [5.183733, 52.095746], [5.182842, 52.096016], [5.182031, 52.096342], [5.184961, 52.100629], [5.185201, 52.1011], [5.182615, 52.10229], [5.18204, 52.101497], [5.18169, 52.100898], [5.180435, 52.101189], [5.180407, 52.101151], [5.179562, 52.101368], [5.179596, 52.101407], [5.179088, 52.10154], [5.178342, 52.100536], [5.178253, 52.100512], [5.176602, 52.098254], [5.175491, 52.096621], [5.175422, 52.096572], [5.175224, 52.096597], [5.174099, 52.096858], [5.171996, 52.093739], [5.170537, 52.094113], [5.168563, 52.094684], [5.167962, 52.094684], [5.167605, 52.09484], [5.169062, 52.096883], [5.168917, 52.096981], [5.168054, 52.0972], [5.169459, 52.099267], [5.171213, 52.10169], [5.171183, 52.101742], [5.170579, 52.101569], [5.170279, 52.10144], [5.169837, 52.10107], [5.169302, 52.100415], [5.169397, 52.100407], [5.167886, 52.097884], [5.166385, 52.098281], [5.166426, 52.099004], [5.165717, 52.09925], [5.165462, 52.09943], [5.165382, 52.099586], [5.165332, 52.099758], [5.165636, 52.100074], [5.165675, 52.100462], [5.160745, 52.099264], [5.154718, 52.098002], [5.149735, 52.097075], [5.149531, 52.096971], [5.149531, 52.096951], [5.149947, 52.097019], [5.15131, 52.097269], [5.155014, 52.09799], [5.155758, 52.098081], [5.156623, 52.09827], [5.156807, 52.098335], [5.157566, 52.097192], [5.158199, 52.096417], [5.158521, 52.096099], [5.160286, 52.094596], [5.160461, 52.094484], [5.160911, 52.094287], [5.161448, 52.094141], [5.163873, 52.093807], [5.166576, 52.093488], [5.166943, 52.093478], [5.167687, 52.093519], [5.168791, 52.093681], [5.169391, 52.093729], [5.170392, 52.093728], [5.171293, 52.093655], [5.173883, 52.093345], [5.180716, 52.092923], [5.181289, 52.092849], [5.182237, 52.092811], [5.182696, 52.090893], [5.184223, 52.09167], [5.185466, 52.089233], [5.183169, 52.088834], [5.183114, 52.088876], [5.183033, 52.088884], [5.181516, 52.088625], [5.180701, 52.088541], [5.178613, 52.088143], [5.178382, 52.088084], [5.178236, 52.087999], [5.177011, 52.087821], [5.176042, 52.087765], [5.175896, 52.087648], [5.174258, 52.087384], [5.172015, 52.086967], [5.172324, 52.087394], [5.172201, 52.088518], [5.171658, 52.08884], [5.170177, 52.089387], [5.168764, 52.089315], [5.168659, 52.08907], [5.16865, 52.088422], [5.168749, 52.088397], [5.168867, 52.088282], [5.168891, 52.087743], [5.168985, 52.087743], [5.168982, 52.08728], [5.169892, 52.087278], [5.169897, 52.086908], [5.171157, 52.086914], [5.171353, 52.08689], [5.17137, 52.086767], [5.171494, 52.086734], [5.172289, 52.086873], [5.172391, 52.086852], [5.172398, 52.086876], [5.175774, 52.087464], [5.176859, 52.087465], [5.177116, 52.087623], [5.178407, 52.08785], [5.178625, 52.08772], [5.17875, 52.087713], [5.179543, 52.087986], [5.180213, 52.088102], [5.18051, 52.088082], [5.181076, 52.087916], [5.181186, 52.087918], [5.181389, 52.088038], [5.181746, 52.088349], [5.182063, 52.08845], [5.18217, 52.088513], [5.183669, 52.088775], [5.183892, 52.088348], [5.183994, 52.088022], [5.184001, 52.087579], [5.18384, 52.087106], [5.183943, 52.086621], [5.1842, 52.086008], [5.184183, 52.085243], [5.184199, 52.085224], [5.186057, 52.08523], [5.186015, 52.083054], [5.187415, 52.083061], [5.187447, 52.080958], [5.180468, 52.080943], [5.180454, 52.080851], [5.194153, 52.08087], [5.195147, 52.077405], [5.195133, 52.077289], [5.19652, 52.076945], [5.196758, 52.076796], [5.196789, 52.076693], [5.196916, 52.076708], [5.196939, 52.076641], [5.197549, 52.076533], [5.198237, 52.076364], [5.199236, 52.07619], [5.200265, 52.076051], [5.200538, 52.076048], [5.200914, 52.076099], [5.201419, 52.076314], [5.201645, 52.076252], [5.205917, 52.073897], [5.205999, 52.073825], [5.209478, 52.072236], [5.209961, 52.071975], [5.209137, 52.071586], [5.204662, 52.069937], [5.203903, 52.069421], [5.203456, 52.068933], [5.203278, 52.068569], [5.211577, 52.066338], [5.214416, 52.06223]], [[5.550169, 52.05865], [5.551333, 52.060078], [5.55268, 52.061865], [5.553063, 52.062801], [5.553224, 52.063807], [5.553577, 52.065399], [5.553743, 52.066592], [5.554104, 52.068183], [5.554204, 52.068998], [5.551657, 52.069798], [5.551173, 52.069977], [5.551888, 52.07119], [5.550887, 52.071171], [5.549792, 52.071969], [5.549084, 52.072367], [5.54999, 52.073023], [5.550122, 52.073759], [5.549832, 52.074137], [5.550221, 52.074455], [5.550413, 52.074728], [5.550778, 52.075053], [5.552197, 52.075951], [5.553262, 52.076958], [5.553531, 52.077912], [5.553712, 52.07892], [5.552436, 52.080667], [5.551817, 52.081022], [5.551064, 52.080587], [5.549823, 52.080098], [5.548229, 52.079828], [5.546414, 52.079585], [5.54491, 52.079478], [5.543538, 52.079425], [5.542255, 52.079427], [5.541238, 52.079619], [5.540354, 52.07992], [5.539524, 52.080092], [5.533837, 52.079181], [5.532479, 52.078755], [5.532929, 52.078118], [5.532315, 52.077959], [5.532539, 52.077283], [5.531634, 52.077105], [5.53173, 52.076687], [5.531407, 52.076588], [5.531308, 52.075932], [5.531145, 52.075613], [5.530884, 52.074639], [5.53085, 52.074201], [5.530588, 52.073008], [5.530485, 52.071258], [5.529964, 52.069746], [5.52938, 52.068892], [5.529152, 52.068196], [5.529247, 52.067579], [5.529214, 52.0674], [5.528728, 52.066757], [5.528437, 52.066526], [5.528146, 52.066387], [5.52666, 52.06603], [5.525885, 52.065892], [5.525207, 52.065893], [5.524046, 52.066093], [5.523368, 52.066134], [5.52327, 52.065736], [5.522297, 52.064066], [5.520321, 52.061641], [5.518701, 52.059554], [5.518572, 52.059111], [5.519122, 52.05815], [5.521943, 52.053941], [5.522169, 52.053801], [5.522523, 52.053662], [5.522198, 52.052747], [5.522099, 52.05209], [5.521916, 52.051384], [5.52302, 52.050928], [5.523964, 52.050746], [5.52498, 52.050488], [5.52567, 52.050265], [5.52662, 52.049872], [5.527062, 52.049648], [5.52787, 52.049148], [5.528677, 52.048498], [5.529153, 52.047995], [5.53061, 52.049793], [5.530191, 52.049813], [5.529578, 52.049774], [5.529223, 52.049814], [5.529191, 52.049973], [5.529225, 52.050391], [5.529386, 52.05049], [5.52958, 52.05051], [5.529999, 52.05041], [5.530419, 52.05039], [5.530999, 52.050409], [5.531387, 52.050468], [5.531516, 52.050547], [5.531581, 52.050647], [5.531065, 52.050846], [5.531001, 52.050906], [5.532135, 52.052277], [5.537253, 52.058199], [5.540331, 52.061836], [5.544329, 52.060517], [5.550169, 52.05865]], [[5.282595, 52.054481], [5.282498, 52.054426], [5.28251, 52.054382], [5.282807, 52.054155], [5.282885, 52.053964], [5.284427, 52.053053], [5.284549, 52.053089], [5.285378, 52.05301], [5.285446, 52.05295], [5.285553, 52.05292], [5.285964, 52.052621], [5.286209, 52.052525], [5.287162, 52.052473], [5.287336, 52.052428], [5.287502, 52.052439], [5.288406, 52.052317], [5.288456, 52.052268], [5.288182, 52.051804], [5.288423, 52.051741], [5.288526, 52.051745], [5.289798, 52.05214], [5.29081, 52.052066], [5.29065, 52.051557], [5.290637, 52.051314], [5.290785, 52.050879], [5.29101, 52.050537], [5.291138, 52.050445], [5.292039, 52.050921], [5.293549, 52.049824], [5.295869, 52.048847], [5.297247, 52.049698], [5.29771, 52.050046], [5.297892, 52.051398], [5.298111, 52.051755], [5.298462, 52.05207], [5.30001, 52.052928], [5.302644, 52.054675], [5.303984, 52.05424], [5.304085, 52.054305], [5.303055, 52.054643], [5.302802, 52.054758], [5.302318, 52.054885], [5.300887, 52.055353], [5.295255, 52.057256], [5.295267, 52.057204], [5.292548, 52.058093], [5.290748, 52.058717], [5.290377, 52.058813], [5.285731, 52.056326], [5.285818, 52.056269], [5.282595, 52.054481]], [[5.244263, 52.051602], [5.244135, 52.051979], [5.244111, 52.052235], [5.244147, 52.052488], [5.244248, 52.052753], [5.242427, 52.049615], [5.241122, 52.048931], [5.241392, 52.048957], [5.241407, 52.048933], [5.241581, 52.048974], [5.242159, 52.049399], [5.243168, 52.049751], [5.244081, 52.050591], [5.244139, 52.050701], [5.244263, 52.051602]], [[5.173244, 52.061184], [5.172713, 52.060639], [5.171855, 52.059443], [5.171047, 52.058707], [5.171271, 52.058051], [5.171259, 52.057834], [5.170998, 52.057432], [5.170682, 52.057205], [5.170273, 52.057082], [5.169131, 52.056928], [5.168985, 52.056852], [5.168133, 52.056214], [5.168008, 52.05614], [5.167576, 52.056005], [5.167265, 52.055962], [5.166715, 52.05597], [5.16639, 52.056032], [5.166201, 52.056119], [5.166006, 52.055999], [5.165354, 52.055898], [5.162089, 52.055125], [5.16159, 52.055118], [5.159283, 52.055314], [5.158076, 52.055315], [5.15787, 52.055291], [5.15779, 52.055257], [5.158089, 52.055309], [5.159163, 52.055305], [5.161474, 52.055118], [5.16197, 52.05511], [5.162098, 52.054727], [5.162813, 52.051521], [5.16503, 52.051682], [5.165048, 52.051749], [5.165096, 52.05177], [5.166331, 52.051836], [5.167873, 52.051854], [5.169354, 52.052291], [5.169339, 52.052253], [5.169479, 52.052291], [5.170406, 52.052694], [5.171163, 52.053122], [5.171632, 52.053268], [5.171626, 52.053292], [5.174188, 52.053469], [5.176215, 52.053736], [5.17565, 52.057576], [5.175732, 52.05705], [5.179195, 52.057111], [5.17911, 52.059245], [5.175051, 52.061457], [5.175072, 52.061698], [5.174542, 52.061804], [5.174434, 52.062651], [5.172476, 52.062722], [5.172509, 52.062368], [5.172666, 52.06182], [5.17291, 52.061502], [5.173244, 52.061184]], [[5.244353, 52.054465], [5.244192, 52.054655], [5.243981, 52.054806], [5.244397, 52.054113], [5.244353, 52.054465]], [[5.318952, 52.061345], [5.319305, 52.061609], [5.319451, 52.061883], [5.31934, 52.062179], [5.319338, 52.062923], [5.319244, 52.063208], [5.319335, 52.063425], [5.319613, 52.063711], [5.320115, 52.064031], [5.321062, 52.064317], [5.321453, 52.064272], [5.322551, 52.064264], [5.32255, 52.064307], [5.323833, 52.064616], [5.324974, 52.064792], [5.326716, 52.065276], [5.327643, 52.065735], [5.328459, 52.066033], [5.329091, 52.066057], [5.33024, 52.065995], [5.330873, 52.066175], [5.331021, 52.066347], [5.330793, 52.067043], [5.329791, 52.066961], [5.328923, 52.067027], [5.329012, 52.06718], [5.328342, 52.067476], [5.328136, 52.067774], [5.328246, 52.068734], [5.328188, 52.069179], [5.328392, 52.06959], [5.326441, 52.070436], [5.324651, 52.070319], [5.323946, 52.070136], [5.32361, 52.070353], [5.323535, 52.070478], [5.323535, 52.070649], [5.321464, 52.070785], [5.320844, 52.070501], [5.320277, 52.070374], [5.32012, 52.070584], [5.319898, 52.070561], [5.319367, 52.070199], [5.31906, 52.069898], [5.318702, 52.069361], [5.318072, 52.068799], [5.317278, 52.068133], [5.316239, 52.067394], [5.315819, 52.067032], [5.315594, 52.06694], [5.315338, 52.066737], [5.315079, 52.066465], [5.31487, 52.06612], [5.314548, 52.065937], [5.301377, 52.065818], [5.299206, 52.064599], [5.299224, 52.064143], [5.299278, 52.064136], [5.299028, 52.062466], [5.298937, 52.062473], [5.298934, 52.062408], [5.299005, 52.062318], [5.299413, 52.062053], [5.299634, 52.061764], [5.299703, 52.061718], [5.299757, 52.061727], [5.299775, 52.061685], [5.300319, 52.061328], [5.30095, 52.060813], [5.301945, 52.059863], [5.295664, 52.057294], [5.295488, 52.057275], [5.300766, 52.055464], [5.302317, 52.054956], [5.302843, 52.054826], [5.303124, 52.054691], [5.304158, 52.054352], [5.304956, 52.054869], [5.30237, 52.055974], [5.302864, 52.056182], [5.30558, 52.055371], [5.305832, 52.055395], [5.313666, 52.060846], [5.313598, 52.061193], [5.313634, 52.061421], [5.313876, 52.061787], [5.314135, 52.062073], [5.314598, 52.062335], [5.315305, 52.062405], [5.315807, 52.062245], [5.316553, 52.061663], [5.317013, 52.061482], [5.318264, 52.061264], [5.318952, 52.061345]], [[5.155825, 52.054762], [5.155622, 52.054735], [5.155765, 52.054752], [5.155825, 52.054762]], [[5.200245, 52.06967], [5.199741, 52.069985], [5.199052, 52.070732], [5.197918, 52.071519], [5.196129, 52.070973], [5.195609, 52.070847], [5.194195, 52.073629], [5.193425, 52.0737], [5.192142, 52.073483], [5.191499, 52.073318], [5.191408, 52.073394], [5.188837, 52.072376], [5.188234, 52.072179], [5.188133, 52.072282], [5.187953, 52.072214], [5.188056, 52.072119], [5.187647, 52.071959], [5.186211, 52.071089], [5.186401, 52.070491], [5.193576, 52.070055], [5.201044, 52.069169], [5.20145, 52.06906], [5.201593, 52.069241], [5.200698, 52.069499], [5.200245, 52.06967]], [[5.26474, 52.070271], [5.264538, 52.070425], [5.25965, 52.073268], [5.259532, 52.073155], [5.264948, 52.070042], [5.265026, 52.069962], [5.265162, 52.070027], [5.26474, 52.070271]], [[5.292474, 52.088492], [5.291584, 52.088652], [5.289971, 52.089054], [5.286518, 52.090118], [5.285919, 52.090341], [5.285812, 52.090475], [5.285583, 52.090588], [5.28529, 52.090601], [5.285063, 52.090682], [5.283987, 52.091196], [5.282671, 52.091956], [5.282263, 52.092115], [5.281877, 52.092191], [5.281743, 52.09231], [5.281651, 52.092459], [5.281525, 52.092543], [5.277955, 52.094453], [5.274572, 52.096358], [5.274487, 52.096313], [5.275811, 52.095538], [5.275719, 52.09548], [5.281159, 52.092579], [5.281084, 52.092311], [5.281141, 52.092044], [5.281444, 52.092058], [5.281777, 52.092036], [5.282096, 52.091977], [5.282439, 52.091862], [5.284143, 52.090946], [5.285033, 52.090513], [5.28511, 52.090385], [5.284889, 52.090366], [5.284696, 52.090453], [5.28194, 52.088695], [5.280809, 52.088615], [5.271965, 52.08271], [5.271884, 52.082729], [5.271637, 52.082714], [5.26989, 52.082128], [5.268661, 52.082688], [5.268455, 52.08281], [5.268021, 52.083137], [5.267704, 52.083754], [5.267588, 52.083745], [5.267525, 52.083849], [5.267286, 52.084028], [5.266979, 52.084097], [5.266746, 52.083832], [5.266681, 52.083802], [5.265851, 52.083792], [5.265743, 52.083836], [5.265679, 52.083776], [5.265335, 52.083721], [5.265049, 52.083625], [5.263982, 52.08314], [5.261558, 52.082578], [5.259327, 52.08191], [5.259031, 52.082049], [5.258619, 52.082125], [5.25732, 52.081663], [5.25404, 52.080598], [5.253603, 52.080503], [5.253508, 52.080429], [5.249723, 52.079163], [5.254121, 52.076491], [5.256663, 52.075086], [5.25671, 52.07516], [5.256702, 52.075271], [5.259961, 52.076357], [5.260187, 52.076364], [5.260404, 52.076246], [5.262378, 52.075065], [5.259726, 52.07334], [5.265214, 52.070119], [5.265564, 52.070437], [5.271104, 52.073988], [5.275049, 52.076344], [5.277368, 52.077814], [5.282229, 52.078518], [5.283428, 52.078852], [5.283644, 52.078884], [5.283897, 52.078985], [5.288504, 52.080315], [5.295836, 52.082353], [5.2977, 52.08274], [5.304725, 52.078965], [5.304074, 52.079387], [5.295994, 52.083718], [5.295847, 52.083766], [5.29383, 52.08479], [5.293713, 52.084809], [5.290826, 52.086047], [5.289916, 52.086402], [5.29194, 52.088094], [5.292474, 52.088492]], [[5.249509, 52.07906], [5.255945, 52.075203], [5.256077, 52.075028], [5.256192, 52.074985], [5.256342, 52.074973], [5.256548, 52.075028], [5.254236, 52.076344], [5.250431, 52.078615], [5.249648, 52.079127], [5.249509, 52.07906]], [[5.16131, 52.079935], [5.161386, 52.079848], [5.161477, 52.079874], [5.161495, 52.079967], [5.161573, 52.080007], [5.161843, 52.080033], [5.162034, 52.080099], [5.163825, 52.081026], [5.163931, 52.081176], [5.161901, 52.081167], [5.161485, 52.08034], [5.161457, 52.080195], [5.161498, 52.080081], [5.16139, 52.080067], [5.16131, 52.079935]], [[4.998715, 52.090887], [4.995105, 52.091588], [4.994818, 52.091083], [4.998546, 52.090366], [4.998899, 52.090314], [5.000307, 52.090201], [5.002293, 52.090083], [5.003115, 52.090068], [5.004423, 52.090101], [5.004735, 52.090057], [5.005161, 52.089924], [5.0057, 52.089634], [5.00633, 52.089208], [5.00664, 52.088886], [5.007068, 52.088212], [5.007413, 52.086944], [5.007622, 52.085864], [5.007592, 52.085866], [5.007518, 52.085401], [5.007961, 52.085373], [5.008233, 52.085141], [5.008539, 52.084978], [5.010486, 52.084149], [5.013925, 52.083018], [5.018091, 52.081352], [5.019727, 52.080739], [5.01998, 52.080439], [5.02008, 52.080428], [5.019991, 52.079975], [5.022817, 52.079796], [5.022939, 52.079825], [5.023702, 52.079826], [5.023764, 52.08012], [5.024276, 52.080092], [5.024468, 52.080713], [5.023937, 52.080753], [5.023894, 52.080493], [5.023132, 52.080543], [5.023175, 52.080801], [5.022021, 52.080874], [5.021977, 52.080616], [5.020886, 52.080684], [5.020933, 52.080977], [5.020882, 52.080982], [5.020917, 52.081196], [5.019964, 52.081275], [5.018092, 52.08199], [5.014378, 52.083477], [5.010767, 52.084666], [5.008992, 52.085439], [5.008834, 52.085537], [5.008877, 52.085786], [5.008575, 52.085805], [5.008453, 52.086001], [5.008289, 52.086955], [5.008026, 52.088014], [5.007806, 52.088545], [5.007481, 52.089045], [5.007022, 52.089531], [5.006741, 52.089745], [5.005756, 52.090327], [5.005247, 52.090513], [5.004983, 52.090576], [5.004487, 52.090636], [5.004068, 52.090646], [5.003058, 52.090603], [5.002296, 52.090624], [5.001101, 52.090679], [4.998715, 52.090887]], [[5.175878, 52.080999], [5.175872, 52.08104], [5.175749, 52.081039], [5.175726, 52.081181], [5.174048, 52.081178], [5.174296, 52.081011], [5.173881, 52.080766], [5.174727, 52.080213], [5.174786, 52.080267], [5.174902, 52.080266], [5.17533, 52.080728], [5.17541, 52.080699], [5.175663, 52.080951], [5.175878, 52.080999]], [[5.18034, 52.080719], [5.18034, 52.080749], [5.177221, 52.080773], [5.176672, 52.080847], [5.17619, 52.080955], [5.17647, 52.080875], [5.177243, 52.080726], [5.18034, 52.080719]], [[5.149788, 52.082397], [5.14968, 52.082135], [5.14995, 52.082091], [5.150064, 52.082355], [5.149788, 52.082397]], [[5.044593, 52.082328], [5.044661, 52.082557], [5.044821, 52.082551], [5.045269, 52.085207], [5.0453, 52.085978], [5.045507, 52.086956], [5.045425, 52.086953], [5.04569, 52.088826], [5.045717, 52.089754], [5.043755, 52.089779], [5.043636, 52.089839], [5.043484, 52.089854], [5.039734, 52.089828], [5.038974, 52.086297], [5.039155, 52.085585], [5.039274, 52.085292], [5.039693, 52.084623], [5.039773, 52.084617], [5.039697, 52.084254], [5.039757, 52.084243], [5.039518, 52.083666], [5.039659, 52.083485], [5.03924, 52.082637], [5.043426, 52.081899], [5.043791, 52.081875], [5.044606, 52.081928], [5.044593, 52.082328]], [[5.15364, 52.082265], [5.153154, 52.082272], [5.153151, 52.082212], [5.153637, 52.082198], [5.15364, 52.082265]], [[5.152978, 52.083334], [5.153056, 52.083255], [5.153115, 52.083278], [5.153038, 52.083357], [5.152978, 52.083334]], [[5.150971, 52.084369], [5.15107, 52.084363], [5.151076, 52.084413], [5.150976, 52.084419], [5.150971, 52.084369]], [[5.238734, 52.08653], [5.238345, 52.086625], [5.237785, 52.086854], [5.236308, 52.087861], [5.236737, 52.087533], [5.237732, 52.086858], [5.237955, 52.086751], [5.237963, 52.086718], [5.238535, 52.086569], [5.238944, 52.086421], [5.238937, 52.086318], [5.239024, 52.086246], [5.239171, 52.08622], [5.2393, 52.08625], [5.242282, 52.084736], [5.242424, 52.084702], [5.242767, 52.084538], [5.240979, 52.085492], [5.239556, 52.086193], [5.238734, 52.08653]], [[5.224295, 52.092745], [5.226847, 52.094395], [5.226981, 52.094463], [5.227206, 52.09452], [5.227297, 52.094515], [5.227226, 52.094633], [5.227256, 52.094845], [5.221889, 52.098647], [5.221978, 52.098687], [5.227206, 52.094994], [5.22741, 52.094792], [5.227455, 52.094587], [5.229152, 52.094333], [5.231016, 52.093326], [5.231863, 52.092746], [5.232261, 52.09235], [5.232361, 52.092156], [5.232422, 52.091025], [5.23248, 52.090732], [5.232783, 52.090388], [5.233831, 52.089496], [5.234669, 52.088845], [5.235882, 52.08823], [5.237865, 52.086855], [5.238122, 52.086744], [5.238822, 52.08655], [5.239424, 52.086316], [5.242878, 52.084601], [5.242892, 52.084669], [5.242984, 52.084752], [5.243115, 52.084792], [5.243568, 52.085104], [5.243709, 52.085258], [5.249035, 52.088965], [5.249257, 52.089021], [5.250708, 52.090014], [5.25094, 52.09007], [5.251031, 52.090168], [5.251024, 52.090357], [5.251077, 52.090413], [5.254795, 52.092974], [5.254922, 52.093057], [5.255277, 52.093145], [5.255282, 52.093299], [5.255375, 52.093386], [5.259721, 52.09634], [5.266159, 52.10085], [5.270324, 52.098527], [5.270387, 52.098461], [5.270545, 52.09857], [5.26392, 52.102233], [5.262778, 52.104089], [5.262433, 52.10458], [5.26247, 52.10459], [5.262361, 52.104768], [5.262888, 52.104933], [5.262399, 52.106017], [5.262227, 52.106557], [5.25787, 52.105606], [5.256082, 52.105363], [5.254462, 52.104881], [5.253236, 52.104706], [5.247112, 52.104247], [5.247098, 52.104596], [5.243582, 52.104591], [5.239202, 52.104317], [5.2392, 52.104257], [5.239545, 52.103766], [5.24037, 52.102776], [5.241066, 52.101626], [5.241309, 52.101299], [5.241302, 52.101227], [5.243641, 52.097872], [5.243982, 52.097441], [5.244137, 52.097174], [5.243728, 52.097074], [5.240841, 52.101219], [5.240541, 52.101433], [5.238689, 52.104226], [5.23865, 52.104223], [5.238692, 52.104162], [5.221598, 52.103129], [5.219589, 52.102935], [5.218469, 52.102757], [5.217193, 52.102473], [5.215573, 52.102017], [5.214291, 52.101546], [5.213392, 52.101134], [5.21261, 52.100722], [5.212169, 52.100449], [5.21084, 52.099494], [5.211399, 52.09922], [5.211925, 52.098872], [5.213348, 52.098322], [5.213439, 52.098326], [5.214111, 52.098164], [5.214749, 52.098107], [5.214762, 52.097831], [5.214855, 52.097703], [5.2155, 52.097464], [5.217722, 52.096389], [5.21768, 52.096331], [5.220602, 52.094914], [5.222738, 52.093396], [5.223015, 52.093405], [5.223141, 52.093461], [5.223166, 52.093429], [5.223237, 52.093478], [5.223401, 52.093479], [5.223478, 52.093451], [5.223622, 52.093343], [5.223713, 52.093166], [5.22398, 52.092888], [5.224295, 52.092745]], [[5.15063, 52.084555], [5.150728, 52.084547], [5.150738, 52.084596], [5.15064, 52.084603], [5.15063, 52.084555]], [[4.884015, 52.087006], [4.883309, 52.08725], [4.882995, 52.086866], [4.882729, 52.08686], [4.882395, 52.086968], [4.881438, 52.085957], [4.8816, 52.085903], [4.88141, 52.085689], [4.881607, 52.085505], [4.881385, 52.085413], [4.881609, 52.085216], [4.882955, 52.084136], [4.883166, 52.084142], [4.886118, 52.084528], [4.886046, 52.084719], [4.886229, 52.085195], [4.885721, 52.085292], [4.885876, 52.085566], [4.885561, 52.085734], [4.885074, 52.086204], [4.88505, 52.086277], [4.88469, 52.086584], [4.88433, 52.086835], [4.884015, 52.087006]], [[5.149396, 52.085205], [5.149391, 52.085156], [5.14949, 52.085151], [5.149496, 52.085201], [5.149396, 52.085205]], [[4.839974, 52.086381], [4.840507, 52.086602], [4.839234, 52.086501], [4.838662, 52.086326], [4.838162, 52.086105], [4.837783, 52.085871], [4.837404, 52.085535], [4.839974, 52.086381]], [[5.235947, 52.088119], [5.234567, 52.088867], [5.233456, 52.089754], [5.23239, 52.090716], [5.232325, 52.091046], [5.232308, 52.09198], [5.232252, 52.092211], [5.232104, 52.092418], [5.231893, 52.092632], [5.231494, 52.092944], [5.230852, 52.093344], [5.229139, 52.09425], [5.228687, 52.09434], [5.227323, 52.094512], [5.22891, 52.094275], [5.230084, 52.093726], [5.230787, 52.093352], [5.231725, 52.092755], [5.232085, 52.092433], [5.232213, 52.092247], [5.232272, 52.092084], [5.232294, 52.091733], [5.232257, 52.091675], [5.231825, 52.091463], [5.231716, 52.091458], [5.231636, 52.091402], [5.232169, 52.091116], [5.232286, 52.091021], [5.232418, 52.090463], [5.232701, 52.090335], [5.233776, 52.089435], [5.234604, 52.088814], [5.235005, 52.088572], [5.235346, 52.088439], [5.235947, 52.088119]], [[5.124106, 52.090256], [5.124478, 52.090324], [5.125454, 52.090634], [5.125797, 52.09084], [5.126119, 52.091092], [5.126175, 52.091234], [5.12598, 52.091519], [5.125674, 52.091816], [5.125254, 52.091677], [5.125189, 52.091737], [5.125041, 52.091675], [5.125043, 52.091714], [5.124983, 52.091731], [5.124697, 52.091768], [5.124468, 52.091836], [5.123909, 52.091894], [5.123913, 52.091922], [5.12351, 52.091945], [5.123178, 52.091874], [5.122917, 52.091969], [5.122125, 52.092044], [5.120338, 52.091734], [5.119873, 52.091504], [5.119883, 52.091438], [5.119624, 52.091313], [5.118963, 52.091185], [5.118276, 52.091162], [5.11826, 52.090844], [5.118182, 52.090844], [5.118185, 52.090761], [5.117152, 52.090678], [5.117988, 52.089472], [5.11907, 52.08974], [5.119358, 52.089285], [5.120667, 52.089523], [5.121193, 52.089659], [5.121231, 52.089586], [5.123151, 52.089891], [5.123933, 52.089982], [5.12404, 52.090028], [5.124088, 52.090165], [5.124063, 52.090215], [5.124106, 52.090256]], [[4.867645, 52.091409], [4.870461, 52.092885], [4.866587, 52.092714], [4.861425, 52.092549], [4.861428, 52.090793], [4.867645, 52.091409]], [[5.052929, 52.094624], [5.052707, 52.094881], [5.052174, 52.095321], [5.051859, 52.095344], [5.051692, 52.095505], [5.049297, 52.095673], [5.048989, 52.095447], [5.048812, 52.095062], [5.048814, 52.094734], [5.049534, 52.094723], [5.04953, 52.094036], [5.051456, 52.094042], [5.051457, 52.094068], [5.052929, 52.094624]], [[4.887268, 52.094783], [4.885048, 52.094541], [4.886361, 52.094021], [4.889477, 52.095073], [4.887268, 52.094783]], [[4.971731, 52.125673], [4.971986, 52.126113], [4.97198, 52.126233], [4.973215, 52.128536], [4.97384, 52.129648], [4.984232, 52.132079], [4.984478, 52.132077], [4.984683, 52.132037], [4.984824, 52.13189], [4.984994, 52.131827], [4.98514, 52.131822], [4.985302, 52.131865], [4.985414, 52.131953], [4.985439, 52.132064], [4.985373, 52.132168], [4.985239, 52.132236], [4.985244, 52.132421], [4.985318, 52.132503], [4.985944, 52.134457], [4.986015, 52.134784], [4.985991, 52.1352], [4.985636, 52.135148], [4.985729, 52.13481], [4.98571, 52.134634], [4.985221, 52.133207], [4.985066, 52.132257], [4.984902, 52.132226], [4.984781, 52.132151], [4.984452, 52.132201], [4.98404, 52.132203], [4.973819, 52.129792], [4.973676, 52.129702], [4.973332, 52.129672], [4.969944, 52.128892], [4.967677, 52.128306], [4.965558, 52.127895], [4.969095, 52.123615], [4.969196, 52.123418], [4.969199, 52.123331], [4.969114, 52.123184], [4.969283, 52.12311], [4.96952, 52.122897], [4.970278, 52.122147], [4.970978, 52.121361], [4.975033, 52.116481], [4.975258, 52.116203], [4.975464, 52.115823], [4.978104, 52.112699], [4.976193, 52.110611], [4.974005, 52.108136], [4.973359, 52.107575], [4.972912, 52.107108], [4.970785, 52.105207], [4.970534, 52.104856], [4.970339, 52.104723], [4.969854, 52.104546], [4.96805, 52.103504], [4.967617, 52.103288], [4.967135, 52.103089], [4.966111, 52.102762], [4.96487, 52.102529], [4.960125, 52.101836], [4.958175, 52.101602], [4.957466, 52.101467], [4.951261, 52.100768], [4.95359, 52.100627], [4.965989, 52.098531], [4.966676, 52.100345], [4.968982, 52.100986], [4.971806, 52.100996], [4.972562, 52.102579], [4.975361, 52.105437], [4.976368, 52.107654], [4.978155, 52.108926], [4.979674, 52.111304], [4.981002, 52.11213], [4.980285, 52.112318], [4.978873, 52.113003], [4.978699, 52.113081], [4.978474, 52.113122], [4.977687, 52.113603], [4.977525, 52.113551], [4.972158, 52.120078], [4.971049, 52.121385], [4.970183, 52.122337], [4.970693, 52.123515], [4.970836, 52.123706], [4.971298, 52.124609], [4.971429, 52.125012], [4.971731, 52.125673]], [[5.186199, 52.104062], [5.186224, 52.104175], [5.184628, 52.10439], [5.184121, 52.104411], [5.183757, 52.104384], [5.178454, 52.103367], [5.178762, 52.103377], [5.183476, 52.104325], [5.183873, 52.104378], [5.184038, 52.104363], [5.184407, 52.104388], [5.185664, 52.104235], [5.185788, 52.10421], [5.185872, 52.104112], [5.186199, 52.104062]], [[4.98986, 52.109273], [4.985724, 52.111447], [4.985149, 52.11152], [4.984311, 52.111518], [4.985086, 52.109424], [4.986388, 52.10753], [4.988922, 52.106797], [4.99221, 52.106452], [4.992803, 52.1066], [4.99307, 52.107107], [4.993217, 52.10729], [4.993587, 52.10759], [4.992843, 52.107782], [4.992493, 52.107929], [4.98986, 52.109273]], [[5.250822, 52.126624], [5.251578, 52.125521], [5.251633, 52.125533], [5.250884, 52.126605], [5.250822, 52.126624]], [[5.05162, 52.12876], [5.050264, 52.129708], [5.051207, 52.129021], [5.05162, 52.12876]], [[5.050156, 52.129786], [5.048635, 52.13092], [5.048555, 52.130942], [5.050156, 52.129786]], [[5.047867, 52.131492], [5.047178, 52.132169], [5.046806, 52.132493], [5.047776, 52.131564], [5.048474, 52.131002], [5.047867, 52.131492]], [[5.046426, 52.132996], [5.046016, 52.133882], [5.045963, 52.134922], [5.045742, 52.135725], [5.044204, 52.138479], [5.043688, 52.138931], [5.043464, 52.139237], [5.043394, 52.139399], [5.043329, 52.139645], [5.043343, 52.139861], [5.043512, 52.139995], [5.043864, 52.140066], [5.043744, 52.140474], [5.043589, 52.140737], [5.043443, 52.140868], [5.04304, 52.141123], [5.042666, 52.141199], [5.042419, 52.141205], [5.041907, 52.141155], [5.04075, 52.140799], [5.039206, 52.140419], [5.038781, 52.140365], [5.037844, 52.140354], [5.036886, 52.140426], [5.036875, 52.140373], [5.036966, 52.140354], [5.037119, 52.140229], [5.037163, 52.140116], [5.037123, 52.140044], [5.036576, 52.13924], [5.036352, 52.139103], [5.036148, 52.139145], [5.036641, 52.138908], [5.04008, 52.136766], [5.040742, 52.136322], [5.044084, 52.13426], [5.04489, 52.133796], [5.046211, 52.132962], [5.046522, 52.132712], [5.046538, 52.132876], [5.046486, 52.132985], [5.046426, 52.132996]], [[4.987807, 52.135809], [4.987774, 52.13584], [4.987849, 52.13587], [4.987883, 52.135838], [4.993214, 52.137998], [4.993331, 52.138039], [4.993504, 52.138014], [4.993355, 52.138142], [4.986907, 52.135527], [4.986365, 52.13524], [4.986362, 52.13521], [4.987807, 52.135809]], [[5.044911, 52.140351], [5.046153, 52.137528], [5.047264, 52.137895], [5.047324, 52.138002], [5.047332, 52.138157], [5.047612, 52.138355], [5.047574, 52.138513], [5.04769, 52.138673], [5.047991, 52.138883], [5.048212, 52.138979], [5.045691, 52.14048], [5.044911, 52.140351]], [[5.361253, 52.141927], [5.36099, 52.14187], [5.361174, 52.141905], [5.361253, 52.141927]], [[5.361673, 52.142023], [5.361387, 52.141958], [5.361489, 52.141978], [5.361673, 52.142023]], [[5.362145, 52.142139], [5.36203, 52.142108], [5.362094, 52.142124], [5.362145, 52.142139]], [[5.027842, 52.151865], [5.027448, 52.151932], [5.027548, 52.151901], [5.027842, 52.151865]], [[5.027169, 52.151987], [5.027072, 52.152007], [5.0271, 52.152], [5.027169, 52.151987]], [[4.93665, 52.212756], [4.936756, 52.212995], [4.936766, 52.213208], [4.936672, 52.213507], [4.935149, 52.216162], [4.934374, 52.217416], [4.934376, 52.2175], [4.934163, 52.217879], [4.934098, 52.217934], [4.933643, 52.218724], [4.933261, 52.219244], [4.932672, 52.219872], [4.932671, 52.219942], [4.932547, 52.220008], [4.932289, 52.220239], [4.929355, 52.22315], [4.927852, 52.224215], [4.925579, 52.225532], [4.92464, 52.225973], [4.922599, 52.226719], [4.920122, 52.227365], [4.919712, 52.227496], [4.918794, 52.226267], [4.917981, 52.224995], [4.917755, 52.224713], [4.917599, 52.224619], [4.916706, 52.224684], [4.911659, 52.225337], [4.91059, 52.225401], [4.909987, 52.225306], [4.90953, 52.225143], [4.909153, 52.224839], [4.908595, 52.224616], [4.906994, 52.22388], [4.905254, 52.222955], [4.903954, 52.222306], [4.903538, 52.22227], [4.902352, 52.222086], [4.900689, 52.221711], [4.899561, 52.221337], [4.89833, 52.22082], [4.897777, 52.220667], [4.896991, 52.220531], [4.895769, 52.220049], [4.893454, 52.219468], [4.893383, 52.219516], [4.893272, 52.219744], [4.892964, 52.220184], [4.891966, 52.221173], [4.891913, 52.221268], [4.891877, 52.221411], [4.892181, 52.222321], [4.892099, 52.22251], [4.891019, 52.223642], [4.889591, 52.225227], [4.889695, 52.225228], [4.889602, 52.225361], [4.889442, 52.225392], [4.885929, 52.229203], [4.885751, 52.229246], [4.88561, 52.229238], [4.884544, 52.229106], [4.884343, 52.229211], [4.882088, 52.231638], [4.879867, 52.234248], [4.879786, 52.234346], [4.879802, 52.234388], [4.879927, 52.23441], [4.879919, 52.234462], [4.878176, 52.234503], [4.877928, 52.234549], [4.877673, 52.234711], [4.877399, 52.234975], [4.876514, 52.23455], [4.874859, 52.233663], [4.871907, 52.232239], [4.865625, 52.229118], [4.864544, 52.228606], [4.864493, 52.22861], [4.863627, 52.22817], [4.863644, 52.228151], [4.862481, 52.227543], [4.862502, 52.227525], [4.862322, 52.227471], [4.856586, 52.224663], [4.856538, 52.224619], [4.856558, 52.22436], [4.851989, 52.211873], [4.849889, 52.212155], [4.848939, 52.212253], [4.848622, 52.212251], [4.847428, 52.212147], [4.847062, 52.212138], [4.846641, 52.21217], [4.845589, 52.212347], [4.839715, 52.213187], [4.824468, 52.215291], [4.823925, 52.215491], [4.823848, 52.215487], [4.823665, 52.215664], [4.823131, 52.215365], [4.822583, 52.214938], [4.820129, 52.212859], [4.82002, 52.212805], [4.818303, 52.211326], [4.817534, 52.210784], [4.818339, 52.210305], [4.818338, 52.210345], [4.81837, 52.210087], [4.81831, 52.209395], [4.818331, 52.209173], [4.818805, 52.207711], [4.818005, 52.20548], [4.817466, 52.204194], [4.817507, 52.203993], [4.821348, 52.200935], [4.821555, 52.200819], [4.825486, 52.199168], [4.827364, 52.197999], [4.828889, 52.196997], [4.832128, 52.193424], [4.832541, 52.193049], [4.833803, 52.192057], [4.83529, 52.190784], [4.837561, 52.188511], [4.837623, 52.188454], [4.837691, 52.188476], [4.840542, 52.185609], [4.841058, 52.185068], [4.840989, 52.18498], [4.841224, 52.184951], [4.841652, 52.184632], [4.844959, 52.182469], [4.845108, 52.182405], [4.845433, 52.182333], [4.845787, 52.182348], [4.84606, 52.182422], [4.851838, 52.186081], [4.854986, 52.184487], [4.855446, 52.184314], [4.857595, 52.1841], [4.857964, 52.184053], [4.858071, 52.183993], [4.859245, 52.183867], [4.85936, 52.183898], [4.864971, 52.183497], [4.866918, 52.183058], [4.87134, 52.181989], [4.875872, 52.180707], [4.876579, 52.180481], [4.879467, 52.179347], [4.882549, 52.17807], [4.883203, 52.177878], [4.887938, 52.177217], [4.888701, 52.177141], [4.895535, 52.177084], [4.895541, 52.17711], [4.895601, 52.177111], [4.896181, 52.177064], [4.899769, 52.176493], [4.904612, 52.175661], [4.905513, 52.175465], [4.905869, 52.175345], [4.905972, 52.175366], [4.906042, 52.17539], [4.906117, 52.175492], [4.906114, 52.175609], [4.905961, 52.175726], [4.905976, 52.175768], [4.907607, 52.179279], [4.907872, 52.179966], [4.908014, 52.180588], [4.908091, 52.181266], [4.908045, 52.182318], [4.906553, 52.192958], [4.906387, 52.194031], [4.90605, 52.195369], [4.906119, 52.195408], [4.906769, 52.195471], [4.915541, 52.195801], [4.9162, 52.19592], [4.916915, 52.196154], [4.91979, 52.197353], [4.923682, 52.198887], [4.924503, 52.199054], [4.924883, 52.199089], [4.924913, 52.199138], [4.925081, 52.199153], [4.925073, 52.199108], [4.926139, 52.199223], [4.927492, 52.199467], [4.929332, 52.199847], [4.92939, 52.19983], [4.929624, 52.199873], [4.930297, 52.201045], [4.931187, 52.202813], [4.934083, 52.208124], [4.934109, 52.208261], [4.936122, 52.211886], [4.936211, 52.212168], [4.93665, 52.212756]]], [[[5.164958, 52.158775], [5.164722, 52.158613], [5.164742, 52.158355], [5.16443, 52.157627], [5.164222, 52.157462], [5.160768, 52.151913], [5.159574, 52.149886], [5.159506, 52.149556], [5.159403, 52.149315], [5.159154, 52.149146], [5.159174, 52.148935], [5.15885, 52.148588], [5.157812, 52.146908], [5.157713, 52.146585], [5.155635, 52.142998], [5.154332, 52.141217], [5.153677, 52.140181], [5.151787, 52.136643], [5.150236, 52.133921], [5.148595, 52.130886], [5.146303, 52.12687], [5.14561, 52.126431], [5.14452, 52.125858], [5.144304, 52.125649], [5.143977, 52.125047], [5.143832, 52.125113], [5.143697, 52.125444], [5.143627, 52.12548], [5.139935, 52.126474], [5.139503, 52.125773], [5.138194, 52.125797], [5.137935, 52.125423], [5.137396, 52.125409], [5.137302, 52.125377], [5.136027, 52.123301], [5.132123, 52.124209], [5.133305, 52.125937], [5.134282, 52.127478], [5.134371, 52.127638], [5.134408, 52.12786], [5.133994, 52.127992], [5.13325, 52.128149], [5.132121, 52.1285], [5.13177, 52.128575], [5.132417, 52.129534], [5.131026, 52.130152], [5.131395, 52.130647], [5.130668, 52.130829], [5.131904, 52.132507], [5.132465, 52.133203], [5.13201, 52.133323], [5.13124, 52.132653], [5.131122, 52.132672], [5.131004, 52.132809], [5.12999, 52.13336], [5.128672, 52.132144], [5.128108, 52.132392], [5.120143, 52.125191], [5.117451, 52.122821], [5.11605, 52.12347], [5.114623, 52.124183], [5.111123, 52.125728], [5.114565, 52.12875], [5.116879, 52.130853], [5.119043, 52.132743], [5.125777, 52.138781], [5.123717, 52.139134], [5.120236, 52.139781], [5.119536, 52.139947], [5.117232, 52.140347], [5.116847, 52.140392], [5.116624, 52.140371], [5.116423, 52.140317], [5.116207, 52.140204], [5.115019, 52.140697], [5.113035, 52.139006], [5.112418, 52.138426], [5.111147, 52.138886], [5.110772, 52.138996], [5.107315, 52.139728], [5.105691, 52.14013], [5.101429, 52.141098], [5.098064, 52.142166], [5.094754, 52.143353], [5.091968, 52.144147], [5.088595, 52.145235], [5.087841, 52.145508], [5.086136, 52.146253], [5.085741, 52.146457], [5.083922, 52.147621], [5.082698, 52.14848], [5.08104, 52.15009], [5.079949, 52.150773], [5.078863, 52.15139], [5.077375, 52.152298], [5.076621, 52.152813], [5.076035, 52.153323], [5.08199, 52.156108], [5.08373, 52.156842], [5.084756, 52.157218], [5.086185, 52.157796], [5.088448, 52.158817], [5.08967, 52.159304], [5.086715, 52.162228], [5.086618, 52.162413], [5.085925, 52.16304], [5.084704, 52.164246], [5.082422, 52.16752], [5.080987, 52.169712], [5.080954, 52.169711], [5.080477, 52.170356], [5.080392, 52.170563], [5.079874, 52.171429], [5.079377, 52.172067], [5.078894, 52.172899], [5.079883, 52.173138], [5.079866, 52.173168], [5.082361, 52.173703], [5.086195, 52.174377], [5.090244, 52.17513], [5.090258, 52.175103], [5.099447, 52.176785], [5.105786, 52.177988], [5.114744, 52.179619], [5.117693, 52.180036], [5.121034, 52.180698], [5.121624, 52.180723], [5.123492, 52.180624], [5.123555, 52.180576], [5.124014, 52.180528], [5.127673, 52.180379], [5.129819, 52.180328], [5.138608, 52.179964], [5.142814, 52.17975], [5.143087, 52.179756], [5.143989, 52.179905], [5.146132, 52.179862], [5.14648, 52.179896], [5.146487, 52.179923], [5.146599, 52.179953], [5.146803, 52.179966], [5.160344, 52.179219], [5.169162, 52.178773], [5.175486, 52.178362], [5.176915, 52.178258], [5.176964, 52.178216], [5.175767, 52.176084], [5.175126, 52.175002], [5.174982, 52.174854], [5.174882, 52.174587], [5.171243, 52.168522], [5.170567, 52.167271], [5.165866, 52.16003], [5.16512, 52.159097], [5.164958, 52.158775]]], [[[5.305894, 52.167375], [5.305885, 52.167332], [5.305642, 52.16716], [5.304354, 52.166352], [5.302911, 52.166772], [5.301834, 52.1672], [5.301195, 52.16678], [5.299532, 52.167813], [5.299604, 52.167867], [5.299179, 52.168101], [5.299321, 52.168196], [5.299034, 52.168344], [5.298933, 52.168281], [5.298593, 52.168481], [5.298565, 52.168469], [5.298735, 52.16858], [5.298542, 52.168706], [5.298093, 52.168381], [5.297753, 52.168683], [5.297844, 52.168783], [5.297778, 52.168827], [5.297909, 52.168911], [5.296889, 52.169583], [5.297219, 52.169765], [5.29635, 52.170436], [5.295937, 52.17019], [5.295554, 52.170598], [5.295626, 52.170633], [5.295517, 52.170764], [5.295848, 52.170926], [5.295277, 52.171388], [5.29559, 52.171527], [5.295797, 52.171354], [5.297837, 52.172261], [5.297452, 52.172656], [5.297481, 52.172717], [5.29741, 52.172707], [5.297241, 52.172841], [5.296662, 52.172553], [5.29578, 52.17329], [5.297465, 52.17406], [5.297513, 52.17403], [5.299612, 52.17499], [5.299759, 52.174918], [5.300522, 52.17531], [5.301285, 52.174929], [5.302149, 52.175384], [5.302779, 52.174892], [5.304157, 52.17556], [5.30528, 52.176344], [5.305385, 52.176438], [5.304657, 52.176598], [5.304584, 52.176683], [5.304627, 52.176769], [5.305733, 52.177305], [5.305797, 52.17726], [5.30591, 52.177319], [5.307811, 52.175946], [5.307724, 52.175887], [5.307782, 52.175834], [5.308787, 52.175068], [5.309145, 52.174599], [5.309463, 52.174042], [5.309257, 52.173909], [5.308699, 52.173786], [5.308304, 52.173637], [5.305617, 52.171735], [5.306497, 52.171313], [5.307706, 52.170945], [5.30814, 52.170994], [5.309654, 52.171254], [5.310096, 52.17113], [5.309715, 52.170286], [5.309166, 52.169588], [5.308762, 52.169313], [5.308505, 52.169064], [5.306957, 52.167966], [5.306917, 52.167975], [5.305894, 52.167375]]], [[[5.275067, 52.219882], [5.275293, 52.219542], [5.275513, 52.219304], [5.274949, 52.21895], [5.27459, 52.21884], [5.275111, 52.217807], [5.275104, 52.217602], [5.274957, 52.217479], [5.276851, 52.216269], [5.277502, 52.215898], [5.278114, 52.215596], [5.278792, 52.215408], [5.282095, 52.214626], [5.282231, 52.214561], [5.282405, 52.213479], [5.282637, 52.21308], [5.283771, 52.211846], [5.28382, 52.211762], [5.283791, 52.211706], [5.284017, 52.21169], [5.284071, 52.21162], [5.284525, 52.210565], [5.28457, 52.210535], [5.28502, 52.209187], [5.285317, 52.208464], [5.285397, 52.208468], [5.287421, 52.20942], [5.287841, 52.20958], [5.288258, 52.20966], [5.289281, 52.209713], [5.289584, 52.20977], [5.290224, 52.210256], [5.290234, 52.210388], [5.290383, 52.2104], [5.290439, 52.210373], [5.290851, 52.210444], [5.291529, 52.210645], [5.29174, 52.210434], [5.292245, 52.210327], [5.292532, 52.210058], [5.29264, 52.210011], [5.293084, 52.209938], [5.293228, 52.209954], [5.293362, 52.209931], [5.293735, 52.210035], [5.294281, 52.210137], [5.295257, 52.21026], [5.296744, 52.210651], [5.297128, 52.210691], [5.297698, 52.210669], [5.297432, 52.209002], [5.298693, 52.209344], [5.301282, 52.210163], [5.300353, 52.208045], [5.300145, 52.207934], [5.300008, 52.207938], [5.299064, 52.207643], [5.297305, 52.207041], [5.29727, 52.207105], [5.297362, 52.208262], [5.297067, 52.208461], [5.296967, 52.208444], [5.293369, 52.208792], [5.291733, 52.208898], [5.291396, 52.208727], [5.291302, 52.208602], [5.290871, 52.206813], [5.290548, 52.205713], [5.289841, 52.202584], [5.289153, 52.199885], [5.289074, 52.199738], [5.288989, 52.199714], [5.291628, 52.196207], [5.29358, 52.193406], [5.292853, 52.19326], [5.292077, 52.193163], [5.289062, 52.19257], [5.28893, 52.192522], [5.288956, 52.192427], [5.288911, 52.192367], [5.288769, 52.192322], [5.288496, 52.192346], [5.282605, 52.191212], [5.28247, 52.191219], [5.282289, 52.19129], [5.282141, 52.191262], [5.28258, 52.190373], [5.282867, 52.189643], [5.280663, 52.189294], [5.280526, 52.189206], [5.27982, 52.189105], [5.279115, 52.190649], [5.278942, 52.190828], [5.276826, 52.190087], [5.275702, 52.189503], [5.271486, 52.187749], [5.268962, 52.18664], [5.267397, 52.185661], [5.268684, 52.183485], [5.268037, 52.183463], [5.266243, 52.183171], [5.265144, 52.182808], [5.264918, 52.182682], [5.265431, 52.182368], [5.266099, 52.181806], [5.263244, 52.180206], [5.26184, 52.179359], [5.262754, 52.178759], [5.25917, 52.176851], [5.259439, 52.176639], [5.252853, 52.173238], [5.2647, 52.166827], [5.253414, 52.16089], [5.254442, 52.159796], [5.246986, 52.158277], [5.243555, 52.157338], [5.241563, 52.157485], [5.240598, 52.157353], [5.240547, 52.1574], [5.240188, 52.158778], [5.240064, 52.159545], [5.239754, 52.160716], [5.239638, 52.16079], [5.239417, 52.160809], [5.238989, 52.162702], [5.238908, 52.162819], [5.235744, 52.163295], [5.232565, 52.16011], [5.231396, 52.158838], [5.231194, 52.158441], [5.23098, 52.158324], [5.230941, 52.158162], [5.230521, 52.157898], [5.229551, 52.156986], [5.226697, 52.154136], [5.226602, 52.154846], [5.226678, 52.154855], [5.226564, 52.155689], [5.226295, 52.157398], [5.226165, 52.157763], [5.225438, 52.162728], [5.224793, 52.162689], [5.224684, 52.164023], [5.225191, 52.164093], [5.224923, 52.165669], [5.223844, 52.165371], [5.208721, 52.16208], [5.205418, 52.161309], [5.200211, 52.159995], [5.19933, 52.159861], [5.199325, 52.159689], [5.199392, 52.159648], [5.199375, 52.159533], [5.198429, 52.157595], [5.197776, 52.157697], [5.197744, 52.157631], [5.196576, 52.157775], [5.194981, 52.158068], [5.191406, 52.157308], [5.192431, 52.159251], [5.192756, 52.159292], [5.192515, 52.159873], [5.193045, 52.160873], [5.192876, 52.160906], [5.192857, 52.161075], [5.192589, 52.161263], [5.192631, 52.161349], [5.192709, 52.161356], [5.192787, 52.161547], [5.192697, 52.161575], [5.193659, 52.163404], [5.193526, 52.16341], [5.193479, 52.163326], [5.193383, 52.163339], [5.193416, 52.163419], [5.193289, 52.163446], [5.193392, 52.163667], [5.193334, 52.163702], [5.193333, 52.163766], [5.193225, 52.163796], [5.19347, 52.164221], [5.193534, 52.164214], [5.19374, 52.164567], [5.193937, 52.164538], [5.19396, 52.164595], [5.193867, 52.164617], [5.193901, 52.164688], [5.193994, 52.16467], [5.194149, 52.164972], [5.194108, 52.16499], [5.194208, 52.165205], [5.199651, 52.175198], [5.199713, 52.175185], [5.199851, 52.1754], [5.200097, 52.175458], [5.200409, 52.175835], [5.20042, 52.176012], [5.200573, 52.176065], [5.200642, 52.176132], [5.200941, 52.176708], [5.201126, 52.177229], [5.201325, 52.177635], [5.201834, 52.178392], [5.201903, 52.178557], [5.201838, 52.178655], [5.20149, 52.178746], [5.201508, 52.178778], [5.201562, 52.178791], [5.201965, 52.178695], [5.202108, 52.178877], [5.202198, 52.178901], [5.20224, 52.17887], [5.202122, 52.178646], [5.202213, 52.178614], [5.202369, 52.178863], [5.20284, 52.178804], [5.203145, 52.179386], [5.203077, 52.179428], [5.203134, 52.179526], [5.202495, 52.179481], [5.201814, 52.179488], [5.200644, 52.179659], [5.199876, 52.179617], [5.19808, 52.179585], [5.19802, 52.179569], [5.197574, 52.178789], [5.197139, 52.178788], [5.196934, 52.178753], [5.196767, 52.178667], [5.196562, 52.1785], [5.196394, 52.178449], [5.196143, 52.178431], [5.195493, 52.178465], [5.192854, 52.177895], [5.194403, 52.179845], [5.195724, 52.181399], [5.208624, 52.196213], [5.20871, 52.196324], [5.208677, 52.196357], [5.215031, 52.203726], [5.217193, 52.206209], [5.217308, 52.206277], [5.217374, 52.206417], [5.216792, 52.206545], [5.217673, 52.208516], [5.218509, 52.208366], [5.218571, 52.208304], [5.222556, 52.208926], [5.228246, 52.209699], [5.231029, 52.210128], [5.231669, 52.210255], [5.232848, 52.210344], [5.23279, 52.211075], [5.232828, 52.211558], [5.232448, 52.212145], [5.232334, 52.212413], [5.232062, 52.213742], [5.232113, 52.214042], [5.23206, 52.214432], [5.231674, 52.216301], [5.231851, 52.216482], [5.232029, 52.217198], [5.232015, 52.217261], [5.231808, 52.217461], [5.232789, 52.217543], [5.232802, 52.217486], [5.242141, 52.218365], [5.241587, 52.221239], [5.241836, 52.221206], [5.24219, 52.221253], [5.24334, 52.221312], [5.246876, 52.22144], [5.247759, 52.221531], [5.254188, 52.221744], [5.254523, 52.221786], [5.255081, 52.22176], [5.255835, 52.221643], [5.256127, 52.221571], [5.256887, 52.221261], [5.258292, 52.220493], [5.258881, 52.220085], [5.259792, 52.219748], [5.260161, 52.219529], [5.260833, 52.219217], [5.262913, 52.218016], [5.264291, 52.218139], [5.26456, 52.218114], [5.268474, 52.218436], [5.268649, 52.218503], [5.270018, 52.218606], [5.271204, 52.218596], [5.271248, 52.218667], [5.271324, 52.218694], [5.2717, 52.218666], [5.271701, 52.218634], [5.272478, 52.218618], [5.273269, 52.218641], [5.273221, 52.218999], [5.271066, 52.221176], [5.272969, 52.221797], [5.275067, 52.219882]]]]}}, {"type": "Feature", "id": "zr-conditional_mark-e77e5fce4c", "properties": {"id": "zr-conditional_mark-e77e5fce4c", "ruleIds": ["FR-LS-05"], "operation": "conditional_mark", "geometryValid": true, "areaKm2": 1411.127589569, "areaM2": 1411127589.568503, "layers": ["landschap", "provincial_gio_unverified"], "operands": ["landschap", "provincial_gio_unverified"], "status": "ok", "prov": "op=marker; rule=FR-LS-05; semantics=conditional; note=non-core semantics reported as marker zone, does not alter the opportunity zone; engine=poc-zone-engine/0.1 | op=validity_check; ctx=union layer=landschap; make_valid_repairs=0; engine=poc-zone-engine/0.1 shapely/2.1.2 | op=union; layer=landschap(https://agrest.geodata-utrecht.nl/rest/services/Omgevingsverordening/FeatureServer/0; lastChecked=2026-10-05T07:01:26Z; simplifiedM=2.0); features=1; make_valid_repairs=0; area_m2=1411127589.568502; engine=poc-zone-engine/0.1", "provenance": "op=marker; rule=FR-LS-05; semantics=conditional; note=non-core semantics reported as marker zone, does not alter the opportunity zone; engine=poc-zone-engine/0.1 | op=validity_check; ctx=union layer=landschap; make_valid_repairs=0; engine=poc-zone-engine/0.1 shapely/2.1.2 | op=union; layer=landschap(https://agrest.geodata-utrecht.nl/rest/services/Omgevingsverordening/FeatureServer/0; lastChecked=2026-10-05T07:01:26Z; simplifiedM=2.0); features=1; make_valid_repairs=0; area_m2=1411127589.568502; engine=poc-zone-engine/0.1", "provSteps": ["op=marker; rule=FR-LS-05; semantics=conditional; note=non-core semantics reported as marker zone, does not alter the opportunity zone; engine=poc-zone-engine/0.1", "op=validity_check; ctx=union layer=landschap; make_valid_repairs=0; engine=poc-zone-engine/0.1 shapely/2.1.2", "op=union; layer=landschap(https://agrest.geodata-utrecht.nl/rest/services/Omgevingsverordening/FeatureServer/0; lastChecked=2026-10-05T07:01:26Z; simplifiedM=2.0); features=1; make_valid_repairs=0; area_m2=1411127589.568502; engine=poc-zone-engine/0.1"], "computedBy": "poc-zone-engine/0.1", "computedAt": ""}, "geometry": {"type": "Polygon", "coordinates": [[[5.016706, 52.30292], [5.016685, 52.302881], [5.01784, 52.302662], [5.01941, 52.302502], [5.021543, 52.302457], [5.021663, 52.301221], [5.021863, 52.289426], [5.021926, 52.284932], [5.021867, 52.282653], [5.022786, 52.2822], [5.022882, 52.282097], [5.023071, 52.28198], [5.023213, 52.281913], [5.023417, 52.281876], [5.024382, 52.281357], [5.025245, 52.282372], [5.026508, 52.283978], [5.027819, 52.285487], [5.030528, 52.288487], [5.033212, 52.286258], [5.033345, 52.286251], [5.03342, 52.286315], [5.035149, 52.285527], [5.036707, 52.284747], [5.038418, 52.283768], [5.039429, 52.283244], [5.039581, 52.283291], [5.040794, 52.283881], [5.041625, 52.283369], [5.042779, 52.282488], [5.043397, 52.282746], [5.043957, 52.283035], [5.047067, 52.284738], [5.047484, 52.28502], [5.048058, 52.28564], [5.048196, 52.285696], [5.049418, 52.286942], [5.050382, 52.287798], [5.050352, 52.287811], [5.050404, 52.287872], [5.050851, 52.287699], [5.051299, 52.287396], [5.051579, 52.287318], [5.052769, 52.286485], [5.054834, 52.287549], [5.057339, 52.288478], [5.059407, 52.289297], [5.05954, 52.28932], [5.063284, 52.287195], [5.064195, 52.286293], [5.064792, 52.285081], [5.065471, 52.285198], [5.065658, 52.282692], [5.065491, 52.281272], [5.065689, 52.281245], [5.06588, 52.281271], [5.06588, 52.280543], [5.065582, 52.280506], [5.065146, 52.280545], [5.064827, 52.2806], [5.064383, 52.28075], [5.063579, 52.281306], [5.06307, 52.281841], [5.062873, 52.2822], [5.0628, 52.282572], [5.062921, 52.284387], [5.062903, 52.284695], [5.062838, 52.284798], [5.06248, 52.284983], [5.061856, 52.28513], [5.061119, 52.285214], [5.060519, 52.285169], [5.059857, 52.284984], [5.058906, 52.284608], [5.055293, 52.283006], [5.054164, 52.282696], [5.051594, 52.282195], [5.051148, 52.282039], [5.050753, 52.281818], [5.050381, 52.28151], [5.05006, 52.281141], [5.04986, 52.280839], [5.049726, 52.2805], [5.049644, 52.280011], [5.049633, 52.278919], [5.049688, 52.278096], [5.049621, 52.277796], [5.049468, 52.27756], [5.049252, 52.277355], [5.04901, 52.277203], [5.048602, 52.27703], [5.048304, 52.276968], [5.047966, 52.276945], [5.047216, 52.277013], [5.046451, 52.277205], [5.044805, 52.277689], [5.043734, 52.277909], [5.042909, 52.277958], [5.04211, 52.27787], [5.040324, 52.277427], [5.038224, 52.276971], [5.03508, 52.275928], [5.034001, 52.275719], [5.033328, 52.275437], [5.032959, 52.275212], [5.032687, 52.274956], [5.031256, 52.273173], [5.030933, 52.272503], [5.030579, 52.272248], [5.029814, 52.272044], [5.029538, 52.272014], [5.028902, 52.272028], [5.028331, 52.272091], [5.02472, 52.273101], [5.024078, 52.273236], [5.02371, 52.273208], [5.02334, 52.273073], [5.023021, 52.272848], [5.022887, 52.272483], [5.023291, 52.271509], [5.023479, 52.271206], [5.024237, 52.270248], [5.024817, 52.269633], [5.025133, 52.269348], [5.025542, 52.269066], [5.026727, 52.268474], [5.027136, 52.268229], [5.027509, 52.267915], [5.02775, 52.267574], [5.027874, 52.267228], [5.027912, 52.266894], [5.02789, 52.266463], [5.027799, 52.266041], [5.027646, 52.265695], [5.027455, 52.265434], [5.027189, 52.265174], [5.026791, 52.264863], [5.026585, 52.264635], [5.026507, 52.264396], [5.026582, 52.264148], [5.026926, 52.263834], [5.027443, 52.263492], [5.030218, 52.262089], [5.031099, 52.261557], [5.03149, 52.261277], [5.031955, 52.260877], [5.032249, 52.260535], [5.032489, 52.260166], [5.032633, 52.259791], [5.032672, 52.259472], [5.032457, 52.258706], [5.032269, 52.258367], [5.032084, 52.258135], [5.031197, 52.257314], [5.031039, 52.257062], [5.030972, 52.25682], [5.031011, 52.256424], [5.031171, 52.256024], [5.031474, 52.255564], [5.03186, 52.255117], [5.03294, 52.254086], [5.034497, 52.252865], [5.034719, 52.252741], [5.03492, 52.252682], [5.03533, 52.252641], [5.035733, 52.252654], [5.036146, 52.252794], [5.036564, 52.25301], [5.037099, 52.253366], [5.037495, 52.253689], [5.037973, 52.254226], [5.038625, 52.255271], [5.038877, 52.255594], [5.039436, 52.256125], [5.039731, 52.256326], [5.040062, 52.256499], [5.040676, 52.256694], [5.041067, 52.256733], [5.04138, 52.256698], [5.04169, 52.256623], [5.042143, 52.256456], [5.042943, 52.255977], [5.043279, 52.255671], [5.043475, 52.255335], [5.043548, 52.255008], [5.04358, 52.254298], [5.043922, 52.253347], [5.043923, 52.252782], [5.043979, 52.252449], [5.044168, 52.251967], [5.044803, 52.250666], [5.045051, 52.250211], [5.045293, 52.249878], [5.045751, 52.249432], [5.046386, 52.248903], [5.046549, 52.248712], [5.046634, 52.248541], [5.046659, 52.248201], [5.046521, 52.246972], [5.045854, 52.243382], [5.045996, 52.243221], [5.046578, 52.242835], [5.047642, 52.242216], [5.04833, 52.241991], [5.048988, 52.241458], [5.049542, 52.241098], [5.056276, 52.237127], [5.056894, 52.236536], [5.057189, 52.236005], [5.057502, 52.235836], [5.05773, 52.235353], [5.057485, 52.235207], [5.056762, 52.235593], [5.056355, 52.235337], [5.056281, 52.235381], [5.05579, 52.235214], [5.056224, 52.234979], [5.053532, 52.234118], [5.053283, 52.234243], [5.052884, 52.23394], [5.05292, 52.233922], [5.052455, 52.233765], [5.052237, 52.233858], [5.0519, 52.233704], [5.051955, 52.233674], [5.051814, 52.233563], [5.043796, 52.231011], [5.043555, 52.231107], [5.043244, 52.230819], [5.042397, 52.230547], [5.041586, 52.230888], [5.041345, 52.230077], [5.040518, 52.229834], [5.040706, 52.229547], [5.041314, 52.229494], [5.041102, 52.229322], [5.042484, 52.22878], [5.042041, 52.228396], [5.041981, 52.228419], [5.041695, 52.228235], [5.041583, 52.228213], [5.041354, 52.228087], [5.040842, 52.227693], [5.040966, 52.227531], [5.040489, 52.226942], [5.040046, 52.227031], [5.039587, 52.22645], [5.03916, 52.226012], [5.038932, 52.225679], [5.038971, 52.225512], [5.038856, 52.225471], [5.038731, 52.225179], [5.037102, 52.225342], [5.036965, 52.224776], [5.037222, 52.224776], [5.041929, 52.224089], [5.041984, 52.224327], [5.042796, 52.22404], [5.042633, 52.223866], [5.041923, 52.224062], [5.041906, 52.223993], [5.041653, 52.224054], [5.040473, 52.224214], [5.039342, 52.224411], [5.039196, 52.224024], [5.036666, 52.22436], [5.036645, 52.224246], [5.036684, 52.224231], [5.036644, 52.224207], [5.036592, 52.223568], [5.036494, 52.22309], [5.035849, 52.217529], [5.036524, 52.217387], [5.036845, 52.217191], [5.036974, 52.216971], [5.03713, 52.21655], [5.037073, 52.216408], [5.036917, 52.216244], [5.037145, 52.216203], [5.037023, 52.215908], [5.036943, 52.215914], [5.036693, 52.215691], [5.036909, 52.215156], [5.035867, 52.215159], [5.035838, 52.215123], [5.035683, 52.215125], [5.035682, 52.214731], [5.035771, 52.214557], [5.035329, 52.214487], [5.03533, 52.214462], [5.035459, 52.214384], [5.035551, 52.214418], [5.036993, 52.214409], [5.037257, 52.214324], [5.03729, 52.214215], [5.037166, 52.214186], [5.036666, 52.214196], [5.036663, 52.214157], [5.03678, 52.21414], [5.036823, 52.214022], [5.036756, 52.213683], [5.036699, 52.213648], [5.033788, 52.213714], [5.03373, 52.213123], [5.034354, 52.213117], [5.034339, 52.2129], [5.034221, 52.212535], [5.034203, 52.212131], [5.034092, 52.212135], [5.0337, 52.210726], [5.033687, 52.210625], [5.033722, 52.21062], [5.033639, 52.21033], [5.033571, 52.210334], [5.033401, 52.209836], [5.036445, 52.209568], [5.035838, 52.207204], [5.03588, 52.207198], [5.03586, 52.207069], [5.03576, 52.207005], [5.035315, 52.205233], [5.037421, 52.204965], [5.037251, 52.204154], [5.037168, 52.20414], [5.03665, 52.202138], [5.025948, 52.203956], [5.025934, 52.203929], [5.0256, 52.203982], [5.025431, 52.203256], [5.025037, 52.203271], [5.024996, 52.202844], [5.024674, 52.202863], [5.024689, 52.202989], [5.023315, 52.203051], [5.023433, 52.203828], [5.022621, 52.203941], [5.022489, 52.203285], [5.022454, 52.202815], [5.022526, 52.202676], [5.02311, 52.202743], [5.023112, 52.202491], [5.023026, 52.202039], [5.022678, 52.202241], [5.021919, 52.202501], [5.021604, 52.202542], [5.021587, 52.202475], [5.022051, 52.20238], [5.022452, 52.202226], [5.022469, 52.202153], [5.022622, 52.202005], [5.023006, 52.201746], [5.022791, 52.201713], [5.021432, 52.202036], [5.021384, 52.202037], [5.021293, 52.201886], [5.022769, 52.201534], [5.023173, 52.201596], [5.02347, 52.201524], [5.025632, 52.201461], [5.026061, 52.201374], [5.02634, 52.201219], [5.027247, 52.200406], [5.02795, 52.200086], [5.027942, 52.199958], [5.028345, 52.199945], [5.028782, 52.199863], [5.029165, 52.199765], [5.029549, 52.199564], [5.029849, 52.199534], [5.030458, 52.199233], [5.03067, 52.19908], [5.030769, 52.198941], [5.031003, 52.198748], [5.03115, 52.198708], [5.031694, 52.198657], [5.031713, 52.198505], [5.031826, 52.198437], [5.031909, 52.198431], [5.032202, 52.198537], [5.033611, 52.198324], [5.034336, 52.198109], [5.03478, 52.198136], [5.037125, 52.198053], [5.03714, 52.19794], [5.037201, 52.197949], [5.037423, 52.197414], [5.037123, 52.196626], [5.037765, 52.196565], [5.038125, 52.195676], [5.038173, 52.195395], [5.038134, 52.195163], [5.037944, 52.194739], [5.037792, 52.194516], [5.037494, 52.194281], [5.036778, 52.193863], [5.036516, 52.193552], [5.036435, 52.193328], [5.036301, 52.191723], [5.03622, 52.191489], [5.036008, 52.191276], [5.035513, 52.190924], [5.035336, 52.1907], [5.035309, 52.190469], [5.035422, 52.189953], [5.035686, 52.189404], [5.035708, 52.189201], [5.0356, 52.188934], [5.035299, 52.188621], [5.035159, 52.188378], [5.034977, 52.186803], [5.034848, 52.186641], [5.034619, 52.18649], [5.033908, 52.186255], [5.033635, 52.186049], [5.033534, 52.185878], [5.033199, 52.184717], [5.03297, 52.184476], [5.032549, 52.184315], [5.032503, 52.184113], [5.036275, 52.183892], [5.037877, 52.183888], [5.039858, 52.183793], [5.041549, 52.183752], [5.042049, 52.18337], [5.042128, 52.183197], [5.042224, 52.182585], [5.042475, 52.181523], [5.042839, 52.179483], [5.043531, 52.176236], [5.043608, 52.175688], [5.043795, 52.175241], [5.043986, 52.174594], [5.044036, 52.174126], [5.044194, 52.173509], [5.044297, 52.17265], [5.044395, 52.172215], [5.044658, 52.171287], [5.045491, 52.168986], [5.045697, 52.167701], [5.046076, 52.166269], [5.046187, 52.166043], [5.046421, 52.165929], [5.047735, 52.166186], [5.06621, 52.170282], [5.068789, 52.170837], [5.069555, 52.170971], [5.070203, 52.171118], [5.070205, 52.171195], [5.070658, 52.171205], [5.072799, 52.171719], [5.074686, 52.172084], [5.075024, 52.172194], [5.078651, 52.172984], [5.079383, 52.173186], [5.082452, 52.173842], [5.101909, 52.177417], [5.11121, 52.17917], [5.111331, 52.17917], [5.11438, 52.179744], [5.115294, 52.179853], [5.116523, 52.180105], [5.121176, 52.180947], [5.125498, 52.180778], [5.12819, 52.180641], [5.129747, 52.180635], [5.12983, 52.180606], [5.130541, 52.180567], [5.131044, 52.180585], [5.131407, 52.180536], [5.131916, 52.180535], [5.132591, 52.180474], [5.134018, 52.180474], [5.13526, 52.180388], [5.135338, 52.180409], [5.135504, 52.180342], [5.137785, 52.180257], [5.138445, 52.180201], [5.140245, 52.180119], [5.141703, 52.180081], [5.143208, 52.179936], [5.143358, 52.18027], [5.173461, 52.178601], [5.177096, 52.178338], [5.189316, 52.177681], [5.191301, 52.177753], [5.192586, 52.177833], [5.217214, 52.206233], [5.216487, 52.206367], [5.221337, 52.217717], [5.223465, 52.222501], [5.22473, 52.225197], [5.222901, 52.225261], [5.245093, 52.254431], [5.24398, 52.254535], [5.246583, 52.257804], [5.247116, 52.258525], [5.249752, 52.261807], [5.250102, 52.262172], [5.250734, 52.262948], [5.252698, 52.265479], [5.255987, 52.269572], [5.258801, 52.272966], [5.260963, 52.275685], [5.262673, 52.27774], [5.265179, 52.280862], [5.265978, 52.281926], [5.278153, 52.280519], [5.280562, 52.28028], [5.283667, 52.279897], [5.284007, 52.279907], [5.284255, 52.279831], [5.285412, 52.279697], [5.285889, 52.279659], [5.286107, 52.279699], [5.286998, 52.27964], [5.287343, 52.279525], [5.289593, 52.279271], [5.28973, 52.279225], [5.290469, 52.279139], [5.290855, 52.279064], [5.297467, 52.278346], [5.30206, 52.277799], [5.302365, 52.277733], [5.302897, 52.277707], [5.303714, 52.277582], [5.30405, 52.277573], [5.305834, 52.277329], [5.335461, 52.290218], [5.393236, 52.255157], [5.402897, 52.249527], [5.404643, 52.24963], [5.403239, 52.246072], [5.401839, 52.242674], [5.401236, 52.241056], [5.400821, 52.240202], [5.399836, 52.23758], [5.399569, 52.237059], [5.398676, 52.234992], [5.397818, 52.232751], [5.396789, 52.230377], [5.396687, 52.229997], [5.39645, 52.229412], [5.396237, 52.228464], [5.395958, 52.228011], [5.395698, 52.227272], [5.395397, 52.226626], [5.395314, 52.226269], [5.394967, 52.225585], [5.394576, 52.224134], [5.394289, 52.223562], [5.39322, 52.220723], [5.393219, 52.220627], [5.393578, 52.220122], [5.400052, 52.216897], [5.403728, 52.215126], [5.405993, 52.213968], [5.407222, 52.213405], [5.4088, 52.216974], [5.40967, 52.21858], [5.417179, 52.21498], [5.419623, 52.213711], [5.421029, 52.213194], [5.421987, 52.212279], [5.423119, 52.211766], [5.426036, 52.210336], [5.429589, 52.208357], [5.430595, 52.207856], [5.431685, 52.207365], [5.431736, 52.207238], [5.431891, 52.207123], [5.432522, 52.206895], [5.432865, 52.206833], [5.434329, 52.206215], [5.434231, 52.206117], [5.434281, 52.206085], [5.434684, 52.205925], [5.434714, 52.205876], [5.435426, 52.205605], [5.43545, 52.205629], [5.436382, 52.205296], [5.436652, 52.205586], [5.439237, 52.204601], [5.439254, 52.204646], [5.439413, 52.204592], [5.43908, 52.203572], [5.438918, 52.202863], [5.438762, 52.201854], [5.43875, 52.200331], [5.438954, 52.198187], [5.438328, 52.198163], [5.438106, 52.1982], [5.437831, 52.198324], [5.43645, 52.199086], [5.435114, 52.199724], [5.435035, 52.199814], [5.434881, 52.199841], [5.433839, 52.200359], [5.43312, 52.200762], [5.429911, 52.20237], [5.429794, 52.202405], [5.429703, 52.20232], [5.427911, 52.20316], [5.426354, 52.203974], [5.422706, 52.205742], [5.421137, 52.206547], [5.420916, 52.20669], [5.419903, 52.207147], [5.415375, 52.209387], [5.414623, 52.209707], [5.412694, 52.210695], [5.412682, 52.210652], [5.412576, 52.210689], [5.41109, 52.211514], [5.410612, 52.211737], [5.408515, 52.203796], [5.409049, 52.203732], [5.403203, 52.199594], [5.401678, 52.199865], [5.40108, 52.19993], [5.400757, 52.199912], [5.398966, 52.199682], [5.398087, 52.200152], [5.397724, 52.199913], [5.396655, 52.199928], [5.395812, 52.199399], [5.394105, 52.200589], [5.392225, 52.201757], [5.391014, 52.202414], [5.389756, 52.203041], [5.38614, 52.204657], [5.385641, 52.204983], [5.385031, 52.205587], [5.384836, 52.205736], [5.383615, 52.206267], [5.382612, 52.206536], [5.38146, 52.206765], [5.379861, 52.206877], [5.379515, 52.206852], [5.379246, 52.206784], [5.377328, 52.207026], [5.375495, 52.207328], [5.373819, 52.20756], [5.37145, 52.207842], [5.370205, 52.208035], [5.369652, 52.208041], [5.36447, 52.208619], [5.364473, 52.207988], [5.364344, 52.207859], [5.364319, 52.207705], [5.364372, 52.207566], [5.364541, 52.206128], [5.364638, 52.206128], [5.364664, 52.205598], [5.364646, 52.20537], [5.364587, 52.205355], [5.364582, 52.205319], [5.364614, 52.20449], [5.364941, 52.202066], [5.364905, 52.201594], [5.364755, 52.200811], [5.364777, 52.200696], [5.364925, 52.200457], [5.365188, 52.200163], [5.365232, 52.200053], [5.365303, 52.199342], [5.366112, 52.196742], [5.366514, 52.195836], [5.366729, 52.195613], [5.366912, 52.195338], [5.367008, 52.195092], [5.367281, 52.195013], [5.367619, 52.194339], [5.36759, 52.194266], [5.367444, 52.194158], [5.367499, 52.194003], [5.367751, 52.193898], [5.36784, 52.193784], [5.367888, 52.193579], [5.367901, 52.192739], [5.367741, 52.192741], [5.367695, 52.192499], [5.367664, 52.191883], [5.367324, 52.188971], [5.367357, 52.188562], [5.367487, 52.187952], [5.368216, 52.186262], [5.368633, 52.185042], [5.368902, 52.183966], [5.369151, 52.182457], [5.369181, 52.182057], [5.36904, 52.181708], [5.369115, 52.181415], [5.369324, 52.18115], [5.369354, 52.1809], [5.369363, 52.180656], [5.369288, 52.180535], [5.369083, 52.179773], [5.36899, 52.179657], [5.368745, 52.179504], [5.368664, 52.179381], [5.368628, 52.178963], [5.368723, 52.178837], [5.369005, 52.178638], [5.369042, 52.178551], [5.368775, 52.176822], [5.368667, 52.176404], [5.368455, 52.176008], [5.367887, 52.175362], [5.367941, 52.175263], [5.367671, 52.175039], [5.367423, 52.174879], [5.366739, 52.174544], [5.36476, 52.173692], [5.362958, 52.172775], [5.362181, 52.172191], [5.36153, 52.171446], [5.361311, 52.171551], [5.361268, 52.171524], [5.350426, 52.175341], [5.348506, 52.175611], [5.347583, 52.175793], [5.346078, 52.174013], [5.345974, 52.173784], [5.346028, 52.173589], [5.346652, 52.173273], [5.346934, 52.172933], [5.346937, 52.172575], [5.346668, 52.171585], [5.346813, 52.171157], [5.346823, 52.170878], [5.347053, 52.170576], [5.34719, 52.170308], [5.347182, 52.169921], [5.345216, 52.165554], [5.345151, 52.165518], [5.345122, 52.165425], [5.345323, 52.1654], [5.344564, 52.163507], [5.343709, 52.161115], [5.344118, 52.160508], [5.344026, 52.160477], [5.344028, 52.160305], [5.344263, 52.160214], [5.344916, 52.159509], [5.345941, 52.15815], [5.346346, 52.157473], [5.347857, 52.154163], [5.348089, 52.15345], [5.348272, 52.152153], [5.348465, 52.151772], [5.348946, 52.151492], [5.349407, 52.151381], [5.352312, 52.151152], [5.352652, 52.151096], [5.352958, 52.150997], [5.353149, 52.15088], [5.353276, 52.150757], [5.353208, 52.150732], [5.353345, 52.150587], [5.345519, 52.147735], [5.344764, 52.147469], [5.343251, 52.147013], [5.341973, 52.146716], [5.34053, 52.146434], [5.339172, 52.146247], [5.336986, 52.146032], [5.337471, 52.145292], [5.337424, 52.145269], [5.337626, 52.145093], [5.337757, 52.144801], [5.338314, 52.143992], [5.339361, 52.144298], [5.339516, 52.144316], [5.341203, 52.144836], [5.342003, 52.145047], [5.345352, 52.146031], [5.346348, 52.145938], [5.347143, 52.145821], [5.348382, 52.145581], [5.348409, 52.145524], [5.353342, 52.146494], [5.35362, 52.146564], [5.353726, 52.146624], [5.353806, 52.146452], [5.353838, 52.145988], [5.354159, 52.144957], [5.354274, 52.144735], [5.354688, 52.144318], [5.355323, 52.143956], [5.355301, 52.143928], [5.355335, 52.143916], [5.355275, 52.143698], [5.355357, 52.143514], [5.35487, 52.142705], [5.354793, 52.142331], [5.354781, 52.141918], [5.354935, 52.141595], [5.354934, 52.141492], [5.35512, 52.141396], [5.355522, 52.141561], [5.355898, 52.141654], [5.356642, 52.14169], [5.35724, 52.141612], [5.357615, 52.14149], [5.358021, 52.141313], [5.358167, 52.141184], [5.358207, 52.141089], [5.358318, 52.141097], [5.358302, 52.140941], [5.358379, 52.140862], [5.358538, 52.140805], [5.358797, 52.140781], [5.358996, 52.140637], [5.359084, 52.140468], [5.35953, 52.139897], [5.359988, 52.139136], [5.360053, 52.138956], [5.360076, 52.138758], [5.360021, 52.13852], [5.35986, 52.138297], [5.359166, 52.137736], [5.358979, 52.137631], [5.358637, 52.137547], [5.358307, 52.137552], [5.357829, 52.137655], [5.357373, 52.137794], [5.357193, 52.137664], [5.355321, 52.136669], [5.355356, 52.13661], [5.35532, 52.136591], [5.355547, 52.136534], [5.355978, 52.1366], [5.356164, 52.136559], [5.356359, 52.136588], [5.357068, 52.136351], [5.357165, 52.136249], [5.357458, 52.136209], [5.360276, 52.135157], [5.360304, 52.135247], [5.360394, 52.135202], [5.360461, 52.135241], [5.363579, 52.134193], [5.363871, 52.134137], [5.364904, 52.133723], [5.366112, 52.1333], [5.366185, 52.133311], [5.365323, 52.132737], [5.363175, 52.130812], [5.366185, 52.129817], [5.366256, 52.129904], [5.366297, 52.129889], [5.366845, 52.130461], [5.368007, 52.130122], [5.368928, 52.129787], [5.370353, 52.131158], [5.370769, 52.131467], [5.371171, 52.131701], [5.372736, 52.132314], [5.373436, 52.132687], [5.373641, 52.132849], [5.373665, 52.132967], [5.374324, 52.133444], [5.374445, 52.133596], [5.375042, 52.133504], [5.37527, 52.133438], [5.375399, 52.133503], [5.37542, 52.133561], [5.375992, 52.133473], [5.376104, 52.133745], [5.376173, 52.133757], [5.376395, 52.134306], [5.377344, 52.13467], [5.37861, 52.13543], [5.3803, 52.136265], [5.381043, 52.136589], [5.381983, 52.13683], [5.382157, 52.136888], [5.382338, 52.137004], [5.382522, 52.137224], [5.382601, 52.13754], [5.382697, 52.138662], [5.382931, 52.139369], [5.383121, 52.139503], [5.385015, 52.140079], [5.385257, 52.140126], [5.385647, 52.140141], [5.38603, 52.139648], [5.386051, 52.139518], [5.387087, 52.136993], [5.387895, 52.137198], [5.388204, 52.137183], [5.388536, 52.137213], [5.389343, 52.137339], [5.389329, 52.137385], [5.389509, 52.13741], [5.388897, 52.13895], [5.391782, 52.139858], [5.392281, 52.140026], [5.3923, 52.140087], [5.394107, 52.140646], [5.394752, 52.140889], [5.394954, 52.140627], [5.395231, 52.140122], [5.396294, 52.137517], [5.3976, 52.134734], [5.397738, 52.134105], [5.397734, 52.133818], [5.398439, 52.134024], [5.39848, 52.13427], [5.398421, 52.134553], [5.398443, 52.134738], [5.398561, 52.134946], [5.39881, 52.13517], [5.399831, 52.135836], [5.401038, 52.136524], [5.401961, 52.137121], [5.403205, 52.13806], [5.40424, 52.138928], [5.407544, 52.142153], [5.408011, 52.142523], [5.412481, 52.147007], [5.412973, 52.147327], [5.41371, 52.148305], [5.413499, 52.148366], [5.413605, 52.14848], [5.413802, 52.148423], [5.414543, 52.149324], [5.415107, 52.150096], [5.416171, 52.151809], [5.416579, 52.152575], [5.417, 52.153498], [5.418801, 52.158213], [5.419446, 52.160062], [5.42733, 52.162259], [5.427993, 52.162377], [5.428951, 52.162741], [5.430179, 52.1634], [5.432464, 52.164793], [5.433039, 52.165217], [5.433549, 52.165453], [5.435944, 52.16684], [5.436793, 52.167396], [5.437078, 52.167668], [5.437501, 52.168159], [5.437759, 52.168398], [5.437796, 52.168388], [5.438296, 52.169018], [5.438132, 52.169087], [5.438211, 52.169466], [5.438196, 52.169613], [5.438048, 52.169768], [5.437447, 52.169999], [5.436723, 52.170223], [5.436381, 52.170465], [5.436226, 52.170523], [5.436323, 52.170624], [5.436167, 52.170687], [5.436226, 52.170752], [5.436132, 52.170792], [5.436173, 52.170836], [5.436068, 52.170879], [5.436005, 52.170975], [5.435949, 52.171438], [5.439463, 52.169795], [5.439901, 52.169557], [5.44182, 52.168757], [5.442921, 52.168409], [5.444196, 52.168069], [5.445597, 52.167776], [5.446824, 52.167591], [5.449033, 52.167348], [5.47573, 52.165396], [5.475746, 52.166095], [5.479922, 52.165815], [5.479859, 52.165704], [5.479751, 52.165679], [5.479615, 52.165477], [5.478948, 52.164741], [5.478883, 52.164401], [5.477739, 52.16424], [5.475557, 52.16439], [5.475472, 52.164359], [5.475257, 52.164151], [5.474484, 52.163876], [5.473869, 52.163907], [5.472982, 52.163822], [5.473192, 52.163645], [5.473316, 52.163464], [5.473409, 52.163275], [5.473405, 52.163114], [5.473332, 52.1631], [5.473393, 52.162995], [5.472433, 52.162851], [5.472866, 52.161848], [5.47552, 52.162162], [5.47814, 52.161717], [5.479197, 52.161361], [5.479598, 52.161176], [5.47997, 52.160955], [5.480733, 52.160354], [5.480973, 52.160102], [5.481125, 52.160046], [5.481398, 52.160025], [5.481751, 52.159877], [5.482116, 52.159796], [5.481458, 52.158374], [5.481496, 52.158297], [5.482309, 52.158205], [5.482461, 52.158243], [5.483038, 52.158289], [5.483653, 52.158289], [5.483977, 52.158236], [5.484143, 52.158178], [5.484317, 52.158064], [5.484132, 52.157134], [5.484254, 52.157086], [5.484197, 52.156919], [5.484166, 52.155817], [5.484113, 52.155479], [5.484074, 52.155346], [5.48361, 52.155385], [5.483724, 52.155047], [5.483774, 52.154684], [5.483767, 52.153981], [5.483248, 52.154017], [5.482933, 52.15253], [5.482626, 52.151504], [5.481342, 52.150501], [5.483425, 52.149596], [5.484795, 52.149166], [5.489476, 52.148219], [5.496251, 52.14735], [5.497172, 52.14731], [5.498552, 52.147386], [5.498596, 52.147355], [5.498982, 52.147393], [5.498815, 52.146227], [5.498506, 52.144932], [5.49837, 52.144486], [5.498179, 52.144193], [5.498031, 52.143818], [5.497989, 52.14353], [5.498092, 52.143467], [5.498007, 52.143153], [5.497306, 52.141444], [5.498535, 52.141171], [5.498943, 52.141118], [5.499835, 52.141083], [5.500002, 52.141043], [5.501222, 52.140505], [5.502202, 52.139851], [5.502603, 52.139536], [5.502742, 52.139567], [5.504139, 52.139356], [5.504216, 52.139277], [5.504377, 52.139225], [5.504716, 52.139209], [5.505614, 52.139052], [5.507592, 52.138866], [5.50745, 52.138532], [5.509637, 52.138167], [5.510307, 52.137999], [5.511685, 52.137496], [5.512481, 52.137072], [5.514079, 52.135923], [5.513536, 52.135773], [5.512367, 52.134224], [5.511881, 52.134115], [5.51196, 52.134001], [5.512, 52.133998], [5.512042, 52.133736], [5.511964, 52.132513], [5.512077, 52.132284], [5.512171, 52.132193], [5.511928, 52.132105], [5.511668, 52.132051], [5.511339, 52.13211], [5.510989, 52.132026], [5.510065, 52.131916], [5.509203, 52.131945], [5.508931, 52.131775], [5.508857, 52.131585], [5.508561, 52.131653], [5.507697, 52.131335], [5.50769, 52.131129], [5.507636, 52.131124], [5.507562, 52.131169], [5.507472, 52.131348], [5.507342, 52.131331], [5.507094, 52.131222], [5.506721, 52.13098], [5.506297, 52.131023], [5.506103, 52.130914], [5.505513, 52.131118], [5.50522, 52.131141], [5.505043, 52.131114], [5.504971, 52.131068], [5.504978, 52.130934], [5.504757, 52.130953], [5.504615, 52.130931], [5.504118, 52.130666], [5.503584, 52.130573], [5.502778, 52.130249], [5.502395, 52.130199], [5.502117, 52.130093], [5.501603, 52.130086], [5.501532, 52.130042], [5.501518, 52.129961], [5.501424, 52.129926], [5.500992, 52.130053], [5.500724, 52.130043], [5.500395, 52.130136], [5.499734, 52.130253], [5.499165, 52.130245], [5.499071, 52.130292], [5.499166, 52.130458], [5.499087, 52.130543], [5.498881, 52.130481], [5.498344, 52.130225], [5.498044, 52.130211], [5.497913, 52.130283], [5.497583, 52.128633], [5.497467, 52.128335], [5.497351, 52.127833], [5.496897, 52.125356], [5.496759, 52.124814], [5.496496, 52.124847], [5.496421, 52.124601], [5.495259, 52.12466], [5.494751, 52.124721], [5.494695, 52.124698], [5.494686, 52.124615], [5.494738, 52.124591], [5.494691, 52.124245], [5.49514, 52.122296], [5.495141, 52.122255], [5.495019, 52.122209], [5.49506, 52.121993], [5.495582, 52.121453], [5.495862, 52.121249], [5.496134, 52.121101], [5.496653, 52.120496], [5.496706, 52.120283], [5.496652, 52.120125], [5.49673, 52.119962], [5.496819, 52.119913], [5.496918, 52.119557], [5.497961, 52.119358], [5.500042, 52.1192], [5.500419, 52.119266], [5.501201, 52.119497], [5.501669, 52.11957], [5.503222, 52.119686], [5.503229, 52.119649], [5.504829, 52.119763], [5.505354, 52.11975], [5.50471, 52.118148], [5.504609, 52.118162], [5.504212, 52.117165], [5.503756, 52.116586], [5.505894, 52.115984], [5.5066, 52.115855], [5.507076, 52.115841], [5.507164, 52.115609], [5.507549, 52.115645], [5.507702, 52.113897], [5.506467, 52.114281], [5.506168, 52.11431], [5.504157, 52.113738], [5.50395, 52.11372], [5.50377, 52.11381], [5.502499, 52.114949], [5.50261, 52.115092], [5.498917, 52.116018], [5.497508, 52.11593], [5.497012, 52.115851], [5.496456, 52.115945], [5.496051, 52.115746], [5.495626, 52.115586], [5.493903, 52.115651], [5.492579, 52.115662], [5.491945, 52.115723], [5.491139, 52.115872], [5.490755, 52.116055], [5.488082, 52.116101], [5.4879, 52.116043], [5.486447, 52.11536], [5.48686, 52.115205], [5.487415, 52.115051], [5.487886, 52.114998], [5.488705, 52.114965], [5.489005, 52.114874], [5.489075, 52.114899], [5.489113, 52.114981], [5.489162, 52.114998], [5.489718, 52.1149], [5.48977, 52.114812], [5.489887, 52.114744], [5.490256, 52.114645], [5.490439, 52.114645], [5.49094, 52.114486], [5.491052, 52.114507], [5.491176, 52.114599], [5.491521, 52.114465], [5.491831, 52.114508], [5.491896, 52.114426], [5.491832, 52.11409], [5.492397, 52.113813], [5.492625, 52.113767], [5.493014, 52.113559], [5.493003, 52.113457], [5.493376, 52.113002], [5.493581, 52.113105], [5.493688, 52.113094], [5.493714, 52.112873], [5.493879, 52.112815], [5.493922, 52.112764], [5.493941, 52.112504], [5.493872, 52.111908], [5.493874, 52.111373], [5.49391, 52.111271], [5.493862, 52.111097], [5.488966, 52.108145], [5.488618, 52.108009], [5.487874, 52.10764], [5.485945, 52.106472], [5.484302, 52.105542], [5.484775, 52.103784], [5.484995, 52.103304], [5.485038, 52.101849], [5.485237, 52.099216], [5.48474, 52.096624], [5.48518, 52.095625], [5.485897, 52.094216], [5.486083, 52.093657], [5.482673, 52.092611], [5.480622, 52.092027], [5.479969, 52.091709], [5.476785, 52.09038], [5.476761, 52.090348], [5.47554, 52.090355], [5.474833, 52.090255], [5.474428, 52.090093], [5.472786, 52.089162], [5.471886, 52.089381], [5.471498, 52.088351], [5.469995, 52.087436], [5.470001, 52.087402], [5.468943, 52.086615], [5.467959, 52.085995], [5.466263, 52.084812], [5.464927, 52.083797], [5.464938, 52.083724], [5.464054, 52.083056], [5.463478, 52.083418], [5.463368, 52.083442], [5.462532, 52.083156], [5.459807, 52.082019], [5.459678, 52.082003], [5.460148, 52.080952], [5.459243, 52.080226], [5.45965, 52.079983], [5.460364, 52.079653], [5.461328, 52.079311], [5.46223, 52.079084], [5.464658, 52.078748], [5.464901, 52.078674], [5.465435, 52.078429], [5.465638, 52.078303], [5.465988, 52.077959], [5.466108, 52.077731], [5.4662, 52.077442], [5.466308, 52.076379], [5.466382, 52.07619], [5.466729, 52.075802], [5.466891, 52.075686], [5.467144, 52.07557], [5.46749, 52.075458], [5.467952, 52.075372], [5.46927, 52.075219], [5.470305, 52.074948], [5.470678, 52.074801], [5.472631, 52.073801], [5.473825, 52.07305], [5.474209, 52.072921], [5.474579, 52.072845], [5.475659, 52.072761], [5.475926, 52.072714], [5.476174, 52.072716], [5.476376, 52.072641], [5.476492, 52.0725], [5.476849, 52.072299], [5.477222, 52.072013], [5.478212, 52.071714], [5.478416, 52.071709], [5.478413, 52.071676], [5.479148, 52.071598], [5.479976, 52.07138], [5.481744, 52.07046], [5.483897, 52.069656], [5.48415, 52.069622], [5.484522, 52.069638], [5.484721, 52.069685], [5.485628, 52.070183], [5.48589, 52.070263], [5.486213, 52.070264], [5.486985, 52.070161], [5.487494, 52.070186], [5.487821, 52.07025], [5.488282, 52.070393], [5.490175, 52.071252], [5.490696, 52.071411], [5.492327, 52.07156], [5.493053, 52.071749], [5.493887, 52.071889], [5.494424, 52.071931], [5.495165, 52.071901], [5.495775, 52.071777], [5.496639, 52.071527], [5.497508, 52.071349], [5.498068, 52.071313], [5.499882, 52.071335], [5.501666, 52.072852], [5.50199, 52.073177], [5.502092, 52.073345], [5.504584, 52.07335], [5.504847, 52.075174], [5.504984, 52.076694], [5.50507, 52.076911], [5.506482, 52.076706], [5.508758, 52.076979], [5.509204, 52.07697], [5.509576, 52.077362], [5.509752, 52.07762], [5.510295, 52.077967], [5.510361, 52.078055], [5.510361, 52.078161], [5.510281, 52.078318], [5.509994, 52.078686], [5.509694, 52.07898], [5.509923, 52.07905], [5.511552, 52.078939], [5.511578, 52.078913], [5.511698, 52.078943], [5.512171, 52.078934], [5.513146, 52.078805], [5.514157, 52.078752], [5.514453, 52.078795], [5.514873, 52.078975], [5.514897, 52.078916], [5.51514, 52.078901], [5.515162, 52.079001], [5.516396, 52.079179], [5.517755, 52.07922], [5.519437, 52.079227], [5.51942, 52.079137], [5.519502, 52.079049], [5.519577, 52.079036], [5.519589, 52.07896], [5.519992, 52.078692], [5.520357, 52.078308], [5.520605, 52.0783], [5.521049, 52.078141], [5.521215, 52.07827], [5.521411, 52.078231], [5.521978, 52.07804], [5.522256, 52.077909], [5.522554, 52.077681], [5.522654, 52.077542], [5.524111, 52.078463], [5.524539, 52.078806], [5.525877, 52.080086], [5.526896, 52.08068], [5.527838, 52.081092], [5.52826, 52.081137], [5.528786, 52.08144], [5.529462, 52.081683], [5.530474, 52.081819], [5.530999, 52.082167], [5.531245, 52.082419], [5.531477, 52.083271], [5.531807, 52.083619], [5.531306, 52.083939], [5.530292, 52.08417], [5.526634, 52.084903], [5.530856, 52.089774], [5.537127, 52.088659], [5.538294, 52.09269], [5.535079, 52.092875], [5.538831, 52.096436], [5.538921, 52.09668], [5.53916, 52.097814], [5.538573, 52.098086], [5.535937, 52.099163], [5.534241, 52.099772], [5.533855, 52.099871], [5.532817, 52.099984], [5.531543, 52.102267], [5.537477, 52.103164], [5.54154, 52.103737], [5.543498, 52.10207], [5.544013, 52.101949], [5.546302, 52.102444], [5.5464, 52.102846], [5.545292, 52.10439], [5.550343, 52.10542], [5.553063, 52.100954], [5.553235, 52.100806], [5.554236, 52.100151], [5.554123, 52.099982], [5.55295, 52.099136], [5.551825, 52.097504], [5.551581, 52.09726], [5.551131, 52.096962], [5.550463, 52.096641], [5.550563, 52.096394], [5.554429, 52.095392], [5.554537, 52.094808], [5.554517, 52.094707], [5.554236, 52.094358], [5.554179, 52.094194], [5.554435, 52.093469], [5.554863, 52.09314], [5.555328, 52.092432], [5.555684, 52.091991], [5.55587, 52.09182], [5.555857, 52.091741], [5.555752, 52.091711], [5.555359, 52.091785], [5.555347, 52.091741], [5.55471, 52.091522], [5.55474, 52.091241], [5.555023, 52.090239], [5.555264, 52.088096], [5.554905, 52.08655], [5.554961, 52.086449], [5.555116, 52.086528], [5.555719, 52.087101], [5.555781, 52.087112], [5.555973, 52.087112], [5.55613, 52.087069], [5.556542, 52.086787], [5.557053, 52.086867], [5.557112, 52.086851], [5.557202, 52.086791], [5.557229, 52.086712], [5.557079, 52.086443], [5.557377, 52.086252], [5.557414, 52.086111], [5.556687, 52.085483], [5.557046, 52.085301], [5.55732, 52.08525], [5.557479, 52.085184], [5.55753, 52.085104], [5.557876, 52.084958], [5.558056, 52.084791], [5.558402, 52.084722], [5.558611, 52.084722], [5.558689, 52.084693], [5.558768, 52.084605], [5.559118, 52.084468], [5.559384, 52.084536], [5.559581, 52.08454], [5.559972, 52.084454], [5.560472, 52.084483], [5.560778, 52.084394], [5.56063, 52.083112], [5.560589, 52.08194], [5.560711, 52.081413], [5.560806, 52.081172], [5.561061, 52.080751], [5.561343, 52.080057], [5.561414, 52.079993], [5.561803, 52.079807], [5.562582, 52.079258], [5.562644, 52.078997], [5.562677, 52.078492], [5.562739, 52.078332], [5.562132, 52.075813], [5.561444, 52.073286], [5.559212, 52.071043], [5.559679, 52.070208], [5.560782, 52.06859], [5.560729, 52.067501], [5.560429, 52.066375], [5.560373, 52.065609], [5.560387, 52.064424], [5.560333, 52.063883], [5.560214, 52.063337], [5.559955, 52.063229], [5.560067, 52.06321], [5.559948, 52.060888], [5.559815, 52.05955], [5.559508, 52.058777], [5.559153, 52.057673], [5.558835, 52.056214], [5.558719, 52.054765], [5.558589, 52.054031], [5.558386, 52.053359], [5.558319, 52.052871], [5.558147, 52.05222], [5.557575, 52.050375], [5.558414, 52.050204], [5.558542, 52.050143], [5.558649, 52.050006], [5.557876, 52.048952], [5.557903, 52.048865], [5.558254, 52.048829], [5.558328, 52.048747], [5.558495, 52.04876], [5.560145, 52.048669], [5.560771, 52.048664], [5.569845, 52.048112], [5.570853, 52.047997], [5.570444, 52.046687], [5.57022, 52.046288], [5.569981, 52.045684], [5.569935, 52.045287], [5.570046, 52.045171], [5.569967, 52.045177], [5.570034, 52.045019], [5.570014, 52.04451], [5.570235, 52.0445], [5.570152, 52.04444], [5.570045, 52.043401], [5.569754, 52.043415], [5.568657, 52.042397], [5.568622, 52.042097], [5.56835, 52.041832], [5.567386, 52.040606], [5.568052, 52.040433], [5.568013, 52.040377], [5.5684, 52.040237], [5.568582, 52.040233], [5.573506, 52.039068], [5.58354, 52.036448], [5.586586, 52.035556], [5.588142, 52.035054], [5.59003, 52.034387], [5.589907, 52.032693], [5.589756, 52.032698], [5.589589, 52.031177], [5.586712, 52.03129], [5.586503, 52.029171], [5.58653, 52.028743], [5.586644, 52.028426], [5.587256, 52.02761], [5.587403, 52.027291], [5.587484, 52.026955], [5.587495, 52.026788], [5.587453, 52.02679], [5.587446, 52.026632], [5.587511, 52.026628], [5.587297, 52.022215], [5.587263, 52.022217], [5.587225, 52.021319], [5.58717, 52.021319], [5.587149, 52.020909], [5.587222, 52.020904], [5.5872, 52.02045], [5.590242, 52.020267], [5.590161, 52.019384], [5.589622, 52.015595], [5.586922, 52.015713], [5.586835, 52.014132], [5.586835, 52.014078], [5.586901, 52.014035], [5.586912, 52.013914], [5.586839, 52.013875], [5.586751, 52.012286], [5.586656, 52.012144], [5.586455, 52.012004], [5.586015, 52.011776], [5.588188, 52.010431], [5.588296, 52.010412], [5.588594, 52.010262], [5.589132, 52.009856], [5.589427, 52.009551], [5.590359, 52.008227], [5.591113, 52.007301], [5.591071, 52.007287], [5.591209, 52.006652], [5.59122, 52.006138], [5.591155, 52.005751], [5.590884, 52.005219], [5.59079, 52.004905], [5.590836, 52.004917], [5.590761, 52.004494], [5.590808, 52.004123], [5.590755, 52.003685], [5.590808, 52.003025], [5.59099, 52.00265], [5.591436, 52.002065], [5.591908, 52.001519], [5.591996, 52.00147], [5.591998, 52.001392], [5.592248, 52.001187], [5.593042, 52.000746], [5.593923, 52.000425], [5.595613, 51.999677], [5.596556, 51.999202], [5.597178, 51.998564], [5.59781, 51.998255], [5.599317, 51.996987], [5.599494, 51.996893], [5.600202, 51.996636], [5.600975, 51.996255], [5.602177, 51.995341], [5.602515, 51.994998], [5.602805, 51.994869], [5.603511, 51.994666], [5.604481, 51.99416], [5.605065, 51.99406], [5.605503, 51.994051], [5.606734, 51.994339], [5.607051, 51.994327], [5.608249, 51.993902], [5.60864, 51.993849], [5.609548, 51.993877], [5.609972, 51.993692], [5.610931, 51.992809], [5.611273, 51.992444], [5.611525, 51.992099], [5.611636, 51.99201], [5.612212, 51.991709], [5.613813, 51.990343], [5.613905, 51.99018], [5.614326, 51.988786], [5.614188, 51.987559], [5.614337, 51.98637], [5.614506, 51.986003], [5.615133, 51.985512], [5.615229, 51.985172], [5.615235, 51.984892], [5.614956, 51.984456], [5.614899, 51.98427], [5.615031, 51.982808], [5.615083, 51.982687], [5.617089, 51.980531], [5.618381, 51.979502], [5.618784, 51.979135], [5.619415, 51.978361], [5.620147, 51.977362], [5.620419, 51.977216], [5.621564, 51.976861], [5.622262, 51.976528], [5.624963, 51.974853], [5.626064, 51.97407], [5.626171, 51.973844], [5.626149, 51.973621], [5.626029, 51.973434], [5.62535, 51.97156], [5.624856, 51.970448], [5.623082, 51.968883], [5.622673, 51.968415], [5.622424, 51.968239], [5.621636, 51.967919], [5.619539, 51.967203], [5.618542, 51.9666], [5.618408, 51.96644], [5.618329, 51.966258], [5.620258, 51.966582], [5.620145, 51.966432], [5.620258, 51.966394], [5.620388, 51.966416], [5.623148, 51.962661], [5.624978, 51.960065], [5.6259, 51.958496], [5.626495, 51.957366], [5.626409, 51.957326], [5.626857, 51.956382], [5.627124, 51.955616], [5.627255, 51.954962], [5.627301, 51.954191], [5.627314, 51.952575], [5.627309, 51.952473], [5.627224, 51.952386], [5.625205, 51.951656], [5.625027, 51.951615], [5.624712, 51.951679], [5.624123, 51.951895], [5.623446, 51.951946], [5.621515, 51.951738], [5.620162, 51.951498], [5.620367, 51.94925], [5.619975, 51.949114], [5.619546, 51.949047], [5.619062, 51.949049], [5.618549, 51.949122], [5.618008, 51.949263], [5.617426, 51.949479], [5.616642, 51.949863], [5.614003, 51.951391], [5.615062, 51.950598], [5.616189, 51.949975], [5.617073, 51.94934], [5.617403, 51.949192], [5.618615, 51.948816], [5.618633, 51.948729], [5.619008, 51.9485], [5.61924, 51.948297], [5.618791, 51.948122], [5.6185, 51.948328], [5.618643, 51.948436], [5.617636, 51.948839], [5.617601, 51.94882], [5.617156, 51.948983], [5.616428, 51.949354], [5.611832, 51.946656], [5.608988, 51.945037], [5.607198, 51.943965], [5.60594, 51.943125], [5.605782, 51.94316], [5.603072, 51.944184], [5.602005, 51.944623], [5.600882, 51.945168], [5.599896, 51.945719], [5.5989, 51.946331], [5.597432, 51.947095], [5.596662, 51.947483], [5.594441, 51.948494], [5.592737, 51.949183], [5.590992, 51.949776], [5.587835, 51.950575], [5.586136, 51.950925], [5.583386, 51.951438], [5.580795, 51.951876], [5.579446, 51.952158], [5.575574, 51.952827], [5.564071, 51.954103], [5.561253, 51.954502], [5.560141, 51.954768], [5.558339, 51.955269], [5.556934, 51.955711], [5.555658, 51.956157], [5.554398, 51.956655], [5.552742, 51.9574], [5.551061, 51.958274], [5.549561, 51.959197], [5.548216, 51.960138], [5.546918, 51.961177], [5.545709, 51.962256], [5.543302, 51.964982], [5.542407, 51.965855], [5.54135, 51.966642], [5.540208, 51.967282], [5.538942, 51.967827], [5.53752, 51.968285], [5.536086, 51.968601], [5.529692, 51.969772], [5.524814, 51.970613], [5.523026, 51.970857], [5.521205, 51.971148], [5.519168, 51.971507], [5.51695, 51.97194], [5.515384, 51.972306], [5.512481, 51.973081], [5.510979, 51.973643], [5.509454, 51.974264], [5.508045, 51.974913], [5.503205, 51.977397], [5.500751, 51.978592], [5.496351, 51.980273], [5.493398, 51.981343], [5.491877, 51.981856], [5.488678, 51.982838], [5.485918, 51.983284], [5.486214, 51.983826], [5.484601, 51.983931], [5.481507, 51.983889], [5.473217, 51.98299], [5.472096, 51.982971], [5.470991, 51.982987], [5.467788, 51.983157], [5.465762, 51.983333], [5.462687, 51.983533], [5.457012, 51.983684], [5.454433, 51.983685], [5.453885, 51.98371], [5.453194, 51.983809], [5.45237, 51.984007], [5.451045, 51.984391], [5.44997, 51.984749], [5.448403, 51.985162], [5.446374, 51.985574], [5.444654, 51.985802], [5.442408, 51.985948], [5.440601, 51.985918], [5.439394, 51.985833], [5.437323, 51.985561], [5.435434, 51.985157], [5.433869, 51.984738], [5.433266, 51.984552], [5.432524, 51.984262], [5.431304, 51.983725], [5.430266, 51.983187], [5.4249, 51.979652], [5.423364, 51.978755], [5.42203, 51.978102], [5.420597, 51.977483], [5.419515, 51.977071], [5.418156, 51.976606], [5.416257, 51.976048], [5.413514, 51.97543], [5.408601, 51.974643], [5.408557, 51.974589], [5.408147, 51.974512], [5.407842, 51.97448], [5.407778, 51.974513], [5.402062, 51.973616], [5.399338, 51.973103], [5.397578, 51.972688], [5.395894, 51.972241], [5.390976, 51.97073], [5.389024, 51.970234], [5.38707, 51.969831], [5.385396, 51.969563], [5.383999, 51.969378], [5.381996, 51.969199], [5.3798, 51.969108], [5.378229, 51.969118], [5.376909, 51.969161], [5.376011, 51.969211], [5.374404, 51.969361], [5.372518, 51.969586], [5.366212, 51.970672], [5.364167, 51.970891], [5.363016, 51.97095], [5.361845, 51.970966], [5.35996, 51.970917], [5.358771, 51.970825], [5.357674, 51.970694], [5.355638, 51.970354], [5.354038, 51.969982], [5.351951, 51.969354], [5.350237, 51.968668], [5.348678, 51.967921], [5.347095, 51.966997], [5.346456, 51.966515], [5.345144, 51.965408], [5.343552, 51.963935], [5.341166, 51.962222], [5.338319, 51.95995], [5.337492, 51.959371], [5.336664, 51.958859], [5.335221, 51.958044], [5.333118, 51.957201], [5.332698, 51.957066], [5.330873, 51.95656], [5.329075, 51.95614], [5.327271, 51.955748], [5.323439, 51.955097], [5.321611, 51.954919], [5.318322, 51.955019], [5.316601, 51.955221], [5.314857, 51.95562], [5.310768, 51.95705], [5.310976, 51.957209], [5.308087, 51.958586], [5.305828, 51.959711], [5.304594, 51.960279], [5.303452, 51.960771], [5.302193, 51.961216], [5.300894, 51.961569], [5.299517, 51.961836], [5.298329, 51.961986], [5.296649, 51.962149], [5.293736, 51.962335], [5.290854, 51.962409], [5.289121, 51.962512], [5.286439, 51.962732], [5.284083, 51.962981], [5.280967, 51.963374], [5.276521, 51.96402], [5.275114, 51.96426], [5.27371, 51.964542], [5.272413, 51.964849], [5.270374, 51.965427], [5.267584, 51.966275], [5.264561, 51.967286], [5.262104, 51.968206], [5.260887, 51.968701], [5.258549, 51.969762], [5.256266, 51.970939], [5.255228, 51.971504], [5.254186, 51.97213], [5.253205, 51.972776], [5.247575, 51.976905], [5.246524, 51.977498], [5.24526, 51.977999], [5.244003, 51.978377], [5.242664, 51.978675], [5.241165, 51.978869], [5.23978, 51.97894], [5.23827, 51.978894], [5.236867, 51.978757], [5.235465, 51.97847], [5.234201, 51.978063], [5.233007, 51.97755], [5.231897, 51.976994], [5.230851, 51.976349], [5.229913, 51.975649], [5.229109, 51.974906], [5.228426, 51.974153], [5.227192, 51.972603], [5.224373, 51.968284], [5.222596, 51.966331], [5.221507, 51.965285], [5.220633, 51.964556], [5.219738, 51.96387], [5.218715, 51.963204], [5.217668, 51.962578], [5.216594, 51.962005], [5.215444, 51.961448], [5.214236, 51.960947], [5.213427, 51.96065], [5.211646, 51.960146], [5.210275, 51.959847], [5.208879, 51.959624], [5.207434, 51.959478], [5.205989, 51.959432], [5.204527, 51.959465], [5.203083, 51.959562], [5.201654, 51.959725], [5.200249, 51.959939], [5.198064, 51.96036], [5.196104, 51.960806], [5.193362, 51.961594], [5.192201, 51.961981], [5.189721, 51.962914], [5.187336, 51.963951], [5.186235, 51.964484], [5.183128, 51.966095], [5.180131, 51.967491], [5.180224, 51.967446], [5.179068, 51.966169], [5.172911, 51.959099], [5.169664, 51.955475], [5.168788, 51.954355], [5.165721, 51.949945], [5.163429, 51.946857], [5.163244, 51.946682], [5.163005, 51.946551], [5.162752, 51.946351], [5.162527, 51.946141], [5.160158, 51.943666], [5.158773, 51.942292], [5.157554, 51.940917], [5.156634, 51.939948], [5.155878, 51.939234], [5.154592, 51.937843], [5.153962, 51.937292], [5.153043, 51.935812], [5.151467, 51.933615], [5.151082, 51.933394], [5.15069, 51.933321], [5.15039, 51.933364], [5.149638, 51.933569], [5.149412, 51.933522], [5.148829, 51.933187], [5.148276, 51.932737], [5.147963, 51.932155], [5.147946, 51.932038], [5.148024, 51.93179], [5.148208, 51.931491], [5.148336, 51.931389], [5.14854, 51.931037], [5.149007, 51.93054], [5.148982, 51.930364], [5.14846, 51.929485], [5.148326, 51.92935], [5.147024, 51.928422], [5.145089, 51.926944], [5.144531, 51.92648], [5.143008, 51.925398], [5.142215, 51.924749], [5.14157, 51.924157], [5.141272, 51.92377], [5.140252, 51.922712], [5.135675, 51.918223], [5.135709, 51.918093], [5.135972, 51.917851], [5.136167, 51.917739], [5.136214, 51.916904], [5.136651, 51.914811], [5.136436, 51.914508], [5.136175, 51.91433], [5.135964, 51.914258], [5.13574, 51.914227], [5.135721, 51.914195], [5.133013, 51.914724], [5.132377, 51.91486], [5.13235, 51.91491], [5.132278, 51.914882], [5.130581, 51.912739], [5.130598, 51.912699], [5.12119, 51.900774], [5.119409, 51.898605], [5.119065, 51.89827], [5.117787, 51.898286], [5.117376, 51.89826], [5.117029, 51.898176], [5.116948, 51.898104], [5.116858, 51.89789], [5.116844, 51.897357], [5.116886, 51.89705], [5.116986, 51.896911], [5.117125, 51.896815], [5.118378, 51.896471], [5.118499, 51.896378], [5.11796, 51.89393], [5.117798, 51.893368], [5.117671, 51.89257], [5.117441, 51.892127], [5.117101, 51.891729], [5.116748, 51.891421], [5.115636, 51.890642], [5.115106, 51.89018], [5.114062, 51.889028], [5.112737, 51.887776], [5.108838, 51.888194], [5.108172, 51.888324], [5.107602, 51.8885], [5.105759, 51.888811], [5.103127, 51.888658], [5.102427, 51.888538], [5.100662, 51.888337], [5.099884, 51.88821], [5.098886, 51.887927], [5.098539, 51.887866], [5.097995, 51.887837], [5.097629, 51.887852], [5.096568, 51.888054], [5.096604, 51.88822], [5.096445, 51.888254], [5.095871, 51.888511], [5.094825, 51.888744], [5.093251, 51.888965], [5.092415, 51.889051], [5.091603, 51.889032], [5.090975, 51.888976], [5.09071, 51.888883], [5.090793, 51.888775], [5.090234, 51.888607], [5.089043, 51.888087], [5.088692, 51.887845], [5.088446, 51.887551], [5.088159, 51.887094], [5.087872, 51.886385], [5.087649, 51.885541], [5.087551, 51.884955], [5.087465, 51.883634], [5.087382, 51.883068], [5.087133, 51.882231], [5.086921, 51.88171], [5.08669, 51.881276], [5.08634, 51.880769], [5.086007, 51.880365], [5.085686, 51.880077], [5.083933, 51.87866], [5.08366, 51.878361], [5.083176, 51.877638], [5.082846, 51.877265], [5.082228, 51.876731], [5.081323, 51.876051], [5.081184, 51.875911], [5.080816, 51.875662], [5.080532, 51.875525], [5.079862, 51.875312], [5.079518, 51.875234], [5.075951, 51.874606], [5.075532, 51.874473], [5.073659, 51.874039], [5.072684, 51.87403], [5.070945, 51.874158], [5.070288, 51.874157], [5.068524, 51.87405], [5.067232, 51.874142], [5.065296, 51.874396], [5.064431, 51.87443], [5.063388, 51.87441], [5.062373, 51.874318], [5.061804, 51.874235], [5.059008, 51.873659], [5.057548, 51.873451], [5.056451, 51.873341], [5.055964, 51.873264], [5.055362, 51.873041], [5.05416, 51.872349], [5.053614, 51.871898], [5.052978, 51.871114], [5.052311, 51.869984], [5.051948, 51.869081], [5.051811, 51.868266], [5.051803, 51.867893], [5.051859, 51.867504], [5.051995, 51.867055], [5.052199, 51.866643], [5.052604, 51.866209], [5.052996, 51.865874], [5.053376, 51.86559], [5.0542, 51.865099], [5.056218, 51.864326], [5.057645, 51.863826], [5.060881, 51.862852], [5.062047, 51.862387], [5.062456, 51.862195], [5.06306, 51.86186], [5.063292, 51.861678], [5.063578, 51.861284], [5.063682, 51.860824], [5.06363, 51.860608], [5.063414, 51.860271], [5.063069, 51.859854], [5.062846, 51.859663], [5.062358, 51.859362], [5.061893, 51.859152], [5.061517, 51.859027], [5.06064, 51.858623], [5.059185, 51.858154], [5.058248, 51.857962], [5.056356, 51.857719], [5.055606, 51.857651], [5.054298, 51.85745], [5.053509, 51.857363], [5.052999, 51.857361], [5.052667, 51.857436], [5.05214, 51.857492], [5.051805, 51.857477], [5.051261, 51.857569], [5.050623, 51.857818], [5.050075, 51.858106], [5.049606, 51.858299], [5.048839, 51.858478], [5.048105, 51.858582], [5.048102, 51.85868], [5.046139, 51.858931], [5.044912, 51.859123], [5.043851, 51.859226], [5.043627, 51.859223], [5.042735, 51.859094], [5.041336, 51.858959], [5.038442, 51.858994], [5.037768, 51.858935], [5.035999, 51.858679], [5.0321, 51.858599], [5.027103, 51.858628], [5.026908, 51.858608], [5.027512, 51.859854], [5.027496, 51.859903], [5.027274, 51.859979], [5.027422, 51.860203], [5.027092, 51.860218], [5.02713, 51.860276], [5.02731, 51.860276], [5.027408, 51.860309], [5.027414, 51.860741], [5.027297, 51.860741], [5.027454, 51.863388], [5.027388, 51.863739], [5.027027, 51.864219], [5.02647, 51.864643], [5.026111, 51.864981], [5.025535, 51.865303], [5.025163, 51.865585], [5.024581, 51.865923], [5.023979, 51.866347], [5.023792, 51.866559], [5.023642, 51.867012], [5.023424, 51.867279], [5.023109, 51.867586], [5.022058, 51.868355], [5.021827, 51.868607], [5.021749, 51.86882], [5.021817, 51.869116], [5.022093, 51.869526], [5.022213, 51.869803], [5.022361, 51.870489], [5.022657, 51.870909], [5.022729, 51.871171], [5.022853, 51.871417], [5.022971, 51.871511], [5.023167, 51.872027], [5.023139, 51.873122], [5.022955, 51.873599], [5.022836, 51.874265], [5.022917, 51.874688], [5.023143, 51.875288], [5.02325, 51.875802], [5.02338, 51.876064], [5.023685, 51.876491], [5.023719, 51.876769], [5.023923, 51.877231], [5.024568, 51.878213], [5.024728, 51.878584], [5.024734, 51.878773], [5.025114, 51.879544], [5.025467, 51.880631], [5.02567, 51.880902], [5.02613, 51.881249], [5.026691, 51.881415], [5.027254, 51.881528], [5.026956, 51.881918], [5.023562, 51.88101], [5.020677, 51.880175], [5.014138, 51.878363], [5.001242, 51.874726], [5.001267, 51.874992], [4.99797, 51.873893], [4.996797, 51.873552], [4.996634, 51.873405], [4.996708, 51.873291], [4.996536, 51.873226], [4.996549, 51.873207], [4.996238, 51.873119], [4.995408, 51.874795], [4.995077, 51.875745], [4.994974, 51.876254], [4.994941, 51.87676], [4.995047, 51.877616], [4.995198, 51.878084], [4.995511, 51.878787], [4.995852, 51.879334], [4.996174, 51.879746], [4.996776, 51.880389], [4.9983, 51.881625], [4.998561, 51.8819], [4.998836, 51.882279], [4.99914, 51.882809], [4.999319, 51.883301], [4.999452, 51.884284], [4.999376, 51.884612], [4.999122, 51.88524], [4.997422, 51.888523], [4.997146, 51.889376], [4.996673, 51.890106], [4.996325, 51.890758], [4.995962, 51.891963], [4.995775, 51.892985], [4.995769, 51.893478], [4.995878, 51.894038], [4.996149, 51.89478], [4.996327, 51.895454], [4.996302, 51.896689], [4.995854, 51.898885], [4.995395, 51.90052], [4.995319, 51.900529], [4.995237, 51.900693], [4.994968, 51.902292], [4.99436, 51.902238], [4.994349, 51.902347], [4.993322, 51.902135], [4.992666, 51.901953], [4.992457, 51.901945], [4.988281, 51.900807], [4.974799, 51.897253], [4.974355, 51.897093], [4.973904, 51.897214], [4.97355, 51.897269], [4.973411, 51.89725], [4.973527, 51.90105], [4.973748, 51.905974], [4.973778, 51.907524], [4.973741, 51.907667], [4.973269, 51.907901], [4.972063, 51.908347], [4.968097, 51.909997], [4.967792, 51.910094], [4.967112, 51.910206], [4.966432, 51.910268], [4.964128, 51.910638], [4.964193, 51.912014], [4.96416, 51.912267], [4.963262, 51.912804], [4.963868, 51.913063], [4.964785, 51.913519], [4.964377, 51.913692], [4.963148, 51.913987], [4.960641, 51.914664], [4.96038, 51.914827], [4.959693, 51.914046], [4.958918, 51.914953], [4.958558, 51.915285], [4.956809, 51.915437], [4.956318, 51.915616], [4.956157, 51.915591], [4.954002, 51.920799], [4.951602, 51.926816], [4.951076, 51.927986], [4.949595, 51.931566], [4.949494, 51.931653], [4.948545, 51.931231], [4.947696, 51.933725], [4.946257, 51.9334], [4.945944, 51.93329], [4.945651, 51.933049], [4.945168, 51.932404], [4.944869, 51.932116], [4.94391, 51.931403], [4.943198, 51.931004], [4.942293, 51.930167], [4.942078, 51.930061], [4.941249, 51.929767], [4.940798, 51.929412], [4.940364, 51.929198], [4.940005, 51.929079], [4.939235, 51.928938], [4.934286, 51.942132], [4.933978, 51.942776], [4.93401, 51.942783], [4.932615, 51.946663], [4.932126, 51.947552], [4.931366, 51.94861], [4.931165, 51.948738], [4.931022, 51.948885], [4.930732, 51.949006], [4.930131, 51.948645], [4.929964, 51.948822], [4.929641, 51.949509], [4.929475, 51.950191], [4.926301, 51.950928], [4.92529, 51.949721], [4.924494, 51.948946], [4.922358, 51.9471], [4.921328, 51.946266], [4.919188, 51.944729], [4.918003, 51.943987], [4.916637, 51.943315], [4.915225, 51.942799], [4.913525, 51.942358], [4.908499, 51.941646], [4.906423, 51.941409], [4.897918, 51.940244], [4.894073, 51.939786], [4.892282, 51.939499], [4.88511, 51.938587], [4.879788, 51.938119], [4.877793, 51.938031], [4.877768, 51.93904], [4.877706, 51.939029], [4.877584, 51.939303], [4.872778, 51.950738], [4.872843, 51.950748], [4.871223, 51.954643], [4.870884, 51.954882], [4.870802, 51.954804], [4.870429, 51.955], [4.865805, 51.960416], [4.865689, 51.9604], [4.864072, 51.963911], [4.863068, 51.964725], [4.862493, 51.965401], [4.861713, 51.966326], [4.860789, 51.967653], [4.860806, 51.967784], [4.860515, 51.967913], [4.859804, 51.968482], [4.859484, 51.968673], [4.858385, 51.96883], [4.858072, 51.968905], [4.857828, 51.969004], [4.848943, 51.974358], [4.847553, 51.975137], [4.847209, 51.975245], [4.845622, 51.974985], [4.845552, 51.975196], [4.845052, 51.975621], [4.845035, 51.97567], [4.842968, 51.977578], [4.834114, 51.98558], [4.834127, 51.985654], [4.834366, 51.985737], [4.834478, 51.98584], [4.835139, 51.985985], [4.835218, 51.986143], [4.824734, 51.994375], [4.818869, 51.998897], [4.818262, 51.999455], [4.817806, 51.999767], [4.818167, 51.999858], [4.818585, 51.999859], [4.82126, 52.000276], [4.826752, 52.000966], [4.826778, 52.001021], [4.826906, 52.001047], [4.828374, 52.001257], [4.828451, 52.001267], [4.828481, 52.00118], [4.829084, 52.001261], [4.830756, 52.001514], [4.830736, 52.00154], [4.831406, 52.001643], [4.832911, 52.00183], [4.845235, 52.003615], [4.853337, 52.004747], [4.853897, 52.004884], [4.854352, 52.00506], [4.856136, 52.005616], [4.857127, 52.00596], [4.853901, 52.009749], [4.852942, 52.011032], [4.851675, 52.012516], [4.85095, 52.013241], [4.85001, 52.014332], [4.848279, 52.016514], [4.847474, 52.017716], [4.847191, 52.017987], [4.846953, 52.018109], [4.846896, 52.018182], [4.844759, 52.017718], [4.842099, 52.017006], [4.840991, 52.016798], [4.840178, 52.016707], [4.83957, 52.016733], [4.838625, 52.0167], [4.837994, 52.016646], [4.836035, 52.016582], [4.833335, 52.016423], [4.831295, 52.016616], [4.830433, 52.01663], [4.827515, 52.016815], [4.826881, 52.016881], [4.82523, 52.01723], [4.824994, 52.017237], [4.824172, 52.017046], [4.823754, 52.016913], [4.823103, 52.016582], [4.822103, 52.016148], [4.820046, 52.015385], [4.818958, 52.015077], [4.818088, 52.014656], [4.817206, 52.014346], [4.815616, 52.013981], [4.813186, 52.013914], [4.810895, 52.014043], [4.810345, 52.014006], [4.80966, 52.014034], [4.808285, 52.014143], [4.806311, 52.014152], [4.804844, 52.014099], [4.803523, 52.013956], [4.803089, 52.014639], [4.801103, 52.018056], [4.799891, 52.020249], [4.7987, 52.022272], [4.799023, 52.022407], [4.799116, 52.022255], [4.803212, 52.023961], [4.803287, 52.023886], [4.803146, 52.02412], [4.803434, 52.024239], [4.803521, 52.024096], [4.803972, 52.024282], [4.803883, 52.024429], [4.804141, 52.024535], [4.804184, 52.024497], [4.804894, 52.024793], [4.804874, 52.024832], [4.805892, 52.025256], [4.805967, 52.025114], [4.809933, 52.026765], [4.809341, 52.028375], [4.80706, 52.03272], [4.806895, 52.032972], [4.806704, 52.033167], [4.807257, 52.033252], [4.8099, 52.033433], [4.810922, 52.033598], [4.811822, 52.033825], [4.813789, 52.034951], [4.815816, 52.036229], [4.816044, 52.036334], [4.816436, 52.036454], [4.817193, 52.036931], [4.818878, 52.038236], [4.819193, 52.038703], [4.820541, 52.040015], [4.826736, 52.046477], [4.828614, 52.048385], [4.829371, 52.049189], [4.829361, 52.04928], [4.829503, 52.049324], [4.829706, 52.049476], [4.829663, 52.04962], [4.82949, 52.049813], [4.834992, 52.052349], [4.836316, 52.052922], [4.837916, 52.053668], [4.839093, 52.054167], [4.83908, 52.054192], [4.839656, 52.054473], [4.842056, 52.055548], [4.843263, 52.056148], [4.843169, 52.056232], [4.844391, 52.056784], [4.844551, 52.056758], [4.844712, 52.056792], [4.845803, 52.057277], [4.846654, 52.05759], [4.848049, 52.058165], [4.848965, 52.058309], [4.849933, 52.0584], [4.850886, 52.058466], [4.851796, 52.058467], [4.853231, 52.058592], [4.854036, 52.058724], [4.855307, 52.058983], [4.855971, 52.059065], [4.856305, 52.059152], [4.857083, 52.059442], [4.858224, 52.059948], [4.862692, 52.061564], [4.862934, 52.061634], [4.863541, 52.061684], [4.864829, 52.061997], [4.866043, 52.062385], [4.867858, 52.063054], [4.8732, 52.068745], [4.872736, 52.068852], [4.869904, 52.06891], [4.865747, 52.069047], [4.863902, 52.069053], [4.864251, 52.068613], [4.86404, 52.068553], [4.862943, 52.068945], [4.862263, 52.069064], [4.857266, 52.068998], [4.856064, 52.068811], [4.854778, 52.068817], [4.853622, 52.068956], [4.853494, 52.068918], [4.853387, 52.069052], [4.852886, 52.068881], [4.852713, 52.069061], [4.850786, 52.069117], [4.848868, 52.069118], [4.846801, 52.069075], [4.846755, 52.069135], [4.846507, 52.069133], [4.845816, 52.069115], [4.845873, 52.069031], [4.842204, 52.069006], [4.839871, 52.068827], [4.837139, 52.068424], [4.834176, 52.067808], [4.829808, 52.066823], [4.830755, 52.068306], [4.831147, 52.068776], [4.834035, 52.072736], [4.832666, 52.072844], [4.833034, 52.074535], [4.833072, 52.074765], [4.833045, 52.074827], [4.831709, 52.074503], [4.830898, 52.074353], [4.830634, 52.074971], [4.829186, 52.074899], [4.828183, 52.074748], [4.827445, 52.07467], [4.826528, 52.074623], [4.826276, 52.074644], [4.826493, 52.079527], [4.826023, 52.079688], [4.825629, 52.079774], [4.825622, 52.080234], [4.823621, 52.091134], [4.823348, 52.093369], [4.823304, 52.096733], [4.823056, 52.105193], [4.824389, 52.105403], [4.824941, 52.106196], [4.825332, 52.106907], [4.82538, 52.107087], [4.825315, 52.107151], [4.825103, 52.107253], [4.821988, 52.108697], [4.821004, 52.109105], [4.817983, 52.110471], [4.80724, 52.115403], [4.795523, 52.120725], [4.79528, 52.120837], [4.795367, 52.120913], [4.793038, 52.121994], [4.79238, 52.12226], [4.79208, 52.122287], [4.792043, 52.122312], [4.792212, 52.122932], [4.792345, 52.123164], [4.793113, 52.123825], [4.793813, 52.124072], [4.795454, 52.124365], [4.79602, 52.124427], [4.796739, 52.124692], [4.796993, 52.124661], [4.797491, 52.124903], [4.797575, 52.125069], [4.797673, 52.125107], [4.797808, 52.125081], [4.797928, 52.125113], [4.798342, 52.125299], [4.799258, 52.125198], [4.799272, 52.125124], [4.800136, 52.124978], [4.80037, 52.125008], [4.80062, 52.124933], [4.801151, 52.124853], [4.801981, 52.124858], [4.802439, 52.125046], [4.802601, 52.12506], [4.80278, 52.125185], [4.803119, 52.125543], [4.803138, 52.125901], [4.803299, 52.126209], [4.803474, 52.126404], [4.803898, 52.1266], [4.804008, 52.126623], [4.804152, 52.126566], [4.804346, 52.126636], [4.804251, 52.126678], [4.804244, 52.12672], [4.805271, 52.126896], [4.805824, 52.127078], [4.806416, 52.127422], [4.806679, 52.127688], [4.806674, 52.127823], [4.80711, 52.128323], [4.807332, 52.128408], [4.807623, 52.128604], [4.807766, 52.128622], [4.808094, 52.129022], [4.807827, 52.129623], [4.80779, 52.129858], [4.807878, 52.130071], [4.808028, 52.13023], [4.807996, 52.13032], [4.808299, 52.130696], [4.808365, 52.130855], [4.808312, 52.131391], [4.808352, 52.131526], [4.808539, 52.131648], [4.808807, 52.13173], [4.808882, 52.131888], [4.808689, 52.132255], [4.808541, 52.132401], [4.80829, 52.132777], [4.808244, 52.132954], [4.808328, 52.132989], [4.808305, 52.133089], [4.808069, 52.133457], [4.807999, 52.133984], [4.808013, 52.134297], [4.807529, 52.13482], [4.807486, 52.135022], [4.807619, 52.135224], [4.807851, 52.135292], [4.808038, 52.135415], [4.808864, 52.135693], [4.80902, 52.135965], [4.809014, 52.13627], [4.808902, 52.136629], [4.808674, 52.137073], [4.808671, 52.137166], [4.808737, 52.137278], [4.809145, 52.137689], [4.809573, 52.137924], [4.80974, 52.138138], [4.809874, 52.1382], [4.80996, 52.138432], [4.810159, 52.13855], [4.810241, 52.138568], [4.810326, 52.138482], [4.81044, 52.138513], [4.810589, 52.138694], [4.810711, 52.138768], [4.811505, 52.138991], [4.811715, 52.139089], [4.81208, 52.139303], [4.813057, 52.14014], [4.813199, 52.140211], [4.813357, 52.140246], [4.814038, 52.140222], [4.814041, 52.140169], [4.814664, 52.140005], [4.814854, 52.139985], [4.815427, 52.139632], [4.815966, 52.139436], [4.816223, 52.139376], [4.816666, 52.139387], [4.816914, 52.139468], [4.817172, 52.139654], [4.817551, 52.140358], [4.817916, 52.140755], [4.818031, 52.140837], [4.818839, 52.141194], [4.819444, 52.14152], [4.819907, 52.141803], [4.81996, 52.141905], [4.820109, 52.142013], [4.820495, 52.142216], [4.820612, 52.142236], [4.820872, 52.14221], [4.821577, 52.141908], [4.82178, 52.141964], [4.822437, 52.142017], [4.823377, 52.142228], [4.823743, 52.142183], [4.824832, 52.14217], [4.825242, 52.142198], [4.826005, 52.142142], [4.826472, 52.142176], [4.827607, 52.142476], [4.828331, 52.142908], [4.829242, 52.143208], [4.829485, 52.143242], [4.829877, 52.143228], [4.830144, 52.143308], [4.830816, 52.143708], [4.831915, 52.144244], [4.831987, 52.144314], [4.83197, 52.144458], [4.83236, 52.144495], [4.832385, 52.144467], [4.832647, 52.14467], [4.832858, 52.144762], [4.833067, 52.1447], [4.833295, 52.144465], [4.834135, 52.143431], [4.834128, 52.142876], [4.835489, 52.143029], [4.835574, 52.142763], [4.836705, 52.14288], [4.837017, 52.141785], [4.837237, 52.141374], [4.837243, 52.140896], [4.837366, 52.14065], [4.837461, 52.14067], [4.83758, 52.140629], [4.837946, 52.140617], [4.838188, 52.140839], [4.838891, 52.141192], [4.83976, 52.141487], [4.840071, 52.141552], [4.840276, 52.141561], [4.840793, 52.141477], [4.840963, 52.141423], [4.841375, 52.141079], [4.84174, 52.140897], [4.84188, 52.140726], [4.842067, 52.140007], [4.842186, 52.139819], [4.84253, 52.139554], [4.842872, 52.13946], [4.843491, 52.139406], [4.844524, 52.139382], [4.845626, 52.139529], [4.846251, 52.139545], [4.846675, 52.139407], [4.8469, 52.139206], [4.847208, 52.13901], [4.847485, 52.138938], [4.848003, 52.138994], [4.848164, 52.139075], [4.84866, 52.139237], [4.848791, 52.139354], [4.849391, 52.13948], [4.849534, 52.139578], [4.850892, 52.139696], [4.851479, 52.139674], [4.851739, 52.139511], [4.852152, 52.139392], [4.852483, 52.138384], [4.852608, 52.138269], [4.853079, 52.137986], [4.853292, 52.137917], [4.853845, 52.137549], [4.854601, 52.137389], [4.854878, 52.137284], [4.855239, 52.13721], [4.858634, 52.137234], [4.859259, 52.137264], [4.860638, 52.137251], [4.864915, 52.137391], [4.86592, 52.137511], [4.866975, 52.137681], [4.868209, 52.137926], [4.870229, 52.138235], [4.870342, 52.138207], [4.871315, 52.138838], [4.872367, 52.138884], [4.873084, 52.138807], [4.874518, 52.138831], [4.874207, 52.145868], [4.874062, 52.147504], [4.874006, 52.150524], [4.873923, 52.151405], [4.873866, 52.153184], [4.873774, 52.153419], [4.873623, 52.156083], [4.878601, 52.15744], [4.887574, 52.159958], [4.890309, 52.160884], [4.891232, 52.161237], [4.891217, 52.161257], [4.891593, 52.161363], [4.891544, 52.161424], [4.892273, 52.161593], [4.892178, 52.161798], [4.891743, 52.161771], [4.890542, 52.162421], [4.890055, 52.162573], [4.888319, 52.16335], [4.886755, 52.1641], [4.886419, 52.164186], [4.886231, 52.164528], [4.88398, 52.16554], [4.881323, 52.166821], [4.880572, 52.167138], [4.880029, 52.167422], [4.87774, 52.168477], [4.876432, 52.169115], [4.876015, 52.169365], [4.874716, 52.169933], [4.874367, 52.170128], [4.873986, 52.170238], [4.87356, 52.170407], [4.872501, 52.170944], [4.870441, 52.171897], [4.869657, 52.172316], [4.869005, 52.172567], [4.868367, 52.172903], [4.868175, 52.172948], [4.863393, 52.175251], [4.862787, 52.175508], [4.85884, 52.177397], [4.857834, 52.177826], [4.857054, 52.178228], [4.855582, 52.178917], [4.855428, 52.178966], [4.855135, 52.178967], [4.854496, 52.17887], [4.854178, 52.178861], [4.853636, 52.178939], [4.852865, 52.179119], [4.852381, 52.179184], [4.85166, 52.179033], [4.851409, 52.179026], [4.851179, 52.179079], [4.850642, 52.179288], [4.849978, 52.179423], [4.849587, 52.179438], [4.848954, 52.179393], [4.848449, 52.179544], [4.847518, 52.179591], [4.846366, 52.179882], [4.845788, 52.179985], [4.845156, 52.180013], [4.844518, 52.179923], [4.843921, 52.180122], [4.842982, 52.180825], [4.842699, 52.180983], [4.842368, 52.18131], [4.841519, 52.181772], [4.838208, 52.183344], [4.837106, 52.18397], [4.83652, 52.184358], [4.836158, 52.184643], [4.836048, 52.184771], [4.835978, 52.184958], [4.836008, 52.185176], [4.835937, 52.185343], [4.835538, 52.185739], [4.83535, 52.186109], [4.835148, 52.186252], [4.834343, 52.186523], [4.834029, 52.186673], [4.833902, 52.186816], [4.833609, 52.187405], [4.833462, 52.187561], [4.833319, 52.187616], [4.832799, 52.187672], [4.832588, 52.187727], [4.831605, 52.188437], [4.831278, 52.188582], [4.829941, 52.189027], [4.829336, 52.18929], [4.828928, 52.189542], [4.828268, 52.190296], [4.827583, 52.190932], [4.827332, 52.191048], [4.826605, 52.191169], [4.826323, 52.191262], [4.826005, 52.191742], [4.82583, 52.191869], [4.825367, 52.19205], [4.824914, 52.192608], [4.824725, 52.192695], [4.824354, 52.192794], [4.823993, 52.193016], [4.823616, 52.193165], [4.823445, 52.193266], [4.823376, 52.19345], [4.823584, 52.193988], [4.823554, 52.194303], [4.823119, 52.194867], [4.822974, 52.195366], [4.822209, 52.196125], [4.820462, 52.196816], [4.819612, 52.197004], [4.819157, 52.197219], [4.817796, 52.197967], [4.81616, 52.198602], [4.814949, 52.199016], [4.8144, 52.199309], [4.814182, 52.199514], [4.813979, 52.199799], [4.813606, 52.200674], [4.813461, 52.200839], [4.813187, 52.201053], [4.813102, 52.201189], [4.813111, 52.201372], [4.813179, 52.201485], [4.813594, 52.201847], [4.810587, 52.201648], [4.802925, 52.201028], [4.801655, 52.203864], [4.801588, 52.204322], [4.80154, 52.20621], [4.801653, 52.206322], [4.80152, 52.20643], [4.801443, 52.208083], [4.801622, 52.21491], [4.801631, 52.215042], [4.801754, 52.215046], [4.80215, 52.217634], [4.801028, 52.21826], [4.797003, 52.220348], [4.796169, 52.2226], [4.795888, 52.223485], [4.79443, 52.223423], [4.794576, 52.226731], [4.795688, 52.226643], [4.7973, 52.226656], [4.798929, 52.22672], [4.799945, 52.226827], [4.801056, 52.226837], [4.801755, 52.226882], [4.802032, 52.226954], [4.803202, 52.227435], [4.804935, 52.227912], [4.805404, 52.227989], [4.806026, 52.227947], [4.806305, 52.227845], [4.807064, 52.227419], [4.8073, 52.227319], [4.807892, 52.227198], [4.808554, 52.227013], [4.80896, 52.226958], [4.809159, 52.22696], [4.809894, 52.227096], [4.813514, 52.227137], [4.8141, 52.227169], [4.814455, 52.227224], [4.815769, 52.227596], [4.81614, 52.227731], [4.817193, 52.228325], [4.818431, 52.228758], [4.81914, 52.228941], [4.820452, 52.228818], [4.820807, 52.228833], [4.822421, 52.22932], [4.823246, 52.229661], [4.82371, 52.229811], [4.824174, 52.22987], [4.825539, 52.229945], [4.826561, 52.230078], [4.826783, 52.230119], [4.828035, 52.230494], [4.829421, 52.23072], [4.830107, 52.230913], [4.830533, 52.231077], [4.830973, 52.231308], [4.831442, 52.231636], [4.831913, 52.23206], [4.832311, 52.232315], [4.832533, 52.23241], [4.833226, 52.23265], [4.833771, 52.232711], [4.834447, 52.232741], [4.834888, 52.23288], [4.835283, 52.233182], [4.836119, 52.233943], [4.837722, 52.234953], [4.838328, 52.235259], [4.838687, 52.235366], [4.839222, 52.235453], [4.840782, 52.235213], [4.84138, 52.23517], [4.841806, 52.235191], [4.842826, 52.235339], [4.842908, 52.235399], [4.842926, 52.235491], [4.842756, 52.236019], [4.842724, 52.236266], [4.842798, 52.236527], [4.842939, 52.236739], [4.843355, 52.237018], [4.843644, 52.237125], [4.845481, 52.23741], [4.845757, 52.237513], [4.846084, 52.237719], [4.846345, 52.23792], [4.846548, 52.238258], [4.846656, 52.238548], [4.846717, 52.239025], [4.846997, 52.239566], [4.84728, 52.239765], [4.847522, 52.239825], [4.847823, 52.239812], [4.848429, 52.23968], [4.849763, 52.239], [4.850819, 52.2386], [4.851017, 52.238614], [4.851211, 52.238703], [4.851626, 52.238995], [4.852078, 52.23946], [4.852144, 52.239586], [4.852187, 52.239884], [4.852159, 52.239967], [4.851944, 52.240184], [4.851625, 52.240627], [4.851306, 52.241282], [4.851201, 52.241539], [4.851254, 52.241867], [4.851445, 52.242], [4.851669, 52.242038], [4.854216, 52.241873], [4.85465, 52.241969], [4.854938, 52.242146], [4.855097, 52.242446], [4.855183, 52.242775], [4.855299, 52.243956], [4.85524, 52.245085], [4.855311, 52.245605], [4.855487, 52.245859], [4.85577, 52.246048], [4.856757, 52.246327], [4.856862, 52.246391], [4.857, 52.246655], [4.857148, 52.247346], [4.857369, 52.247615], [4.857522, 52.247723], [4.858807, 52.247739], [4.859266, 52.247793], [4.860621, 52.248217], [4.862053, 52.248857], [4.863086, 52.249194], [4.863903, 52.249599], [4.864401, 52.249795], [4.864756, 52.249981], [4.865204, 52.2504], [4.865706, 52.250764], [4.866253, 52.251061], [4.866878, 52.251253], [4.867859, 52.251393], [4.868583, 52.251579], [4.868779, 52.251698], [4.868958, 52.251898], [4.869315, 52.252483], [4.870037, 52.253361], [4.871308, 52.2522], [4.87188, 52.251507], [4.87229, 52.251182], [4.872702, 52.250967], [4.873493, 52.250791], [4.873853, 52.250743], [4.874524, 52.251022], [4.875247, 52.251512], [4.875879, 52.251885], [4.877245, 52.252615], [4.877729, 52.252816], [4.87843, 52.252975], [4.880318, 52.253277], [4.881323, 52.253501], [4.882719, 52.253712], [4.883128, 52.253703], [4.88341, 52.253654], [4.883847, 52.253491], [4.884082, 52.253352], [4.884358, 52.253149], [4.884843, 52.252616], [4.885559, 52.251622], [4.885711, 52.251471], [4.886512, 52.251006], [4.886733, 52.250935], [4.887016, 52.250899], [4.887356, 52.250926], [4.887979, 52.25108], [4.888265, 52.251196], [4.888815, 52.251639], [4.889418, 52.251948], [4.890741, 52.253105], [4.89104, 52.253247], [4.891325, 52.253303], [4.891523, 52.253302], [4.891997, 52.253231], [4.893042, 52.253002], [4.893686, 52.25266], [4.895227, 52.252037], [4.895387, 52.251925], [4.895656, 52.251605], [4.896351, 52.251292], [4.896587, 52.25123], [4.897591, 52.251112], [4.898569, 52.250932], [4.898901, 52.250962], [4.899819, 52.251237], [4.901795, 52.252755], [4.902203, 52.252966], [4.902585, 52.253113], [4.903076, 52.253205], [4.9036, 52.253251], [4.90436, 52.253246], [4.905712, 52.253164], [4.906496, 52.253056], [4.90716, 52.252897], [4.907988, 52.252833], [4.909083, 52.25252], [4.909715, 52.252446], [4.910242, 52.252462], [4.910805, 52.252614], [4.911027, 52.25271], [4.911216, 52.252846], [4.912443, 52.253868], [4.91287, 52.254131], [4.913085, 52.254413], [4.913365, 52.254685], [4.914027, 52.255089], [4.914309, 52.255345], [4.915526, 52.255972], [4.91663, 52.256388], [4.917303, 52.256817], [4.917601, 52.257077], [4.918407, 52.258241], [4.918554, 52.258586], [4.918637, 52.258942], [4.918603, 52.259385], [4.917987, 52.261211], [4.917986, 52.261514], [4.918118, 52.261695], [4.918456, 52.261889], [4.918943, 52.262046], [4.920504, 52.26239], [4.921629, 52.262525], [4.922131, 52.26263], [4.922671, 52.262815], [4.923257, 52.26309], [4.923563, 52.263318], [4.923842, 52.263745], [4.923962, 52.264839], [4.924235, 52.266084], [4.924477, 52.266615], [4.924748, 52.267001], [4.925329, 52.267324], [4.925818, 52.267517], [4.926474, 52.267668], [4.928318, 52.267982], [4.929391, 52.268353], [4.929422, 52.268403], [4.929626, 52.268955], [4.929655, 52.269246], [4.929354, 52.269891], [4.929186, 52.270059], [4.928736, 52.270276], [4.928506, 52.270466], [4.928119, 52.271144], [4.928015, 52.271742], [4.927663, 52.271938], [4.926992, 52.27217], [4.926781, 52.272282], [4.926651, 52.272445], [4.926667, 52.272639], [4.927459, 52.273311], [4.927661, 52.273712], [4.927616, 52.273928], [4.927257, 52.274622], [4.926754, 52.275377], [4.926785, 52.276856], [4.926688, 52.277077], [4.926152, 52.277773], [4.925958, 52.278195], [4.926121, 52.279108], [4.926225, 52.2794], [4.926444, 52.27978], [4.926671, 52.279713], [4.927467, 52.279596], [4.927978, 52.279581], [4.928587, 52.279611], [4.929033, 52.279711], [4.931388, 52.280506], [4.931966, 52.280618], [4.932757, 52.280671], [4.933533, 52.280865], [4.933801, 52.280893], [4.934839, 52.280571], [4.936349, 52.28017], [4.936622, 52.280035], [4.937283, 52.279619], [4.937463, 52.279548], [4.938638, 52.279414], [4.93931, 52.279181], [4.940226, 52.279166], [4.940717, 52.279057], [4.941129, 52.278894], [4.942265, 52.278304], [4.942692, 52.278184], [4.943022, 52.278168], [4.943417, 52.278194], [4.944113, 52.278282], [4.945127, 52.278702], [4.945535, 52.278827], [4.946374, 52.278969], [4.947214, 52.279004], [4.947645, 52.278994], [4.947979, 52.278953], [4.949012, 52.278627], [4.949914, 52.278443], [4.951501, 52.278264], [4.952979, 52.278221], [4.953798, 52.278027], [4.955243, 52.278306], [4.956514, 52.27863], [4.956773, 52.278671], [4.957296, 52.278665], [4.957809, 52.278612], [4.958664, 52.278343], [4.959968, 52.278346], [4.960472, 52.278293], [4.961054, 52.278174], [4.961336, 52.278525], [4.961878, 52.279712], [4.962132, 52.280116], [4.962244, 52.280207], [4.962548, 52.280285], [4.963324, 52.280313], [4.964159, 52.280407], [4.964865, 52.280384], [4.965315, 52.280448], [4.965709, 52.280578], [4.966166, 52.28098], [4.96622, 52.28097], [4.966252, 52.280886], [4.966326, 52.280341], [4.966491, 52.280096], [4.966842, 52.279878], [4.967576, 52.279561], [4.967674, 52.279582], [4.968327, 52.280412], [4.968542, 52.280609], [4.968753, 52.280726], [4.968815, 52.280973], [4.969378, 52.281789], [4.969379, 52.281956], [4.969726, 52.283121], [4.969913, 52.283194], [4.970266, 52.283429], [4.971358, 52.284041], [4.972611, 52.284846], [4.973072, 52.285022], [4.973249, 52.285236], [4.973712, 52.285445], [4.975148, 52.286342], [4.975937, 52.286647], [4.976116, 52.286752], [4.978569, 52.287839], [4.979187, 52.288078], [4.980112, 52.28851], [4.982889, 52.289642], [4.982979, 52.289789], [4.983506, 52.290368], [4.98757, 52.289896], [4.990459, 52.289603], [4.994117, 52.289288], [4.997475, 52.289118], [4.998298, 52.289815], [4.998452, 52.289839], [4.998551, 52.290234], [4.998765, 52.290218], [4.998814, 52.290239], [5.00125, 52.292329], [5.001373, 52.292483], [5.001789, 52.292793], [5.001833, 52.292922], [5.001797, 52.293175], [5.001851, 52.295879], [5.002484, 52.296035], [5.002816, 52.296046], [5.003109, 52.296019], [5.003227, 52.296065], [5.003233, 52.297389], [5.003835, 52.298509], [5.005265, 52.298393], [5.007056, 52.300376], [5.007544, 52.300868], [5.007752, 52.301366], [5.007892, 52.301522], [5.008961, 52.301726], [5.009429, 52.301885], [5.009933, 52.302103], [5.010398, 52.302423], [5.010963, 52.302965], [5.011496, 52.303281], [5.011995, 52.303457], [5.012555, 52.303567], [5.013215, 52.303618], [5.014228, 52.30359], [5.014265, 52.303677], [5.016097, 52.303081], [5.016706, 52.30292]], [[5.034651, 52.149332], [5.035233, 52.149361], [5.035745, 52.149528], [5.036382, 52.148894], [5.036615, 52.148415], [5.036373, 52.147934], [5.035377, 52.146578], [5.035123, 52.146092], [5.035068, 52.145847], [5.035101, 52.145467], [5.035345, 52.144842], [5.035568, 52.144422], [5.035979, 52.143863], [5.036478, 52.143416], [5.037021, 52.143049], [5.037785, 52.142626], [5.038626, 52.142289], [5.03768, 52.141234], [5.036886, 52.140426], [5.035316, 52.140499], [5.034224, 52.140726], [5.033958, 52.140878], [5.033561, 52.14103], [5.033057, 52.141326], [5.03286, 52.141362], [5.032317, 52.142098], [5.032066, 52.142046], [5.031296, 52.141638], [5.031112, 52.141624], [5.030483, 52.141312], [5.027424, 52.139621], [5.014869, 52.146817], [5.014151, 52.146484], [5.011795, 52.145519], [5.011947, 52.14539], [5.004807, 52.142442], [5.003781, 52.142082], [5.006689, 52.138006], [5.010901, 52.131955], [5.011502, 52.131246], [5.012234, 52.1305], [5.013301, 52.129544], [5.013986, 52.129034], [5.013101, 52.128627], [5.010086, 52.129054], [5.009139, 52.127218], [5.009056, 52.127281], [5.005898, 52.121225], [5.005931, 52.121172], [5.006075, 52.121134], [5.005896, 52.120752], [5.008106, 52.120328], [5.006581, 52.117372], [5.00733, 52.117089], [5.006425, 52.11516], [5.005929, 52.113626], [5.004989, 52.111442], [5.005074, 52.111389], [5.005637, 52.11121], [5.005998, 52.111041], [5.007083, 52.110355], [5.006984, 52.110052], [5.006941, 52.110058], [5.006396, 52.108469], [5.005307, 52.10857], [5.00514, 52.10809], [5.004507, 52.10819], [5.004249, 52.10752], [5.004184, 52.107085], [5.00421, 52.106856], [5.003815, 52.105358], [5.00372, 52.105105], [5.002819, 52.10352], [4.994331, 52.104177], [4.994511, 52.103797], [4.994176, 52.10375], [4.993445, 52.103758], [4.992859, 52.103817], [4.991057, 52.104133], [4.990958, 52.104106], [4.990519, 52.104253], [4.988323, 52.104411], [4.988141, 52.103512], [4.989003, 52.103433], [4.988336, 52.100821], [4.990203, 52.100957], [4.991987, 52.100987], [4.993485, 52.100939], [4.995299, 52.100823], [4.995539, 52.100793], [4.995583, 52.100757], [4.995573, 52.100704], [4.995931, 52.100673], [4.995894, 52.10046], [4.995818, 52.100428], [4.995721, 52.100256], [4.995718, 52.100154], [4.996029, 52.099003], [4.996018, 52.098799], [4.995771, 52.098265], [4.994982, 52.096906], [4.994586, 52.096105], [4.994554, 52.095957], [4.994646, 52.095444], [4.994634, 52.094525], [4.994743, 52.094001], [4.994331, 52.093213], [4.993653, 52.092073], [4.993969, 52.091183], [4.994008, 52.090824], [4.994248, 52.090551], [4.994302, 52.090429], [4.99627, 52.090066], [5.004001, 52.088738], [5.003612, 52.087479], [5.003218, 52.085609], [5.003086, 52.084827], [5.003124, 52.084659], [5.003037, 52.084488], [5.003073, 52.084374], [5.003223, 52.084285], [5.003224, 52.084254], [5.00317, 52.08404], [5.003019, 52.08386], [5.002884, 52.083609], [5.002305, 52.080193], [5.002329, 52.079875], [5.00243, 52.079648], [5.002091, 52.077853], [5.015124, 52.075049], [5.020357, 52.074039], [5.022157, 52.073755], [5.026293, 52.07319], [5.035438, 52.071879], [5.038331, 52.071391], [5.052886, 52.06919], [5.054548, 52.068921], [5.056078, 52.068617], [5.062015, 52.06725], [5.063656, 52.066818], [5.064231, 52.066626], [5.065096, 52.066229], [5.065778, 52.065778], [5.067145, 52.064428], [5.067552, 52.063971], [5.067859, 52.063535], [5.068029, 52.063115], [5.068087, 52.062486], [5.068006, 52.061974], [5.067022, 52.059546], [5.066741, 52.058683], [5.066232, 52.057353], [5.064993, 52.054391], [5.064577, 52.053017], [5.064317, 52.051628], [5.064138, 52.048598], [5.063778, 52.039364], [5.063589, 52.039375], [5.063529, 52.036519], [5.063268, 52.029756], [5.063216, 52.029743], [5.063144, 52.029441], [5.06293, 52.029195], [5.06274, 52.029041], [5.062778, 52.028548], [5.062937, 52.028417], [5.063237, 52.028315], [5.063323, 52.02804], [5.063254, 52.026234], [5.06298, 52.025984], [5.062772, 52.025949], [5.062166, 52.025954], [5.060931, 52.026164], [5.060033, 52.026615], [5.056213, 52.028145], [5.055952, 52.028325], [5.055287, 52.028602], [5.051289, 52.030154], [5.0512, 52.030137], [5.049726, 52.030712], [5.049667, 52.030898], [5.0479, 52.032445], [5.047953, 52.032477], [5.045591, 52.034627], [5.045504, 52.034642], [5.045279, 52.034576], [5.044015, 52.034002], [5.043116, 52.033588], [5.043094, 52.03352], [5.041143, 52.032657], [5.041019, 52.032635], [5.040859, 52.032511], [5.039873, 52.032079], [5.039764, 52.032064], [5.039545, 52.031942], [5.039518, 52.031971], [5.039468, 52.031955], [5.039393, 52.03204], [5.039075, 52.031932], [5.039224, 52.031764], [5.038431, 52.031325], [5.038301, 52.03122], [5.036027, 52.030131], [5.034518, 52.031356], [5.033968, 52.031849], [5.031507, 52.030957], [5.027609, 52.029613], [5.02676, 52.029371], [5.027573, 52.028043], [5.020399, 52.026343], [5.019977, 52.02594], [5.020137, 52.025866], [5.020342, 52.025593], [5.026516, 52.01581], [5.026762, 52.015729], [5.026792, 52.015677], [5.026733, 52.015663], [5.026698, 52.015496], [5.02703, 52.014877], [5.027156, 52.014776], [5.027386, 52.014674], [5.027606, 52.014692], [5.027856, 52.014664], [5.028067, 52.014528], [5.028112, 52.014462], [5.028183, 52.013917], [5.028595, 52.013161], [5.032126, 52.007376], [5.033253, 52.005764], [5.034139, 52.004623], [5.034209, 52.004478], [5.034108, 52.004263], [5.03422, 52.004123], [5.034367, 52.00407], [5.03462, 52.004077], [5.034937, 52.004267], [5.036936, 52.00457], [5.041757, 52.005661], [5.042504, 52.005779], [5.043449, 52.005993], [5.043994, 52.005967], [5.044146, 52.006022], [5.044341, 52.006177], [5.045494, 52.006414], [5.046396, 52.006653], [5.051127, 52.007605], [5.05352, 52.007967], [5.058273, 52.008517], [5.060254, 52.008825], [5.061588, 52.009071], [5.063876, 52.009539], [5.066991, 52.010391], [5.070627, 52.011309], [5.072568, 52.00778], [5.074155, 52.004622], [5.074774, 52.003021], [5.075234, 52.001966], [5.075248, 52.001562], [5.0754, 52.001476], [5.076059, 52.000193], [5.077494, 51.997633], [5.078502, 51.997902], [5.080865, 51.998678], [5.083563, 51.999352], [5.086621, 52.000464], [5.091722, 52.001896], [5.096259, 52.002636], [5.101995, 52.002852], [5.103366, 52.004855], [5.1042, 52.00597], [5.105402, 52.008073], [5.106138, 52.00986], [5.109573, 52.009348], [5.11, 52.009227], [5.113752, 52.008692], [5.117355, 52.008216], [5.118336, 52.009971], [5.119724, 52.012131], [5.119983, 52.012638], [5.120608, 52.013535], [5.121985, 52.015327], [5.123704, 52.017317], [5.123989, 52.017509], [5.130279, 52.02457], [5.1216, 52.02993], [5.121449, 52.029837], [5.120995, 52.028768], [5.120733, 52.028074], [5.1206, 52.027365], [5.120534, 52.027352], [5.12052, 52.027306], [5.120583, 52.027295], [5.120476, 52.02692], [5.120224, 52.02642], [5.120063, 52.025921], [5.118995, 52.025864], [5.117861, 52.025928], [5.117605, 52.025831], [5.117486, 52.025565], [5.115721, 52.025783], [5.113909, 52.025859], [5.114009, 52.026935], [5.113977, 52.028529], [5.113879, 52.028602], [5.113713, 52.02962], [5.113424, 52.030758], [5.113095, 52.031571], [5.112021, 52.033927], [5.111709, 52.034279], [5.110355, 52.037116], [5.110094, 52.037543], [5.109959, 52.037686], [5.107758, 52.04232], [5.114612, 52.044085], [5.115537, 52.04437], [5.116424, 52.044786], [5.117172, 52.045355], [5.117405, 52.045602], [5.117691, 52.045998], [5.118242, 52.047043], [5.119778, 52.050334], [5.121647, 52.050262], [5.123065, 52.050039], [5.123827, 52.050021], [5.12424, 52.050974], [5.124178, 52.051053], [5.124068, 52.051095], [5.124221, 52.051147], [5.124273, 52.051247], [5.125943, 52.055046], [5.125912, 52.055062], [5.12599, 52.055272], [5.133895, 52.054406], [5.135073, 52.05424], [5.140236, 52.053378], [5.141892, 52.053151], [5.143074, 52.053026], [5.144003, 52.053015], [5.144701, 52.053105], [5.14521, 52.05321], [5.146128, 52.053511], [5.147464, 52.054183], [5.148168, 52.054622], [5.148531, 52.054806], [5.149166, 52.055295], [5.150168, 52.05595], [5.151476, 52.056556], [5.152888, 52.056992], [5.152322, 52.057578], [5.152226, 52.057839], [5.151145, 52.058957], [5.151004, 52.060235], [5.150789, 52.060738], [5.150129, 52.061379], [5.14943, 52.062229], [5.148571, 52.063046], [5.14839, 52.063305], [5.147826, 52.065426], [5.147791, 52.065866], [5.147808, 52.066531], [5.14789, 52.067127], [5.148206, 52.068002], [5.143696, 52.06932], [5.142525, 52.069717], [5.1415, 52.070118], [5.140832, 52.070427], [5.139392, 52.071171], [5.138561, 52.071657], [5.136875, 52.072916], [5.138185, 52.07354], [5.138647, 52.0738], [5.139087, 52.074128], [5.139651, 52.074742], [5.140385, 52.075768], [5.141581, 52.077198], [5.141906, 52.077103], [5.142629, 52.076978], [5.143564, 52.076935], [5.144767, 52.077008], [5.145985, 52.077124], [5.146627, 52.07721], [5.147002, 52.077296], [5.147526, 52.077508], [5.148598, 52.078161], [5.149188, 52.078378], [5.149576, 52.078459], [5.149765, 52.078528], [5.150663, 52.078951], [5.151046, 52.079175], [5.152879, 52.080453], [5.153646, 52.080864], [5.154218, 52.081038], [5.155526, 52.081277], [5.155625, 52.081334], [5.15592, 52.081339], [5.156093, 52.081262], [5.156682, 52.081213], [5.15736, 52.081604], [5.157494, 52.081733], [5.157721, 52.081641], [5.158801, 52.081573], [5.159153, 52.081458], [5.159865, 52.08091], [5.161008, 52.080211], [5.161584, 52.081261], [5.163695, 52.081174], [5.170396, 52.08117], [5.180341, 52.080935], [5.187447, 52.080958], [5.187461, 52.080858], [5.189831, 52.080865], [5.189785, 52.085162], [5.18967, 52.085162], [5.189678, 52.086123], [5.189731, 52.086317], [5.186694, 52.091874], [5.186515, 52.092289], [5.182333, 52.092411], [5.182273, 52.09266], [5.177129, 52.092925], [5.171692, 52.092989], [5.170122, 52.093051], [5.168318, 52.093186], [5.166767, 52.093407], [5.166244, 52.093513], [5.162619, 52.093969], [5.161205, 52.094195], [5.160303, 52.094188], [5.160023, 52.094138], [5.157566, 52.097192], [5.156346, 52.099061], [5.155746, 52.099861], [5.154853, 52.10132], [5.15373, 52.103483], [5.152065, 52.107075], [5.151487, 52.108231], [5.151315, 52.108491], [5.148863, 52.113221], [5.14842, 52.113593], [5.14835, 52.113793], [5.148295, 52.113807], [5.147511, 52.115257], [5.14699, 52.115135], [5.146269, 52.115047], [5.144513, 52.114729], [5.142809, 52.115026], [5.142626, 52.115192], [5.142204, 52.115436], [5.142262, 52.116098], [5.142234, 52.116734], [5.141968, 52.118046], [5.141047, 52.118233], [5.139228, 52.118732], [5.138046, 52.118724], [5.136723, 52.118486], [5.136235, 52.118278], [5.135569, 52.118105], [5.134538, 52.117577], [5.1342, 52.117438], [5.133417, 52.117306], [5.132839, 52.117314], [5.132321, 52.117412], [5.130693, 52.117836], [5.124867, 52.119393], [5.123555, 52.119829], [5.123047, 52.12002], [5.123069, 52.120043], [5.122547, 52.120203], [5.121264, 52.120713], [5.112369, 52.124929], [5.10561, 52.12785], [5.10494, 52.128056], [5.104283, 52.1282], [5.100431, 52.128729], [5.100169, 52.128837], [5.100012, 52.128993], [5.099801, 52.129116], [5.099498, 52.129245], [5.098547, 52.129275], [5.098055, 52.12941], [5.083012, 52.135709], [5.082447, 52.135923], [5.081183, 52.13632], [5.080196, 52.136564], [5.078539, 52.136865], [5.077218, 52.137015], [5.075731, 52.137137], [5.073756, 52.137117], [5.072229, 52.137019], [5.070222, 52.136862], [5.0686, 52.136694], [5.063769, 52.136065], [5.062076, 52.135788], [5.061026, 52.135578], [5.0591, 52.135125], [5.059031, 52.135083], [5.058462, 52.136304], [5.058461, 52.136509], [5.058345, 52.136571], [5.057722, 52.137815], [5.057134, 52.138727], [5.057195, 52.138977], [5.057173, 52.139063], [5.05706, 52.139148], [5.056774, 52.139206], [5.05628, 52.139787], [5.055706, 52.140362], [5.054465, 52.141408], [5.053785, 52.141888], [5.053343, 52.142109], [5.05358, 52.142515], [5.053817, 52.142727], [5.053737, 52.142833], [5.05178, 52.143992], [5.050836, 52.144592], [5.050009, 52.145008], [5.043766, 52.149169], [5.041794, 52.150395], [5.040623, 52.15118], [5.040559, 52.151264], [5.039845, 52.151754], [5.037958, 52.153396], [5.037929, 52.153468], [5.037701, 52.153548], [5.035626, 52.151115], [5.035375, 52.151033], [5.03539, 52.150928], [5.035133, 52.15057], [5.034788, 52.149965], [5.034651, 52.149332]], [[5.179306, 52.123389], [5.180648, 52.123745], [5.181931, 52.125593], [5.181651, 52.125607], [5.181256, 52.125718], [5.180945, 52.125771], [5.179243, 52.123548], [5.179309, 52.123535], [5.179306, 52.123389]]]}}, {"type": "Feature", "id": "zr-conditional_mark-189e4ed9bd", "properties": {"id": "zr-conditional_mark-189e4ed9bd", "ruleIds": ["FR-LS-06"], "operation": "conditional_mark", "geometryValid": true, "areaKm2": 99.152263596, "areaM2": 99152263.595805, "layers": ["gebied_aardkundige_waarden", "provincial_gio_unverified"], "operands": ["gebied_aardkundige_waarden", "provincial_gio_unverified"], "status": "ok", "prov": "op=marker; rule=FR-LS-06; semantics=conditional; note=non-core semantics reported as marker zone, does not alter the opportunity zone; engine=poc-zone-engine/0.1 | op=validity_check; ctx=union layer=gebied_aardkundige_waarden; make_valid_repairs=0; engine=poc-zone-engine/0.1 shapely/2.1.2 | op=union; layer=gebied_aardkundige_waarden(https://agrest.geodata-utrecht.nl/rest/services/Omgevingsverordening/FeatureServer/0; lastChecked=2026-10-05T07:01:26Z; simplifiedM=2.0); features=187; make_valid_repairs=0; area_m2=99152263.595805; engine=poc-zone-engine/0.1", "provenance": "op=marker; rule=FR-LS-06; semantics=conditional; note=non-core semantics reported as marker zone, does not alter the opportunity zone; engine=poc-zone-engine/0.1 | op=validity_check; ctx=union layer=gebied_aardkundige_waarden; make_valid_repairs=0; engine=poc-zone-engine/0.1 shapely/2.1.2 | op=union; layer=gebied_aardkundige_waarden(https://agrest.geodata-utrecht.nl/rest/services/Omgevingsverordening/FeatureServer/0; lastChecked=2026-10-05T07:01:26Z; simplifiedM=2.0); features=187; make_valid_repairs=0; area_m2=99152263.595805; engine=poc-zone-engine/0.1", "provSteps": ["op=marker; rule=FR-LS-06; semantics=conditional; note=non-core semantics reported as marker zone, does not alter the opportunity zone; engine=poc-zone-engine/0.1", "op=validity_check; ctx=union layer=gebied_aardkundige_waarden; make_valid_repairs=0; engine=poc-zone-engine/0.1 shapely/2.1.2", "op=union; layer=gebied_aardkundige_waarden(https://agrest.geodata-utrecht.nl/rest/services/Omgevingsverordening/FeatureServer/0; lastChecked=2026-10-05T07:01:26Z; simplifiedM=2.0); features=187; make_valid_repairs=0; area_m2=99152263.595805; engine=poc-zone-engine/0.1"], "computedBy": "poc-zone-engine/0.1", "computedAt": ""}, "geometry": {"type": "MultiPolygon", "coordinates": [[[[5.122829, 51.908938], [5.121778, 51.909445], [5.12005, 51.91046], [5.118096, 51.911706], [5.117421, 51.91189], [5.115172, 51.912394], [5.113899, 51.91253], [5.112052, 51.912637], [5.109574, 51.91371], [5.107179, 51.914854], [5.104382, 51.916106], [5.102853, 51.916738], [5.101362, 51.917303], [5.1, 51.917747], [5.098863, 51.918016], [5.09784, 51.918154], [5.096774, 51.918244], [5.095685, 51.918296], [5.093513, 51.918318], [5.090564, 51.918267], [5.086459, 51.918276], [5.085157, 51.918221], [5.083704, 51.918107], [5.082081, 51.917915], [5.080267, 51.917627], [5.076709, 51.916961], [5.07508, 51.916607], [5.0735, 51.916211], [5.071932, 51.91575], [5.070339, 51.915202], [5.068684, 51.914546], [5.066929, 51.913758], [5.063984, 51.912299], [5.060176, 51.910164], [5.058101, 51.909193], [5.056508, 51.908551], [5.055649, 51.908258], [5.054746, 51.907996], [5.053797, 51.907775], [5.052802, 51.907605], [5.051693, 51.907475], [5.04907, 51.907274], [5.046219, 51.907137], [5.042324, 51.907005], [5.039478, 51.906817], [5.034213, 51.906282], [5.028332, 51.905573], [5.023927, 51.905151], [5.021232, 51.904941], [5.019162, 51.904854], [5.008493, 51.904687], [5.006407, 51.904594], [5.002676, 51.904333], [5.000508, 51.904226], [4.992526, 51.904048], [4.987555, 51.903885], [4.976936, 51.903184], [4.973616, 51.902877], [4.973766, 51.906544], [4.973778, 51.907524], [4.973741, 51.907667], [4.973269, 51.907901], [4.972063, 51.908347], [4.968097, 51.909997], [4.967792, 51.910094], [4.967112, 51.910206], [4.966432, 51.910268], [4.964128, 51.910638], [4.964193, 51.912014], [4.96416, 51.912267], [4.963262, 51.912804], [4.963868, 51.913063], [4.964785, 51.913519], [4.964377, 51.913692], [4.963148, 51.913987], [4.960641, 51.914664], [4.96038, 51.914827], [4.959693, 51.914046], [4.958918, 51.914953], [4.958558, 51.915285], [4.956759, 51.91545], [4.960488, 51.917963], [4.96235, 51.918158], [4.969374, 51.918583], [4.978937, 51.919377], [4.982084, 51.919529], [4.984387, 51.919741], [4.986243, 51.919981], [4.996803, 51.91801], [5.010647, 51.917444], [5.022494, 51.919315], [5.032351, 51.923013], [5.035655, 51.924904], [5.041603, 51.925086], [5.044053, 51.925133], [5.04638, 51.925146], [5.048384, 51.925107], [5.049866, 51.925001], [5.050928, 51.924854], [5.054229, 51.924282], [5.055092, 51.924157], [5.057246, 51.923952], [5.060539, 51.923813], [5.065076, 51.923745], [5.067697, 51.92374], [5.073411, 51.923789], [5.076414, 51.923845], [5.084665, 51.924095], [5.089043, 51.924315], [5.090825, 51.92444], [5.092306, 51.924575], [5.09461, 51.924863], [5.097615, 51.925084], [5.100937, 51.925202], [5.103824, 51.925199], [5.104869, 51.925146], [5.105791, 51.925064], [5.107849, 51.924838], [5.109917, 51.924515], [5.110851, 51.924313], [5.111664, 51.92408], [5.112314, 51.923816], [5.114327, 51.922806], [5.115849, 51.922164], [5.116589, 51.921931], [5.117282, 51.92179], [5.117903, 51.921768], [5.11849, 51.921846], [5.119088, 51.921983], [5.119686, 51.922171], [5.120271, 51.922402], [5.120833, 51.922669], [5.121835, 51.923276], [5.123689, 51.924832], [5.124309, 51.92528], [5.125007, 51.925702], [5.125565, 51.925966], [5.134791, 51.92531], [5.137266, 51.924621], [5.140195, 51.923145], [5.140355, 51.92299], [5.139313, 51.921969], [5.135584, 51.91814], [5.135886, 51.91787], [5.136029, 51.91758], [5.136368, 51.915447], [5.136552, 51.914719], [5.136436, 51.914508], [5.136166, 51.914327], [5.13571, 51.91434], [5.134085, 51.91459], [5.132574, 51.914902], [5.132304, 51.914902], [5.132046, 51.914645], [5.126709, 51.90787], [5.124631, 51.908155], [5.122829, 51.908938]]], [[[4.98852, 51.931162], [4.98911, 51.930357], [4.989599, 51.929553], [4.98998, 51.92877], [4.990246, 51.928026], [4.99039, 51.92734], [4.990408, 51.926733], [4.990888, 51.925999], [4.991189, 51.925377], [4.99133, 51.924859], [4.991331, 51.924438], [4.99121, 51.924107], [4.990987, 51.923858], [4.990682, 51.923683], [4.990314, 51.923576], [4.989902, 51.923529], [4.989466, 51.923534], [4.989026, 51.923584], [4.9886, 51.923672], [4.988208, 51.923791], [4.987869, 51.923932], [4.987604, 51.924088], [4.98743, 51.924252], [4.986655, 51.925234], [4.986176, 51.926033], [4.98602, 51.926601], [4.98603, 51.926768], [4.986213, 51.92737], [4.986197, 51.927843], [4.986047, 51.928331], [4.985783, 51.928826], [4.985422, 51.929321], [4.984982, 51.929809], [4.98448, 51.930281], [4.983366, 51.93115], [4.98222, 51.931867], [4.981681, 51.932149], [4.980758, 51.932523], [4.98041, 51.9326], [4.980161, 51.932593], [4.979037, 51.932281], [4.97529, 51.931141], [4.974471, 51.930929], [4.973672, 51.930763], [4.972879, 51.930652], [4.972079, 51.930606], [4.971256, 51.930633], [4.970398, 51.930742], [4.969491, 51.930942], [4.96852, 51.931242], [4.967473, 51.93165], [4.966335, 51.932176], [4.965093, 51.932828], [4.964816, 51.933072], [4.96458, 51.933461], [4.964387, 51.933977], [4.964239, 51.934597], [4.964085, 51.936072], [4.964135, 51.937722], [4.964242, 51.938563], [4.964406, 51.939386], [4.96463, 51.940171], [4.964915, 51.940899], [4.965264, 51.941548], [4.965678, 51.942098], [4.966161, 51.942529], [4.966954, 51.942928], [4.967062, 51.943022], [4.967189, 51.943246], [4.967231, 51.943598], [4.967105, 51.94418], [4.966148, 51.944694], [4.965454, 51.945132], [4.964896, 51.945578], [4.964447, 51.946037], [4.964091, 51.946509], [4.963812, 51.946994], [4.963595, 51.947489], [4.963292, 51.948505], [4.962801, 51.950592], [4.962381, 51.951637], [4.961928, 51.952458], [4.961888, 51.952744], [4.961944, 51.953009], [4.962086, 51.95325], [4.962301, 51.953464], [4.962577, 51.953648], [4.962903, 51.953799], [4.963266, 51.953914], [4.963656, 51.95399], [4.964059, 51.954024], [4.964465, 51.954013], [4.964861, 51.953955], [4.965236, 51.953845], [4.965578, 51.953681], [4.965874, 51.95346], [4.966114, 51.953179], [4.966538, 51.952351], [4.966852, 51.951404], [4.967412, 51.949373], [4.967788, 51.948394], [4.968028, 51.947938], [4.968314, 51.947512], [4.968654, 51.947124], [4.969056, 51.94678], [4.969528, 51.946487], [4.970527, 51.946053], [4.9709, 51.945803], [4.971199, 51.945507], [4.971429, 51.945173], [4.97159, 51.944808], [4.971685, 51.944418], [4.971718, 51.944011], [4.971691, 51.943594], [4.971605, 51.943174], [4.971271, 51.942355], [4.971028, 51.941969], [4.970738, 51.941609], [4.970402, 51.941282], [4.970024, 51.940995], [4.969371, 51.940632], [4.969256, 51.940539], [4.969058, 51.940138], [4.968792, 51.939134], [4.968618, 51.937989], [4.968528, 51.936806], [4.968525, 51.935356], [4.968593, 51.934644], [4.96866, 51.934534], [4.968817, 51.934406], [4.969555, 51.934062], [4.970237, 51.933798], [4.97087, 51.933608], [4.971463, 51.933485], [4.972023, 51.933424], [4.97256, 51.933419], [4.973081, 51.933463], [4.974109, 51.933674], [4.977687, 51.934858], [4.978443, 51.935072], [4.979695, 51.935306], [4.98091, 51.935351], [4.982081, 51.935225], [4.983203, 51.934947], [4.984268, 51.934536], [4.98527, 51.934012], [4.986203, 51.933393], [4.987059, 51.932699], [4.987834, 51.931949], [4.98852, 51.931162]]], [[[5.012837, 51.931515], [5.012885, 51.932112], [5.012675, 51.93643], [5.012694, 51.937722], [5.012756, 51.938097], [5.012911, 51.938617], [5.013454, 51.940004], [5.014661, 51.942612], [5.016487, 51.94614], [5.01727, 51.947523], [5.017835, 51.948413], [5.018004, 51.948617], [5.022547, 51.952732], [5.024305, 51.954183], [5.024764, 51.954538], [5.025405, 51.954947], [5.026081, 51.95524], [5.026775, 51.955422], [5.027467, 51.9555], [5.028139, 51.955479], [5.028773, 51.955367], [5.029349, 51.955168], [5.02985, 51.95489], [5.030256, 51.954538], [5.030548, 51.954118], [5.03071, 51.953636], [5.030721, 51.953099], [5.030563, 51.952513], [5.030218, 51.951883], [5.029667, 51.951217], [5.028891, 51.950519], [5.02694, 51.948873], [5.026149, 51.948131], [5.025464, 51.947432], [5.024354, 51.946123], [5.023902, 51.945496], [5.023133, 51.944254], [5.021362, 51.9408], [5.020423, 51.939092], [5.020007, 51.938213], [5.019782, 51.937377], [5.019709, 51.936573], [5.019747, 51.935791], [5.020133, 51.933463], [5.020219, 51.932655], [5.020218, 51.931813], [5.02009, 51.930925], [5.019794, 51.929981], [5.019292, 51.928969], [5.018543, 51.927878], [5.017507, 51.926697], [5.016146, 51.925415], [5.014418, 51.924021], [5.013101, 51.923041], [5.010689, 51.922869], [5.006904, 51.922716], [5.005475, 51.922616], [5.005319, 51.922884], [5.005221, 51.923163], [5.005188, 51.923452], [5.005222, 51.923746], [5.005331, 51.924043], [5.005643, 51.92449], [5.006149, 51.924929], [5.009012, 51.927014], [5.010084, 51.927854], [5.010944, 51.928589], [5.011615, 51.929244], [5.012118, 51.929841], [5.012474, 51.930403], [5.012707, 51.930953], [5.012837, 51.931515]]], [[[4.883605, 51.942786], [4.884025, 51.942654], [4.884329, 51.942424], [4.884557, 51.942126], [4.884742, 51.941634], [4.884744, 51.941451], [4.884651, 51.941244], [4.884522, 51.9412], [4.884366, 51.941202], [4.883993, 51.941317], [4.883725, 51.941447], [4.88363, 51.941606], [4.883733, 51.941975], [4.883579, 51.942343], [4.883647, 51.942536], [4.883605, 51.942786]]], [[[4.920768, 51.945849], [4.920268, 51.9456], [4.920174, 51.945473], [4.919708, 51.945215], [4.919575, 51.945042], [4.919357, 51.944913], [4.919007, 51.94486], [4.918887, 51.944691], [4.918788, 51.94461], [4.91865, 51.944555], [4.91832, 51.944522], [4.914665, 51.94339], [4.914604, 51.943404], [4.914497, 51.943558], [4.914247, 51.943566], [4.91411, 51.943781], [4.914543, 51.944122], [4.914813, 51.944256], [4.91513, 51.944327], [4.915445, 51.944484], [4.915487, 51.944805], [4.914918, 51.945494], [4.915232, 51.945555], [4.91555, 51.945989], [4.916784, 51.94634], [4.917102, 51.946468], [4.917285, 51.946641], [4.917006, 51.946816], [4.919033, 51.947799], [4.919339, 51.948003], [4.919984, 51.948674], [4.920716, 51.950179], [4.922037, 51.951112], [4.922601, 51.951375], [4.922752, 51.951486], [4.923013, 51.951878], [4.924118, 51.952939], [4.924194, 51.952958], [4.924311, 51.95292], [4.924591, 51.953422], [4.924713, 51.953513], [4.925789, 51.953879], [4.926758, 51.954164], [4.926796, 51.954226], [4.927467, 51.954239], [4.927524, 51.953953], [4.927562, 51.953214], [4.925423, 51.949894], [4.925287, 51.949801], [4.925008, 51.949722], [4.924587, 51.949546], [4.92395, 51.94908], [4.923822, 51.948879], [4.923862, 51.94845], [4.923835, 51.948381], [4.923731, 51.948313], [4.923558, 51.948265], [4.922929, 51.947804], [4.922758, 51.947636], [4.922478, 51.947204], [4.922357, 51.947099], [4.922114, 51.94699], [4.922032, 51.946836], [4.920768, 51.945849]]], [[[4.935382, 51.959599], [4.93589, 51.9599], [4.936523, 51.960175], [4.937594, 51.960565], [4.937239, 51.960805], [4.938833, 51.961766], [4.94053, 51.962219], [4.940489, 51.962412], [4.941957, 51.96276], [4.942832, 51.962916], [4.94469, 51.963031], [4.945254, 51.962986], [4.945978, 51.962693], [4.94661, 51.962481], [4.94684, 51.962287], [4.946846, 51.962171], [4.946735, 51.961768], [4.944274, 51.960661], [4.943612, 51.960417], [4.9425, 51.960068], [4.941876, 51.95982], [4.940915, 51.959345], [4.940267, 51.958893], [4.939534, 51.958086], [4.938164, 51.956069], [4.937475, 51.955289], [4.936301, 51.954515], [4.935471, 51.953911], [4.93495, 51.953642], [4.934237, 51.953404], [4.933849, 51.953226], [4.933304, 51.95287], [4.93304, 51.952623], [4.932633, 51.952007], [4.932192, 51.951164], [4.931745, 51.949917], [4.931573, 51.949578], [4.931353, 51.949343], [4.930773, 51.948989], [4.930732, 51.949006], [4.930131, 51.948645], [4.929964, 51.948822], [4.929641, 51.949509], [4.929512, 51.950048], [4.929565, 51.950194], [4.929441, 51.950858], [4.930062, 51.951416], [4.930437, 51.951977], [4.931445, 51.954746], [4.931689, 51.955271], [4.93339, 51.957678], [4.934035, 51.958383], [4.934843, 51.959161], [4.935382, 51.959599]]], [[[4.960651, 51.961469], [4.959714, 51.96162], [4.958996, 51.961638], [4.958564, 51.961688], [4.958192, 51.962089], [4.957753, 51.962407], [4.957117, 51.962498], [4.957016, 51.962683], [4.956583, 51.963013], [4.955005, 51.963356], [4.954646, 51.963535], [4.954267, 51.963575], [4.953856, 51.964715], [4.957226, 51.964079], [4.962336, 51.963602], [4.966882, 51.963474], [4.969407, 51.963059], [4.971526, 51.963239], [4.972264, 51.962842], [4.97138, 51.96211], [4.970758, 51.962012], [4.969467, 51.961686], [4.969352, 51.961469], [4.968117, 51.961413], [4.967336, 51.960967], [4.966181, 51.96095], [4.96545, 51.960771], [4.963161, 51.9609], [4.96254, 51.961166], [4.962089, 51.961247], [4.961539, 51.961121], [4.96102, 51.961243], [4.960651, 51.961469]]], [[[5.007812, 51.973956], [5.00422, 51.974035], [5.001941, 51.974155], [5.001084, 51.974145], [5.00034, 51.974088], [4.999888, 51.974015], [4.997357, 51.973288], [4.997072, 51.973114], [4.996348, 51.972128], [4.995655, 51.971568], [4.995186, 51.971254], [4.994742, 51.971013], [4.993821, 51.970723], [4.99358, 51.970602], [4.993357, 51.970436], [4.992181, 51.969422], [4.992062, 51.969277], [4.991859, 51.968855], [4.991503, 51.968497], [4.990685, 51.967977], [4.989055, 51.967137], [4.988356, 51.966714], [4.988166, 51.966486], [4.98759, 51.965465], [4.986654, 51.964714], [4.986308, 51.964233], [4.986083, 51.96402], [4.984677, 51.963401], [4.980683, 51.961024], [4.979903, 51.960632], [4.978023, 51.959762], [4.977492, 51.959434], [4.977255, 51.959229], [4.976631, 51.95856], [4.975976, 51.958045], [4.975728, 51.957784], [4.975701, 51.957708], [4.975767, 51.957583], [4.976245, 51.957223], [4.9763, 51.956793], [4.973782, 51.956867], [4.969551, 51.957097], [4.966479, 51.957352], [4.967313, 51.957987], [4.967992, 51.957899], [4.968388, 51.957898], [4.968551, 51.957924], [4.969763, 51.958432], [4.971466, 51.958833], [4.97206, 51.959239], [4.9725, 51.959438], [4.972783, 51.959606], [4.973885, 51.960446], [4.974698, 51.960541], [4.975106, 51.960644], [4.975238, 51.960713], [4.97552, 51.960995], [4.975777, 51.961329], [4.976291, 51.961537], [4.976672, 51.961748], [4.977371, 51.962504], [4.978059, 51.962755], [4.978407, 51.962953], [4.97852, 51.963063], [4.978899, 51.963641], [4.979689, 51.965068], [4.980429, 51.964833], [4.982268, 51.967297], [4.982326, 51.967951], [4.982658, 51.968071], [4.982933, 51.968221], [4.983156, 51.96843], [4.983582, 51.968965], [4.983795, 51.969133], [4.984137, 51.969334], [4.984403, 51.969555], [4.985061, 51.969845], [4.985423, 51.970076], [4.985648, 51.970346], [4.986211, 51.971294], [4.986681, 51.971453], [4.986942, 51.971602], [4.987395, 51.972085], [4.987678, 51.97227], [4.988118, 51.97244], [4.988644, 51.972551], [4.989126, 51.972691], [4.989711, 51.972948], [4.990013, 51.97313], [4.990578, 51.973559], [4.991477, 51.974423], [4.992136, 51.974827], [4.992865, 51.975197], [4.993778, 51.97556], [4.995666, 51.97614], [4.996467, 51.976342], [4.997036, 51.976451], [4.998293, 51.976606], [4.998897, 51.97637], [4.999328, 51.976302], [4.999547, 51.976313], [5.001213, 51.976655], [5.00139, 51.97652], [5.001679, 51.976368], [5.002076, 51.976267], [5.002308, 51.976262], [5.003654, 51.976425], [5.004104, 51.976387], [5.005006, 51.976049], [5.006078, 51.9757], [5.006311, 51.975661], [5.006617, 51.975661], [5.006868, 51.975616], [5.007271, 51.975326], [5.007773, 51.975071], [5.008508, 51.974867], [5.009381, 51.9747], [5.010188, 51.974108], [5.010223, 51.973791], [5.009317, 51.973771], [5.007812, 51.973956]]], [[[4.98653, 51.976107], [4.985956, 51.976116], [4.985823, 51.976329], [4.985851, 51.976467], [4.9863, 51.976494], [4.986595, 51.976417], [4.986665, 51.976348], [4.986673, 51.976159], [4.98653, 51.976107]]], [[[4.986923, 51.977401], [4.986807, 51.977432], [4.98677, 51.977509], [4.986984, 51.977635], [4.987113, 51.97762], [4.987218, 51.977548], [4.987189, 51.977467], [4.987079, 51.977417], [4.986923, 51.977401]]], [[[4.917002, 51.976946], [4.915344, 51.9737], [4.911252, 51.973562], [4.909752, 51.972977], [4.9081, 51.972172], [4.904211, 51.970764], [4.899878, 51.969945], [4.897509, 51.970005], [4.895473, 51.970624], [4.894076, 51.971658], [4.890559, 51.972556], [4.888286, 51.972927], [4.886857, 51.97349], [4.88433, 51.973821], [4.883924, 51.974719], [4.885919, 51.975019], [4.889552, 51.974566], [4.8919, 51.973663], [4.896361, 51.973577], [4.8985, 51.973586], [4.901265, 51.9726], [4.907709, 51.974862], [4.911035, 51.976361], [4.91321, 51.977665], [4.913864, 51.979872], [4.915393, 51.981726], [4.919219, 51.98267], [4.926758, 51.982774], [4.929723, 51.980442], [4.934632, 51.980148], [4.93793, 51.983121], [4.940951, 51.985535], [4.946016, 51.986773], [4.949668, 51.988215], [4.956647, 51.989807], [4.959715, 51.990756], [4.960514, 51.991177], [4.964203, 51.99367], [4.964994, 51.992478], [4.966894, 51.989135], [4.969233, 51.988405], [4.96567, 51.987708], [4.966796, 51.985698], [4.962416, 51.986784], [4.957129, 51.986119], [4.949367, 51.983757], [4.944427, 51.982195], [4.941563, 51.979296], [4.938774, 51.976578], [4.935338, 51.976182], [4.933533, 51.976175], [4.931051, 51.976269], [4.929476, 51.97588], [4.928396, 51.976712], [4.925543, 51.979974], [4.923261, 51.980407], [4.920562, 51.980226], [4.918258, 51.978806], [4.917002, 51.976946]]], [[[4.987592, 52.017428], [4.987395, 52.017116], [4.987705, 52.016252], [4.986898, 52.015748], [4.985768, 52.015313], [4.984537, 52.015179], [4.98229, 52.014357], [4.98221, 52.01395], [4.98154, 52.013574], [4.98052, 52.013478], [4.980174, 52.013114], [4.980942, 52.011706], [4.98089, 52.0113], [4.981219, 52.010498], [4.979363, 52.010156], [4.979057, 52.011148], [4.979276, 52.011577], [4.97932, 52.01222], [4.978841, 52.013106], [4.979097, 52.013896], [4.982418, 52.015292], [4.984742, 52.016126], [4.985881, 52.016283], [4.986398, 52.016729], [4.986161, 52.017714], [4.987099, 52.018547], [4.987506, 52.018768], [4.987997, 52.017921], [4.987592, 52.017428]]], [[[4.860386, 52.016734], [4.85998, 52.016904], [4.859218, 52.017027], [4.859056, 52.017112], [4.858779, 52.017175], [4.858456, 52.017202], [4.858179, 52.017286], [4.857828, 52.017499], [4.858117, 52.017794], [4.858562, 52.01802], [4.858977, 52.017987], [4.859198, 52.017796], [4.860446, 52.017482], [4.86099, 52.017264], [4.861665, 52.016655], [4.86198, 52.016308], [4.862168, 52.016025], [4.862135, 52.015733], [4.861617, 52.015399], [4.861789, 52.015154], [4.863536, 52.014185], [4.864326, 52.013563], [4.864604, 52.013441], [4.865543, 52.013284], [4.866069, 52.013001], [4.866591, 52.012784], [4.867055, 52.012752], [4.867494, 52.012586], [4.867405, 52.012318], [4.867162, 52.012076], [4.866521, 52.012202], [4.866059, 52.012342], [4.864992, 52.012949], [4.864049, 52.013012], [4.863501, 52.013379], [4.863036, 52.013767], [4.862467, 52.014071], [4.862015, 52.014381], [4.860987, 52.014597], [4.86066, 52.01493], [4.860495, 52.015256], [4.860561, 52.015569], [4.860889, 52.016026], [4.860876, 52.016182], [4.86063, 52.016501], [4.860386, 52.016734]]], [[[4.951139, 52.020047], [4.9506, 52.019348], [4.950021, 52.018769], [4.949486, 52.017709], [4.948673, 52.017177], [4.948442, 52.016839], [4.948484, 52.016527], [4.949419, 52.016603], [4.950275, 52.016726], [4.95136, 52.017403], [4.952019, 52.017742], [4.952603, 52.017744], [4.953188, 52.017674], [4.953971, 52.017389], [4.954796, 52.016671], [4.954958, 52.016022], [4.955002, 52.015541], [4.954508, 52.014193], [4.953775, 52.013469], [4.952961, 52.012985], [4.952148, 52.012405], [4.951064, 52.011776], [4.949935, 52.011603], [4.949543, 52.011842], [4.948957, 52.012033], [4.947981, 52.012197], [4.947163, 52.012146], [4.946698, 52.011928], [4.946508, 52.011422], [4.946554, 52.010773], [4.946442, 52.010196], [4.946528, 52.009427], [4.946883, 52.008923], [4.947509, 52.008685], [4.948522, 52.008689], [4.949692, 52.008621], [4.950902, 52.008313], [4.9518, 52.008124], [4.952739, 52.007767], [4.953367, 52.007312], [4.954231, 52.006522], [4.952175, 52.005478], [4.951788, 52.005383], [4.951357, 52.005646], [4.950766, 52.006293], [4.949826, 52.006794], [4.94733, 52.007054], [4.946007, 52.006905], [4.944407, 52.007139], [4.94378, 52.007522], [4.943421, 52.008434], [4.943331, 52.009636], [4.943634, 52.010455], [4.943779, 52.011585], [4.94424, 52.012284], [4.945285, 52.012985], [4.946411, 52.013398], [4.947814, 52.01338], [4.948633, 52.013238], [4.949335, 52.013217], [4.951432, 52.013922], [4.952715, 52.014244], [4.953215, 52.014943], [4.953403, 52.015617], [4.953322, 52.015977], [4.952969, 52.016169], [4.951534, 52.015514], [4.949906, 52.01457], [4.948542, 52.014637], [4.946669, 52.014871], [4.945965, 52.015181], [4.945491, 52.015804], [4.945011, 52.017101], [4.945629, 52.017632], [4.946559, 52.01814], [4.947256, 52.018648], [4.947678, 52.019275], [4.948452, 52.019806], [4.948718, 52.020538], [4.948585, 52.022173], [4.948111, 52.022796], [4.947521, 52.023323], [4.946694, 52.02421], [4.945831, 52.024783], [4.945945, 52.025096], [4.946365, 52.025939], [4.94632, 52.026588], [4.945181, 52.027522], [4.944082, 52.028239], [4.940811, 52.027938], [4.940184, 52.028296], [4.93932, 52.02887], [4.939042, 52.029422], [4.939234, 52.029711], [4.94001, 52.030051], [4.940395, 52.030509], [4.94047, 52.030822], [4.940312, 52.031038], [4.93961, 52.031131], [4.938831, 52.031056], [4.937819, 52.03086], [4.937123, 52.030329], [4.936894, 52.029847], [4.935496, 52.029288], [4.934755, 52.02931], [4.934164, 52.029933], [4.933728, 52.030628], [4.933449, 52.0313], [4.934998, 52.03234], [4.936095, 52.031743], [4.936601, 52.031841], [4.937803, 52.032447], [4.938465, 52.032546], [4.939631, 52.032935], [4.9408, 52.032963], [4.941622, 52.032558], [4.942565, 52.03184], [4.942731, 52.030879], [4.942307, 52.030324], [4.942662, 52.029893], [4.943835, 52.029585], [4.945161, 52.029542], [4.946411, 52.02921], [4.947862, 52.028325], [4.948338, 52.027534], [4.948658, 52.026693], [4.948585, 52.02613], [4.948629, 52.02565], [4.949339, 52.024787], [4.95048, 52.023733], [4.950454, 52.022338], [4.950853, 52.021426], [4.95121, 52.020778], [4.951139, 52.020047]]], [[[4.972828, 52.031858], [4.973932, 52.032026], [4.975653, 52.03255], [4.976798, 52.0331], [4.977809, 52.03384], [4.978035, 52.033295], [4.977156, 52.032719], [4.975657, 52.032113], [4.974378, 52.0317], [4.972435, 52.031338], [4.971241, 52.031225], [4.969471, 52.0313], [4.969071, 52.031435], [4.968716, 52.031625], [4.968181, 52.031978], [4.967733, 52.032577], [4.96719, 52.033939], [4.967002, 52.035139], [4.96708, 52.036176], [4.967633, 52.038607], [4.967934, 52.039481], [4.968767, 52.040357], [4.968983, 52.040876], [4.968803, 52.041203], [4.967827, 52.041445], [4.966277, 52.041631], [4.964861, 52.041626], [4.963978, 52.041432], [4.963406, 52.041075], [4.962311, 52.039897], [4.962095, 52.039378], [4.962098, 52.038996], [4.962412, 52.038533], [4.963747, 52.037802], [4.964014, 52.037584], [4.96415, 52.037257], [4.964154, 52.036848], [4.963894, 52.036247], [4.963369, 52.035617], [4.961962, 52.034684], [4.960111, 52.033941], [4.958123, 52.033579], [4.954986, 52.03324], [4.953039, 52.033178], [4.950559, 52.033442], [4.949893, 52.033712], [4.948913, 52.034364], [4.948641, 52.035072], [4.948452, 52.036272], [4.948487, 52.037255], [4.949294, 52.036193], [4.949297, 52.035893], [4.949705, 52.034803], [4.950285, 52.034369], [4.950908, 52.034016], [4.951661, 52.03391], [4.953564, 52.033808], [4.955599, 52.03387], [4.958383, 52.034207], [4.960017, 52.034514], [4.962131, 52.035558], [4.962965, 52.036243], [4.963357, 52.036872], [4.963308, 52.037391], [4.963084, 52.037663], [4.962284, 52.038069], [4.96175, 52.038422], [4.961256, 52.039102], [4.96134, 52.039594], [4.962171, 52.040661], [4.963003, 52.041537], [4.963927, 52.042114], [4.964943, 52.042281], [4.967113, 52.042125], [4.96862, 52.041912], [4.969197, 52.041696], [4.9696, 52.041124], [4.969647, 52.040824], [4.969299, 52.040195], [4.968556, 52.03921], [4.968122, 52.038336], [4.967781, 52.036943], [4.967749, 52.035606], [4.967937, 52.03446], [4.968213, 52.033288], [4.968485, 52.032661], [4.969198, 52.032091], [4.969909, 52.031738], [4.970397, 52.031631], [4.971458, 52.031689], [4.972828, 52.031858]]], [[[4.908742, 52.054897], [4.908749, 52.054302], [4.908688, 52.053985], [4.908499, 52.053587], [4.907477, 52.052909], [4.905938, 52.052427], [4.904912, 52.052145], [4.904142, 52.051983], [4.901771, 52.051101], [4.900809, 52.050819], [4.899462, 52.050496], [4.898823, 52.050137], [4.898121, 52.049539], [4.897741, 52.049062], [4.897619, 52.048466], [4.897312, 52.047578], [4.897134, 52.046712], [4.897079, 52.046039], [4.896751, 52.044672], [4.896178, 52.042901], [4.895718, 52.042188], [4.895229, 52.041282], [4.894609, 52.04103], [4.893769, 52.040872], [4.893028, 52.040836], [4.892396, 52.040944], [4.891065, 52.040687], [4.890597, 52.040156], [4.890536, 52.039333], [4.890688, 52.038317], [4.889485, 52.037685], [4.888674, 52.037205], [4.888003, 52.036965], [4.887551, 52.036585], [4.887308, 52.036324], [4.88733, 52.035913], [4.887096, 52.034917], [4.886934, 52.033695], [4.886664, 52.032913], [4.886285, 52.032316], [4.885455, 52.031758], [4.885075, 52.03128], [4.884753, 52.030654], [4.884703, 52.030089], [4.884896, 52.029543], [4.885241, 52.028908], [4.884741, 52.028374], [4.884215, 52.027667], [4.883705, 52.027269], [4.882936, 52.027067], [4.881137, 52.02694], [4.880044, 52.026975], [4.878888, 52.026891], [4.878443, 52.026453], [4.877737, 52.026331], [4.876854, 52.027295], [4.878811, 52.028001], [4.880882, 52.0286], [4.882008, 52.029345], [4.882228, 52.029891], [4.88197, 52.031166], [4.882313, 52.031611], [4.884293, 52.032936], [4.884568, 52.033266], [4.884793, 52.033853], [4.88444, 52.03529], [4.884525, 52.035996], [4.884454, 52.036797], [4.885068, 52.037665], [4.885641, 52.038183], [4.886086, 52.038661], [4.886648, 52.040131], [4.88664, 52.040805], [4.886377, 52.041359], [4.886372, 52.041796], [4.886624, 52.042273], [4.887136, 52.042513], [4.887841, 52.042714], [4.888676, 52.042837], [4.890089, 52.042962], [4.891245, 52.043165], [4.891821, 52.043365], [4.892395, 52.043804], [4.892583, 52.044281], [4.892768, 52.044995], [4.892568, 52.045629], [4.89256, 52.046343], [4.892746, 52.047018], [4.893186, 52.047892], [4.894249, 52.050673], [4.894886, 52.051271], [4.895206, 52.05147], [4.897193, 52.052073], [4.899629, 52.052916], [4.90136, 52.0534], [4.903286, 52.053804], [4.903922, 52.054441], [4.90456, 52.054999], [4.905001, 52.055794], [4.904593, 52.057855], [4.904716, 52.05841], [4.905222, 52.059206], [4.905861, 52.059605], [4.906886, 52.060006], [4.90817, 52.060289], [4.90907, 52.060332], [4.909973, 52.060177], [4.911911, 52.059431], [4.913846, 52.058923], [4.914814, 52.058729], [4.914948, 52.058214], [4.913789, 52.058249], [4.912823, 52.058404], [4.912176, 52.058679], [4.910822, 52.058991], [4.909533, 52.059144], [4.908955, 52.059062], [4.908444, 52.058743], [4.908064, 52.058186], [4.908005, 52.057631], [4.90801, 52.057194], [4.908273, 52.05668], [4.908344, 52.056006], [4.908675, 52.055174], [4.908742, 52.054897]]], [[[4.997634, 52.087511], [4.99729, 52.087699], [4.997274, 52.088038], [4.997651, 52.088444], [4.998309, 52.088275], [4.998352, 52.088096], [4.99937, 52.087895], [4.999889, 52.087846], [5.000263, 52.087732], [5.000556, 52.087477], [5.000517, 52.087132], [5.000024, 52.086671], [4.99955, 52.086324], [5.000093, 52.085802], [5.000098, 52.085266], [5.000681, 52.085038], [5.001674, 52.084504], [5.001498, 52.084031], [5.001754, 52.083202], [5.00211, 52.082807], [5.002394, 52.082721], [5.002303, 52.082084], [5.001431, 52.082191], [5.001004, 52.082605], [5.000978, 52.083192], [5.000578, 52.083391], [5.000547, 52.083658], [5.000711, 52.084235], [5.000055, 52.084529], [4.999572, 52.084691], [4.999491, 52.085007], [4.999301, 52.085361], [4.998942, 52.08558], [4.998766, 52.086068], [4.998776, 52.086748], [4.999178, 52.087085], [4.999068, 52.087219], [4.997634, 52.087511]]], [[[4.874243, 52.099556], [4.873112, 52.099832], [4.871225, 52.100879], [4.870089, 52.101863], [4.870662, 52.102719], [4.872022, 52.103608], [4.872414, 52.104232], [4.873803, 52.104036], [4.873597, 52.103557], [4.873127, 52.102779], [4.871893, 52.102079], [4.872173, 52.101741], [4.873469, 52.10101], [4.874576, 52.100661], [4.876388, 52.10108], [4.877471, 52.100829], [4.878166, 52.100379], [4.878591, 52.099418], [4.878994, 52.09833], [4.880181, 52.097089], [4.88104, 52.096272], [4.878514, 52.096063], [4.87737, 52.097141], [4.876815, 52.098182], [4.876819, 52.099279], [4.876003, 52.099652], [4.875594, 52.099698], [4.874243, 52.099556]]], [[[4.968575, 52.145056], [4.96981, 52.144638], [4.970787, 52.143885], [4.971478, 52.143436], [4.975917, 52.14282], [4.976522, 52.142541], [4.976855, 52.141959], [4.97744, 52.141837], [4.97817, 52.141806], [4.978479, 52.141897], [4.979253, 52.141114], [4.979162, 52.141001], [4.978853, 52.140933], [4.97803, 52.14111], [4.977063, 52.14123], [4.976203, 52.141429], [4.975469, 52.141987], [4.975157, 52.142166], [4.973934, 52.142184], [4.972281, 52.142516], [4.970782, 52.142639], [4.969329, 52.142948], [4.968093, 52.143482], [4.967045, 52.144221], [4.966522, 52.144423], [4.96559, 52.144432], [4.964157, 52.14424], [4.963613, 52.144209], [4.962877, 52.144424], [4.961079, 52.144345], [4.96013, 52.144589], [4.958637, 52.144759], [4.9571, 52.144709], [4.956203, 52.144371], [4.953531, 52.143855], [4.951021, 52.143307], [4.949958, 52.143127], [4.947342, 52.142563], [4.9464, 52.142584], [4.946027, 52.143036], [4.946104, 52.143541], [4.946304, 52.143995], [4.947317, 52.145082], [4.947762, 52.145689], [4.947846, 52.146099], [4.948193, 52.145745], [4.949135, 52.145967], [4.9487, 52.145023], [4.948989, 52.144659], [4.951403, 52.144285], [4.952954, 52.144389], [4.956124, 52.145259], [4.958274, 52.145689], [4.959977, 52.145724], [4.961211, 52.145452], [4.963104, 52.145444], [4.965092, 52.14551], [4.966415, 52.145704], [4.966841, 52.145705], [4.96722, 52.145663], [4.967719, 52.14549], [4.968575, 52.145056]]], [[[5.024843, 52.153938], [5.024231, 52.153721], [5.023887, 52.153632], [5.023481, 52.153578], [5.022934, 52.153557], [5.022583, 52.153578], [5.022079, 52.153673], [5.02175, 52.153781], [5.021531, 52.153925], [5.02136, 52.154098], [5.021136, 52.154609], [5.021143, 52.155017], [5.021308, 52.155868], [5.0213, 52.156153], [5.021217, 52.1564], [5.019971, 52.157717], [5.019618, 52.158017], [5.019237, 52.15831], [5.018693, 52.158651], [5.017342, 52.159338], [5.016388, 52.159728], [5.013669, 52.160528], [5.012917, 52.160776], [5.012375, 52.161087], [5.011995, 52.161433], [5.011587, 52.161931], [5.011182, 52.162562], [5.010925, 52.16304], [5.010755, 52.163468], [5.010494, 52.16433], [5.009917, 52.167054], [5.016038, 52.166117], [5.026199, 52.164122], [5.029096, 52.163061], [5.031285, 52.162498], [5.031851, 52.161714], [5.033048, 52.159612], [5.03582, 52.155499], [5.037765, 52.153526], [5.037701, 52.153548], [5.035626, 52.151115], [5.035375, 52.151033], [5.035053, 52.152035], [5.03489, 52.152373], [5.034608, 52.152747], [5.034229, 52.153098], [5.033838, 52.153379], [5.033267, 52.153659], [5.032422, 52.153938], [5.028814, 52.154733], [5.028401, 52.154794], [5.02786, 52.154823], [5.027055, 52.154711], [5.026223, 52.154488], [5.024843, 52.153938]]], [[[5.047672, 52.163898], [5.04858, 52.162369], [5.045043, 52.161484], [5.044151, 52.162994], [5.047672, 52.163898]]], [[[4.951986, 52.174754], [4.951256, 52.174678], [4.950811, 52.174549], [4.950279, 52.174305], [4.950009, 52.174077], [4.950087, 52.173882], [4.949915, 52.173654], [4.949579, 52.173478], [4.947879, 52.173425], [4.947346, 52.173229], [4.946988, 52.173218], [4.94656, 52.173383], [4.945971, 52.174132], [4.945562, 52.174321], [4.944736, 52.173615], [4.943142, 52.172143], [4.943056, 52.171844], [4.943053, 52.171332], [4.943147, 52.170743], [4.943882, 52.170047], [4.94387, 52.169522], [4.943252, 52.169127], [4.942049, 52.168631], [4.940068, 52.167081], [4.938238, 52.16651], [4.936976, 52.166048], [4.936151, 52.165427], [4.932456, 52.164046], [4.931483, 52.163776], [4.93047, 52.163314], [4.930112, 52.162807], [4.930141, 52.162315], [4.930969, 52.161842], [4.93153, 52.161427], [4.931321, 52.160637], [4.931955, 52.160148], [4.931113, 52.159669], [4.930779, 52.159101], [4.929863, 52.158755], [4.930391, 52.156836], [4.930376, 52.156531], [4.929373, 52.156152], [4.928614, 52.156226], [4.927118, 52.156663], [4.925521, 52.156805], [4.92504, 52.156505], [4.925722, 52.156051], [4.927638, 52.155672], [4.929958, 52.15604], [4.930757, 52.15527], [4.931513, 52.154696], [4.934167, 52.154476], [4.937776, 52.153769], [4.939132, 52.152959], [4.939453, 52.152722], [4.941421, 52.15199], [4.944028, 52.150003], [4.942806, 52.149687], [4.940791, 52.15093], [4.939622, 52.151703], [4.938507, 52.152075], [4.937724, 52.152495], [4.930987, 52.154003], [4.929933, 52.154638], [4.928716, 52.154599], [4.927609, 52.154187], [4.926903, 52.154229], [4.926056, 52.155], [4.923786, 52.156004], [4.923773, 52.157235], [4.925415, 52.157619], [4.928245, 52.156994], [4.92881, 52.157497], [4.928949, 52.15843], [4.928978, 52.159189], [4.929682, 52.159594], [4.930004, 52.16002], [4.929928, 52.160399], [4.930043, 52.161517], [4.92891, 52.16226], [4.928939, 52.163332], [4.929095, 52.164], [4.931175, 52.164897], [4.932613, 52.165306], [4.934054, 52.165392], [4.934837, 52.165798], [4.936608, 52.166533], [4.935288, 52.167478], [4.934494, 52.168281], [4.933102, 52.168598], [4.932995, 52.168823], [4.933443, 52.168911], [4.935095, 52.168833], [4.936207, 52.167689], [4.937646, 52.167187], [4.938664, 52.167395], [4.940496, 52.168462], [4.94039, 52.168743], [4.941886, 52.169492], [4.942547, 52.169675], [4.94216, 52.170082], [4.941739, 52.170447], [4.941873, 52.170742], [4.941075, 52.170993], [4.940724, 52.170647], [4.940044, 52.170881], [4.939968, 52.171089], [4.940184, 52.17157], [4.939972, 52.172176], [4.940575, 52.172315], [4.940832, 52.171708], [4.941186, 52.171655], [4.941823, 52.171377], [4.941992, 52.172148], [4.942384, 52.172729], [4.944286, 52.174006], [4.945198, 52.174832], [4.945817, 52.174942], [4.946379, 52.174967], [4.946628, 52.17523], [4.947401, 52.175484], [4.947212, 52.175042], [4.947141, 52.174327], [4.947591, 52.173959], [4.94823, 52.17395], [4.948907, 52.174059], [4.949234, 52.174335], [4.949403, 52.174907], [4.950407, 52.175304], [4.951568, 52.175499], [4.952576, 52.175419], [4.953371, 52.175398], [4.954572, 52.175415], [4.955095, 52.1755], [4.95711, 52.176342], [4.958711, 52.17642], [4.96098, 52.176952], [4.963843, 52.176882], [4.965197, 52.177321], [4.96532, 52.177332], [4.966502, 52.178034], [4.967752, 52.179102], [4.968999, 52.180896], [4.970185, 52.183087], [4.970943, 52.185282], [4.971701, 52.186668], [4.972223, 52.186992], [4.973007, 52.187318], [4.973969, 52.187348], [4.974826, 52.187245], [4.975468, 52.187282], [4.976607, 52.187559], [4.978204, 52.188038], [4.97925, 52.188789], [4.97954, 52.189094], [4.979284, 52.189436], [4.980026, 52.189546], [4.980026, 52.189572], [4.980776, 52.188823], [4.981665, 52.187159], [4.981939, 52.185978], [4.981855, 52.185494], [4.981686, 52.184956], [4.97846, 52.178461], [4.977353, 52.175885], [4.976613, 52.175533], [4.976099, 52.175149], [4.970054, 52.175499], [4.963038, 52.175609], [4.961444, 52.175659], [4.959478, 52.175598], [4.957738, 52.175461], [4.956686, 52.175268], [4.954305, 52.175017], [4.953479, 52.17482], [4.951986, 52.174754]]], [[[5.023963, 52.175174], [5.02102, 52.184577], [5.032527, 52.184217], [5.032503, 52.184113], [5.032692, 52.184102], [5.032681, 52.184053], [5.036198, 52.183895], [5.041459, 52.183728], [5.042111, 52.183252], [5.043608, 52.175688], [5.0439, 52.174707], [5.044395, 52.172215], [5.044792, 52.170806], [5.045495, 52.168874], [5.045717, 52.167446], [5.046108, 52.165922], [5.031906, 52.162633], [5.031222, 52.163373], [5.02979, 52.163229], [5.029108, 52.163737], [5.023925, 52.170537], [5.02254, 52.173918], [5.021927, 52.175075], [5.023963, 52.175174]]], [[[4.858472, 52.189054], [4.859193, 52.188763], [4.858758, 52.188161], [4.857882, 52.187571], [4.857608, 52.187242], [4.857429, 52.186655], [4.857386, 52.186327], [4.858066, 52.185815], [4.857862, 52.185343], [4.856871, 52.184696], [4.856781, 52.184482], [4.855745, 52.184655], [4.855521, 52.184933], [4.85533, 52.185289], [4.854725, 52.185386], [4.854024, 52.185726], [4.854138, 52.185884], [4.854392, 52.18607], [4.854995, 52.186144], [4.855453, 52.186718], [4.855679, 52.187247], [4.855786, 52.18799], [4.856753, 52.188766], [4.857582, 52.189146], [4.858472, 52.189054]]], [[[4.843742, 52.188578], [4.843719, 52.188365], [4.843929, 52.188043], [4.844099, 52.18794], [4.844687, 52.187701], [4.845191, 52.187684], [4.84536, 52.187559], [4.845198, 52.187147], [4.845379, 52.186993], [4.845763, 52.186897], [4.846003, 52.186798], [4.846218, 52.186843], [4.846434, 52.186822], [4.846485, 52.186535], [4.846453, 52.186226], [4.84619, 52.18621], [4.8463, 52.186042], [4.846267, 52.185762], [4.846305, 52.185608], [4.846427, 52.185403], [4.846284, 52.185358], [4.846081, 52.185372], [4.846418, 52.185145], [4.846396, 52.18505], [4.846169, 52.18499], [4.845811, 52.184951], [4.845572, 52.184877], [4.845032, 52.185058], [4.844874, 52.185219], [4.844695, 52.185248], [4.84455, 52.185328], [4.8445, 52.185519], [4.84469, 52.185615], [4.844759, 52.185873], [4.844948, 52.186036], [4.844909, 52.186307], [4.84472, 52.186624], [4.844508, 52.186791], [4.844151, 52.186672], [4.843923, 52.186729], [4.843649, 52.187019], [4.843277, 52.187148], [4.842894, 52.187209], [4.842552, 52.187375], [4.842409, 52.187485], [4.842471, 52.18769], [4.84261, 52.187856], [4.842544, 52.187982], [4.842581, 52.188147], [4.842461, 52.188501], [4.841854, 52.188893], [4.841593, 52.18923], [4.841398, 52.189278], [4.841322, 52.189395], [4.841422, 52.189616], [4.841648, 52.189932], [4.841622, 52.190034], [4.84144, 52.190238], [4.84136, 52.190419], [4.841231, 52.190537], [4.841007, 52.191001], [4.840415, 52.191219], [4.84054, 52.191432], [4.840794, 52.191607], [4.841088, 52.19175], [4.841203, 52.19179], [4.842408, 52.191748], [4.842707, 52.191458], [4.842964, 52.19138], [4.843209, 52.191263], [4.843262, 52.1912], [4.843263, 52.191074], [4.843406, 52.190894], [4.843548, 52.190808], [4.843618, 52.19039], [4.843608, 52.190114], [4.843524, 52.189665], [4.843461, 52.189546], [4.843456, 52.188916], [4.843496, 52.188814], [4.843573, 52.188782], [4.843742, 52.188578]]], [[[4.849661, 52.192231], [4.85024, 52.192021], [4.850318, 52.191956], [4.849698, 52.191498], [4.849466, 52.19161], [4.84881, 52.19179], [4.848655, 52.191919], [4.848595, 52.192061], [4.848648, 52.192445], [4.848857, 52.192671], [4.848701, 52.192877], [4.848469, 52.192965], [4.848416, 52.193366], [4.848471, 52.193609], [4.848749, 52.193699], [4.848814, 52.193835], [4.848745, 52.194006], [4.848887, 52.194137], [4.849098, 52.194232], [4.850202, 52.194438], [4.850718, 52.194677], [4.850735, 52.194878], [4.850875, 52.194898], [4.851528, 52.194497], [4.851577, 52.194391], [4.851713, 52.194297], [4.851735, 52.194067], [4.851669, 52.193978], [4.8512, 52.193769], [4.851096, 52.193609], [4.850894, 52.193614], [4.850729, 52.193773], [4.850575, 52.193778], [4.850422, 52.193689], [4.850066, 52.193699], [4.849911, 52.193828], [4.849604, 52.193779], [4.849317, 52.193636], [4.849347, 52.193489], [4.849273, 52.193276], [4.84936, 52.193199], [4.849282, 52.192531], [4.849467, 52.192354], [4.849661, 52.192231]]], [[[4.845732, 52.197244], [4.845049, 52.19721], [4.844263, 52.197245], [4.843895, 52.197321], [4.843614, 52.197577], [4.843699, 52.197865], [4.844049, 52.198186], [4.844464, 52.198429], [4.844629, 52.198406], [4.844783, 52.198228], [4.844849, 52.198011], [4.845014, 52.19798], [4.845042, 52.197801], [4.845484, 52.197858], [4.845941, 52.197798], [4.846294, 52.197885], [4.846508, 52.198049], [4.846999, 52.198301], [4.847592, 52.198428], [4.84853, 52.198331], [4.849727, 52.197846], [4.849766, 52.197706], [4.848925, 52.197103], [4.848633, 52.197187], [4.84844, 52.197428], [4.847854, 52.197682], [4.847575, 52.197727], [4.846564, 52.197348], [4.845732, 52.197244]]], [[[4.871836, 52.218922], [4.870628, 52.21912], [4.870474, 52.219182], [4.86921, 52.219261], [4.868221, 52.219393], [4.867806, 52.219483], [4.867774, 52.219563], [4.868155, 52.219611], [4.868062, 52.219667], [4.867941, 52.219666], [4.86785, 52.219744], [4.867688, 52.219745], [4.867172, 52.219616], [4.866904, 52.219751], [4.86619, 52.219941], [4.865886, 52.219933], [4.86564, 52.21981], [4.865692, 52.219606], [4.865556, 52.219137], [4.865373, 52.219098], [4.865098, 52.219181], [4.864884, 52.219288], [4.864451, 52.219211], [4.864129, 52.219236], [4.863976, 52.219406], [4.864005, 52.21956], [4.864584, 52.219516], [4.864652, 52.219558], [4.864555, 52.219594], [4.864278, 52.219617], [4.864224, 52.219678], [4.864451, 52.219815], [4.864595, 52.219867], [4.86519, 52.219799], [4.865393, 52.220035], [4.86569, 52.220166], [4.866015, 52.220218], [4.866416, 52.220134], [4.86707, 52.219892], [4.867717, 52.219992], [4.867892, 52.219951], [4.868063, 52.219859], [4.868122, 52.219784], [4.868411, 52.219753], [4.868679, 52.219646], [4.869252, 52.219513], [4.869329, 52.219443], [4.869451, 52.219397], [4.869915, 52.219413], [4.870455, 52.219472], [4.870662, 52.219398], [4.871012, 52.219385], [4.871425, 52.219298], [4.871693, 52.219154], [4.871923, 52.218982], [4.871836, 52.218922]]], [[[4.861639, 52.223807], [4.861609, 52.22367], [4.861387, 52.223452], [4.861362, 52.222883], [4.861204, 52.222744], [4.860917, 52.222645], [4.860952, 52.222409], [4.860761, 52.22231], [4.859674, 52.222227], [4.85974, 52.22205], [4.860575, 52.221838], [4.8608, 52.221701], [4.860867, 52.221427], [4.860741, 52.221288], [4.860168, 52.22107], [4.86049, 52.220914], [4.861226, 52.220839], [4.861356, 52.220682], [4.861358, 52.220545], [4.861009, 52.220229], [4.860853, 52.219953], [4.860952, 52.219718], [4.86089, 52.219501], [4.860893, 52.219246], [4.860959, 52.219089], [4.860898, 52.218833], [4.860613, 52.218616], [4.860262, 52.218477], [4.860168, 52.218339], [4.860041, 52.21826], [4.859979, 52.218122], [4.859567, 52.217806], [4.859473, 52.217609], [4.85922, 52.217372], [4.858901, 52.217312], [4.858228, 52.217368], [4.857844, 52.217444], [4.857426, 52.21758], [4.856208, 52.217771], [4.855825, 52.21773], [4.855473, 52.217728], [4.855089, 52.217766], [4.8548, 52.217843], [4.854026, 52.218351], [4.853676, 52.218251], [4.853485, 52.218132], [4.853391, 52.218014], [4.853424, 52.217876], [4.853045, 52.217541], [4.853048, 52.217266], [4.853339, 52.216992], [4.853829, 52.216169], [4.85383, 52.216071], [4.853675, 52.215657], [4.853549, 52.215519], [4.853134, 52.21538], [4.852655, 52.215319], [4.852464, 52.215259], [4.851792, 52.215256], [4.85144, 52.215333], [4.850929, 52.215272], [4.850772, 52.215035], [4.850839, 52.21476], [4.851572, 52.214492], [4.851449, 52.214151], [4.851238, 52.21394], [4.850984, 52.213756], [4.850856, 52.213755], [4.849284, 52.214087], [4.849206, 52.214543], [4.849059, 52.214852], [4.848958, 52.21522], [4.849096, 52.215692], [4.849239, 52.215811], [4.849811, 52.216079], [4.850432, 52.216302], [4.851624, 52.216956], [4.8515, 52.217265], [4.851331, 52.217397], [4.851209, 52.217573], [4.851182, 52.217838], [4.851225, 52.218192], [4.851507, 52.218753], [4.851696, 52.218931], [4.852292, 52.219258], [4.852819, 52.219378], [4.853298, 52.219439], [4.853945, 52.219442], [4.854595, 52.219254], [4.854982, 52.219019], [4.855298, 52.218711], [4.855276, 52.218549], [4.855686, 52.21833], [4.856287, 52.218244], [4.857031, 52.218189], [4.857631, 52.218191], [4.858302, 52.218268], [4.858444, 52.218372], [4.858511, 52.218785], [4.858461, 52.21902], [4.85853, 52.219242], [4.858337, 52.219359], [4.858286, 52.21958], [4.858763, 52.219862], [4.858929, 52.220024], [4.858998, 52.220231], [4.858799, 52.220849], [4.858412, 52.221068], [4.858243, 52.221215], [4.858171, 52.221229], [4.858169, 52.221362], [4.858431, 52.221496], [4.858694, 52.221571], [4.858765, 52.221674], [4.858305, 52.221996], [4.858232, 52.222084], [4.858155, 52.222511], [4.85839, 52.222653], [4.858868, 52.222793], [4.85909, 52.222931], [4.85912, 52.223128], [4.859214, 52.223266], [4.859949, 52.223348], [4.860268, 52.223448], [4.860298, 52.223476], [4.859786, 52.22372], [4.859861, 52.22385], [4.860454, 52.224262], [4.860587, 52.224319], [4.860635, 52.22442], [4.860804, 52.224518], [4.860614, 52.224644], [4.860081, 52.224444], [4.859868, 52.224424], [4.859526, 52.224494], [4.859146, 52.224698], [4.859067, 52.224953], [4.858968, 52.224975], [4.858842, 52.22496], [4.858682, 52.224727], [4.858363, 52.22448], [4.858236, 52.224427], [4.857984, 52.224392], [4.857659, 52.224454], [4.857408, 52.224673], [4.857376, 52.224802], [4.857573, 52.22495], [4.857986, 52.224954], [4.858183, 52.225255], [4.858554, 52.225469], [4.858856, 52.225563], [4.859115, 52.225584], [4.85932, 52.225672], [4.85946, 52.225692], [4.859666, 52.22568], [4.859938, 52.225562], [4.859935, 52.225258], [4.859737, 52.225056], [4.859725, 52.22495], [4.859865, 52.224887], [4.860059, 52.224874], [4.860457, 52.225122], [4.860614, 52.225142], [4.860727, 52.225121], [4.861096, 52.224785], [4.86127, 52.224537], [4.861248, 52.224443], [4.861159, 52.224351], [4.86085, 52.224195], [4.860703, 52.22407], [4.8607, 52.223979], [4.861061, 52.223982], [4.861382, 52.223924], [4.861639, 52.223807]]], [[[4.92751, 52.221666], [4.927588, 52.221641], [4.927914, 52.221827], [4.927975, 52.221505], [4.927918, 52.221057], [4.927801, 52.221023], [4.927355, 52.220767], [4.925978, 52.219939], [4.925129, 52.219479], [4.923928, 52.218885], [4.923689, 52.218856], [4.921937, 52.219411], [4.916754, 52.22047], [4.916629, 52.220518], [4.916641, 52.220647], [4.917937, 52.222025], [4.91796, 52.222106], [4.917493, 52.222905], [4.917994, 52.22354], [4.918687, 52.224312], [4.919121, 52.22462], [4.919, 52.224853], [4.918927, 52.225168], [4.918974, 52.225166], [4.918971, 52.225204], [4.919025, 52.225229], [4.918944, 52.225362], [4.919001, 52.225435], [4.919519, 52.225571], [4.920094, 52.225651], [4.920233, 52.225593], [4.92053, 52.225317], [4.920611, 52.225321], [4.920693, 52.225414], [4.921139, 52.225256], [4.922045, 52.226214], [4.922321, 52.226118], [4.922427, 52.226015], [4.922018, 52.225574], [4.922439, 52.22544], [4.922568, 52.225467], [4.922758, 52.225653], [4.92298, 52.22557], [4.922893, 52.225489], [4.923184, 52.225369], [4.922914, 52.225123], [4.92336, 52.224916], [4.923237, 52.224808], [4.923567, 52.224661], [4.923997, 52.225025], [4.924205, 52.224928], [4.924566, 52.225217], [4.925483, 52.224785], [4.925442, 52.224758], [4.925584, 52.224695], [4.925543, 52.224617], [4.925084, 52.224277], [4.925185, 52.224213], [4.925474, 52.224106], [4.926137, 52.224494], [4.926442, 52.22429], [4.925841, 52.223877], [4.925975, 52.223796], [4.925077, 52.223172], [4.925153, 52.223091], [4.925366, 52.222997], [4.926439, 52.223736], [4.92674, 52.223824], [4.926555, 52.223703], [4.927134, 52.223386], [4.926599, 52.223079], [4.926717, 52.222857], [4.926218, 52.222551], [4.926212, 52.222514], [4.926435, 52.222356], [4.927548, 52.223053], [4.927679, 52.222994], [4.927763, 52.222467], [4.927583, 52.222418], [4.925557, 52.221155], [4.925818, 52.220895], [4.92725, 52.221703], [4.927852, 52.222092], [4.92787, 52.22189], [4.92751, 52.221666]]], [[[4.856081, 52.234493], [4.856098, 52.234536], [4.856168, 52.234547], [4.856502, 52.234345], [4.856589, 52.234324], [4.856816, 52.234412], [4.856743, 52.234451], [4.857755, 52.23421], [4.858044, 52.234108], [4.858334, 52.233917], [4.858602, 52.233594], [4.858774, 52.233286], [4.858561, 52.233005], [4.858564, 52.232769], [4.858443, 52.232312], [4.858533, 52.23221], [4.858899, 52.231946], [4.859029, 52.231754], [4.859167, 52.231676], [4.859297, 52.231502], [4.859674, 52.23116], [4.859934, 52.230781], [4.860251, 52.230578], [4.860575, 52.230561], [4.86175, 52.230794], [4.861918, 52.230752], [4.862352, 52.230519], [4.86265, 52.230267], [4.86276, 52.230056], [4.862685, 52.229791], [4.862804, 52.229647], [4.862971, 52.229654], [4.86303, 52.229696], [4.863056, 52.229955], [4.863479, 52.229909], [4.863607, 52.229843], [4.864429, 52.22922], [4.864608, 52.229064], [4.864747, 52.228872], [4.864994, 52.228746], [4.865163, 52.228572], [4.865204, 52.228428], [4.865762, 52.227785], [4.865882, 52.22755], [4.865805, 52.227466], [4.865419, 52.227717], [4.865172, 52.227837], [4.865436, 52.227386], [4.865415, 52.227291], [4.865631, 52.227093], [4.866052, 52.226959], [4.866751, 52.226406], [4.866822, 52.226264], [4.86706, 52.226408], [4.867258, 52.22644], [4.867914, 52.226393], [4.868329, 52.226205], [4.868381, 52.226128], [4.868559, 52.226057], [4.868973, 52.226171], [4.869058, 52.226263], [4.86896, 52.226414], [4.868959, 52.226499], [4.868872, 52.226578], [4.868646, 52.226656], [4.868484, 52.226786], [4.868246, 52.227081], [4.86813, 52.227849], [4.868257, 52.227974], [4.868472, 52.228075], [4.868777, 52.228312], [4.869075, 52.228425], [4.869406, 52.228499], [4.86957, 52.228606], [4.869563, 52.228769], [4.869802, 52.229235], [4.869693, 52.229594], [4.869282, 52.229983], [4.869043, 52.230264], [4.869007, 52.230586], [4.869081, 52.230667], [4.869347, 52.230825], [4.870337, 52.231277], [4.870785, 52.231357], [4.871395, 52.231399], [4.871534, 52.23138], [4.871672, 52.23146], [4.871681, 52.231637], [4.871817, 52.231883], [4.871257, 52.232229], [4.871148, 52.232366], [4.870986, 52.232484], [4.870912, 52.232738], [4.871317, 52.232786], [4.87175, 52.232664], [4.871853, 52.232539], [4.872083, 52.232369], [4.872744, 52.232247], [4.872822, 52.232108], [4.872761, 52.231824], [4.872931, 52.231647], [4.872917, 52.23147], [4.873088, 52.231273], [4.873138, 52.231131], [4.87333, 52.231181], [4.873424, 52.231349], [4.873816, 52.231503], [4.874152, 52.231569], [4.874473, 52.231585], [4.87437, 52.231466], [4.873772, 52.231109], [4.873612, 52.231064], [4.873243, 52.231027], [4.873196, 52.230944], [4.873246, 52.230757], [4.873183, 52.230702], [4.873031, 52.230662], [4.87287, 52.230725], [4.872725, 52.23072], [4.872605, 52.23067], [4.872436, 52.230738], [4.872338, 52.230876], [4.871855, 52.230987], [4.871727, 52.230991], [4.871047, 52.230781], [4.87069, 52.230811], [4.8699, 52.230722], [4.869861, 52.230628], [4.869903, 52.23053], [4.870082, 52.230309], [4.87024, 52.229837], [4.870541, 52.229379], [4.870649, 52.229294], [4.870895, 52.229236], [4.871178, 52.228863], [4.871148, 52.228705], [4.87099, 52.228501], [4.870385, 52.228081], [4.869842, 52.227842], [4.869619, 52.227651], [4.869567, 52.227519], [4.86959, 52.227361], [4.869655, 52.227296], [4.870041, 52.227252], [4.870171, 52.227154], [4.870324, 52.226852], [4.87041, 52.226813], [4.870515, 52.226784], [4.870954, 52.227029], [4.871036, 52.227036], [4.871264, 52.226935], [4.871416, 52.226791], [4.871449, 52.226693], [4.871151, 52.226547], [4.871033, 52.226553], [4.871005, 52.226231], [4.870942, 52.226172], [4.87075, 52.226118], [4.870687, 52.226026], [4.870843, 52.225741], [4.870734, 52.225649], [4.87027, 52.225698], [4.869873, 52.225697], [4.869481, 52.225643], [4.869087, 52.225517], [4.868917, 52.225419], [4.8687, 52.225194], [4.868826, 52.22479], [4.868791, 52.224678], [4.868356, 52.224695], [4.868094, 52.224753], [4.867866, 52.22485], [4.867639, 52.225005], [4.867104, 52.225157], [4.866689, 52.22523], [4.86604, 52.225436], [4.865723, 52.225487], [4.86495, 52.22594], [4.863929, 52.226774], [4.863288, 52.227392], [4.862965, 52.227885], [4.862718, 52.228183], [4.862656, 52.228325], [4.86264, 52.228572], [4.862748, 52.228737], [4.862698, 52.228879], [4.862464, 52.229069], [4.86161, 52.229125], [4.861427, 52.229184], [4.861316, 52.229303], [4.861214, 52.229632], [4.861116, 52.229722], [4.860534, 52.229465], [4.860534, 52.22942], [4.860402, 52.229292], [4.859929, 52.229095], [4.859405, 52.2291], [4.859295, 52.22913], [4.858976, 52.229345], [4.858199, 52.230083], [4.858149, 52.230202], [4.858526, 52.230294], [4.858537, 52.230399], [4.858327, 52.230637], [4.857625, 52.231255], [4.857045, 52.231866], [4.857018, 52.232016], [4.857261, 52.232129], [4.857616, 52.231951], [4.857321, 52.232196], [4.856738, 52.233047], [4.856579, 52.233121], [4.856185, 52.233411], [4.85616, 52.233501], [4.856074, 52.23356], [4.855862, 52.2336], [4.855287, 52.233585], [4.855085, 52.233621], [4.854819, 52.233886], [4.854859, 52.233992], [4.854949, 52.234054], [4.854693, 52.234375], [4.854336, 52.234634], [4.85404, 52.234924], [4.853939, 52.234942], [4.853768, 52.234885], [4.853646, 52.234959], [4.85331, 52.235242], [4.853137, 52.235341], [4.853014, 52.235495], [4.852798, 52.235644], [4.852534, 52.235918], [4.852433, 52.235854], [4.852081, 52.235825], [4.851906, 52.235782], [4.851708, 52.235656], [4.851504, 52.235669], [4.851241, 52.235772], [4.850938, 52.235998], [4.850541, 52.236404], [4.850443, 52.236581], [4.849704, 52.237079], [4.84971, 52.237118], [4.84989, 52.237195], [4.849901, 52.23723], [4.850116, 52.237294], [4.850395, 52.237218], [4.850475, 52.237233], [4.850473, 52.237348], [4.85041, 52.237396], [4.851545, 52.237928], [4.851749, 52.237908], [4.851841, 52.237863], [4.851696, 52.237667], [4.851848, 52.237699], [4.8521, 52.237536], [4.852307, 52.237304], [4.852401, 52.237124], [4.852576, 52.237092], [4.852717, 52.237018], [4.853451, 52.236935], [4.853783, 52.236862], [4.85403, 52.236702], [4.854736, 52.236062], [4.854878, 52.235838], [4.855125, 52.235582], [4.855197, 52.235443], [4.855129, 52.235271], [4.855659, 52.23477], [4.855993, 52.234535], [4.856081, 52.234493]]], [[[4.896732, 52.238428], [4.896931, 52.238122], [4.897044, 52.237737], [4.897082, 52.237197], [4.897012, 52.236684], [4.896831, 52.236397], [4.896844, 52.236178], [4.897041, 52.235992], [4.896913, 52.235845], [4.896849, 52.235692], [4.896526, 52.235471], [4.896267, 52.23535], [4.896248, 52.235183], [4.896715, 52.235052], [4.896988, 52.23488], [4.896904, 52.23468], [4.896003, 52.234716], [4.895991, 52.234882], [4.895718, 52.235001], [4.895684, 52.235167], [4.895744, 52.23564], [4.895915, 52.235861], [4.895997, 52.236321], [4.896145, 52.236594], [4.896415, 52.236742], [4.89643, 52.237315], [4.896377, 52.238167], [4.89643, 52.238347], [4.896561, 52.238419], [4.896732, 52.238428]]], [[[4.944474, 52.246853], [4.945741, 52.24541], [4.947015, 52.243244], [4.949092, 52.241714], [4.949688, 52.241129], [4.946976, 52.239717], [4.946687, 52.239173], [4.946693, 52.238495], [4.948695, 52.237236], [4.951658, 52.235483], [4.954861, 52.231832], [4.933975, 52.221578], [4.931374, 52.223829], [4.929445, 52.225269], [4.927149, 52.226526], [4.923232, 52.227868], [4.921017, 52.228402], [4.922905, 52.230987], [4.926282, 52.232086], [4.926271, 52.233126], [4.925818, 52.234209], [4.92537, 52.23475], [4.933957, 52.245004], [4.939703, 52.252442], [4.945323, 52.250428], [4.944376, 52.249249], [4.944019, 52.248162], [4.944474, 52.246853]]], [[[4.867984, 52.242088], [4.868016, 52.242273], [4.868164, 52.242378], [4.868201, 52.242546], [4.868031, 52.242674], [4.867786, 52.242682], [4.866877, 52.242582], [4.866075, 52.24264], [4.86556, 52.242972], [4.865158, 52.243087], [4.866316, 52.243545], [4.86655, 52.243321], [4.866869, 52.243279], [4.867401, 52.243438], [4.868023, 52.243523], [4.868622, 52.243737], [4.868912, 52.243684], [4.869103, 52.243487], [4.869462, 52.243292], [4.869533, 52.242887], [4.86939, 52.242689], [4.869571, 52.242464], [4.869569, 52.242216], [4.869488, 52.241999], [4.869513, 52.24176], [4.86976, 52.24128], [4.870085, 52.241225], [4.870255, 52.241282], [4.871086, 52.241344], [4.869829, 52.240678], [4.86949, 52.240708], [4.869208, 52.24082], [4.868544, 52.240841], [4.86822, 52.240969], [4.86821, 52.241816], [4.867984, 52.242088]]], [[[4.947888, 52.257798], [4.947848, 52.25747], [4.947169, 52.257062], [4.946594, 52.256889], [4.946237, 52.256311], [4.945794, 52.255799], [4.945374, 52.255116], [4.944971, 52.2548], [4.944037, 52.254299], [4.941865, 52.25378], [4.94129, 52.253568], [4.940545, 52.253395], [4.939839, 52.253497], [4.938944, 52.253389], [4.937919, 52.253345], [4.937022, 52.253394], [4.93668, 52.253498], [4.936015, 52.253784], [4.934126, 52.254798], [4.933907, 52.255335], [4.933968, 52.255649], [4.934709, 52.256255], [4.936724, 52.257612], [4.937977, 52.258259], [4.939424, 52.258749], [4.940359, 52.259185], [4.940702, 52.258977], [4.9403, 52.258674], [4.93943, 52.258133], [4.937729, 52.257459], [4.936603, 52.256825], [4.935841, 52.256181], [4.935332, 52.255851], [4.935292, 52.255615], [4.935617, 52.255158], [4.936457, 52.25444], [4.936885, 52.254272], [4.937827, 52.254], [4.938212, 52.253975], [4.939129, 52.254084], [4.940619, 52.254509], [4.942534, 52.255158], [4.943105, 52.255645], [4.943464, 52.256052], [4.943822, 52.256617], [4.943821, 52.256709], [4.944009, 52.257129], [4.944495, 52.257589], [4.945386, 52.258156], [4.946003, 52.258381], [4.947093, 52.25828], [4.947841, 52.258243], [4.947888, 52.257798]]], [[[4.983405, 52.254126], [4.984082, 52.253999], [4.984755, 52.25426], [4.985933, 52.254652], [4.986283, 52.255032], [4.986505, 52.255578], [4.986934, 52.255873], [4.987436, 52.256367], [4.988656, 52.256837], [4.988927, 52.256561], [4.989711, 52.256513], [4.990176, 52.257018], [4.990812, 52.256837], [4.991171, 52.256641], [4.990094, 52.256217], [4.989784, 52.255507], [4.988491, 52.253843], [4.987331, 52.253014], [4.986566, 52.252223], [4.984305, 52.251563], [4.982037, 52.251633], [4.980367, 52.251384], [4.979021, 52.251449], [4.978011, 52.251872], [4.97748, 52.252539], [4.977616, 52.253123], [4.977927, 52.253298], [4.978024, 52.253541], [4.97778, 52.253854], [4.977056, 52.254008], [4.976369, 52.253956], [4.976105, 52.254083], [4.977361, 52.254696], [4.978591, 52.25497], [4.979482, 52.25526], [4.980652, 52.255951], [4.980183, 52.256819], [4.979611, 52.257615], [4.97862, 52.258654], [4.977835, 52.258933], [4.976772, 52.259162], [4.976183, 52.259366], [4.975835, 52.259253], [4.975542, 52.259252], [4.975273, 52.259663], [4.97443, 52.26001], [4.973458, 52.260868], [4.973383, 52.261028], [4.973381, 52.261292], [4.973306, 52.261446], [4.973441, 52.261614], [4.973008, 52.261966], [4.9726, 52.261868], [4.972054, 52.262052], [4.971932, 52.261595], [4.971524, 52.261568], [4.97114, 52.261239], [4.97049, 52.261205], [4.970274, 52.260818], [4.969848, 52.260412], [4.96939, 52.260185], [4.968689, 52.260067], [4.967881, 52.26016], [4.967336, 52.260355], [4.966825, 52.260344], [4.966196, 52.26039], [4.965994, 52.260158], [4.965991, 52.259647], [4.965387, 52.259635], [4.96476, 52.260787], [4.965405, 52.260988], [4.9665, 52.261152], [4.966959, 52.261308], [4.967301, 52.26158], [4.968563, 52.261179], [4.968887, 52.261238], [4.969227, 52.261481], [4.969626, 52.26168], [4.970146, 52.26218], [4.97051, 52.262439], [4.971858, 52.26293], [4.972503, 52.263197], [4.972554, 52.263528], [4.974383, 52.265357], [4.974831, 52.265162], [4.975299, 52.265139], [4.975501, 52.264959], [4.975677, 52.264706], [4.975106, 52.264294], [4.974949, 52.264007], [4.975372, 52.263671], [4.975685, 52.26326], [4.975831, 52.262838], [4.97581, 52.262507], [4.975387, 52.262141], [4.974628, 52.261974], [4.975058, 52.261055], [4.9756, 52.26066], [4.977059, 52.260434], [4.978353, 52.260405], [4.979646, 52.260509], [4.980454, 52.260644], [4.981991, 52.261217], [4.982622, 52.261348], [4.983216, 52.261091], [4.984179, 52.26016], [4.984837, 52.259037], [4.983799, 52.257286], [4.983426, 52.256482], [4.983265, 52.255705], [4.983654, 52.254593], [4.983405, 52.254126]]], [[[4.92022, 52.258987], [4.919984, 52.258062], [4.919408, 52.257198], [4.931782, 52.25313], [4.935492, 52.251718], [4.934906, 52.250728], [4.93718, 52.249785], [4.931592, 52.242594], [4.928785, 52.243168], [4.922569, 52.244937], [4.921372, 52.245371], [4.9213, 52.246614], [4.918908, 52.247337], [4.918123, 52.248321], [4.913284, 52.249472], [4.91476, 52.250722], [4.914742, 52.252441], [4.915026, 52.253723], [4.915495, 52.254506], [4.914963, 52.254221], [4.913989, 52.253469], [4.913273, 52.252555], [4.912123, 52.251645], [4.911029, 52.251396], [4.909911, 52.251217], [4.909242, 52.251311], [4.908612, 52.25145], [4.907831, 52.251522], [4.907095, 52.251544], [4.907052, 52.251777], [4.906126, 52.252147], [4.905346, 52.252287], [4.904305, 52.252359], [4.903205, 52.252205], [4.902554, 52.25221], [4.901976, 52.251908], [4.901287, 52.251843], [4.900911, 52.251478], [4.900194, 52.250473], [4.899447, 52.250156], [4.89885, 52.249974], [4.898069, 52.25], [4.896952, 52.24989], [4.896469, 52.249937], [4.895504, 52.250147], [4.895022, 52.250308], [4.894355, 52.250632], [4.893986, 52.250862], [4.89399, 52.251366], [4.893657, 52.25155], [4.892766, 52.251759], [4.892133, 52.251647], [4.891536, 52.25142], [4.890672, 52.250576], [4.890148, 52.250211], [4.888618, 52.249759], [4.888208, 52.2496], [4.88724, 52.249603], [4.886609, 52.249697], [4.885905, 52.249997], [4.885461, 52.250296], [4.88476, 52.250871], [4.884616, 52.251352], [4.884321, 52.251651], [4.88384, 52.251927], [4.883135, 52.252159], [4.882243, 52.252276], [4.881387, 52.252279], [4.880604, 52.252053], [4.877429, 52.250621], [4.876717, 52.250074], [4.875448, 52.249597], [4.874365, 52.249097], [4.872983, 52.248575], [4.87184, 52.24843], [4.870824, 52.248353], [4.869707, 52.248197], [4.867953, 52.248847], [4.867858, 52.24969], [4.868279, 52.250351], [4.869983, 52.251571], [4.870899, 52.252496], [4.870968, 52.252502], [4.871308, 52.2522], [4.87188, 52.251507], [4.872454, 52.251075], [4.872702, 52.250967], [4.873493, 52.250791], [4.873853, 52.250743], [4.874524, 52.251022], [4.875247, 52.251512], [4.875879, 52.251885], [4.877245, 52.252615], [4.877729, 52.252816], [4.87843, 52.252975], [4.880318, 52.253277], [4.881323, 52.253501], [4.882642, 52.253706], [4.88302, 52.25371], [4.883336, 52.253672], [4.883957, 52.253433], [4.884276, 52.253221], [4.884502, 52.253005], [4.884843, 52.252616], [4.885559, 52.251622], [4.885711, 52.251471], [4.886512, 52.251006], [4.886733, 52.250935], [4.887016, 52.250899], [4.887356, 52.250926], [4.887979, 52.25108], [4.888265, 52.251196], [4.888815, 52.251639], [4.889418, 52.251948], [4.890741, 52.253105], [4.89104, 52.253247], [4.891325, 52.253303], [4.891523, 52.253302], [4.891997, 52.253231], [4.893042, 52.253002], [4.893686, 52.25266], [4.895227, 52.252037], [4.895387, 52.251925], [4.895656, 52.251605], [4.896351, 52.251292], [4.896587, 52.25123], [4.897591, 52.251112], [4.898569, 52.250932], [4.898901, 52.250962], [4.899819, 52.251237], [4.901795, 52.252755], [4.902203, 52.252966], [4.902585, 52.253113], [4.903076, 52.253205], [4.9036, 52.253251], [4.90436, 52.253246], [4.905712, 52.253164], [4.906496, 52.253056], [4.90716, 52.252897], [4.907988, 52.252833], [4.909083, 52.25252], [4.909715, 52.252446], [4.910242, 52.252462], [4.910805, 52.252614], [4.911027, 52.25271], [4.911216, 52.252846], [4.912443, 52.253868], [4.91287, 52.254131], [4.913085, 52.254413], [4.913365, 52.254685], [4.914027, 52.255089], [4.914309, 52.255345], [4.915526, 52.255972], [4.91663, 52.256388], [4.917303, 52.256817], [4.917601, 52.257077], [4.918407, 52.258241], [4.918554, 52.258586], [4.918637, 52.258942], [4.918603, 52.259385], [4.917987, 52.261211], [4.917986, 52.261514], [4.918118, 52.261695], [4.918456, 52.261889], [4.918943, 52.262046], [4.920504, 52.26239], [4.921629, 52.262525], [4.922131, 52.26263], [4.922671, 52.262815], [4.923257, 52.26309], [4.923563, 52.263318], [4.923842, 52.263745], [4.923962, 52.264839], [4.924235, 52.266084], [4.924477, 52.266615], [4.924748, 52.267001], [4.925329, 52.267324], [4.925818, 52.267517], [4.926474, 52.267668], [4.928318, 52.267982], [4.929391, 52.268353], [4.929422, 52.268403], [4.929626, 52.268955], [4.929655, 52.269246], [4.929354, 52.269891], [4.929186, 52.270059], [4.928736, 52.270276], [4.928506, 52.270466], [4.928119, 52.271144], [4.928015, 52.271742], [4.927663, 52.271938], [4.926992, 52.27217], [4.926781, 52.272282], [4.926651, 52.272445], [4.926667, 52.272639], [4.927459, 52.273311], [4.927611, 52.273554], [4.927655, 52.273808], [4.927117, 52.274868], [4.926754, 52.275377], [4.926785, 52.276856], [4.926688, 52.277077], [4.926384, 52.277432], [4.925991, 52.278066], [4.927, 52.277897], [4.927975, 52.277593], [4.929444, 52.275334], [4.929298, 52.273678], [4.930214, 52.271853], [4.930867, 52.27028], [4.931136, 52.270001], [4.931625, 52.268863], [4.931005, 52.268462], [4.930768, 52.267877], [4.929908, 52.267513], [4.929047, 52.26699], [4.926809, 52.266541], [4.92539, 52.266042], [4.925421, 52.265493], [4.92649, 52.262926], [4.925904, 52.26262], [4.922853, 52.261816], [4.921848, 52.261797], [4.920247, 52.261643], [4.918867, 52.261304], [4.920192, 52.259925], [4.92045, 52.259604], [4.92022, 52.258987]]], [[[4.956651, 52.265043], [4.955823, 52.264646], [4.955804, 52.264107], [4.955191, 52.263594], [4.954611, 52.262149], [4.953507, 52.260818], [4.953488, 52.260395], [4.953798, 52.260294], [4.95463, 52.260195], [4.954986, 52.26024], [4.954804, 52.259409], [4.951192, 52.259454], [4.950145, 52.259654], [4.949547, 52.260074], [4.949376, 52.260497], [4.949702, 52.261183], [4.950033, 52.26133], [4.951791, 52.26138], [4.952217, 52.261601], [4.952614, 52.262287], [4.952845, 52.263003], [4.952863, 52.263557], [4.953192, 52.26476], [4.953483, 52.265032], [4.954387, 52.265577], [4.955518, 52.266138], [4.956757, 52.266586], [4.958651, 52.267003], [4.959399, 52.267071], [4.959959, 52.267212], [4.960125, 52.266736], [4.960808, 52.265638], [4.960829, 52.265503], [4.961123, 52.265184], [4.960506, 52.264665], [4.959916, 52.264546], [4.959413, 52.264722], [4.959431, 52.264901], [4.959691, 52.265156], [4.959711, 52.265594], [4.958879, 52.265634], [4.957906, 52.2655], [4.958003, 52.265223], [4.957652, 52.264697], [4.957032, 52.26487], [4.956651, 52.265043]]], [[[5.113033, 51.951634], [5.115293, 51.950018], [5.116739, 51.948319], [5.117428, 51.945517], [5.117939, 51.944428], [5.119205, 51.943497], [5.120692, 51.943136], [5.123466, 51.94418], [5.125572, 51.944468], [5.127397, 51.944506], [5.133333, 51.944029], [5.129593, 51.940509], [5.127794, 51.94084], [5.126031, 51.940965], [5.125161, 51.940728], [5.122849, 51.93882], [5.122046, 51.938493], [5.121488, 51.93836], [5.120302, 51.938218], [5.116893, 51.937964], [5.114364, 51.937929], [5.113497, 51.937979], [5.112791, 51.938108], [5.111799, 51.938387], [5.1111, 51.938854], [5.110836, 51.939069], [5.109314, 51.940792], [5.108826, 51.941724], [5.108626, 51.942402], [5.108563, 51.943332], [5.110039, 51.944877], [5.111205, 51.946593], [5.110362, 51.947007], [5.109016, 51.947263], [5.1065, 51.947011], [5.104814, 51.94657], [5.103023, 51.945489], [5.102147, 51.944818], [5.100237, 51.943711], [5.099059, 51.943101], [5.098517, 51.942655], [5.098594, 51.941667], [5.098648, 51.941566], [5.098433, 51.94111], [5.098194, 51.94079], [5.097858, 51.940506], [5.097439, 51.940267], [5.096916, 51.940073], [5.096845, 51.939732], [5.09691, 51.93913], [5.096726, 51.93884], [5.096442, 51.938651], [5.096151, 51.938555], [5.095757, 51.938511], [5.095551, 51.938557], [5.09531, 51.938734], [5.095137, 51.93905], [5.0951, 51.939255], [5.095108, 51.939904], [5.09416, 51.94016], [5.093745, 51.939731], [5.09352, 51.939421], [5.092986, 51.938012], [5.092775, 51.937821], [5.092346, 51.93771], [5.091883, 51.937782], [5.091584, 51.938021], [5.091543, 51.938418], [5.091727, 51.939421], [5.092451, 51.940327], [5.092909, 51.941019], [5.092722, 51.941403], [5.09267, 51.941754], [5.09273, 51.942228], [5.092925, 51.943112], [5.092805, 51.9437], [5.092034, 51.944402], [5.091026, 51.945062], [5.087868, 51.947101], [5.08658, 51.947769], [5.085299, 51.949335], [5.08457, 51.949896], [5.084273, 51.950314], [5.084144, 51.95072], [5.083781, 51.951155], [5.082924, 51.952013], [5.081691, 51.95311], [5.080961, 51.95345], [5.079257, 51.953859], [5.078659, 51.954064], [5.077887, 51.954224], [5.076829, 51.954108], [5.075901, 51.953957], [5.075236, 51.95364], [5.074937, 51.953198], [5.074757, 51.952776], [5.07491, 51.952342], [5.075408, 51.951784], [5.075247, 51.950888], [5.07506, 51.95055], [5.074706, 51.950139], [5.074103, 51.949611], [5.073582, 51.949468], [5.072968, 51.949387], [5.072299, 51.949358], [5.071665, 51.949294], [5.071118, 51.949306], [5.070448, 51.949266], [5.069922, 51.949275], [5.069262, 51.949329], [5.068625, 51.949319], [5.067878, 51.949388], [5.066831, 51.949532], [5.064092, 51.950042], [5.063097, 51.950097], [5.060041, 51.950057], [5.058718, 51.949952], [5.057437, 51.950018], [5.05617, 51.950156], [5.054279, 51.950448], [5.052277, 51.951046], [5.05454, 51.954395], [5.055749, 51.954208], [5.056329, 51.954208], [5.057436, 51.954291], [5.058242, 51.954261], [5.065818, 51.953336], [5.066667, 51.953419], [5.067453, 51.953731], [5.067909, 51.953991], [5.07337, 51.955165], [5.074373, 51.955356], [5.07526, 51.955466], [5.077179, 51.955516], [5.077908, 51.955411], [5.07913, 51.955297], [5.081126, 51.954979], [5.082875, 51.954489], [5.083692, 51.954122], [5.085837, 51.953031], [5.086991, 51.952306], [5.088542, 51.950216], [5.089176, 51.949625], [5.089911, 51.949072], [5.091641, 51.948125], [5.095861, 51.947094], [5.097597, 51.947195], [5.098434, 51.947363], [5.099323, 51.947971], [5.100506, 51.949078], [5.103675, 51.951109], [5.10616, 51.951836], [5.107987, 51.952169], [5.110402, 51.952118], [5.113033, 51.951634]]], [[[5.056991, 51.977312], [5.055196, 51.976581], [5.053677, 51.976167], [5.052336, 51.975711], [5.051484, 51.975303], [5.049268, 51.974072], [5.048573, 51.973647], [5.047841, 51.97305], [5.047258, 51.97237], [5.046504, 51.971086], [5.04615, 51.970767], [5.045516, 51.970292], [5.04461, 51.969722], [5.043752, 51.968945], [5.04349, 51.96865], [5.043292, 51.968152], [5.041987, 51.966635], [5.0408, 51.965439], [5.039749, 51.964684], [5.039574, 51.964615], [5.039223, 51.964546], [5.037695, 51.964635], [5.036303, 51.964539], [5.035346, 51.964519], [5.034098, 51.965012], [5.033587, 51.965284], [5.032835, 51.965787], [5.032619, 51.96588], [5.032215, 51.965979], [5.031995, 51.966001], [5.031304, 51.965985], [5.03122, 51.966125], [5.031049, 51.966291], [5.03031, 51.967455], [5.030066, 51.967934], [5.030593, 51.968031], [5.030514, 51.968175], [5.030533, 51.968221], [5.030595, 51.968213], [5.030672, 51.968059], [5.031259, 51.968108], [5.031569, 51.968173], [5.03213, 51.968429], [5.032068, 51.968516], [5.032078, 51.968582], [5.032144, 51.96858], [5.032237, 51.968444], [5.032765, 51.968433], [5.033034, 51.968479], [5.033234, 51.968559], [5.033478, 51.968765], [5.033718, 51.968776], [5.033529, 51.968974], [5.033532, 51.969025], [5.033598, 51.969017], [5.033734, 51.968878], [5.034084, 51.968945], [5.034656, 51.969131], [5.034991, 51.969404], [5.034851, 51.969536], [5.03485, 51.96959], [5.035819, 51.970088], [5.036715, 51.970621], [5.037799, 51.97136], [5.038188, 51.971678], [5.038791, 51.97228], [5.039208, 51.972785], [5.039758, 51.973564], [5.040165, 51.97431], [5.041097, 51.976555], [5.041997, 51.977965], [5.042685, 51.978826], [5.043261, 51.9794], [5.043387, 51.979397], [5.044161, 51.979942], [5.04477, 51.980253], [5.044484, 51.980417], [5.044519, 51.980466], [5.044595, 51.980454], [5.044867, 51.980304], [5.045713, 51.980639], [5.045938, 51.980823], [5.046134, 51.981083], [5.046235, 51.981142], [5.045846, 51.981384], [5.045853, 51.981436], [5.04594, 51.981421], [5.046266, 51.981228], [5.046444, 51.981234], [5.047265, 51.981484], [5.04813, 51.981893], [5.048947, 51.9828], [5.04856, 51.983012], [5.048532, 51.983083], [5.048592, 51.983131], [5.048686, 51.983123], [5.049189, 51.982759], [5.049821, 51.983106], [5.050682, 51.983509], [5.050973, 51.983702], [5.051365, 51.983813], [5.051606, 51.983994], [5.05103, 51.984367], [5.05104, 51.984444], [5.05112, 51.984454], [5.051222, 51.984414], [5.051513, 51.984174], [5.051846, 51.984266], [5.053029, 51.984881], [5.053282, 51.985104], [5.052984, 51.985319], [5.052977, 51.985392], [5.053091, 51.985413], [5.053333, 51.985194], [5.053433, 51.985214], [5.053596, 51.985255], [5.053807, 51.98536], [5.054285, 51.985641], [5.055062, 51.985865], [5.055219, 51.985971], [5.055262, 51.986072], [5.055068, 51.986182], [5.055023, 51.986234], [5.055042, 51.986299], [5.055161, 51.986298], [5.055391, 51.986051], [5.055887, 51.986202], [5.056051, 51.986323], [5.055839, 51.986525], [5.055822, 51.986569], [5.05587, 51.986589], [5.055995, 51.986563], [5.056276, 51.986304], [5.056459, 51.986357], [5.056916, 51.986589], [5.057136, 51.986791], [5.057232, 51.98692], [5.057041, 51.987102], [5.057091, 51.98716], [5.057232, 51.987147], [5.057336, 51.987011], [5.05794, 51.986998], [5.058038, 51.987024], [5.058157, 51.987004], [5.058463, 51.987028], [5.058576, 51.986916], [5.05829, 51.986774], [5.058166, 51.986579], [5.058585, 51.986263], [5.058842, 51.986224], [5.059844, 51.985374], [5.060134, 51.985023], [5.060244, 51.985121], [5.061133, 51.985441], [5.061084, 51.985482], [5.063323, 51.986366], [5.063557, 51.986569], [5.064682, 51.987917], [5.064743, 51.988164], [5.064658, 51.98828], [5.062821, 51.989503], [5.063084, 51.9896], [5.063485, 51.989854], [5.063713, 51.989932], [5.063926, 51.990104], [5.064156, 51.990169], [5.064396, 51.990319], [5.065433, 51.99116], [5.065781, 51.991549], [5.066367, 51.991365], [5.066626, 51.991002], [5.066868, 51.99079], [5.067403, 51.990573], [5.068248, 51.990288], [5.068678, 51.990204], [5.071723, 51.989128], [5.071193, 51.988872], [5.070394, 51.988409], [5.069026, 51.987361], [5.067788, 51.986254], [5.067576, 51.985994], [5.067048, 51.985129], [5.066955, 51.984872], [5.066892, 51.984279], [5.066896, 51.983237], [5.066179, 51.981099], [5.06611, 51.980936], [5.065656, 51.980254], [5.065183, 51.97938], [5.06489, 51.979025], [5.063969, 51.978524], [5.063464, 51.978165], [5.063177, 51.97802], [5.06292, 51.977987], [5.061393, 51.978036], [5.059816, 51.977978], [5.05883, 51.977849], [5.057761, 51.977582], [5.056991, 51.977312]]], [[[5.246366, 51.996083], [5.248136, 51.99543], [5.25185, 51.994889], [5.257863, 51.993586], [5.258159, 51.993296], [5.257747, 51.993041], [5.255271, 51.993511], [5.253267, 51.993836], [5.251557, 51.994234], [5.250024, 51.994414], [5.247313, 51.994884], [5.246605, 51.995137], [5.24507, 51.995863], [5.244361, 51.996444], [5.243712, 51.996916], [5.24318, 51.997498], [5.243532, 51.997716], [5.244359, 51.997281], [5.245126, 51.996772], [5.246366, 51.996083]]], [[[5.274481, 51.992767], [5.272125, 51.992364], [5.270417, 51.992181], [5.269121, 51.99218], [5.267352, 51.992505], [5.266645, 51.992686], [5.264287, 51.992975], [5.262872, 51.993483], [5.262046, 51.993955], [5.261101, 51.994717], [5.259449, 51.995443], [5.257856, 51.996096], [5.256618, 51.996422], [5.254023, 51.997001], [5.252608, 51.997254], [5.249779, 51.997651], [5.246891, 51.997866], [5.243649, 51.998007], [5.242058, 51.998005], [5.241292, 51.998077], [5.240172, 51.998294], [5.23911, 51.998656], [5.238637, 51.99902], [5.2384, 51.999347], [5.238635, 51.999638], [5.23952, 51.999312], [5.240819, 51.998731], [5.242292, 51.998551], [5.245592, 51.998519], [5.24789, 51.998594], [5.251368, 51.998162], [5.253844, 51.997801], [5.255967, 51.997222], [5.258739, 51.996315], [5.25986, 51.99588], [5.261512, 51.995045], [5.26346, 51.99392], [5.264934, 51.993557], [5.27012, 51.992981], [5.271947, 51.992946], [5.276658, 51.994006], [5.279072, 51.994844], [5.279722, 51.993972], [5.277425, 51.993424], [5.274481, 51.992767]]], [[[5.138475, 51.997801], [5.137705, 51.997906], [5.137313, 51.998055], [5.137239, 51.998113], [5.137234, 51.998261], [5.137362, 51.998348], [5.137576, 51.998358], [5.13779, 51.998296], [5.138149, 51.99827], [5.138704, 51.998178], [5.138945, 51.998232], [5.139056, 51.998225], [5.139339, 51.998121], [5.139526, 51.998002], [5.139402, 51.997749], [5.139289, 51.997749], [5.138976, 51.997664], [5.138787, 51.99767], [5.138475, 51.997801]]], [[[5.068707, 52.000628], [5.068692, 52.000545], [5.068589, 52.00044], [5.068456, 52.000327], [5.068334, 52.000284], [5.068281, 52.000216], [5.068077, 52.000246], [5.068028, 52.000304], [5.067801, 52.000307], [5.067553, 52.00035], [5.067527, 52.000435], [5.067535, 52.0005], [5.067875, 52.000706], [5.067955, 52.000809], [5.06814, 52.000898], [5.068224, 52.000986], [5.068514, 52.000939], [5.068496, 52.000843], [5.068681, 52.000712], [5.068707, 52.000628]]], [[[5.235472, 52.005805], [5.237118, 52.00447], [5.238962, 52.002527], [5.238832, 52.002324], [5.238109, 52.002607], [5.236068, 52.004104], [5.234489, 52.005155], [5.233764, 52.005843], [5.232709, 52.007139], [5.231194, 52.008717], [5.230798, 52.009324], [5.228165, 52.010942], [5.225731, 52.012114], [5.223823, 52.013327], [5.221654, 52.01385], [5.220536, 52.014254], [5.218892, 52.014738], [5.217314, 52.0151], [5.213635, 52.015581], [5.211335, 52.015983], [5.208181, 52.016343], [5.205027, 52.016622], [5.203187, 52.017024], [5.199965, 52.017829], [5.198978, 52.018314], [5.198564, 52.018435], [5.199076, 52.018059], [5.199904, 52.017369], [5.201326, 52.015698], [5.20186, 52.014935], [5.203336, 52.01421], [5.204989, 52.013776], [5.20664, 52.013524], [5.208645, 52.013418], [5.210768, 52.013021], [5.212775, 52.012369], [5.21431, 52.011717], [5.218091, 52.009467], [5.219803, 52.008706], [5.221574, 52.00809], [5.223875, 52.007439], [5.225763, 52.006714], [5.227771, 52.005734], [5.229307, 52.004645], [5.230608, 52.003483], [5.231023, 52.002538], [5.231441, 52.001156], [5.231506, 51.999447], [5.231686, 51.998356], [5.232337, 51.997593], [5.233401, 51.996721], [5.234817, 51.995996], [5.23673, 51.995728], [5.237749, 51.995464], [5.238112, 51.994948], [5.239243, 51.994726], [5.240419, 51.994839], [5.241684, 51.995069], [5.242715, 51.994858], [5.24367, 51.994616], [5.245845, 51.994297], [5.246773, 51.994447], [5.247722, 51.994499], [5.248796, 51.994214], [5.249763, 51.993862], [5.250477, 51.993148], [5.249118, 51.992911], [5.248607, 51.993523], [5.247894, 51.993914], [5.247525, 51.993757], [5.246649, 51.993544], [5.245351, 51.993731], [5.244792, 51.993722], [5.24156, 51.994252], [5.239184, 51.994037], [5.237769, 51.994254], [5.234231, 51.995158], [5.23246, 51.996029], [5.231751, 51.99661], [5.230449, 51.998281], [5.230152, 51.999081], [5.230084, 52.001518], [5.22949, 52.00279], [5.227893, 52.004389], [5.224823, 52.006021], [5.224115, 52.006311], [5.220692, 52.007398], [5.217209, 52.008884], [5.214552, 52.010153], [5.213489, 52.010734], [5.211127, 52.011785], [5.209533, 52.012328], [5.207941, 52.012617], [5.20629, 52.012614], [5.205524, 52.012649], [5.203045, 52.013337], [5.2021, 52.013735], [5.201273, 52.01428], [5.200385, 52.015115], [5.199259, 52.016531], [5.198558, 52.017629], [5.19806, 52.017989], [5.197392, 52.018317], [5.198132, 52.018988], [5.198976, 52.0188], [5.199305, 52.018639], [5.202988, 52.01751], [5.205616, 52.017149], [5.21015, 52.01667], [5.211465, 52.016348], [5.212713, 52.016147], [5.216589, 52.015788], [5.218955, 52.015346], [5.220731, 52.01474], [5.222966, 52.014136], [5.224873, 52.01345], [5.22882, 52.011591], [5.230004, 52.010944], [5.231649, 52.009893], [5.232506, 52.009002], [5.233298, 52.007909], [5.234155, 52.006816], [5.235472, 52.005805]]], [[[5.274841, 51.999357], [5.2754, 51.999802], [5.275718, 52.000691], [5.275556, 52.001333], [5.274994, 52.002123], [5.274512, 52.00306], [5.274269, 52.004097], [5.274105, 52.005628], [5.274662, 52.006764], [5.275141, 52.007357], [5.275619, 52.008099], [5.277617, 52.009286], [5.279057, 52.009583], [5.281137, 52.009684], [5.283218, 52.009686], [5.284979, 52.009292], [5.286581, 52.008602], [5.287543, 52.007764], [5.288105, 52.006974], [5.289868, 52.005691], [5.290991, 52.004408], [5.291634, 52.003026], [5.292759, 52.001101], [5.293801, 51.999769], [5.294683, 51.99888], [5.295805, 51.998239], [5.296685, 51.998043], [5.297725, 51.99829], [5.299085, 51.998439], [5.301084, 51.998984], [5.303002, 51.999874], [5.306202, 52.000222], [5.306523, 51.999432], [5.302765, 51.998047], [5.300607, 51.997305], [5.299008, 51.99681], [5.297088, 51.996808], [5.295648, 51.996857], [5.293726, 51.997448], [5.292044, 51.998631], [5.290519, 52.000606], [5.289074, 52.002876], [5.28715, 52.004899], [5.284343, 52.007316], [5.282822, 52.007858], [5.281061, 52.007906], [5.279221, 52.007658], [5.277783, 52.006767], [5.276985, 52.005878], [5.276589, 52.004346], [5.277313, 52.002569], [5.278116, 52.001582], [5.278598, 52.000694], [5.27844, 51.999805], [5.277243, 51.998569], [5.276045, 51.997778], [5.274126, 51.99748], [5.271246, 51.997181], [5.269166, 51.997327], [5.267485, 51.99777], [5.266043, 51.998509], [5.265079, 51.999989], [5.264911, 52.002903], [5.266336, 52.008238], [5.266967, 52.011744], [5.2668, 52.01451], [5.266313, 52.016781], [5.265349, 52.018261], [5.264546, 52.019298], [5.263263, 52.020037], [5.261421, 52.020479], [5.2603, 52.020478], [5.25838, 52.020279], [5.25646, 52.019783], [5.254541, 52.019139], [5.253232, 52.018381], [5.250875, 52.017679], [5.249428, 52.017542], [5.247918, 52.017326], [5.246157, 52.017149], [5.244584, 52.017147], [5.243638, 52.01767], [5.243068, 52.018912], [5.243128, 52.019863], [5.245572, 52.019128], [5.246634, 52.019198], [5.248378, 52.018983], [5.250297, 52.019776], [5.252856, 52.020569], [5.254775, 52.021312], [5.256935, 52.021808], [5.259015, 52.022156], [5.261256, 52.022257], [5.262697, 52.02211], [5.26494, 52.02152], [5.266382, 52.020929], [5.267185, 52.020238], [5.268229, 52.018659], [5.269277, 52.015895], [5.269921, 52.014513], [5.270168, 52.011896], [5.269294, 52.009426], [5.268901, 52.006956], [5.268664, 52.005771], [5.267787, 52.004338], [5.26723, 52.0033], [5.267638, 52.000338], [5.2682, 51.999647], [5.269081, 51.999154], [5.270522, 51.998859], [5.272122, 51.998762], [5.273642, 51.99901], [5.274841, 51.999357]]], [[[5.187888, 52.030898], [5.187631, 52.029763], [5.187835, 52.028224], [5.188233, 52.027333], [5.188765, 52.025916], [5.189311, 52.025274], [5.188161, 52.02523], [5.18778, 52.025671], [5.187184, 52.026764], [5.186649, 52.028951], [5.186384, 52.029518], [5.186835, 52.031464], [5.187161, 52.032032], [5.187947, 52.03256], [5.189913, 52.033536], [5.190766, 52.033861], [5.192013, 52.034228], [5.192541, 52.033662], [5.190573, 52.03301], [5.189326, 52.032562], [5.188541, 52.031872], [5.187888, 52.030898]]], [[[5.241551, 52.038675], [5.240185, 52.039941], [5.238609, 52.041539], [5.237248, 52.042567], [5.235858, 52.043325], [5.233723, 52.044115], [5.231149, 52.045184], [5.229705, 52.045824], [5.229399, 52.046366], [5.229301, 52.046959], [5.22954, 52.047108], [5.23114, 52.047653], [5.231782, 52.048069], [5.23264, 52.048256], [5.23331, 52.048275], [5.233794, 52.047916], [5.232947, 52.047492], [5.231153, 52.047248], [5.231155, 52.046826], [5.234423, 52.045422], [5.235762, 52.045081], [5.237014, 52.04459], [5.238471, 52.04393], [5.239726, 52.043117], [5.241425, 52.041835], [5.241392, 52.041265], [5.242663, 52.040337], [5.244223, 52.039028], [5.244434, 52.038005], [5.245002, 52.037108], [5.246315, 52.035672], [5.248323, 52.033897], [5.250489, 52.032517], [5.251694, 52.031037], [5.251898, 52.030447], [5.253156, 52.029858], [5.254394, 52.029039], [5.254588, 52.02829], [5.254358, 52.026871], [5.253872, 52.025558], [5.252514, 52.024716], [5.250192, 52.023949], [5.247724, 52.023053], [5.245428, 52.021723], [5.244441, 52.020707], [5.244283, 52.020213], [5.243294, 52.02019], [5.244329, 52.021553], [5.245885, 52.022598], [5.246596, 52.023136], [5.248388, 52.023995], [5.249546, 52.024868], [5.251228, 52.026246], [5.251866, 52.027086], [5.252079, 52.027923], [5.251782, 52.028518], [5.249402, 52.03018], [5.24886, 52.03116], [5.246069, 52.033399], [5.243192, 52.036014], [5.241551, 52.038675]]], [[[5.20605, 52.053065], [5.207431, 52.052506], [5.206595, 52.05169], [5.204852, 52.050531], [5.202723, 52.049879], [5.200962, 52.049693], [5.199611, 52.049892], [5.198758, 52.050083], [5.197434, 52.050581], [5.196607, 52.051193], [5.195965, 52.051884], [5.195749, 52.05261], [5.195752, 52.053838], [5.195503, 52.052317], [5.195028, 52.048054], [5.194876, 52.047491], [5.194307, 52.046802], [5.193565, 52.046324], [5.192507, 52.046111], [5.192024, 52.045333], [5.192001, 52.043971], [5.192091, 52.043036], [5.191639, 52.041535], [5.19127, 52.040987], [5.190614, 52.040538], [5.190215, 52.040166], [5.189816, 52.039672], [5.18956, 52.039248], [5.189306, 52.038594], [5.189565, 52.038083], [5.190544, 52.036726], [5.192354, 52.035087], [5.192756, 52.034802], [5.192186, 52.03436], [5.189775, 52.036015], [5.189142, 52.036702], [5.188596, 52.037389], [5.188389, 52.038766], [5.188928, 52.039949], [5.189267, 52.04085], [5.19001, 52.041221], [5.190665, 52.04184], [5.190827, 52.044152], [5.190478, 52.045426], [5.190448, 52.045744], [5.190958, 52.046927], [5.192616, 52.047353], [5.193386, 52.047884], [5.193669, 52.048749], [5.19378, 52.049461], [5.193719, 52.050308], [5.193915, 52.051367], [5.194445, 52.053123], [5.194616, 52.054465], [5.192522, 52.055136], [5.192088, 52.055048], [5.191572, 52.055026], [5.19095, 52.055234], [5.190411, 52.055168], [5.189483, 52.05534], [5.189097, 52.055224], [5.189086, 52.054993], [5.189745, 52.054502], [5.189641, 52.054155], [5.189291, 52.053887], [5.188288, 52.052872], [5.187911, 52.052562], [5.187579, 52.052074], [5.187196, 52.051064], [5.187171, 52.050847], [5.186962, 52.050419], [5.186514, 52.050239], [5.18618, 52.050179], [5.185397, 52.050286], [5.184226, 52.050571], [5.183179, 52.05064], [5.182413, 52.050801], [5.181831, 52.051028], [5.181163, 52.051049], [5.180291, 52.051334], [5.180466, 52.051411], [5.181573, 52.051673], [5.18248, 52.051577], [5.183326, 52.051248], [5.183915, 52.051151], [5.185887, 52.050921], [5.186378, 52.051074], [5.186649, 52.051476], [5.186965, 52.052666], [5.188168, 52.053948], [5.187985, 52.055303], [5.188286, 52.055708], [5.188614, 52.055849], [5.189296, 52.056006], [5.189852, 52.055882], [5.19056, 52.055821], [5.191014, 52.055899], [5.191467, 52.056196], [5.191592, 52.056523], [5.192299, 52.056727], [5.193513, 52.056449], [5.194551, 52.055905], [5.195942, 52.055518], [5.196876, 52.055613], [5.198265, 52.055865], [5.199122, 52.056395], [5.199852, 52.05702], [5.200725, 52.05713], [5.201632, 52.057099], [5.201288, 52.05626], [5.202195, 52.056425], [5.203066, 52.05567], [5.202389, 52.055332], [5.20009, 52.054558], [5.198216, 52.054213], [5.197634, 52.054011], [5.19751, 52.053016], [5.19814, 52.052097], [5.199107, 52.051731], [5.200529, 52.051549], [5.201822, 52.0517], [5.203283, 52.052263], [5.204786, 52.053054], [5.20605, 52.053065]]], [[[5.249373, 52.047867], [5.247223, 52.048327], [5.249383, 52.051369], [5.250035, 52.05295], [5.250097, 52.054287], [5.247657, 52.056727], [5.24709, 52.057191], [5.246668, 52.057889], [5.249207, 52.057861], [5.250292, 52.056933], [5.251095, 52.056064], [5.25154, 52.05514], [5.251939, 52.053722], [5.252187, 52.053076], [5.251764, 52.051113], [5.250463, 52.049109], [5.249373, 52.047867]]], [[[5.242132, 52.048955], [5.241565, 52.048592], [5.241178, 52.048227], [5.240182, 52.048253], [5.239594, 52.048105], [5.238274, 52.048103], [5.238208, 52.048425], [5.239706, 52.048596], [5.240706, 52.049068], [5.241305, 52.049139], [5.243316, 52.050039], [5.243954, 52.050929], [5.244028, 52.052904], [5.244186, 52.053645], [5.241903, 52.054911], [5.242256, 52.055865], [5.240251, 52.056702], [5.237686, 52.056995], [5.236163, 52.05724], [5.23376, 52.057336], [5.231998, 52.057185], [5.229115, 52.056786], [5.227443, 52.056517], [5.226491, 52.056217], [5.225166, 52.056125], [5.223349, 52.056433], [5.222466, 52.056826], [5.221824, 52.057319], [5.220781, 52.057713], [5.220139, 52.05791], [5.218269, 52.058906], [5.217864, 52.059204], [5.217507, 52.059702], [5.218866, 52.059265], [5.220418, 52.059178], [5.221729, 52.0589], [5.222749, 52.058404], [5.223638, 52.058385], [5.223963, 52.058007], [5.226388, 52.057731], [5.227761, 52.058052], [5.23138, 52.058505], [5.234282, 52.058455], [5.237789, 52.058176], [5.240607, 52.057825], [5.242046, 52.057154], [5.243376, 52.056409], [5.244581, 52.055176], [5.245546, 52.054091], [5.245996, 52.052872], [5.245827, 52.051685], [5.245235, 52.051029], [5.244058, 52.050347], [5.243358, 52.049695], [5.242678, 52.049236], [5.242132, 52.048955]]], [[[5.284014, 52.067164], [5.283838, 52.067286], [5.283717, 52.067422], [5.28376, 52.067659], [5.283496, 52.067896], [5.283506, 52.068093], [5.283605, 52.06816], [5.283869, 52.068201], [5.284177, 52.068141], [5.284452, 52.068161], [5.284738, 52.068263], [5.285673, 52.068311], [5.285783, 52.068311], [5.285915, 52.068264], [5.286091, 52.067912], [5.286092, 52.067546], [5.286048, 52.067451], [5.286126, 52.067383], [5.28617, 52.067254], [5.28617, 52.067193], [5.286071, 52.067119], [5.286027, 52.067031], [5.285995, 52.066854], [5.28572, 52.066759], [5.285522, 52.066739], [5.285258, 52.066732], [5.28473, 52.066772], [5.284499, 52.066867], [5.284345, 52.067097], [5.284014, 52.067164]]], [[[5.285352, 52.068962], [5.285033, 52.069002], [5.284923, 52.069043], [5.284692, 52.069205], [5.284625, 52.069307], [5.284625, 52.06951], [5.284779, 52.069565], [5.284988, 52.069531], [5.285131, 52.069572], [5.285119, 52.069714], [5.285163, 52.069761], [5.285559, 52.069931], [5.285702, 52.069938], [5.2859, 52.069816], [5.286021, 52.069803], [5.28623, 52.069728], [5.286384, 52.069742], [5.286472, 52.069783], [5.286604, 52.069776], [5.287573, 52.069472], [5.287903, 52.069303], [5.28798, 52.069296], [5.288013, 52.069201], [5.287915, 52.069079], [5.287772, 52.069011], [5.287288, 52.068882], [5.286937, 52.068692], [5.286684, 52.068671], [5.286519, 52.068705], [5.286155, 52.068874], [5.286034, 52.068813], [5.285682, 52.068806], [5.285352, 52.068962]]], [[[5.1966, 52.075248], [5.19735, 52.074437], [5.19818, 52.073157], [5.200566, 52.071574], [5.202165, 52.070586], [5.204465, 52.069428], [5.20633, 52.068914], [5.210657, 52.067446], [5.213596, 52.065738], [5.214527, 52.06455], [5.215382, 52.062934], [5.215538, 52.062459], [5.214459, 52.062077], [5.213762, 52.062789], [5.213606, 52.06336], [5.213372, 52.063883], [5.213199, 52.064719], [5.212762, 52.065217], [5.211899, 52.065783], [5.211202, 52.066353], [5.208497, 52.067395], [5.205869, 52.068199], [5.204248, 52.068482], [5.202654, 52.068918], [5.20023, 52.069522], [5.199224, 52.070283], [5.198603, 52.07083], [5.19725, 52.071757], [5.19612, 52.072479], [5.19497, 52.074111], [5.194298, 52.075342], [5.19358, 52.076036], [5.192714, 52.076312], [5.191406, 52.076486], [5.190334, 52.076362], [5.187163, 52.074971], [5.185701, 52.074017], [5.184396, 52.07235], [5.18332, 52.071397], [5.182166, 52.070586], [5.18032, 52.069204], [5.178968, 52.068447], [5.178497, 52.068194], [5.177396, 52.06794], [5.176311, 52.067598], [5.175335, 52.06749], [5.173184, 52.066205], [5.172272, 52.065844], [5.170542, 52.065453], [5.169078, 52.065256], [5.167914, 52.065281], [5.165502, 52.065599], [5.163436, 52.065701], [5.161119, 52.066029], [5.159574, 52.066312], [5.15741, 52.066973], [5.155939, 52.067779], [5.154773, 52.069537], [5.154382, 52.070487], [5.154529, 52.071819], [5.15514, 52.073057], [5.15683, 52.074725], [5.157749, 52.076059], [5.159363, 52.077536], [5.161066, 52.079661], [5.161432, 52.080489], [5.161821, 52.079871], [5.162211, 52.078968], [5.162499, 52.07842], [5.161756, 52.077217], [5.160589, 52.07556], [5.159418, 52.074405], [5.158968, 52.073745], [5.158465, 52.072657], [5.158335, 52.07208], [5.158285, 52.071339], [5.15861, 52.070451], [5.158828, 52.06966], [5.160359, 52.06805], [5.162271, 52.067221], [5.16432, 52.066937], [5.168701, 52.067209], [5.172865, 52.06804], [5.175776, 52.068457], [5.178231, 52.070246], [5.179153, 52.071294], [5.180537, 52.072343], [5.182538, 52.073583], [5.184153, 52.07487], [5.187524, 52.076406], [5.188085, 52.07692], [5.189233, 52.07739], [5.190394, 52.077402], [5.192438, 52.077893], [5.193051, 52.077834], [5.194926, 52.076791], [5.1966, 52.075248]]], [[[5.290062, 52.072109], [5.290542, 52.072001], [5.290019, 52.071616], [5.289147, 52.071265], [5.288857, 52.071095], [5.288755, 52.071014], [5.288683, 52.070826], [5.288508, 52.070852], [5.28797, 52.071067], [5.28637, 52.071003], [5.286108, 52.071021], [5.285671, 52.071325], [5.284929, 52.071504], [5.284232, 52.071064], [5.28381, 52.070884], [5.282982, 52.070444], [5.282531, 52.070641], [5.280786, 52.070532], [5.280756, 52.070648], [5.282398, 52.071448], [5.283371, 52.072148], [5.283458, 52.072264], [5.282701, 52.072532], [5.280491, 52.072163], [5.280461, 52.072288], [5.280607, 52.072387], [5.280461, 52.072665], [5.280329, 52.072772], [5.280591, 52.072889], [5.280707, 52.073104], [5.280634, 52.073319], [5.280808, 52.073526], [5.282448, 52.075087], [5.282316, 52.075248], [5.28294, 52.075858], [5.283289, 52.075975], [5.28339, 52.076271], [5.284001, 52.07663], [5.284568, 52.076487], [5.285471, 52.076147], [5.285805, 52.076434], [5.286635, 52.075879], [5.286243, 52.075727], [5.286243, 52.075673], [5.287452, 52.075028], [5.287816, 52.074939], [5.288646, 52.074492], [5.289111, 52.074367], [5.287558, 52.073236], [5.287529, 52.073146], [5.287587, 52.073021], [5.287878, 52.07286], [5.288752, 52.07252], [5.290062, 52.072109]]], [[[5.279094, 52.073637], [5.278558, 52.0736], [5.27838, 52.073644], [5.278332, 52.073724], [5.278355, 52.073893], [5.27845, 52.073952], [5.278593, 52.073974], [5.278593, 52.074047], [5.278747, 52.074253], [5.279116, 52.074415], [5.279628, 52.074562], [5.279926, 52.074504], [5.2802, 52.074364], [5.280248, 52.074262], [5.280165, 52.074019], [5.279915, 52.073872], [5.279451, 52.073747], [5.279201, 52.073725], [5.279094, 52.073637]]], [[[5.276693, 52.07495], [5.276834, 52.075027], [5.276999, 52.075067], [5.277135, 52.075158], [5.277589, 52.075158], [5.277802, 52.075195], [5.277843, 52.075249], [5.278226, 52.075275], [5.278291, 52.075221], [5.278451, 52.075265], [5.278504, 52.075301], [5.278568, 52.075676], [5.278662, 52.075817], [5.27885, 52.075941], [5.27908, 52.075956], [5.279328, 52.075923], [5.279722, 52.07606], [5.279835, 52.076073], [5.279912, 52.076037], [5.279924, 52.075971], [5.279811, 52.075801], [5.279612, 52.07564], [5.279271, 52.075218], [5.278852, 52.075152], [5.278776, 52.075101], [5.278829, 52.074879], [5.278682, 52.074647], [5.278169, 52.074395], [5.278128, 52.074323], [5.277539, 52.074115], [5.277014, 52.074063], [5.276683, 52.074088], [5.276293, 52.074263], [5.276252, 52.074375], [5.276328, 52.074532], [5.276587, 52.074754], [5.276693, 52.07495]]], [[[5.209566, 52.081058], [5.209299, 52.082273], [5.211275, 52.081385], [5.211347, 52.079926], [5.211224, 52.077738], [5.210964, 52.076968], [5.210636, 52.076643], [5.203609, 52.074404], [5.201901, 52.073834], [5.199403, 52.073708], [5.198153, 52.073949], [5.197953, 52.074476], [5.197952, 52.0748], [5.198017, 52.074881], [5.19874, 52.075044], [5.199858, 52.075046], [5.202619, 52.075172], [5.203736, 52.075538], [5.206758, 52.076191], [5.208005, 52.07672], [5.209186, 52.077492], [5.209709, 52.078262], [5.209899, 52.080167], [5.209566, 52.081058]]], [[[5.203904, 52.07931], [5.202245, 52.078346], [5.19862, 52.076559], [5.198474, 52.077128], [5.199214, 52.079044], [5.198961, 52.080673], [5.197931, 52.082463], [5.196465, 52.084059], [5.193696, 52.085189], [5.189879, 52.086052], [5.188752, 52.088116], [5.19421, 52.088531], [5.196907, 52.088575], [5.199802, 52.088337], [5.202765, 52.087653], [5.204742, 52.086886], [5.203238, 52.084574], [5.205142, 52.083347], [5.205254, 52.080841], [5.203904, 52.07931]]], [[[5.30853, 52.112581], [5.310727, 52.112424], [5.313275, 52.11278], [5.315712, 52.113342], [5.316903, 52.113662], [5.317982, 52.113869], [5.318856, 52.113859], [5.320326, 52.113973], [5.32176, 52.113964], [5.324553, 52.113782], [5.325725, 52.114012], [5.328144, 52.114276], [5.328981, 52.114402], [5.330506, 52.11485], [5.331175, 52.115124], [5.331357, 52.115243], [5.331547, 52.11517], [5.331864, 52.115182], [5.331473, 52.114896], [5.331083, 52.11469], [5.330209, 52.114358], [5.328926, 52.113957], [5.325559, 52.113497], [5.323715, 52.11345], [5.32139, 52.113438], [5.319471, 52.113481], [5.317463, 52.113172], [5.316068, 52.112793], [5.314487, 52.112449], [5.313035, 52.112174], [5.31151, 52.112002], [5.309891, 52.111955], [5.308496, 52.111999], [5.305907, 52.112202], [5.303914, 52.11244], [5.302816, 52.112622], [5.301662, 52.112552], [5.300284, 52.11278], [5.299037, 52.112619], [5.297046, 52.112697], [5.295742, 52.112833], [5.29524, 52.11282], [5.294849, 52.112774], [5.293696, 52.112328], [5.291207, 52.111138], [5.28946, 52.110369], [5.288271, 52.109946], [5.285167, 52.108732], [5.284051, 52.108399], [5.283495, 52.107701], [5.283664, 52.107439], [5.284392, 52.107177], [5.285806, 52.106904], [5.28737, 52.106665], [5.289623, 52.106565], [5.291242, 52.106567], [5.292675, 52.106762], [5.295241, 52.107428], [5.296876, 52.107943], [5.298401, 52.108379], [5.300112, 52.108712], [5.301526, 52.108861], [5.306495, 52.109038], [5.308933, 52.109074], [5.311947, 52.109328], [5.312914, 52.109488], [5.31571, 52.11038], [5.315845, 52.110494], [5.316336, 52.110668], [5.317246, 52.110829], [5.318668, 52.110997], [5.319796, 52.111048], [5.321173, 52.111163], [5.321936, 52.111118], [5.322438, 52.111153], [5.322551, 52.110993], [5.322439, 52.110799], [5.32203, 52.110638], [5.320784, 52.110501], [5.319184, 52.110408], [5.317434, 52.1102], [5.315669, 52.109731], [5.315203, 52.109582], [5.314814, 52.109365], [5.313865, 52.109078], [5.312675, 52.108803], [5.310331, 52.10855], [5.307687, 52.108524], [5.302057, 52.108244], [5.300802, 52.108095], [5.299203, 52.107968], [5.298552, 52.107842], [5.29792, 52.107555], [5.294202, 52.106341], [5.292649, 52.106033], [5.29105, 52.105814], [5.288258, 52.105754], [5.286749, 52.105947], [5.284218, 52.106184], [5.28298, 52.106478], [5.281845, 52.106408], [5.277377, 52.104086], [5.275667, 52.103422], [5.274441, 52.102986], [5.27314, 52.102608], [5.272043, 52.102343], [5.268753, 52.101677], [5.267786, 52.101424], [5.266726, 52.101366], [5.266018, 52.101285], [5.265832, 52.101192], [5.264123, 52.102158], [5.263928, 52.102221], [5.266275, 52.102405], [5.268003, 52.102715], [5.270533, 52.103095], [5.272596, 52.103532], [5.2744, 52.104014], [5.275237, 52.104312], [5.277428, 52.105343], [5.279313, 52.10676], [5.280128, 52.107537], [5.280571, 52.108532], [5.281827, 52.110568], [5.282551, 52.111333], [5.283015, 52.11162], [5.283571, 52.112077], [5.283578, 52.112294], [5.284471, 52.112538], [5.284446, 52.112216], [5.284076, 52.111621], [5.283484, 52.110889], [5.282908, 52.110385], [5.282223, 52.109608], [5.281964, 52.109105], [5.281705, 52.108808], [5.281744, 52.108442], [5.282171, 52.108328], [5.282879, 52.108603], [5.284736, 52.109565], [5.285459, 52.109977], [5.286669, 52.110367], [5.286669, 52.110173], [5.288653, 52.110803], [5.288633, 52.110841], [5.289718, 52.111089], [5.29126, 52.112398], [5.297017, 52.114954], [5.299376, 52.11536], [5.300217, 52.115471], [5.298081, 52.114698], [5.297134, 52.114125], [5.296985, 52.113817], [5.297192, 52.113588], [5.298402, 52.11336], [5.299611, 52.113316], [5.302032, 52.113433], [5.303278, 52.113411], [5.30445, 52.113549], [5.306348, 52.113722], [5.307818, 52.113975], [5.310961, 52.114846], [5.311371, 52.114846], [5.31152, 52.114584], [5.311019, 52.114378], [5.310275, 52.113977], [5.308806, 52.113667], [5.308005, 52.11353], [5.307355, 52.113266], [5.307114, 52.112934], [5.307264, 52.112763], [5.30853, 52.112581]]], [[[5.223148, 52.123495], [5.22168, 52.123767], [5.220043, 52.124244], [5.219439, 52.12446], [5.218204, 52.125046], [5.217504, 52.125452], [5.217477, 52.125544], [5.216736, 52.126525], [5.216769, 52.126536], [5.216478, 52.128172], [5.216406, 52.128263], [5.216456, 52.128328], [5.216594, 52.128863], [5.216569, 52.129118], [5.216711, 52.129622], [5.216623, 52.12977], [5.216762, 52.130406], [5.216717, 52.130556], [5.216924, 52.131424], [5.21712, 52.131295], [5.217758, 52.131284], [5.217993, 52.131162], [5.218246, 52.131081], [5.218593, 52.131204], [5.218696, 52.131321], [5.218679, 52.131454], [5.218468, 52.131622], [5.218094, 52.131769], [5.217165, 52.131951], [5.217439, 52.132182], [5.218724, 52.132528], [5.219022, 52.132568], [5.219083, 52.132626], [5.219212, 52.132634], [5.219815, 52.13281], [5.220642, 52.1327], [5.221809, 52.132618], [5.224683, 52.132257], [5.224773, 52.132271], [5.227611, 52.132059], [5.22866, 52.131513], [5.228943, 52.131321], [5.229105, 52.131043], [5.229224, 52.130609], [5.229297, 52.129479], [5.229358, 52.129417], [5.229436, 52.129134], [5.229362, 52.128795], [5.229439, 52.128721], [5.229509, 52.128546], [5.229892, 52.12281], [5.223148, 52.123495]]], [[[5.118306, 52.13267], [5.117393, 52.132987], [5.116689, 52.132474], [5.115156, 52.131454], [5.114061, 52.131765], [5.113836, 52.131785], [5.113636, 52.131748], [5.113387, 52.131578], [5.112599, 52.130768], [5.112136, 52.130364], [5.111967, 52.130268], [5.111839, 52.130235], [5.111477, 52.13028], [5.111207, 52.130434], [5.111094, 52.130599], [5.111155, 52.130727], [5.111526, 52.130947], [5.111541, 52.131038], [5.111338, 52.131225], [5.110774, 52.13151], [5.110633, 52.131669], [5.11058, 52.131845], [5.110587, 52.132385], [5.110447, 52.132829], [5.110261, 52.132959], [5.109732, 52.133178], [5.116861, 52.139512], [5.11729, 52.139875], [5.117651, 52.140025], [5.1178, 52.140181], [5.118216, 52.140124], [5.117258, 52.139227], [5.118122, 52.138889], [5.117982, 52.138776], [5.11879, 52.138454], [5.119496, 52.139066], [5.120053, 52.139047], [5.120412, 52.139085], [5.120727, 52.139197], [5.12123, 52.139469], [5.121414, 52.139527], [5.12204, 52.139526], [5.12198, 52.139431], [5.122212, 52.139392], [5.122018, 52.139074], [5.122518, 52.138861], [5.121968, 52.138281], [5.122528, 52.138007], [5.120036, 52.135666], [5.121202, 52.135412], [5.118306, 52.13267]]], [[[5.301759, 52.137796], [5.302371, 52.138609], [5.303056, 52.139626], [5.303522, 52.139695], [5.303023, 52.138746], [5.302411, 52.137843], [5.301594, 52.1371], [5.300425, 52.135807], [5.299701, 52.135144], [5.298322, 52.133116], [5.297884, 52.133224], [5.299106, 52.135143], [5.299514, 52.135623], [5.301759, 52.137796]]], [[[5.106092, 52.149715], [5.103969, 52.148031], [5.104501, 52.147782], [5.104476, 52.14776], [5.106949, 52.146699], [5.101366, 52.142058], [5.101173, 52.142611], [5.099891, 52.143138], [5.099205, 52.142611], [5.098526, 52.142832], [5.099083, 52.143153], [5.097384, 52.14381], [5.097553, 52.143941], [5.096881, 52.144183], [5.096821, 52.144183], [5.094466, 52.145053], [5.093961, 52.144668], [5.093396, 52.144925], [5.093337, 52.144878], [5.09328, 52.144903], [5.092686, 52.144405], [5.089471, 52.145544], [5.088795, 52.145218], [5.084438, 52.147303], [5.084406, 52.147282], [5.08388, 52.14757], [5.082291, 52.148586], [5.081164, 52.147934], [5.078444, 52.148993], [5.073868, 52.145874], [5.072365, 52.145268], [5.066465, 52.148266], [5.076381, 52.153028], [5.075962, 52.153443], [5.075993, 52.153458], [5.07912, 52.154826], [5.083843, 52.156956], [5.084111, 52.15674], [5.085397, 52.157357], [5.086564, 52.156688], [5.087065, 52.156883], [5.087391, 52.156658], [5.088906, 52.157354], [5.089092, 52.156982], [5.087698, 52.15634], [5.087705, 52.156137], [5.087604, 52.156092], [5.092888, 52.153064], [5.097542, 52.156089], [5.107361, 52.152139], [5.107481, 52.152227], [5.108593, 52.15175], [5.107473, 52.150931], [5.106092, 52.149715]]], [[[5.290228, 52.147698], [5.288329, 52.147373], [5.28744, 52.147347], [5.287075, 52.148142], [5.286992, 52.148764], [5.286545, 52.149833], [5.285534, 52.150229], [5.284726, 52.150303], [5.284644, 52.150651], [5.286134, 52.15294], [5.286375, 52.15386], [5.287385, 52.153736], [5.288314, 52.15406], [5.289807, 52.155504], [5.29126, 52.156325], [5.294492, 52.156974], [5.295139, 52.156875], [5.296838, 52.156379], [5.297767, 52.15638], [5.298172, 52.156082], [5.298497, 52.155535], [5.298376, 52.155137], [5.298781, 52.154864], [5.299306, 52.154815], [5.299872, 52.154716], [5.300115, 52.154418], [5.300602, 52.153598], [5.300563, 52.153076], [5.30024, 52.152578], [5.299029, 52.15203], [5.295962, 52.149641], [5.294671, 52.148745], [5.293945, 52.147924], [5.29342, 52.147626], [5.290228, 52.147698]]], [[[5.115144, 52.156874], [5.113071, 52.157631], [5.112815, 52.157541], [5.112146, 52.157895], [5.112426, 52.158145], [5.111831, 52.158262], [5.11075, 52.157445], [5.110088, 52.157663], [5.110373, 52.157849], [5.108142, 52.159088], [5.108249, 52.159259], [5.108234, 52.159397], [5.106186, 52.160144], [5.108301, 52.16163], [5.108213, 52.161734], [5.10891, 52.162214], [5.109196, 52.162529], [5.109343, 52.162786], [5.109455, 52.162829], [5.110247, 52.162974], [5.110435, 52.163041], [5.110579, 52.163136], [5.110885, 52.1635], [5.111015, 52.163943], [5.111186, 52.164151], [5.111345, 52.164224], [5.1115, 52.164197], [5.111605, 52.164135], [5.111676, 52.164002], [5.116846, 52.167634], [5.120463, 52.168013], [5.126945, 52.168537], [5.130794, 52.16785], [5.131476, 52.167295], [5.118114, 52.15714], [5.117946, 52.156746], [5.117676, 52.156279], [5.117536, 52.156122], [5.117315, 52.156003], [5.117024, 52.155964], [5.116815, 52.155999], [5.116692, 52.156108], [5.116686, 52.156311], [5.115878, 52.156606], [5.115564, 52.156121], [5.115132, 52.155759], [5.114979, 52.155921], [5.115115, 52.156096], [5.11482, 52.156311], [5.114902, 52.156643], [5.115144, 52.156874]], [[5.108902, 52.159153], [5.108808, 52.159187], [5.108714, 52.15912], [5.108902, 52.159153]]], [[[5.118509, 52.170102], [5.118749, 52.169818], [5.119128, 52.169544], [5.119586, 52.169309], [5.118093, 52.168203], [5.117558, 52.167921], [5.117128, 52.167918], [5.116859, 52.167968], [5.115752, 52.168341], [5.114789, 52.168397], [5.1146, 52.168436], [5.114415, 52.168499], [5.114232, 52.168634], [5.114757, 52.168885], [5.115861, 52.169604], [5.116446, 52.170006], [5.117068, 52.170509], [5.117348, 52.170647], [5.117726, 52.170765], [5.118094, 52.170498], [5.118399, 52.170392], [5.118509, 52.170102]]], [[[5.094447, 52.173707], [5.09487, 52.172774], [5.092535, 52.172305], [5.092543, 52.172179], [5.094375, 52.172591], [5.094498, 52.172321], [5.094534, 52.171918], [5.094428, 52.171378], [5.094306, 52.171122], [5.094075, 52.170893], [5.093598, 52.17061], [5.093013, 52.170424], [5.09285, 52.170434], [5.092752, 52.170488], [5.092693, 52.170762], [5.09262, 52.170848], [5.092705, 52.169384], [5.094266, 52.166757], [5.094399, 52.166633], [5.086623, 52.164714], [5.086512, 52.16484], [5.0858, 52.164684], [5.080012, 52.173061], [5.089914, 52.174949], [5.089813, 52.175134], [5.0919, 52.175517], [5.091917, 52.175588], [5.095364, 52.176213], [5.095532, 52.175906], [5.094259, 52.175629], [5.094299, 52.175388], [5.095373, 52.175599], [5.095442, 52.175445], [5.094916, 52.175346], [5.094827, 52.175293], [5.094744, 52.175123], [5.093902, 52.174912], [5.094101, 52.174473], [5.094284, 52.174593], [5.094544, 52.174676], [5.094838, 52.174673], [5.095162, 52.17462], [5.095658, 52.174723], [5.095918, 52.174345], [5.095566, 52.174247], [5.095713, 52.173985], [5.094447, 52.173707]]], [[[5.12311, 52.171341], [5.123429, 52.171547], [5.12362, 52.171447], [5.123275, 52.171188], [5.123124, 52.170975], [5.123142, 52.170894], [5.123412, 52.170734], [5.123522, 52.17057], [5.123543, 52.170344], [5.123445, 52.170075], [5.123292, 52.169927], [5.123081, 52.169801], [5.122391, 52.169543], [5.121277, 52.169307], [5.120987, 52.169285], [5.1207, 52.169303], [5.119913, 52.169431], [5.119592, 52.16953], [5.11936, 52.169645], [5.119116, 52.169818], [5.118936, 52.170011], [5.11881, 52.170228], [5.118747, 52.170448], [5.118824, 52.170852], [5.118889, 52.17098], [5.119135, 52.171259], [5.119194, 52.171523], [5.119113, 52.171972], [5.118691, 52.172545], [5.118641, 52.172857], [5.118666, 52.173176], [5.118744, 52.173439], [5.11889, 52.173648], [5.119638, 52.174314], [5.119618, 52.174489], [5.119333, 52.174859], [5.119298, 52.175125], [5.119464, 52.175661], [5.119579, 52.17583], [5.119743, 52.175973], [5.119963, 52.176091], [5.120287, 52.176208], [5.12099, 52.176346], [5.121497, 52.176348], [5.121787, 52.176283], [5.121966, 52.176205], [5.122078, 52.176098], [5.122131, 52.175961], [5.122101, 52.175643], [5.12195, 52.175438], [5.121518, 52.175124], [5.121431, 52.174952], [5.121463, 52.174806], [5.121536, 52.174741], [5.121726, 52.174683], [5.121962, 52.174656], [5.122254, 52.174667], [5.122539, 52.17472], [5.123098, 52.174933], [5.123931, 52.175442], [5.125025, 52.176222], [5.125121, 52.175948], [5.123623, 52.174844], [5.12378, 52.174708], [5.123743, 52.174588], [5.122522, 52.173814], [5.123402, 52.173227], [5.122478, 52.172644], [5.122847, 52.172406], [5.124438, 52.17357], [5.125107, 52.173317], [5.122683, 52.171576], [5.12311, 52.171341]]], [[[5.127502, 52.174837], [5.127057, 52.175112], [5.12748, 52.175362], [5.127228, 52.175532], [5.129419, 52.17714], [5.131214, 52.176097], [5.130113, 52.175287], [5.129652, 52.175525], [5.127605, 52.174059], [5.126936, 52.174417], [5.127502, 52.174837]]], [[[5.122679, 52.178139], [5.121552, 52.177507], [5.121254, 52.177383], [5.120255, 52.177215], [5.119163, 52.177144], [5.118286, 52.17716], [5.117328, 52.177123], [5.117124, 52.177148], [5.116945, 52.177236], [5.116806, 52.177394], [5.116732, 52.177647], [5.1171, 52.178389], [5.117531, 52.178755], [5.117621, 52.178923], [5.117596, 52.179194], [5.117409, 52.179413], [5.119194, 52.179922], [5.122072, 52.180441], [5.122462, 52.180559], [5.123027, 52.180785], [5.123545, 52.180762], [5.123196, 52.180503], [5.122928, 52.180355], [5.122111, 52.180116], [5.122482, 52.179846], [5.120534, 52.179055], [5.119747, 52.179695], [5.118814, 52.179414], [5.118333, 52.179212], [5.118132, 52.179074], [5.11799, 52.178922], [5.117948, 52.178783], [5.117985, 52.178648], [5.118271, 52.178377], [5.118481, 52.178253], [5.118599, 52.178224], [5.118877, 52.178311], [5.119464, 52.178618], [5.119963, 52.178132], [5.124578, 52.18025], [5.125335, 52.179778], [5.122679, 52.178139]]], [[[5.252098, 52.189056], [5.252417, 52.189038], [5.252968, 52.18911], [5.253142, 52.189066], [5.253215, 52.188914], [5.253491, 52.18871], [5.253549, 52.188612], [5.253723, 52.188523], [5.254492, 52.188399], [5.254826, 52.188203], [5.254971, 52.188025], [5.254849, 52.187705], [5.254752, 52.187661], [5.254628, 52.187384], [5.254522, 52.187258], [5.254257, 52.187157], [5.253984, 52.187004], [5.253572, 52.186917], [5.252986, 52.186731], [5.252663, 52.18655], [5.252095, 52.186331], [5.251968, 52.18625], [5.252478, 52.185945], [5.251982, 52.185691], [5.251809, 52.185532], [5.251605, 52.185525], [5.251359, 52.185719], [5.251064, 52.185728], [5.250463, 52.185494], [5.250181, 52.185148], [5.250297, 52.18503], [5.250284, 52.184917], [5.250083, 52.184579], [5.248883, 52.184266], [5.248286, 52.183825], [5.247805, 52.183649], [5.247504, 52.183503], [5.247204, 52.183426], [5.247138, 52.183363], [5.247581, 52.183221], [5.247778, 52.183088], [5.247827, 52.182913], [5.24774, 52.182624], [5.247637, 52.182463], [5.247379, 52.182251], [5.246772, 52.181968], [5.246583, 52.18191], [5.2463, 52.181906], [5.246143, 52.181862], [5.245868, 52.181753], [5.245633, 52.181596], [5.244823, 52.181287], [5.244625, 52.181113], [5.244642, 52.180848], [5.244411, 52.180746], [5.244362, 52.180617], [5.244284, 52.180553], [5.243782, 52.180515], [5.243629, 52.180416], [5.243342, 52.180324], [5.242675, 52.180035], [5.24251, 52.180069], [5.242316, 52.180177], [5.242156, 52.18018], [5.241438, 52.180044], [5.24107, 52.179907], [5.240822, 52.179724], [5.240678, 52.179693], [5.239253, 52.179681], [5.238752, 52.179609], [5.238609, 52.179633], [5.238487, 52.179724], [5.238288, 52.179734], [5.238161, 52.179901], [5.238105, 52.180101], [5.237983, 52.180182], [5.237873, 52.180131], [5.237532, 52.179859], [5.237416, 52.179859], [5.237195, 52.179937], [5.237117, 52.180051], [5.237178, 52.180885], [5.237105, 52.181444], [5.238116, 52.182162], [5.238538, 52.182275], [5.238228, 52.182465], [5.238166, 52.18269], [5.238288, 52.182953], [5.238858, 52.183129], [5.238775, 52.18348], [5.238028, 52.184695], [5.237955, 52.184975], [5.238082, 52.185068], [5.238313, 52.185147], [5.238425, 52.185294], [5.238515, 52.185661], [5.238696, 52.185819], [5.239003, 52.186238], [5.239258, 52.186297], [5.239576, 52.186683], [5.240299, 52.187044], [5.240787, 52.187444], [5.240904, 52.187601], [5.241254, 52.187745], [5.241414, 52.187902], [5.241691, 52.187965], [5.241711, 52.188021], [5.241998, 52.188086], [5.242147, 52.188276], [5.242221, 52.188473], [5.242209, 52.188675], [5.242517, 52.189049], [5.242835, 52.189311], [5.243101, 52.189278], [5.243401, 52.189485], [5.243585, 52.189555], [5.243613, 52.189686], [5.244166, 52.189791], [5.244353, 52.189879], [5.244374, 52.190036], [5.24448, 52.190095], [5.244725, 52.190109], [5.245438, 52.190378], [5.245799, 52.190594], [5.246352, 52.190804], [5.246362, 52.191013], [5.247413, 52.191081], [5.247768, 52.191073], [5.247868, 52.190977], [5.247826, 52.190759], [5.247897, 52.190611], [5.248167, 52.19062], [5.248394, 52.190769], [5.248706, 52.19076], [5.248904, 52.191109], [5.249244, 52.191145], [5.2493, 52.191415], [5.249758, 52.191626], [5.249939, 52.19139], [5.250758, 52.191433], [5.25112, 52.191567], [5.251308, 52.191504], [5.25145, 52.190952], [5.251429, 52.190788], [5.25161, 52.190743], [5.252069, 52.190534], [5.252272, 52.19022], [5.252389, 52.190103], [5.252517, 52.190057], [5.252528, 52.189861], [5.252361, 52.189661], [5.251706, 52.189269], [5.251634, 52.189153], [5.251823, 52.189091], [5.252098, 52.189056]]], [[[5.251201, 52.195516], [5.250352, 52.195159], [5.24832, 52.195175], [5.247978, 52.194669], [5.247227, 52.193698], [5.244075, 52.191045], [5.239285, 52.189863], [5.236872, 52.18859], [5.23688, 52.186229], [5.2346, 52.184258], [5.230486, 52.18369], [5.232015, 52.183194], [5.230495, 52.181161], [5.23041, 52.179136], [5.226463, 52.179233], [5.223944, 52.178692], [5.219574, 52.178021], [5.218953, 52.179096], [5.217147, 52.180421], [5.215037, 52.180735], [5.214521, 52.181018], [5.215086, 52.181241], [5.216526, 52.181464], [5.21678, 52.182318], [5.218011, 52.183269], [5.219396, 52.18422], [5.222685, 52.185426], [5.223764, 52.185775], [5.223816, 52.186118], [5.223302, 52.186315], [5.223393, 52.186608], [5.223777, 52.186788], [5.223538, 52.187002], [5.223363, 52.187272], [5.22327, 52.187598], [5.223544, 52.187762], [5.223671, 52.188057], [5.222876, 52.188556], [5.221987, 52.188424], [5.221099, 52.188627], [5.219594, 52.188576], [5.218892, 52.188706], [5.217626, 52.189688], [5.216211, 52.19014], [5.213094, 52.190788], [5.212576, 52.19161], [5.21355, 52.192687], [5.215811, 52.19348], [5.215138, 52.194555], [5.212305, 52.195057], [5.211222, 52.195877], [5.211058, 52.198217], [5.213786, 52.2004], [5.217079, 52.200531], [5.218175, 52.201241], [5.221869, 52.204291], [5.224408, 52.20421], [5.226806, 52.205352], [5.231886, 52.205232], [5.23422, 52.205024], [5.235721, 52.205272], [5.237227, 52.205172], [5.239849, 52.204483], [5.242664, 52.204107], [5.245271, 52.204617], [5.248567, 52.203946], [5.249807, 52.202429], [5.251788, 52.202004], [5.253244, 52.200704], [5.254071, 52.199272], [5.255036, 52.19805], [5.252364, 52.196698], [5.251061, 52.196275], [5.251201, 52.195516]]], [[[5.270004, 52.199762], [5.269298, 52.200256], [5.26904, 52.201275], [5.268184, 52.201297], [5.267537, 52.201387], [5.266842, 52.200909], [5.26372, 52.20063], [5.259627, 52.200834], [5.258637, 52.201068], [5.257435, 52.201769], [5.257089, 52.202402], [5.258151, 52.203637], [5.258512, 52.204684], [5.259094, 52.207037], [5.259875, 52.206657], [5.260219, 52.206386], [5.262911, 52.209072], [5.261831, 52.209252], [5.260211, 52.20919], [5.259861, 52.211542], [5.261528, 52.212177], [5.261669, 52.214288], [5.261274, 52.215192], [5.26137, 52.216007], [5.261615, 52.216278], [5.262793, 52.216159], [5.264413, 52.216311], [5.274529, 52.20328], [5.27736, 52.204499], [5.277987, 52.204048], [5.278099, 52.20355], [5.277698, 52.201944], [5.277553, 52.200971], [5.278233, 52.200598], [5.27864, 52.200283], [5.278394, 52.199912], [5.277808, 52.199618], [5.277503, 52.198989], [5.276633, 52.19823], [5.275527, 52.198066], [5.274131, 52.198107], [5.273492, 52.198408], [5.271536, 52.198866], [5.270004, 52.199762]]], [[[5.272506, 52.235576], [5.269051, 52.23421], [5.268219, 52.234874], [5.274998, 52.237719], [5.275826, 52.238331], [5.27635, 52.239198], [5.276431, 52.239622], [5.276023, 52.240198], [5.276429, 52.241464], [5.277185, 52.242071], [5.278101, 52.242702], [5.278287, 52.24317], [5.279468, 52.243601], [5.280091, 52.244131], [5.280825, 52.244463], [5.281125, 52.244921], [5.282876, 52.245058], [5.284469, 52.245709], [5.286186, 52.246122], [5.286561, 52.246378], [5.287567, 52.246527], [5.287861, 52.246758], [5.288492, 52.246915], [5.288974, 52.246892], [5.290114, 52.247394], [5.290248, 52.247682], [5.290663, 52.247847], [5.291105, 52.248137], [5.291491, 52.248531], [5.292665, 52.248512], [5.293494, 52.248463], [5.292578, 52.248011], [5.292053, 52.2476], [5.289849, 52.246491], [5.287653, 52.246065], [5.286466, 52.245792], [5.285984, 52.245569], [5.282244, 52.244279], [5.281712, 52.243797], [5.281028, 52.243623], [5.280231, 52.2432], [5.279189, 52.242922], [5.279004, 52.242225], [5.27857, 52.241843], [5.278073, 52.241585], [5.277638, 52.24126], [5.27738, 52.240306], [5.277611, 52.239287], [5.277249, 52.238354], [5.276572, 52.237675], [5.272506, 52.235576]]], [[[5.28215, 52.261134], [5.283565, 52.263091], [5.284486, 52.264226], [5.285856, 52.266176], [5.28698, 52.267352], [5.2877, 52.267753], [5.288194, 52.268279], [5.288648, 52.268452], [5.28949, 52.268435], [5.290031, 52.268361], [5.290061, 52.268029], [5.288141, 52.26683], [5.286882, 52.265852], [5.286433, 52.265151], [5.284965, 52.263251], [5.284996, 52.262993], [5.284187, 52.261979], [5.2832, 52.260153], [5.282961, 52.259416], [5.282723, 52.258531], [5.282935, 52.257794], [5.282997, 52.257051], [5.283509, 52.256351], [5.284291, 52.25591], [5.285734, 52.255247], [5.28838, 52.254107], [5.289522, 52.253776], [5.291714, 52.25363], [5.292676, 52.253428], [5.29244, 52.253263], [5.291156, 52.253304], [5.290188, 52.253192], [5.289264, 52.253288], [5.286131, 52.253921], [5.28532, 52.25417], [5.283754, 52.254471], [5.281861, 52.254783], [5.28138, 52.254912], [5.281218, 52.255355], [5.280946, 52.255797], [5.280763, 52.256916], [5.280715, 52.25823], [5.281297, 52.260041], [5.28215, 52.261134]]], [[[5.327654, 51.960006], [5.329676, 51.960245], [5.330783, 51.960246], [5.332515, 51.960484], [5.334472, 51.961058], [5.334725, 51.96048], [5.33266, 51.95992], [5.328184, 51.959739], [5.324434, 51.959428], [5.32396, 51.959863], [5.32467, 51.959797], [5.325777, 51.959916], [5.327654, 51.960006]]], [[[5.31351, 51.961847], [5.312928, 51.962], [5.312729, 51.962091], [5.312641, 51.962222], [5.312663, 51.962468], [5.312929, 51.962832], [5.313316, 51.963119], [5.313757, 51.963217], [5.313981, 51.963173], [5.31439, 51.962958], [5.314619, 51.962685], [5.314723, 51.962449], [5.314756, 51.962288], [5.314679, 51.962172], [5.314382, 51.961965], [5.314098, 51.961866], [5.31351, 51.961847]]], [[[5.325495, 51.992086], [5.322853, 51.993319], [5.322452, 51.993813], [5.321172, 51.994256], [5.318851, 51.994848], [5.31789, 51.995242], [5.31853, 51.995687], [5.316209, 51.996426], [5.314608, 51.997018], [5.312285, 51.998498], [5.311884, 51.999041], [5.313163, 51.999733], [5.314765, 51.998598], [5.317167, 51.997414], [5.319969, 51.996478], [5.321409, 51.996133], [5.32341, 51.995788], [5.32477, 51.995147], [5.326212, 51.994061], [5.327813, 51.993075], [5.329415, 51.991841], [5.330215, 51.991693], [5.331895, 51.991645], [5.337256, 51.989672], [5.342938, 51.987057], [5.347338, 51.985725], [5.349658, 51.984787], [5.351419, 51.98385], [5.353259, 51.982615], [5.35358, 51.981875], [5.35358, 51.980739], [5.353661, 51.980295], [5.353182, 51.979159], [5.352223, 51.977973], [5.351264, 51.977183], [5.350545, 51.976392], [5.350146, 51.975503], [5.349828, 51.97338], [5.347669, 51.973577], [5.348946, 51.976096], [5.349265, 51.977133], [5.350623, 51.979306], [5.35062, 51.982269], [5.34958, 51.983059], [5.34566, 51.984687], [5.34358, 51.985032], [5.34006, 51.985475], [5.337581, 51.985573], [5.335821, 51.985918], [5.33438, 51.986362], [5.330139, 51.988582], [5.327737, 51.99026], [5.325495, 51.992086]]], [[[5.368973, 52.00551], [5.36704, 52.00556], [5.363365, 52.005593], [5.359744, 52.00571], [5.356832, 52.005911], [5.35514, 52.006285], [5.355397, 52.006922], [5.357153, 52.007499], [5.362285, 52.00829], [5.365334, 52.008318], [5.366753, 52.008478], [5.369088, 52.009289], [5.371507, 52.009469], [5.376734, 52.010604], [5.381332, 52.011232], [5.383074, 52.012038], [5.38432, 52.012532], [5.384732, 52.013041], [5.385875, 52.012834], [5.387284, 52.012091], [5.387896, 52.012066], [5.390449, 52.01291], [5.391388, 52.013023], [5.392715, 52.013389], [5.393267, 52.013111], [5.393777, 52.012507], [5.394553, 52.012028], [5.394757, 52.01175], [5.394524, 52.011451], [5.391612, 52.009886], [5.39002, 52.008235], [5.38855, 52.007353], [5.387774, 52.00729], [5.386977, 52.007303], [5.386079, 52.007265], [5.384793, 52.007454], [5.383874, 52.007807], [5.382482, 52.007175], [5.380223, 52.006889], [5.37793, 52.006235], [5.373709, 52.006233], [5.371232, 52.005789], [5.368973, 52.00551]]], [[[5.394495, 52.024294], [5.394042, 52.024488], [5.395827, 52.025394], [5.397904, 52.026202], [5.39854, 52.026576], [5.399728, 52.027154], [5.400119, 52.027442], [5.400399, 52.027767], [5.401011, 52.028629], [5.401305, 52.028561], [5.401268, 52.028266], [5.401305, 52.027993], [5.401083, 52.027719], [5.401079, 52.027648], [5.401514, 52.027489], [5.402152, 52.027448], [5.402631, 52.027289], [5.403221, 52.027266], [5.4037, 52.027129], [5.403699, 52.026879], [5.403478, 52.02672], [5.402115, 52.026834], [5.401489, 52.026948], [5.400883, 52.026898], [5.400271, 52.026627], [5.39963, 52.026173], [5.39709, 52.02509], [5.395908, 52.024307], [5.395512, 52.023927], [5.395244, 52.024094], [5.394495, 52.024294]]], [[[5.401648, 52.035265], [5.401846, 52.034266], [5.401497, 52.034045], [5.401222, 52.034097], [5.400996, 52.034355], [5.400695, 52.03459], [5.400566, 52.034902], [5.399968, 52.034836], [5.398332, 52.034245], [5.396422, 52.03341], [5.395729, 52.033049], [5.394189, 52.032194], [5.392587, 52.031249], [5.391245, 52.030286], [5.390537, 52.029662], [5.390216, 52.029528], [5.389185, 52.029778], [5.388411, 52.030051], [5.390267, 52.031292], [5.390288, 52.031919], [5.390141, 52.032529], [5.389916, 52.033106], [5.389553, 52.033784], [5.389227, 52.034574], [5.388964, 52.035216], [5.388853, 52.035671], [5.388817, 52.035943], [5.388853, 52.036352], [5.389332, 52.036648], [5.389885, 52.036716], [5.390254, 52.036534], [5.390475, 52.036057], [5.390659, 52.035875], [5.39088, 52.035557], [5.391027, 52.03483], [5.390954, 52.034375], [5.391285, 52.033443], [5.391307, 52.03305], [5.391475, 52.032477], [5.391448, 52.032235], [5.391596, 52.03205], [5.392039, 52.031993], [5.393344, 52.032648], [5.393887, 52.033012], [5.396707, 52.03441], [5.397932, 52.034963], [5.398647, 52.035416], [5.399262, 52.035861], [5.39928, 52.036029], [5.399443, 52.036254], [5.399424, 52.036347], [5.400228, 52.037428], [5.399945, 52.039026], [5.399982, 52.039526], [5.400314, 52.039617], [5.401125, 52.039435], [5.40134, 52.039141], [5.401898, 52.038799], [5.40313, 52.038241], [5.406011, 52.038401], [5.406105, 52.03845], [5.405345, 52.037838], [5.405021, 52.037305], [5.405021, 52.036571], [5.405507, 52.036005], [5.406319, 52.035389], [5.406432, 52.035065], [5.405055, 52.035367], [5.404672, 52.035479], [5.404133, 52.035469], [5.403691, 52.035525], [5.402576, 52.03554], [5.401954, 52.035384], [5.401648, 52.035265]]], [[[5.379913, 52.033927], [5.379276, 52.033256], [5.379075, 52.032961], [5.378895, 52.033043], [5.378236, 52.03291], [5.377959, 52.032653], [5.377729, 52.032309], [5.377433, 52.032316], [5.37763, 52.032483], [5.378156, 52.033156], [5.378696, 52.034092], [5.3807, 52.036411], [5.381115, 52.036813], [5.381672, 52.037097], [5.381925, 52.036977], [5.381772, 52.036626], [5.380828, 52.035185], [5.380343, 52.034568], [5.379913, 52.033927]]], [[[5.36857, 52.033063], [5.368636, 52.033233], [5.368539, 52.033441], [5.368597, 52.033759], [5.368352, 52.034256], [5.367983, 52.03486], [5.367948, 52.035169], [5.367972, 52.035535], [5.368152, 52.035735], [5.368608, 52.03561], [5.368891, 52.035397], [5.368924, 52.035064], [5.369142, 52.034683], [5.36965, 52.034521], [5.369821, 52.034848], [5.369927, 52.035337], [5.370224, 52.035889], [5.370387, 52.036388], [5.370506, 52.037058], [5.37086, 52.037643], [5.370745, 52.037963], [5.371048, 52.03839], [5.371101, 52.03871], [5.37175, 52.039123], [5.372378, 52.039787], [5.373376, 52.040679], [5.373719, 52.040828], [5.374316, 52.040455], [5.37448, 52.040464], [5.374529, 52.040361], [5.374399, 52.040178], [5.37355, 52.03948], [5.372718, 52.038587], [5.372498, 52.038142], [5.37252, 52.037964], [5.372129, 52.037737], [5.371921, 52.037388], [5.37157, 52.036301], [5.371323, 52.035107], [5.371205, 52.033899], [5.371306, 52.03344], [5.371109, 52.033273], [5.370012, 52.033255], [5.369678, 52.033275], [5.36857, 52.033063]]], [[[5.355828, 52.042146], [5.359845, 52.041511], [5.361681, 52.041053], [5.362381, 52.040767], [5.362493, 52.040517], [5.361769, 52.040527], [5.361193, 52.040641], [5.360634, 52.040816], [5.355393, 52.041622], [5.35348, 52.040821], [5.352737, 52.040729], [5.351734, 52.040374], [5.350955, 52.040191], [5.350564, 52.040191], [5.350156, 52.04002], [5.349735, 52.039941], [5.349461, 52.04123], [5.354004, 52.042182], [5.354313, 52.042398], [5.356077, 52.043301], [5.35643, 52.043553], [5.356893, 52.044068], [5.357078, 52.044513], [5.357188, 52.045097], [5.357112, 52.045531], [5.357167, 52.045931], [5.356961, 52.04705], [5.356717, 52.047495], [5.356568, 52.048193], [5.356604, 52.048444], [5.356957, 52.048593], [5.357235, 52.048319], [5.357403, 52.048079], [5.35746, 52.04761], [5.357723, 52.046765], [5.357966, 52.046342], [5.358115, 52.045862], [5.358246, 52.045017], [5.358248, 52.044663], [5.360236, 52.044743], [5.361239, 52.044881], [5.362745, 52.04487], [5.363265, 52.044859], [5.363248, 52.044585], [5.362449, 52.044401], [5.361835, 52.044309], [5.361128, 52.044263], [5.360423, 52.044263], [5.359625, 52.044035], [5.35877, 52.044035], [5.357915, 52.043943], [5.35785, 52.043839], [5.355828, 52.042146]]], [[[5.37489, 52.043481], [5.375316, 52.043961], [5.375798, 52.044784], [5.376132, 52.045173], [5.377617, 52.046453], [5.377282, 52.046475], [5.376965, 52.04643], [5.376521, 52.046178], [5.375758, 52.046018], [5.375516, 52.046052], [5.375646, 52.046269], [5.376018, 52.046555], [5.376426, 52.046807], [5.377057, 52.047069], [5.37767, 52.047276], [5.378246, 52.047527], [5.379007, 52.047779], [5.379797, 52.048587], [5.381501, 52.04776], [5.380606, 52.047379], [5.380328, 52.047185], [5.37927, 52.046671], [5.378787, 52.046339], [5.377785, 52.04547], [5.377506, 52.045093], [5.377489, 52.044453], [5.377639, 52.043847], [5.377492, 52.043413], [5.37712, 52.043517], [5.376989, 52.043847], [5.376912, 52.044199], [5.376431, 52.043893], [5.376023, 52.043561], [5.3753, 52.042841], [5.37517, 52.042556], [5.375003, 52.04242], [5.37478, 52.042598], [5.374631, 52.042807], [5.374723, 52.043127], [5.37489, 52.043481]]], [[[5.34751, 52.048866], [5.346083, 52.048326], [5.345619, 52.048211], [5.344282, 52.048083], [5.343802, 52.047956], [5.343041, 52.047704], [5.342372, 52.047274], [5.34158, 52.047508], [5.342723, 52.048114], [5.343705, 52.048379], [5.344595, 52.048552], [5.345114, 52.048781], [5.346506, 52.049035], [5.347488, 52.049391], [5.348154, 52.049838], [5.348913, 52.05025], [5.349713, 52.050778], [5.350101, 52.050584], [5.350304, 52.050324], [5.349325, 52.049759], [5.348602, 52.049394], [5.34814, 52.049072], [5.34751, 52.048866]]], [[[5.3603, 52.050599], [5.360271, 52.050746], [5.360336, 52.050889], [5.361923, 52.051582], [5.362556, 52.051987], [5.363986, 52.052807], [5.365321, 52.053956], [5.366539, 52.053247], [5.366223, 52.053236], [5.365602, 52.052971], [5.363679, 52.051885], [5.360956, 52.05059], [5.360425, 52.050527], [5.3603, 52.050599]]], [[[5.343497, 52.054979], [5.341998, 52.054165], [5.341307, 52.053839], [5.33955, 52.053269], [5.33803, 52.052729], [5.336232, 52.052223], [5.334155, 52.051762], [5.332448, 52.051336], [5.331949, 52.051096], [5.331468, 52.050764], [5.330651, 52.050338], [5.330566, 52.050441], [5.330415, 52.051138], [5.329977, 52.051596], [5.331962, 52.051861], [5.334189, 52.052323], [5.336617, 52.05307], [5.338361, 52.053484], [5.339585, 52.05384], [5.340695, 52.054303], [5.341696, 52.054884], [5.342734, 52.0554], [5.343215, 52.055709], [5.343458, 52.055918], [5.343825, 52.056007], [5.34434, 52.055855], [5.343884, 52.055425], [5.343497, 52.054979]]], [[[5.336611, 52.057354], [5.3331, 52.057176], [5.326228, 52.057083], [5.326032, 52.057039], [5.325366, 52.058035], [5.332633, 52.057724], [5.336552, 52.057833], [5.336867, 52.057822], [5.339169, 52.058227], [5.34162, 52.058414], [5.344813, 52.058728], [5.34487, 52.058602], [5.344704, 52.05826], [5.340979, 52.057904], [5.339432, 52.057793], [5.336611, 52.057354]]], [[[5.347742, 52.062923], [5.347587, 52.062789], [5.347292, 52.062669], [5.346733, 52.062653], [5.34639, 52.062735], [5.346024, 52.062865], [5.345876, 52.062965], [5.345829, 52.063286], [5.34593, 52.063516], [5.346088, 52.063612], [5.346327, 52.063694], [5.346529, 52.063723], [5.347073, 52.063709], [5.34726, 52.063665], [5.347617, 52.063469], [5.347796, 52.063263], [5.347804, 52.063067], [5.347742, 52.062923]]], [[[5.342084, 52.069171], [5.341215, 52.068472], [5.341104, 52.068254], [5.341329, 52.067912], [5.342295, 52.067914], [5.343483, 52.068053], [5.344004, 52.068054], [5.345063, 52.067987], [5.345454, 52.068], [5.346049, 52.067897], [5.346253, 52.067773], [5.346033, 52.067497], [5.345383, 52.067416], [5.343395, 52.067447], [5.340644, 52.067397], [5.337024, 52.067151], [5.333048, 52.067098], [5.3329, 52.066926], [5.332251, 52.066741], [5.331118, 52.066808], [5.330486, 52.066784], [5.32967, 52.066486], [5.328743, 52.066027], [5.327001, 52.065543], [5.325859, 52.065367], [5.326191, 52.065836], [5.326265, 52.066179], [5.327006, 52.066888], [5.327601, 52.06714], [5.329517, 52.067575], [5.330687, 52.067799], [5.331818, 52.067712], [5.33282, 52.067794], [5.333526, 52.06792], [5.334344, 52.067808], [5.334564, 52.06803], [5.334691, 52.0687], [5.335222, 52.070083], [5.335514, 52.07109], [5.335642, 52.071352], [5.335959, 52.071284], [5.336089, 52.071181], [5.335893, 52.069753], [5.335952, 52.069205], [5.335716, 52.068233], [5.335699, 52.067949], [5.336925, 52.06795], [5.337409, 52.068008], [5.337947, 52.068112], [5.338299, 52.068238], [5.338949, 52.068411], [5.339411, 52.068697], [5.339902, 52.068822], [5.340282, 52.069019], [5.340597, 52.069259], [5.340968, 52.069454], [5.341351, 52.069587], [5.341784, 52.069684], [5.342229, 52.069867], [5.342784, 52.070177], [5.343211, 52.070303], [5.343267, 52.070166], [5.342935, 52.069938], [5.342084, 52.069171]]], [[[5.34502, 52.071304], [5.345392, 52.071396], [5.346023, 52.071464], [5.349784, 52.071648], [5.350207, 52.071592], [5.351046, 52.071662], [5.35201, 52.071685], [5.353368, 52.071811], [5.354204, 52.072005], [5.353611, 52.071126], [5.353426, 52.070657], [5.353427, 52.07036], [5.352812, 52.070588], [5.35244, 52.070782], [5.351082, 52.070942], [5.349148, 52.070963], [5.348497, 52.071008], [5.348144, 52.071008], [5.347847, 52.070974], [5.347196, 52.071008], [5.346601, 52.070996], [5.345951, 52.070824], [5.345243, 52.070904], [5.344723, 52.071064], [5.344789, 52.071202], [5.34502, 52.071304]]], [[[5.329135, 52.0769], [5.328465, 52.076683], [5.327964, 52.07659], [5.32549, 52.07668], [5.325118, 52.076737], [5.324485, 52.076737], [5.324001, 52.076873], [5.323202, 52.07694], [5.322122, 52.077135], [5.321787, 52.077226], [5.320615, 52.077374], [5.32002, 52.077374], [5.319412, 52.077234], [5.31936, 52.077262], [5.319483, 52.077459], [5.319012, 52.077449], [5.318387, 52.077783], [5.320483, 52.078152], [5.321318, 52.078608], [5.323919, 52.079787], [5.324996, 52.080085], [5.326799, 52.080407], [5.32771, 52.080681], [5.328453, 52.080808], [5.329235, 52.080877], [5.329906, 52.081018], [5.329979, 52.080763], [5.329645, 52.080545], [5.32851, 52.080248], [5.325909, 52.079698], [5.32498, 52.079377], [5.324013, 52.079147], [5.32312, 52.079044], [5.322173, 52.078506], [5.321988, 52.078084], [5.321897, 52.077741], [5.322307, 52.077592], [5.323013, 52.07749], [5.324781, 52.077423], [5.32558, 52.077492], [5.326287, 52.077264], [5.326752, 52.077207], [5.328166, 52.077185], [5.328576, 52.077311], [5.328909, 52.077346], [5.3293, 52.077449], [5.330193, 52.077587], [5.330824, 52.077633], [5.331215, 52.077621], [5.33142, 52.077381], [5.331235, 52.077175], [5.330231, 52.077118], [5.329711, 52.076981], [5.329135, 52.0769]]], [[[5.351016, 52.079488], [5.350682, 52.079134], [5.350312, 52.07886], [5.349921, 52.078619], [5.34942, 52.078402], [5.349029, 52.078504], [5.349214, 52.078824], [5.349753, 52.079236], [5.349827, 52.079374], [5.349696, 52.079533], [5.348172, 52.079292], [5.346982, 52.079006], [5.346443, 52.078948], [5.346144, 52.079154], [5.346312, 52.079394], [5.346832, 52.079578], [5.3475, 52.07976], [5.351071, 52.080242], [5.351573, 52.08038], [5.351981, 52.080802], [5.351962, 52.081031], [5.351868, 52.081306], [5.351347, 52.081556], [5.350677, 52.081808], [5.349709, 52.081933], [5.346843, 52.082422], [5.346583, 52.082526], [5.346396, 52.082708], [5.34673, 52.082788], [5.35075, 52.082265], [5.352089, 52.0823], [5.353726, 52.082586], [5.354521, 52.082532], [5.354098, 52.082301], [5.353913, 52.082027], [5.353747, 52.081466], [5.353934, 52.081032], [5.354009, 52.080323], [5.35419, 52.079907], [5.353917, 52.079981], [5.353322, 52.079969], [5.352857, 52.079935], [5.351426, 52.079752], [5.351016, 52.079488]]], [[[5.324131, 52.083208], [5.323351, 52.082933], [5.318711, 52.082104], [5.317735, 52.082504], [5.322883, 52.083619], [5.324928, 52.084191], [5.326044, 52.084318], [5.327364, 52.08457], [5.332515, 52.084825], [5.341481, 52.084819], [5.342709, 52.084717], [5.342896, 52.084511], [5.342226, 52.084339], [5.340349, 52.084259], [5.338376, 52.084326], [5.335959, 52.084188], [5.334863, 52.084177], [5.331413, 52.084219], [5.329429, 52.084066], [5.328275, 52.084059], [5.327757, 52.083972], [5.326397, 52.083814], [5.325543, 52.083655], [5.324316, 52.083323], [5.324131, 52.083208]]], [[[5.34947, 52.088469], [5.349737, 52.088648], [5.350289, 52.088688], [5.355243, 52.088342], [5.357104, 52.088183], [5.357305, 52.087501], [5.355833, 52.087583], [5.355061, 52.087716], [5.353608, 52.08784], [5.352287, 52.087894], [5.349584, 52.088207], [5.34947, 52.088469]]], [[[5.377892, 52.091029], [5.377263, 52.090911], [5.377044, 52.091304], [5.377728, 52.091787], [5.378402, 52.092146], [5.378557, 52.092259], [5.37863, 52.092382], [5.378767, 52.092444], [5.380189, 52.092573], [5.380517, 52.092781], [5.380718, 52.092837], [5.380946, 52.093028], [5.381164, 52.093051], [5.381301, 52.093096], [5.381948, 52.093129], [5.382094, 52.093096], [5.382331, 52.092759], [5.38245, 52.092719], [5.382505, 52.092652], [5.382569, 52.092461], [5.382459, 52.09227], [5.382697, 52.092114], [5.382389, 52.091935], [5.382081, 52.091845], [5.381627, 52.091615], [5.381627, 52.091466], [5.381886, 52.091176], [5.381919, 52.090936], [5.381757, 52.090587], [5.381481, 52.090377], [5.381222, 52.090287], [5.381238, 52.090058], [5.381141, 52.089768], [5.381125, 52.089479], [5.380768, 52.089299], [5.380509, 52.089409], [5.380428, 52.089619], [5.379942, 52.089938], [5.379828, 52.090417], [5.379296, 52.090411], [5.378685, 52.090484], [5.378539, 52.090591], [5.378193, 52.09063], [5.377892, 52.091029]]], [[[5.333133, 52.097255], [5.334007, 52.097268], [5.334881, 52.097336], [5.33622, 52.097634], [5.336816, 52.097669], [5.33689, 52.097532], [5.336816, 52.097349], [5.33637, 52.097143], [5.335478, 52.09696], [5.335013, 52.096822], [5.334455, 52.096776], [5.333767, 52.09665], [5.333171, 52.096616], [5.332389, 52.09666], [5.331441, 52.096557], [5.330902, 52.096579], [5.330213, 52.096682], [5.329711, 52.096693], [5.329097, 52.096567], [5.328167, 52.096463], [5.327386, 52.096063], [5.326765, 52.095682], [5.326175, 52.095545], [5.325216, 52.095476], [5.324773, 52.09534], [5.324367, 52.095339], [5.3219, 52.095053], [5.321213, 52.094996], [5.320599, 52.094996], [5.319667, 52.094938], [5.318887, 52.094936], [5.317919, 52.094845], [5.317064, 52.094901], [5.315092, 52.094774], [5.313418, 52.094807], [5.312691, 52.094715], [5.310962, 52.094599], [5.309512, 52.094255], [5.309253, 52.094106], [5.308917, 52.094014], [5.308713, 52.093832], [5.308322, 52.09366], [5.308118, 52.093477], [5.307784, 52.093328], [5.306707, 52.093018], [5.30639, 52.092846], [5.306056, 52.092732], [5.305536, 52.092628], [5.305406, 52.092308], [5.305202, 52.092092], [5.305875, 52.091566], [5.306358, 52.091315], [5.307272, 52.090962], [5.307551, 52.090791], [5.308334, 52.090655], [5.308855, 52.090518], [5.31079, 52.090188], [5.311386, 52.089868], [5.312336, 52.089743], [5.313191, 52.089722], [5.314067, 52.089506], [5.315183, 52.089426], [5.316095, 52.089313], [5.317322, 52.089337], [5.318736, 52.089292], [5.319778, 52.089292], [5.32069, 52.089328], [5.321936, 52.089523], [5.323232, 52.089635], [5.325482, 52.089772], [5.326145, 52.089977], [5.32633, 52.090068], [5.327289, 52.090228], [5.32751, 52.090364], [5.328948, 52.090774], [5.330202, 52.091229], [5.331345, 52.091434], [5.332304, 52.091707], [5.333203, 52.091759], [5.334077, 52.091999], [5.335211, 52.092366], [5.336327, 52.092572], [5.337536, 52.092608], [5.338151, 52.092585], [5.33895, 52.092677], [5.33962, 52.092825], [5.341404, 52.093307], [5.341812, 52.093593], [5.342556, 52.093913], [5.342947, 52.094005], [5.343337, 52.093913], [5.343207, 52.093582], [5.342669, 52.093273], [5.341183, 52.092598], [5.340607, 52.092403], [5.340105, 52.092335], [5.339397, 52.092163], [5.335306, 52.091852], [5.334507, 52.091634], [5.334022, 52.09136], [5.332424, 52.090947], [5.3312, 52.090558], [5.328396, 52.089842], [5.327364, 52.08941], [5.325955, 52.089252], [5.320897, 52.088894], [5.320561, 52.088916], [5.317083, 52.088731], [5.314404, 52.088889], [5.312505, 52.088967], [5.310123, 52.089262], [5.308522, 52.089523], [5.304538, 52.090799], [5.302118, 52.091209], [5.299291, 52.090886], [5.297673, 52.090462], [5.295895, 52.090084], [5.293936, 52.089841], [5.293279, 52.089664], [5.292874, 52.090653], [5.296852, 52.091192], [5.300068, 52.091995], [5.302559, 52.092386], [5.304436, 52.093028], [5.308115, 52.094459], [5.308746, 52.094849], [5.309713, 52.095203], [5.310792, 52.095376], [5.311814, 52.095628], [5.313153, 52.095731], [5.314363, 52.095722], [5.315535, 52.095665], [5.316392, 52.09546], [5.317328, 52.095371], [5.318253, 52.095336], [5.319574, 52.095406], [5.321955, 52.095773], [5.322939, 52.096037], [5.324389, 52.096323], [5.325822, 52.096553], [5.327236, 52.096908], [5.328593, 52.097297], [5.32967, 52.09771], [5.330636, 52.098202], [5.331696, 52.098614], [5.333127, 52.099106], [5.333646, 52.099918], [5.333682, 52.100774], [5.333754, 52.101198], [5.333939, 52.101586], [5.334217, 52.10178], [5.334404, 52.101758], [5.334702, 52.101587], [5.33474, 52.101335], [5.334685, 52.101072], [5.334741, 52.100866], [5.334687, 52.100398], [5.334354, 52.099804], [5.334224, 52.099461], [5.334765, 52.099256], [5.336904, 52.099394], [5.337872, 52.099578], [5.339785, 52.100413], [5.340232, 52.100677], [5.34064, 52.101099], [5.34088, 52.101431], [5.341131, 52.101891], [5.341584, 52.102505], [5.342143, 52.102882], [5.342905, 52.10302], [5.343055, 52.102746], [5.342813, 52.102448], [5.342441, 52.102152], [5.342052, 52.101717], [5.341812, 52.101351], [5.340865, 52.100242], [5.340383, 52.099887], [5.339788, 52.099511], [5.339118, 52.099201], [5.337668, 52.098766], [5.336906, 52.098731], [5.33525, 52.098536], [5.334431, 52.09857], [5.333948, 52.098432], [5.333092, 52.098272], [5.332424, 52.0981], [5.331642, 52.097814], [5.331327, 52.097574], [5.331272, 52.097437], [5.331589, 52.097289], [5.331997, 52.097277], [5.332575, 52.097198], [5.333133, 52.097255]]], [[[5.315886, 52.103176], [5.315422, 52.102947], [5.31479, 52.102775], [5.312056, 52.102294], [5.311367, 52.102087], [5.310717, 52.102051], [5.309955, 52.10188], [5.308555, 52.101098], [5.308058, 52.100625], [5.307416, 52.100113], [5.30638, 52.099678], [5.305074, 52.099333], [5.303809, 52.099084], [5.301922, 52.099019], [5.299537, 52.098851], [5.298812, 52.098735], [5.295433, 52.09803], [5.294521, 52.097761], [5.293878, 52.09748], [5.293187, 52.097045], [5.292503, 52.0967], [5.29099, 52.096175], [5.289291, 52.095675], [5.288441, 52.095342], [5.286638, 52.094728], [5.28558, 52.095136], [5.284729, 52.095633], [5.285847, 52.09603], [5.287629, 52.096721], [5.291318, 52.098257], [5.292623, 52.098731], [5.295596, 52.099167], [5.30024, 52.099912], [5.301671, 52.100006], [5.302916, 52.100003], [5.304698, 52.100566], [5.30673, 52.101109], [5.307434, 52.101608], [5.30845, 52.101864], [5.309636, 52.102291], [5.309972, 52.102371], [5.310325, 52.10252], [5.312816, 52.103116], [5.315215, 52.103485], [5.315847, 52.103725], [5.316555, 52.103816], [5.318656, 52.103978], [5.319643, 52.104218], [5.32113, 52.104837], [5.323605, 52.105158], [5.325409, 52.105274], [5.326842, 52.105526], [5.328348, 52.105915], [5.329556, 52.106271], [5.330607, 52.106635], [5.332428, 52.107436], [5.333637, 52.107928], [5.333823, 52.107814], [5.333359, 52.107414], [5.332375, 52.106796], [5.33152, 52.106419], [5.330041, 52.105894], [5.328963, 52.105413], [5.326247, 52.104863], [5.325299, 52.104806], [5.322991, 52.104518], [5.32076, 52.10398], [5.320555, 52.103819], [5.320817, 52.103671], [5.322213, 52.103364], [5.323647, 52.103582], [5.324827, 52.103605], [5.325564, 52.103583], [5.327776, 52.103766], [5.327961, 52.103516], [5.32774, 52.103289], [5.327187, 52.103266], [5.326155, 52.103106], [5.324791, 52.103083], [5.323832, 52.103151], [5.322679, 52.102976], [5.320969, 52.103102], [5.318808, 52.103339], [5.317933, 52.103235], [5.317206, 52.103292], [5.316315, 52.103268], [5.315886, 52.103176]]], [[[5.358596, 52.102282], [5.358742, 52.102113], [5.357666, 52.102144], [5.357145, 52.102213], [5.354149, 52.102085], [5.353479, 52.102291], [5.351562, 52.102575], [5.350835, 52.103033], [5.350871, 52.103227], [5.352007, 52.10301], [5.353757, 52.102748], [5.355841, 52.102635], [5.357572, 52.102681], [5.358461, 52.102877], [5.358596, 52.102282]]], [[[5.359166, 52.108733], [5.359052, 52.108337], [5.359257, 52.10788], [5.359422, 52.107806], [5.358132, 52.107665], [5.357385, 52.10755], [5.357052, 52.107447], [5.355657, 52.107127], [5.355304, 52.106977], [5.354468, 52.106531], [5.353836, 52.106371], [5.352887, 52.106303], [5.352607, 52.106383], [5.351194, 52.106016], [5.35056, 52.106085], [5.350356, 52.106415], [5.351024, 52.106725], [5.351749, 52.106919], [5.35254, 52.107069], [5.352532, 52.106953], [5.355526, 52.107607], [5.358457, 52.108463], [5.358448, 52.108622], [5.359166, 52.108733]]], [[[5.373743, 52.110569], [5.371287, 52.110598], [5.371059, 52.110705], [5.370787, 52.110947], [5.371637, 52.112889], [5.370457, 52.112936], [5.370561, 52.113543], [5.370509, 52.114349], [5.370547, 52.114851], [5.370677, 52.115657], [5.370508, 52.115697], [5.369899, 52.115657], [5.369925, 52.115872], [5.369834, 52.116447], [5.369834, 52.116814], [5.369704, 52.117045], [5.369526, 52.117642], [5.376772, 52.118475], [5.376948, 52.11831], [5.37652, 52.118105], [5.375987, 52.11795], [5.376092, 52.117804], [5.377089, 52.117598], [5.377281, 52.11748], [5.377417, 52.117305], [5.377372, 52.117166], [5.376758, 52.116907], [5.376728, 52.116711], [5.376535, 52.116386], [5.376323, 52.115863], [5.376119, 52.115643], [5.376104, 52.114899], [5.376253, 52.114599], [5.376637, 52.114099], [5.377615, 52.114007], [5.37815, 52.112847], [5.377911, 52.112679], [5.3771, 52.112259], [5.377454, 52.112001], [5.377561, 52.111666], [5.377549, 52.110855], [5.377391, 52.11072], [5.37611, 52.110261], [5.375817, 52.110246], [5.374747, 52.110264], [5.374243, 52.110366], [5.373743, 52.110569]]], [[[5.350296, 52.114457], [5.349051, 52.114332], [5.346932, 52.113785], [5.34617, 52.11351], [5.345667, 52.113544], [5.345983, 52.113978], [5.347415, 52.114356], [5.347694, 52.114608], [5.347228, 52.114768], [5.346651, 52.114847], [5.34546, 52.11479], [5.343264, 52.11424], [5.341069, 52.113587], [5.340754, 52.113324], [5.340663, 52.112856], [5.341093, 52.111599], [5.340778, 52.111382], [5.34048, 52.11137], [5.3402, 52.111644], [5.340051, 52.112055], [5.339974, 52.112615], [5.339751, 52.112821], [5.339193, 52.112615], [5.338747, 52.112341], [5.338449, 52.111895], [5.337818, 52.111539], [5.33776, 52.111974], [5.337928, 52.112283], [5.338448, 52.112615], [5.338725, 52.113003], [5.339061, 52.113335], [5.34038, 52.113861], [5.340975, 52.114204], [5.341571, 52.114456], [5.341775, 52.11473], [5.341718, 52.114993], [5.341307, 52.115084], [5.338199, 52.115013], [5.337176, 52.115081], [5.33658, 52.115207], [5.336393, 52.115355], [5.336503, 52.115721], [5.337471, 52.115653], [5.338403, 52.115437], [5.341511, 52.115678], [5.342219, 52.115622], [5.342722, 52.115542], [5.343038, 52.11553], [5.343168, 52.115702], [5.343204, 52.115839], [5.34281, 52.117176], [5.34221, 52.118684], [5.342901, 52.118238], [5.343255, 52.117862], [5.344004, 52.116377], [5.344266, 52.116114], [5.344564, 52.115909], [5.345011, 52.115669], [5.345606, 52.115464], [5.346277, 52.115452], [5.347096, 52.115487], [5.348394, 52.115626], [5.348883, 52.115443], [5.351508, 52.115501], [5.352848, 52.115661], [5.353722, 52.115822], [5.354128, 52.115944], [5.35391, 52.115182], [5.35391, 52.114805], [5.354042, 52.114405], [5.354214, 52.114252], [5.353203, 52.114417], [5.352273, 52.114484], [5.351546, 52.114519], [5.350296, 52.114457]]], [[[5.372169, 52.120534], [5.372859, 52.120347], [5.372986, 52.120259], [5.373372, 52.120221], [5.373521, 52.12012], [5.373499, 52.120018], [5.373295, 52.119844], [5.373035, 52.119743], [5.372914, 52.119743], [5.372589, 52.119909], [5.372522, 52.119889], [5.372456, 52.119793], [5.371662, 52.119787], [5.371612, 52.119844], [5.371568, 52.12033], [5.371595, 52.120439], [5.372169, 52.120534]]], [[[5.342888, 52.119858], [5.342999, 52.120156], [5.343427, 52.120327], [5.34404, 52.120636], [5.343667, 52.121047], [5.343518, 52.121321], [5.343684, 52.12147], [5.344169, 52.121459], [5.344969, 52.121185], [5.345863, 52.120957], [5.345752, 52.121106], [5.346535, 52.120844], [5.34741, 52.120798], [5.348396, 52.120947], [5.353425, 52.12116], [5.353507, 52.120547], [5.352324, 52.120538], [5.348974, 52.120433], [5.347038, 52.120318], [5.346114, 52.120119], [5.345811, 52.120088], [5.345178, 52.1201], [5.344735, 52.119948], [5.344503, 52.119812], [5.343391, 52.119768], [5.342888, 52.119858]]], [[[5.378858, 52.121605], [5.379905, 52.121097], [5.379991, 52.120939], [5.38058, 52.120668], [5.380783, 52.120536], [5.380847, 52.120391], [5.380644, 52.119989], [5.380408, 52.119739], [5.380229, 52.119665], [5.380128, 52.119662], [5.37947, 52.119782], [5.379227, 52.119841], [5.379049, 52.119921], [5.378206, 52.119925], [5.378141, 52.119994], [5.377643, 52.120038], [5.377411, 52.120133], [5.377287, 52.120282], [5.377245, 52.120768], [5.377484, 52.121057], [5.377521, 52.121203], [5.37778, 52.121397], [5.37856, 52.121684], [5.378858, 52.121605]]], [[[5.390097, 52.12625], [5.38975, 52.126158], [5.389206, 52.125823], [5.387988, 52.125539], [5.387037, 52.125404], [5.38637, 52.125366], [5.385726, 52.125221], [5.385094, 52.124764], [5.384797, 52.124596], [5.384475, 52.124512], [5.384401, 52.124283], [5.384005, 52.1242], [5.383435, 52.123986], [5.383336, 52.123872], [5.383163, 52.123773], [5.382754, 52.123925], [5.382531, 52.12394], [5.381341, 52.123582], [5.38108, 52.123569], [5.380893, 52.12359], [5.380262, 52.123747], [5.379828, 52.12392], [5.379743, 52.124056], [5.379819, 52.124146], [5.38057, 52.124544], [5.380693, 52.12483], [5.381795, 52.125886], [5.381991, 52.126001], [5.382928, 52.126312], [5.382058, 52.126257], [5.381414, 52.126244], [5.380898, 52.126271], [5.380737, 52.126244], [5.380672, 52.126324], [5.380758, 52.126456], [5.380769, 52.126595], [5.380909, 52.126694], [5.380941, 52.126813], [5.381059, 52.126932], [5.383025, 52.12762], [5.383219, 52.127726], [5.383516, 52.127793], [5.383874, 52.128003], [5.384282, 52.127997], [5.38483, 52.128242], [5.385389, 52.128394], [5.386207, 52.128496], [5.38771, 52.128528], [5.388481, 52.128665], [5.389069, 52.1293], [5.389671, 52.129397], [5.390024, 52.129662], [5.390324, 52.12971], [5.390573, 52.129477], [5.391396, 52.128938], [5.39163, 52.128843], [5.391942, 52.128863], [5.39191, 52.128361], [5.391652, 52.128235], [5.391276, 52.128122], [5.390769, 52.127836], [5.390115, 52.127394], [5.390128, 52.127233], [5.389962, 52.127212], [5.390133, 52.127116], [5.390188, 52.126959], [5.390122, 52.126722], [5.390243, 52.126666], [5.390231, 52.126439], [5.390097, 52.12625]]], [[[5.386673, 52.129185], [5.385433, 52.128539], [5.384313, 52.128125], [5.384022, 52.128312], [5.383696, 52.128343], [5.382987, 52.12857], [5.382364, 52.128849], [5.381284, 52.12927], [5.380462, 52.129677], [5.38134, 52.129806], [5.383968, 52.13002], [5.384809, 52.129543], [5.385726, 52.129095], [5.386293, 52.129485], [5.386673, 52.129185]]], [[[5.343987, 52.125578], [5.343336, 52.125532], [5.343391, 52.125897], [5.343929, 52.126195], [5.344785, 52.126516], [5.345863, 52.127179], [5.34415, 52.127567], [5.342584, 52.128], [5.340424, 52.128467], [5.338932, 52.128649], [5.336834, 52.128812], [5.334595, 52.128886], [5.332601, 52.12909], [5.332005, 52.129227], [5.332154, 52.129399], [5.332692, 52.129547], [5.332935, 52.129948], [5.331666, 52.130449], [5.331683, 52.130872], [5.332354, 52.13093], [5.332819, 52.130758], [5.333958, 52.130097], [5.335672, 52.129732], [5.337478, 52.129482], [5.340141, 52.129381], [5.341166, 52.12937], [5.341296, 52.129621], [5.341257, 52.129999], [5.341368, 52.130181], [5.341311, 52.130478], [5.34157, 52.131119], [5.341936, 52.131782], [5.34168, 52.132239], [5.341623, 52.13249], [5.341418, 52.132592], [5.341192, 52.132834], [5.3419, 52.133267], [5.341524, 52.13394], [5.34175, 52.133975], [5.342252, 52.134261], [5.342644, 52.134136], [5.342909, 52.132606], [5.344377, 52.133382], [5.345698, 52.134023], [5.347092, 52.13479], [5.348784, 52.135624], [5.350143, 52.136071], [5.351055, 52.136311], [5.351819, 52.136483], [5.35221, 52.136403], [5.352136, 52.135991], [5.350889, 52.135454], [5.348712, 52.134744], [5.346219, 52.13375], [5.344434, 52.132732], [5.343319, 52.131896], [5.342781, 52.131188], [5.342672, 52.130262], [5.343065, 52.129051], [5.346793, 52.12799], [5.348879, 52.127478], [5.350183, 52.127341], [5.351858, 52.127262], [5.351617, 52.126999], [5.351172, 52.126325], [5.351227, 52.12588], [5.350558, 52.126154], [5.349026, 52.126379], [5.348811, 52.126447], [5.345996, 52.126105], [5.344823, 52.125909], [5.343987, 52.125578]]], [[[5.321774, 52.134017], [5.321309, 52.133856], [5.321104, 52.133914], [5.320842, 52.134142], [5.320804, 52.134313], [5.320972, 52.134633], [5.321099, 52.13525], [5.321506, 52.136393], [5.321802, 52.136862], [5.321821, 52.136999], [5.321689, 52.137262], [5.32154, 52.137525], [5.321016, 52.138084], [5.320083, 52.138894], [5.319729, 52.139032], [5.319393, 52.139111], [5.319057, 52.13926], [5.318722, 52.139488], [5.318218, 52.139716], [5.31736, 52.140183], [5.316987, 52.140503], [5.316705, 52.140891], [5.316518, 52.141234], [5.316349, 52.141679], [5.316233, 52.143039], [5.316158, 52.143416], [5.316082, 52.14369], [5.315748, 52.144062], [5.317198, 52.144285], [5.318353, 52.14457], [5.317982, 52.144012], [5.317406, 52.14336], [5.317147, 52.142709], [5.317168, 52.141943], [5.318141, 52.14055], [5.319056, 52.140002], [5.320455, 52.139352], [5.320883, 52.139295], [5.321609, 52.138964], [5.32202, 52.138553], [5.32232, 52.138153], [5.322768, 52.137731], [5.322994, 52.137285], [5.323254, 52.137149], [5.324522, 52.136989], [5.325286, 52.136647], [5.325751, 52.13659], [5.326031, 52.136408], [5.326162, 52.136282], [5.326125, 52.136088], [5.325659, 52.136065], [5.325325, 52.13611], [5.324952, 52.136202], [5.324727, 52.136327], [5.324374, 52.136327], [5.323852, 52.136407], [5.323461, 52.136486], [5.323014, 52.136623], [5.322643, 52.136269], [5.322144, 52.134714], [5.321774, 52.134017]]], [[[5.317542, 52.150427], [5.317098, 52.149929], [5.316412, 52.149432], [5.315402, 52.148884], [5.314393, 52.148436], [5.312371, 52.149006], [5.312532, 52.149603], [5.313177, 52.150175], [5.314913, 52.151469], [5.316608, 52.15326], [5.317415, 52.153882], [5.319475, 52.154977], [5.319919, 52.155052], [5.321051, 52.155053], [5.322991, 52.15493], [5.324528, 52.154707], [5.325336, 52.154434], [5.325296, 52.154036], [5.325863, 52.153489], [5.326995, 52.15339], [5.327601, 52.153241], [5.328572, 52.152869], [5.328936, 52.152322], [5.328937, 52.151999], [5.328452, 52.151576], [5.327806, 52.151128], [5.326594, 52.150954], [5.325017, 52.151301], [5.32429, 52.151151], [5.323563, 52.151101], [5.323198, 52.151399], [5.323157, 52.152071], [5.32247, 52.152369], [5.321095, 52.152368], [5.320045, 52.152193], [5.319439, 52.15187], [5.318389, 52.151571], [5.317743, 52.150825], [5.317542, 52.150427]]], [[[5.305953, 52.168734], [5.305771, 52.169766], [5.305499, 52.169607], [5.305497, 52.169651], [5.305409, 52.16965], [5.304355, 52.169068], [5.304281, 52.169025], [5.304339, 52.168994], [5.303439, 52.168478], [5.303086, 52.168134], [5.304306, 52.167713], [5.304318, 52.167735], [5.305498, 52.167359], [5.30577, 52.167248], [5.304354, 52.166352], [5.302911, 52.166772], [5.301834, 52.1672], [5.301195, 52.16678], [5.300331, 52.167292], [5.298933, 52.168281], [5.296889, 52.169583], [5.295848, 52.170926], [5.295465, 52.17173], [5.296244, 52.172107], [5.295182, 52.173015], [5.297465, 52.17406], [5.297513, 52.17403], [5.299552, 52.174944], [5.299696, 52.174873], [5.300522, 52.17531], [5.301285, 52.174929], [5.302149, 52.175384], [5.302779, 52.174892], [5.30392, 52.17545], [5.303806, 52.176037], [5.303993, 52.176369], [5.304283, 52.176634], [5.304487, 52.176788], [5.304596, 52.176802], [5.305694, 52.177333], [5.307724, 52.175887], [5.308506, 52.175298], [5.30887, 52.174962], [5.309145, 52.174599], [5.309463, 52.174042], [5.309257, 52.173909], [5.308699, 52.173786], [5.308304, 52.173637], [5.30556, 52.171694], [5.306373, 52.171303], [5.30632, 52.171241], [5.307395, 52.170881], [5.307161, 52.170846], [5.308295, 52.170272], [5.309026, 52.170795], [5.309851, 52.170429], [5.309631, 52.17005], [5.307891, 52.168643], [5.306922, 52.167971], [5.305953, 52.168734]]], [[[5.306192, 52.277331], [5.306587, 52.277563], [5.3066, 52.277396], [5.306928, 52.277178], [5.307209, 52.276935], [5.307537, 52.276914], [5.307742, 52.276814], [5.307893, 52.276659], [5.308193, 52.27668], [5.308624, 52.276571], [5.308952, 52.276429], [5.310214, 52.275407], [5.310802, 52.274608], [5.311585, 52.274249], [5.312332, 52.27414], [5.313344, 52.27433], [5.314809, 52.274213], [5.315845, 52.274355], [5.316594, 52.274214], [5.317228, 52.273967], [5.31861, 52.273809], [5.320138, 52.273103], [5.320311, 52.272644], [5.323219, 52.272663], [5.323679, 52.273299], [5.325706, 52.273744], [5.325983, 52.274006], [5.327007, 52.273954], [5.327327, 52.273863], [5.328094, 52.274033], [5.329523, 52.27372], [5.329885, 52.273955], [5.330333, 52.273943], [5.330818, 52.274337], [5.332577, 52.274132], [5.33237, 52.273631], [5.333106, 52.273278], [5.333442, 52.272906], [5.334434, 52.272494], [5.335186, 52.271935], [5.335773, 52.271695], [5.336604, 52.271617], [5.33733, 52.271173], [5.337799, 52.27116], [5.338603, 52.27068], [5.3398, 52.270483], [5.339731, 52.270404], [5.339869, 52.270436], [5.340502, 52.270776], [5.340921, 52.270786], [5.344916, 52.269572], [5.345708, 52.269772], [5.347832, 52.269201], [5.347767, 52.26912], [5.347941, 52.269019], [5.348364, 52.268875], [5.348745, 52.268933], [5.348898, 52.268871], [5.349011, 52.268919], [5.349218, 52.268927], [5.349407, 52.268975], [5.350014, 52.268817], [5.349918, 52.26837], [5.348571, 52.267709], [5.345148, 52.266787], [5.342813, 52.265331], [5.340505, 52.263305], [5.338151, 52.261406], [5.337729, 52.261003], [5.337072, 52.260628], [5.336227, 52.259985], [5.335335, 52.259437], [5.334491, 52.258716], [5.333881, 52.258111], [5.333318, 52.25762], [5.33299, 52.257217], [5.332662, 52.25664], [5.331162, 52.25468], [5.330176, 52.253988], [5.329426, 52.253238], [5.328154, 52.252192], [5.326499, 52.251802], [5.324703, 52.251499], [5.323506, 52.251239], [5.322626, 52.250849], [5.321923, 52.250416], [5.321113, 52.249984], [5.319776, 52.249378], [5.319318, 52.249205], [5.318861, 52.248902], [5.318368, 52.24875], [5.318087, 52.248599], [5.317735, 52.248296], [5.317595, 52.247885], [5.316997, 52.247301], [5.316293, 52.246998], [5.314217, 52.246305], [5.313689, 52.245851], [5.313268, 52.245418], [5.313163, 52.244705], [5.313023, 52.244186], [5.313095, 52.243516], [5.313271, 52.243214], [5.313342, 52.242846], [5.313273, 52.242371], [5.313379, 52.241939], [5.313415, 52.241571], [5.313521, 52.241182], [5.313693, 52.240836], [5.313879, 52.240188], [5.314064, 52.239961], [5.314567, 52.239604], [5.315281, 52.238778], [5.315229, 52.23834], [5.315097, 52.238065], [5.314543, 52.23787], [5.314121, 52.237805], [5.313487, 52.237788], [5.312906, 52.237901], [5.312562, 52.238128], [5.312509, 52.238224], [5.312615, 52.238305], [5.312799, 52.238661], [5.312825, 52.238921], [5.31211, 52.240352], [5.311766, 52.240579], [5.311686, 52.240886], [5.311528, 52.241048], [5.311369, 52.241373], [5.308106, 52.242871], [5.308007, 52.243076], [5.308, 52.242983], [5.3066, 52.243216], [5.305623, 52.243632], [5.303115, 52.246079], [5.302051, 52.247797], [5.302304, 52.248917], [5.300492, 52.249364], [5.298481, 52.250763], [5.296101, 52.252637], [5.29576, 52.253678], [5.296012, 52.25459], [5.297806, 52.256892], [5.297543, 52.257811], [5.298387, 52.259251], [5.299489, 52.26197], [5.300356, 52.265023], [5.299958, 52.265573], [5.3003, 52.266319], [5.301042, 52.267167], [5.301557, 52.270805], [5.301876, 52.274042], [5.301482, 52.275801], [5.300894, 52.27636], [5.300503, 52.27656], [5.298417, 52.276998], [5.295353, 52.277355], [5.292681, 52.277433], [5.28851, 52.277749], [5.282122, 52.278583], [5.280491, 52.279221], [5.279447, 52.27986], [5.279356, 52.280375], [5.283721, 52.27988], [5.284027, 52.279887], [5.284255, 52.279831], [5.285789, 52.279632], [5.286154, 52.279688], [5.287054, 52.279615], [5.287284, 52.279511], [5.288301, 52.279412], [5.288692, 52.279327], [5.28926, 52.279293], [5.290823, 52.279026], [5.291595, 52.278963], [5.300431, 52.277978], [5.305562, 52.277301], [5.305893, 52.277282], [5.306192, 52.277331]]], [[[5.456695, 51.986453], [5.456846, 51.985559], [5.456891, 51.984994], [5.456741, 51.984469], [5.456048, 51.984436], [5.455008, 51.984503], [5.453835, 51.984635], [5.452608, 51.984867], [5.450679, 51.985516], [5.44966, 51.985825], [5.447221, 51.986666], [5.445241, 51.987223], [5.44244, 51.98776], [5.441141, 51.98787], [5.439902, 51.98787], [5.438486, 51.987689], [5.435298, 51.987143], [5.433114, 51.986671], [5.431402, 51.986125], [5.427626, 51.986126], [5.426682, 51.987329], [5.426646, 51.988217], [5.427043, 51.98831], [5.427117, 51.988352], [5.427117, 51.988635], [5.427064, 51.988736], [5.427768, 51.98899], [5.428734, 51.98917], [5.430323, 51.989898], [5.433121, 51.990981], [5.435198, 51.991874], [5.436991, 51.992596], [5.43729, 51.992677], [5.441291, 51.993276], [5.442541, 51.993544], [5.442743, 51.993026], [5.443, 51.992817], [5.443162, 51.992557], [5.443551, 51.992257], [5.444086, 51.992066], [5.446773, 51.991757], [5.44789, 51.991755], [5.448498, 51.991869], [5.448991, 51.991998], [5.451491, 51.991856], [5.452257, 51.991949], [5.453014, 51.991895], [5.453197, 51.991923], [5.45348, 51.99203], [5.454703, 51.992209], [5.456574, 51.992383], [5.457031, 51.992375], [5.457923, 51.992235], [5.459113, 51.989736], [5.459055, 51.989599], [5.457748, 51.988714], [5.457297, 51.988014], [5.456695, 51.986453]]], [[[5.482165, 52.00374], [5.481432, 52.00361], [5.48025, 52.003135], [5.479306, 52.002325], [5.478577, 52.001381], [5.477845, 52.001251], [5.477416, 52.001249], [5.476477, 52.001373], [5.477906, 52.00278], [5.478064, 52.003222], [5.478487, 52.00487], [5.47838, 52.005535], [5.478693, 52.005757], [5.478837, 52.005696], [5.478948, 52.005396], [5.479209, 52.005412], [5.47946, 52.005566], [5.479589, 52.006112], [5.479909, 52.006481], [5.480203, 52.006715], [5.480522, 52.006764], [5.48071, 52.006507], [5.480643, 52.006052], [5.479044, 52.004022], [5.478814, 52.003331], [5.478968, 52.003132], [5.479288, 52.003478], [5.479539, 52.00361], [5.481029, 52.003973], [5.482017, 52.004316], [5.483052, 52.004531], [5.484093, 52.005122], [5.485112, 52.005646], [5.48545, 52.005707], [5.486002, 52.005625], [5.485973, 52.00518], [5.485328, 52.004693], [5.484359, 52.004339], [5.483617, 52.004083], [5.482165, 52.00374]]], [[[5.476282, 52.011278], [5.475969, 52.011046], [5.475855, 52.010718], [5.4767, 52.010856], [5.479682, 52.011013], [5.479951, 52.010858], [5.479622, 52.010661], [5.479, 52.010516], [5.478254, 52.010477], [5.47786, 52.010417], [5.478482, 52.010265], [5.479973, 52.010046], [5.480405, 52.00983], [5.480422, 52.009532], [5.480283, 52.009398], [5.480059, 52.009381], [5.479229, 52.009458], [5.478234, 52.009871], [5.477326, 52.009904], [5.476254, 52.01001], [5.475246, 52.00992], [5.47451, 52.009755], [5.473252, 52.00894], [5.472757, 52.008186], [5.471893, 52.007167], [5.470803, 52.005524], [5.469632, 52.004348], [5.469477, 52.00455], [5.468792, 52.005036], [5.468666, 52.005181], [5.468719, 52.005231], [5.468658, 52.005292], [5.469058, 52.005543], [5.470113, 52.00665], [5.471379, 52.008128], [5.471636, 52.00867], [5.471989, 52.008948], [5.472061, 52.009197], [5.472009, 52.010136], [5.471698, 52.010498], [5.471344, 52.010769], [5.470808, 52.011079], [5.469302, 52.011367], [5.468656, 52.011714], [5.467818, 52.012249], [5.467758, 52.012765], [5.468151, 52.01311], [5.469039, 52.012756], [5.46984, 52.012497], [5.470416, 52.012232], [5.471143, 52.011962], [5.471606, 52.011951], [5.471675, 52.012144], [5.471723, 52.012886], [5.472044, 52.013827], [5.472258, 52.01429], [5.474151, 52.015981], [5.474719, 52.015854], [5.474514, 52.015276], [5.474098, 52.014874], [5.474157, 52.014633], [5.474817, 52.0148], [5.475249, 52.014846], [5.475048, 52.014326], [5.474533, 52.013847], [5.474071, 52.013573], [5.473247, 52.012632], [5.472899, 52.011829], [5.47319, 52.010861], [5.473529, 52.010647], [5.474398, 52.010867], [5.475147, 52.011557], [5.475898, 52.011973], [5.476765, 52.011872], [5.476282, 52.011278]]], [[[5.463594, 52.007624], [5.462962, 52.007767], [5.461756, 52.008102], [5.46158, 52.008081], [5.461599, 52.008558], [5.461238, 52.009309], [5.461231, 52.009481], [5.461134, 52.0097], [5.460537, 52.009955], [5.459981, 52.010266], [5.45915, 52.010926], [5.457977, 52.011469], [5.457829, 52.011758], [5.457852, 52.012111], [5.458137, 52.012231], [5.458664, 52.012035], [5.45915, 52.011794], [5.459856, 52.011503], [5.460532, 52.011327], [5.461014, 52.011269], [5.461135, 52.011467], [5.461107, 52.011909], [5.460925, 52.012243], [5.460544, 52.012675], [5.460137, 52.012993], [5.45972, 52.013427], [5.458793, 52.014032], [5.458672, 52.014183], [5.458613, 52.014425], [5.459009, 52.014507], [5.459931, 52.014405], [5.461335, 52.013422], [5.462276, 52.013605], [5.462676, 52.013756], [5.462876, 52.013408], [5.462669, 52.012487], [5.462695, 52.011446], [5.46288, 52.010585], [5.462459, 52.008652], [5.462944, 52.008675], [5.463969, 52.009301], [5.464613, 52.009811], [5.465383, 52.010227], [5.466068, 52.010474], [5.466212, 52.010093], [5.465631, 52.009456], [5.464833, 52.008892], [5.464107, 52.00828], [5.463594, 52.007624]]], [[[5.447631, 52.011168], [5.450968, 52.013397], [5.451831, 52.013811], [5.452564, 52.013964], [5.452798, 52.013834], [5.45264, 52.013414], [5.451732, 52.012864], [5.450837, 52.012211], [5.4503, 52.011676], [5.449262, 52.01082], [5.448948, 52.010513], [5.448772, 52.010639], [5.447521, 52.011034], [5.447631, 52.011168]]], [[[5.44379, 52.01234], [5.44495, 52.013195], [5.445281, 52.013374], [5.446194, 52.014166], [5.447045, 52.015508], [5.447315, 52.015572], [5.447708, 52.015546], [5.447707, 52.015086], [5.447593, 52.014776], [5.447879, 52.014884], [5.448436, 52.015167], [5.448807, 52.015159], [5.448864, 52.014895], [5.448161, 52.014351], [5.447395, 52.013948], [5.446794, 52.013527], [5.446358, 52.013144], [5.445819, 52.012812], [5.445404, 52.012364], [5.444886, 52.012032], [5.444762, 52.011866], [5.444078, 52.012148], [5.44379, 52.01234]]], [[[5.453449, 52.018386], [5.453693, 52.018712], [5.454214, 52.019283], [5.454748, 52.019806], [5.455295, 52.020205], [5.456913, 52.021698], [5.457725, 52.02139], [5.45754, 52.021254], [5.457208, 52.02089], [5.456744, 52.020502], [5.456185, 52.020195], [5.455386, 52.019608], [5.454772, 52.018995], [5.453952, 52.018398], [5.453497, 52.018259], [5.453449, 52.018386]]], [[[5.481299, 52.020292], [5.481668, 52.020249], [5.481727, 52.020007], [5.482094, 52.019941], [5.482789, 52.020062], [5.482907, 52.020161], [5.481978, 52.020447], [5.481426, 52.02054], [5.480062, 52.020699], [5.479513, 52.020827], [5.479817, 52.020945], [5.480523, 52.020917], [5.482101, 52.020638], [5.482777, 52.020439], [5.4834, 52.020321], [5.484273, 52.020311], [5.485393, 52.020398], [5.48651, 52.020683], [5.487214, 52.020971], [5.487365, 52.021076], [5.48847, 52.021487], [5.489202, 52.021826], [5.490295, 52.022141], [5.490493, 52.021966], [5.490639, 52.021334], [5.488607, 52.02096], [5.487784, 52.020592], [5.487379, 52.020362], [5.486652, 52.020048], [5.486422, 52.019916], [5.485626, 52.019695], [5.485092, 52.019491], [5.484326, 52.019407], [5.482535, 52.019291], [5.481053, 52.018778], [5.48017, 52.018627], [5.479975, 52.018781], [5.481366, 52.019616], [5.480373, 52.019765], [5.477327, 52.02008], [5.477099, 52.020279], [5.477386, 52.020398], [5.477981, 52.020418], [5.481178, 52.020135], [5.481299, 52.020292]]], [[[5.430483, 52.017972], [5.428444, 52.018382], [5.427674, 52.01745], [5.427224, 52.017173], [5.426482, 52.016846], [5.425395, 52.016781], [5.42423, 52.016928], [5.423647, 52.017239], [5.421051, 52.017452], [5.420547, 52.017698], [5.419514, 52.017567], [5.418658, 52.017202], [5.417585, 52.016288], [5.415796, 52.016005], [5.413578, 52.016314], [5.411548, 52.016274], [5.409704, 52.016631], [5.408868, 52.016739], [5.408261, 52.017121], [5.407724, 52.017304], [5.407855, 52.017829], [5.408411, 52.018071], [5.408738, 52.018374], [5.408117, 52.018475], [5.407054, 52.018448], [5.406089, 52.018556], [5.405369, 52.018758], [5.40432, 52.019442], [5.404093, 52.019767], [5.403472, 52.019848], [5.40213, 52.019848], [5.401087, 52.020562], [5.401419, 52.020994], [5.402243, 52.02278], [5.402152, 52.023419], [5.402206, 52.023989], [5.401947, 52.024898], [5.402027, 52.025285], [5.402393, 52.025494], [5.402502, 52.025159], [5.402564, 52.024667], [5.402726, 52.024594], [5.403089, 52.024745], [5.403679, 52.025269], [5.404195, 52.025794], [5.404664, 52.026148], [5.405132, 52.026218], [5.405259, 52.026157], [5.407015, 52.027529], [5.40796, 52.027782], [5.410128, 52.028461], [5.411093, 52.028854], [5.414766, 52.030151], [5.417324, 52.028333], [5.420193, 52.026801], [5.423398, 52.02476], [5.428877, 52.023059], [5.432571, 52.02314], [5.436793, 52.021779], [5.436766, 52.021321], [5.436872, 52.020961], [5.436872, 52.020585], [5.437322, 52.020291], [5.437427, 52.020013], [5.437056, 52.019605], [5.436897, 52.019327], [5.434644, 52.018363], [5.433027, 52.018495], [5.431703, 52.019002], [5.430483, 52.017972]]], [[[5.472637, 52.024298], [5.472212, 52.024903], [5.471787, 52.025233], [5.470437, 52.025906], [5.469624, 52.026243], [5.468816, 52.026256], [5.467969, 52.02645], [5.465561, 52.027257], [5.465953, 52.027843], [5.467263, 52.027331], [5.468941, 52.026921], [5.469583, 52.026844], [5.470723, 52.026792], [5.472401, 52.026522], [5.47294, 52.026368], [5.473478, 52.026202], [5.474161, 52.025741], [5.474513, 52.025447], [5.474962, 52.025191], [5.475756, 52.02484], [5.476435, 52.024421], [5.476435, 52.024267], [5.476264, 52.024124], [5.475984, 52.024057], [5.475452, 52.02415], [5.474912, 52.024297], [5.474236, 52.024603], [5.47385, 52.024658], [5.473766, 52.024237], [5.474056, 52.023818], [5.474437, 52.0231], [5.47454, 52.022686], [5.474509, 52.022493], [5.474065, 52.022504], [5.473551, 52.022893], [5.473056, 52.023568], [5.472637, 52.024298]]], [[[5.470772, 52.029854], [5.470675, 52.029501], [5.469602, 52.029287], [5.467565, 52.029097], [5.466326, 52.028909], [5.466157, 52.029314], [5.47031, 52.029876], [5.470772, 52.029854]]], [[[5.478483, 52.028772], [5.477955, 52.028373], [5.476956, 52.027849], [5.476898, 52.028113], [5.477152, 52.028873], [5.477745, 52.029419], [5.478252, 52.030069], [5.478729, 52.03056], [5.478272, 52.030412], [5.477841, 52.030331], [5.476954, 52.030409], [5.477224, 52.030848], [5.478096, 52.031125], [5.478752, 52.0312], [5.479364, 52.031185], [5.479848, 52.031207], [5.481515, 52.031408], [5.483498, 52.031314], [5.484123, 52.031207], [5.484725, 52.031033], [5.485389, 52.030959], [5.485982, 52.030922], [5.486296, 52.030968], [5.486263, 52.030833], [5.48633, 52.030296], [5.485518, 52.030362], [5.484941, 52.030353], [5.483737, 52.030416], [5.483106, 52.03042], [5.48223, 52.030396], [5.480494, 52.030278], [5.479958, 52.030016], [5.479527, 52.029695], [5.478483, 52.028772]]], [[[5.471384, 52.030427], [5.471287, 52.030636], [5.471368, 52.031034], [5.471586, 52.03152], [5.471969, 52.033834], [5.472272, 52.033801], [5.4726, 52.033713], [5.473151, 52.033777], [5.472412, 52.031946], [5.472193, 52.031139], [5.471706, 52.030522], [5.471384, 52.030427]]], [[[5.444643, 52.042895], [5.444575, 52.042718], [5.444253, 52.042462], [5.444518, 52.042336], [5.444943, 52.042215], [5.445232, 52.042257], [5.445432, 52.042417], [5.44608, 52.042429], [5.446749, 52.042626], [5.447527, 52.042527], [5.448056, 52.042619], [5.448373, 52.042599], [5.448506, 52.042443], [5.448931, 52.042328], [5.448572, 52.042263], [5.448346, 52.042173], [5.448545, 52.042009], [5.449037, 52.041976], [5.449063, 52.041689], [5.448584, 52.041189], [5.447932, 52.040968], [5.44712, 52.040533], [5.446269, 52.040378], [5.445763, 52.040132], [5.444979, 52.040149], [5.444619, 52.039854], [5.443698, 52.039828], [5.443489, 52.0396], [5.443007, 52.039409], [5.442752, 52.038883], [5.442474, 52.038546], [5.441824, 52.038494], [5.441633, 52.038157], [5.441687, 52.037865], [5.442176, 52.037694], [5.44244, 52.037475], [5.442872, 52.037615], [5.443393, 52.03763], [5.443463, 52.037422], [5.443647, 52.037481], [5.443755, 52.037694], [5.444651, 52.037841], [5.44489, 52.037793], [5.445069, 52.037664], [5.445099, 52.037329], [5.445318, 52.037142], [5.446336, 52.037031], [5.446841, 52.036866], [5.447056, 52.03676], [5.447695, 52.03671], [5.448015, 52.036746], [5.448238, 52.036696], [5.448364, 52.036531], [5.448423, 52.036077], [5.448631, 52.035921], [5.449143, 52.035879], [5.449693, 52.035907], [5.449641, 52.035544], [5.449655, 52.035315], [5.449893, 52.035288], [5.449841, 52.0351], [5.449647, 52.035036], [5.449254, 52.035027], [5.448934, 52.034931], [5.448746, 52.03478], [5.448019, 52.034674], [5.447557, 52.034479], [5.447464, 52.034275], [5.447722, 52.034064], [5.448115, 52.033893], [5.448406, 52.033718], [5.448594, 52.033171], [5.448727, 52.032957], [5.449158, 52.032535], [5.450463, 52.031673], [5.450668, 52.031364], [5.450647, 52.030823], [5.450537, 52.030519], [5.450571, 52.030193], [5.451086, 52.030074], [5.450862, 52.029695], [5.45076, 52.029292], [5.45039, 52.029259], [5.449859, 52.029023], [5.449381, 52.028685], [5.449206, 52.028099], [5.449105, 52.027214], [5.448399, 52.026733], [5.447644, 52.026435], [5.447179, 52.026356], [5.446723, 52.026803], [5.446685, 52.027044], [5.445917, 52.027121], [5.445648, 52.02748], [5.444984, 52.027634], [5.442922, 52.027371], [5.442498, 52.027607], [5.442839, 52.028446], [5.442311, 52.029085], [5.442289, 52.030014], [5.442372, 52.030452], [5.442041, 52.031003], [5.441315, 52.031451], [5.440462, 52.031701], [5.439438, 52.03188], [5.438527, 52.031761], [5.438005, 52.031828], [5.437965, 52.03217], [5.437578, 52.032368], [5.437278, 52.032463], [5.437249, 52.032595], [5.437365, 52.032702], [5.437239, 52.032912], [5.436891, 52.033067], [5.436474, 52.033169], [5.436199, 52.033358], [5.435219, 52.033596], [5.434832, 52.03363], [5.434616, 52.033524], [5.434194, 52.033444], [5.433707, 52.033462], [5.433015, 52.033381], [5.432869, 52.03349], [5.43261, 52.033567], [5.432454, 52.033561], [5.43213, 52.033319], [5.431927, 52.033369], [5.431528, 52.033691], [5.431339, 52.033705], [5.431258, 52.033432], [5.431353, 52.033239], [5.431167, 52.033208], [5.430895, 52.033284], [5.430713, 52.033279], [5.430575, 52.033096], [5.430263, 52.033091], [5.42999, 52.033486], [5.429796, 52.033666], [5.429497, 52.033776], [5.429141, 52.033779], [5.428101, 52.033472], [5.427832, 52.033466], [5.427383, 52.033493], [5.427274, 52.03356], [5.427291, 52.033756], [5.427159, 52.033827], [5.427001, 52.033999], [5.424962, 52.033856], [5.42467, 52.03375], [5.424341, 52.033718], [5.424113, 52.033742], [5.423695, 52.033922], [5.423188, 52.03425], [5.423099, 52.034352], [5.422719, 52.034454], [5.422668, 52.034571], [5.422859, 52.034923], [5.422757, 52.035009], [5.422415, 52.035009], [5.422288, 52.03504], [5.421984, 52.035337], [5.42168, 52.035361], [5.421338, 52.035572], [5.421351, 52.035697], [5.42144, 52.035768], [5.421762, 52.035854], [5.421888, 52.035916], [5.422205, 52.035978], [5.422484, 52.036096], [5.422269, 52.036307], [5.421952, 52.036502], [5.422231, 52.036768], [5.422196, 52.036806], [5.422396, 52.037011], [5.422834, 52.037269], [5.42291, 52.037457], [5.423034, 52.037551], [5.423746, 52.038017], [5.424017, 52.038257], [5.424812, 52.038674], [5.426249, 52.039507], [5.427112, 52.039934], [5.427518, 52.040247], [5.427687, 52.040299], [5.427873, 52.040288], [5.428228, 52.040434], [5.429056, 52.040632], [5.429259, 52.040715], [5.430324, 52.041007], [5.430696, 52.041059], [5.431472, 52.04097], [5.431836, 52.041104], [5.433034, 52.041271], [5.433263, 52.041297], [5.433505, 52.041266], [5.434475, 52.041384], [5.434625, 52.041428], [5.434924, 52.04145], [5.435192, 52.041434], [5.435285, 52.0415], [5.435785, 52.04168], [5.435842, 52.041733], [5.43582, 52.041839], [5.436248, 52.041948], [5.436655, 52.042102], [5.436962, 52.042339], [5.437476, 52.042607], [5.438253, 52.043305], [5.438254, 52.043607], [5.438711, 52.04418], [5.438829, 52.044399], [5.439168, 52.044764], [5.439185, 52.045024], [5.439253, 52.045139], [5.439202, 52.045295], [5.439439, 52.045504], [5.439879, 52.045618], [5.440116, 52.045618], [5.440927, 52.045534], [5.44118, 52.045461], [5.441704, 52.045232], [5.441856, 52.045242], [5.442228, 52.045294], [5.442414, 52.045429], [5.442601, 52.045513], [5.443192, 52.045512], [5.443547, 52.045408], [5.443851, 52.04522], [5.44424, 52.045262], [5.44446, 52.045209], [5.444629, 52.045074], [5.44495, 52.044938], [5.445152, 52.044667], [5.445118, 52.044521], [5.445202, 52.044094], [5.444863, 52.043614], [5.444677, 52.043489], [5.444643, 52.042895]]], [[[5.432532, 52.042157], [5.432371, 52.042302], [5.432186, 52.042637], [5.431853, 52.042828], [5.431556, 52.042882], [5.431247, 52.042897], [5.430963, 52.042775], [5.430543, 52.042829], [5.430271, 52.043095], [5.43037, 52.04321], [5.429987, 52.043263], [5.429715, 52.043355], [5.42953, 52.043484], [5.429468, 52.043804], [5.429184, 52.043919], [5.428653, 52.043919], [5.428393, 52.044072], [5.428579, 52.044369], [5.428344, 52.044529], [5.428308, 52.044788], [5.429012, 52.044879], [5.42942, 52.045123], [5.43014, 52.045457], [5.430645, 52.045541], [5.431027, 52.045334], [5.431179, 52.045136], [5.431531, 52.045089], [5.431806, 52.045173], [5.432102, 52.044947], [5.431805, 52.044848], [5.431521, 52.044703], [5.431607, 52.044436], [5.431607, 52.044269], [5.43194, 52.044177], [5.43241, 52.044192], [5.432966, 52.044238], [5.433461, 52.044344], [5.433831, 52.0441], [5.434919, 52.04426], [5.434858, 52.044755], [5.435068, 52.04506], [5.435155, 52.04538], [5.4356, 52.045578], [5.436156, 52.045661], [5.436638, 52.045585], [5.436848, 52.045181], [5.436736, 52.044617], [5.436377, 52.04403], [5.435969, 52.043947], [5.43587, 52.043512], [5.43566, 52.043375], [5.435412, 52.043292], [5.435659, 52.043185], [5.435968, 52.042941], [5.435646, 52.042537], [5.435263, 52.04227], [5.434657, 52.042202], [5.433804, 52.041753], [5.433372, 52.041867], [5.433038, 52.042134], [5.432853, 52.042195], [5.432532, 52.042157]]], [[[5.447853, 52.056088], [5.44863, 52.055805], [5.449209, 52.055723], [5.449811, 52.055642], [5.450151, 52.055817], [5.450447, 52.056195], [5.450622, 52.056573], [5.450559, 52.057895], [5.450734, 52.058246], [5.451117, 52.05832], [5.451303, 52.058104], [5.451782, 52.056518], [5.451803, 52.055978], [5.451397, 52.055277], [5.451189, 52.055075], [5.451386, 52.054758], [5.451254, 52.054225], [5.450936, 52.053908], [5.450509, 52.053868], [5.450028, 52.05403], [5.448923, 52.05426], [5.448781, 52.054442], [5.448705, 52.054745], [5.448005, 52.054941], [5.447633, 52.055299], [5.447053, 52.05536], [5.446692, 52.055509], [5.446649, 52.05586], [5.446792, 52.056177], [5.44712, 52.05623], [5.447853, 52.056088]]], [[[5.411291, 52.058237], [5.408153, 52.059444], [5.408231, 52.05952], [5.411368, 52.058314], [5.411291, 52.058237]]], [[[5.450801, 52.065752], [5.45118, 52.065446], [5.451156, 52.065159], [5.450846, 52.064868], [5.450444, 52.064983], [5.450243, 52.065235], [5.450028, 52.065305], [5.448234, 52.065427], [5.4469, 52.066777], [5.446652, 52.066853], [5.446556, 52.066786], [5.446252, 52.066302], [5.44577, 52.065963], [5.444958, 52.065946], [5.444076, 52.06604], [5.442976, 52.066567], [5.442742, 52.066643], [5.442564, 52.0668], [5.442687, 52.06714], [5.443776, 52.068281], [5.4447, 52.069095], [5.445279, 52.069366], [5.445926, 52.069535], [5.446405, 52.069197], [5.446737, 52.068525], [5.44704, 52.068126], [5.447508, 52.068084], [5.448696, 52.066874], [5.449423, 52.066067], [5.450306, 52.066473], [5.450702, 52.067155], [5.450881, 52.06757], [5.450765, 52.067904], [5.450967, 52.068262], [5.451254, 52.068386], [5.451641, 52.068343], [5.451966, 52.068214], [5.452028, 52.068009], [5.45205, 52.067417], [5.451771, 52.066959], [5.451522, 52.066243], [5.450553, 52.065833], [5.450801, 52.065752]]], [[[5.472273, 52.072226], [5.472434, 52.072273], [5.472774, 52.072179], [5.473173, 52.071953], [5.473275, 52.071612], [5.473198, 52.071371], [5.472942, 52.07112], [5.472636, 52.070995], [5.472313, 52.070995], [5.471693, 52.071361], [5.471589, 52.071663], [5.471659, 52.0719], [5.472273, 52.072226]]], [[[5.468195, 52.074948], [5.468581, 52.074926], [5.469702, 52.074752], [5.470648, 52.074428], [5.472293, 52.073541], [5.471977, 52.073088], [5.471801, 52.072699], [5.471485, 52.072484], [5.470854, 52.072419], [5.470399, 52.072506], [5.470014, 52.072852], [5.469734, 52.073327], [5.469559, 52.073478], [5.469314, 52.073479], [5.468753, 52.073328], [5.467947, 52.073328], [5.466721, 52.073459], [5.466476, 52.073718], [5.466442, 52.074193], [5.466582, 52.074409], [5.467389, 52.074689], [5.468195, 52.074948]]], [[[5.430766, 52.096998], [5.431201, 52.097325], [5.431491, 52.097979], [5.431588, 52.098336], [5.431974, 52.098573], [5.433519, 52.098692], [5.434001, 52.098305], [5.434049, 52.097948], [5.433277, 52.09777], [5.43266, 52.097805], [5.432592, 52.097251], [5.432745, 52.096879], [5.432591, 52.096599], [5.431871, 52.096184], [5.43124, 52.095921], [5.430835, 52.096004], [5.430543, 52.096004], [5.42944, 52.095478], [5.428834, 52.095602], [5.428517, 52.095742], [5.428157, 52.095506], [5.42737, 52.095548], [5.425456, 52.096198], [5.424105, 52.096198], [5.423236, 52.09605], [5.42256, 52.095693], [5.422415, 52.095485], [5.422274, 52.095117], [5.422616, 52.094945], [5.422983, 52.094852], [5.423603, 52.094758], [5.424021, 52.094625], [5.424236, 52.094485], [5.424134, 52.09397], [5.424134, 52.093666], [5.423855, 52.093503], [5.422994, 52.093238], [5.422799, 52.092601], [5.421929, 52.091621], [5.421688, 52.09171], [5.42164, 52.091918], [5.42193, 52.092186], [5.422123, 52.092691], [5.422124, 52.093048], [5.42222, 52.093434], [5.42292, 52.093689], [5.423348, 52.094005], [5.423462, 52.094186], [5.423272, 52.094332], [5.422617, 52.094467], [5.421894, 52.094665], [5.421691, 52.09498], [5.42173, 52.09539], [5.421895, 52.095787], [5.421921, 52.096115], [5.421692, 52.096288], [5.42145, 52.096377], [5.420729, 52.096501], [5.420662, 52.096792], [5.42019, 52.09727], [5.419945, 52.097976], [5.418955, 52.098378], [5.418663, 52.098697], [5.420193, 52.098322], [5.420463, 52.0981], [5.420665, 52.097269], [5.421115, 52.096991], [5.421813, 52.097102], [5.422037, 52.097005], [5.422285, 52.096728], [5.423796, 52.096882], [5.424265, 52.096727], [5.42449, 52.096755], [5.42467, 52.097087], [5.425031, 52.097115], [5.425931, 52.096879], [5.426561, 52.096879], [5.427618, 52.096504], [5.429221, 52.096672], [5.429897, 52.096791], [5.430766, 52.096998]]], [[[5.462415, 52.0994], [5.465663, 52.0981], [5.46501, 52.097628], [5.465559, 52.097345], [5.464549, 52.096808], [5.462229, 52.097529], [5.461535, 52.09784], [5.462415, 52.0994]]], [[[5.465906, 52.101504], [5.465452, 52.101712], [5.464941, 52.102213], [5.464284, 52.102505], [5.464139, 52.102612], [5.463985, 52.102809], [5.464111, 52.103053], [5.464314, 52.103285], [5.464682, 52.103403], [5.465194, 52.103236], [5.466275, 52.102628], [5.466497, 52.102414], [5.466603, 52.102188], [5.466496, 52.101902], [5.466215, 52.101593], [5.46608, 52.101522], [5.465906, 52.101504]]], [[[5.469372, 52.105826], [5.469976, 52.106532], [5.470426, 52.107382], [5.471052, 52.107316], [5.471533, 52.107184], [5.471048, 52.105996], [5.470647, 52.105425], [5.469464, 52.104648], [5.468294, 52.104387], [5.468011, 52.104445], [5.468118, 52.104925], [5.469372, 52.105826]]], [[[5.477558, 52.109804], [5.478794, 52.109518], [5.479476, 52.109128], [5.477905, 52.107752], [5.476843, 52.107634], [5.476469, 52.108437], [5.47646, 52.108746], [5.476109, 52.109118], [5.476351, 52.109557], [5.477035, 52.109612], [5.477558, 52.109804]]], [[[5.481159, 52.111571], [5.480992, 52.112026], [5.481316, 52.11228], [5.481873, 52.112391], [5.482351, 52.112248], [5.482596, 52.111929], [5.482879, 52.110925], [5.482982, 52.109818], [5.483434, 52.109444], [5.482896, 52.10923], [5.482195, 52.108888], [5.481622, 52.109162], [5.481475, 52.109758], [5.481168, 52.109858], [5.480716, 52.110106], [5.477962, 52.111263], [5.477976, 52.11155], [5.478301, 52.111873], [5.478688, 52.111852], [5.479606, 52.11127], [5.480938, 52.11087], [5.481171, 52.11083], [5.481249, 52.111014], [5.481159, 52.111571]]], [[[5.474391, 52.117226], [5.473823, 52.117097], [5.473437, 52.117187], [5.472859, 52.117722], [5.47088, 52.11814], [5.465016, 52.119168], [5.464151, 52.11938], [5.463383, 52.119626], [5.463507, 52.119812], [5.464193, 52.119845], [5.465374, 52.119582], [5.466432, 52.119751], [5.4679, 52.119361], [5.468847, 52.119149], [5.469533, 52.118836], [5.470302, 52.118742], [5.471057, 52.118775], [5.472553, 52.11847], [5.47339, 52.11825], [5.47409, 52.117767], [5.47706, 52.117719], [5.478799, 52.117417], [5.4787, 52.116796], [5.476862, 52.117199], [5.474391, 52.117226]]], [[[5.477103, 52.125119], [5.476797, 52.125209], [5.474922, 52.125286], [5.474652, 52.125384], [5.474579, 52.125649], [5.474702, 52.12586], [5.474911, 52.125958], [5.475217, 52.125965], [5.476284, 52.125934], [5.476762, 52.125888], [5.47719, 52.12579], [5.477349, 52.125616], [5.477336, 52.125269], [5.477263, 52.125133], [5.477103, 52.125119]]], [[[5.47272, 52.127429], [5.472573, 52.127196], [5.472269, 52.12707], [5.471527, 52.127087], [5.470428, 52.127226], [5.470496, 52.128091], [5.471887, 52.128049], [5.472574, 52.127761], [5.47272, 52.127429]]], [[[5.474214, 52.130105], [5.47473, 52.130104], [5.475048, 52.129756], [5.475225, 52.12901], [5.475731, 52.128679], [5.475463, 52.128502], [5.474419, 52.128234], [5.473882, 52.128295], [5.47283, 52.128889], [5.472592, 52.129091], [5.473378, 52.129763], [5.474214, 52.130105]]], [[[5.477491, 52.131446], [5.476741, 52.131685], [5.476795, 52.132007], [5.477077, 52.132477], [5.477225, 52.132501], [5.478457, 52.132129], [5.479742, 52.131658], [5.480893, 52.131295], [5.481683, 52.130923], [5.481803, 52.13075], [5.481803, 52.130498], [5.480905, 52.130561], [5.480316, 52.130759], [5.477491, 52.131446]]], [[[5.472269, 52.133123], [5.472135, 52.133486], [5.472176, 52.133898], [5.472766, 52.133849], [5.474574, 52.133452], [5.474694, 52.133056], [5.475564, 52.132874], [5.476542, 52.132584], [5.476783, 52.132394], [5.476809, 52.132089], [5.476487, 52.131883], [5.472817, 52.13281], [5.472269, 52.133123]]], [[[5.46375, 52.144208], [5.463423, 52.144309], [5.462916, 52.144249], [5.461919, 52.144471], [5.461771, 52.14434], [5.46164, 52.143827], [5.461198, 52.143838], [5.460708, 52.144019], [5.46102, 52.144753], [5.461397, 52.145296], [5.461806, 52.145477], [5.462754, 52.145436], [5.464274, 52.145113], [5.466008, 52.145193], [5.466433, 52.145052], [5.467528, 52.145011], [5.468345, 52.144598], [5.468508, 52.144296], [5.468523, 52.143863], [5.468163, 52.143572], [5.46728, 52.143602], [5.466463, 52.143522], [5.465759, 52.143141], [5.465121, 52.143181], [5.464713, 52.143755], [5.464861, 52.144077], [5.464452, 52.144127], [5.464322, 52.144339], [5.46375, 52.144208]]], [[[5.470337, 52.145331], [5.470724, 52.14539], [5.471739, 52.145419], [5.472934, 52.145761], [5.474727, 52.14606], [5.475207, 52.146061], [5.476125, 52.145863], [5.477081, 52.145583], [5.47558, 52.144602], [5.475107, 52.144794], [5.4746, 52.144915], [5.473782, 52.144885], [5.472945, 52.144675], [5.471547, 52.144161], [5.471055, 52.143702], [5.470479, 52.143785], [5.469342, 52.144555], [5.468427, 52.144698], [5.467528, 52.145171], [5.467858, 52.145499], [5.468423, 52.145793], [5.468805, 52.145895], [5.469541, 52.145723], [5.469965, 52.145472], [5.470337, 52.145331]]], [[[5.472091, 52.152969], [5.47412, 52.152611], [5.475618, 52.15255], [5.477406, 52.152311], [5.479337, 52.151567], [5.481435, 52.150625], [5.481029, 52.150633], [5.482729, 52.149854], [5.483682, 52.149469], [5.484773, 52.149132], [5.486196, 52.148839], [5.485563, 52.147727], [5.48054, 52.149187], [5.478706, 52.149992], [5.475083, 52.150856], [5.471217, 52.150889], [5.46305, 52.150597], [5.463103, 52.153154], [5.469675, 52.153238], [5.472091, 52.152969]]], [[[5.456279, 52.151028], [5.456306, 52.151308], [5.455593, 52.151935], [5.454398, 52.152567], [5.454389, 52.152704], [5.454621, 52.152798], [5.455121, 52.152819], [5.456886, 52.152324], [5.457591, 52.151094], [5.456671, 52.150545], [5.456278, 52.150468], [5.456001, 52.150562], [5.456011, 52.15082], [5.456279, 52.151028]]], [[[5.463934, 52.158741], [5.463306, 52.158861], [5.459103, 52.160171], [5.459395, 52.161033], [5.461231, 52.160824], [5.463067, 52.160466], [5.463983, 52.159306], [5.46461, 52.158355], [5.463934, 52.158741]]], [[[5.462411, 52.164656], [5.463835, 52.164656], [5.464991, 52.164773], [5.468186, 52.164913], [5.468223, 52.16399], [5.468183, 52.162995], [5.467336, 52.16328], [5.466259, 52.163541], [5.465951, 52.163518], [5.465065, 52.163258], [5.46441, 52.163021], [5.463601, 52.162904], [5.461715, 52.163047], [5.460829, 52.163047], [5.460592, 52.162976], [5.460464, 52.164756], [5.460678, 52.164681], [5.461756, 52.164491], [5.462411, 52.164656]]], [[[5.602375, 51.950777], [5.599561, 51.950565], [5.594116, 51.950771], [5.593326, 51.950817], [5.587218, 51.951512], [5.587392, 51.952222], [5.588037, 51.952734], [5.588355, 51.953058], [5.588485, 51.953308], [5.588684, 51.953509], [5.588795, 51.954028], [5.588786, 51.954303], [5.588609, 51.954603], [5.588383, 51.95489], [5.588048, 51.955123], [5.58786, 51.955172], [5.587544, 51.955161], [5.588249, 51.955778], [5.594242, 51.954868], [5.595375, 51.954748], [5.596221, 51.954732], [5.597269, 51.954772], [5.599282, 51.954916], [5.600543, 51.955044], [5.602492, 51.955343], [5.604029, 51.955634], [5.60509, 51.955765], [5.606026, 51.955782], [5.606658, 51.955705], [5.60712, 51.955581], [5.607496, 51.955377], [5.607842, 51.955016], [5.607903, 51.954888], [5.607861, 51.954786], [5.607612, 51.954608], [5.607363, 51.954365], [5.606969, 51.954175], [5.606969, 51.954021], [5.60676, 51.95369], [5.606967, 51.953664], [5.607195, 51.953765], [5.607401, 51.953752], [5.60798, 51.953623], [5.607439, 51.953037], [5.607335, 51.952884], [5.607335, 51.952769], [5.606334, 51.952092], [5.60481, 51.951413], [5.604143, 51.951204], [5.60366, 51.951111], [5.602375, 51.950777]]], [[[5.599846, 51.957866], [5.599299, 51.957742], [5.598857, 51.957787], [5.598734, 51.957881], [5.598688, 51.958031], [5.598772, 51.958189], [5.599274, 51.958509], [5.60039, 51.958849], [5.602012, 51.959287], [5.602783, 51.959918], [5.602921, 51.960108], [5.603323, 51.959892], [5.603747, 51.959722], [5.603228, 51.959104], [5.602913, 51.958881], [5.602467, 51.958674], [5.60108, 51.95834], [5.599846, 51.957866]]], [[[5.596423, 51.958774], [5.5959, 51.958421], [5.595539, 51.958281], [5.595338, 51.958331], [5.595477, 51.958751], [5.595857, 51.959509], [5.596675, 51.960773], [5.59699, 51.960991], [5.597346, 51.961349], [5.598626, 51.961687], [5.599994, 51.962297], [5.600659, 51.961979], [5.598811, 51.961244], [5.59806, 51.961161], [5.597476, 51.960476], [5.5973, 51.960034], [5.596423, 51.958774]]], [[[5.591964, 51.961013], [5.591775, 51.960792], [5.591586, 51.960698], [5.591354, 51.960711], [5.591234, 51.960874], [5.591243, 51.961022], [5.591863, 51.961372], [5.592342, 51.961572], [5.592667, 51.961856], [5.59291, 51.962573], [5.593441, 51.963025], [5.593714, 51.962941], [5.593936, 51.962845], [5.593559, 51.962582], [5.593421, 51.962445], [5.593284, 51.962235], [5.593093, 51.961655], [5.592734, 51.961392], [5.591964, 51.961013]]], [[[5.556804, 51.966877], [5.556977, 51.96745], [5.557302, 51.967852], [5.55756, 51.967888], [5.558027, 51.96776], [5.557818, 51.967471], [5.557781, 51.967021], [5.557876, 51.966742], [5.557981, 51.9666], [5.558181, 51.966633], [5.558702, 51.967204], [5.558806, 51.967498], [5.559837, 51.967942], [5.560931, 51.968162], [5.561316, 51.968122], [5.56156, 51.967971], [5.561328, 51.967804], [5.560015, 51.967409], [5.559266, 51.966687], [5.558775, 51.966372], [5.558001, 51.96541], [5.557485, 51.965069], [5.555939, 51.964523], [5.553719, 51.963843], [5.552593, 51.963414], [5.551921, 51.96322], [5.551229, 51.963624], [5.551924, 51.963901], [5.552504, 51.964075], [5.553083, 51.964202], [5.555981, 51.965222], [5.556574, 51.96569], [5.556922, 51.965872], [5.557026, 51.966126], [5.556924, 51.966333], [5.556804, 51.966877]]], [[[5.551892, 51.96939], [5.55146, 51.969266], [5.550643, 51.969145], [5.549785, 51.968956], [5.548851, 51.968664], [5.548163, 51.96851], [5.54738, 51.968389], [5.546726, 51.968107], [5.545811, 51.967782], [5.544749, 51.967594], [5.544074, 51.967378], [5.543284, 51.967909], [5.545683, 51.968787], [5.547841, 51.969275], [5.549125, 51.96936], [5.549754, 51.969446], [5.551294, 51.970011], [5.55197, 51.970225], [5.552326, 51.970403], [5.553551, 51.970816], [5.553924, 51.970916], [5.555374, 51.971055], [5.554962, 51.970853], [5.553617, 51.970427], [5.552831, 51.970033], [5.551892, 51.96939]]], [[[5.546188, 51.974048], [5.545772, 51.974541], [5.546203, 51.974711], [5.548215, 51.974857], [5.549505, 51.975051], [5.550399, 51.975092], [5.55255, 51.975052], [5.553209, 51.974869], [5.552702, 51.974752], [5.552078, 51.974547], [5.550883, 51.974375], [5.549575, 51.974239], [5.547513, 51.974173], [5.546671, 51.974051], [5.546201, 51.973904], [5.546188, 51.974048]]], [[[5.549489, 51.978408], [5.549181, 51.978197], [5.548573, 51.977911], [5.547722, 51.977584], [5.54674, 51.977282], [5.545656, 51.976765], [5.543392, 51.976041], [5.5425, 51.975668], [5.54031, 51.974578], [5.539545, 51.974135], [5.53811, 51.973154], [5.53686, 51.973474], [5.536792, 51.973527], [5.537516, 51.974001], [5.538978, 51.974648], [5.539568, 51.974957], [5.540839, 51.975836], [5.541506, 51.976189], [5.542378, 51.97655], [5.543236, 51.976992], [5.544108, 51.977364], [5.545086, 51.977608], [5.547519, 51.978365], [5.5482, 51.978614], [5.548931, 51.978749], [5.549601, 51.978783], [5.549631, 51.978646], [5.549489, 51.978408]]], [[[5.559799, 51.980736], [5.562056, 51.980496], [5.561977, 51.98027], [5.561813, 51.980013], [5.561673, 51.979895], [5.561136, 51.980018], [5.559827, 51.980081], [5.55878, 51.980064], [5.55733, 51.979778], [5.555755, 51.979308], [5.555304, 51.979232], [5.55492, 51.979658], [5.555208, 51.979788], [5.556273, 51.980037], [5.556681, 51.980214], [5.55737, 51.980313], [5.558327, 51.980541], [5.559799, 51.980736]]], [[[5.551103, 51.985221], [5.547873, 51.984995], [5.546985, 51.984861], [5.546444, 51.984703], [5.545331, 51.983404], [5.543767, 51.982114], [5.544468, 51.982345], [5.545868, 51.982517], [5.546797, 51.982461], [5.547302, 51.982399], [5.547382, 51.982275], [5.54711, 51.982143], [5.545063, 51.981911], [5.544432, 51.981643], [5.544002, 51.981583], [5.543232, 51.9814], [5.54283, 51.981233], [5.542591, 51.981075], [5.541952, 51.980792], [5.541638, 51.980604], [5.540075, 51.979811], [5.539261, 51.979349], [5.538436, 51.978969], [5.537612, 51.978701], [5.537062, 51.978462], [5.536238, 51.978167], [5.534486, 51.97765], [5.533356, 51.977427], [5.532947, 51.977318], [5.530183, 51.977551], [5.531579, 51.977892], [5.531881, 51.978036], [5.532264, 51.978276], [5.53332, 51.979072], [5.533439, 51.979314], [5.53366, 51.980148], [5.533855, 51.980672], [5.533976, 51.981203], [5.533917, 51.981686], [5.533826, 51.981983], [5.53408, 51.982618], [5.534126, 51.982901], [5.534356, 51.983183], [5.534768, 51.983394], [5.535157, 51.98338], [5.535545, 51.983181], [5.535384, 51.982659], [5.535108, 51.982306], [5.534946, 51.981685], [5.535194, 51.981187], [5.535078, 51.980181], [5.534767, 51.979356], [5.534317, 51.978719], [5.534379, 51.978597], [5.535211, 51.978747], [5.536721, 51.979155], [5.538233, 51.979873], [5.539874, 51.980825], [5.540105, 51.980918], [5.542105, 51.981956], [5.541918, 51.982644], [5.541646, 51.98328], [5.540963, 51.984287], [5.540416, 51.98485], [5.539985, 51.985161], [5.539578, 51.985521], [5.539219, 51.985935], [5.538843, 51.986285], [5.53869, 51.986688], [5.538605, 51.987069], [5.538795, 51.98727], [5.539344, 51.987375], [5.53984, 51.986993], [5.540678, 51.986155], [5.540797, 51.985742], [5.541275, 51.985293], [5.541911, 51.9848], [5.542343, 51.983953], [5.542698, 51.98347], [5.542879, 51.982838], [5.543094, 51.982552], [5.54359, 51.982941], [5.544872, 51.984375], [5.545038, 51.984647], [5.544585, 51.985566], [5.544471, 51.986058], [5.544652, 51.986217], [5.544936, 51.986344], [5.545398, 51.986081], [5.545653, 51.985413], [5.545767, 51.984929], [5.545882, 51.984762], [5.546913, 51.985245], [5.548313, 51.985582], [5.551091, 51.985459], [5.55131, 51.98534], [5.551103, 51.985221]]], [[[5.535338, 51.988472], [5.535148, 51.987634], [5.5343, 51.986161], [5.53383, 51.985497], [5.532468, 51.984227], [5.53092, 51.983015], [5.529982, 51.982583], [5.528856, 51.98189], [5.526512, 51.980737], [5.524872, 51.980103], [5.523373, 51.979642], [5.521686, 51.979008], [5.520468, 51.978461], [5.518925, 51.978983], [5.519911, 51.980022], [5.520569, 51.980946], [5.520945, 51.981755], [5.520717, 51.983605], [5.521377, 51.985194], [5.52255, 51.986089], [5.524097, 51.986781], [5.525503, 51.987242], [5.527892, 51.987875], [5.529391, 51.988191], [5.530518, 51.989028], [5.531974, 51.990615], [5.533146, 51.991105], [5.534362, 51.990873], [5.534921, 51.989802], [5.535338, 51.988472]]], [[[5.55565, 51.984401], [5.555893, 51.984796], [5.55899, 51.98619], [5.559592, 51.986327], [5.560347, 51.986576], [5.561164, 51.98695], [5.561835, 51.986994], [5.562477, 51.987095], [5.562603, 51.986763], [5.562963, 51.986551], [5.561555, 51.986245], [5.561107, 51.986186], [5.559775, 51.985582], [5.557842, 51.984806], [5.557147, 51.984637], [5.55565, 51.984401]]], [[[5.521726, 51.992028], [5.521425, 51.991781], [5.521403, 51.991552], [5.523542, 51.991501], [5.524268, 51.991154], [5.523863, 51.990767], [5.523262, 51.990592], [5.5215, 51.990549], [5.520009, 51.990341], [5.519357, 51.990074], [5.517647, 51.989164], [5.516836, 51.988857], [5.515574, 51.988507], [5.5148, 51.98798], [5.514268, 51.98655], [5.514184, 51.985922], [5.514028, 51.985489], [5.513965, 51.984996], [5.513567, 51.984209], [5.513324, 51.983941], [5.512633, 51.982667], [5.511789, 51.98286], [5.51248, 51.984068], [5.512608, 51.9847], [5.512827, 51.985368], [5.513088, 51.986576], [5.51309, 51.987179], [5.513295, 51.987831], [5.513622, 51.988283], [5.514274, 51.988784], [5.515169, 51.98906], [5.516146, 51.989259], [5.517667, 51.989747], [5.51786, 51.989946], [5.51901, 51.990888], [5.519707, 51.991328], [5.520291, 51.99181], [5.520807, 51.992794], [5.521364, 51.993401], [5.52251, 51.994412], [5.523011, 51.994732], [5.523404, 51.995279], [5.523853, 51.995542], [5.524415, 51.996058], [5.5249, 51.996343], [5.525026, 51.996403], [5.525541, 51.996496], [5.525731, 51.996101], [5.524938, 51.995408], [5.52437, 51.994971], [5.523583, 51.994175], [5.523256, 51.993734], [5.523283, 51.993609], [5.523985, 51.993671], [5.524834, 51.993772], [5.526744, 51.994104], [5.528107, 51.994308], [5.528846, 51.994372], [5.52972, 51.994348], [5.529436, 51.993827], [5.528597, 51.993556], [5.527862, 51.993446], [5.527019, 51.993254], [5.52635, 51.993272], [5.524837, 51.993098], [5.524174, 51.99299], [5.523533, 51.992849], [5.522608, 51.992483], [5.521726, 51.992028]]], [[[5.513777, 51.995148], [5.514199, 51.995071], [5.514632, 51.995178], [5.515586, 51.995321], [5.516052, 51.995357], [5.516663, 51.995312], [5.517008, 51.995169], [5.516906, 51.994977], [5.516108, 51.994615], [5.514778, 51.994398], [5.513612, 51.994088], [5.512886, 51.99369], [5.512623, 51.993249], [5.512568, 51.992657], [5.512415, 51.992318], [5.51217, 51.992073], [5.511863, 51.991452], [5.511374, 51.990982], [5.510915, 51.990681], [5.510671, 51.99038], [5.509998, 51.98991], [5.508929, 51.98929], [5.506695, 51.98885], [5.506326, 51.988962], [5.506669, 51.989613], [5.507466, 51.990018], [5.508852, 51.990645], [5.509425, 51.990955], [5.509984, 51.991355], [5.510585, 51.991858], [5.51133, 51.992717], [5.511536, 51.993075], [5.511815, 51.9938], [5.512173, 51.995381], [5.512439, 51.996255], [5.512656, 51.99721], [5.512664, 51.998159], [5.512823, 51.999081], [5.512886, 51.999239], [5.513045, 51.999431], [5.51326, 51.999644], [5.513655, 51.99974], [5.513852, 51.998857], [5.51395, 51.998615], [5.51418, 51.998748], [5.514471, 51.999005], [5.5156, 51.999659], [5.516296, 51.999829], [5.516647, 51.999812], [5.516782, 51.999535], [5.51664, 51.999286], [5.516409, 51.999119], [5.516403, 51.999005], [5.516527, 51.998877], [5.517765, 51.999118], [5.518119, 51.999146], [5.518266, 51.999131], [5.518412, 51.999061], [5.518416, 51.998775], [5.518034, 51.998565], [5.51741, 51.998348], [5.516829, 51.998233], [5.516325, 51.998184], [5.51547, 51.9982], [5.514788, 51.997904], [5.513902, 51.99728], [5.513628, 51.996645], [5.51356, 51.996007], [5.513583, 51.995368], [5.513777, 51.995148]]], [[[5.493956, 51.995742], [5.494423, 51.996179], [5.494982, 51.99658], [5.496314, 51.99723], [5.497294, 51.997909], [5.497747, 51.998415], [5.497825, 51.998753], [5.497709, 51.999234], [5.497782, 51.999318], [5.498266, 51.999278], [5.498475, 51.998978], [5.498343, 51.998439], [5.499886, 51.998845], [5.500108, 51.998841], [5.500273, 51.998781], [5.500095, 51.998579], [5.49979, 51.998413], [5.498178, 51.997733], [5.49787, 51.997534], [5.497223, 51.997225], [5.494674, 51.995273], [5.494342, 51.994905], [5.494192, 51.994869], [5.494212, 51.994899], [5.493531, 51.995237], [5.493364, 51.995448], [5.493956, 51.995742]]], [[[5.54443, 51.998583], [5.543083, 51.997544], [5.54139, 51.995994], [5.541088, 51.995529], [5.54058, 51.995333], [5.540202, 51.995225], [5.539651, 51.99562], [5.539615, 51.995876], [5.539917, 51.996201], [5.540389, 51.996521], [5.539636, 51.996615], [5.539128, 51.996527], [5.538481, 51.996524], [5.538583, 51.996741], [5.539386, 51.996987], [5.541035, 51.997321], [5.541798, 51.997759], [5.543308, 51.999151], [5.543809, 51.998809], [5.54443, 51.998583]]], [[[5.541446, 52.000252], [5.540732, 52.000071], [5.539067, 51.999828], [5.537224, 51.999644], [5.536705, 51.999413], [5.536233, 51.999251], [5.535639, 51.998896], [5.534876, 51.99851], [5.533638, 51.997505], [5.532875, 51.996776], [5.532166, 51.996686], [5.532196, 51.996914], [5.532903, 51.997677], [5.533249, 51.9979], [5.53385, 51.998426], [5.534244, 51.998841], [5.53575, 51.999636], [5.535799, 51.999852], [5.535069, 51.999763], [5.53412, 51.999711], [5.532159, 51.999838], [5.531568, 51.999905], [5.530733, 51.999932], [5.530081, 51.999898], [5.528992, 51.999667], [5.528158, 51.999316], [5.527638, 51.999337], [5.527463, 51.999523], [5.527775, 51.999836], [5.529279, 52.000209], [5.529858, 52.000268], [5.530403, 52.000383], [5.531092, 52.000417], [5.532057, 52.000399], [5.532648, 52.000343], [5.533354, 52.000342], [5.534859, 52.00036], [5.53529, 52.000444], [5.535549, 52.000439], [5.535388, 52.000544], [5.534656, 52.00074], [5.534323, 52.000781], [5.533627, 52.000976], [5.532856, 52.001138], [5.531511, 52.001722], [5.531157, 52.00206], [5.531373, 52.002296], [5.531891, 52.002263], [5.533424, 52.001733], [5.534006, 52.001494], [5.535133, 52.00136], [5.53546, 52.001228], [5.536689, 52.000854], [5.537274, 52.00075], [5.538862, 52.000562], [5.539228, 52.000452], [5.539413, 52.000572], [5.539834, 52.000621], [5.540313, 52.000593], [5.541418, 52.00079], [5.542078, 52.000983], [5.54249, 52.001044], [5.542811, 52.001141], [5.543474, 52.001403], [5.543703, 52.001536], [5.54419, 52.001607], [5.544333, 52.001721], [5.544724, 52.001357], [5.544086, 52.001027], [5.543691, 52.000931], [5.542679, 52.000367], [5.541446, 52.000252]]], [[[5.491773, 52.00021], [5.491689, 51.999913], [5.491431, 51.999579], [5.491211, 51.999083], [5.490906, 51.99858], [5.490419, 51.998346], [5.489961, 51.998234], [5.489458, 51.99839], [5.489213, 51.998508], [5.489962, 51.998926], [5.490444, 51.999462], [5.490873, 52.000534], [5.490921, 52.001127], [5.490212, 52.00179], [5.490112, 52.002032], [5.490268, 52.002189], [5.490478, 52.002288], [5.490902, 52.002212], [5.491207, 52.002001], [5.491668, 52.001559], [5.492081, 52.001677], [5.492324, 52.002072], [5.492648, 52.002238], [5.492953, 52.002004], [5.493338, 52.001541], [5.494192, 52.001172], [5.495436, 52.000955], [5.495504, 52.000701], [5.495046, 52.000503], [5.494451, 52.00049], [5.493879, 52.000589], [5.49333, 52.000787], [5.492723, 52.000742], [5.492086, 52.00065], [5.491773, 52.00021]]], [[[5.514812, 52.003658], [5.515234, 52.00502], [5.515769, 52.005672], [5.516654, 52.007038], [5.516992, 52.008372], [5.517696, 52.008162], [5.518314, 52.007888], [5.518083, 52.007744], [5.517634, 52.007306], [5.517536, 52.006852], [5.516861, 52.005607], [5.516692, 52.0052], [5.516226, 52.004408], [5.515948, 52.00406], [5.515757, 52.003606], [5.515858, 52.002999], [5.516562, 52.002233], [5.516847, 52.001634], [5.516822, 52.001486], [5.516501, 52.001412], [5.515818, 52.001858], [5.515528, 52.001988], [5.515156, 52.001984], [5.514434, 52.001312], [5.514368, 52.001073], [5.514149, 52.000792], [5.513918, 52.000636], [5.513585, 52.000641], [5.513384, 52.000714], [5.513333, 52.00084], [5.513409, 52.001216], [5.51392, 52.001789], [5.514365, 52.00249], [5.514812, 52.003658]]], [[[5.504092, 52.006594], [5.504461, 52.006176], [5.505047, 52.005641], [5.505623, 52.005266], [5.507529, 52.003267], [5.507959, 52.002597], [5.507887, 52.002268], [5.507763, 52.002019], [5.507482, 52.001955], [5.507295, 52.001958], [5.507062, 52.002123], [5.506567, 52.002634], [5.506263, 52.002845], [5.505773, 52.003435], [5.505706, 52.003585], [5.505324, 52.003741], [5.504772, 52.00423], [5.504566, 52.004553], [5.504282, 52.004844], [5.503839, 52.005617], [5.503662, 52.005803], [5.503109, 52.006246], [5.502856, 52.006765], [5.502663, 52.007384], [5.502354, 52.007482], [5.502013, 52.00735], [5.501503, 52.006834], [5.50114, 52.006624], [5.500836, 52.006504], [5.500415, 52.006237], [5.500112, 52.006117], [5.499152, 52.005506], [5.498506, 52.004832], [5.49811, 52.004255], [5.497752, 52.004289], [5.4976, 52.004666], [5.497601, 52.005118], [5.497541, 52.005325], [5.497297, 52.005344], [5.496899, 52.005137], [5.496563, 52.004855], [5.496255, 52.004665], [5.495413, 52.004221], [5.494605, 52.003989], [5.494331, 52.004116], [5.494435, 52.004466], [5.495503, 52.005224], [5.496508, 52.005763], [5.497392, 52.00637], [5.497856, 52.006602], [5.498818, 52.007004], [5.499179, 52.007205], [5.50016, 52.008168], [5.500452, 52.008602], [5.500951, 52.009089], [5.501296, 52.009756], [5.501469, 52.010211], [5.50154, 52.010545], [5.501524, 52.010945], [5.501149, 52.01126], [5.500736, 52.011176], [5.500092, 52.010935], [5.499462, 52.010581], [5.498762, 52.01032], [5.498206, 52.009999], [5.49741, 52.009681], [5.496647, 52.009284], [5.495672, 52.008719], [5.494703, 52.008224], [5.493197, 52.007518], [5.492109, 52.006921], [5.49158, 52.006748], [5.491171, 52.00672], [5.490803, 52.006658], [5.490416, 52.006666], [5.490107, 52.006603], [5.489902, 52.006754], [5.489876, 52.006945], [5.490427, 52.007088], [5.491082, 52.007167], [5.491514, 52.007273], [5.491454, 52.00756], [5.491155, 52.007543], [5.490236, 52.007354], [5.489901, 52.007314], [5.489605, 52.007364], [5.489368, 52.007449], [5.489189, 52.0076], [5.489124, 52.007784], [5.489301, 52.007952], [5.490344, 52.008025], [5.492356, 52.008527], [5.493143, 52.008661], [5.494108, 52.009009], [5.494319, 52.009037], [5.495782, 52.009802], [5.498124, 52.010959], [5.502184, 52.012653], [5.502533, 52.014028], [5.503015, 52.014675], [5.504745, 52.015066], [5.506224, 52.015458], [5.511231, 52.016325], [5.512467, 52.015785], [5.513251, 52.015084], [5.512377, 52.013487], [5.507281, 52.012539], [5.506547, 52.012548], [5.506069, 52.012374], [5.505785, 52.011977], [5.504062, 52.011759], [5.50349, 52.011915], [5.503208, 52.012041], [5.502615, 52.011587], [5.502408, 52.01118], [5.502359, 52.010575], [5.502472, 52.009855], [5.502612, 52.009303], [5.502827, 52.008797], [5.503516, 52.007712], [5.50375, 52.007182], [5.504118, 52.006742], [5.504092, 52.006594]]], [[[5.490556, 52.013504], [5.489843, 52.013098], [5.488361, 52.012597], [5.487533, 52.012149], [5.487055, 52.011943], [5.48638, 52.011834], [5.486076, 52.012013], [5.4862, 52.012227], [5.486651, 52.012582], [5.488339, 52.013398], [5.489973, 52.01425], [5.49066, 52.014542], [5.49191, 52.015163], [5.491955, 52.015025], [5.492278, 52.014834], [5.492664, 52.014371], [5.4921, 52.014107], [5.491455, 52.013917], [5.491014, 52.013687], [5.490556, 52.013504]]], [[[5.483632, 52.014542], [5.483117, 52.014842], [5.48255, 52.014673], [5.481398, 52.014688], [5.480714, 52.014609], [5.479707, 52.014695], [5.479056, 52.014719], [5.478771, 52.014908], [5.478706, 52.015125], [5.479141, 52.01536], [5.480448, 52.015198], [5.480291, 52.015378], [5.479671, 52.015575], [5.478873, 52.015984], [5.478601, 52.016288], [5.47882, 52.016417], [5.479544, 52.016384], [5.480259, 52.016178], [5.480714, 52.015945], [5.481554, 52.015822], [5.482327, 52.015583], [5.483076, 52.015412], [5.484101, 52.015326], [5.485326, 52.015346], [5.486453, 52.015467], [5.488526, 52.016071], [5.489086, 52.016396], [5.489508, 52.015847], [5.485152, 52.014588], [5.484585, 52.014385], [5.483792, 52.013761], [5.48205, 52.012679], [5.481568, 52.012622], [5.481273, 52.012833], [5.481476, 52.01313], [5.48216, 52.0136], [5.482689, 52.013858], [5.483291, 52.014239], [5.483632, 52.014542]]], [[[5.541229, 52.045019], [5.539139, 52.043633], [5.536938, 52.042686], [5.535269, 52.042295], [5.533518, 52.042204], [5.52984, 52.042173], [5.528023, 52.042478], [5.525158, 52.043282], [5.523429, 52.044396], [5.522461, 52.045841], [5.521541, 52.048184], [5.521726, 52.051207], [5.52279, 52.052322], [5.524956, 52.052892], [5.531891, 52.052366], [5.535273, 52.051603], [5.538732, 52.05056], [5.540099, 52.049795], [5.541201, 52.049004], [5.541771, 52.047941], [5.541988, 52.046661], [5.541674, 52.04549], [5.541229, 52.045019]]], [[[5.525671, 52.072103], [5.526234, 52.071406], [5.526741, 52.071023], [5.527078, 52.070361], [5.526963, 52.069699], [5.526565, 52.068899], [5.525658, 52.068029], [5.524131, 52.067509], [5.522548, 52.067232], [5.521192, 52.067338], [5.52012, 52.067583], [5.519555, 52.067827], [5.518653, 52.06856], [5.517807, 52.069153], [5.517074, 52.069606], [5.516453, 52.069885], [5.524044, 52.076075], [5.526813, 52.076072], [5.52681, 52.074958], [5.526468, 52.074192], [5.526185, 52.073844], [5.525617, 52.07287], [5.525671, 52.072103]]], [[[5.488778, 52.1115], [5.488689, 52.110991], [5.48815, 52.110856], [5.487149, 52.110945], [5.48681, 52.111199], [5.486786, 52.11161], [5.487331, 52.111963], [5.487521, 52.111995], [5.488162, 52.111966], [5.488778, 52.1115]]], [[[5.484777, 52.112534], [5.48425, 52.1128], [5.483734, 52.113122], [5.483076, 52.113686], [5.48298, 52.11385], [5.483182, 52.113991], [5.483747, 52.113999], [5.483957, 52.113958], [5.484332, 52.113741], [5.484808, 52.113667], [5.485744, 52.113058], [5.485988, 52.112799], [5.485993, 52.112547], [5.485896, 52.112386], [5.485691, 52.112348], [5.484777, 52.112534]]], [[[5.497639, 52.118194], [5.49975, 52.118388], [5.500708, 52.118255], [5.501045, 52.117898], [5.501044, 52.117333], [5.501525, 52.116738], [5.501573, 52.116411], [5.501138, 52.116144], [5.500124, 52.116204], [5.49911, 52.116413], [5.49829, 52.11686], [5.49834, 52.117306], [5.497664, 52.117217], [5.497241, 52.117044], [5.496693, 52.116484], [5.496314, 52.11655], [5.49598, 52.116812], [5.495875, 52.117027], [5.496168, 52.117665], [5.497639, 52.118194]]], [[[5.49137, 52.11933], [5.491052, 52.119705], [5.490856, 52.120088], [5.490841, 52.120406], [5.49116, 52.120462], [5.49154, 52.120302], [5.491858, 52.120274], [5.492375, 52.120283], [5.492997, 52.12003], [5.493649, 52.119702], [5.494089, 52.119618], [5.494651, 52.119589], [5.495212, 52.119467], [5.495241, 52.118757], [5.495331, 52.118467], [5.49527, 52.11813], [5.494632, 52.118112], [5.493615, 52.118225], [5.493251, 52.118385], [5.493054, 52.118534], [5.492234, 52.11875], [5.491734, 52.119012], [5.49137, 52.11933]]], [[[5.494006, 52.122457], [5.493603, 52.122178], [5.493796, 52.1215], [5.49377, 52.121269], [5.493562, 52.12138], [5.492554, 52.122283], [5.491701, 52.123105], [5.491287, 52.12364], [5.49034, 52.124328], [5.489308, 52.125197], [5.488391, 52.125506], [5.486898, 52.12612], [5.487225, 52.126562], [5.487653, 52.126841], [5.489854, 52.125922], [5.491174, 52.125115], [5.49173, 52.124564], [5.492687, 52.123846], [5.493815, 52.123344], [5.494006, 52.122457]]], [[[5.501576, 52.13467], [5.502489, 52.13481], [5.507156, 52.134878], [5.509419, 52.134788], [5.509658, 52.134633], [5.510004, 52.134308], [5.510914, 52.134241], [5.511928, 52.134046], [5.511998, 52.133998], [5.512031, 52.133474], [5.510876, 52.133482], [5.509665, 52.133535], [5.509284, 52.133653], [5.508997, 52.133852], [5.506148, 52.133855], [5.505849, 52.134003], [5.504675, 52.133835], [5.503633, 52.133747], [5.50246, 52.133807], [5.501373, 52.133527], [5.500935, 52.133641], [5.500881, 52.134347], [5.500951, 52.134491], [5.501576, 52.13467]]], [[[5.484851, 52.135684], [5.485235, 52.135864], [5.487715, 52.135549], [5.487763, 52.13541], [5.487714, 52.135239], [5.487203, 52.135242], [5.486942, 52.134943], [5.486173, 52.135091], [5.485515, 52.135291], [5.48485, 52.135423], [5.484851, 52.135684]]], [[[5.489914, 52.14062], [5.488316, 52.140681], [5.488133, 52.140915], [5.488254, 52.140995], [5.488486, 52.141044], [5.489984, 52.140998], [5.490098, 52.140906], [5.490021, 52.140683], [5.489914, 52.14062]]], [[[5.498604, 52.145753], [5.498068, 52.144089], [5.495557, 52.144537], [5.49295, 52.145402], [5.493897, 52.147631], [5.496272, 52.147341], [5.496337, 52.147301], [5.49653, 52.14731], [5.496956, 52.14727], [5.498891, 52.147377], [5.498604, 52.145753]]], [[[5.483497, 52.146344], [5.482544, 52.14653], [5.483224, 52.1474], [5.486671, 52.146359], [5.486435, 52.145951], [5.486415, 52.145672], [5.484962, 52.145866], [5.483497, 52.146344]]], [[[5.487942, 52.147928], [5.491748, 52.147431], [5.491248, 52.146488], [5.489218, 52.146927], [5.488457, 52.147028], [5.487595, 52.147372], [5.487942, 52.147928]]]]}}, {"type": "Feature", "id": "zr-final-6c7576b287", "properties": {"id": "zr-final-6c7576b287", "ruleIds": ["FR-LS-01", "FR-LS-02"], "operation": "final", "geometryValid": true, "areaKm2": 1425.95873722, "areaM2": 1425958737.220266, "layers": ["provincial_gio_unverified", "unesco_werelderfgoed_hollandse_waterlinies", "unesco_werelderfgoed_neder_germaanse_limes_kernzone"], "operands": ["provincial_gio_unverified", "unesco_werelderfgoed_hollandse_waterlinies", "unesco_werelderfgoed_neder_germaanse_limes_kernzone"], "status": "ok", "prov": "op=validity_check; ctx=aoi; make_valid_repairs=0; engine=poc-zone-engine/0.1 shapely/2.1.2 | op=aoi_seed; area_m2=1560053846.303311; engine=poc-zone-engine/0.1 | op=validity_check; ctx=union layer=unesco_werelderfgoed_hollandse_waterlinies; make_valid_repairs=0; engine=poc-zone-engine/0.1 shapely/2.1.2 | op=union; layer=unesco_werelderfgoed_hollandse_waterlinies(https://agrest.geodata-utrecht.nl/rest/services/Omgevingsverordening/FeatureServer/0; lastChecked=2026-10-05T07:01:26Z; simplifiedM=2.0); features=3; make_valid_repairs=0; area_m2=134084715.050986; engine=poc-zone-engine/0.1 | op=validity_check; ctx=difference rule=FR-LS-01; make_valid_repairs=0; engine=poc-zone-engine/0.1 shapely/2.1.2 | op=difference; rule=FR-LS-01; layers=unesco_werelderfgoed_hollandse_waterlinies,provincial_gio_unverified; buffer_m=0.0; area_before_m2=1560053846.303311; area_after_m2=1425972130.862915; engine=poc-zone-engine/0.1 | op=validity_check; ctx=union layer=unesco_werelderfgoed_neder_germaanse_limes_kernzone; make_valid_repairs=0; engine=poc-zone-engine/0.1 shapely/2.1.2 | op=union; layer=unesco_werelderfgoed_neder_germaanse_limes_kernzone(https://agrest.geodata-utrecht.nl/rest/services/Omgevingsverordening/FeatureServer/0; lastChecked=2026-10-05T07:01:26Z; simplifiedM=2.0); features=1; make_valid_repairs=0; area_m2=13393.642652; engine=poc-zone-engine/0.1 | op=validity_check; ctx=difference rule=FR-LS-02; make_valid_repairs=0; engine=poc-zone-engine/0.1 shapely/2.1.2 | op=difference; rule=FR-LS-02; layers=unesco_werelderfgoed_neder_germaanse_limes_kernzone,provincial_gio_unverified; buffer_m=0.0; area_before_m2=1425972130.862915; area_after_m2=1425958737.220266; engine=poc-zone-engine/0.1 | op=marker; rule=FR-LS-03; semantics=conditional; note=non-core semantics reported as marker zone, does not alter the opportunity zone; engine=poc-zone-engine/0.1 | op=validity_check; ctx=union layer=unesco_werelderfgoed_neder_germaanse_limes_bufferzone; make_valid_repairs=0; engine=poc-zone-engine/0.1 shapely/2.1.2 | op=union; layer=unesco_werelderfgoed_neder_germaanse_limes_bufferzone(https://agrest.geodata-utrecht.nl/rest/services/Omgevingsverordening/FeatureServer/0; lastChecked=2026-10-05T07:01:26Z; simplifiedM=2.0); features=8; make_valid_repairs=0; area_m2=747797.425128; engine=poc-zone-engine/0.1 | op=marker; rule=FR-LS-04; semantics=conditional; note=non-core semantics reported as marker zone, does not alter the opportunity zone; engine=poc-zone-engine/0.1 | op=validity_check; ctx=union layer=gebied_cultuurhistorische_hoofdstructuur; make_valid_repairs=0; engine=poc-zone-engine/0.1 shapely/2.1.2 | op=union; layer=gebied_cultuurhistorische_hoofdstructuur(https://agrest.geodata-utrecht.nl/rest/services/Omgevingsverordening/FeatureServer/0; lastChecked=2026-10-05T07:01:26Z; simplifiedM=2.0); features=28; make_valid_repairs=0; area_m2=847424382.915297; engine=poc-zone-engine/0.1 | op=marker; rule=FR-LS-05; semantics=conditional; note=non-core semantics reported as marker zone, does not alter the opportunity zone; engine=poc-zone-engine/0.1 | op=validity_check; ctx=union layer=landschap; make_valid_repairs=0; engine=poc-zone-engine/0.1 shapely/2.1.2 | op=union; layer=landschap(https://agrest.geodata-utrecht.nl/rest/services/Omgevingsverordening/FeatureServer/0; lastChecked=2026-10-05T07:01:26Z; simplifiedM=2.0); features=1; make_valid_repairs=0; area_m2=1411127589.568502; engine=poc-zone-engine/0.1 | op=marker; rule=FR-LS-06; semantics=conditional; note=non-core semantics reported as marker zone, does not alter the opportunity zone; engine=poc-zone-engine/0.1 | op=validity_check; ctx=union layer=gebied_aardkundige_waarden; make_valid_repairs=0; engine=poc-zone-engine/0.1 shapely/2.1.2 | op=union; layer=gebied_aardkundige_waarden(https://agrest.geodata-utrecht.nl/rest/services/Omgevingsverordening/FeatureServer/0; lastChecked=2026-10-05T07:01:26Z; simplifiedM=2.0); features=187; make_valid_repairs=0; area_m2=99152263.595805; engine=poc-zone-engine/0.1", "provenance": "", "provSteps": ["op=validity_check; ctx=aoi; make_valid_repairs=0; engine=poc-zone-engine/0.1 shapely/2.1.2", "op=aoi_seed; area_m2=1560053846.303311; engine=poc-zone-engine/0.1", "op=validity_check; ctx=union layer=unesco_werelderfgoed_hollandse_waterlinies; make_valid_repairs=0; engine=poc-zone-engine/0.1 shapely/2.1.2", "op=union; layer=unesco_werelderfgoed_hollandse_waterlinies(https://agrest.geodata-utrecht.nl/rest/services/Omgevingsverordening/FeatureServer/0; lastChecked=2026-10-05T07:01:26Z; simplifiedM=2.0); features=3; make_valid_repairs=0; area_m2=134084715.050986; engine=poc-zone-engine/0.1", "op=validity_check; ctx=difference rule=FR-LS-01; make_valid_repairs=0; engine=poc-zone-engine/0.1 shapely/2.1.2", "op=difference; rule=FR-LS-01; layers=unesco_werelderfgoed_hollandse_waterlinies,provincial_gio_unverified; buffer_m=0.0; area_before_m2=1560053846.303311; area_after_m2=1425972130.862915; engine=poc-zone-engine/0.1", "op=validity_check; ctx=union layer=unesco_werelderfgoed_neder_germaanse_limes_kernzone; make_valid_repairs=0; engine=poc-zone-engine/0.1 shapely/2.1.2", "op=union; layer=unesco_werelderfgoed_neder_germaanse_limes_kernzone(https://agrest.geodata-utrecht.nl/rest/services/Omgevingsverordening/FeatureServer/0; lastChecked=2026-10-05T07:01:26Z; simplifiedM=2.0); features=1; make_valid_repairs=0; area_m2=13393.642652; engine=poc-zone-engine/0.1", "op=validity_check; ctx=difference rule=FR-LS-02; make_valid_repairs=0; engine=poc-zone-engine/0.1 shapely/2.1.2", "op=difference; rule=FR-LS-02; layers=unesco_werelderfgoed_neder_germaanse_limes_kernzone,provincial_gio_unverified; buffer_m=0.0; area_before_m2=1425972130.862915; area_after_m2=1425958737.220266; engine=poc-zone-engine/0.1", "op=marker; rule=FR-LS-03; semantics=conditional; note=non-core semantics reported as marker zone, does not alter the opportunity zone; engine=poc-zone-engine/0.1", "op=validity_check; ctx=union layer=unesco_werelderfgoed_neder_germaanse_limes_bufferzone; make_valid_repairs=0; engine=poc-zone-engine/0.1 shapely/2.1.2", "op=union; layer=unesco_werelderfgoed_neder_germaanse_limes_bufferzone(https://agrest.geodata-utrecht.nl/rest/services/Omgevingsverordening/FeatureServer/0; lastChecked=2026-10-05T07:01:26Z; simplifiedM=2.0); features=8; make_valid_repairs=0; area_m2=747797.425128; engine=poc-zone-engine/0.1", "op=marker; rule=FR-LS-04; semantics=conditional; note=non-core semantics reported as marker zone, does not alter the opportunity zone; engine=poc-zone-engine/0.1", "op=validity_check; ctx=union layer=gebied_cultuurhistorische_hoofdstructuur; make_valid_repairs=0; engine=poc-zone-engine/0.1 shapely/2.1.2", "op=union; layer=gebied_cultuurhistorische_hoofdstructuur(https://agrest.geodata-utrecht.nl/rest/services/Omgevingsverordening/FeatureServer/0; lastChecked=2026-10-05T07:01:26Z; simplifiedM=2.0); features=28; make_valid_repairs=0; area_m2=847424382.915297; engine=poc-zone-engine/0.1", "op=marker; rule=FR-LS-05; semantics=conditional; note=non-core semantics reported as marker zone, does not alter the opportunity zone; engine=poc-zone-engine/0.1", "op=validity_check; ctx=union layer=landschap; make_valid_repairs=0; engine=poc-zone-engine/0.1 shapely/2.1.2", "op=union; layer=landschap(https://agrest.geodata-utrecht.nl/rest/services/Omgevingsverordening/FeatureServer/0; lastChecked=2026-10-05T07:01:26Z; simplifiedM=2.0); features=1; make_valid_repairs=0; area_m2=1411127589.568502; engine=poc-zone-engine/0.1", "op=marker; rule=FR-LS-06; semantics=conditional; note=non-core semantics reported as marker zone, does not alter the opportunity zone; engine=poc-zone-engine/0.1", "op=validity_check; ctx=union layer=gebied_aardkundige_waarden; make_valid_repairs=0; engine=poc-zone-engine/0.1 shapely/2.1.2", "op=union; layer=gebied_aardkundige_waarden(https://agrest.geodata-utrecht.nl/rest/services/Omgevingsverordening/FeatureServer/0; lastChecked=2026-10-05T07:01:26Z; simplifiedM=2.0); features=187; make_valid_repairs=0; area_m2=99152263.595805; engine=poc-zone-engine/0.1"], "computedBy": "poc-zone-engine/0.1", "computedAt": ""}, "geometry": {"type": "MultiPolygon", "coordinates": [[[[5.038442, 51.858994], [5.037768, 51.858935], [5.035999, 51.858679], [5.0321, 51.858599], [5.027103, 51.858628], [5.026908, 51.858608], [5.027512, 51.859854], [5.027496, 51.859903], [5.027274, 51.859979], [5.027422, 51.860203], [5.027092, 51.860218], [5.02713, 51.860276], [5.02731, 51.860276], [5.027408, 51.860309], [5.027414, 51.860741], [5.027297, 51.860741], [5.027454, 51.863388], [5.027388, 51.863739], [5.027027, 51.864219], [5.02647, 51.864643], [5.026111, 51.864981], [5.025535, 51.865303], [5.025163, 51.865585], [5.024581, 51.865923], [5.023979, 51.866347], [5.023792, 51.866559], [5.023642, 51.867012], [5.023424, 51.867279], [5.023109, 51.867586], [5.022058, 51.868355], [5.021827, 51.868607], [5.021749, 51.86882], [5.021817, 51.869116], [5.022093, 51.869526], [5.022213, 51.869803], [5.022361, 51.870489], [5.022657, 51.870909], [5.022729, 51.871171], [5.022853, 51.871417], [5.022971, 51.871511], [5.023167, 51.872027], [5.023139, 51.873122], [5.022955, 51.873599], [5.022836, 51.874265], [5.022917, 51.874688], [5.023143, 51.875288], [5.02325, 51.875802], [5.02338, 51.876064], [5.023685, 51.876491], [5.023719, 51.876769], [5.023923, 51.877231], [5.024568, 51.878213], [5.024728, 51.878584], [5.024734, 51.878773], [5.025114, 51.879544], [5.025467, 51.880631], [5.02567, 51.880902], [5.02613, 51.881249], [5.026691, 51.881415], [5.027254, 51.881528], [5.026956, 51.881918], [5.023562, 51.88101], [5.020677, 51.880175], [5.014119, 51.878338], [5.014138, 51.878363], [5.001242, 51.874726], [5.001267, 51.874992], [4.99797, 51.873893], [4.996797, 51.873552], [4.996634, 51.873405], [4.996708, 51.873291], [4.996536, 51.873226], [4.996549, 51.873207], [4.996238, 51.873119], [4.995408, 51.874795], [4.995077, 51.875745], [4.994974, 51.876254], [4.994941, 51.87676], [4.995047, 51.877616], [4.995198, 51.878084], [4.995511, 51.878787], [4.995852, 51.879334], [4.996174, 51.879746], [4.996776, 51.880389], [4.9983, 51.881625], [4.998561, 51.8819], [4.998836, 51.882279], [4.99914, 51.882809], [4.999319, 51.883301], [4.999452, 51.884284], [4.999376, 51.884612], [4.999122, 51.88524], [4.997422, 51.888523], [4.997146, 51.889376], [4.996673, 51.890106], [4.996325, 51.890758], [4.995962, 51.891963], [4.995775, 51.892985], [4.995769, 51.893478], [4.995878, 51.894038], [4.996149, 51.89478], [4.996327, 51.895454], [4.996302, 51.896689], [4.995854, 51.898885], [4.995395, 51.90052], [4.995319, 51.900529], [4.995237, 51.900693], [4.994968, 51.902292], [4.99436, 51.902238], [4.994349, 51.902347], [4.993322, 51.902135], [4.992666, 51.901953], [4.992457, 51.901945], [4.988281, 51.900807], [4.974799, 51.897253], [4.974355, 51.897093], [4.973904, 51.897214], [4.97355, 51.897269], [4.973411, 51.89725], [4.973527, 51.90105], [4.973748, 51.905974], [4.973778, 51.907524], [4.973741, 51.907667], [4.973269, 51.907901], [4.972063, 51.908347], [4.968097, 51.909997], [4.967792, 51.910094], [4.967112, 51.910206], [4.966432, 51.910268], [4.964128, 51.910638], [4.964193, 51.912014], [4.96416, 51.912267], [4.963262, 51.912804], [4.963868, 51.913063], [4.964785, 51.913519], [4.964377, 51.913692], [4.963148, 51.913987], [4.960641, 51.914664], [4.96038, 51.914827], [4.959693, 51.914046], [4.958918, 51.914953], [4.958558, 51.915285], [4.956809, 51.915437], [4.956318, 51.915616], [4.956157, 51.915591], [4.954002, 51.920799], [4.951602, 51.926816], [4.951076, 51.927986], [4.949595, 51.931566], [4.949494, 51.931653], [4.948545, 51.931231], [4.947696, 51.933725], [4.946257, 51.9334], [4.945944, 51.93329], [4.945651, 51.933049], [4.945168, 51.932404], [4.944869, 51.932116], [4.94391, 51.931403], [4.943198, 51.931004], [4.942293, 51.930167], [4.942078, 51.930061], [4.941249, 51.929767], [4.940798, 51.929412], [4.940364, 51.929198], [4.940005, 51.929079], [4.939235, 51.928938], [4.934286, 51.942132], [4.933978, 51.942776], [4.93401, 51.942783], [4.932615, 51.946663], [4.932126, 51.947552], [4.931366, 51.94861], [4.931165, 51.948738], [4.931022, 51.948885], [4.930732, 51.949006], [4.930131, 51.948645], [4.929964, 51.948822], [4.929641, 51.949509], [4.929475, 51.950191], [4.926301, 51.950928], [4.92529, 51.949721], [4.924494, 51.948946], [4.922358, 51.9471], [4.921328, 51.946266], [4.919188, 51.944729], [4.918003, 51.943987], [4.91638, 51.943178], [4.915515, 51.942878], [4.914011, 51.942436], [4.908499, 51.941646], [4.906423, 51.941409], [4.897918, 51.940244], [4.894073, 51.939786], [4.892282, 51.939499], [4.88511, 51.938587], [4.879788, 51.938119], [4.877793, 51.938031], [4.877768, 51.93904], [4.877706, 51.939029], [4.877584, 51.939303], [4.872778, 51.950738], [4.872843, 51.950748], [4.871223, 51.954643], [4.870884, 51.954882], [4.870802, 51.954804], [4.870429, 51.955], [4.865805, 51.960416], [4.865689, 51.9604], [4.864072, 51.963911], [4.863068, 51.964725], [4.862493, 51.965401], [4.861713, 51.966326], [4.860789, 51.967653], [4.860806, 51.967784], [4.860515, 51.967913], [4.859804, 51.968482], [4.859484, 51.968673], [4.858385, 51.96883], [4.858072, 51.968905], [4.857828, 51.969004], [4.848943, 51.974358], [4.847553, 51.975137], [4.847209, 51.975245], [4.845622, 51.974985], [4.845552, 51.975196], [4.845052, 51.975621], [4.845035, 51.97567], [4.842968, 51.977578], [4.834114, 51.98558], [4.834127, 51.985654], [4.834366, 51.985737], [4.834478, 51.98584], [4.835139, 51.985985], [4.835218, 51.986143], [4.824734, 51.994375], [4.818869, 51.998897], [4.818262, 51.999455], [4.817806, 51.999767], [4.818167, 51.999858], [4.818585, 51.999859], [4.82126, 52.000276], [4.826752, 52.000966], [4.826778, 52.001021], [4.826906, 52.001047], [4.828374, 52.001257], [4.828451, 52.001267], [4.828481, 52.00118], [4.829084, 52.001261], [4.830756, 52.001514], [4.830736, 52.00154], [4.831406, 52.001643], [4.832911, 52.00183], [4.845235, 52.003615], [4.853337, 52.004747], [4.853897, 52.004884], [4.854352, 52.00506], [4.856136, 52.005616], [4.857127, 52.00596], [4.853901, 52.009749], [4.852942, 52.011032], [4.851675, 52.012516], [4.85095, 52.013241], [4.85001, 52.014332], [4.848279, 52.016514], [4.847474, 52.017716], [4.847191, 52.017987], [4.846953, 52.018109], [4.846896, 52.018182], [4.844759, 52.017718], [4.842099, 52.017006], [4.840991, 52.016798], [4.840178, 52.016707], [4.83957, 52.016733], [4.838625, 52.0167], [4.837994, 52.016646], [4.836035, 52.016582], [4.833335, 52.016423], [4.831295, 52.016616], [4.830433, 52.01663], [4.827515, 52.016815], [4.826881, 52.016881], [4.82523, 52.01723], [4.824994, 52.017237], [4.824172, 52.017046], [4.823754, 52.016913], [4.823103, 52.016582], [4.822103, 52.016148], [4.820046, 52.015385], [4.818958, 52.015077], [4.818088, 52.014656], [4.817206, 52.014346], [4.815616, 52.013981], [4.813186, 52.013914], [4.810895, 52.014043], [4.810345, 52.014006], [4.80966, 52.014034], [4.808285, 52.014143], [4.806311, 52.014152], [4.804844, 52.014099], [4.803523, 52.013956], [4.803089, 52.014639], [4.801103, 52.018056], [4.799891, 52.020249], [4.7987, 52.022272], [4.799023, 52.022407], [4.799116, 52.022255], [4.803212, 52.023961], [4.803287, 52.023886], [4.803146, 52.02412], [4.803434, 52.024239], [4.803521, 52.024096], [4.803972, 52.024282], [4.803883, 52.024429], [4.804141, 52.024535], [4.804184, 52.024497], [4.804894, 52.024793], [4.804874, 52.024832], [4.805892, 52.025256], [4.805967, 52.025114], [4.809933, 52.026765], [4.809341, 52.028375], [4.80706, 52.03272], [4.806895, 52.032972], [4.806704, 52.033167], [4.807257, 52.033252], [4.8099, 52.033433], [4.810922, 52.033598], [4.811822, 52.033825], [4.813789, 52.034951], [4.815816, 52.036229], [4.816044, 52.036334], [4.816436, 52.036454], [4.817193, 52.036931], [4.818878, 52.038236], [4.819193, 52.038703], [4.820541, 52.040015], [4.826736, 52.046477], [4.828614, 52.048385], [4.829371, 52.049189], [4.829361, 52.04928], [4.829503, 52.049324], [4.829706, 52.049476], [4.829663, 52.04962], [4.82949, 52.049813], [4.834992, 52.052349], [4.836316, 52.052922], [4.837916, 52.053668], [4.839093, 52.054167], [4.83908, 52.054192], [4.839656, 52.054473], [4.842056, 52.055548], [4.843263, 52.056148], [4.843169, 52.056232], [4.844391, 52.056784], [4.844551, 52.056758], [4.844712, 52.056792], [4.845803, 52.057277], [4.846654, 52.05759], [4.848049, 52.058165], [4.848965, 52.058309], [4.849933, 52.0584], [4.850886, 52.058466], [4.851796, 52.058467], [4.853231, 52.058592], [4.854036, 52.058724], [4.855307, 52.058983], [4.855971, 52.059065], [4.856305, 52.059152], [4.857083, 52.059442], [4.858224, 52.059948], [4.862692, 52.061564], [4.862934, 52.061634], [4.863541, 52.061684], [4.864829, 52.061997], [4.866043, 52.062385], [4.867858, 52.063054], [4.8732, 52.068745], [4.872736, 52.068852], [4.869904, 52.06891], [4.865747, 52.069047], [4.863902, 52.069053], [4.864251, 52.068613], [4.86404, 52.068553], [4.862943, 52.068945], [4.862263, 52.069064], [4.857266, 52.068998], [4.856064, 52.068811], [4.854778, 52.068817], [4.853622, 52.068956], [4.853494, 52.068918], [4.853387, 52.069052], [4.852886, 52.068881], [4.852713, 52.069061], [4.850786, 52.069117], [4.848868, 52.069118], [4.846801, 52.069075], [4.846755, 52.069135], [4.846507, 52.069133], [4.845816, 52.069115], [4.845873, 52.069031], [4.842204, 52.069006], [4.839871, 52.068827], [4.837139, 52.068424], [4.834176, 52.067808], [4.829808, 52.066823], [4.830755, 52.068306], [4.831147, 52.068776], [4.834035, 52.072736], [4.832666, 52.072844], [4.833034, 52.074535], [4.833072, 52.074765], [4.833045, 52.074827], [4.831709, 52.074503], [4.830898, 52.074353], [4.830634, 52.074971], [4.829186, 52.074899], [4.828183, 52.074748], [4.827445, 52.07467], [4.826528, 52.074623], [4.826276, 52.074644], [4.826493, 52.079527], [4.826023, 52.079688], [4.825629, 52.079774], [4.825622, 52.080234], [4.823621, 52.091134], [4.823348, 52.093369], [4.823304, 52.096733], [4.823056, 52.105193], [4.824389, 52.105403], [4.824941, 52.106196], [4.825332, 52.106907], [4.82538, 52.107087], [4.825315, 52.107151], [4.825103, 52.107253], [4.821988, 52.108697], [4.821004, 52.109105], [4.817983, 52.110471], [4.80724, 52.115403], [4.795523, 52.120725], [4.79528, 52.120837], [4.795367, 52.120913], [4.793038, 52.121994], [4.79238, 52.12226], [4.79208, 52.122287], [4.792043, 52.122312], [4.792212, 52.122932], [4.792345, 52.123164], [4.792996, 52.123746], [4.793113, 52.123825], [4.793491, 52.123973], [4.793813, 52.124072], [4.7943, 52.124168], [4.795454, 52.124365], [4.79602, 52.124427], [4.796739, 52.124692], [4.796993, 52.124661], [4.797491, 52.124903], [4.797575, 52.125069], [4.797673, 52.125107], [4.797808, 52.125081], [4.797928, 52.125113], [4.798342, 52.125299], [4.799258, 52.125198], [4.799272, 52.125124], [4.800136, 52.124978], [4.80037, 52.125008], [4.80062, 52.124933], [4.801151, 52.124853], [4.801797, 52.124841], [4.802097, 52.124889], [4.802439, 52.125046], [4.802601, 52.12506], [4.802985, 52.125394], [4.803126, 52.125563], [4.803106, 52.125823], [4.803184, 52.126011], [4.803352, 52.126282], [4.803474, 52.126404], [4.803898, 52.1266], [4.804008, 52.126623], [4.804152, 52.126566], [4.804346, 52.126636], [4.804251, 52.126678], [4.804244, 52.12672], [4.805271, 52.126896], [4.805803, 52.127069], [4.806416, 52.127422], [4.806679, 52.127688], [4.806674, 52.127823], [4.807065, 52.128282], [4.807332, 52.128408], [4.807505, 52.128549], [4.807623, 52.128604], [4.807766, 52.128622], [4.808065, 52.128948], [4.808071, 52.129112], [4.807827, 52.129623], [4.80779, 52.129858], [4.807878, 52.130071], [4.808028, 52.13023], [4.807996, 52.13032], [4.808299, 52.130696], [4.808365, 52.130855], [4.808312, 52.131391], [4.808352, 52.131526], [4.808539, 52.131648], [4.808807, 52.13173], [4.808882, 52.131888], [4.808689, 52.132255], [4.808541, 52.132401], [4.80829, 52.132777], [4.808244, 52.132954], [4.808328, 52.132989], [4.808305, 52.133089], [4.808069, 52.133457], [4.807999, 52.133984], [4.808013, 52.134297], [4.807529, 52.13482], [4.807486, 52.135022], [4.807619, 52.135224], [4.807851, 52.135292], [4.808038, 52.135415], [4.808814, 52.135659], [4.808967, 52.135843], [4.809027, 52.136027], [4.808999, 52.136351], [4.808664, 52.137149], [4.808737, 52.137278], [4.809093, 52.137642], [4.809337, 52.137812], [4.809582, 52.137931], [4.80974, 52.138138], [4.809874, 52.1382], [4.80996, 52.138432], [4.810212, 52.13857], [4.810326, 52.138482], [4.81044, 52.138513], [4.810589, 52.138694], [4.810711, 52.138768], [4.811505, 52.138991], [4.811715, 52.139089], [4.81208, 52.139303], [4.813111, 52.140173], [4.81337, 52.140247], [4.814038, 52.140222], [4.814041, 52.140169], [4.814664, 52.140005], [4.814854, 52.139985], [4.815427, 52.139632], [4.815966, 52.139436], [4.816223, 52.139376], [4.816666, 52.139387], [4.816914, 52.139468], [4.817172, 52.139654], [4.817551, 52.140358], [4.817916, 52.140755], [4.818031, 52.140837], [4.818839, 52.141194], [4.819444, 52.14152], [4.819907, 52.141803], [4.81996, 52.141905], [4.820109, 52.142013], [4.820495, 52.142216], [4.820612, 52.142236], [4.820872, 52.14221], [4.821577, 52.141908], [4.82178, 52.141964], [4.822437, 52.142017], [4.823377, 52.142228], [4.823743, 52.142183], [4.824832, 52.14217], [4.825242, 52.142198], [4.826005, 52.142142], [4.826472, 52.142176], [4.827607, 52.142476], [4.828331, 52.142908], [4.829242, 52.143208], [4.829485, 52.143242], [4.829877, 52.143228], [4.830144, 52.143308], [4.830816, 52.143708], [4.831915, 52.144244], [4.831987, 52.144314], [4.83197, 52.144458], [4.83236, 52.144495], [4.832385, 52.144467], [4.832647, 52.14467], [4.832858, 52.144762], [4.833067, 52.1447], [4.833295, 52.144465], [4.834135, 52.143431], [4.834128, 52.142876], [4.835489, 52.143029], [4.835574, 52.142763], [4.836705, 52.14288], [4.837017, 52.141785], [4.837237, 52.141374], [4.837243, 52.140896], [4.837366, 52.14065], [4.837461, 52.14067], [4.83758, 52.140629], [4.837946, 52.140617], [4.838188, 52.140839], [4.838891, 52.141192], [4.83976, 52.141487], [4.840071, 52.141552], [4.840276, 52.141561], [4.840793, 52.141477], [4.840963, 52.141423], [4.841375, 52.141079], [4.84174, 52.140897], [4.84188, 52.140726], [4.842067, 52.140007], [4.842186, 52.139819], [4.84253, 52.139554], [4.842872, 52.13946], [4.843491, 52.139406], [4.844524, 52.139382], [4.845626, 52.139529], [4.846251, 52.139545], [4.846675, 52.139407], [4.8469, 52.139206], [4.847208, 52.13901], [4.847485, 52.138938], [4.848003, 52.138994], [4.848164, 52.139075], [4.84866, 52.139237], [4.848791, 52.139354], [4.849391, 52.13948], [4.849534, 52.139578], [4.850892, 52.139696], [4.851479, 52.139674], [4.851739, 52.139511], [4.852152, 52.139392], [4.852483, 52.138384], [4.852608, 52.138269], [4.853079, 52.137986], [4.853292, 52.137917], [4.853845, 52.137549], [4.854601, 52.137389], [4.854878, 52.137284], [4.855239, 52.13721], [4.858634, 52.137234], [4.859259, 52.137264], [4.860638, 52.137251], [4.864915, 52.137391], [4.86592, 52.137511], [4.866975, 52.137681], [4.868209, 52.137926], [4.870229, 52.138235], [4.870342, 52.138207], [4.871315, 52.138838], [4.872367, 52.138884], [4.873084, 52.138807], [4.874518, 52.138831], [4.874207, 52.145868], [4.874062, 52.147504], [4.874006, 52.150524], [4.873923, 52.151405], [4.873866, 52.153184], [4.873774, 52.153419], [4.873623, 52.156083], [4.878601, 52.15744], [4.887574, 52.159958], [4.890309, 52.160884], [4.891232, 52.161237], [4.891217, 52.161257], [4.891593, 52.161363], [4.891544, 52.161424], [4.892273, 52.161593], [4.892178, 52.161798], [4.891743, 52.161771], [4.890542, 52.162421], [4.890055, 52.162573], [4.888319, 52.16335], [4.886755, 52.1641], [4.886419, 52.164186], [4.886231, 52.164528], [4.88398, 52.16554], [4.881323, 52.166821], [4.880572, 52.167138], [4.880029, 52.167422], [4.87774, 52.168477], [4.876432, 52.169115], [4.876015, 52.169365], [4.874716, 52.169933], [4.874367, 52.170128], [4.873986, 52.170238], [4.87356, 52.170407], [4.872501, 52.170944], [4.870441, 52.171897], [4.869657, 52.172316], [4.869005, 52.172567], [4.868367, 52.172903], [4.868175, 52.172948], [4.863393, 52.175251], [4.862787, 52.175508], [4.85884, 52.177397], [4.857834, 52.177826], [4.857054, 52.178228], [4.855582, 52.178917], [4.855428, 52.178966], [4.855135, 52.178967], [4.854496, 52.17887], [4.854178, 52.178861], [4.853636, 52.178939], [4.852865, 52.179119], [4.852381, 52.179184], [4.85166, 52.179033], [4.851409, 52.179026], [4.851179, 52.179079], [4.850642, 52.179288], [4.849978, 52.179423], [4.849587, 52.179438], [4.848954, 52.179393], [4.848449, 52.179544], [4.847518, 52.179591], [4.846366, 52.179882], [4.845788, 52.179985], [4.845156, 52.180013], [4.844518, 52.179923], [4.843921, 52.180122], [4.842982, 52.180825], [4.842699, 52.180983], [4.842368, 52.18131], [4.841519, 52.181772], [4.838208, 52.183344], [4.837106, 52.18397], [4.83652, 52.184358], [4.836158, 52.184643], [4.836048, 52.184771], [4.835978, 52.184958], [4.836008, 52.185176], [4.835937, 52.185343], [4.835538, 52.185739], [4.83535, 52.186109], [4.835148, 52.186252], [4.834343, 52.186523], [4.834029, 52.186673], [4.833902, 52.186816], [4.833609, 52.187405], [4.833462, 52.187561], [4.833319, 52.187616], [4.832799, 52.187672], [4.832588, 52.187727], [4.831605, 52.188437], [4.831278, 52.188582], [4.829941, 52.189027], [4.829336, 52.18929], [4.828928, 52.189542], [4.828268, 52.190296], [4.827583, 52.190932], [4.827332, 52.191048], [4.826605, 52.191169], [4.826323, 52.191262], [4.826005, 52.191742], [4.82583, 52.191869], [4.825367, 52.19205], [4.824914, 52.192608], [4.824725, 52.192695], [4.824354, 52.192794], [4.823993, 52.193016], [4.823616, 52.193165], [4.823445, 52.193266], [4.823376, 52.19345], [4.823584, 52.193988], [4.823554, 52.194303], [4.823119, 52.194867], [4.822974, 52.195366], [4.822209, 52.196125], [4.820462, 52.196816], [4.819612, 52.197004], [4.819157, 52.197219], [4.817796, 52.197967], [4.81616, 52.198602], [4.814949, 52.199016], [4.8144, 52.199309], [4.814182, 52.199514], [4.813979, 52.199799], [4.813606, 52.200674], [4.813461, 52.200839], [4.813187, 52.201053], [4.813102, 52.201189], [4.813111, 52.201372], [4.813179, 52.201485], [4.813594, 52.201847], [4.810587, 52.201648], [4.802925, 52.201028], [4.801655, 52.203864], [4.801588, 52.204322], [4.80154, 52.20621], [4.801653, 52.206322], [4.80152, 52.20643], [4.801443, 52.208083], [4.801622, 52.21491], [4.801631, 52.215042], [4.801671, 52.215043], [4.801586, 52.210827], [4.813757, 52.211498], [4.81385, 52.212017], [4.814566, 52.212326], [4.81615, 52.212914], [4.817779, 52.213777], [4.818709, 52.214497], [4.818614, 52.214575], [4.819673, 52.215374], [4.843904, 52.21193], [4.8447, 52.211903], [4.846119, 52.211712], [4.84646, 52.212188], [4.846928, 52.21257], [4.84751, 52.21384], [4.846843, 52.215486], [4.850756, 52.226239], [4.851894, 52.227141], [4.865897, 52.234001], [4.875015, 52.238413], [4.874042, 52.241138], [4.874037, 52.241536], [4.87224, 52.24352], [4.92397, 52.244009], [4.926192, 52.243365], [4.931899, 52.242163], [4.939981, 52.25232], [4.945373, 52.250454], [4.969958, 52.246655], [4.971547, 52.247612], [4.979448, 52.252187], [4.979132, 52.252441], [4.979255, 52.252911], [4.978676, 52.25336], [4.978687, 52.253908], [4.980638, 52.255138], [4.982187, 52.256661], [4.982105, 52.256954], [4.983309, 52.257879], [4.984035, 52.258782], [4.984578, 52.258676], [4.986524, 52.258673], [4.987591, 52.258882], [4.987396, 52.259238], [4.984212, 52.263828], [4.987597, 52.264402], [4.988685, 52.264525], [4.990045, 52.264591], [4.995214, 52.264618], [4.996399, 52.264451], [4.996432, 52.264242], [5.004535, 52.263032], [5.004708, 52.263211], [5.015073, 52.263571], [5.016137, 52.263753], [5.017885, 52.263282], [5.021803, 52.263949], [5.021963, 52.264095], [5.024627, 52.264408], [5.025433, 52.26441], [5.026025, 52.26434], [5.026031, 52.26428], [5.026271, 52.263989], [5.025919, 52.263918], [5.026284, 52.263926], [5.026453, 52.263687], [5.026209, 52.263586], [5.026266, 52.26351], [5.026546, 52.263618], [5.02697, 52.263345], [5.028175, 52.262792], [5.029446, 52.262143], [5.030143, 52.261795], [5.030079, 52.26172], [5.030092, 52.261676], [5.030292, 52.261716], [5.031395, 52.261073], [5.031727, 52.260714], [5.031341, 52.260567], [5.031328, 52.260513], [5.031377, 52.260499], [5.031769, 52.260656], [5.032084, 52.260141], [5.032162, 52.259734], [5.032104, 52.259684], [5.031881, 52.259687], [5.031877, 52.259649], [5.032057, 52.259625], [5.032049, 52.259574], [5.032155, 52.259561], [5.032035, 52.259162], [5.032083, 52.259155], [5.032046, 52.25899], [5.031651, 52.258961], [5.031635, 52.258885], [5.03188, 52.258878], [5.03194, 52.258786], [5.03172, 52.258438], [5.03148, 52.2581], [5.030912, 52.257642], [5.030608, 52.257304], [5.030054, 52.257113], [5.029947, 52.256979], [5.029933, 52.256865], [5.030011, 52.256809], [5.030411, 52.256709], [5.030563, 52.256597], [5.030773, 52.2561], [5.031033, 52.255673], [5.031622, 52.254841], [5.031984, 52.25442], [5.032176, 52.254323], [5.0325, 52.254029], [5.032988, 52.253722], [5.034562, 52.252433], [5.034714, 52.252351], [5.035064, 52.252264], [5.035841, 52.252296], [5.036308, 52.252467], [5.037308, 52.252926], [5.037595, 52.253115], [5.038144, 52.253673], [5.039214, 52.255308], [5.040253, 52.256178], [5.040807, 52.256341], [5.041115, 52.256396], [5.041784, 52.256256], [5.042216, 52.256108], [5.042782, 52.255798], [5.043161, 52.255419], [5.043125, 52.255278], [5.043258, 52.254162], [5.043341, 52.254069], [5.043419, 52.253476], [5.043548, 52.253442], [5.043622, 52.253313], [5.043633, 52.253156], [5.043578, 52.25297], [5.043695, 52.252485], [5.043781, 52.25232], [5.043721, 52.252296], [5.043736, 52.25219], [5.04404, 52.25148], [5.044041, 52.251277], [5.044128, 52.251239], [5.044395, 52.250623], [5.044382, 52.250503], [5.04476, 52.250054], [5.044951, 52.249746], [5.045506, 52.249143], [5.046042, 52.248675], [5.046116, 52.248532], [5.046108, 52.248425], [5.046004, 52.248216], [5.045762, 52.248061], [5.043887, 52.24749], [5.042034, 52.247265], [5.041167, 52.247355], [5.040525, 52.247261], [5.038803, 52.247129], [5.037591, 52.246891], [5.036664, 52.246619], [5.036263, 52.246436], [5.036134, 52.24636], [5.035729, 52.245864], [5.03577, 52.245649], [5.035845, 52.245525], [5.035937, 52.245402], [5.036235, 52.245185], [5.036455, 52.245071], [5.037758, 52.244656], [5.039301, 52.244348], [5.040392, 52.244211], [5.042779, 52.243829], [5.043587, 52.24368], [5.043752, 52.243607], [5.043853, 52.24363], [5.044073, 52.243602], [5.044312, 52.243507], [5.044331, 52.243457], [5.044173, 52.243147], [5.043958, 52.243006], [5.041663, 52.242341], [5.04137, 52.242295], [5.041096, 52.242204], [5.040402, 52.241895], [5.038863, 52.24113], [5.037818, 52.240562], [5.036126, 52.239471], [5.034283, 52.23838], [5.033746, 52.237883], [5.03336, 52.237454], [5.03307, 52.237048], [5.030745, 52.233254], [5.030692, 52.232962], [5.030939, 52.23254], [5.031174, 52.232386], [5.03196, 52.232048], [5.032222, 52.231962], [5.032391, 52.231988], [5.032492, 52.231949], [5.03265, 52.231791], [5.032781, 52.231411], [5.032814, 52.231011], [5.032746, 52.230259], [5.032777, 52.229838], [5.032749, 52.229227], [5.032777, 52.229047], [5.033083, 52.228484], [5.033149, 52.228218], [5.033139, 52.228062], [5.032653, 52.228027], [5.032662, 52.227816], [5.032512, 52.227706], [5.032582, 52.227616], [5.032587, 52.22752], [5.032394, 52.22658], [5.032317, 52.225356], [5.032341, 52.224121], [5.032278, 52.222738], [5.032515, 52.220761], [5.032496, 52.220565], [5.032383, 52.22034], [5.032114, 52.220134], [5.031705, 52.21996], [5.030178, 52.219416], [5.029295, 52.218977], [5.029073, 52.218813], [5.029046, 52.218678], [5.029157, 52.218517], [5.029932, 52.218084], [5.0305, 52.2178], [5.030738, 52.217715], [5.031, 52.217549], [5.031087, 52.217445], [5.031335, 52.216806], [5.031639, 52.216361], [5.031361, 52.215762], [5.029522, 52.213196], [5.028815, 52.21172], [5.028376, 52.211026], [5.028085, 52.21072], [5.027588, 52.210329], [5.026648, 52.210655], [5.026538, 52.21068], [5.026392, 52.210671], [5.022969, 52.209685], [5.022339, 52.209472], [5.022159, 52.209473], [5.021446, 52.209058], [5.020584, 52.208461], [5.02033, 52.208362], [5.019855, 52.208012], [5.019435, 52.207629], [5.019181, 52.207305], [5.018876, 52.206605], [5.018769, 52.206094], [5.018665, 52.205322], [5.018637, 52.204048], [5.018738, 52.203485], [5.018991, 52.20295], [5.019008, 52.202619], [5.018904, 52.202014], [5.018734, 52.201609], [5.018408, 52.201027], [5.018064, 52.200675], [5.016956, 52.1998], [5.016618, 52.199639], [5.015266, 52.199262], [5.014631, 52.199002], [5.013441, 52.198271], [5.01219, 52.197285], [5.011874, 52.197089], [5.011299, 52.196857], [5.010756, 52.196754], [5.009363, 52.197429], [5.008923, 52.197524], [5.008441, 52.197744], [5.007935, 52.197888], [5.007175, 52.198258], [5.006638, 52.198361], [5.006361, 52.198201], [5.00554, 52.197558], [5.002417, 52.197599], [5.001849, 52.197505], [5.001623, 52.197387], [5.001503, 52.197228], [5.001511, 52.19701], [5.001668, 52.196662], [5.002189, 52.195842], [5.002271, 52.195772], [5.002589, 52.195661], [5.003414, 52.195621], [5.003757, 52.195527], [5.003946, 52.195371], [5.004035, 52.195111], [5.004213, 52.194949], [5.004218, 52.194892], [5.004477, 52.194818], [5.003841, 52.194148], [5.003463, 52.193608], [5.003226, 52.193174], [5.002879, 52.192206], [5.002818, 52.191882], [5.002812, 52.191355], [5.002901, 52.191023], [5.00307, 52.190643], [5.003434, 52.19027], [5.004622, 52.189359], [5.004977, 52.188876], [5.005171, 52.188434], [5.005803, 52.186326], [5.005848, 52.185933], [5.005773, 52.184943], [5.005411, 52.183055], [5.005322, 52.18289], [5.004963, 52.181641], [5.005036, 52.180141], [5.004505, 52.179742], [5.004288, 52.179463], [5.00421, 52.179439], [5.004016, 52.179233], [5.003615, 52.178587], [5.003437, 52.178204], [5.003183, 52.176998], [5.003146, 52.177002], [5.003049, 52.176172], [5.002992, 52.174841], [5.003069, 52.174302], [5.003408, 52.173589], [5.003721, 52.17314], [5.004773, 52.172295], [5.005156, 52.171945], [5.005939, 52.17148], [5.006588, 52.170917], [5.00716, 52.17053], [5.008094, 52.169797], [5.008846, 52.168824], [5.009176, 52.168001], [5.00938, 52.166857], [5.009743, 52.165827], [5.010378, 52.163408], [5.011015, 52.161816], [5.011508, 52.161046], [5.011659, 52.161071], [5.011754, 52.161054], [5.012025, 52.160844], [5.012295, 52.16069], [5.012747, 52.160544], [5.013133, 52.160371], [5.013354, 52.160316], [5.013605, 52.160173], [5.015058, 52.159801], [5.015942, 52.159527], [5.016495, 52.159313], [5.016938, 52.159104], [5.018255, 52.158381], [5.018917, 52.158079], [5.019261, 52.157818], [5.019085, 52.157706], [5.019367, 52.157724], [5.019867, 52.157403], [5.020522, 52.15661], [5.020413, 52.156576], [5.020596, 52.156176], [5.020636, 52.155959], [5.020584, 52.155954], [5.020627, 52.155842], [5.020577, 52.155546], [5.020436, 52.155345], [5.020408, 52.154827], [5.020479, 52.154507], [5.021058, 52.153778], [5.021306, 52.15362], [5.021784, 52.153419], [5.022475, 52.153244], [5.022989, 52.153202], [5.023283, 52.153189], [5.024033, 52.153264], [5.024317, 52.153324], [5.025152, 52.153582], [5.025419, 52.153626], [5.026145, 52.153967], [5.026583, 52.15411], [5.027946, 52.154381], [5.028276, 52.154388], [5.0289, 52.154319], [5.029539, 52.154173], [5.029986, 52.154035], [5.031718, 52.153716], [5.032457, 52.153543], [5.033303, 52.153185], [5.03368, 52.152967], [5.03416, 52.152545], [5.034327, 52.15232], [5.034453, 52.15205], [5.034446, 52.151712], [5.034586, 52.151464], [5.034624, 52.151171], [5.034551, 52.15063], [5.034496, 52.150556], [5.034402, 52.150518], [5.034406, 52.150471], [5.035392, 52.150937], [5.035561, 52.150954], [5.035705, 52.151029], [5.036185, 52.151632], [5.036711, 52.151441], [5.03664, 52.151377], [5.036867, 52.151284], [5.037974, 52.152384], [5.038965, 52.152023], [5.039052, 52.151959], [5.039121, 52.151832], [5.039304, 52.151988], [5.039691, 52.15176], [5.039756, 52.151807], [5.040557, 52.151261], [5.04059, 52.151283], [5.041177, 52.150893], [5.041224, 52.150895], [5.041999, 52.150371], [5.042012, 52.150318], [5.043291, 52.149488], [5.043362, 52.149498], [5.043423, 52.149448], [5.043358, 52.149429], [5.043619, 52.149263], [5.043679, 52.149282], [5.043757, 52.149224], [5.043697, 52.149213], [5.050002, 52.145013], [5.049878, 52.144929], [5.049511, 52.144903], [5.049436, 52.144851], [5.049341, 52.144681], [5.049253, 52.144343], [5.04949, 52.14421], [5.051048, 52.144449], [5.053604, 52.142912], [5.053407, 52.142766], [5.053598, 52.142531], [5.053659, 52.142513], [5.053591, 52.142389], [5.054844, 52.141756], [5.055182, 52.1415], [5.055975, 52.140638], [5.056238, 52.140412], [5.059406, 52.136943], [5.059534, 52.136864], [5.060626, 52.136717], [5.061129, 52.136593], [5.061592, 52.136371], [5.061919, 52.136133], [5.062087, 52.135915], [5.062238, 52.135517], [5.0607, 52.13521], [5.059235, 52.134832], [5.060173, 52.132853], [5.060521, 52.132916], [5.060927, 52.132938], [5.061485, 52.132858], [5.062474, 52.132645], [5.063517, 52.13234], [5.063751, 52.132211], [5.063649, 52.132147], [5.063715, 52.132105], [5.063817, 52.132167], [5.064128, 52.131937], [5.063993, 52.131864], [5.064068, 52.131811], [5.064199, 52.131881], [5.064663, 52.131531], [5.065383, 52.131209], [5.066093, 52.131096], [5.066925, 52.131066], [5.067312, 52.13102], [5.067526, 52.130957], [5.067887, 52.130774], [5.068296, 52.1304], [5.068551, 52.12991], [5.068594, 52.129241], [5.068692, 52.128765], [5.068886, 52.128238], [5.069089, 52.127943], [5.069403, 52.127602], [5.069698, 52.127372], [5.071019, 52.126461], [5.071345, 52.126189], [5.071789, 52.12574], [5.072011, 52.125424], [5.072779, 52.124051], [5.073574, 52.122891], [5.074429, 52.122187], [5.074864, 52.121712], [5.075786, 52.121061], [5.076726, 52.120488], [5.077749, 52.11995], [5.078779, 52.119292], [5.079304, 52.119042], [5.079788, 52.118941], [5.080474, 52.118877], [5.081072, 52.11886], [5.082452, 52.118937], [5.082837, 52.11893], [5.087853, 52.118443], [5.090336, 52.118089], [5.091349, 52.11803], [5.092228, 52.11909], [5.102747, 52.128427], [5.104621, 52.128132], [5.105279, 52.127965], [5.105997, 52.127694], [5.112369, 52.124929], [5.121264, 52.120713], [5.123555, 52.119829], [5.124408, 52.119535], [5.12569, 52.119159], [5.132321, 52.117412], [5.133057, 52.117298], [5.133417, 52.117306], [5.133921, 52.117388], [5.134346, 52.117169], [5.134749, 52.116833], [5.134681, 52.116629], [5.134651, 52.116306], [5.134739, 52.115982], [5.135196, 52.115315], [5.136255, 52.113983], [5.136439, 52.113616], [5.136682, 52.112782], [5.139221, 52.113343], [5.141078, 52.113797], [5.142163, 52.113997], [5.143773, 52.114364], [5.143828, 52.114409], [5.145434, 52.11481], [5.147009, 52.115083], [5.148152, 52.115368], [5.148156, 52.114903], [5.148286, 52.114295], [5.151315, 52.108491], [5.151487, 52.108231], [5.154294, 52.102341], [5.155441, 52.100338], [5.156578, 52.09869], [5.155732, 52.098525], [5.154757, 52.098288], [5.152399, 52.097813], [5.149119, 52.097196], [5.149165, 52.097637], [5.149094, 52.098205], [5.149016, 52.098361], [5.14882, 52.098451], [5.148355, 52.09848], [5.147128, 52.098395], [5.146871, 52.098462], [5.146492, 52.098626], [5.146122, 52.098688], [5.145603, 52.098639], [5.144805, 52.098479], [5.144679, 52.098361], [5.14469, 52.098178], [5.145044, 52.097483], [5.145376, 52.09703], [5.14552, 52.096727], [5.14563, 52.096619], [5.14568, 52.096347], [5.14552, 52.096321], [5.145519, 52.096272], [5.145344, 52.096219], [5.145193, 52.096217], [5.145148, 52.096257], [5.144983, 52.096223], [5.14518, 52.095804], [5.145539, 52.095609], [5.145625, 52.095512], [5.146103, 52.094544], [5.146588, 52.094455], [5.146852, 52.094361], [5.146983, 52.094363], [5.147293, 52.094434], [5.148275, 52.094775], [5.148375, 52.09487], [5.148471, 52.095157], [5.148557, 52.09525], [5.150119, 52.095791], [5.150292, 52.096096], [5.15027, 52.096156], [5.149384, 52.096936], [5.15131, 52.097269], [5.155014, 52.09799], [5.155758, 52.098081], [5.156623, 52.09827], [5.156807, 52.098335], [5.157566, 52.097192], [5.158199, 52.096417], [5.158521, 52.096099], [5.160286, 52.094596], [5.160461, 52.094484], [5.160911, 52.094287], [5.161448, 52.094141], [5.163873, 52.093807], [5.166576, 52.093488], [5.166943, 52.093478], [5.167687, 52.093519], [5.168791, 52.093681], [5.169391, 52.093729], [5.170392, 52.093728], [5.171293, 52.093655], [5.173883, 52.093345], [5.180716, 52.092923], [5.181289, 52.092849], [5.182237, 52.092811], [5.182696, 52.090893], [5.184223, 52.09167], [5.185466, 52.089233], [5.183169, 52.088834], [5.183114, 52.088876], [5.183033, 52.088884], [5.181516, 52.088625], [5.180701, 52.088541], [5.178613, 52.088143], [5.178382, 52.088084], [5.178236, 52.087999], [5.177011, 52.087821], [5.176042, 52.087765], [5.175896, 52.087648], [5.174258, 52.087384], [5.172015, 52.086967], [5.172324, 52.087394], [5.172201, 52.088518], [5.171658, 52.08884], [5.170177, 52.089387], [5.168764, 52.089315], [5.168659, 52.08907], [5.16865, 52.088422], [5.168749, 52.088397], [5.168867, 52.088282], [5.168891, 52.087743], [5.168985, 52.087743], [5.168982, 52.08728], [5.169892, 52.087278], [5.169897, 52.086908], [5.171157, 52.086914], [5.171353, 52.08689], [5.17137, 52.086767], [5.171494, 52.086734], [5.172289, 52.086873], [5.172391, 52.086852], [5.172398, 52.086876], [5.175774, 52.087464], [5.176859, 52.087465], [5.177116, 52.087623], [5.178407, 52.08785], [5.178625, 52.08772], [5.17875, 52.087713], [5.179543, 52.087986], [5.180213, 52.088102], [5.18051, 52.088082], [5.181076, 52.087916], [5.181186, 52.087918], [5.181389, 52.088038], [5.181746, 52.088349], [5.182063, 52.08845], [5.18217, 52.088513], [5.183669, 52.088775], [5.183892, 52.088348], [5.183994, 52.088022], [5.184001, 52.087579], [5.18384, 52.087106], [5.183943, 52.086621], [5.1842, 52.086008], [5.184183, 52.085243], [5.184199, 52.085224], [5.186057, 52.08523], [5.186015, 52.083054], [5.187415, 52.083061], [5.187447, 52.080958], [5.180468, 52.080943], [5.180451, 52.080744], [5.17968, 52.080771], [5.177221, 52.080773], [5.176418, 52.080898], [5.175971, 52.081028], [5.175749, 52.081039], [5.175726, 52.081181], [5.161901, 52.081167], [5.161485, 52.08034], [5.161457, 52.080195], [5.161498, 52.080081], [5.16139, 52.080067], [5.161066, 52.079474], [5.160288, 52.078405], [5.15928, 52.077248], [5.158062, 52.076134], [5.157267, 52.075462], [5.15564, 52.07425], [5.155464, 52.074154], [5.153642, 52.072847], [5.152426, 52.071894], [5.150392, 52.069954], [5.149466, 52.06895], [5.148596, 52.067869], [5.147485, 52.068165], [5.146031, 52.06612], [5.145163, 52.064616], [5.146107, 52.063671], [5.147235, 52.062682], [5.150074, 52.0598], [5.152796, 52.056965], [5.152985, 52.056722], [5.151705, 52.056325], [5.150456, 52.055746], [5.149501, 52.055121], [5.148829, 52.054608], [5.148463, 52.054422], [5.147743, 52.053976], [5.146388, 52.053294], [5.145358, 52.052956], [5.14481, 52.052844], [5.144023, 52.052746], [5.14304, 52.052757], [5.141807, 52.052886], [5.14013, 52.053117], [5.13439, 52.054064], [5.131687, 52.054386], [5.126929, 52.054895], [5.127006, 52.05516], [5.128881, 52.059088], [5.129015, 52.059428], [5.129059, 52.059854], [5.130959, 52.064354], [5.1317, 52.065906], [5.132156, 52.066986], [5.132189, 52.067205], [5.132076, 52.06744], [5.132467, 52.067588], [5.132961, 52.067551], [5.133778, 52.067636], [5.133915, 52.067691], [5.134765, 52.067746], [5.134846, 52.067779], [5.134924, 52.067874], [5.134985, 52.068227], [5.135211, 52.068792], [5.135296, 52.069149], [5.135261, 52.069193], [5.135098, 52.06923], [5.134458, 52.069582], [5.134473, 52.069628], [5.133919, 52.070178], [5.133888, 52.070268], [5.133917, 52.070403], [5.134272, 52.070802], [5.134567, 52.070923], [5.134973, 52.070857], [5.136219, 52.070792], [5.136386, 52.070817], [5.136482, 52.070868], [5.13699, 52.071558], [5.137172, 52.071871], [5.137116, 52.071997], [5.136686, 52.072267], [5.137777, 52.072857], [5.138443, 52.07264], [5.138725, 52.072619], [5.139585, 52.072789], [5.140135, 52.072982], [5.140624, 52.073813], [5.140648, 52.073943], [5.140871, 52.074322], [5.140835, 52.074603], [5.140996, 52.074748], [5.141055, 52.074747], [5.141093, 52.074788], [5.1413, 52.075218], [5.142113, 52.075156], [5.142292, 52.075183], [5.143509, 52.07578], [5.143358, 52.076057], [5.142821, 52.076659], [5.142483, 52.076612], [5.14185, 52.076891], [5.141661, 52.076102], [5.14103, 52.075477], [5.140956, 52.07525], [5.140762, 52.074933], [5.140588, 52.07482], [5.139889, 52.074493], [5.138962, 52.073686], [5.138215, 52.073347], [5.135591, 52.072028], [5.134565, 52.071679], [5.133795, 52.071305], [5.133894, 52.071089], [5.133895, 52.07082], [5.133819, 52.070617], [5.133522, 52.070158], [5.133527, 52.069727], [5.13349, 52.069613], [5.133275, 52.069244], [5.133116, 52.069054], [5.132973, 52.069148], [5.131954, 52.069502], [5.131923, 52.069466], [5.131823, 52.06945], [5.131371, 52.068917], [5.130976, 52.068155], [5.130774, 52.068076], [5.130811, 52.067781], [5.130954, 52.067555], [5.131348, 52.067269], [5.131278, 52.067163], [5.131371, 52.067001], [5.131265, 52.066726], [5.129871, 52.063806], [5.129241, 52.062317], [5.129136, 52.062107], [5.128743, 52.061679], [5.128604, 52.061361], [5.12858, 52.061183], [5.128229, 52.060574], [5.128265, 52.060471], [5.128129, 52.060147], [5.128082, 52.059825], [5.127792, 52.059558], [5.127518, 52.058947], [5.127533, 52.058829], [5.127156, 52.057971], [5.127076, 52.057648], [5.125458, 52.053919], [5.124273, 52.051247], [5.124221, 52.051147], [5.124068, 52.051095], [5.124178, 52.051053], [5.12424, 52.050974], [5.123721, 52.049778], [5.122645, 52.049817], [5.121706, 52.049897], [5.121165, 52.049991], [5.119778, 52.050334], [5.118242, 52.047043], [5.117691, 52.045998], [5.117405, 52.045602], [5.117172, 52.045355], [5.116424, 52.044786], [5.115537, 52.04437], [5.114612, 52.044085], [5.107926, 52.042418], [5.108118, 52.042081], [5.110027, 52.038054], [5.104498, 52.037877], [5.104022, 52.037898], [5.102036, 52.037858], [5.101962, 52.037898], [5.102543, 52.038726], [5.102577, 52.038838], [5.102521, 52.038951], [5.10227, 52.039095], [5.102061, 52.039124], [5.101411, 52.039092], [5.101254, 52.039185], [5.101029, 52.039392], [5.100835, 52.039431], [5.100668, 52.039431], [5.100413, 52.039359], [5.100029, 52.039126], [5.099756, 52.039119], [5.099515, 52.039041], [5.099441, 52.038849], [5.099557, 52.037801], [5.099394, 52.037769], [5.098936, 52.03777], [5.096898, 52.037816], [5.096125, 52.037808], [5.095865, 52.037869], [5.095616, 52.037561], [5.095971, 52.037477], [5.096895, 52.037466], [5.098234, 52.037401], [5.098974, 52.03739], [5.099323, 52.037418], [5.099462, 52.037344], [5.09905, 52.036578], [5.09905, 52.036489], [5.099186, 52.036372], [5.099633, 52.03623], [5.099955, 52.035982], [5.100301, 52.03593], [5.100621, 52.036023], [5.100917, 52.036224], [5.101697, 52.036198], [5.101983, 52.036282], [5.102118, 52.036384], [5.102006, 52.036458], [5.101776, 52.037415], [5.101963, 52.037447], [5.102628, 52.037452], [5.102851, 52.037488], [5.10434, 52.037505], [5.105081, 52.037565], [5.109302, 52.037677], [5.109671, 52.036733], [5.109735, 52.036478], [5.109755, 52.036123], [5.109703, 52.035858], [5.109472, 52.035611], [5.10931, 52.035508], [5.111066, 52.034297], [5.111147, 52.034227], [5.111341, 52.033833], [5.111775, 52.033907], [5.111955, 52.033819], [5.112044, 52.0337], [5.113053, 52.031569], [5.113444, 52.030413], [5.113665, 52.029499], [5.11381, 52.028531], [5.113886, 52.027389], [5.113766, 52.025732], [5.113583, 52.024858], [5.113391, 52.024148], [5.113173, 52.023586], [5.112613, 52.022316], [5.112499, 52.022204], [5.112465, 52.022083], [5.112188, 52.022086], [5.111982, 52.022134], [5.111402, 52.02206], [5.111129, 52.022097], [5.109484, 52.02271], [5.109193, 52.022874], [5.103675, 52.024936], [5.101988, 52.025638], [5.100553, 52.02609], [5.100027, 52.026338], [5.099964, 52.026212], [5.099774, 52.025272], [5.101331, 52.024688], [5.101725, 52.024744], [5.102599, 52.024803], [5.103492, 52.024646], [5.103612, 52.024658], [5.103762, 52.024551], [5.103889, 52.024514], [5.103868, 52.024464], [5.104102, 52.024338], [5.104823, 52.024315], [5.109197, 52.022606], [5.111384, 52.021797], [5.10958, 52.019068], [5.108886, 52.017627], [5.108192, 52.015913], [5.105724, 52.016153], [5.105646, 52.015747], [5.10556, 52.015758], [5.105707, 52.014918], [5.105763, 52.014927], [5.104181, 52.0114], [5.10384, 52.011436], [5.103554, 52.010618], [5.103335, 52.009696], [5.102597, 52.00733], [5.102469, 52.007154], [5.102255, 52.007043], [5.102652, 52.007044], [5.102287, 52.005847], [5.10199, 52.005791], [5.101611, 52.005786], [5.101473, 52.005734], [5.101299, 52.005758], [5.101229, 52.005813], [5.101083, 52.006292], [5.100829, 52.006269], [5.10064, 52.006285], [5.100507, 52.006601], [5.100452, 52.006638], [5.099345, 52.006645], [5.09935, 52.006593], [5.09836, 52.006744], [5.098049, 52.005741], [5.0968, 52.00558], [5.096558, 52.005448], [5.096212, 52.005185], [5.09608, 52.005164], [5.095788, 52.004943], [5.095646, 52.004969], [5.095615, 52.004879], [5.095503, 52.004811], [5.095279, 52.004146], [5.095353, 52.004063], [5.095303, 52.00397], [5.094987, 52.003786], [5.094663, 52.003462], [5.094648, 52.003396], [5.094739, 52.003345], [5.094665, 52.003233], [5.094733, 52.003208], [5.094764, 52.003139], [5.095058, 52.003079], [5.096251, 52.002033], [5.096368, 52.001736], [5.096205, 52.001406], [5.096241, 52.00122], [5.096709, 52.000561], [5.097171, 51.999812], [5.097686, 51.998558], [5.097796, 51.998074], [5.097981, 51.996499], [5.101556, 51.997283], [5.102523, 51.997537], [5.10314, 51.997595], [5.105919, 51.997308], [5.106409, 51.997306], [5.107198, 51.997353], [5.11034, 51.996981], [5.111472, 51.996829], [5.111632, 51.996683], [5.112123, 51.99655], [5.113212, 51.996349], [5.113868, 51.99632], [5.115105, 51.996414], [5.116249, 51.996284], [5.116665, 51.996209], [5.117585, 51.995799], [5.11822, 51.995562], [5.119163, 51.99531], [5.121436, 51.994778], [5.122423, 51.994413], [5.123261, 51.994173], [5.124539, 51.993679], [5.126404, 51.993177], [5.127678, 51.992772], [5.128328, 51.992515], [5.129743, 51.991657], [5.130267, 51.991269], [5.130692, 51.991006], [5.131178, 51.990479], [5.131563, 51.990136], [5.132592, 51.989512], [5.132705, 51.989466], [5.133064, 51.9894], [5.133388, 51.989247], [5.134159, 51.988454], [5.134211, 51.988237], [5.134525, 51.987814], [5.134813, 51.985494], [5.134564, 51.985189], [5.134194, 51.984979], [5.133918, 51.984775], [5.133703, 51.984497], [5.133665, 51.984356], [5.133686, 51.98412], [5.133828, 51.983844], [5.133998, 51.983637], [5.134308, 51.98342], [5.134549, 51.983335], [5.134704, 51.983314], [5.135181, 51.983324], [5.135825, 51.983412], [5.136169, 51.983397], [5.136485, 51.983344], [5.137351, 51.983057], [5.13793, 51.982917], [5.138608, 51.982532], [5.139857, 51.982035], [5.140198, 51.981803], [5.141953, 51.979886], [5.143056, 51.978789], [5.143155, 51.978514], [5.143816, 51.977448], [5.14396, 51.977099], [5.14404, 51.976827], [5.144179, 51.975921], [5.144624, 51.974969], [5.144916, 51.973908], [5.145255, 51.973205], [5.145806, 51.972353], [5.14557, 51.97228], [5.145544, 51.971945], [5.145665, 51.971848], [5.146097, 51.971899], [5.146918, 51.970616], [5.147291, 51.970259], [5.148443, 51.96953], [5.150985, 51.968076], [5.152659, 51.96706], [5.153657, 51.967821], [5.153778, 51.967845], [5.154218, 51.967624], [5.154604, 51.967486], [5.154768, 51.967452], [5.155344, 51.967415], [5.158026, 51.966645], [5.157948, 51.966019], [5.160621, 51.965631], [5.160019, 51.964821], [5.159599, 51.964081], [5.159286, 51.963321], [5.159053, 51.962391], [5.158979, 51.96145], [5.159039, 51.960667], [5.159165, 51.960049], [5.159508, 51.959124], [5.159894, 51.958377], [5.160495, 51.957512], [5.161105, 51.956824], [5.16181, 51.956172], [5.162604, 51.95556], [5.163667, 51.954886], [5.164635, 51.954379], [5.165802, 51.953875], [5.161452, 51.947828], [5.153191, 51.939456], [5.150457, 51.935895], [5.146837, 51.934267], [5.145053, 51.932342], [5.146031, 51.930015], [5.141189, 51.926366], [5.133469, 51.918638], [5.12441, 51.907286], [5.122456, 51.905176], [5.121757, 51.904473], [5.119023, 51.900993], [5.117915, 51.899642], [5.117027, 51.899601], [5.11639, 51.899501], [5.115473, 51.899179], [5.114785, 51.898465], [5.114683, 51.897803], [5.114681, 51.8973], [5.114764, 51.896709], [5.115151, 51.896164], [5.115843, 51.89569], [5.116161, 51.895604], [5.115959, 51.894665], [5.115609, 51.893574], [5.115532, 51.892915], [5.115426, 51.892708], [5.115058, 51.892328], [5.114032, 51.891635], [5.111936, 51.889461], [5.113386, 51.888389], [5.112895, 51.887926], [5.112587, 51.887854], [5.112547, 51.887801], [5.112737, 51.887776], [5.108838, 51.888194], [5.108172, 51.888324], [5.107602, 51.8885], [5.105759, 51.888811], [5.103127, 51.888658], [5.102427, 51.888538], [5.100662, 51.888337], [5.099884, 51.88821], [5.098886, 51.887927], [5.098539, 51.887866], [5.097995, 51.887837], [5.097629, 51.887852], [5.096568, 51.888054], [5.096604, 51.88822], [5.096445, 51.888254], [5.095871, 51.888511], [5.094825, 51.888744], [5.093251, 51.888965], [5.092415, 51.889051], [5.091603, 51.889032], [5.090975, 51.888976], [5.09071, 51.888883], [5.090793, 51.888775], [5.090234, 51.888607], [5.089043, 51.888087], [5.088692, 51.887845], [5.088446, 51.887551], [5.088159, 51.887094], [5.087872, 51.886385], [5.087649, 51.885541], [5.087551, 51.884955], [5.087465, 51.883634], [5.087382, 51.883068], [5.087133, 51.882231], [5.086921, 51.88171], [5.08669, 51.881276], [5.08634, 51.880769], [5.086007, 51.880365], [5.085686, 51.880077], [5.083933, 51.87866], [5.08366, 51.878361], [5.083176, 51.877638], [5.082846, 51.877265], [5.082228, 51.876731], [5.081323, 51.876051], [5.081184, 51.875911], [5.080816, 51.875662], [5.080532, 51.875525], [5.079862, 51.875312], [5.079518, 51.875234], [5.075951, 51.874606], [5.075532, 51.874473], [5.073659, 51.874039], [5.072684, 51.87403], [5.070945, 51.874158], [5.070288, 51.874157], [5.068524, 51.87405], [5.067232, 51.874142], [5.065296, 51.874396], [5.064431, 51.87443], [5.063388, 51.87441], [5.062373, 51.874318], [5.061804, 51.874235], [5.059008, 51.873659], [5.057548, 51.873451], [5.056451, 51.873341], [5.055964, 51.873264], [5.055362, 51.873041], [5.05416, 51.872349], [5.053614, 51.871898], [5.052978, 51.871114], [5.052311, 51.869984], [5.051948, 51.869081], [5.051811, 51.868266], [5.051803, 51.867893], [5.051859, 51.867504], [5.051995, 51.867055], [5.052199, 51.866643], [5.052604, 51.866209], [5.052996, 51.865874], [5.053376, 51.86559], [5.0542, 51.865099], [5.056218, 51.864326], [5.057645, 51.863826], [5.060881, 51.862852], [5.062047, 51.862387], [5.062456, 51.862195], [5.06306, 51.86186], [5.063292, 51.861678], [5.063578, 51.861284], [5.063682, 51.860824], [5.06363, 51.860608], [5.063414, 51.860271], [5.063069, 51.859854], [5.062846, 51.859663], [5.062358, 51.859362], [5.061893, 51.859152], [5.061517, 51.859027], [5.06064, 51.858623], [5.059185, 51.858154], [5.058248, 51.857962], [5.056356, 51.857719], [5.055606, 51.857651], [5.053808, 51.857386], [5.052999, 51.857361], [5.052667, 51.857436], [5.05214, 51.857492], [5.051805, 51.857477], [5.051261, 51.857569], [5.050623, 51.857818], [5.050075, 51.858106], [5.049606, 51.858299], [5.048839, 51.858478], [5.048105, 51.858582], [5.048102, 51.85868], [5.046139, 51.858931], [5.044912, 51.859123], [5.043851, 51.859226], [5.043627, 51.859223], [5.042735, 51.859094], [5.041336, 51.858959], [5.038442, 51.858994]], [[5.044327, 52.086928], [5.04503, 52.086821], [5.045165, 52.086818], [5.045232, 52.086953], [5.04509, 52.086953], [5.045126, 52.087312], [5.044876, 52.087331], [5.044857, 52.087243], [5.044054, 52.087329], [5.044026, 52.087145], [5.043198, 52.087266], [5.043346, 52.087695], [5.04295, 52.087761], [5.043451, 52.088597], [5.044259, 52.088573], [5.044293, 52.088792], [5.043557, 52.088791], [5.043733, 52.089134], [5.043585, 52.089107], [5.042706, 52.087639], [5.042296, 52.087069], [5.043604, 52.086891], [5.043545, 52.086501], [5.043919, 52.086477], [5.044015, 52.087038], [5.044327, 52.086928]]], [[[5.00355, 52.193542], [5.003612, 52.1935], [5.003559, 52.193484], [5.00355, 52.193542]]], [[[4.801028, 52.21826], [4.802147, 52.217641], [4.802146, 52.217636], [4.801028, 52.21826]]], [[[4.910112, 52.252458], [4.909935, 52.252435], [4.909768, 52.252447], [4.910112, 52.252458]]], [[[4.909593, 52.25246], [4.909314, 52.25248], [4.909145, 52.252512], [4.909593, 52.25246]]], [[[4.910805, 52.252614], [4.910378, 52.252493], [4.910334, 52.252487], [4.910805, 52.252614]]], [[[4.909033, 52.252534], [4.908986, 52.252543], [4.907988, 52.252833], [4.909033, 52.252534]]], [[[4.911113, 52.252771], [4.911109, 52.252769], [4.911122, 52.252778], [4.911113, 52.252771]]], [[[4.905712, 52.253164], [4.906496, 52.253056], [4.905655, 52.253167], [4.905712, 52.253164]]], [[[4.903076, 52.253205], [4.903099, 52.253207], [4.902585, 52.253113], [4.903076, 52.253205]]], [[[4.9036, 52.253251], [4.903756, 52.25325], [4.90321, 52.253217], [4.9036, 52.253251]]], [[[4.90436, 52.253246], [4.904463, 52.25324], [4.904091, 52.253248], [4.90436, 52.253246]]], [[[4.914309, 52.255345], [4.914334, 52.255358], [4.914291, 52.255328], [4.914309, 52.255345]]], [[[4.917575, 52.257054], [4.91755, 52.257018], [4.917303, 52.256817], [4.917575, 52.257054]]], [[[4.917998, 52.26153], [4.917987, 52.261498], [4.917986, 52.261514], [4.917998, 52.26153]]], [[[4.918456, 52.261889], [4.918614, 52.26194], [4.918371, 52.26184], [4.918456, 52.261889]]], [[[4.918943, 52.262046], [4.919939, 52.262266], [4.918839, 52.262013], [4.918943, 52.262046]]], [[[4.920504, 52.26239], [4.921629, 52.262525], [4.920428, 52.262373], [4.920504, 52.26239]]], [[[4.923098, 52.263016], [4.922973, 52.262945], [4.92285, 52.262899], [4.923098, 52.263016]]], [[[4.923499, 52.263271], [4.923451, 52.263215], [4.92334, 52.263152], [4.923499, 52.263271]]], [[[4.923833, 52.263732], [4.923744, 52.26355], [4.92363, 52.26342], [4.923833, 52.263732]]], [[[4.923843, 52.26375], [4.923962, 52.264839], [4.924003, 52.265025], [4.923848, 52.263762], [4.923843, 52.26375]]], [[[4.924235, 52.266084], [4.9243, 52.266225], [4.924103, 52.265481], [4.924235, 52.266084]]], [[[4.924477, 52.266615], [4.924584, 52.266767], [4.924403, 52.266452], [4.924477, 52.266615]]], [[[4.924748, 52.267001], [4.924764, 52.26701], [4.924741, 52.26699], [4.924748, 52.267001]]], [[[4.925329, 52.267324], [4.925432, 52.267365], [4.925294, 52.267305], [4.925329, 52.267324]]], [[[4.925818, 52.267517], [4.925897, 52.267535], [4.925782, 52.267503], [4.925818, 52.267517]]], [[[4.926474, 52.267668], [4.928318, 52.267982], [4.926336, 52.267636], [4.926474, 52.267668]]], [[[5.023291, 52.271509], [5.022886, 52.272416], [5.022898, 52.272456], [5.023291, 52.271509]]], [[[4.926667, 52.272639], [4.927459, 52.273311], [4.927661, 52.273712], [4.927616, 52.273928], [4.927257, 52.274622], [4.926754, 52.275377], [4.926785, 52.276856], [4.926688, 52.277077], [4.926152, 52.277773], [4.925958, 52.278195], [4.926121, 52.279108], [4.926225, 52.2794], [4.926444, 52.27978], [4.926671, 52.279713], [4.927467, 52.279596], [4.927978, 52.279581], [4.928587, 52.279611], [4.929033, 52.279711], [4.931388, 52.280506], [4.931966, 52.280618], [4.932757, 52.280671], [4.933533, 52.280865], [4.933801, 52.280893], [4.934839, 52.280571], [4.936349, 52.28017], [4.936622, 52.280035], [4.937283, 52.279619], [4.937463, 52.279548], [4.938638, 52.279414], [4.93931, 52.279181], [4.940226, 52.279166], [4.940717, 52.279057], [4.941129, 52.278894], [4.942265, 52.278304], [4.942692, 52.278184], [4.943022, 52.278168], [4.943417, 52.278194], [4.944113, 52.278282], [4.945127, 52.278702], [4.945535, 52.278827], [4.946374, 52.278969], [4.947214, 52.279004], [4.947645, 52.278994], [4.947979, 52.278953], [4.949012, 52.278627], [4.949914, 52.278443], [4.951501, 52.278264], [4.952979, 52.278221], [4.953798, 52.278027], [4.955243, 52.278306], [4.956514, 52.27863], [4.956773, 52.278671], [4.957296, 52.278665], [4.957809, 52.278612], [4.958664, 52.278343], [4.959968, 52.278346], [4.960472, 52.278293], [4.961054, 52.278174], [4.961336, 52.278525], [4.961878, 52.279712], [4.962132, 52.280116], [4.962244, 52.280207], [4.962548, 52.280285], [4.963324, 52.280313], [4.964159, 52.280407], [4.964865, 52.280384], [4.965315, 52.280448], [4.965709, 52.280578], [4.966166, 52.28098], [4.96622, 52.28097], [4.966252, 52.280886], [4.966326, 52.280341], [4.966491, 52.280096], [4.966842, 52.279878], [4.967576, 52.279561], [4.967674, 52.279582], [4.968327, 52.280412], [4.968542, 52.280609], [4.968753, 52.280726], [4.968815, 52.280973], [4.969378, 52.281789], [4.969379, 52.281956], [4.969726, 52.283121], [4.969913, 52.283194], [4.970266, 52.283429], [4.971358, 52.284041], [4.972611, 52.284846], [4.973072, 52.285022], [4.973249, 52.285236], [4.973712, 52.285445], [4.975148, 52.286342], [4.975937, 52.286647], [4.976116, 52.286752], [4.978569, 52.287839], [4.979187, 52.288078], [4.980112, 52.28851], [4.982889, 52.289642], [4.982979, 52.289789], [4.983506, 52.290368], [4.98757, 52.289896], [4.990459, 52.289603], [4.994117, 52.289288], [4.997475, 52.289118], [4.998298, 52.289815], [4.998452, 52.289839], [4.998551, 52.290234], [4.998765, 52.290218], [4.998814, 52.290239], [5.00125, 52.292329], [5.001373, 52.292483], [5.001789, 52.292793], [5.001833, 52.292922], [5.001797, 52.293175], [5.001851, 52.295879], [5.002484, 52.296035], [5.002816, 52.296046], [5.003109, 52.296019], [5.003227, 52.296065], [5.003233, 52.297389], [5.003835, 52.298509], [5.005265, 52.298393], [5.007056, 52.300376], [5.007544, 52.300868], [5.007752, 52.301366], [5.007892, 52.301522], [5.008961, 52.301726], [5.009429, 52.301885], [5.009915, 52.302094], [5.010398, 52.302423], [5.011051, 52.303029], [5.011424, 52.303246], [5.011769, 52.303393], [5.012555, 52.303567], [5.013215, 52.303618], [5.014228, 52.30359], [5.014265, 52.303677], [5.014731, 52.303548], [5.016097, 52.303081], [5.016706, 52.30292], [5.016685, 52.302881], [5.01784, 52.302662], [5.01941, 52.302502], [5.021543, 52.302457], [5.021663, 52.301221], [5.021863, 52.289426], [5.021926, 52.284932], [5.021867, 52.282653], [5.022786, 52.2822], [5.022827, 52.282156], [5.022818, 52.282162], [5.020826, 52.282673], [5.018977, 52.281283], [5.016337, 52.282949], [5.011199, 52.286269], [5.009555, 52.286854], [5.007445, 52.287476], [5.004167, 52.28754], [5.003204, 52.287833], [5.000229, 52.288047], [4.995478, 52.28815], [4.992905, 52.288498], [4.992458, 52.28763], [4.992824, 52.287535], [4.99184, 52.286742], [4.989866, 52.285744], [4.988325, 52.284864], [4.987407, 52.284391], [4.98654, 52.2841], [4.985396, 52.283659], [4.983001, 52.283053], [4.982048, 52.282634], [4.981433, 52.282566], [4.977607, 52.281424], [4.977008, 52.281219], [4.974857, 52.280635], [4.976074, 52.279226], [4.977706, 52.27721], [4.980678, 52.273921], [4.980835, 52.273626], [4.980437, 52.273368], [4.978755, 52.27284], [4.973514, 52.271659], [4.972994, 52.271518], [4.972217, 52.270918], [4.972116, 52.270502], [4.972694, 52.27012], [4.973618, 52.269899], [4.973939, 52.269112], [4.974923, 52.267451], [4.973182, 52.267088], [4.973427, 52.266762], [4.969292, 52.266063], [4.969319, 52.265707], [4.96857, 52.265556], [4.968018, 52.266842], [4.967582, 52.266752], [4.967368, 52.267317], [4.967276, 52.267796], [4.967299, 52.268443], [4.966787, 52.269499], [4.966561, 52.269874], [4.964095, 52.269503], [4.960985, 52.269225], [4.959927, 52.268965], [4.953007, 52.271653], [4.950865, 52.272655], [4.949809, 52.272139], [4.948565, 52.271292], [4.946131, 52.26949], [4.944707, 52.268174], [4.94375, 52.266951], [4.943328, 52.266322], [4.94291, 52.266342], [4.9401, 52.265712], [4.936407, 52.264632], [4.935938, 52.264587], [4.935034, 52.264594], [4.934681, 52.265094], [4.934588, 52.265713], [4.933775, 52.26699], [4.933628, 52.267811], [4.933238, 52.26846], [4.932557, 52.268799], [4.931409, 52.268837], [4.929422, 52.268403], [4.929422, 52.268403], [4.929626, 52.268955], [4.929655, 52.269246], [4.929354, 52.269891], [4.929186, 52.270059], [4.928736, 52.270276], [4.928506, 52.270466], [4.928119, 52.271144], [4.928015, 52.271742], [4.927663, 52.271938], [4.926992, 52.27217], [4.926781, 52.272282], [4.926651, 52.272445], [4.926667, 52.272639]]], [[[5.032531, 52.254476], [5.032165, 52.254806], [5.032039, 52.254946], [5.032531, 52.254476]]], [[[5.031182, 52.256008], [5.031452, 52.255598], [5.031435, 52.255617], [5.031191, 52.255988], [5.031182, 52.256008]]], [[[5.031129, 52.256129], [5.031029, 52.256359], [5.031025, 52.256389], [5.031129, 52.256129]]], [[[5.030995, 52.256589], [5.030967, 52.256771], [5.030975, 52.256794], [5.030995, 52.256589]]], [[[5.031079, 52.257126], [5.03109, 52.257162], [5.031141, 52.257225], [5.031079, 52.257126]]], [[[5.031257, 52.25737], [5.031338, 52.257471], [5.031673, 52.257755], [5.031257, 52.25737]]], [[[5.032011, 52.258068], [5.032117, 52.258176], [5.032084, 52.258135], [5.032011, 52.258068]]], [[[5.032269, 52.258367], [5.032179, 52.258254], [5.03232, 52.258458], [5.032269, 52.258367]]], [[[5.032249, 52.260535], [5.032368, 52.260352], [5.032237, 52.260549], [5.032249, 52.260535]]], [[[5.031955, 52.260877], [5.032106, 52.260701], [5.031936, 52.260893], [5.031955, 52.260877]]], [[[5.03149, 52.261277], [5.031639, 52.261149], [5.031471, 52.261291], [5.03149, 52.261277]]], [[[5.031099, 52.261557], [5.031326, 52.261395], [5.031057, 52.261583], [5.031099, 52.261557]]], [[[5.030218, 52.262089], [5.030703, 52.261796], [5.030024, 52.262187], [5.030218, 52.262089]]], [[[5.026888, 52.263863], [5.026743, 52.264001], [5.02691, 52.263849], [5.026888, 52.263863]]], [[[5.02658, 52.264156], [5.026571, 52.264165], [5.026507, 52.264396], [5.02658, 52.264156]]], [[[5.027799, 52.266041], [5.02779, 52.266022], [5.027819, 52.266134], [5.027799, 52.266041]]], [[[5.02789, 52.266463], [5.027877, 52.266401], [5.027901, 52.266672], [5.02789, 52.266463]]], [[[5.027912, 52.266894], [5.02791, 52.266854], [5.02789, 52.267087], [5.027912, 52.266894]]], [[[5.027874, 52.267228], [5.027877, 52.267207], [5.027825, 52.267364], [5.027874, 52.267228]]], [[[5.02775, 52.267574], [5.027766, 52.267529], [5.027695, 52.267652], [5.02775, 52.267574]]], [[[5.027509, 52.267915], [5.027546, 52.267863], [5.027293, 52.268097], [5.027509, 52.267915]]], [[[5.027136, 52.268229], [5.027167, 52.268204], [5.026892, 52.268375], [5.027136, 52.268229]]], [[[5.02568, 52.268997], [5.026727, 52.268474], [5.026745, 52.268463], [5.025869, 52.268887], [5.02568, 52.268997]]], [[[5.025438, 52.269138], [5.025327, 52.269202], [5.025224, 52.269285], [5.025438, 52.269138]]], [[[5.025019, 52.26945], [5.024938, 52.269516], [5.024877, 52.269579], [5.025019, 52.26945]]], [[[5.024559, 52.269906], [5.024316, 52.270156], [5.024277, 52.270205], [5.024559, 52.269906]]], [[[5.023845, 52.270743], [5.023553, 52.271106], [5.023533, 52.271138], [5.023845, 52.270743]]], [[[5.029538, 52.272014], [5.029526, 52.272014], [5.029814, 52.272044], [5.029538, 52.272014]]], [[[5.031532, 52.273551], [5.032687, 52.274956], [5.031256, 52.273173], [5.031532, 52.273551]]], [[[5.024766, 52.281663], [5.024682, 52.281685], [5.024382, 52.281357], [5.025245, 52.282372], [5.026508, 52.283978], [5.027819, 52.285487], [5.030528, 52.288487], [5.03042, 52.28832], [5.027005, 52.284541], [5.024766, 52.281663]]], [[[5.035209, 52.252653], [5.035135, 52.252653], [5.034956, 52.252679], [5.035209, 52.252653]]], [[[5.03491, 52.252685], [5.034883, 52.252689], [5.034779, 52.252724], [5.03491, 52.252685]]], [[[5.034708, 52.252748], [5.034696, 52.252752], [5.034643, 52.252784], [5.034708, 52.252748]]], [[[5.036368, 52.252909], [5.036262, 52.252847], [5.036217, 52.252831], [5.036368, 52.252909]]], [[[5.036947, 52.253265], [5.036833, 52.253179], [5.036709, 52.253106], [5.036947, 52.253265]]], [[[5.034413, 52.252922], [5.033251, 52.253827], [5.033128, 52.253938], [5.034456, 52.252896], [5.034413, 52.252922]]], [[[5.037443, 52.253646], [5.037422, 52.253626], [5.03736, 52.253579], [5.037443, 52.253646]]], [[[5.037908, 52.254153], [5.037756, 52.253954], [5.037557, 52.253759], [5.037908, 52.254153]]], [[[5.043548, 52.255008], [5.04358, 52.254298], [5.043514, 52.25516], [5.043548, 52.255008]]], [[[5.038625, 52.255271], [5.038075, 52.254371], [5.038013, 52.254291], [5.038625, 52.255271]]], [[[5.043475, 52.255335], [5.043488, 52.255279], [5.043448, 52.255381], [5.043475, 52.255335]]], [[[5.038877, 52.255594], [5.039003, 52.255714], [5.038625, 52.255271], [5.038877, 52.255594]]], [[[5.043328, 52.255587], [5.04321, 52.255734], [5.043279, 52.255671], [5.043328, 52.255587]]], [[[5.042943, 52.255977], [5.043056, 52.255874], [5.042866, 52.256024], [5.042943, 52.255977]]], [[[5.039436, 52.256125], [5.039682, 52.256293], [5.039298, 52.255994], [5.039436, 52.256125]]], [[[5.039711, 52.256313], [5.039731, 52.256326], [5.040062, 52.256499], [5.040153, 52.256528], [5.039711, 52.256313]]], [[[5.042143, 52.256456], [5.042222, 52.256409], [5.04169, 52.256623], [5.042143, 52.256456]]], [[[5.04138, 52.256698], [5.04169, 52.256623], [5.041343, 52.256702], [5.04138, 52.256698]]], [[[5.040676, 52.256694], [5.040843, 52.256711], [5.040655, 52.256687], [5.040676, 52.256694]]], [[[5.041067, 52.256733], [5.041185, 52.25672], [5.041039, 52.25673], [5.041067, 52.256733]]], [[[5.032457, 52.258706], [5.032418, 52.258636], [5.032467, 52.258741], [5.032457, 52.258706]]], [[[5.032672, 52.259472], [5.032664, 52.259446], [5.032669, 52.259496], [5.032672, 52.259472]]], [[[5.032633, 52.259791], [5.032645, 52.259695], [5.032627, 52.259807], [5.032633, 52.259791]]], [[[5.032489, 52.260166], [5.03256, 52.259982], [5.032479, 52.26018], [5.032489, 52.260166]]], [[[5.032687, 52.274956], [5.03288, 52.275148], [5.032925, 52.27518], [5.032687, 52.274956]]], [[[5.033035, 52.275258], [5.033156, 52.275344], [5.03323, 52.275377], [5.033035, 52.275258]]], [[[5.038349, 52.276998], [5.038471, 52.277038], [5.040324, 52.277427], [5.038349, 52.276998]]], [[[5.041948, 52.277838], [5.04205, 52.277855], [5.040324, 52.277427], [5.041948, 52.277838]]], [[[5.042218, 52.277882], [5.042522, 52.27793], [5.042816, 52.277948], [5.042218, 52.277882]]], [[[5.043706, 52.277911], [5.042949, 52.277956], [5.043014, 52.27796], [5.043672, 52.277917], [5.043706, 52.277911]]], [[[5.198064, 51.96036], [5.196104, 51.960806], [5.198444, 51.960287], [5.198064, 51.96036]]], [[[5.193362, 51.961594], [5.192201, 51.961981], [5.193999, 51.961412], [5.193362, 51.961594]]], [[[5.114275, 52.01362], [5.117112, 52.013099], [5.116766, 52.012199], [5.11754, 52.01209], [5.116233, 52.008514], [5.11266, 52.008994], [5.114275, 52.01362]]], [[[5.11497, 52.014494], [5.115449, 52.015352], [5.116966, 52.019141], [5.117153, 52.01911], [5.117356, 52.019136], [5.120401, 52.018018], [5.120755, 52.017874], [5.120755, 52.017835], [5.119774, 52.016718], [5.119258, 52.016775], [5.117791, 52.014675], [5.117738, 52.01464], [5.117673, 52.01466], [5.117493, 52.014007], [5.115617, 52.014308], [5.115242, 52.014257], [5.114802, 52.014386], [5.11497, 52.014494]]], [[[5.121054, 52.028211], [5.121553, 52.029341], [5.128374, 52.025126], [5.122418, 52.018108], [5.122315, 52.017922], [5.117709, 52.01961], [5.117729, 52.019939], [5.118031, 52.020709], [5.118087, 52.02109], [5.118675, 52.022572], [5.118687, 52.022684], [5.119474, 52.024637], [5.119383, 52.024652], [5.119492, 52.024931], [5.119826, 52.02506], [5.120035, 52.025103], [5.120117, 52.025201], [5.120373, 52.026045], [5.12065, 52.026656], [5.120888, 52.027324], [5.120915, 52.027747], [5.121054, 52.028211]]], [[[5.246583, 52.257804], [5.247116, 52.258525], [5.249752, 52.261807], [5.250102, 52.262172], [5.250734, 52.262948], [5.252698, 52.265479], [5.255987, 52.269572], [5.258801, 52.272966], [5.260963, 52.275685], [5.262673, 52.27774], [5.265179, 52.280862], [5.265978, 52.281926], [5.278153, 52.280519], [5.280562, 52.28028], [5.283667, 52.279897], [5.284007, 52.279907], [5.284255, 52.279831], [5.285412, 52.279697], [5.285889, 52.279659], [5.286107, 52.279699], [5.286998, 52.27964], [5.287343, 52.279525], [5.289593, 52.279271], [5.28973, 52.279225], [5.290469, 52.279139], [5.290855, 52.279064], [5.297467, 52.278346], [5.30206, 52.277799], [5.302365, 52.277733], [5.302897, 52.277707], [5.303714, 52.277582], [5.30405, 52.277573], [5.305834, 52.277329], [5.335461, 52.290218], [5.393236, 52.255157], [5.402897, 52.249527], [5.404643, 52.24963], [5.403239, 52.246072], [5.401839, 52.242674], [5.401236, 52.241056], [5.400821, 52.240202], [5.399836, 52.23758], [5.399569, 52.237059], [5.398676, 52.234992], [5.397818, 52.232751], [5.396789, 52.230377], [5.396687, 52.229997], [5.39645, 52.229412], [5.396237, 52.228464], [5.395958, 52.228011], [5.395698, 52.227272], [5.395397, 52.226626], [5.395314, 52.226269], [5.394967, 52.225585], [5.394576, 52.224134], [5.394264, 52.223498], [5.393303, 52.220992], [5.393215, 52.220634], [5.393525, 52.220176], [5.393642, 52.22008], [5.400052, 52.216897], [5.403728, 52.215126], [5.405993, 52.213968], [5.407222, 52.213405], [5.4088, 52.216974], [5.40967, 52.21858], [5.417179, 52.21498], [5.419623, 52.213711], [5.421029, 52.213194], [5.421987, 52.212279], [5.423119, 52.211766], [5.426036, 52.210336], [5.429589, 52.208357], [5.430595, 52.207856], [5.431685, 52.207365], [5.431736, 52.207238], [5.431891, 52.207123], [5.432522, 52.206895], [5.432865, 52.206833], [5.434329, 52.206215], [5.434231, 52.206117], [5.434684, 52.205925], [5.434714, 52.205876], [5.435426, 52.205605], [5.43545, 52.205629], [5.436382, 52.205296], [5.436652, 52.205586], [5.439237, 52.204601], [5.43982, 52.205984], [5.440568, 52.205837], [5.441039, 52.205693], [5.440848, 52.205486], [5.440938, 52.205466], [5.440187, 52.20463], [5.441146, 52.204314], [5.440865, 52.204014], [5.440937, 52.203991], [5.439637, 52.202608], [5.439576, 52.202303], [5.439662, 52.202211], [5.43959, 52.202139], [5.439449, 52.202195], [5.439387, 52.20143], [5.439382, 52.200758], [5.439352, 52.200758], [5.439422, 52.19996], [5.439609, 52.198891], [5.439665, 52.198453], [5.439649, 52.198194], [5.439772, 52.197282], [5.439705, 52.19596], [5.439973, 52.195761], [5.440014, 52.194563], [5.439933, 52.194515], [5.440048, 52.194019], [5.440163, 52.192033], [5.440096, 52.190052], [5.439795, 52.188445], [5.439347, 52.187119], [5.438861, 52.185992], [5.438867, 52.185902], [5.438086, 52.184585], [5.438476, 52.184408], [5.43886, 52.18445], [5.439248, 52.184313], [5.439043, 52.184127], [5.439575, 52.178965], [5.439903, 52.175066], [5.440058, 52.174093], [5.440061, 52.173452], [5.440137, 52.173215], [5.439342, 52.173078], [5.438916, 52.172917], [5.43943, 52.172124], [5.439541, 52.172019], [5.439557, 52.172038], [5.439799, 52.171569], [5.439876, 52.171197], [5.442019, 52.169737], [5.442932, 52.169176], [5.443594, 52.16883], [5.444244, 52.168563], [5.445366, 52.168265], [5.44662, 52.168006], [5.446856, 52.168068], [5.448026, 52.167827], [5.448824, 52.167704], [5.449787, 52.167608], [5.453535, 52.16733], [5.454193, 52.167332], [5.458173, 52.167038], [5.458552, 52.166943], [5.458775, 52.166964], [5.458764, 52.167003], [5.475752, 52.165762], [5.475746, 52.166095], [5.479922, 52.165815], [5.479859, 52.165704], [5.479751, 52.165679], [5.479615, 52.165477], [5.478948, 52.164741], [5.478883, 52.164401], [5.477739, 52.16424], [5.475557, 52.16439], [5.475472, 52.164359], [5.475257, 52.164151], [5.474484, 52.163876], [5.473869, 52.163907], [5.472982, 52.163822], [5.473192, 52.163645], [5.473316, 52.163464], [5.473409, 52.163275], [5.473405, 52.163114], [5.473332, 52.1631], [5.473393, 52.162995], [5.472433, 52.162851], [5.472866, 52.161848], [5.47552, 52.162162], [5.47814, 52.161717], [5.479197, 52.161361], [5.479598, 52.161176], [5.47997, 52.160955], [5.480733, 52.160354], [5.480973, 52.160102], [5.481125, 52.160046], [5.481398, 52.160025], [5.481751, 52.159877], [5.482116, 52.159796], [5.481458, 52.158374], [5.481496, 52.158297], [5.482309, 52.158205], [5.482461, 52.158243], [5.483038, 52.158289], [5.483653, 52.158289], [5.483977, 52.158236], [5.484143, 52.158178], [5.484317, 52.158064], [5.484132, 52.157134], [5.484254, 52.157086], [5.484197, 52.156919], [5.484166, 52.155817], [5.484113, 52.155479], [5.484074, 52.155346], [5.48361, 52.155385], [5.483724, 52.155047], [5.483774, 52.154684], [5.483767, 52.153981], [5.483248, 52.154017], [5.482933, 52.15253], [5.482626, 52.151504], [5.481342, 52.150501], [5.483425, 52.149596], [5.484795, 52.149166], [5.489476, 52.148219], [5.496251, 52.14735], [5.497172, 52.14731], [5.498552, 52.147386], [5.498596, 52.147355], [5.498982, 52.147393], [5.498815, 52.146227], [5.498506, 52.144932], [5.49837, 52.144486], [5.498179, 52.144193], [5.498031, 52.143818], [5.497989, 52.14353], [5.498092, 52.143467], [5.498007, 52.143153], [5.497306, 52.141444], [5.498535, 52.141171], [5.498943, 52.141118], [5.499835, 52.141083], [5.500002, 52.141043], [5.501222, 52.140505], [5.502202, 52.139851], [5.502603, 52.139536], [5.502742, 52.139567], [5.504139, 52.139356], [5.504216, 52.139277], [5.504377, 52.139225], [5.504716, 52.139209], [5.505614, 52.139052], [5.507592, 52.138866], [5.50745, 52.138532], [5.509637, 52.138167], [5.510307, 52.137999], [5.511685, 52.137496], [5.512481, 52.137072], [5.514079, 52.135923], [5.513536, 52.135773], [5.512367, 52.134224], [5.511881, 52.134115], [5.51196, 52.134001], [5.512, 52.133998], [5.512042, 52.133736], [5.511964, 52.132513], [5.512077, 52.132284], [5.512171, 52.132193], [5.511928, 52.132105], [5.511668, 52.132051], [5.511339, 52.13211], [5.510989, 52.132026], [5.510065, 52.131916], [5.509203, 52.131945], [5.508931, 52.131775], [5.508857, 52.131585], [5.508561, 52.131653], [5.507697, 52.131335], [5.50769, 52.131129], [5.507636, 52.131124], [5.507562, 52.131169], [5.507472, 52.131348], [5.507342, 52.131331], [5.507094, 52.131222], [5.506721, 52.13098], [5.506297, 52.131023], [5.506103, 52.130914], [5.505513, 52.131118], [5.50522, 52.131141], [5.505043, 52.131114], [5.504971, 52.131068], [5.504978, 52.130933], [5.504757, 52.130953], [5.504615, 52.130931], [5.504118, 52.130666], [5.503584, 52.130573], [5.502778, 52.130249], [5.502395, 52.130199], [5.502117, 52.130093], [5.501603, 52.130086], [5.501532, 52.130042], [5.501518, 52.129961], [5.501424, 52.129926], [5.500992, 52.130053], [5.500724, 52.130043], [5.500395, 52.130136], [5.499734, 52.130253], [5.499165, 52.130245], [5.499071, 52.130292], [5.499166, 52.130458], [5.499087, 52.130543], [5.498881, 52.130481], [5.498344, 52.130225], [5.498044, 52.130211], [5.497913, 52.130283], [5.497583, 52.128633], [5.497467, 52.128335], [5.497351, 52.127833], [5.496897, 52.125356], [5.496759, 52.124814], [5.496496, 52.124847], [5.496421, 52.124601], [5.495259, 52.12466], [5.494751, 52.124721], [5.494695, 52.124698], [5.494686, 52.124615], [5.494738, 52.124591], [5.494691, 52.124245], [5.49514, 52.122296], [5.495141, 52.122255], [5.495019, 52.122209], [5.49506, 52.121993], [5.495582, 52.121453], [5.495862, 52.121249], [5.496134, 52.121101], [5.496653, 52.120496], [5.496706, 52.120283], [5.496652, 52.120125], [5.49673, 52.119962], [5.496819, 52.119913], [5.496918, 52.119557], [5.497961, 52.119358], [5.500042, 52.1192], [5.500419, 52.119266], [5.501201, 52.119497], [5.501669, 52.11957], [5.503222, 52.119686], [5.503229, 52.119649], [5.504829, 52.119763], [5.505354, 52.11975], [5.50471, 52.118148], [5.504609, 52.118162], [5.504212, 52.117165], [5.503756, 52.116586], [5.505894, 52.115984], [5.5066, 52.115855], [5.507076, 52.115841], [5.507164, 52.115609], [5.507549, 52.115645], [5.507702, 52.113897], [5.506467, 52.114281], [5.506168, 52.11431], [5.504157, 52.113738], [5.50395, 52.11372], [5.50377, 52.11381], [5.502499, 52.114949], [5.50261, 52.115092], [5.498917, 52.116018], [5.497508, 52.11593], [5.497012, 52.115851], [5.496456, 52.115945], [5.496051, 52.115746], [5.495626, 52.115586], [5.493903, 52.115651], [5.492579, 52.115662], [5.491945, 52.115723], [5.491139, 52.115872], [5.490755, 52.116055], [5.488082, 52.116101], [5.4879, 52.116043], [5.486447, 52.11536], [5.48686, 52.115205], [5.487415, 52.115051], [5.487886, 52.114998], [5.488705, 52.114965], [5.489005, 52.114874], [5.489075, 52.114899], [5.489113, 52.114981], [5.489162, 52.114998], [5.489718, 52.1149], [5.48977, 52.114812], [5.489887, 52.114744], [5.490256, 52.114645], [5.490439, 52.114645], [5.49094, 52.114486], [5.491052, 52.114507], [5.491176, 52.114599], [5.491521, 52.114465], [5.491831, 52.114508], [5.491896, 52.114426], [5.491832, 52.11409], [5.492397, 52.113813], [5.492625, 52.113767], [5.493014, 52.113559], [5.493003, 52.113457], [5.493376, 52.113002], [5.493581, 52.113105], [5.493688, 52.113094], [5.493714, 52.112873], [5.493879, 52.112815], [5.493922, 52.112764], [5.493941, 52.112504], [5.493872, 52.111908], [5.493874, 52.111373], [5.49391, 52.111271], [5.493862, 52.111097], [5.488966, 52.108145], [5.488618, 52.108009], [5.487874, 52.10764], [5.485945, 52.106472], [5.484302, 52.105542], [5.484775, 52.103784], [5.484995, 52.103304], [5.485038, 52.101849], [5.485237, 52.099216], [5.48474, 52.096624], [5.48518, 52.095625], [5.485897, 52.094216], [5.486083, 52.093657], [5.482673, 52.092611], [5.480622, 52.092027], [5.479969, 52.091709], [5.476785, 52.09038], [5.476761, 52.090348], [5.47554, 52.090355], [5.474833, 52.090255], [5.474428, 52.090093], [5.472786, 52.089162], [5.471886, 52.089381], [5.471498, 52.088351], [5.469995, 52.087436], [5.470001, 52.087402], [5.468943, 52.086615], [5.467959, 52.085995], [5.466263, 52.084812], [5.464927, 52.083797], [5.464938, 52.083724], [5.464054, 52.083056], [5.463478, 52.083418], [5.463368, 52.083442], [5.462532, 52.083156], [5.459807, 52.082019], [5.459678, 52.082003], [5.460148, 52.080952], [5.459243, 52.080226], [5.45965, 52.079983], [5.460364, 52.079653], [5.461328, 52.079311], [5.46223, 52.079084], [5.464658, 52.078748], [5.464901, 52.078674], [5.465435, 52.078429], [5.465638, 52.078303], [5.465988, 52.077959], [5.466108, 52.077731], [5.4662, 52.077442], [5.466308, 52.076379], [5.466382, 52.07619], [5.466729, 52.075802], [5.466891, 52.075686], [5.467144, 52.07557], [5.46749, 52.075458], [5.467952, 52.075372], [5.46927, 52.075219], [5.470305, 52.074948], [5.470678, 52.074801], [5.472631, 52.073801], [5.473825, 52.07305], [5.474209, 52.072921], [5.474579, 52.072845], [5.475659, 52.072761], [5.475926, 52.072714], [5.476174, 52.072716], [5.476376, 52.072641], [5.476492, 52.0725], [5.476849, 52.072299], [5.477222, 52.072013], [5.478212, 52.071714], [5.478416, 52.071709], [5.478413, 52.071676], [5.479148, 52.071598], [5.479976, 52.07138], [5.481744, 52.07046], [5.483897, 52.069656], [5.48415, 52.069622], [5.484522, 52.069638], [5.484721, 52.069685], [5.485628, 52.070183], [5.48589, 52.070263], [5.486213, 52.070264], [5.486985, 52.070161], [5.487494, 52.070186], [5.487821, 52.07025], [5.488282, 52.070393], [5.490175, 52.071252], [5.490696, 52.071411], [5.492327, 52.07156], [5.493053, 52.071749], [5.493887, 52.071889], [5.494424, 52.071931], [5.495165, 52.071901], [5.495775, 52.071777], [5.496639, 52.071527], [5.497508, 52.071349], [5.498068, 52.071313], [5.499882, 52.071335], [5.501666, 52.072852], [5.50199, 52.073177], [5.502092, 52.073345], [5.504584, 52.07335], [5.504847, 52.075174], [5.504984, 52.076694], [5.50507, 52.076911], [5.506482, 52.076706], [5.508758, 52.076979], [5.509204, 52.07697], [5.509576, 52.077362], [5.509752, 52.07762], [5.510295, 52.077967], [5.510361, 52.078055], [5.510361, 52.078161], [5.510281, 52.078318], [5.509994, 52.078686], [5.509694, 52.07898], [5.509923, 52.07905], [5.511552, 52.078939], [5.511578, 52.078913], [5.511698, 52.078943], [5.512171, 52.078934], [5.513146, 52.078805], [5.514157, 52.078752], [5.514453, 52.078795], [5.514873, 52.078975], [5.514897, 52.078916], [5.51514, 52.078901], [5.515162, 52.079001], [5.516396, 52.079179], [5.517755, 52.07922], [5.519437, 52.079227], [5.51942, 52.079137], [5.519502, 52.079049], [5.519577, 52.079036], [5.519589, 52.07896], [5.519992, 52.078692], [5.520357, 52.078308], [5.520605, 52.0783], [5.521049, 52.078141], [5.521215, 52.07827], [5.521411, 52.078231], [5.521978, 52.07804], [5.522256, 52.077909], [5.522554, 52.077681], [5.522654, 52.077542], [5.524111, 52.078463], [5.524539, 52.078806], [5.525877, 52.080086], [5.526896, 52.08068], [5.527838, 52.081092], [5.52826, 52.081137], [5.528786, 52.08144], [5.529462, 52.081683], [5.530474, 52.081819], [5.530999, 52.082167], [5.531245, 52.082419], [5.531477, 52.083271], [5.531807, 52.083619], [5.531306, 52.083939], [5.530292, 52.08417], [5.526634, 52.084903], [5.530856, 52.089774], [5.537127, 52.088659], [5.538294, 52.09269], [5.535079, 52.092875], [5.538831, 52.096436], [5.538921, 52.09668], [5.53916, 52.097814], [5.538573, 52.098086], [5.535937, 52.099163], [5.534241, 52.099772], [5.533855, 52.099871], [5.532817, 52.099984], [5.531543, 52.102267], [5.537477, 52.103164], [5.54154, 52.103737], [5.543498, 52.10207], [5.544013, 52.101949], [5.546302, 52.102444], [5.5464, 52.102846], [5.545292, 52.10439], [5.550343, 52.10542], [5.553063, 52.100954], [5.553235, 52.100806], [5.554236, 52.100151], [5.554123, 52.099982], [5.55295, 52.099136], [5.551825, 52.097504], [5.551581, 52.09726], [5.551131, 52.096962], [5.550463, 52.096641], [5.550563, 52.096394], [5.554429, 52.095392], [5.554537, 52.094808], [5.554517, 52.094707], [5.554236, 52.094358], [5.554179, 52.094194], [5.554435, 52.093469], [5.554863, 52.09314], [5.555328, 52.092432], [5.555684, 52.091991], [5.55587, 52.09182], [5.555857, 52.091741], [5.555752, 52.091711], [5.555359, 52.091785], [5.555347, 52.091741], [5.55471, 52.091522], [5.55474, 52.091241], [5.555023, 52.090239], [5.555264, 52.088096], [5.554905, 52.08655], [5.554961, 52.086449], [5.555116, 52.086528], [5.555719, 52.087101], [5.555781, 52.087112], [5.555973, 52.087112], [5.55613, 52.087069], [5.556542, 52.086787], [5.557053, 52.086867], [5.557112, 52.086851], [5.557202, 52.086791], [5.557229, 52.086712], [5.557079, 52.086443], [5.557377, 52.086252], [5.557414, 52.086111], [5.556687, 52.085483], [5.557046, 52.085301], [5.55732, 52.08525], [5.557479, 52.085184], [5.55753, 52.085104], [5.557876, 52.084958], [5.558056, 52.084791], [5.558402, 52.084722], [5.558611, 52.084722], [5.558689, 52.084693], [5.558768, 52.084605], [5.559118, 52.084468], [5.559384, 52.084536], [5.559581, 52.08454], [5.559972, 52.084454], [5.560472, 52.084483], [5.560778, 52.084394], [5.56063, 52.083112], [5.560589, 52.08194], [5.560711, 52.081413], [5.560806, 52.081172], [5.561061, 52.080751], [5.561343, 52.080057], [5.561414, 52.079993], [5.561803, 52.079807], [5.562582, 52.079258], [5.562644, 52.078997], [5.562677, 52.078492], [5.562739, 52.078332], [5.562132, 52.075813], [5.561444, 52.073286], [5.559212, 52.071043], [5.559679, 52.070208], [5.560782, 52.06859], [5.560729, 52.067501], [5.560429, 52.066375], [5.560373, 52.065609], [5.560387, 52.064424], [5.560333, 52.063883], [5.560214, 52.063337], [5.559955, 52.063229], [5.560067, 52.06321], [5.559948, 52.060888], [5.559815, 52.05955], [5.559508, 52.058777], [5.559153, 52.057673], [5.558835, 52.056214], [5.558719, 52.054765], [5.558589, 52.054031], [5.558386, 52.053359], [5.558319, 52.052871], [5.558147, 52.05222], [5.557575, 52.050375], [5.558414, 52.050204], [5.558542, 52.050143], [5.558649, 52.050006], [5.557876, 52.048952], [5.557903, 52.048865], [5.558254, 52.048829], [5.558328, 52.048747], [5.558495, 52.04876], [5.560145, 52.048669], [5.560771, 52.048664], [5.569845, 52.048112], [5.570853, 52.047997], [5.570444, 52.046687], [5.57022, 52.046288], [5.569981, 52.045684], [5.569935, 52.045287], [5.570046, 52.045171], [5.569967, 52.045177], [5.570034, 52.045019], [5.570014, 52.04451], [5.570235, 52.0445], [5.570152, 52.04444], [5.570045, 52.043401], [5.569754, 52.043415], [5.568657, 52.042397], [5.568622, 52.042097], [5.56835, 52.041832], [5.567386, 52.040606], [5.568052, 52.040433], [5.568013, 52.040377], [5.5684, 52.040237], [5.568582, 52.040233], [5.573506, 52.039068], [5.58354, 52.036448], [5.586586, 52.035556], [5.588142, 52.035054], [5.59003, 52.034387], [5.589907, 52.032693], [5.589756, 52.032698], [5.589589, 52.031177], [5.586712, 52.03129], [5.586503, 52.029171], [5.58653, 52.028743], [5.586644, 52.028426], [5.587256, 52.02761], [5.587403, 52.027291], [5.587484, 52.026955], [5.587495, 52.026788], [5.587453, 52.02679], [5.587446, 52.026632], [5.587511, 52.026628], [5.587297, 52.022215], [5.587263, 52.022217], [5.587225, 52.021319], [5.58717, 52.021319], [5.587149, 52.020909], [5.587222, 52.020904], [5.5872, 52.02045], [5.590242, 52.020267], [5.590161, 52.019384], [5.589622, 52.015595], [5.586922, 52.015713], [5.586835, 52.014132], [5.586835, 52.014078], [5.586901, 52.014035], [5.586912, 52.013914], [5.586839, 52.013875], [5.586751, 52.012286], [5.586656, 52.012144], [5.586455, 52.012004], [5.586015, 52.011776], [5.588188, 52.010431], [5.588296, 52.010412], [5.588594, 52.010262], [5.589132, 52.009856], [5.589427, 52.009551], [5.590359, 52.008227], [5.591113, 52.007301], [5.591071, 52.007287], [5.591209, 52.006652], [5.59122, 52.006138], [5.591155, 52.005751], [5.590884, 52.005219], [5.59079, 52.004905], [5.590836, 52.004917], [5.590761, 52.004494], [5.590808, 52.004123], [5.590755, 52.003685], [5.590808, 52.003025], [5.59099, 52.00265], [5.591436, 52.002065], [5.591908, 52.001519], [5.591996, 52.00147], [5.591998, 52.001392], [5.592248, 52.001187], [5.593042, 52.000746], [5.593923, 52.000425], [5.595613, 51.999677], [5.596556, 51.999202], [5.597178, 51.998564], [5.59781, 51.998255], [5.599317, 51.996987], [5.599494, 51.996893], [5.600202, 51.996636], [5.600975, 51.996255], [5.602177, 51.995341], [5.602515, 51.994998], [5.602805, 51.994869], [5.603511, 51.994666], [5.604481, 51.99416], [5.605065, 51.99406], [5.605503, 51.994051], [5.606734, 51.994339], [5.607051, 51.994327], [5.608249, 51.993902], [5.60864, 51.993849], [5.609548, 51.993877], [5.609972, 51.993692], [5.610931, 51.992809], [5.611273, 51.992444], [5.611525, 51.992099], [5.611636, 51.99201], [5.612212, 51.991709], [5.613813, 51.990343], [5.613905, 51.99018], [5.614326, 51.988786], [5.614188, 51.987559], [5.614337, 51.98637], [5.614506, 51.986003], [5.615133, 51.985512], [5.615229, 51.985172], [5.615235, 51.984892], [5.614956, 51.984456], [5.614899, 51.98427], [5.615031, 51.982808], [5.615083, 51.982687], [5.617089, 51.980531], [5.618381, 51.979502], [5.618784, 51.979135], [5.619415, 51.978361], [5.620147, 51.977362], [5.620419, 51.977216], [5.621564, 51.976861], [5.622262, 51.976528], [5.624963, 51.974853], [5.626064, 51.97407], [5.626171, 51.973844], [5.626149, 51.973621], [5.626029, 51.973434], [5.62535, 51.97156], [5.624856, 51.970448], [5.623082, 51.968883], [5.622673, 51.968415], [5.622424, 51.968239], [5.621636, 51.967919], [5.619539, 51.967203], [5.618542, 51.9666], [5.618408, 51.96644], [5.618329, 51.966258], [5.620258, 51.966582], [5.620145, 51.966432], [5.620258, 51.966394], [5.620388, 51.966416], [5.623148, 51.962661], [5.624978, 51.960065], [5.6259, 51.958496], [5.626495, 51.957366], [5.626409, 51.957326], [5.626857, 51.956382], [5.627124, 51.955616], [5.627287, 51.954574], [5.627309, 51.952473], [5.627152, 51.952348], [5.625027, 51.951615], [5.624712, 51.951679], [5.624123, 51.951895], [5.623446, 51.951946], [5.621515, 51.951738], [5.620162, 51.951498], [5.620446, 51.948166], [5.619366, 51.948347], [5.618791, 51.948122], [5.6185, 51.948328], [5.618643, 51.948436], [5.617636, 51.948839], [5.617601, 51.94882], [5.617156, 51.948983], [5.616428, 51.949354], [5.611832, 51.946656], [5.608988, 51.945037], [5.607198, 51.943965], [5.60594, 51.943125], [5.605782, 51.94316], [5.603072, 51.944184], [5.602005, 51.944623], [5.600882, 51.945168], [5.599896, 51.945719], [5.5989, 51.946331], [5.597432, 51.947095], [5.596662, 51.947483], [5.594441, 51.948494], [5.592737, 51.949183], [5.590992, 51.949776], [5.587835, 51.950575], [5.586136, 51.950925], [5.583386, 51.951438], [5.580795, 51.951876], [5.579446, 51.952158], [5.575574, 51.952827], [5.564071, 51.954103], [5.561253, 51.954502], [5.560141, 51.954768], [5.558339, 51.955269], [5.556934, 51.955711], [5.555658, 51.956157], [5.554398, 51.956655], [5.552742, 51.9574], [5.551061, 51.958274], [5.549561, 51.959197], [5.548216, 51.960138], [5.546918, 51.961177], [5.545709, 51.962256], [5.543302, 51.964982], [5.542407, 51.965855], [5.54135, 51.966642], [5.540208, 51.967282], [5.538942, 51.967827], [5.53752, 51.968285], [5.536086, 51.968601], [5.529692, 51.969772], [5.524814, 51.970613], [5.523026, 51.970857], [5.521205, 51.971148], [5.519168, 51.971507], [5.51695, 51.97194], [5.515384, 51.972306], [5.512481, 51.973081], [5.510979, 51.973643], [5.509454, 51.974264], [5.508045, 51.974913], [5.503205, 51.977397], [5.500751, 51.978592], [5.496351, 51.980273], [5.493398, 51.981343], [5.491877, 51.981856], [5.488678, 51.982838], [5.485918, 51.983284], [5.486214, 51.983826], [5.484601, 51.983931], [5.481507, 51.983889], [5.473217, 51.98299], [5.472096, 51.982971], [5.470991, 51.982987], [5.467788, 51.983157], [5.465762, 51.983333], [5.462687, 51.983533], [5.457012, 51.983684], [5.454433, 51.983685], [5.453885, 51.98371], [5.453194, 51.983809], [5.45237, 51.984007], [5.451045, 51.984391], [5.44997, 51.984749], [5.448403, 51.985162], [5.446374, 51.985574], [5.444654, 51.985802], [5.442408, 51.985948], [5.440601, 51.985918], [5.439394, 51.985833], [5.437323, 51.985561], [5.435434, 51.985157], [5.433869, 51.984738], [5.433266, 51.984552], [5.432524, 51.984262], [5.431304, 51.983725], [5.430266, 51.983187], [5.4249, 51.979652], [5.423364, 51.978755], [5.42203, 51.978102], [5.420597, 51.977483], [5.419515, 51.977071], [5.418156, 51.976606], [5.416257, 51.976048], [5.413514, 51.97543], [5.408601, 51.974643], [5.408557, 51.974589], [5.408147, 51.974512], [5.407842, 51.97448], [5.407778, 51.974513], [5.402062, 51.973616], [5.399338, 51.973103], [5.397578, 51.972688], [5.395894, 51.972241], [5.390976, 51.97073], [5.389024, 51.970234], [5.38707, 51.969831], [5.385396, 51.969563], [5.383999, 51.969378], [5.381996, 51.969199], [5.3798, 51.969108], [5.378229, 51.969118], [5.376909, 51.969161], [5.376011, 51.969211], [5.374404, 51.969361], [5.372518, 51.969586], [5.366212, 51.970672], [5.364167, 51.970891], [5.363016, 51.97095], [5.361845, 51.970966], [5.35996, 51.970917], [5.358771, 51.970825], [5.357674, 51.970694], [5.355638, 51.970354], [5.354038, 51.969982], [5.351951, 51.969354], [5.350237, 51.968668], [5.348678, 51.967921], [5.347095, 51.966997], [5.346456, 51.966515], [5.345144, 51.965408], [5.343552, 51.963935], [5.341166, 51.962222], [5.338319, 51.95995], [5.337492, 51.959371], [5.336664, 51.958859], [5.335221, 51.958044], [5.333118, 51.957201], [5.332698, 51.957066], [5.330873, 51.95656], [5.329075, 51.95614], [5.327271, 51.955748], [5.323439, 51.955097], [5.321611, 51.954919], [5.318322, 51.955019], [5.316601, 51.955221], [5.314857, 51.95562], [5.310768, 51.95705], [5.310976, 51.957209], [5.308087, 51.958586], [5.305828, 51.959711], [5.304594, 51.960279], [5.303452, 51.960771], [5.302193, 51.961216], [5.300894, 51.961569], [5.299517, 51.961836], [5.298329, 51.961986], [5.296649, 51.962149], [5.293736, 51.962335], [5.290854, 51.962409], [5.289121, 51.962512], [5.286439, 51.962732], [5.284083, 51.962981], [5.280967, 51.963374], [5.276521, 51.96402], [5.275114, 51.96426], [5.27371, 51.964542], [5.272413, 51.964849], [5.270374, 51.965427], [5.267584, 51.966275], [5.264561, 51.967286], [5.262104, 51.968206], [5.260887, 51.968701], [5.258549, 51.969762], [5.256266, 51.970939], [5.255228, 51.971504], [5.254186, 51.97213], [5.253205, 51.972776], [5.247575, 51.976905], [5.246524, 51.977498], [5.24526, 51.977999], [5.244003, 51.978377], [5.242664, 51.978675], [5.241165, 51.978869], [5.23978, 51.97894], [5.23827, 51.978894], [5.236867, 51.978757], [5.235465, 51.97847], [5.234201, 51.978063], [5.233007, 51.97755], [5.231897, 51.976994], [5.230851, 51.976349], [5.229913, 51.975649], [5.229109, 51.974906], [5.228426, 51.974153], [5.227192, 51.972603], [5.224373, 51.968284], [5.222596, 51.966331], [5.221507, 51.965285], [5.220633, 51.964556], [5.219738, 51.96387], [5.218715, 51.963204], [5.217668, 51.962578], [5.216594, 51.962005], [5.215444, 51.961448], [5.214236, 51.960947], [5.213427, 51.96065], [5.211646, 51.960146], [5.213423, 51.960649], [5.20045, 51.974069], [5.198264, 51.976407], [5.197905, 51.976817], [5.197284, 51.977645], [5.196223, 51.979352], [5.195447, 51.98112], [5.191458, 51.992201], [5.188718, 51.993086], [5.179153, 51.995888], [5.178376, 51.996135], [5.178047, 51.996306], [5.17791, 51.996647], [5.178019, 51.996697], [5.178155, 51.996844], [5.178154, 51.996911], [5.178496, 51.997581], [5.178683, 51.998165], [5.178707, 51.998591], [5.17858, 51.999106], [5.178083, 52.000087], [5.177984, 52.00062], [5.177998, 52.000872], [5.17809, 52.001292], [5.179134, 52.004489], [5.179141, 52.004952], [5.178825, 52.006185], [5.178861, 52.006538], [5.179535, 52.007437], [5.15648, 52.012052], [5.155345, 52.012315], [5.154082, 52.012649], [5.152468, 52.013134], [5.151395, 52.013507], [5.149882, 52.014112], [5.148788, 52.014598], [5.147459, 52.015248], [5.145868, 52.01614], [5.130656, 52.025555], [5.132163, 52.027257], [5.133653, 52.0291], [5.135559, 52.031958], [5.136142, 52.032731], [5.136662, 52.033545], [5.137151, 52.034413], [5.13808, 52.036238], [5.138793, 52.037847], [5.139752, 52.040497], [5.140798, 52.043939], [5.143442, 52.044137], [5.143418, 52.044555], [5.146295, 52.044673], [5.146277, 52.045125], [5.148066, 52.045119], [5.148088, 52.045266], [5.148724, 52.045333], [5.148744, 52.045262], [5.149017, 52.045291], [5.149151, 52.045345], [5.149108, 52.045484], [5.149144, 52.045732], [5.149413, 52.045788], [5.149338, 52.046006], [5.14937, 52.046063], [5.149493, 52.046072], [5.149429, 52.046335], [5.152873, 52.046734], [5.153023, 52.046248], [5.154762, 52.046456], [5.15475, 52.04625], [5.155145, 52.045782], [5.155262, 52.045552], [5.15516, 52.044852], [5.155186, 52.04447], [5.155277, 52.044239], [5.155569, 52.043785], [5.156318, 52.043019], [5.156514, 52.042672], [5.156575, 52.042202], [5.156518, 52.041596], [5.162829, 52.041597], [5.163458, 52.040658], [5.164033, 52.040762], [5.167116, 52.04114], [5.167636, 52.041283], [5.170568, 52.042505], [5.171007, 52.042758], [5.172277, 52.043686], [5.172792, 52.043951], [5.173611, 52.044216], [5.174532, 52.044372], [5.175301, 52.044393], [5.176013, 52.044333], [5.178472, 52.044012], [5.178779, 52.045291], [5.178801, 52.045726], [5.178858, 52.045803], [5.179721, 52.051225], [5.179838, 52.051247], [5.180451, 52.051241], [5.181293, 52.051407], [5.183299, 52.050913], [5.1834, 52.051069], [5.186482, 52.050626], [5.186425, 52.051448], [5.186599, 52.051557], [5.187111, 52.052443], [5.187337, 52.052749], [5.187477, 52.052864], [5.187389, 52.053344], [5.187252, 52.054861], [5.18717, 52.05509], [5.18697, 52.055304], [5.187183, 52.055399], [5.18737, 52.055623], [5.187524, 52.05569], [5.188889, 52.055817], [5.189059, 52.055891], [5.18921, 52.056045], [5.189263, 52.056162], [5.189813, 52.057596], [5.189851, 52.05804], [5.189605, 52.059238], [5.189633, 52.059461], [5.189541, 52.059582], [5.188921, 52.061781], [5.188969, 52.061902], [5.188566, 52.062807], [5.188212, 52.064214], [5.188169, 52.064346], [5.188119, 52.064362], [5.187715, 52.065918], [5.186211, 52.071089], [5.187266, 52.071742], [5.187813, 52.072036], [5.188837, 52.072376], [5.191327, 52.073367], [5.191917, 52.073523], [5.193229, 52.073753], [5.193502, 52.073764], [5.193481, 52.073784], [5.193652, 52.07403], [5.194034, 52.074409], [5.194419, 52.074676], [5.194864, 52.074905], [5.195438, 52.074357], [5.195698, 52.074038], [5.196015, 52.073509], [5.196307, 52.072821], [5.196484, 52.072589], [5.197194, 52.072003], [5.197665, 52.071687], [5.197635, 52.071647], [5.197694, 52.071616], [5.197745, 52.071641], [5.199052, 52.070732], [5.199741, 52.069985], [5.200245, 52.06967], [5.200698, 52.069499], [5.20232, 52.06903], [5.203286, 52.068717], [5.204113, 52.06859], [5.204128, 52.068565], [5.204729, 52.06851], [5.206348, 52.068039], [5.207757, 52.06754], [5.207609, 52.067436], [5.208244, 52.06726], [5.20897, 52.067133], [5.209647, 52.066911], [5.210657, 52.066479], [5.211262, 52.06614], [5.211927, 52.06562], [5.212699, 52.064931], [5.213076, 52.064469], [5.213168, 52.064293], [5.213352, 52.063311], [5.213491, 52.063017], [5.213928, 52.062373], [5.214383, 52.061903], [5.214671, 52.061499], [5.215033, 52.061089], [5.215378, 52.060847], [5.216218, 52.060363], [5.217001, 52.059816], [5.217891, 52.059296], [5.218365, 52.058909], [5.218735, 52.058683], [5.220286, 52.057919], [5.221443, 52.057465], [5.222107, 52.057025], [5.222295, 52.056934], [5.222497, 52.056863], [5.222835, 52.056807], [5.225645, 52.056594], [5.225923, 52.056638], [5.22671, 52.056837], [5.227529, 52.056935], [5.227935, 52.057016], [5.228739, 52.057258], [5.229643, 52.057409], [5.229729, 52.057284], [5.22984, 52.057249], [5.230164, 52.057241], [5.230483, 52.057288], [5.23079, 52.05744], [5.231994, 52.057717], [5.233214, 52.057614], [5.233814, 52.057621], [5.234388, 52.057694], [5.234597, 52.057762], [5.235072, 52.057833], [5.235749, 52.057841], [5.236384, 52.057805], [5.237403, 52.05768], [5.239755, 52.05731], [5.240077, 52.057196], [5.240567, 52.056902], [5.24132, 52.056543], [5.241457, 52.056439], [5.242219, 52.055723], [5.24332, 52.054821], [5.243724, 52.05441], [5.243909, 52.054086], [5.243966, 52.053892], [5.243965, 52.053441], [5.243673, 52.052336], [5.243706, 52.051956], [5.243835, 52.051579], [5.243714, 52.050758], [5.243657, 52.050665], [5.24285, 52.049912], [5.241927, 52.049587], [5.241431, 52.049259], [5.240768, 52.049162], [5.240112, 52.048836], [5.239532, 52.048596], [5.238838, 52.048183], [5.238135, 52.047556], [5.237075, 52.046261], [5.23683, 52.045925], [5.236702, 52.045618], [5.236558, 52.044973], [5.236563, 52.044736], [5.237018, 52.043876], [5.237344, 52.043637], [5.237873, 52.04333], [5.238462, 52.042828], [5.238823, 52.042583], [5.239002, 52.042311], [5.239324, 52.042048], [5.239497, 52.0418], [5.240097, 52.041366], [5.240326, 52.040864], [5.240609, 52.040585], [5.240784, 52.040458], [5.241736, 52.039983], [5.241944, 52.039848], [5.242222, 52.039349], [5.242432, 52.039153], [5.242771, 52.03873], [5.242882, 52.038438], [5.243049, 52.038174], [5.243522, 52.037703], [5.244356, 52.036139], [5.244929, 52.035374], [5.245942, 52.034425], [5.24687, 52.033356], [5.247324, 52.033009], [5.247578, 52.032734], [5.248298, 52.032221], [5.249379, 52.031364], [5.249558, 52.03114], [5.249829, 52.030537], [5.250034, 52.030295], [5.251772, 52.029381], [5.252209, 52.029095], [5.252781, 52.02857], [5.25317, 52.028291], [5.254032, 52.027541], [5.25486, 52.026903], [5.257237, 52.024835], [5.257399, 52.02475], [5.257648, 52.02469], [5.258677, 52.024582], [5.259312, 52.024285], [5.260154, 52.023992], [5.261444, 52.023487], [5.261945, 52.023207], [5.262828, 52.022627], [5.263239, 52.022335], [5.263817, 52.021821], [5.264277, 52.021468], [5.264309, 52.020958], [5.26442, 52.020782], [5.265752, 52.019917], [5.265959, 52.01975], [5.265982, 52.019249], [5.266253, 52.01835], [5.26653, 52.017894], [5.266698, 52.01735], [5.267003, 52.016881], [5.26717, 52.016378], [5.267145, 52.01551], [5.26733, 52.014954], [5.267595, 52.014572], [5.268348, 52.013695], [5.268561, 52.013387], [5.268938, 52.012552], [5.268992, 52.012391], [5.268928, 52.012177], [5.269067, 52.011893], [5.269219, 52.011785], [5.269564, 52.011419], [5.270125, 52.011019], [5.270497, 52.010824], [5.270772, 52.010721], [5.271621, 52.010487], [5.2731, 52.010322], [5.278725, 52.009258], [5.27958, 52.009009], [5.280483, 52.008656], [5.281039, 52.00853], [5.282052, 52.008377], [5.283455, 52.008312], [5.284167, 52.008199], [5.28502, 52.007926], [5.285661, 52.007606], [5.286892, 52.006777], [5.287685, 52.005988], [5.288078, 52.00549], [5.289929, 52.004267], [5.290197, 52.003397], [5.29071, 52.002101], [5.291538, 52.000757], [5.29168, 52.000344], [5.292115, 51.999866], [5.292385, 51.99942], [5.292472, 51.999128], [5.292697, 51.998828], [5.293164, 51.998454], [5.293523, 51.998236], [5.294153, 51.997765], [5.295162, 51.997343], [5.295397, 51.997288], [5.296855, 51.99715], [5.297988, 51.997158], [5.298473, 51.997199], [5.29903, 51.997391], [5.299866, 51.997765], [5.300527, 51.997912], [5.300823, 51.997929], [5.301532, 51.997845], [5.301761, 51.997868], [5.301888, 51.997947], [5.302103, 51.998268], [5.303333, 51.998708], [5.303446, 51.998709], [5.303432, 51.998635], [5.303482, 51.998568], [5.30369, 51.998507], [5.303813, 51.998506], [5.304025, 51.998621], [5.304168, 51.998831], [5.304487, 51.998957], [5.304632, 51.999074], [5.305794, 51.999436], [5.306112, 51.9995], [5.306217, 51.999551], [5.308151, 51.999824], [5.30872, 51.999803], [5.309514, 51.999599], [5.310258, 51.999453], [5.311611, 51.998895], [5.312523, 51.998168], [5.31375, 51.997492], [5.314622, 51.99691], [5.314997, 51.996718], [5.316593, 51.99626], [5.318243, 51.995695], [5.319811, 51.995477], [5.321737, 51.995117], [5.322609, 51.994924], [5.322862, 51.994604], [5.323033, 51.994523], [5.323752, 51.993937], [5.324161, 51.993452], [5.324363, 51.993308], [5.326187, 51.992773], [5.32674, 51.992446], [5.327315, 51.992028], [5.328087, 51.99132], [5.327981, 51.99081], [5.328068, 51.990567], [5.328424, 51.990156], [5.330307, 51.989031], [5.331126, 51.988412], [5.332531, 51.987501], [5.332595, 51.987395], [5.332782, 51.987299], [5.332876, 51.987292], [5.333662, 51.98691], [5.334481, 51.986626], [5.335474, 51.986357], [5.336093, 51.986077], [5.336731, 51.98594], [5.337149, 51.985925], [5.337377, 51.98595], [5.337739, 51.986051], [5.33823, 51.986242], [5.338398, 51.98626], [5.339423, 51.98618], [5.340113, 51.986224], [5.340734, 51.986129], [5.341561, 51.986073], [5.341861, 51.986077], [5.342353, 51.986174], [5.342508, 51.986175], [5.343133, 51.986056], [5.344967, 51.98562], [5.345319, 51.985416], [5.345854, 51.985181], [5.347937, 51.984422], [5.349734, 51.983435], [5.350269, 51.983176], [5.350905, 51.982609], [5.351366, 51.982255], [5.351904, 51.981996], [5.351992, 51.981771], [5.352003, 51.980791], [5.351872, 51.979957], [5.351787, 51.979815], [5.350855, 51.97879], [5.349046, 51.976604], [5.348561, 51.975667], [5.348455, 51.97505], [5.348396, 51.973525], [5.348479, 51.973229], [5.348641, 51.973027], [5.349067, 51.972688], [5.349337, 51.972566], [5.349387, 51.972433], [5.350529, 51.971433], [5.351071, 51.970908], [5.351292, 51.97062], [5.351313, 51.970471], [5.351193, 51.96996], [5.350845, 51.969662], [5.350871, 51.969546], [5.352923, 51.970247], [5.351155, 51.971864], [5.351034, 51.972148], [5.350844, 51.972252], [5.350533, 51.972276], [5.34997, 51.972724], [5.349755, 51.97279], [5.349669, 51.972849], [5.349614, 51.97295], [5.34927, 51.97318], [5.349073, 51.973386], [5.349007, 51.973604], [5.349098, 51.975386], [5.34936, 51.975946], [5.349817, 51.976631], [5.351706, 51.978961], [5.352433, 51.979769], [5.352549, 51.980062], [5.352669, 51.981462], [5.352642, 51.981739], [5.352475, 51.982242], [5.352318, 51.982337], [5.351872, 51.982478], [5.351311, 51.982917], [5.350927, 51.983323], [5.350713, 51.983478], [5.349108, 51.984288], [5.348201, 51.984794], [5.347223, 51.985117], [5.345951, 51.985593], [5.345227, 51.985986], [5.343575, 51.986385], [5.342387, 51.986571], [5.342152, 51.986572], [5.341793, 51.986484], [5.341602, 51.986477], [5.340569, 51.986569], [5.340204, 51.986639], [5.33941, 51.986596], [5.338725, 51.986656], [5.338329, 51.986662], [5.337907, 51.986592], [5.337423, 51.986405], [5.337181, 51.986512], [5.337141, 51.986591], [5.337033, 51.986641], [5.336724, 51.986608], [5.336576, 51.986518], [5.336274, 51.986604], [5.336003, 51.986617], [5.334637, 51.987021], [5.333695, 51.987376], [5.332662, 51.987969], [5.330864, 51.989241], [5.328866, 51.990452], [5.328632, 51.990765], [5.328741, 51.991283], [5.328716, 51.991438], [5.328577, 51.991613], [5.327751, 51.992374], [5.326836, 51.992986], [5.326545, 51.993131], [5.324726, 51.993649], [5.324319, 51.994111], [5.323164, 51.995142], [5.32297, 51.995268], [5.322654, 51.995373], [5.322182, 51.995469], [5.319471, 51.995966], [5.319294, 51.99606], [5.318958, 51.99614], [5.318705, 51.996253], [5.318419, 51.99626], [5.318121, 51.996194], [5.316583, 51.996719], [5.315782, 51.996933], [5.315563, 51.997056], [5.315326, 51.99709], [5.313802, 51.998039], [5.312928, 51.998442], [5.312614, 51.998796], [5.312405, 51.998955], [5.312147, 51.999072], [5.312004, 51.999192], [5.310486, 51.999818], [5.30884, 52.000177], [5.308363, 52.000229], [5.308004, 52.000204], [5.305412, 51.999824], [5.304606, 51.999573], [5.303812, 51.999266], [5.302317, 51.998828], [5.301575, 51.998553], [5.300592, 51.998335], [5.300419, 51.998368], [5.300124, 51.998353], [5.299275, 51.99817], [5.299151, 51.998057], [5.298865, 51.998014], [5.298774, 51.997956], [5.298754, 51.997875], [5.298624, 51.997802], [5.29844, 51.997782], [5.29834, 51.997687], [5.298139, 51.99765], [5.297902, 51.997632], [5.297785, 51.997707], [5.297589, 51.997727], [5.297044, 51.99764], [5.296515, 51.997661], [5.296297, 51.997704], [5.296101, 51.997807], [5.295531, 51.997936], [5.294861, 51.998135], [5.294607, 51.99825], [5.294418, 51.998407], [5.293992, 51.99854], [5.293244, 51.999023], [5.293047, 51.999258], [5.293112, 51.999672], [5.292548, 52.00057], [5.291542, 52.002379], [5.290714, 52.004498], [5.290503, 52.004598], [5.290254, 52.004649], [5.288645, 52.005712], [5.288514, 52.005823], [5.288233, 52.00621], [5.287459, 52.006973], [5.286333, 52.007804], [5.285802, 52.008128], [5.285322, 52.008319], [5.28428, 52.008613], [5.283527, 52.008718], [5.282116, 52.008777], [5.281483, 52.008857], [5.28078, 52.009026], [5.279563, 52.009468], [5.278927, 52.009629], [5.273045, 52.010725], [5.27177, 52.010873], [5.271095, 52.011059], [5.270475, 52.011375], [5.270061, 52.01169], [5.26966, 52.012158], [5.269606, 52.012251], [5.269475, 52.012889], [5.269223, 52.013532], [5.267975, 52.015018], [5.267826, 52.015353], [5.267804, 52.015542], [5.267846, 52.016714], [5.267342, 52.017616], [5.267211, 52.017988], [5.2669, 52.018445], [5.266703, 52.019282], [5.266668, 52.019841], [5.266372, 52.020106], [5.265018, 52.021039], [5.264978, 52.021102], [5.26494, 52.021556], [5.264793, 52.021779], [5.264388, 52.022033], [5.26388, 52.022515], [5.262922, 52.023199], [5.261695, 52.023893], [5.259645, 52.02464], [5.259045, 52.024928], [5.258823, 52.024979], [5.257844, 52.025061], [5.257627, 52.025152], [5.255046, 52.027401], [5.254387, 52.027903], [5.252592, 52.029396], [5.252223, 52.029641], [5.25071, 52.030426], [5.250483, 52.03058], [5.25035, 52.030828], [5.250282, 52.031198], [5.250151, 52.031525], [5.250474, 52.031635], [5.250549, 52.031579], [5.250758, 52.031565], [5.251382, 52.031764], [5.251505, 52.031882], [5.251578, 52.03203], [5.251566, 52.032214], [5.251508, 52.032313], [5.251203, 52.032506], [5.250901, 52.032562], [5.250268, 52.032551], [5.248943, 52.032468], [5.248695, 52.032578], [5.248444, 52.032744], [5.247359, 52.033628], [5.246463, 52.034678], [5.245664, 52.035363], [5.245092, 52.03604], [5.24473, 52.036631], [5.24414, 52.037803], [5.243761, 52.038161], [5.243528, 52.038439], [5.243371, 52.038808], [5.243231, 52.038997], [5.243214, 52.039127], [5.243046, 52.039256], [5.242795, 52.039544], [5.242539, 52.040009], [5.242281, 52.040205], [5.241289, 52.040685], [5.241078, 52.040823], [5.240876, 52.041067], [5.240576, 52.041646], [5.240109, 52.04196], [5.239824, 52.04229], [5.239529, 52.042542], [5.239312, 52.042854], [5.238895, 52.043115], [5.238386, 52.043536], [5.237663, 52.044014], [5.237202, 52.044691], [5.237147, 52.044786], [5.237152, 52.04496], [5.237253, 52.045408], [5.23739, 52.045757], [5.238307, 52.046983], [5.239022, 52.047694], [5.239481, 52.048039], [5.240939, 52.048761], [5.241312, 52.048813], [5.241484, 52.048807], [5.241658, 52.048848], [5.241913, 52.048994], [5.242304, 52.049297], [5.243309, 52.049648], [5.244264, 52.050516], [5.244354, 52.050678], [5.244399, 52.051021], [5.244593, 52.051034], [5.244781, 52.05113], [5.244773, 52.051264], [5.244572, 52.051472], [5.244474, 52.051638], [5.244335, 52.052117], [5.244363, 52.052469], [5.244628, 52.053119], [5.244639, 52.053237], [5.244603, 52.054415], [5.244495, 52.054608], [5.244359, 52.054743], [5.243658, 52.055231], [5.24314, 52.055648], [5.241882, 52.056758], [5.24084, 52.057299], [5.240302, 52.057644], [5.239541, 52.057734], [5.236756, 52.0582], [5.235099, 52.058256], [5.234663, 52.058224], [5.233954, 52.05807], [5.233542, 52.058055], [5.232109, 52.058175], [5.23173, 52.058169], [5.229808, 52.057851], [5.228545, 52.057708], [5.227527, 52.057408], [5.226546, 52.057297], [5.22593, 52.057087], [5.225881, 52.057165], [5.225719, 52.057223], [5.225149, 52.057203], [5.224941, 52.057212], [5.224711, 52.057269], [5.224361, 52.057251], [5.224074, 52.057299], [5.223708, 52.057311], [5.223079, 52.057425], [5.222886, 52.057403], [5.222708, 52.057291], [5.221812, 52.057792], [5.220482, 52.058369], [5.219512, 52.058832], [5.217548, 52.059956], [5.217453, 52.060065], [5.216899, 52.060481], [5.216858, 52.060609], [5.216556, 52.060696], [5.215836, 52.061094], [5.215638, 52.061241], [5.215422, 52.061465], [5.214929, 52.062133], [5.214434, 52.062639], [5.214246, 52.062887], [5.213848, 52.063798], [5.213912, 52.064062], [5.213789, 52.064489], [5.213696, 52.064643], [5.213123, 52.065276], [5.212607, 52.065681], [5.211921, 52.066325], [5.211677, 52.066494], [5.211033, 52.066816], [5.210467, 52.067056], [5.209577, 52.067414], [5.209235, 52.067501], [5.208437, 52.067799], [5.208333, 52.067876], [5.20834, 52.067949], [5.208194, 52.068083], [5.206314, 52.068632], [5.205438, 52.06899], [5.204548, 52.069424], [5.204431, 52.069458], [5.204179, 52.069469], [5.204024, 52.069382], [5.203903, 52.069421], [5.198139, 52.072945], [5.19796, 52.073163], [5.196758, 52.076796], [5.19652, 52.076945], [5.195133, 52.077289], [5.195147, 52.077405], [5.193533, 52.083042], [5.193545, 52.083125], [5.192732, 52.086057], [5.190296, 52.086151], [5.189957, 52.086202], [5.189708, 52.086337], [5.187141, 52.091098], [5.186739, 52.091699], [5.186766, 52.09178], [5.186129, 52.093122], [5.186051, 52.093203], [5.185716, 52.093867], [5.185293, 52.094796], [5.184875, 52.095116], [5.183837, 52.095633], [5.182722, 52.095987], [5.181991, 52.09628], [5.18163, 52.096318], [5.184855, 52.10095], [5.185381, 52.101966], [5.185408, 52.102143], [5.185375, 52.102173], [5.183582, 52.102577], [5.183434, 52.102633], [5.180356, 52.103073], [5.179153, 52.103134], [5.17799, 52.103087], [5.176892, 52.102952], [5.173264, 52.102232], [5.172092, 52.101988], [5.170579, 52.101569], [5.170279, 52.10144], [5.170068, 52.101278], [5.169837, 52.10107], [5.169302, 52.100415], [5.169397, 52.100407], [5.167886, 52.097884], [5.166385, 52.098281], [5.166426, 52.099004], [5.165931, 52.099155], [5.165563, 52.099336], [5.165462, 52.09943], [5.165332, 52.099758], [5.165636, 52.100074], [5.165699, 52.100712], [5.167335, 52.101089], [5.167866, 52.101938], [5.16837, 52.102625], [5.168431, 52.102609], [5.171019, 52.106597], [5.171216, 52.106981], [5.170359, 52.107132], [5.169771, 52.10728], [5.168868, 52.107682], [5.168615, 52.107726], [5.168371, 52.107909], [5.168783, 52.108111], [5.168981, 52.108491], [5.171065, 52.111631], [5.171111, 52.111856], [5.174084, 52.116433], [5.17202, 52.117207], [5.170016, 52.117891], [5.166403, 52.118973], [5.16601, 52.11912], [5.165289, 52.119314], [5.164876, 52.11956], [5.164584, 52.119672], [5.163985, 52.119738], [5.163645, 52.119815], [5.161363, 52.120552], [5.158642, 52.121378], [5.157158, 52.121871], [5.156036, 52.122202], [5.150883, 52.123584], [5.148537, 52.12419], [5.146962, 52.124562], [5.147732, 52.12599], [5.149083, 52.12829], [5.152322, 52.133177], [5.151082, 52.133443], [5.151752, 52.134699], [5.150782, 52.134872], [5.15009, 52.133656], [5.147963, 52.134112], [5.148252, 52.134475], [5.149194, 52.136319], [5.151172, 52.139895], [5.151342, 52.140129], [5.151361, 52.140331], [5.152, 52.141405], [5.153887, 52.144904], [5.15544, 52.147603], [5.151868, 52.148669], [5.147598, 52.149712], [5.145024, 52.146313], [5.141088, 52.146628], [5.13518, 52.14732], [5.125749, 52.148309], [5.12527, 52.147887], [5.125283, 52.147837], [5.124725, 52.147346], [5.123212, 52.148028], [5.122224, 52.148347], [5.119975, 52.149289], [5.121381, 52.150525], [5.117351, 52.152256], [5.114517, 52.153341], [5.117748, 52.156122], [5.11809, 52.156332], [5.120253, 52.157889], [5.123751, 52.1606], [5.129177, 52.16465], [5.131612, 52.166651], [5.140115, 52.173452], [5.147648, 52.179623], [5.148039, 52.179895], [5.146803, 52.179966], [5.146599, 52.179953], [5.146487, 52.179923], [5.14648, 52.179896], [5.146132, 52.179862], [5.143989, 52.179905], [5.143035, 52.179754], [5.143023, 52.179849], [5.143067, 52.179897], [5.143039, 52.179952], [5.143208, 52.179936], [5.143358, 52.18027], [5.173461, 52.178601], [5.177096, 52.178338], [5.189316, 52.177681], [5.191301, 52.177753], [5.192586, 52.177833], [5.217214, 52.206233], [5.216487, 52.206367], [5.221337, 52.217717], [5.223465, 52.222501], [5.22473, 52.225197], [5.222901, 52.225261], [5.245093, 52.254431], [5.24398, 52.254535], [5.246583, 52.257804]]], [[[5.095757, 52.123526], [5.095476, 52.123283], [5.095371, 52.123308], [5.095152, 52.123129], [5.095094, 52.123157], [5.094892, 52.122996], [5.094951, 52.122967], [5.094415, 52.122533], [5.094209, 52.122423], [5.093683, 52.121864], [5.093225, 52.12161], [5.093026, 52.121395], [5.093118, 52.121359], [5.09283, 52.121108], [5.092216, 52.120422], [5.091911, 52.120541], [5.091894, 52.120482], [5.091693, 52.120334], [5.091739, 52.120254], [5.091605, 52.120088], [5.091273, 52.119793], [5.091159, 52.119799], [5.090877, 52.119902], [5.090813, 52.119868], [5.090514, 52.120011], [5.090581, 52.120188], [5.090236, 52.120352], [5.090429, 52.12052], [5.090361, 52.120572], [5.090513, 52.120721], [5.090402, 52.120769], [5.090433, 52.120783], [5.089021, 52.121388], [5.088952, 52.121393], [5.088653, 52.121214], [5.08789, 52.121561], [5.086791, 52.120868], [5.085489, 52.121574], [5.083298, 52.122829], [5.07882, 52.125432], [5.076007, 52.126961], [5.08574, 52.13456], [5.098055, 52.12941], [5.098547, 52.129275], [5.099498, 52.129245], [5.099801, 52.129116], [5.100012, 52.128993], [5.100169, 52.128837], [5.100431, 52.128729], [5.101293, 52.128612], [5.097655, 52.125251], [5.095842, 52.123659], [5.09586, 52.123618], [5.095757, 52.123526]]], [[[5.046217, 52.166024], [5.046198, 52.166033], [5.046076, 52.166269], [5.046217, 52.166024]]], [[[5.120573, 52.180838], [5.118601, 52.180464], [5.116523, 52.180105], [5.120573, 52.180838]]], [[[5.125498, 52.180778], [5.12819, 52.180641], [5.123562, 52.180854], [5.125498, 52.180778]]], [[[5.121176, 52.180947], [5.121197, 52.180947], [5.121161, 52.180945], [5.121176, 52.180947]]], [[[5.046549, 52.248712], [5.046634, 52.248541], [5.046418, 52.248865], [5.046549, 52.248712]]], [[[5.046397, 52.24889], [5.046228, 52.249035], [5.046386, 52.248903], [5.046397, 52.24889]]], [[[5.045662, 52.249519], [5.04556, 52.249606], [5.045472, 52.249703], [5.045662, 52.249519]]], [[[5.045204, 52.25], [5.045162, 52.250046], [5.045113, 52.250126], [5.045204, 52.25]]], [[[5.044989, 52.250325], [5.044914, 52.250445], [5.044835, 52.250607], [5.044989, 52.250325]]], [[[5.043963, 52.252542], [5.043945, 52.252594], [5.043942, 52.252671], [5.043963, 52.252542]]], [[[5.043922, 52.253347], [5.043922, 52.253121], [5.043911, 52.253376], [5.043922, 52.253347]]], [[[5.047216, 52.277013], [5.047147, 52.27703], [5.047233, 52.277011], [5.047216, 52.277013]]], [[[5.046451, 52.277205], [5.046218, 52.277273], [5.04653, 52.277185], [5.046451, 52.277205]]], [[[5.043836, 52.277888], [5.044389, 52.277792], [5.044606, 52.27773], [5.043836, 52.277888]]], [[[5.065582, 52.280506], [5.065375, 52.280524], [5.065595, 52.280508], [5.065582, 52.280506]]], [[[5.06588, 52.280543], [5.065748, 52.280527], [5.06588, 52.280546], [5.06588, 52.280543]]], [[[5.065146, 52.280545], [5.064827, 52.2806], [5.065166, 52.280543], [5.065146, 52.280545]]], [[[5.06114, 52.285212], [5.061159, 52.285213], [5.061856, 52.28513], [5.06114, 52.285212]]], [[[5.060538, 52.28517], [5.06056, 52.285176], [5.060857, 52.285194], [5.060538, 52.28517]]], [[[5.063284, 52.287195], [5.064195, 52.286293], [5.063239, 52.28722], [5.063284, 52.287195]]]]}}], "properties": {"generatedBy": "poc-cartographer/0.1", "generatedAt": "2026-10-05T07:06:21Z", "zoneCount": 7}}